Time,Node 680.V1_rms,Node 680.V2_rms,Node 680.V3_rms,Node 684.V1_rms,Node 684.V3_rms,Node 692.V1_rms,Node 692.V2_rms,Node 692.V3_rms,UpperBound,LowerBound
0.0,2166.8916015625,2360.83740234375,2343.6796875,2162.820068359375,2340.22265625,2166.8916015625,2360.83740234375,2343.6796875,2522.0,2282.0
0.25,2167.5107421875,2360.900390625,2343.753173828125,2163.427734375,2340.30712890625,2167.5107421875,2360.900390625,2343.753173828125,2522.0,2282.0
0.5,2167.5615234375,2360.9169921875,2343.744384765625,2163.47802734375,2340.2998046875,2167.5615234375,2360.9169921875,2343.744384765625,2522.0,2282.0
0.75,2167.582275390625,2360.924072265625,2343.741455078125,2164.66748046875,2340.297607421875,2167.582275390625,2360.924072265625,2343.741455078125,2522.0,2282.0
1.0,2168.76220703125,2360.926025390625,2343.739990234375,2163.506591796875,2340.29638671875,2168.76220703125,2360.926025390625,2343.739990234375,2522.0,2282.0
1.25,2167.59423828125,2360.927001953125,2343.739501953125,2163.509765625,2340.296142578125,2167.59423828125,2360.927001953125,2343.739501953125,2522.0,2282.0
1.5,2167.59521484375,2362.20263671875,2343.739501953125,2163.5107421875,2340.296142578125,2167.59521484375,2362.20263671875,2343.739501953125,2522.0,2282.0
1.75,2167.595703125,2360.927734375,2345.006103515625,2163.511474609375,2340.296142578125,2167.595703125,2360.927734375,2345.006103515625,2522.0,2282.0
2.0,2167.59619140625,2360.927001953125,2343.73974609375,2163.511962890625,2340.29638671875,2167.59619140625,2360.927001953125,2343.73974609375,2522.0,2282.0
2.25,2167.596435546875,2360.927734375,2343.73974609375,2163.511962890625,2340.29638671875,2167.596435546875,2360.927734375,2343.73974609375,2522.0,2282.0
2.5,2167.596435546875,2360.92724609375,2343.739501953125,2163.51220703125,2340.296142578125,2167.596435546875,2360.92724609375,2343.739501953125,2522.0,2282.0
2.75,2167.59619140625,2360.927734375,2343.7392578125,2163.51171875,2340.2958984375,2167.59619140625,2360.927734375,2343.7392578125,2522.0,2282.0
3.0,2167.59619140625,2360.92724609375,2343.739501953125,2163.511962890625,2340.296142578125,2167.59619140625,2360.92724609375,2343.739501953125,2522.0,2282.0
3.25,2168.76806640625,2360.92724609375,2343.739501953125,2163.51220703125,2340.2958984375,2168.76806640625,2360.92724609375,2343.739501953125,2522.0,2282.0
3.5,2167.59619140625,2362.203125,2343.739501953125,2163.51171875,2341.560791015625,2167.59619140625,2362.203125,2343.739501953125,2522.0,2282.0
3.75,2167.5966796875,2360.92724609375,2345.00634765625,2163.51220703125,2340.29638671875,2167.5966796875,2360.92724609375,2345.00634765625,2522.0,2282.0
4.0,2167.5966796875,2360.92724609375,2343.739501953125,2163.512451171875,2340.2958984375,2167.5966796875,2360.92724609375,2343.739501953125,2522.0,2282.0
4.25,2167.59619140625,2360.927734375,2343.739501953125,2163.511962890625,2340.296142578125,2167.59619140625,2360.927734375,2343.739501953125,2522.0,2282.0
4.5,2167.596923828125,2360.9267578125,2343.739501953125,2163.512451171875,2340.296142578125,2167.596923828125,2360.9267578125,2343.739501953125,2522.0,2282.0
4.75,2167.595947265625,2360.927490234375,2343.7392578125,2163.51171875,2340.2958984375,2167.595947265625,2360.927490234375,2343.7392578125,2522.0,2282.0
5.0,2167.596435546875,2360.927490234375,2343.739501953125,2163.511962890625,2340.2958984375,2167.596435546875,2360.927490234375,2343.739501953125,2522.0,2282.0
5.25,2167.59619140625,2360.927734375,2343.739501953125,2163.511962890625,2340.296142578125,2167.59619140625,2360.927734375,2343.739501953125,2522.0,2282.0
5.5,2168.767822265625,2360.927001953125,2343.739501953125,2163.51220703125,2340.296142578125,2168.767822265625,2360.927001953125,2343.739501953125,2522.0,2282.0
5.75,2167.5966796875,2360.927001953125,2343.7392578125,2163.512451171875,2340.2958984375,2167.5966796875,2360.927001953125,2343.7392578125,2522.0,2282.0
6.0,2167.59619140625,2362.20361328125,2343.73974609375,2163.511962890625,2340.29638671875,2167.59619140625,2362.20361328125,2343.73974609375,2522.0,2282.0
6.25,2167.596435546875,2360.92724609375,2345.006103515625,2163.511962890625,2340.296142578125,2167.596435546875,2360.92724609375,2345.006103515625,2522.0,2282.0
6.5,2167.596435546875,2360.927490234375,2343.739013671875,2163.511962890625,2340.295654296875,2167.596435546875,2360.927490234375,2343.739013671875,2522.0,2282.0
6.75,2167.59619140625,2360.927734375,2343.7392578125,2163.511962890625,2340.2958984375,2167.59619140625,2360.927734375,2343.7392578125,2522.0,2282.0
7.0,2167.596435546875,2360.927001953125,2343.739501953125,2163.51220703125,2340.296142578125,2167.596435546875,2360.927001953125,2343.739501953125,2522.0,2282.0
7.25,2167.596435546875,2360.92724609375,2343.739501953125,2163.51220703125,2340.2958984375,2167.596435546875,2360.92724609375,2343.739501953125,2522.0,2282.0
7.5,2167.59619140625,2360.92724609375,2343.739501953125,2163.511962890625,2340.296142578125,2167.59619140625,2360.92724609375,2343.739501953125,2522.0,2282.0
7.75,2167.595703125,2360.927490234375,2343.7392578125,2163.511474609375,2340.2958984375,2167.595703125,2360.927490234375,2343.7392578125,2522.0,2282.0
8.0,2167.596435546875,2360.927490234375,2343.739501953125,2163.511962890625,2340.296142578125,2167.596435546875,2360.927490234375,2343.739501953125,2522.0,2282.0
8.25,2167.59619140625,2362.20263671875,2343.739013671875,2163.511962890625,2340.295654296875,2167.59619140625,2362.20263671875,2343.739013671875,2522.0,2282.0
8.5,2167.59619140625,2360.927001953125,2345.005615234375,2163.511962890625,2340.295654296875,2167.59619140625,2360.927001953125,2345.005615234375,2522.0,2282.0
8.75,2167.59619140625,2360.927490234375,2343.73974609375,2163.511962890625,2340.296142578125,2167.59619140625,2360.927490234375,2343.73974609375,2522.0,2282.0
9.0,2167.596435546875,2360.92724609375,2343.739501953125,2163.51220703125,2340.296142578125,2167.596435546875,2360.92724609375,2343.739501953125,2522.0,2282.0
9.25,2167.595947265625,2360.927978515625,2343.73974609375,2163.51171875,2340.29638671875,2167.595947265625,2360.927978515625,2343.73974609375,2522.0,2282.0
9.5,2167.59619140625,2360.927490234375,2343.73974609375,2163.511962890625,2340.29638671875,2167.59619140625,2360.927490234375,2343.73974609375,2522.0,2282.0
9.75,2167.59619140625,2360.92724609375,2343.739501953125,2164.68115234375,2340.296142578125,2167.59619140625,2360.92724609375,2343.739501953125,2522.0,2282.0
10.0,2168.767333984375,2360.927490234375,2343.7392578125,2163.51171875,2340.295654296875,2168.767333984375,2360.927490234375,2343.7392578125,2522.0,2282.0
10.25,2167.596435546875,2360.927001953125,2343.7392578125,2163.511962890625,2340.2958984375,2167.596435546875,2360.927001953125,2343.7392578125,2522.0,2282.0
10.5,2167.5966796875,2362.203125,2343.739501953125,2163.51220703125,2340.2958984375,2167.5966796875,2362.203125,2343.739501953125,2522.0,2282.0
10.75,2463.7138671875,2456.572998046875,2453.611328125,2463.7138671875,2453.611328125,2463.7138671875,2456.572998046875,2453.611328125,2522.0,2282.0
11.0,2463.7138671875,2456.572998046875,2453.611328125,2463.7138671875,2453.611328125,2463.7138671875,2456.572998046875,2453.611328125,2522.0,2282.0
11.25,2463.7138671875,2456.572998046875,2453.611328125,2463.7138671875,2453.611328125,2463.7138671875,2456.572998046875,2453.611328125,2522.0,2282.0
11.5,2463.7138671875,2457.900390625,2453.611328125,2463.7138671875,2453.611328125,2463.7138671875,2457.900390625,2453.611328125,2522.0,2282.0
11.75,2463.7138671875,2457.900390625,2453.611328125,2463.7138671875,2453.611328125,2463.7138671875,2457.900390625,2453.611328125,2522.0,2282.0
12.0,2463.7138671875,2456.572998046875,2453.611328125,2463.7138671875,2453.611328125,2463.7138671875,2456.572998046875,2453.611328125,2522.0,2282.0
12.25,2463.7138671875,2456.572998046875,2453.611328125,2463.7138671875,2453.611328125,2463.7138671875,2456.572998046875,2453.611328125,2522.0,2282.0
12.5,2465.045166015625,2456.572998046875,2453.611328125,2465.045166015625,2453.611328125,2465.045166015625,2456.572998046875,2453.611328125,2522.0,2282.0
12.75,2463.7138671875,2456.57275390625,2453.611328125,2463.7138671875,2453.611328125,2463.7138671875,2456.57275390625,2453.611328125,2522.0,2282.0
13.0,2463.7138671875,2456.57275390625,2453.611328125,2463.7138671875,2453.611328125,2463.7138671875,2456.57275390625,2453.611328125,2522.0,2282.0
13.25,2463.7138671875,2456.57275390625,2453.611328125,2463.7138671875,2453.611328125,2463.7138671875,2456.57275390625,2453.611328125,2522.0,2282.0
13.5,2463.7138671875,2456.572998046875,2453.611328125,2463.7138671875,2453.611328125,2463.7138671875,2456.572998046875,2453.611328125,2522.0,2282.0
13.75,2463.7138671875,2456.57275390625,2453.611328125,2463.7138671875,2453.611328125,2463.7138671875,2456.57275390625,2453.611328125,2522.0,2282.0
14.0,2463.7138671875,2457.900390625,2453.611328125,2463.7138671875,2453.611328125,2463.7138671875,2457.900390625,2453.611328125,2522.0,2282.0
14.25,2463.7138671875,2456.57275390625,2453.611328125,2463.7138671875,2453.611328125,2463.7138671875,2456.57275390625,2453.611328125,2522.0,2282.0
14.5,2463.7138671875,2456.572998046875,2454.937255859375,2463.7138671875,2454.937255859375,2463.7138671875,2456.572998046875,2454.937255859375,2522.0,2282.0
14.75,2465.045166015625,2456.57275390625,2453.611328125,2465.045166015625,2453.611328125,2465.045166015625,2456.57275390625,2453.611328125,2522.0,2282.0
15.0,2463.7138671875,2456.572998046875,2453.611328125,2463.7138671875,2453.611328125,2463.7138671875,2456.572998046875,2453.611328125,2522.0,2282.0
15.25,2463.7138671875,2456.572998046875,2453.611328125,2463.7138671875,2453.611328125,2463.7138671875,2456.572998046875,2453.611328125,2522.0,2282.0
15.5,2463.7138671875,2456.572998046875,2453.611328125,2463.7138671875,2453.611328125,2463.7138671875,2456.572998046875,2453.611328125,2522.0,2282.0
15.75,2463.7138671875,2456.572998046875,2453.611328125,2463.7138671875,2453.611328125,2463.7138671875,2456.572998046875,2453.611328125,2522.0,2282.0
16.0,2463.7138671875,2457.900390625,2453.611328125,2463.7138671875,2453.611328125,2463.7138671875,2457.900390625,2453.611328125,2522.0,2282.0
16.25,2463.7138671875,2457.900390625,2453.611328125,2463.7138671875,2453.611328125,2463.7138671875,2457.900390625,2453.611328125,2522.0,2282.0
16.5,2463.7138671875,2456.572998046875,2453.611328125,2463.7138671875,2453.611328125,2463.7138671875,2456.572998046875,2453.611328125,2522.0,2282.0
16.75,2463.7138671875,2456.572998046875,2453.611328125,2463.7138671875,2453.611328125,2463.7138671875,2456.572998046875,2453.611328125,2522.0,2282.0
17.0,2463.7138671875,2456.572998046875,2453.611328125,2463.7138671875,2453.611328125,2463.7138671875,2456.572998046875,2453.611328125,2522.0,2282.0
17.25,2463.7138671875,2456.572998046875,2453.611328125,2463.7138671875,2453.611328125,2463.7138671875,2456.572998046875,2453.611328125,2522.0,2282.0
17.5,2463.7138671875,2456.572998046875,2453.611328125,2463.7138671875,2453.611328125,2463.7138671875,2456.572998046875,2453.611328125,2522.0,2282.0
17.75,2463.7138671875,2456.572998046875,2453.611328125,2463.7138671875,2453.611328125,2463.7138671875,2456.572998046875,2453.611328125,2522.0,2282.0
18.0,2463.7138671875,2456.572998046875,2453.611328125,2463.7138671875,2453.611328125,2463.7138671875,2456.572998046875,2453.611328125,2522.0,2282.0
18.25,2463.7138671875,2457.900390625,2453.611328125,2463.7138671875,2453.611328125,2463.7138671875,2457.900390625,2453.611328125,2522.0,2282.0
18.5,2463.7138671875,2457.900390625,2453.611328125,2463.7138671875,2453.611328125,2463.7138671875,2457.900390625,2453.611328125,2522.0,2282.0
18.75,2463.7138671875,2456.572998046875,2453.611328125,2463.7138671875,2453.611328125,2463.7138671875,2456.572998046875,2453.611328125,2522.0,2282.0
19.0,2463.7138671875,2456.572998046875,2453.611328125,2463.7138671875,2453.611328125,2463.7138671875,2456.572998046875,2453.611328125,2522.0,2282.0
19.25,2463.7138671875,2456.572998046875,2453.611328125,2463.7138671875,2453.611328125,2463.7138671875,2456.572998046875,2453.611328125,2522.0,2282.0
19.5,2463.7138671875,2456.572998046875,2453.611328125,2463.7138671875,2453.611328125,2463.7138671875,2456.572998046875,2453.611328125,2522.0,2282.0
19.75,2463.7138671875,2456.572998046875,2453.611328125,2463.7138671875,2453.611328125,2463.7138671875,2456.572998046875,2453.611328125,2522.0,2282.0
20.0,2463.7138671875,2456.572998046875,2453.611328125,2463.7138671875,2453.611328125,2463.7138671875,2456.572998046875,2453.611328125,2522.0,2282.0
20.25,2463.7138671875,2456.572998046875,2453.611328125,2463.7138671875,2453.611328125,2463.7138671875,2456.572998046875,2453.611328125,2522.0,2282.0
20.5,2463.7138671875,2456.57275390625,2453.611328125,2463.7138671875,2453.611328125,2463.7138671875,2456.57275390625,2453.611328125,2522.0,2282.0
20.75,2463.7138671875,2457.900390625,2453.611328125,2463.7138671875,2453.611328125,2463.7138671875,2457.900390625,2453.611328125,2522.0,2282.0
21.0,2328.7255859375,2438.222412109375,2390.056640625,2327.549560546875,2389.514892578125,2328.7255859375,2438.222412109375,2390.056640625,2522.0,2282.0
21.25,2328.7490234375,2438.22021484375,2391.3603515625,2327.5732421875,2389.527587890625,2328.7490234375,2438.22021484375,2391.3603515625,2522.0,2282.0
21.5,2328.771240234375,2438.2216796875,2390.0703125,2327.59521484375,2389.529052734375,2328.771240234375,2438.2216796875,2390.0703125,2522.0,2282.0
21.75,2328.749755859375,2438.22021484375,2390.06591796875,2328.831787109375,2389.524658203125,2328.749755859375,2438.22021484375,2390.06591796875,2522.0,2282.0
22.0,2328.785400390625,2438.2177734375,2390.069580078125,2327.609619140625,2389.5283203125,2328.785400390625,2438.2177734375,2390.069580078125,2522.0,2282.0
22.25,2330.0048828125,2438.22021484375,2390.069580078125,2327.570556640625,2389.5283203125,2330.0048828125,2438.22021484375,2390.069580078125,2522.0,2282.0
22.5,2328.748291015625,2438.231689453125,2390.071533203125,2327.572509765625,2389.530517578125,2328.748291015625,2438.231689453125,2390.071533203125,2522.0,2282.0
22.75,2328.747802734375,2438.2216796875,2390.06884765625,2327.572021484375,2389.52783203125,2328.747802734375,2438.2216796875,2390.06884765625,2522.0,2282.0
23.0,2335.31103515625,2438.7646484375,2390.015869140625,2334.10791015625,2390.7353515625,2335.31103515625,2438.7646484375,2390.015869140625,2522.0,2282.0
23.25,2335.310791015625,2438.766357421875,2390.00830078125,2334.107421875,2389.436279296875,2335.310791015625,2438.766357421875,2390.00830078125,2522.0,2282.0
23.5,2335.3125,2438.7666015625,2390.006591796875,2334.109130859375,2389.4345703125,2335.3125,2438.7666015625,2390.006591796875,2522.0,2282.0
23.75,2335.3115234375,2438.7666015625,2390.006591796875,2334.108154296875,2389.434814453125,2335.3115234375,2438.7666015625,2390.006591796875,2522.0,2282.0
24.0,2335.33251953125,2438.768310546875,2390.00439453125,2335.390625,2389.4326171875,2335.33251953125,2438.768310546875,2390.00439453125,2522.0,2282.0
24.25,2335.346923828125,2438.7666015625,2390.004638671875,2334.143310546875,2389.432861328125,2335.346923828125,2438.7666015625,2390.004638671875,2522.0,2282.0
24.5,2336.576416015625,2438.76708984375,2390.007568359375,2334.111083984375,2389.435791015625,2336.576416015625,2438.76708984375,2390.007568359375,2522.0,2282.0
24.75,2335.3125,2440.08544921875,2390.0078125,2334.109130859375,2389.43603515625,2335.3125,2440.08544921875,2390.0078125,2522.0,2282.0
25.0,2348.82373046875,2440.1962890625,2393.67138671875,2347.780517578125,2393.181884765625,2348.82373046875,2440.1962890625,2393.67138671875,2522.0,2282.0
25.25,2348.822021484375,2440.2021484375,2393.664794921875,2347.779052734375,2393.17578125,2348.822021484375,2440.2021484375,2393.664794921875,2522.0,2282.0
25.5,2348.834228515625,2440.201904296875,2394.948486328125,2347.791748046875,2393.16552734375,2348.834228515625,2440.201904296875,2394.948486328125,2522.0,2282.0
25.75,2348.82373046875,2440.201171875,2393.656494140625,2347.78076171875,2393.167236328125,2348.82373046875,2440.201171875,2393.656494140625,2522.0,2282.0
26.0,2348.822509765625,2440.201904296875,2393.656005859375,2347.779296875,2393.16650390625,2348.822509765625,2440.201904296875,2393.656005859375,2522.0,2282.0
26.25,2348.856689453125,2440.199462890625,2393.6552734375,2347.813720703125,2393.166015625,2348.856689453125,2440.199462890625,2393.6552734375,2522.0,2282.0
26.5,2348.856689453125,2440.199951171875,2393.654541015625,2347.813720703125,2393.165283203125,2348.856689453125,2440.199951171875,2393.654541015625,2522.0,2282.0
26.75,2348.824462890625,2440.20458984375,2393.666748046875,2347.781494140625,2393.177490234375,2348.824462890625,2440.20458984375,2393.666748046875,2522.0,2282.0
27.0,2356.2587890625,2439.443603515625,2395.772705078125,2355.34228515625,2395.3369140625,2356.2587890625,2439.443603515625,2395.772705078125,2522.0,2282.0
27.25,2356.236572265625,2439.441650390625,2395.771240234375,2355.31982421875,2395.33544921875,2356.236572265625,2439.441650390625,2395.771240234375,2522.0,2282.0
27.5,2356.23681640625,2439.441162109375,2395.7705078125,2355.320556640625,2395.33447265625,2356.23681640625,2439.441162109375,2395.7705078125,2522.0,2282.0
27.75,2356.2392578125,2439.440185546875,2397.064697265625,2355.32275390625,2395.334228515625,2356.2392578125,2439.440185546875,2397.064697265625,2522.0,2282.0
28.0,2356.23974609375,2439.441650390625,2395.772216796875,2355.3232421875,2395.33642578125,2356.23974609375,2439.441650390625,2395.772216796875,2522.0,2282.0
28.25,2356.238525390625,2439.44189453125,2395.771484375,2356.5947265625,2395.335693359375,2356.238525390625,2439.44189453125,2395.771484375,2522.0,2282.0
28.5,2356.26904296875,2439.440673828125,2395.769775390625,2355.3525390625,2395.333984375,2356.26904296875,2439.440673828125,2395.769775390625,2522.0,2282.0
28.75,2357.5146484375,2439.441650390625,2395.779052734375,2355.32470703125,2395.34326171875,2357.5146484375,2439.441650390625,2395.779052734375,2522.0,2282.0
29.0,2359.3779296875,2442.597412109375,2395.998046875,2358.32763671875,2395.665771484375,2359.3779296875,2442.597412109375,2395.998046875,2522.0,2282.0
29.25,2359.402587890625,2441.269287109375,2395.997314453125,2358.352294921875,2395.665283203125,2359.402587890625,2441.269287109375,2395.997314453125,2522.0,2282.0
29.5,2359.37939453125,2441.262939453125,2396.009765625,2358.3291015625,2396.97216796875,2359.37939453125,2441.262939453125,2396.009765625,2522.0,2282.0
29.75,2359.38134765625,2441.26708984375,2395.99755859375,2358.3310546875,2395.665283203125,2359.38134765625,2441.26708984375,2395.99755859375,2522.0,2282.0
30.0,2359.38037109375,2441.267822265625,2395.99462890625,2358.330078125,2395.662353515625,2359.38037109375,2441.267822265625,2395.99462890625,2522.0,2282.0
30.25,2359.3798828125,2441.26708984375,2395.996337890625,2358.32958984375,2395.6640625,2359.3798828125,2441.26708984375,2395.996337890625,2522.0,2282.0
30.5,2359.382080078125,2441.267822265625,2395.994873046875,2359.606201171875,2395.662841796875,2359.382080078125,2441.267822265625,2395.994873046875,2522.0,2282.0
30.75,2359.41064453125,2441.267822265625,2396.000732421875,2358.3603515625,2395.66845703125,2359.41064453125,2441.267822265625,2396.000732421875,2522.0,2282.0
31.0,2361.376220703125,2440.897216796875,2396.153564453125,2359.05078125,2395.8212890625,2361.376220703125,2440.897216796875,2396.153564453125,2522.0,2282.0
31.25,2360.097412109375,2442.2255859375,2396.14892578125,2359.04736328125,2395.816650390625,2360.097412109375,2442.2255859375,2396.14892578125,2522.0,2282.0
31.5,2360.10107421875,2440.8984375,2396.14697265625,2359.05126953125,2395.814697265625,2360.10107421875,2440.8984375,2396.14697265625,2522.0,2282.0
31.75,2360.101806640625,2440.892822265625,2396.1611328125,2359.052001953125,2397.12353515625,2360.101806640625,2440.892822265625,2396.1611328125,2522.0,2282.0
32.0,2360.097900390625,2440.896728515625,2397.43994140625,2359.0478515625,2395.812744140625,2360.097900390625,2440.896728515625,2397.43994140625,2522.0,2282.0
32.25,2360.097900390625,2440.896240234375,2396.144775390625,2359.048095703125,2395.812255859375,2360.097900390625,2440.896240234375,2396.144775390625,2522.0,2282.0
32.5,2360.1005859375,2440.89599609375,2396.14599609375,2359.050537109375,2395.813720703125,2360.1005859375,2440.89599609375,2396.14599609375,2522.0,2282.0
32.75,2360.099853515625,2440.896240234375,2396.1474609375,2360.32470703125,2395.815185546875,2360.099853515625,2440.896240234375,2396.1474609375,2522.0,2282.0
33.0,2360.946044921875,2441.23876953125,2396.4560546875,2359.89404296875,2396.1552734375,2360.946044921875,2441.23876953125,2396.4560546875,2522.0,2282.0
33.25,2360.912841796875,2441.2412109375,2396.462646484375,2359.86083984375,2396.162109375,2360.912841796875,2441.2412109375,2396.462646484375,2522.0,2282.0
33.5,2360.91796875,2442.570068359375,2396.458984375,2359.8662109375,2396.158447265625,2360.91796875,2442.570068359375,2396.458984375,2522.0,2282.0
33.75,2360.918212890625,2441.236083984375,2396.4580078125,2359.8662109375,2396.1572265625,2360.918212890625,2441.236083984375,2396.4580078125,2522.0,2282.0
34.0,2360.9130859375,2441.24072265625,2396.471435546875,2359.861328125,2397.465576171875,2360.9130859375,2441.24072265625,2396.471435546875,2522.0,2282.0
34.25,2360.91650390625,2441.240478515625,2397.7509765625,2359.86474609375,2396.155029296875,2360.91650390625,2441.240478515625,2397.7509765625,2522.0,2282.0
34.5,2360.91455078125,2441.24072265625,2396.454833984375,2359.86279296875,2396.154052734375,2360.91455078125,2441.24072265625,2396.454833984375,2522.0,2282.0
34.75,2360.914794921875,2441.239501953125,2396.456787109375,2359.86279296875,2396.156005859375,2360.914794921875,2441.239501953125,2396.456787109375,2522.0,2282.0
35.0,2363.4931640625,2440.623779296875,2397.1982421875,2363.880859375,2396.854248046875,2363.4931640625,2440.623779296875,2397.1982421875,2522.0,2282.0
35.25,2364.773193359375,2440.62451171875,2397.202392578125,2362.607177734375,2396.8583984375,2364.773193359375,2440.62451171875,2397.202392578125,2522.0,2282.0
35.5,2364.7744140625,2440.625244140625,2397.198974609375,2362.608154296875,2396.85498046875,2364.7744140625,2440.625244140625,2397.198974609375,2522.0,2282.0
35.75,2363.494873046875,2441.954345703125,2397.199462890625,2362.60595703125,2396.85546875,2363.494873046875,2441.954345703125,2397.199462890625,2522.0,2282.0
36.0,2363.515380859375,2440.62451171875,2397.19775390625,2362.62646484375,2396.853759765625,2363.515380859375,2440.62451171875,2397.19775390625,2522.0,2282.0
36.25,2363.494140625,2440.62548828125,2397.211669921875,2362.605224609375,2396.86767578125,2363.494140625,2440.62548828125,2397.211669921875,2522.0,2282.0
36.5,2363.5048828125,2440.622314453125,2398.4921875,2362.6162109375,2396.852783203125,2363.5048828125,2440.622314453125,2398.4921875,2522.0,2282.0
36.75,2363.495849609375,2440.624267578125,2398.491943359375,2362.60693359375,2396.852294921875,2363.495849609375,2440.624267578125,2398.491943359375,2522.0,2282.0
37.0,2364.935546875,2440.30224609375,2397.097900390625,2364.078857421875,2396.751220703125,2364.935546875,2440.30224609375,2397.097900390625,2522.0,2282.0
37.25,2364.935546875,2440.302978515625,2397.0986328125,2365.3564453125,2396.751953125,2364.935546875,2440.302978515625,2397.0986328125,2522.0,2282.0
37.5,2366.216796875,2440.3017578125,2397.09765625,2364.08203125,2396.7509765625,2366.216796875,2440.3017578125,2397.09765625,2522.0,2282.0
37.75,2364.93505859375,2440.30224609375,2397.097900390625,2364.078369140625,2396.751220703125,2364.93505859375,2440.30224609375,2397.097900390625,2522.0,2282.0
38.0,2364.936767578125,2441.63134765625,2397.101318359375,2364.080322265625,2396.754638671875,2364.936767578125,2441.63134765625,2397.101318359375,2522.0,2282.0
38.25,2364.938720703125,2440.30224609375,2397.0986328125,2364.082275390625,2396.752197265625,2364.938720703125,2440.30224609375,2397.0986328125,2522.0,2282.0
38.5,2364.9375,2440.302490234375,2397.10498046875,2364.0810546875,2398.053955078125,2364.9375,2440.302490234375,2397.10498046875,2522.0,2282.0
38.75,2364.937255859375,2440.29833984375,2397.105712890625,2364.080810546875,2396.759521484375,2364.937255859375,2440.29833984375,2397.105712890625,2522.0,2282.0
39.0,2363.80517578125,2440.2412109375,2398.047119140625,2362.912353515625,2397.7666015625,2363.80517578125,2440.2412109375,2398.047119140625,2522.0,2282.0
39.25,2363.797119140625,2440.242431640625,2398.0478515625,2362.904052734375,2397.767333984375,2363.797119140625,2440.242431640625,2398.0478515625,2522.0,2282.0
39.5,2363.7958984375,2440.2421875,2398.04736328125,2364.1796875,2397.766845703125,2363.7958984375,2440.2421875,2398.04736328125,2522.0,2282.0
39.75,2365.074951171875,2440.23974609375,2398.04443359375,2362.904541015625,2397.763916015625,2365.074951171875,2440.23974609375,2398.04443359375,2522.0,2282.0
40.0,2365.076416015625,2440.242431640625,2398.04736328125,2362.906005859375,2397.7666015625,2365.076416015625,2440.242431640625,2398.04736328125,2522.0,2282.0
40.25,2363.797119140625,2440.2421875,2398.044189453125,2362.904052734375,2397.763671875,2363.797119140625,2440.2421875,2398.044189453125,2522.0,2282.0
40.5,2363.797119140625,2440.241943359375,2398.047119140625,2362.904052734375,2397.7666015625,2363.797119140625,2440.241943359375,2398.047119140625,2522.0,2282.0
40.75,2363.798095703125,2440.23828125,2398.060302734375,2362.905029296875,2399.07568359375,2363.798095703125,2440.23828125,2398.060302734375,2522.0,2282.0
41.0,2358.81201171875,2439.767578125,2397.89453125,2357.915283203125,2397.646484375,2358.81201171875,2439.767578125,2397.89453125,2522.0,2282.0
41.25,2358.813720703125,2439.769287109375,2399.187255859375,2357.917236328125,2397.643310546875,2358.813720703125,2439.769287109375,2399.187255859375,2522.0,2282.0
41.5,2358.812255859375,2439.76953125,2397.8916015625,2357.915771484375,2397.6435546875,2358.812255859375,2439.76953125,2397.8916015625,2522.0,2282.0
41.75,2358.81298828125,2439.76953125,2397.891357421875,2359.190673828125,2397.643310546875,2358.81298828125,2439.76953125,2397.891357421875,2522.0,2282.0
42.0,2358.842041015625,2439.76806640625,2397.89013671875,2357.9453125,2397.64208984375,2358.842041015625,2439.76806640625,2397.89013671875,2522.0,2282.0
42.25,2358.809326171875,2439.77099609375,2397.892578125,2357.91259765625,2397.64453125,2358.809326171875,2439.77099609375,2397.892578125,2522.0,2282.0
42.5,2358.83447265625,2439.771728515625,2397.8916015625,2357.93798828125,2397.6435546875,2358.83447265625,2439.771728515625,2397.8916015625,2522.0,2282.0
42.75,2358.813232421875,2439.77197265625,2397.89111328125,2357.91650390625,2397.64306640625,2358.813232421875,2439.77197265625,2397.89111328125,2522.0,2282.0
43.0,2356.61767578125,2439.721923828125,2396.8486328125,2355.72705078125,2396.505859375,2356.61767578125,2439.721923828125,2396.8486328125,2522.0,2282.0
43.25,2356.625732421875,2439.720703125,2396.853759765625,2355.7353515625,2397.80615234375,2356.625732421875,2439.720703125,2396.853759765625,2522.0,2282.0
43.5,2356.61865234375,2439.722412109375,2396.846923828125,2355.727783203125,2396.504150390625,2356.61865234375,2439.722412109375,2396.846923828125,2522.0,2282.0
43.75,2356.61572265625,2439.721923828125,2396.8466796875,2355.724853515625,2396.50390625,2356.61572265625,2439.721923828125,2396.8466796875,2522.0,2282.0
44.0,2356.615966796875,2439.721923828125,2396.847900390625,2356.998291015625,2396.5048828125,2356.615966796875,2439.721923828125,2396.847900390625,2522.0,2282.0
44.25,2357.893798828125,2439.72265625,2396.845947265625,2355.7294921875,2396.503173828125,2357.893798828125,2439.72265625,2396.845947265625,2522.0,2282.0
44.5,2356.614990234375,2439.732666015625,2396.85498046875,2355.724365234375,2396.51220703125,2356.614990234375,2439.732666015625,2396.85498046875,2522.0,2282.0
44.75,2356.614990234375,2441.051513671875,2396.855712890625,2355.72412109375,2396.512939453125,2356.614990234375,2441.051513671875,2396.855712890625,2522.0,2282.0
45.0,2356.971923828125,2439.82568359375,2396.09912109375,2356.08740234375,2395.660888671875,2356.971923828125,2439.82568359375,2396.09912109375,2522.0,2282.0
45.25,2356.97021484375,2439.82568359375,2396.099365234375,2356.0859375,2395.6611328125,2356.97021484375,2439.82568359375,2396.099365234375,2522.0,2282.0
45.5,2356.981689453125,2439.824462890625,2396.09716796875,2356.097900390625,2395.658935546875,2356.981689453125,2439.824462890625,2396.09716796875,2522.0,2282.0
45.75,2356.98193359375,2439.823486328125,2397.39208984375,2356.097900390625,2395.6591796875,2356.98193359375,2439.823486328125,2397.39208984375,2522.0,2282.0
46.0,2356.971435546875,2439.826171875,2396.0986328125,2356.087158203125,2395.660400390625,2356.971435546875,2439.826171875,2396.0986328125,2522.0,2282.0
46.25,2357.00244140625,2439.823974609375,2396.095947265625,2356.1181640625,2395.657958984375,2357.00244140625,2439.823974609375,2396.095947265625,2522.0,2282.0
46.5,2358.248779296875,2439.82568359375,2396.095458984375,2356.0908203125,2395.6572265625,2358.248779296875,2439.82568359375,2396.095458984375,2522.0,2282.0
46.75,2356.97216796875,2439.8271484375,2396.10791015625,2356.087890625,2395.669921875,2356.97216796875,2439.8271484375,2396.10791015625,2522.0,2282.0
47.0,2355.618408203125,2441.5009765625,2394.968505859375,2354.673828125,2394.471435546875,2355.618408203125,2441.5009765625,2394.968505859375,2522.0,2282.0
47.25,2355.620849609375,2440.170166015625,2394.960693359375,2354.67626953125,2394.4638671875,2355.620849609375,2440.170166015625,2394.960693359375,2522.0,2282.0
47.5,2355.620849609375,2440.17041015625,2394.9736328125,2354.67626953125,2395.7705078125,2355.620849609375,2440.17041015625,2394.9736328125,2522.0,2282.0
47.75,2355.62060546875,2440.167236328125,2394.967041015625,2354.676025390625,2395.7646484375,2355.62060546875,2440.167236328125,2394.967041015625,2522.0,2282.0
48.0,2355.623046875,2440.16943359375,2396.256591796875,2354.678466796875,2394.46533203125,2355.623046875,2440.16943359375,2396.256591796875,2522.0,2282.0
48.25,2355.620361328125,2440.170166015625,2394.959716796875,2354.67578125,2394.462646484375,2355.620361328125,2440.170166015625,2394.959716796875,2522.0,2282.0
48.5,2355.619873046875,2440.16943359375,2394.959716796875,2355.94775390625,2394.462646484375,2355.619873046875,2440.16943359375,2394.959716796875,2522.0,2282.0
48.75,2355.623291015625,2440.16845703125,2394.9599609375,2354.6787109375,2394.463134765625,2355.623291015625,2440.16845703125,2394.9599609375,2522.0,2282.0
49.0,2363.840576171875,2439.9765625,2396.905029296875,2362.95166015625,2396.560791015625,2363.840576171875,2439.9765625,2396.905029296875,2522.0,2282.0
49.25,2363.84375,2441.30615234375,2396.906005859375,2362.954833984375,2396.561767578125,2363.84375,2441.30615234375,2396.906005859375,2522.0,2282.0
49.5,2363.8427734375,2439.976318359375,2396.904541015625,2362.953857421875,2396.560546875,2363.8427734375,2439.976318359375,2396.904541015625,2522.0,2282.0
49.75,2363.841796875,2439.97216796875,2396.91845703125,2362.952880859375,2396.574462890625,2363.841796875,2439.97216796875,2396.91845703125,2522.0,2282.0
50.0,2363.842529296875,2439.97265625,2396.911865234375,2362.95361328125,2396.568115234375,2363.842529296875,2439.97265625,2396.911865234375,2522.0,2282.0
50.25,2363.843505859375,2439.97607421875,2398.19775390625,2362.954833984375,2396.558349609375,2363.843505859375,2439.97607421875,2398.19775390625,2522.0,2282.0
50.5,2363.843505859375,2439.975830078125,2396.90478515625,2362.95458984375,2396.560546875,2363.843505859375,2439.975830078125,2396.90478515625,2522.0,2282.0
50.75,2363.83984375,2439.9755859375,2396.903564453125,2364.22802734375,2396.5595703125,2363.83984375,2439.9755859375,2396.903564453125,2522.0,2282.0
51.0,2383.052001953125,2441.69873046875,2402.365966796875,2382.379638671875,2402.162109375,2383.052001953125,2441.69873046875,2402.365966796875,2522.0,2282.0
51.25,2383.0537109375,2441.6982421875,2402.364990234375,2382.38134765625,2402.160888671875,2383.0537109375,2441.6982421875,2402.364990234375,2522.0,2282.0
51.5,2383.052490234375,2441.697998046875,2402.36474609375,2382.380126953125,2402.160888671875,2383.052490234375,2441.697998046875,2402.36474609375,2522.0,2282.0
51.75,2383.05224609375,2441.69775390625,2402.37841796875,2382.3798828125,2403.472412109375,2383.05224609375,2441.69775390625,2402.37841796875,2522.0,2282.0
52.0,2383.053466796875,2441.696533203125,2402.383544921875,2382.38134765625,2403.47802734375,2383.053466796875,2441.696533203125,2402.383544921875,2522.0,2282.0
52.25,2383.071044921875,2441.697021484375,2403.66357421875,2382.39892578125,2402.161376953125,2383.071044921875,2441.697021484375,2403.66357421875,2522.0,2282.0
52.5,2383.054443359375,2441.6982421875,2402.366943359375,2382.38232421875,2402.162841796875,2383.054443359375,2441.6982421875,2402.366943359375,2522.0,2282.0
52.75,2383.05078125,2441.69775390625,2402.365478515625,2382.37841796875,2402.16162109375,2383.05078125,2441.69775390625,2402.365478515625,2522.0,2282.0
53.0,2394.75732421875,2442.693603515625,2405.658447265625,2394.173095703125,2405.572509765625,2394.75732421875,2442.693603515625,2405.658447265625,2522.0,2282.0
53.25,2394.73486328125,2442.693603515625,2405.659912109375,2394.15087890625,2405.573974609375,2394.73486328125,2442.693603515625,2405.659912109375,2522.0,2282.0
53.5,2394.7373046875,2444.01416015625,2405.660888671875,2394.153076171875,2405.574951171875,2394.7373046875,2444.01416015625,2405.660888671875,2522.0,2282.0
53.75,2394.737060546875,2442.69384765625,2405.660888671875,2394.15283203125,2405.574951171875,2394.737060546875,2442.69384765625,2405.660888671875,2522.0,2282.0
54.0,2394.737060546875,2442.69287109375,2405.6728515625,2394.153076171875,2405.587158203125,2394.737060546875,2442.69287109375,2405.6728515625,2522.0,2282.0
54.25,2394.740234375,2442.690673828125,2405.667236328125,2394.156494140625,2405.58154296875,2394.740234375,2442.690673828125,2405.667236328125,2522.0,2282.0
54.5,2394.73828125,2442.693359375,2405.660400390625,2394.154052734375,2405.574462890625,2394.73828125,2442.693359375,2405.660400390625,2522.0,2282.0
54.75,2394.73828125,2442.694580078125,2405.6611328125,2395.447998046875,2405.575439453125,2394.73828125,2442.694580078125,2405.6611328125,2522.0,2282.0
55.0,2405.25341796875,2442.760498046875,2411.294921875,2404.745849609375,2411.484375,2405.25341796875,2442.760498046875,2411.294921875,2522.0,2282.0
55.25,2405.2548828125,2442.758544921875,2411.296142578125,2404.74755859375,2411.48583984375,2405.2548828125,2442.758544921875,2411.296142578125,2522.0,2282.0
55.5,2405.254638671875,2444.07958984375,2411.29443359375,2404.7470703125,2411.484130859375,2405.254638671875,2444.07958984375,2411.29443359375,2522.0,2282.0
55.75,2405.25439453125,2442.759521484375,2411.295654296875,2404.7470703125,2411.4853515625,2405.25439453125,2442.759521484375,2411.295654296875,2522.0,2282.0
56.0,2405.251220703125,2442.75830078125,2411.3076171875,2404.74365234375,2412.80029296875,2405.251220703125,2442.75830078125,2411.3076171875,2522.0,2282.0
56.25,2405.2529296875,2442.75732421875,2411.296142578125,2404.745361328125,2411.485595703125,2405.2529296875,2442.75732421875,2411.296142578125,2522.0,2282.0
56.5,2405.255859375,2442.759521484375,2412.598388671875,2404.74853515625,2411.48486328125,2405.255859375,2442.759521484375,2412.598388671875,2522.0,2282.0
56.75,2405.256103515625,2442.7607421875,2411.408447265625,2406.048095703125,2411.600341796875,2405.256103515625,2442.7607421875,2411.408447265625,2522.0,2282.0
57.0,2431.035888671875,2445.605712890625,2417.01611328125,2430.706787109375,2417.34521484375,2431.035888671875,2445.605712890625,2417.01611328125,2522.0,2282.0
57.25,2431.02294921875,2445.60498046875,2417.015380859375,2430.69384765625,2417.344482421875,2431.02294921875,2445.60498046875,2417.015380859375,2522.0,2282.0
57.5,2431.02734375,2446.92578125,2417.011474609375,2430.6982421875,2417.340576171875,2431.02734375,2446.92578125,2417.011474609375,2522.0,2282.0
57.75,2431.04345703125,2445.604248046875,2417.011962890625,2430.71435546875,2417.34130859375,2431.04345703125,2445.604248046875,2417.011962890625,2522.0,2282.0
58.0,2431.0439453125,2445.603271484375,2417.021484375,2430.714599609375,2418.656982421875,2431.0439453125,2445.603271484375,2417.021484375,2522.0,2282.0
58.25,2431.02880859375,2445.602294921875,2417.013427734375,2430.69970703125,2417.3427734375,2431.02880859375,2445.602294921875,2417.013427734375,2522.0,2282.0
58.5,2431.03369140625,2445.60498046875,2417.010986328125,2430.70458984375,2417.34033203125,2431.03369140625,2445.60498046875,2417.010986328125,2522.0,2282.0
58.75,2431.029296875,2445.60498046875,2417.010986328125,2430.7001953125,2417.34033203125,2431.029296875,2445.60498046875,2417.010986328125,2522.0,2282.0
59.0,2451.270751953125,2447.74365234375,2422.93408203125,2451.112060546875,2423.4658203125,2451.270751953125,2447.74365234375,2422.93408203125,2522.0,2282.0
59.25,2452.58837890625,2447.742919921875,2422.93701171875,2451.10498046875,2423.46875,2452.58837890625,2447.742919921875,2422.93701171875,2522.0,2282.0
59.5,2451.26708984375,2449.065673828125,2422.93798828125,2451.1083984375,2423.4697265625,2451.26708984375,2449.065673828125,2422.93798828125,2522.0,2282.0
59.75,2451.266845703125,2447.74267578125,2422.936767578125,2451.108154296875,2423.468505859375,2451.266845703125,2447.74267578125,2422.936767578125,2522.0,2282.0
60.0,2451.2685546875,2447.7373046875,2422.95068359375,2451.10986328125,2424.7919921875,2451.2685546875,2447.7373046875,2422.95068359375,2522.0,2282.0
60.25,2451.267578125,2447.740234375,2424.249267578125,2451.10888671875,2423.4716796875,2451.267578125,2447.740234375,2424.249267578125,2522.0,2282.0
60.5,2451.283935546875,2447.74169921875,2422.935791015625,2451.125,2423.467529296875,2451.283935546875,2447.74169921875,2422.935791015625,2522.0,2282.0
60.75,2451.278076171875,2447.742919921875,2422.9423828125,2451.119140625,2423.47412109375,2451.278076171875,2447.742919921875,2422.9423828125,2522.0,2282.0
61.0,2462.992431640625,2449.447265625,2426.57666015625,2464.08984375,2427.2978515625,2462.992431640625,2449.447265625,2426.57666015625,2522.0,2282.0
61.25,2464.324951171875,2449.446044921875,2426.577392578125,2462.7607421875,2427.298583984375,2464.324951171875,2449.446044921875,2426.577392578125,2522.0,2282.0
61.5,2464.325439453125,2449.44580078125,2426.577392578125,2462.76123046875,2427.298583984375,2464.325439453125,2449.44580078125,2426.577392578125,2522.0,2282.0
61.75,2462.991455078125,2449.44580078125,2426.576904296875,2462.758056640625,2427.29833984375,2462.991455078125,2449.44580078125,2426.576904296875,2522.0,2282.0
62.0,2462.994140625,2449.439697265625,2426.578125,2462.760986328125,2428.611083984375,2462.994140625,2449.439697265625,2426.578125,2522.0,2282.0
62.25,2462.990478515625,2449.446044921875,2426.5810546875,2462.75732421875,2427.302490234375,2462.990478515625,2449.446044921875,2426.5810546875,2522.0,2282.0
62.5,2462.985595703125,2449.446533203125,2426.58203125,2462.75244140625,2427.303466796875,2462.985595703125,2449.446533203125,2426.58203125,2522.0,2282.0
62.75,2462.9912109375,2449.447265625,2426.577880859375,2462.7578125,2427.299072265625,2462.9912109375,2449.447265625,2426.577880859375,2522.0,2282.0
63.0,2485.1708984375,2450.25146484375,2432.019775390625,2485.037109375,2433.03955078125,2485.1708984375,2450.25146484375,2432.019775390625,2522.0,2282.0
63.25,2485.16796875,2450.254150390625,2432.016357421875,2485.0341796875,2433.035888671875,2485.16796875,2450.254150390625,2432.016357421875,2522.0,2282.0
63.5,2485.1669921875,2450.253173828125,2432.0166015625,2485.033447265625,2433.036376953125,2485.1669921875,2450.253173828125,2432.0166015625,2522.0,2282.0
63.75,2485.170166015625,2450.248779296875,2432.01953125,2485.03662109375,2433.039306640625,2485.170166015625,2450.248779296875,2432.01953125,2522.0,2282.0
64.0,2485.161865234375,2450.251953125,2432.02587890625,2485.028076171875,2434.3603515625,2485.161865234375,2450.251953125,2432.02587890625,2522.0,2282.0
64.25,2485.167724609375,2450.24951171875,2432.026611328125,2485.0341796875,2433.04638671875,2485.167724609375,2450.24951171875,2432.026611328125,2522.0,2282.0
64.5,2485.171630859375,2450.252197265625,2432.017333984375,2485.0380859375,2433.037109375,2485.171630859375,2450.252197265625,2432.017333984375,2522.0,2282.0
64.75,2485.1748046875,2450.25244140625,2432.015625,2485.041015625,2433.03515625,2485.1748046875,2450.25244140625,2432.015625,2522.0,2282.0
65.0,2501.149658203125,2451.88671875,2437.645751953125,2501.27783203125,2438.7666015625,2501.149658203125,2451.88671875,2437.645751953125,2522.0,2282.0
65.25,2501.14208984375,2451.888916015625,2437.6416015625,2501.270263671875,2438.76220703125,2501.14208984375,2451.888916015625,2437.6416015625,2522.0,2282.0
65.5,2502.49267578125,2451.88671875,2437.65234375,2501.269287109375,2438.77294921875,2502.49267578125,2451.88671875,2437.65234375,2522.0,2282.0
65.75,2501.145263671875,2451.88720703125,2437.6513671875,2501.273681640625,2438.77197265625,2501.145263671875,2451.88720703125,2437.6513671875,2522.0,2282.0
66.0,2501.144287109375,2453.21142578125,2437.646728515625,2501.2724609375,2438.767333984375,2501.144287109375,2453.21142578125,2437.646728515625,2522.0,2282.0
66.25,2501.161376953125,2451.882080078125,2437.654296875,2501.28955078125,2438.7744140625,2501.161376953125,2451.882080078125,2437.654296875,2522.0,2282.0
66.5,2501.148681640625,2451.887939453125,2438.96484375,2501.277099609375,2438.768310546875,2501.148681640625,2451.887939453125,2438.96484375,2522.0,2282.0
66.75,2501.14794921875,2451.8935546875,2437.64404296875,2501.2763671875,2438.7646484375,2501.14794921875,2451.8935546875,2437.64404296875,2522.0,2282.0
67.0,2502.499755859375,2451.72314453125,2436.8115234375,2502.631591796875,2437.8701171875,2502.499755859375,2451.72314453125,2436.8115234375,2522.0,2282.0
67.25,2502.497802734375,2451.724853515625,2436.813232421875,2502.6298828125,2437.8720703125,2502.497802734375,2451.724853515625,2436.813232421875,2522.0,2282.0
67.5,2502.499267578125,2451.72412109375,2436.808349609375,2503.983642578125,2437.8671875,2502.499267578125,2451.72412109375,2436.808349609375,2522.0,2282.0
67.75,2503.836669921875,2451.722900390625,2436.820556640625,2502.616455078125,2437.879150390625,2503.836669921875,2451.722900390625,2436.820556640625,2522.0,2282.0
68.0,2502.49560546875,2451.722900390625,2436.81689453125,2502.627685546875,2437.87548828125,2502.49560546875,2451.722900390625,2436.81689453125,2522.0,2282.0
68.25,2502.497802734375,2451.722412109375,2436.8134765625,2502.6298828125,2437.872314453125,2502.497802734375,2451.722412109375,2436.8134765625,2522.0,2282.0
68.5,2502.501220703125,2451.71435546875,2436.822021484375,2502.63330078125,2439.19775390625,2502.501220703125,2451.71435546875,2436.822021484375,2522.0,2282.0
68.75,2502.497802734375,2451.719482421875,2438.132568359375,2502.6298828125,2437.87451171875,2502.497802734375,2451.719482421875,2438.132568359375,2522.0,2282.0
69.0,2504.1494140625,2452.02587890625,2437.593017578125,2504.373779296875,2438.613525390625,2504.1494140625,2452.02587890625,2437.593017578125,2522.0,2282.0
69.25,2504.149169921875,2452.018310546875,2437.59375,2504.373291015625,2438.614501953125,2504.149169921875,2452.018310546875,2437.59375,2522.0,2282.0
69.5,2504.150390625,2452.020263671875,2437.591552734375,2505.72802734375,2438.612060546875,2504.150390625,2452.020263671875,2437.591552734375,2522.0,2282.0
69.75,2504.150146484375,2452.02099609375,2437.59228515625,2505.727783203125,2438.613037109375,2504.150146484375,2452.02099609375,2437.59228515625,2522.0,2282.0
70.0,2505.497802734375,2452.01904296875,2437.596923828125,2504.368896484375,2438.617431640625,2505.497802734375,2452.01904296875,2437.596923828125,2522.0,2282.0
70.25,2504.142822265625,2452.018798828125,2437.595458984375,2504.366943359375,2438.6162109375,2504.142822265625,2452.018798828125,2437.595458984375,2522.0,2282.0
70.5,2504.1513671875,2452.012939453125,2437.594970703125,2504.375732421875,2438.61572265625,2504.1513671875,2452.012939453125,2437.594970703125,2522.0,2282.0
70.75,2504.153564453125,2452.012939453125,2438.924560546875,2504.3779296875,2438.6279296875,2504.153564453125,2452.012939453125,2438.924560546875,2522.0,2282.0
71.0,2507.80810546875,2452.150634765625,2439.128173828125,2508.093505859375,2438.795654296875,2507.80810546875,2452.150634765625,2439.128173828125,2522.0,2282.0
71.25,2507.80029296875,2452.15478515625,2437.8076171875,2508.08544921875,2438.792236328125,2507.80029296875,2452.15478515625,2437.8076171875,2522.0,2282.0
71.5,2507.802978515625,2452.1533203125,2437.80810546875,2508.088623046875,2438.792724609375,2507.802978515625,2452.1533203125,2437.80810546875,2522.0,2282.0
71.75,2507.802001953125,2452.15673828125,2437.8046875,2509.44287109375,2438.78955078125,2507.802001953125,2452.15673828125,2437.802978515625,2522.0,2282.0
72.0,2507.78466796875,2452.156982421875,2437.8134765625,2509.425537109375,2438.79833984375,2507.78466796875,2452.156982421875,2437.8134765625,2522.0,2282.0
72.25,2507.7939453125,2452.154541015625,2437.812744140625,2508.07958984375,2438.797607421875,2507.7939453125,2452.154541015625,2437.812744140625,2522.0,2282.0
72.5,2507.797607421875,2452.15380859375,2437.81005859375,2508.083251953125,2438.794921875,2507.797607421875,2452.15380859375,2437.81005859375,2522.0,2282.0
72.75,2507.8017578125,2453.47900390625,2437.80908203125,2508.08740234375,2438.7939453125,2507.8017578125,2453.47900390625,2437.80908203125,2522.0,2282.0
73.0,2512.2080078125,2452.710693359375,2438.153564453125,2512.4970703125,2439.075439453125,2512.2080078125,2452.710693359375,2438.153564453125,2522.0,2282.0
73.25,2512.20751953125,2452.71630859375,2439.461181640625,2512.496337890625,2439.065673828125,2512.20751953125,2452.71630859375,2439.461181640625,2522.0,2282.0
73.5,2512.21484375,2452.722412109375,2438.142578125,2512.503662109375,2439.064697265625,2512.21484375,2452.722412109375,2438.142578125,2522.0,2282.0
73.75,2512.206298828125,2452.7177734375,2438.14453125,2512.494873046875,2439.066650390625,2512.206298828125,2452.7177734375,2438.14453125,2522.0,2282.0
74.0,2512.19970703125,2452.718505859375,2438.1513671875,2513.84619140625,2439.073486328125,2512.19970703125,2452.718505859375,2438.1513671875,2522.0,2282.0
74.25,2512.18603515625,2452.72021484375,2438.14794921875,2513.83251953125,2439.070068359375,2512.18603515625,2452.72021484375,2438.14794921875,2522.0,2282.0
74.5,2513.56201171875,2452.71728515625,2438.1455078125,2512.493408203125,2439.06787109375,2513.56201171875,2452.71728515625,2438.1455078125,2522.0,2282.0
74.75,2512.2099609375,2452.71728515625,2438.1455078125,2512.498779296875,2439.067626953125,2512.2099609375,2452.71728515625,2438.1455078125,2522.0,2282.0
75.0,2514.583984375,2454.671875,2441.720703125,2515.00537109375,2444.198486328125,2514.583984375,2454.671875,2441.720703125,2522.0,2282.0
75.25,2514.578857421875,2453.354248046875,2443.036865234375,2515.000244140625,2442.875244140625,2514.578857421875,2453.354248046875,2443.036865234375,2522.0,2282.0
75.5,2514.58056640625,2453.356689453125,2441.71484375,2515.001953125,2442.872802734375,2514.58056640625,2453.356689453125,2441.71484375,2522.0,2282.0
75.75,2514.5810546875,2453.3525390625,2441.714111328125,2515.00244140625,2442.8720703125,2514.5810546875,2453.3525390625,2441.714111328125,2522.0,2282.0
76.0,2514.580078125,2453.352294921875,2441.716796875,2515.00146484375,2442.875,2514.580078125,2453.352294921875,2441.716796875,2522.0,2282.0
76.25,2514.557861328125,2453.355712890625,2441.7158203125,2514.97900390625,2442.873779296875,2514.557861328125,2453.355712890625,2441.7158203125,2522.0,2282.0
76.5,2514.564697265625,2453.355224609375,2441.717041015625,2514.98583984375,2442.875244140625,2514.564697265625,2453.355224609375,2441.717041015625,2522.0,2282.0
76.75,2514.582275390625,2453.3525390625,2441.71533203125,2515.003662109375,2442.873291015625,2514.582275390625,2453.3525390625,2441.71533203125,2522.0,2282.0
77.0,2497.743408203125,2454.2216796875,2439.0341796875,2498.051513671875,2440.172607421875,2497.743408203125,2454.2216796875,2439.0341796875,2522.0,2282.0
77.25,2497.761962890625,2454.212646484375,2439.03955078125,2498.06982421875,2441.49609375,2497.761962890625,2454.212646484375,2439.03955078125,2522.0,2282.0
77.5,2497.763427734375,2454.2158203125,2440.3525390625,2498.071533203125,2440.173095703125,2497.763427734375,2454.2158203125,2440.3525390625,2522.0,2282.0
77.75,2497.749267578125,2454.2216796875,2439.03271484375,2498.05712890625,2440.17138671875,2497.749267578125,2454.2216796875,2439.03271484375,2522.0,2282.0
78.0,2497.749755859375,2454.228515625,2439.0302734375,2498.057861328125,2440.168701171875,2497.749755859375,2454.228515625,2439.0302734375,2522.0,2282.0
78.25,2497.7490234375,2454.22119140625,2439.033203125,2498.05712890625,2440.171875,2497.7490234375,2454.22119140625,2439.033203125,2522.0,2282.0
78.5,2487.056396484375,2454.151123046875,2434.94873046875,2487.193603515625,2435.978759765625,2487.056396484375,2454.151123046875,2434.94873046875,2522.0,2282.0
78.75,2487.06640625,2454.151123046875,2434.947509765625,2487.20361328125,2435.9775390625,2487.06640625,2454.151123046875,2434.947509765625,2522.0,2282.0
79.0,2487.053955078125,2454.15185546875,2434.95263671875,2487.19140625,2437.299072265625,2487.053955078125,2454.15185546875,2434.95263671875,2522.0,2282.0
79.25,2487.047607421875,2454.150634765625,2434.95458984375,2487.18505859375,2435.984619140625,2487.047607421875,2454.150634765625,2434.95458984375,2522.0,2282.0
79.5,2487.05419921875,2454.15380859375,2434.9482421875,2487.19140625,2435.978271484375,2487.05419921875,2454.15380859375,2434.9482421875,2522.0,2282.0
79.75,2487.057373046875,2454.16064453125,2434.947265625,2487.1943359375,2435.977294921875,2487.057373046875,2454.16064453125,2434.947265625,2522.0,2282.0
80.0,2487.059326171875,2454.1611328125,2434.947265625,2487.196044921875,2435.977294921875,2487.059326171875,2454.1611328125,2434.947265625,2522.0,2282.0
80.25,2487.059326171875,2454.153076171875,2434.94873046875,2487.196533203125,2435.978759765625,2487.059326171875,2454.153076171875,2434.94873046875,2522.0,2282.0
80.5,2465.204833984375,2450.47900390625,2425.8203125,2465.281494140625,2426.457275390625,2465.204833984375,2450.47900390625,2425.8203125,2522.0,2282.0
80.75,2465.1953125,2450.474853515625,2425.816162109375,2465.27197265625,2426.452880859375,2465.1953125,2450.474853515625,2425.816162109375,2522.0,2282.0
81.0,2466.527099609375,2450.474609375,2425.81884765625,2465.271484375,2426.45556640625,2466.527099609375,2450.474609375,2425.81884765625,2522.0,2282.0
81.25,2465.191162109375,2450.473876953125,2425.8203125,2465.267822265625,2426.45703125,2465.191162109375,2450.473876953125,2425.8203125,2522.0,2282.0
81.5,2465.191650390625,2451.7978515625,2425.820556640625,2465.26806640625,2426.45751953125,2465.191650390625,2451.7978515625,2425.820556640625,2522.0,2282.0
81.75,2465.195556640625,2450.4736328125,2425.81982421875,2465.272216796875,2427.767822265625,2465.195556640625,2450.4736328125,2425.81982421875,2522.0,2282.0
82.0,2465.184814453125,2450.470947265625,2425.824462890625,2465.261474609375,2426.461181640625,2465.184814453125,2450.470947265625,2425.824462890625,2522.0,2282.0
82.25,2465.188232421875,2450.474609375,2425.81884765625,2465.2646484375,2426.45556640625,2465.188232421875,2450.474609375,2425.81884765625,2522.0,2282.0
82.5,2440.67919921875,2447.705322265625,2419.559326171875,2440.562255859375,2418.62744140625,2440.67919921875,2447.705322265625,2419.559326171875,2522.0,2282.0
82.75,2440.681884765625,2447.703857421875,2418.25390625,2440.56494140625,2418.62890625,2440.681884765625,2447.703857421875,2418.25390625,2522.0,2282.0
83.0,2440.678466796875,2447.704833984375,2418.26123046875,2441.880126953125,2418.63623046875,2440.678466796875,2447.704833984375,2418.26123046875,2522.0,2282.0
83.25,2440.6806640625,2447.70458984375,2418.259521484375,2440.563720703125,2418.634521484375,2440.6806640625,2447.70458984375,2418.259521484375,2522.0,2282.0
83.5,2440.6796875,2447.704833984375,2418.25537109375,2440.562744140625,2418.63037109375,2440.6796875,2447.704833984375,2418.25537109375,2522.0,2282.0
83.75,2440.6806640625,2447.704345703125,2418.254638671875,2440.563720703125,2418.629638671875,2440.6806640625,2447.704345703125,2418.254638671875,2522.0,2282.0
84.0,2440.680419921875,2447.703369140625,2418.256591796875,2440.5634765625,2418.631591796875,2440.680419921875,2447.703369140625,2418.256591796875,2522.0,2282.0
84.25,2440.683837890625,2447.69677734375,2418.254150390625,2440.56689453125,2418.629150390625,2440.683837890625,2447.69677734375,2418.254150390625,2522.0,2282.0
84.5,2428.554931640625,2445.156494140625,2412.77978515625,2428.52587890625,2412.775634765625,2428.554931640625,2445.156494140625,2412.77978515625,2522.0,2282.0
84.75,2428.554443359375,2445.1533203125,2412.787353515625,2428.525634765625,2414.0869140625,2428.554443359375,2445.1533203125,2412.787353515625,2522.0,2282.0
85.0,2428.5556640625,2445.153076171875,2412.78125,2428.52685546875,2412.777099609375,2428.5556640625,2445.153076171875,2412.78125,2522.0,2282.0
85.25,2428.55322265625,2445.15625,2412.778076171875,2428.524169921875,2412.77392578125,2428.55322265625,2445.15625,2412.778076171875,2522.0,2282.0
85.5,2428.566162109375,2445.15771484375,2412.775146484375,2428.537353515625,2412.77099609375,2428.566162109375,2445.15771484375,2412.775146484375,2522.0,2282.0
85.75,2429.8662109375,2445.156982421875,2412.785888671875,2428.525146484375,2412.781494140625,2429.8662109375,2445.156982421875,2412.785888671875,2522.0,2282.0
86.0,2428.546630859375,2445.15673828125,2412.784912109375,2428.517822265625,2412.780517578125,2428.546630859375,2445.15673828125,2412.784912109375,2522.0,2282.0
86.25,2428.554931640625,2445.15625,2412.779296875,2428.52587890625,2412.77490234375,2428.554931640625,2445.15625,2412.779296875,2522.0,2282.0
86.5,2403.335693359375,2443.791748046875,2405.741455078125,2402.945068359375,2405.578125,2403.335693359375,2443.791748046875,2405.741455078125,2522.0,2282.0
86.75,2403.331787109375,2442.471923828125,2405.7412109375,2402.941162109375,2405.57763671875,2403.331787109375,2442.471923828125,2405.7412109375,2522.0,2282.0
87.0,2403.329833984375,2442.474853515625,2405.7431640625,2402.939208984375,2405.57958984375,2403.329833984375,2442.474853515625,2405.7431640625,2522.0,2282.0
87.25,2403.33642578125,2442.4658203125,2405.74072265625,2402.94580078125,2405.5771484375,2403.33642578125,2442.4658203125,2405.74072265625,2522.0,2282.0
87.5,2403.336181640625,2442.4677734375,2405.749267578125,2402.945556640625,2405.586181640625,2403.336181640625,2442.4677734375,2405.749267578125,2522.0,2282.0
87.75,2403.33544921875,2442.471923828125,2407.042236328125,2404.243408203125,2405.57861328125,2403.33544921875,2442.471923828125,2407.042236328125,2522.0,2282.0
88.0,2404.654296875,2442.47021484375,2405.740478515625,2402.965087890625,2405.576904296875,2404.654296875,2442.47021484375,2405.740478515625,2522.0,2282.0
88.25,2403.331787109375,2442.471923828125,2405.741455078125,2402.941162109375,2405.577880859375,2403.331787109375,2442.471923828125,2405.741455078125,2522.0,2282.0
88.5,2365.182373046875,2440.0224609375,2395.6767578125,2362.885498046875,2395.373046875,2365.182373046875,2440.0224609375,2395.6767578125,2522.0,2282.0
88.75,2363.89697265625,2440.02392578125,2395.674072265625,2362.87744140625,2395.37060546875,2363.89697265625,2440.02392578125,2395.674072265625,2522.0,2282.0
89.0,2363.900390625,2441.34228515625,2395.668212890625,2362.881103515625,2395.36474609375,2363.900390625,2441.34228515625,2395.668212890625,2522.0,2282.0
89.25,2363.90087890625,2440.02392578125,2395.6689453125,2362.88134765625,2395.365234375,2363.90087890625,2440.02392578125,2395.6689453125,2522.0,2282.0
89.5,2363.90185546875,2440.0234375,2395.669189453125,2362.882568359375,2395.365478515625,2363.90185546875,2440.0234375,2395.669189453125,2522.0,2282.0
89.75,2363.912109375,2440.024169921875,2395.666015625,2362.89306640625,2395.3623046875,2363.912109375,2440.024169921875,2395.666015625,2522.0,2282.0
90.0,2363.910888671875,2440.019287109375,2395.676513671875,2362.891845703125,2396.667724609375,2363.910888671875,2440.019287109375,2395.676513671875,2522.0,2282.0
90.25,2363.90087890625,2440.023193359375,2396.96337890625,2362.88134765625,2395.365234375,2363.90087890625,2440.023193359375,2396.96337890625,2522.0,2282.0
90.5,2310.389404296875,2436.321533203125,2380.38916015625,2308.7724609375,2379.498779296875,2310.389404296875,2436.321533203125,2380.38916015625,2522.0,2282.0
90.75,2310.384765625,2436.325927734375,2381.666015625,2308.767822265625,2379.488525390625,2310.384765625,2436.325927734375,2381.666015625,2522.0,2282.0
91.0,2310.3857421875,2436.326171875,2380.3779296875,2310.016357421875,2379.48681640625,2310.3857421875,2436.326171875,2380.3779296875,2522.0,2282.0
91.25,2311.639404296875,2436.323974609375,2380.3759765625,2308.77392578125,2379.48486328125,2311.639404296875,2436.323974609375,2380.3759765625,2522.0,2282.0
91.5,2310.385009765625,2436.32568359375,2380.378173828125,2308.767822265625,2379.487060546875,2310.385009765625,2436.32568359375,2380.378173828125,2522.0,2282.0
91.75,2310.385498046875,2436.326171875,2380.37890625,2308.7685546875,2379.48779296875,2310.385498046875,2436.326171875,2380.37890625,2522.0,2282.0
92.0,2310.38623046875,2436.325439453125,2380.378173828125,2308.76904296875,2379.487060546875,2310.38623046875,2436.325439453125,2380.378173828125,2522.0,2282.0
92.25,2310.4091796875,2436.333740234375,2380.38232421875,2308.792236328125,2379.4912109375,2310.4091796875,2436.333740234375,2380.38232421875,2522.0,2282.0
92.5,2281.250732421875,2433.184326171875,2372.946044921875,2279.4599609375,2371.90869140625,2281.250732421875,2433.184326171875,2372.946044921875,2522.0,2282.0
92.75,2281.266845703125,2433.19873046875,2372.966552734375,2279.47705078125,2371.92919921875,2281.266845703125,2433.19873046875,2372.966552734375,2522.0,2282.0
93.0,2281.2529296875,2433.1806640625,2372.955322265625,2279.462158203125,2371.9189453125,2281.2529296875,2433.1806640625,2372.955322265625,2522.0,2282.0
93.25,2281.250732421875,2433.184326171875,2374.228271484375,2280.69189453125,2371.90869140625,2281.250732421875,2433.184326171875,2374.228271484375,2522.0,2282.0
93.5,2281.249755859375,2433.183349609375,2372.940673828125,2280.690673828125,2371.9033203125,2281.249755859375,2433.183349609375,2372.940673828125,2522.0,2282.0
93.75,2281.302001953125,2433.1826171875,2372.943359375,2279.51123046875,2371.90625,2281.302001953125,2433.1826171875,2372.943359375,2522.0,2282.0
94.0,2281.28076171875,2433.188232421875,2372.953857421875,2279.489990234375,2371.91650390625,2281.28076171875,2433.188232421875,2372.953857421875,2522.0,2282.0
94.25,2281.2578125,2434.498779296875,2372.946044921875,2279.467041015625,2371.908935546875,2281.2578125,2434.498779296875,2372.946044921875,2522.0,2282.0
94.5,2257.34423828125,2433.986572265625,2368.648193359375,2255.33740234375,2367.595703125,2257.34423828125,2433.986572265625,2368.648193359375,2522.0,2282.0
94.75,2257.34521484375,2433.98681640625,2368.64697265625,2255.33837890625,2367.5947265625,2257.34521484375,2433.98681640625,2368.64697265625,2522.0,2282.0
95.0,2257.34375,2433.989013671875,2368.66748046875,2255.3369140625,2367.615234375,2257.34375,2433.989013671875,2368.66748046875,2522.0,2282.0
95.25,2257.3974609375,2434.0009765625,2368.668212890625,2255.3916015625,2368.896240234375,2257.3974609375,2434.0009765625,2368.668212890625,2522.0,2282.0
95.5,2257.39208984375,2433.9912109375,2369.93359375,2255.38623046875,2367.60107421875,2257.39208984375,2433.9912109375,2369.93359375,2522.0,2282.0
95.75,2257.3447265625,2433.9873046875,2368.64599609375,2255.338134765625,2367.59375,2257.3447265625,2433.9873046875,2368.64599609375,2522.0,2282.0
96.0,2257.3447265625,2433.987060546875,2368.646728515625,2256.556640625,2367.59423828125,2257.3447265625,2433.987060546875,2368.646728515625,2522.0,2282.0
96.25,2257.401611328125,2433.981689453125,2368.64453125,2255.394775390625,2367.59228515625,2257.401611328125,2433.981689453125,2368.64453125,2522.0,2282.0
96.5,2258.927001953125,2434.298828125,2368.15869140625,2255.781005859375,2366.90869140625,2258.927001953125,2434.298828125,2368.15869140625,2522.0,2282.0
96.75,2257.699951171875,2434.29833984375,2368.157958984375,2255.77392578125,2366.907958984375,2257.699951171875,2434.29833984375,2368.157958984375,2522.0,2282.0
97.0,2257.699462890625,2434.2998046875,2368.158447265625,2255.773193359375,2366.908447265625,2257.699462890625,2434.2998046875,2368.158447265625,2522.0,2282.0
97.25,2257.69970703125,2434.302001953125,2368.1767578125,2255.7734375,2366.9267578125,2257.69970703125,2434.302001953125,2368.1767578125,2522.0,2282.0
97.5,2257.744873046875,2434.31298828125,2368.169921875,2255.81982421875,2368.19970703125,2257.744873046875,2434.31298828125,2368.169921875,2522.0,2282.0
97.75,2257.732666015625,2434.30322265625,2369.439208984375,2255.806640625,2366.90966796875,2257.732666015625,2434.30322265625,2369.439208984375,2522.0,2282.0
98.0,2257.700439453125,2434.30029296875,2368.15673828125,2255.7744140625,2366.90673828125,2257.700439453125,2434.30029296875,2368.15673828125,2522.0,2282.0
98.25,2257.699951171875,2434.298828125,2368.15771484375,2256.992919921875,2366.90771484375,2257.699951171875,2434.298828125,2368.15771484375,2522.0,2282.0
98.5,2256.39892578125,2435.1083984375,2367.208251953125,2253.121826171875,2365.903564453125,2256.39892578125,2435.1083984375,2367.208251953125,2522.0,2282.0
98.75,2255.172119140625,2435.10791015625,2367.212158203125,2253.11376953125,2365.907470703125,2255.172119140625,2435.10791015625,2367.212158203125,2522.0,2282.0
99.0,2255.171875,2436.423828125,2367.211181640625,2253.113525390625,2365.906494140625,2255.171875,2436.423828125,2367.211181640625,2522.0,2282.0
99.25,2255.172119140625,2435.1044921875,2367.2109375,2253.11376953125,2365.90625,2255.172119140625,2435.1044921875,2367.2109375,2522.0,2282.0
99.5,2255.172119140625,2435.104248046875,2367.23193359375,2253.11376953125,2365.92724609375,2255.172119140625,2435.104248046875,2367.23193359375,2522.0,2282.0
99.75,2255.224609375,2435.109375,2367.22216796875,2253.16748046875,2365.91845703125,2255.224609375,2435.109375,2367.22216796875,2522.0,2282.0
100.0,2255.17822265625,2435.1083984375,2368.491455078125,2253.119873046875,2365.907470703125,2255.17822265625,2435.1083984375,2368.491455078125,2522.0,2282.0
100.25,2255.172119140625,2435.108154296875,2367.211181640625,2253.11376953125,2365.906494140625,2255.172119140625,2435.108154296875,2367.211181640625,2522.0,2282.0
100.5,2262.318115234375,2435.365966796875,2369.90771484375,2260.32421875,2368.72705078125,2262.318115234375,2435.365966796875,2369.90771484375,2522.0,2282.0
100.75,2262.371337890625,2436.67724609375,2369.90625,2260.37744140625,2368.725341796875,2262.371337890625,2436.67724609375,2369.90625,2522.0,2282.0
101.0,2263.547607421875,2436.68115234375,2369.90771484375,2260.331298828125,2368.72705078125,2263.547607421875,2436.68115234375,2369.90771484375,2522.0,2282.0
101.25,2262.3173828125,2435.366455078125,2369.908447265625,2260.32373046875,2368.7275390625,2262.3173828125,2435.366455078125,2369.908447265625,2522.0,2282.0
101.5,2262.318359375,2435.36669921875,2369.908447265625,2260.324462890625,2368.727783203125,2262.318359375,2435.36669921875,2369.908447265625,2522.0,2282.0
101.75,2262.322021484375,2435.375244140625,2369.939697265625,2260.328369140625,2368.759033203125,2262.322021484375,2435.375244140625,2369.939697265625,2522.0,2282.0
102.0,2262.318603515625,2435.3798828125,2369.92626953125,2260.324951171875,2368.74609375,2262.318603515625,2435.3798828125,2369.92626953125,2522.0,2282.0
102.25,2262.323974609375,2435.369140625,2371.1884765625,2260.330078125,2368.726806640625,2262.323974609375,2435.369140625,2371.1884765625,2522.0,2282.0
102.5,2266.428466796875,2432.1337890625,2373.01220703125,2264.701171875,2370.594970703125,2266.428466796875,2432.1337890625,2373.01220703125,2522.0,2282.0
102.75,2266.3994140625,2432.128662109375,2371.730712890625,2264.671875,2370.594970703125,2266.3994140625,2432.128662109375,2371.730712890625,2522.0,2282.0
103.0,2266.450927734375,2432.12646484375,2371.727294921875,2264.7236328125,2370.591796875,2266.450927734375,2432.12646484375,2371.727294921875,2522.0,2282.0
103.25,2266.3984375,2433.443603515625,2371.72900390625,2264.671142578125,2370.593505859375,2266.3984375,2433.443603515625,2371.72900390625,2522.0,2282.0
103.5,2266.400146484375,2432.128173828125,2371.729248046875,2264.6728515625,2370.59375,2266.400146484375,2432.128173828125,2371.729248046875,2522.0,2282.0
103.75,2266.40283203125,2432.13671875,2371.728515625,2264.67529296875,2370.593017578125,2266.40283203125,2432.13671875,2371.728515625,2522.0,2282.0
104.0,2266.40234375,2432.12939453125,2371.728515625,2264.675048828125,2370.5927734375,2266.40234375,2432.12939453125,2371.728515625,2522.0,2282.0
104.25,2266.39697265625,2432.12744140625,2371.737548828125,2264.66943359375,2371.8828125,2266.39697265625,2432.12744140625,2371.737548828125,2522.0,2282.0
104.5,2271.63330078125,2433.121337890625,2374.197998046875,2269.978515625,2371.742919921875,2271.63330078125,2433.121337890625,2374.197998046875,2522.0,2282.0
104.75,2271.662109375,2433.125732421875,2372.91455078125,2271.234130859375,2371.74169921875,2271.662109375,2433.125732421875,2372.91455078125,2522.0,2282.0
105.0,2271.63330078125,2433.12109375,2372.910888671875,2271.205322265625,2371.73828125,2271.63330078125,2433.12109375,2372.910888671875,2522.0,2282.0
105.25,2272.86767578125,2434.436767578125,2372.914306640625,2269.9853515625,2371.74169921875,2272.86767578125,2434.436767578125,2372.914306640625,2522.0,2282.0
105.5,2271.634765625,2433.12158203125,2372.9150390625,2269.97998046875,2371.7421875,2271.634765625,2433.12158203125,2372.9150390625,2522.0,2282.0
105.75,2271.635986328125,2433.122314453125,2372.913818359375,2269.981201171875,2371.740966796875,2271.635986328125,2433.122314453125,2372.913818359375,2522.0,2282.0
106.0,2271.63720703125,2433.129638671875,2372.9169921875,2269.982421875,2371.744140625,2271.63720703125,2433.129638671875,2372.9169921875,2522.0,2282.0
106.25,2271.63232421875,2433.131591796875,2372.93798828125,2269.977294921875,2371.76513671875,2271.63232421875,2433.131591796875,2372.93798828125,2522.0,2282.0
106.5,2260.76806640625,2434.32763671875,2372.5634765625,2259.00048828125,2371.495849609375,2260.76806640625,2434.32763671875,2372.5634765625,2522.0,2282.0
106.75,2260.766845703125,2434.328369140625,2373.84912109375,2258.9990234375,2371.49951171875,2260.766845703125,2434.328369140625,2373.84912109375,2522.0,2282.0
107.0,2260.7236328125,2434.324951171875,2372.562255859375,2258.954833984375,2371.494873046875,2260.7236328125,2434.324951171875,2372.562255859375,2522.0,2282.0
107.25,2260.721435546875,2434.325439453125,2372.5625,2260.173583984375,2371.4951171875,2260.721435546875,2434.325439453125,2372.5625,2522.0,2282.0
107.5,2260.720458984375,2434.325439453125,2372.5595703125,2260.17236328125,2371.492431640625,2260.720458984375,2434.325439453125,2372.5595703125,2522.0,2282.0
107.75,2261.951171875,2434.3251953125,2372.56298828125,2258.9609375,2371.49560546875,2261.951171875,2434.3251953125,2372.56298828125,2522.0,2282.0
108.0,2260.721435546875,2434.324951171875,2372.56396484375,2258.952880859375,2371.496826171875,2260.721435546875,2434.324951171875,2372.56396484375,2522.0,2282.0
108.25,2260.720458984375,2434.33154296875,2372.56298828125,2258.951904296875,2371.49560546875,2260.720458984375,2434.33154296875,2372.56298828125,2522.0,2282.0
108.5,2278.287841796875,2433.16748046875,2376.749267578125,2276.72216796875,2377.077880859375,2278.287841796875,2433.16748046875,2376.749267578125,2522.0,2282.0
108.75,2278.3017578125,2433.16650390625,2376.749755859375,2276.73681640625,2375.794677734375,2278.3017578125,2433.16650390625,2376.749755859375,2522.0,2282.0
109.0,2278.285400390625,2433.16845703125,2376.75,2276.719482421875,2375.794921875,2278.285400390625,2433.16845703125,2376.75,2522.0,2282.0
109.25,2278.28662109375,2433.167724609375,2376.750244140625,2276.720703125,2375.79541015625,2278.28662109375,2433.167724609375,2376.750244140625,2522.0,2282.0
109.5,2278.31640625,2433.17138671875,2376.74609375,2277.98095703125,2375.791015625,2278.31640625,2433.17138671875,2376.74609375,2522.0,2282.0
109.75,2278.28662109375,2433.167236328125,2376.749267578125,2276.720947265625,2375.79443359375,2278.28662109375,2433.167236328125,2376.749267578125,2522.0,2282.0
110.0,2278.28515625,2433.167236328125,2376.75,2276.71923828125,2375.794921875,2278.28515625,2433.167236328125,2376.75,2522.0,2282.0
110.25,2278.292724609375,2433.1689453125,2376.753173828125,2276.72705078125,2375.79833984375,2278.292724609375,2433.1689453125,2376.753173828125,2522.0,2282.0
110.5,2295.428466796875,2435.43798828125,2381.03076171875,2294.064453125,2380.156005859375,2295.428466796875,2435.43798828125,2381.03076171875,2522.0,2282.0
110.75,2295.441650390625,2435.43310546875,2381.013671875,2294.078369140625,2380.138916015625,2295.441650390625,2435.43310546875,2381.013671875,2522.0,2282.0
111.0,2295.4287109375,2435.434326171875,2382.30126953125,2294.064697265625,2380.139892578125,2295.4287109375,2435.434326171875,2382.30126953125,2522.0,2282.0
111.25,2295.429931640625,2435.435546875,2381.014892578125,2294.06591796875,2380.14013671875,2295.429931640625,2435.435546875,2381.014892578125,2522.0,2282.0
111.5,2295.430419921875,2435.435791015625,2381.021728515625,2294.066650390625,2380.14697265625,2295.430419921875,2435.435791015625,2381.021728515625,2522.0,2282.0
111.75,2295.42724609375,2435.434326171875,2381.015380859375,2294.063232421875,2380.140625,2295.42724609375,2435.434326171875,2381.015380859375,2522.0,2282.0
112.0,2295.429931640625,2435.43505859375,2381.015380859375,2294.06591796875,2380.140625,2295.429931640625,2435.43505859375,2381.015380859375,2522.0,2282.0
112.25,2295.4560546875,2435.438720703125,2381.0146484375,2294.092041015625,2380.14013671875,2295.4560546875,2435.438720703125,2381.0146484375,2522.0,2282.0
112.5,2318.351806640625,2434.455810546875,2387.662109375,2317.245361328125,2386.990234375,2318.351806640625,2434.455810546875,2387.662109375,2522.0,2282.0
112.75,2318.34912109375,2434.46337890625,2387.65673828125,2317.24267578125,2388.275390625,2318.34912109375,2434.46337890625,2387.65673828125,2522.0,2282.0
113.0,2318.376708984375,2434.46240234375,2388.94091796875,2317.2705078125,2386.97900390625,2318.376708984375,2434.46240234375,2388.94091796875,2522.0,2282.0
113.25,2318.349365234375,2434.460205078125,2387.64599609375,2318.494873046875,2386.97412109375,2318.349365234375,2434.460205078125,2387.64599609375,2522.0,2282.0
113.5,2318.388916015625,2434.45751953125,2387.646484375,2317.2822265625,2386.974609375,2318.388916015625,2434.45751953125,2387.646484375,2522.0,2282.0
113.75,2319.60009765625,2434.460205078125,2387.6474609375,2317.24072265625,2386.975830078125,2319.60009765625,2434.460205078125,2387.6474609375,2522.0,2282.0
114.0,2318.347900390625,2434.46044921875,2387.648681640625,2317.2412109375,2386.97705078125,2318.347900390625,2434.46044921875,2387.648681640625,2522.0,2282.0
114.25,2318.34814453125,2434.460693359375,2387.649658203125,2317.24169921875,2386.97802734375,2318.34814453125,2434.460693359375,2387.649658203125,2522.0,2282.0
114.5,2330.733642578125,2436.0556640625,2389.9150390625,2329.66015625,2389.302978515625,2330.733642578125,2436.0556640625,2389.9150390625,2522.0,2282.0
114.75,2330.734130859375,2436.056884765625,2389.930908203125,2329.66064453125,2389.318603515625,2330.734130859375,2436.056884765625,2389.930908203125,2522.0,2282.0
115.0,2330.740234375,2436.052490234375,2389.92431640625,2329.667236328125,2389.312744140625,2330.740234375,2436.052490234375,2389.92431640625,2522.0,2282.0
115.25,2330.732177734375,2436.0556640625,2391.207275390625,2329.65869140625,2389.303955078125,2330.732177734375,2436.0556640625,2391.207275390625,2522.0,2282.0
115.5,2330.73291015625,2436.056884765625,2389.9150390625,2329.659423828125,2389.30322265625,2330.73291015625,2436.056884765625,2389.9150390625,2522.0,2282.0
115.75,2330.769775390625,2436.0537109375,2389.913818359375,2329.696044921875,2389.3017578125,2330.769775390625,2436.0537109375,2389.913818359375,2522.0,2282.0
116.0,2331.99658203125,2436.056396484375,2389.915283203125,2329.663330078125,2389.30322265625,2331.99658203125,2436.056396484375,2389.915283203125,2522.0,2282.0
116.25,2330.732666015625,2436.056640625,2389.91650390625,2329.6591796875,2389.3046875,2330.732666015625,2436.056640625,2389.91650390625,2522.0,2282.0
116.5,2331.42578125,2438.892333984375,2391.58251953125,2330.244384765625,2391.13671875,2331.42578125,2438.892333984375,2391.58251953125,2522.0,2282.0
116.75,2331.425537109375,2437.5712890625,2391.599365234375,2330.244384765625,2391.153564453125,2331.425537109375,2437.5712890625,2391.599365234375,2522.0,2282.0
117.0,2331.42626953125,2437.576904296875,2391.591796875,2330.2451171875,2391.146484375,2331.42626953125,2437.576904296875,2391.591796875,2522.0,2282.0
117.25,2331.435302734375,2437.5751953125,2392.87548828125,2330.254638671875,2391.13720703125,2331.435302734375,2437.5751953125,2392.87548828125,2522.0,2282.0
117.5,2331.4287109375,2437.5751953125,2391.582763671875,2330.24755859375,2391.136962890625,2331.4287109375,2437.5751953125,2391.582763671875,2522.0,2282.0
117.75,2331.42724609375,2437.576416015625,2391.582763671875,2330.245849609375,2391.136962890625,2331.42724609375,2437.576416015625,2391.582763671875,2522.0,2282.0
118.0,2331.46337890625,2437.57275390625,2391.581787109375,2330.2822265625,2391.1357421875,2331.46337890625,2437.57275390625,2391.581787109375,2522.0,2282.0
118.25,2332.691650390625,2437.57568359375,2391.58447265625,2330.250732421875,2391.138671875,2332.691650390625,2437.57568359375,2391.58447265625,2522.0,2282.0
118.5,2341.43994140625,2440.2431640625,2393.502685546875,2340.288818359375,2393.1484375,2341.43994140625,2440.2431640625,2393.502685546875,2522.0,2282.0
118.75,2341.440673828125,2438.91455078125,2393.5078125,2340.28955078125,2393.1533203125,2341.440673828125,2438.91455078125,2393.5078125,2522.0,2282.0
119.0,2341.439208984375,2438.9150390625,2393.5068359375,2340.2880859375,2393.15283203125,2341.439208984375,2438.9150390625,2393.5068359375,2522.0,2282.0
119.25,2341.438720703125,2438.9140625,2393.499755859375,2340.28759765625,2393.145263671875,2341.438720703125,2438.9140625,2393.499755859375,2522.0,2282.0
119.5,2341.4423828125,2438.914306640625,2393.496826171875,2340.291015625,2393.142578125,2341.4423828125,2438.914306640625,2393.496826171875,2522.0,2282.0
119.75,2341.44287109375,2438.914794921875,2393.49755859375,2340.291748046875,2393.143310546875,2341.44287109375,2438.914794921875,2393.49755859375,2522.0,2282.0
120.0,2341.439453125,2438.9150390625,2393.49951171875,2340.2880859375,2393.14501953125,2341.439453125,2438.9150390625,2393.49951171875,2522.0,2282.0
120.25,2341.44140625,2438.915283203125,2393.493896484375,2341.554931640625,2393.139404296875,2341.44140625,2438.915283203125,2393.493896484375,2522.0,2282.0
120.5,2352.2109375,2441.542236328125,2395.56005859375,2351.22705078125,2395.1611328125,2352.2109375,2441.542236328125,2395.56005859375,2522.0,2282.0
120.75,2352.189453125,2441.531005859375,2395.557373046875,2351.205322265625,2395.158447265625,2352.189453125,2441.531005859375,2395.557373046875,2522.0,2282.0
121.0,2352.1923828125,2440.20703125,2395.564697265625,2351.208251953125,2396.460205078125,2352.1923828125,2440.20703125,2395.564697265625,2522.0,2282.0
121.25,2352.189208984375,2440.206787109375,2395.5595703125,2351.205078125,2396.45556640625,2352.189208984375,2440.206787109375,2395.5595703125,2522.0,2282.0
121.5,2352.199951171875,2440.21044921875,2396.844482421875,2351.21630859375,2395.15087890625,2352.199951171875,2440.21044921875,2396.844482421875,2522.0,2282.0
121.75,2352.189697265625,2440.211181640625,2395.551025390625,2351.20556640625,2395.152099609375,2352.189697265625,2440.211181640625,2395.551025390625,2522.0,2282.0
122.0,2352.18994140625,2440.21044921875,2395.55078125,2351.205810546875,2395.15185546875,2352.18994140625,2440.21044921875,2395.55078125,2522.0,2282.0
122.25,2352.220703125,2440.210693359375,2395.548095703125,2351.236572265625,2395.149169921875,2352.220703125,2440.210693359375,2395.548095703125,2522.0,2282.0
122.5,2358.935791015625,2440.541259765625,2396.5263671875,2357.949462890625,2396.189697265625,2358.935791015625,2440.541259765625,2396.5263671875,2522.0,2282.0
122.75,2358.9052734375,2440.553466796875,2396.525634765625,2357.919189453125,2396.189208984375,2358.9052734375,2440.553466796875,2396.525634765625,2522.0,2282.0
123.0,2358.9267578125,2440.54443359375,2396.51806640625,2357.9404296875,2396.181640625,2358.9267578125,2440.54443359375,2396.51806640625,2522.0,2282.0
123.25,2358.906494140625,2440.542724609375,2396.518310546875,2357.920166015625,2396.181640625,2358.906494140625,2440.542724609375,2396.518310546875,2522.0,2282.0
123.5,2358.906005859375,2440.543212890625,2396.525390625,2357.919677734375,2397.484130859375,2358.906005859375,2440.543212890625,2396.525390625,2522.0,2282.0
123.75,2358.91552734375,2440.541748046875,2397.812744140625,2357.9296875,2396.18115234375,2358.91552734375,2440.541748046875,2397.812744140625,2522.0,2282.0
124.0,2358.9072265625,2440.5419921875,2396.517333984375,2357.9208984375,2396.1806640625,2358.9072265625,2440.5419921875,2396.517333984375,2522.0,2282.0
124.25,2358.906982421875,2440.543212890625,2396.51806640625,2357.920654296875,2396.181640625,2358.906982421875,2440.543212890625,2396.51806640625,2522.0,2282.0
124.5,2354.36572265625,2440.73681640625,2394.786865234375,2353.285888671875,2394.394287109375,2354.36572265625,2440.73681640625,2394.786865234375,2522.0,2282.0
124.75,2354.395751953125,2440.737548828125,2394.782958984375,2353.31591796875,2394.390380859375,2354.395751953125,2440.737548828125,2394.782958984375,2522.0,2282.0
125.0,2354.3818359375,2442.069091796875,2394.78564453125,2353.302001953125,2394.39306640625,2354.3818359375,2442.069091796875,2394.78564453125,2522.0,2282.0
125.25,2354.3837890625,2442.05859375,2394.785400390625,2353.30419921875,2394.392822265625,2354.3837890625,2442.05859375,2394.785400390625,2522.0,2282.0
125.5,2354.365966796875,2440.733154296875,2394.784912109375,2353.2861328125,2394.392333984375,2354.365966796875,2440.733154296875,2394.784912109375,2522.0,2282.0
125.75,2354.364013671875,2440.7373046875,2394.79443359375,2353.284423828125,2395.696044921875,2354.364013671875,2440.7373046875,2394.79443359375,2522.0,2282.0
126.0,2354.3662109375,2440.7373046875,2396.08154296875,2353.28662109375,2394.394775390625,2354.3662109375,2440.7373046875,2396.08154296875,2522.0,2282.0
126.25,2354.376953125,2440.736328125,2394.784912109375,2353.2978515625,2394.392333984375,2354.376953125,2440.736328125,2394.784912109375,2522.0,2282.0
126.5,2359.036865234375,2441.035400390625,2395.584228515625,2357.98876953125,2395.22021484375,2359.036865234375,2441.035400390625,2395.584228515625,2522.0,2282.0
126.75,2359.03369140625,2441.036376953125,2395.584716796875,2359.259765625,2395.220947265625,2359.03369140625,2441.036376953125,2395.584716796875,2522.0,2282.0
127.0,2359.0634765625,2441.034423828125,2395.5908203125,2358.015380859375,2395.22705078125,2359.0634765625,2441.034423828125,2395.5908203125,2522.0,2282.0
127.25,2359.03466796875,2442.365234375,2395.589599609375,2357.986328125,2395.225830078125,2359.03466796875,2442.365234375,2395.589599609375,2522.0,2282.0
127.5,2359.0556640625,2441.035400390625,2395.58447265625,2358.007568359375,2395.220458984375,2359.0556640625,2441.035400390625,2395.58447265625,2522.0,2282.0
127.75,2359.035400390625,2441.03564453125,2395.584716796875,2357.9873046875,2395.220947265625,2359.035400390625,2441.03564453125,2395.584716796875,2522.0,2282.0
128.0,2359.03515625,2441.034912109375,2395.5908203125,2357.987060546875,2396.521728515625,2359.03515625,2441.034912109375,2395.5908203125,2522.0,2282.0
128.25,2359.0361328125,2441.03564453125,2396.8798828125,2357.98779296875,2395.221435546875,2359.0361328125,2441.03564453125,2396.8798828125,2522.0,2282.0
128.5,2355.3984375,2440.90380859375,2395.25390625,2354.35107421875,2394.85888671875,2355.3984375,2440.90380859375,2395.25390625,2522.0,2282.0
128.75,2355.39697265625,2440.904296875,2395.25390625,2354.349853515625,2394.85888671875,2355.39697265625,2440.904296875,2395.25390625,2522.0,2282.0
129.0,2355.396728515625,2440.90478515625,2395.251220703125,2355.621826171875,2394.856201171875,2355.396728515625,2440.90478515625,2395.251220703125,2522.0,2282.0
129.25,2356.673828125,2440.90478515625,2395.261474609375,2354.353759765625,2394.866455078125,2356.673828125,2440.90478515625,2395.261474609375,2522.0,2282.0
129.5,2355.41650390625,2442.236083984375,2395.26123046875,2354.369140625,2394.8662109375,2355.41650390625,2442.236083984375,2395.26123046875,2522.0,2282.0
129.75,2355.3974609375,2440.904541015625,2395.25439453125,2354.35009765625,2394.859375,2355.3974609375,2440.904541015625,2395.25439453125,2522.0,2282.0
130.0,2355.399169921875,2440.900634765625,2395.2548828125,2354.351806640625,2394.85986328125,2355.399169921875,2440.900634765625,2395.2548828125,2522.0,2282.0
130.25,2355.394775390625,2440.904296875,2395.26220703125,2354.34765625,2396.161865234375,2355.394775390625,2440.904296875,2395.26220703125,2522.0,2282.0
130.5,2356.77197265625,2440.61962890625,2398.3984375,2355.879638671875,2396.791748046875,2356.77197265625,2440.61962890625,2398.3984375,2522.0,2282.0
130.75,2356.76220703125,2440.619873046875,2397.104248046875,2355.869384765625,2396.79296875,2356.76220703125,2440.619873046875,2397.104248046875,2522.0,2282.0
131.0,2356.76318359375,2440.619873046875,2397.10498046875,2355.870361328125,2396.7939453125,2356.76318359375,2440.619873046875,2397.10498046875,2522.0,2282.0
131.25,2356.79296875,2440.617919921875,2397.102294921875,2355.900146484375,2396.791259765625,2356.79296875,2440.617919921875,2397.102294921875,2522.0,2282.0
131.5,2358.040771484375,2440.6201171875,2397.10986328125,2355.87451171875,2396.798828125,2358.040771484375,2440.6201171875,2397.10986328125,2522.0,2282.0
131.75,2356.783935546875,2441.941162109375,2397.111572265625,2355.89111328125,2396.800537109375,2356.783935546875,2441.941162109375,2397.111572265625,2522.0,2282.0
132.0,2356.764404296875,2440.62060546875,2397.104248046875,2355.87158203125,2396.793212890625,2356.764404296875,2440.62060546875,2397.104248046875,2522.0,2282.0
132.25,2356.763916015625,2440.6162109375,2397.105224609375,2355.87109375,2396.794189453125,2356.763916015625,2440.6162109375,2397.105224609375,2522.0,2282.0
132.5,2358.824951171875,2440.000244140625,2396.60498046875,2357.967041015625,2397.5546875,2358.824951171875,2440.000244140625,2396.60498046875,2522.0,2282.0
132.75,2358.835205078125,2440.00048828125,2397.890869140625,2357.9775390625,2396.25,2358.835205078125,2440.00048828125,2397.890869140625,2522.0,2282.0
133.0,2358.827392578125,2440.0009765625,2396.595458984375,2357.96923828125,2396.249755859375,2358.827392578125,2440.0009765625,2396.595458984375,2522.0,2282.0
133.25,2358.82666015625,2439.999755859375,2396.597900390625,2357.968505859375,2396.25244140625,2358.82666015625,2439.999755859375,2396.597900390625,2522.0,2282.0
133.5,2358.85546875,2439.998779296875,2396.593017578125,2357.997314453125,2396.24755859375,2358.85546875,2439.998779296875,2396.593017578125,2522.0,2282.0
133.75,2360.103515625,2440.00146484375,2396.603759765625,2357.970947265625,2396.258056640625,2360.103515625,2440.00146484375,2396.603759765625,2522.0,2282.0
134.0,2358.826904296875,2441.320068359375,2396.6044921875,2357.96875,2396.2587890625,2358.826904296875,2441.320068359375,2396.6044921875,2522.0,2282.0
134.25,2358.846923828125,2440.003173828125,2396.596435546875,2357.98876953125,2396.250732421875,2358.846923828125,2440.003173828125,2396.596435546875,2522.0,2282.0
134.5,2358.336181640625,2440.3671875,2397.449462890625,2357.475830078125,2397.1357421875,2358.336181640625,2440.3671875,2397.449462890625,2522.0,2282.0
134.75,2358.333984375,2440.372314453125,2397.45751953125,2357.473876953125,2398.439697265625,2358.333984375,2440.372314453125,2397.45751953125,2522.0,2282.0
135.0,2358.333251953125,2440.37109375,2398.74560546875,2357.47314453125,2397.13623046875,2358.333251953125,2440.37109375,2398.74560546875,2522.0,2282.0
135.25,2358.333740234375,2440.371826171875,2397.447998046875,2357.473388671875,2397.13427734375,2358.333740234375,2440.371826171875,2397.447998046875,2522.0,2282.0
135.5,2358.33447265625,2440.371826171875,2397.44970703125,2357.474365234375,2397.135986328125,2358.33447265625,2440.371826171875,2397.44970703125,2522.0,2282.0
135.75,2358.364013671875,2440.369873046875,2397.446533203125,2357.503662109375,2397.1328125,2358.364013671875,2440.369873046875,2397.446533203125,2522.0,2282.0
136.0,2359.61279296875,2440.371826171875,2397.45703125,2357.47802734375,2397.143310546875,2359.61279296875,2440.371826171875,2397.45703125,2522.0,2282.0
136.25,2358.329345703125,2440.38232421875,2397.457763671875,2357.468994140625,2397.14404296875,2358.329345703125,2440.38232421875,2397.457763671875,2522.0,2282.0
136.5,2358.49560546875,2441.497314453125,2397.710693359375,2357.635498046875,2397.397216796875,2358.49560546875,2441.497314453125,2397.710693359375,2522.0,2282.0
136.75,2358.495849609375,2440.172607421875,2397.72412109375,2357.6357421875,2398.7060546875,2358.495849609375,2440.172607421875,2397.72412109375,2522.0,2282.0
137.0,2358.494873046875,2440.177001953125,2397.7197265625,2357.634765625,2398.701904296875,2358.494873046875,2440.177001953125,2397.7197265625,2522.0,2282.0
137.25,2358.504150390625,2440.177001953125,2399.006591796875,2357.64404296875,2397.397216796875,2358.504150390625,2440.177001953125,2399.006591796875,2522.0,2282.0
137.5,2358.49658203125,2440.1767578125,2397.711669921875,2357.63623046875,2397.39794921875,2358.49658203125,2440.1767578125,2397.711669921875,2522.0,2282.0
137.75,2358.494384765625,2440.176513671875,2397.7109375,2357.634033203125,2397.3974609375,2358.494384765625,2440.176513671875,2397.7109375,2522.0,2282.0
138.0,2358.5234375,2440.177978515625,2397.7080078125,2357.6630859375,2397.394287109375,2358.5234375,2440.177978515625,2397.7080078125,2522.0,2282.0
138.25,2358.498046875,2440.177001953125,2397.719482421875,2357.6376953125,2397.406005859375,2358.498046875,2440.177001953125,2397.719482421875,2522.0,2282.0
138.5,2355.052490234375,2441.2548828125,2397.7333984375,2354.189208984375,2397.4521484375,2355.052490234375,2441.2548828125,2397.7333984375,2522.0,2282.0
138.75,2355.033935546875,2439.934326171875,2397.73193359375,2354.170654296875,2397.45068359375,2355.033935546875,2439.934326171875,2397.73193359375,2522.0,2282.0
139.0,2355.033447265625,2439.933349609375,2397.731689453125,2354.170166015625,2397.450439453125,2355.033447265625,2439.933349609375,2397.731689453125,2522.0,2282.0
139.25,2355.03173828125,2439.93359375,2397.738525390625,2354.16845703125,2398.753173828125,2355.03173828125,2439.93359375,2397.738525390625,2522.0,2282.0
139.5,2355.04248046875,2439.93359375,2399.026611328125,2354.179443359375,2397.449462890625,2355.04248046875,2439.93359375,2399.026611328125,2522.0,2282.0
139.75,2355.035888671875,2439.93359375,2397.731201171875,2354.17236328125,2397.44970703125,2355.035888671875,2439.93359375,2397.731201171875,2522.0,2282.0
140.0,2355.032470703125,2439.933837890625,2397.730712890625,2354.169189453125,2397.449462890625,2355.032470703125,2439.933837890625,2397.730712890625,2522.0,2282.0
140.25,2355.06396484375,2439.93212890625,2397.728271484375,2354.20068359375,2397.447021484375,2355.06396484375,2439.93212890625,2397.728271484375,2522.0,2282.0
140.5,2356.260009765625,2439.696044921875,2396.59814453125,2354.13037109375,2396.2216796875,2356.260009765625,2439.696044921875,2396.59814453125,2522.0,2282.0
140.75,2355.00390625,2441.016845703125,2396.602783203125,2354.14697265625,2396.226318359375,2355.00390625,2441.016845703125,2396.602783203125,2522.0,2282.0
141.0,2354.98486328125,2439.697998046875,2396.599853515625,2354.127685546875,2396.223388671875,2354.98486328125,2439.697998046875,2396.599853515625,2522.0,2282.0
141.25,2354.983642578125,2439.696044921875,2396.599853515625,2354.12646484375,2396.223388671875,2354.983642578125,2439.696044921875,2396.599853515625,2522.0,2282.0
141.5,2354.98388671875,2439.693115234375,2396.611572265625,2354.126708984375,2397.52978515625,2354.98388671875,2439.693115234375,2396.611572265625,2522.0,2282.0
141.75,2354.99267578125,2439.694091796875,2396.59912109375,2354.135986328125,2396.222412109375,2354.99267578125,2439.694091796875,2396.59912109375,2522.0,2282.0
142.0,2354.983154296875,2439.695556640625,2396.598388671875,2354.1259765625,2396.221923828125,2354.983154296875,2439.695556640625,2396.598388671875,2522.0,2282.0
142.25,2354.985107421875,2439.69580078125,2396.59814453125,2354.128173828125,2396.2216796875,2354.985107421875,2439.69580078125,2396.59814453125,2522.0,2282.0
142.5,2355.9052734375,2439.08154296875,2395.513916015625,2356.295654296875,2395.044189453125,2355.9052734375,2439.08154296875,2395.513916015625,2522.0,2282.0
142.75,2357.182861328125,2439.0810546875,2395.517333984375,2355.027099609375,2395.047607421875,2357.182861328125,2439.0810546875,2395.517333984375,2522.0,2282.0
143.0,2355.90673828125,2439.081787109375,2395.51904296875,2355.024169921875,2395.04931640625,2355.90673828125,2439.081787109375,2395.51904296875,2522.0,2282.0
143.25,2355.906005859375,2440.40185546875,2395.51806640625,2355.0234375,2395.04833984375,2355.906005859375,2440.40185546875,2395.51806640625,2522.0,2282.0
143.5,2355.90625,2439.081298828125,2395.517578125,2355.023681640625,2395.0478515625,2355.90625,2439.081298828125,2395.517578125,2522.0,2282.0
143.75,2355.90478515625,2439.08203125,2395.53125,2355.022216796875,2395.0615234375,2355.90478515625,2439.08203125,2395.53125,2522.0,2282.0
144.0,2355.904296875,2439.078125,2395.524658203125,2355.02197265625,2395.05517578125,2355.904296875,2439.078125,2395.524658203125,2522.0,2282.0
144.25,2355.906005859375,2439.080810546875,2396.8125,2355.0234375,2395.048095703125,2355.906005859375,2439.080810546875,2396.8125,2522.0,2282.0
144.5,2367.3154296875,2440.498779296875,2399.134033203125,2366.42138671875,2398.884765625,2367.3154296875,2440.498779296875,2399.134033203125,2522.0,2282.0
144.75,2367.318115234375,2440.498779296875,2399.133056640625,2367.70263671875,2398.8837890625,2367.318115234375,2440.498779296875,2399.133056640625,2522.0,2282.0
145.0,2368.599365234375,2440.497802734375,2399.138916015625,2366.426025390625,2398.8896484375,2368.599365234375,2440.497802734375,2399.138916015625,2522.0,2282.0
145.25,2367.3173828125,2440.499267578125,2399.134521484375,2366.423095703125,2398.88525390625,2367.3173828125,2440.499267578125,2399.134521484375,2522.0,2282.0
145.5,2367.318359375,2440.498779296875,2399.13525390625,2366.424072265625,2398.885986328125,2367.318359375,2440.498779296875,2399.13525390625,2522.0,2282.0
145.75,2367.339599609375,2440.499267578125,2399.154541015625,2366.4453125,2400.201904296875,2367.339599609375,2440.499267578125,2399.154541015625,2522.0,2282.0
146.0,2367.317138671875,2440.497802734375,2399.133544921875,2366.423095703125,2398.884033203125,2367.317138671875,2440.497802734375,2399.133544921875,2522.0,2282.0
146.25,2367.31982421875,2440.49853515625,2399.134765625,2366.42578125,2398.885498046875,2367.31982421875,2440.49853515625,2399.134765625,2522.0,2282.0
146.5,2378.42333984375,2441.519775390625,2400.572998046875,2377.568359375,2400.256591796875,2378.42333984375,2441.519775390625,2400.572998046875,2522.0,2282.0
146.75,2378.449951171875,2441.520263671875,2400.56494140625,2377.594970703125,2400.24853515625,2378.449951171875,2441.520263671875,2400.56494140625,2522.0,2282.0
147.0,2378.428466796875,2441.520751953125,2400.56787109375,2377.5732421875,2400.25146484375,2378.428466796875,2441.520751953125,2400.56787109375,2522.0,2282.0
147.25,2378.424072265625,2441.51953125,2400.56640625,2377.569091796875,2400.250244140625,2378.424072265625,2441.51953125,2400.56640625,2522.0,2282.0
147.5,2378.426025390625,2441.519775390625,2400.568115234375,2377.571044921875,2400.251953125,2378.426025390625,2441.519775390625,2400.568115234375,2522.0,2282.0
147.75,2378.425048828125,2441.519775390625,2400.568115234375,2377.56982421875,2400.251708984375,2378.425048828125,2441.519775390625,2400.568115234375,2522.0,2282.0
148.0,2378.426513671875,2441.514892578125,2400.585693359375,2377.571533203125,2401.56689453125,2378.426513671875,2441.514892578125,2400.585693359375,2522.0,2282.0
148.25,2380.78759765625,2442.037109375,2402.298828125,2379.923828125,2400.709228515625,2380.78759765625,2442.037109375,2402.298828125,2522.0,2282.0
148.5,2383.34326171875,2442.113525390625,2404.038818359375,2382.472412109375,2403.97509765625,2383.34326171875,2442.113525390625,2404.038818359375,2522.0,2282.0
148.75,2383.34423828125,2442.114013671875,2404.037841796875,2382.473388671875,2403.973876953125,2383.34423828125,2442.114013671875,2404.037841796875,2522.0,2282.0
149.0,2383.347412109375,2442.1142578125,2404.037109375,2383.76416015625,2403.97314453125,2383.347412109375,2442.1142578125,2404.037109375,2522.0,2282.0
149.25,2383.345458984375,2443.43310546875,2404.03759765625,2382.474609375,2403.973876953125,2383.345458984375,2443.43310546875,2404.03759765625,2522.0,2282.0
149.5,2383.348876953125,2442.11328125,2404.03857421875,2382.47802734375,2403.974609375,2383.348876953125,2442.11328125,2404.03857421875,2522.0,2282.0
149.75,2383.346923828125,2442.114013671875,2404.037109375,2382.47607421875,2403.97314453125,2383.346923828125,2442.114013671875,2404.037109375,2522.0,2282.0
150.0,2383.34765625,2442.113525390625,2404.050537109375,2382.476806640625,2405.28564453125,2383.34765625,2442.113525390625,2404.050537109375,2522.0,2282.0
150.25,2383.347412109375,2442.11083984375,2404.43505859375,2382.476806640625,2404.3720703125,2383.347412109375,2442.11083984375,2404.43505859375,2522.0,2282.0
150.5,2400.227783203125,2443.172607421875,2408.622314453125,2399.51904296875,2407.243896484375,2400.227783203125,2443.172607421875,2408.622314453125,2522.0,2282.0
150.75,2400.22216796875,2443.172119140625,2407.32275390625,2399.51318359375,2407.245361328125,2400.22216796875,2443.172119140625,2407.32275390625,2522.0,2282.0
151.0,2400.2373046875,2443.17529296875,2407.31884765625,2400.824951171875,2407.241455078125,2400.2373046875,2443.17529296875,2407.31884765625,2522.0,2282.0
151.25,2400.23974609375,2443.18212890625,2407.32275390625,2399.530517578125,2407.245361328125,2400.23974609375,2443.18212890625,2407.32275390625,2522.0,2282.0
151.5,2400.220947265625,2443.172607421875,2407.322998046875,2399.511962890625,2407.24560546875,2400.220947265625,2443.172607421875,2407.322998046875,2522.0,2282.0
151.75,2400.220703125,2443.1728515625,2407.32275390625,2399.51171875,2407.245361328125,2400.220703125,2443.1728515625,2407.32275390625,2522.0,2282.0
152.0,2400.21728515625,2443.1728515625,2407.323974609375,2399.50830078125,2407.24658203125,2400.21728515625,2443.1728515625,2407.323974609375,2522.0,2282.0
152.25,2400.33447265625,2444.3828125,2407.340576171875,2399.6240234375,2408.564208984375,2400.33447265625,2444.3828125,2407.340576171875,2522.0,2282.0
152.5,2420.51953125,2445.298095703125,2413.373046875,2419.880126953125,2413.694580078125,2420.51953125,2445.298095703125,2413.373046875,2522.0,2282.0
152.75,2420.521728515625,2445.296875,2413.37451171875,2419.882568359375,2413.6962890625,2420.521728515625,2445.296875,2413.37451171875,2522.0,2282.0
153.0,2420.521728515625,2445.305908203125,2413.3759765625,2419.88232421875,2413.69775390625,2420.521728515625,2445.305908203125,2413.3759765625,2522.0,2282.0
153.25,2420.532958984375,2445.2978515625,2413.369873046875,2419.8935546875,2413.69140625,2420.532958984375,2445.2978515625,2413.369873046875,2522.0,2282.0
153.5,2420.531982421875,2445.29736328125,2413.373779296875,2419.892578125,2413.695556640625,2420.531982421875,2445.29736328125,2413.372314453125,2522.0,2282.0
153.75,2420.51513671875,2445.296875,2413.380615234375,2419.8759765625,2413.7021484375,2420.51513671875,2445.296875,2413.380615234375,2522.0,2282.0
154.0,2420.516357421875,2445.2978515625,2413.379150390625,2419.876953125,2413.700927734375,2420.516357421875,2445.2978515625,2413.379150390625,2522.0,2282.0
154.25,2420.53564453125,2445.26611328125,2413.390625,2419.896484375,2415.0166015625,2420.53564453125,2445.26611328125,2413.390625,2522.0,2282.0
154.5,2435.40087890625,2444.814453125,2417.916259765625,2435.073974609375,2416.907470703125,2435.40087890625,2444.814453125,2417.916259765625,2522.0,2282.0
154.75,2435.400390625,2444.81640625,2416.608642578125,2435.0732421875,2416.906005859375,2435.400390625,2444.81640625,2416.608642578125,2522.0,2282.0
155.0,2435.400634765625,2444.82470703125,2416.60791015625,2435.073486328125,2416.9052734375,2435.400634765625,2444.82470703125,2416.60791015625,2522.0,2282.0
155.25,2435.396484375,2444.818115234375,2416.6123046875,2436.38525390625,2416.90966796875,2435.396484375,2444.818115234375,2416.6123046875,2522.0,2282.0
155.5,2435.402587890625,2444.817626953125,2416.6123046875,2435.075439453125,2416.90966796875,2435.402587890625,2444.817626953125,2416.6123046875,2522.0,2282.0
155.75,2435.40087890625,2444.81640625,2416.60986328125,2435.073974609375,2416.9072265625,2435.40087890625,2444.81640625,2416.60986328125,2522.0,2282.0
156.0,2435.39892578125,2444.81640625,2416.6083984375,2435.07177734375,2416.905517578125,2435.39892578125,2444.81640625,2416.6083984375,2522.0,2282.0
156.25,2435.39990234375,2444.818359375,2416.60888671875,2435.07275390625,2416.906005859375,2435.39990234375,2444.818359375,2416.60888671875,2522.0,2282.0
156.5,2413.81689453125,2441.87451171875,2413.867919921875,2413.495849609375,2414.074462890625,2413.81689453125,2441.87451171875,2413.867919921875,2522.0,2282.0
156.75,2413.82275390625,2441.868896484375,2413.878173828125,2413.501953125,2415.389404296875,2413.82275390625,2441.868896484375,2413.878173828125,2522.0,2282.0
157.0,2413.825927734375,2441.87060546875,2415.166015625,2413.5048828125,2414.067626953125,2413.825927734375,2441.87060546875,2415.166015625,2522.0,2282.0
157.25,2413.823974609375,2441.870849609375,2413.864501953125,2413.5029296875,2414.07080078125,2413.823974609375,2441.870849609375,2413.864501953125,2522.0,2282.0
157.5,2413.82177734375,2441.879150390625,2413.863525390625,2414.804931640625,2414.070068359375,2413.82177734375,2441.879150390625,2413.863525390625,2522.0,2282.0
157.75,2413.835205078125,2441.87109375,2413.8603515625,2413.51416015625,2414.06689453125,2413.835205078125,2441.87109375,2413.8603515625,2522.0,2282.0
158.0,2413.839111328125,2443.191162109375,2413.864013671875,2413.51806640625,2414.070556640625,2413.839111328125,2443.191162109375,2413.864013671875,2522.0,2282.0
158.25,2413.838134765625,2441.87158203125,2413.863037109375,2413.51708984375,2414.0693359375,2413.838134765625,2441.87158203125,2413.863037109375,2522.0,2282.0
158.5,2412.765869140625,2442.00927734375,2412.843505859375,2412.482421875,2412.95361328125,2412.765869140625,2442.00927734375,2412.843505859375,2522.0,2282.0
158.75,2412.764404296875,2442.01025390625,2412.84326171875,2412.48095703125,2412.953369140625,2412.764404296875,2442.01025390625,2412.84326171875,2522.0,2282.0
159.0,2412.763427734375,2442.00537109375,2412.851806640625,2412.47998046875,2414.265869140625,2412.763427734375,2442.00537109375,2412.851806640625,2522.0,2282.0
159.25,2412.767333984375,2442.007568359375,2412.841552734375,2412.484130859375,2412.95166015625,2412.767333984375,2442.007568359375,2412.841552734375,2522.0,2282.0
159.5,2412.76708984375,2442.009521484375,2414.1435546875,2412.483642578125,2412.94970703125,2412.76708984375,2442.009521484375,2414.1435546875,2522.0,2282.0
159.75,2412.76708984375,2442.010986328125,2412.84228515625,2413.787353515625,2412.952392578125,2412.76708984375,2442.010986328125,2412.84228515625,2522.0,2282.0
160.0,2412.78125,2442.009033203125,2412.837890625,2412.497802734375,2412.947998046875,2412.78125,2442.009033203125,2412.837890625,2522.0,2282.0
160.25,2414.092041015625,2443.330322265625,2412.84228515625,2412.504638671875,2412.952392578125,2414.092041015625,2443.330322265625,2412.84228515625,2522.0,2282.0
160.5,2400.438232421875,2443.3984375,2410.50146484375,2400.16748046875,2410.424560546875,2400.438232421875,2443.3984375,2410.50146484375,2522.0,2282.0
160.75,2400.437255859375,2442.078857421875,2410.500732421875,2400.166748046875,2410.423828125,2400.437255859375,2442.078857421875,2410.500732421875,2522.0,2282.0
161.0,2400.4365234375,2442.08251953125,2410.50048828125,2400.166015625,2410.423583984375,2400.4365234375,2442.08251953125,2410.50048828125,2522.0,2282.0
161.25,2400.435546875,2442.07958984375,2410.5068359375,2400.164794921875,2410.43017578125,2400.435546875,2442.07958984375,2410.5068359375,2522.0,2282.0
161.5,2400.435302734375,2442.078125,2410.5107421875,2400.164794921875,2410.43408203125,2400.435302734375,2442.078125,2410.5107421875,2522.0,2282.0
161.75,2400.435546875,2442.07861328125,2411.802490234375,2400.164794921875,2410.423095703125,2400.435546875,2442.07861328125,2411.802490234375,2522.0,2282.0
162.0,2400.438720703125,2442.078857421875,2410.500732421875,2400.168212890625,2410.423828125,2400.438720703125,2442.078857421875,2410.500732421875,2522.0,2282.0
162.25,2400.85693359375,2443.18603515625,2410.498046875,2400.59130859375,2410.421142578125,2400.85693359375,2443.18603515625,2410.498046875,2522.0,2282.0
162.5,2404.048583984375,2444.47314453125,2410.777587890625,2403.838623046875,2410.727294921875,2404.048583984375,2444.47314453125,2410.777587890625,2522.0,2282.0
162.75,2404.049560546875,2444.47314453125,2410.77783203125,2403.839599609375,2410.727294921875,2404.049560546875,2444.47314453125,2410.77783203125,2522.0,2282.0
163.0,2404.04931640625,2444.472412109375,2410.77685546875,2403.83935546875,2410.7265625,2404.04931640625,2444.472412109375,2410.77685546875,2522.0,2282.0
163.25,2404.049560546875,2444.47314453125,2410.778076171875,2403.839599609375,2410.7275390625,2404.049560546875,2444.47314453125,2410.778076171875,2522.0,2282.0
163.5,2404.047119140625,2444.47021484375,2410.78955078125,2403.837158203125,2412.0419921875,2404.047119140625,2444.47021484375,2410.78955078125,2522.0,2282.0
163.75,2404.047119140625,2444.47314453125,2410.7763671875,2403.837158203125,2410.7255859375,2404.047119140625,2444.47314453125,2410.7763671875,2522.0,2282.0
164.0,2404.05126953125,2444.472900390625,2410.77783203125,2403.84130859375,2410.727294921875,2404.05126953125,2444.472900390625,2410.77783203125,2522.0,2282.0
164.25,2397.07421875,2444.47265625,2410.375,2396.75927734375,2410.315185546875,2397.07421875,2444.47265625,2410.375,2522.0,2282.0
164.5,2389.239990234375,2442.82177734375,2406.837890625,2390.106201171875,2406.71044921875,2389.239990234375,2442.82177734375,2406.837890625,2522.0,2282.0
164.75,2390.534423828125,2444.140869140625,2406.842041015625,2388.818603515625,2406.71484375,2390.534423828125,2444.140869140625,2406.842041015625,2522.0,2282.0
165.0,2389.238525390625,2442.82080078125,2406.8427734375,2388.813720703125,2406.71533203125,2389.238525390625,2442.82080078125,2406.8427734375,2522.0,2282.0
165.25,2389.23779296875,2442.820068359375,2406.84375,2388.813232421875,2406.716552734375,2389.23779296875,2442.820068359375,2406.84375,2522.0,2282.0
165.5,2389.23876953125,2442.823974609375,2406.84326171875,2388.814208984375,2406.716064453125,2389.23876953125,2442.823974609375,2406.84326171875,2522.0,2282.0
165.75,2389.240966796875,2442.8203125,2406.843017578125,2388.81640625,2406.715576171875,2389.240966796875,2442.8203125,2406.843017578125,2522.0,2282.0
166.0,2389.2421875,2442.81689453125,2406.853759765625,2388.817626953125,2408.02685546875,2389.2421875,2442.81689453125,2406.853759765625,2522.0,2282.0
166.25,2383.19970703125,2442.821044921875,2406.47021484375,2382.773681640625,2406.350341796875,2383.19970703125,2442.821044921875,2406.47021484375,2522.0,2282.0
166.5,2376.45166015625,2440.91845703125,2403.827392578125,2376.021484375,2403.7646484375,2376.45166015625,2440.91845703125,2403.827392578125,2522.0,2282.0
166.75,2376.451904296875,2440.920166015625,2403.8330078125,2377.3056640625,2403.770263671875,2376.451904296875,2440.920166015625,2403.8330078125,2522.0,2282.0
167.0,2376.4716796875,2440.920166015625,2403.823974609375,2376.041748046875,2403.76123046875,2376.4716796875,2440.920166015625,2403.823974609375,2522.0,2282.0
167.25,2376.44921875,2440.918701171875,2403.82763671875,2376.01904296875,2403.764892578125,2376.44921875,2440.918701171875,2403.82763671875,2522.0,2282.0
167.5,2376.450927734375,2440.91943359375,2403.828857421875,2376.020751953125,2403.76611328125,2376.450927734375,2440.91943359375,2403.828857421875,2522.0,2282.0
167.75,2376.450439453125,2440.919189453125,2403.827880859375,2376.020263671875,2403.764892578125,2376.450439453125,2440.919189453125,2403.827880859375,2522.0,2282.0
168.0,2376.453125,2440.91943359375,2403.82763671875,2376.02294921875,2403.764892578125,2376.453125,2440.91943359375,2403.82763671875,2522.0,2282.0
168.25,2376.453369140625,2440.9189453125,2403.83642578125,2376.023193359375,2403.77392578125,2376.453369140625,2440.9189453125,2403.83642578125,2522.0,2282.0
168.5,2372.4033203125,2438.8515625,2405.030029296875,2371.8330078125,2406.466064453125,2372.4033203125,2438.8515625,2405.030029296875,2522.0,2282.0
168.75,2372.400390625,2438.853759765625,2406.313720703125,2371.830078125,2405.150390625,2372.400390625,2438.853759765625,2406.313720703125,2522.0,2282.0
169.0,2372.401123046875,2438.8544921875,2405.01318359375,2371.830810546875,2405.1494140625,2372.401123046875,2438.8544921875,2405.01318359375,2522.0,2282.0
169.25,2373.689453125,2438.86181640625,2405.0205078125,2371.837158203125,2405.156982421875,2373.689453125,2438.86181640625,2405.0205078125,2522.0,2282.0
169.5,2372.39599609375,2438.854248046875,2405.017822265625,2371.825439453125,2405.154052734375,2372.39599609375,2438.854248046875,2405.017822265625,2522.0,2282.0
169.75,2372.399169921875,2438.85400390625,2405.013671875,2371.82861328125,2405.14990234375,2372.399169921875,2438.85400390625,2405.013671875,2522.0,2282.0
170.0,2372.39990234375,2438.858642578125,2405.013916015625,2371.829345703125,2405.150146484375,2372.39990234375,2438.858642578125,2405.013916015625,2522.0,2282.0
170.25,2372.424072265625,2438.855712890625,2405.01318359375,2371.853515625,2405.1494140625,2372.424072265625,2438.855712890625,2405.01318359375,2522.0,2282.0
170.5,2341.162109375,2438.289306640625,2394.241943359375,2340.066650390625,2394.010009765625,2341.162109375,2438.289306640625,2394.241943359375,2522.0,2282.0
170.75,2341.158203125,2438.285888671875,2394.25390625,2340.062744140625,2394.02197265625,2341.158203125,2438.285888671875,2394.25390625,2522.0,2282.0
171.0,2341.158447265625,2438.28564453125,2394.23779296875,2340.06298828125,2394.006103515625,2341.158447265625,2438.28564453125,2394.23779296875,2522.0,2282.0
171.25,2341.162109375,2438.288818359375,2395.526123046875,2340.066650390625,2394.000244140625,2341.162109375,2438.288818359375,2395.526123046875,2522.0,2282.0
171.5,2341.160400390625,2438.2890625,2395.52685546875,2340.06494140625,2394.001220703125,2341.160400390625,2438.2890625,2395.52685546875,2522.0,2282.0
171.75,2341.185546875,2438.291259765625,2394.232666015625,2340.090087890625,2394.000732421875,2341.185546875,2438.291259765625,2394.232666015625,2522.0,2282.0
172.0,2342.430419921875,2438.299560546875,2394.231201171875,2340.06982421875,2393.999267578125,2342.430419921875,2438.299560546875,2394.231201171875,2522.0,2282.0
172.25,2342.4306640625,2438.298095703125,2394.233642578125,2340.070068359375,2394.001708984375,2342.4306640625,2438.298095703125,2394.233642578125,2522.0,2282.0
172.5,2291.883544921875,2439.642578125,2382.17041015625,2290.302734375,2381.56640625,2291.883544921875,2439.642578125,2382.17041015625,2522.0,2282.0
172.75,2293.12255859375,2438.32470703125,2382.16943359375,2290.30322265625,2381.565185546875,2293.12255859375,2438.32470703125,2382.16943359375,2522.0,2282.0
173.0,2291.875732421875,2438.33935546875,2382.16748046875,2290.294921875,2381.563232421875,2291.875732421875,2438.33935546875,2382.16748046875,2522.0,2282.0
173.25,2291.876220703125,2438.321044921875,2382.17333984375,2290.295166015625,2382.856689453125,2291.876220703125,2438.321044921875,2382.17333984375,2522.0,2282.0
173.5,2291.87939453125,2438.32373046875,2382.1640625,2290.298583984375,2381.56005859375,2291.87939453125,2438.32373046875,2382.1640625,2522.0,2282.0
173.75,2291.879638671875,2438.32470703125,2382.159912109375,2290.298583984375,2381.5556640625,2291.879638671875,2438.32470703125,2382.159912109375,2522.0,2282.0
174.0,2291.893310546875,2438.3232421875,2382.16064453125,2290.31298828125,2381.556396484375,2291.893310546875,2438.3232421875,2382.16064453125,2522.0,2282.0
174.25,2291.8779296875,2438.32421875,2382.1640625,2290.296875,2381.559814453125,2291.8779296875,2438.32421875,2382.1640625,2522.0,2282.0
174.5,2258.320556640625,2435.5849609375,2375.107421875,2256.6025390625,2374.26123046875,2258.320556640625,2435.5849609375,2375.107421875,2522.0,2282.0
174.75,2258.376708984375,2435.58056640625,2375.103271484375,2256.65869140625,2374.257080078125,2258.376708984375,2435.58056640625,2375.103271484375,2522.0,2282.0
175.0,2258.321044921875,2435.584716796875,2375.105712890625,2257.822509765625,2374.259521484375,2258.321044921875,2435.584716796875,2375.105712890625,2522.0,2282.0
175.25,2259.548583984375,2435.585205078125,2375.10498046875,2256.610107421875,2374.2587890625,2259.548583984375,2435.585205078125,2375.10498046875,2522.0,2282.0
175.5,2258.319091796875,2435.590576171875,2375.107177734375,2256.60107421875,2374.260986328125,2258.319091796875,2435.590576171875,2375.107177734375,2522.0,2282.0
175.75,2258.319580078125,2435.583251953125,2375.108154296875,2256.601318359375,2374.26220703125,2258.319580078125,2435.583251953125,2375.108154296875,2522.0,2282.0
176.0,2258.32275390625,2435.586181640625,2375.107177734375,2256.60498046875,2374.260986328125,2258.32275390625,2435.586181640625,2375.107177734375,2522.0,2282.0
176.25,2258.343994140625,2434.702880859375,2376.397705078125,2256.626708984375,2374.267822265625,2258.343994140625,2434.702880859375,2376.397705078125,2522.0,2282.0
176.5,2245.4375,2433.437255859375,2367.396484375,2243.32958984375,2366.22509765625,2245.4375,2433.437255859375,2367.396484375,2522.0,2282.0
176.75,2245.42529296875,2433.439453125,2367.40673828125,2243.31640625,2366.2353515625,2245.42529296875,2433.439453125,2367.40673828125,2522.0,2282.0
177.0,2245.42529296875,2433.439453125,2367.403564453125,2243.31640625,2366.232421875,2245.42529296875,2433.439453125,2367.403564453125,2522.0,2282.0
177.25,2245.476318359375,2433.438720703125,2367.393798828125,2243.367431640625,2366.222412109375,2245.476318359375,2433.438720703125,2367.393798828125,2522.0,2282.0
177.5,2246.637451171875,2433.43505859375,2367.39501953125,2243.315185546875,2366.2236328125,2246.637451171875,2433.43505859375,2367.39501953125,2522.0,2282.0
177.75,2245.41796875,2433.445556640625,2367.3974609375,2243.308837890625,2366.22607421875,2245.41796875,2433.445556640625,2367.3974609375,2522.0,2282.0
178.0,2245.41943359375,2433.44580078125,2367.396728515625,2243.310546875,2366.225341796875,2245.41943359375,2433.44580078125,2367.396728515625,2522.0,2282.0
178.25,2245.421142578125,2433.437255859375,2367.415283203125,2243.312255859375,2366.243896484375,2245.421142578125,2433.437255859375,2367.415283203125,2522.0,2282.0
178.5,2228.681396484375,2431.402099609375,2361.927978515625,2226.166259765625,2360.52880859375,2228.681396484375,2431.402099609375,2361.927978515625,2522.0,2282.0
178.75,2228.70166015625,2431.416259765625,2361.941162109375,2226.187744140625,2361.818359375,2228.70166015625,2431.416259765625,2361.941162109375,2522.0,2282.0
179.0,2228.701904296875,2431.40283203125,2363.206298828125,2226.18798828125,2360.530517578125,2228.701904296875,2431.40283203125,2363.206298828125,2522.0,2282.0
179.25,2228.680908203125,2431.405029296875,2361.928466796875,2226.165771484375,2360.529052734375,2228.680908203125,2431.405029296875,2361.928466796875,2522.0,2282.0
179.5,2228.678955078125,2432.719482421875,2361.92822265625,2226.163818359375,2360.529052734375,2228.678955078125,2432.719482421875,2361.92822265625,2522.0,2282.0
179.75,2228.68701171875,2431.407470703125,2361.9345703125,2227.374755859375,2360.535400390625,2228.68701171875,2431.407470703125,2361.9345703125,2522.0,2282.0
180.0,2229.897216796875,2431.405029296875,2361.9296875,2226.177978515625,2360.5302734375,2229.897216796875,2431.405029296875,2361.9296875,2522.0,2282.0
180.25,2228.62841796875,2430.06298828125,2357.22021484375,2226.115234375,2355.497802734375,2228.62841796875,2430.06298828125,2357.22021484375,2522.0,2282.0
180.5,2197.77734375,2429.268798828125,2355.17529296875,2195.259521484375,2353.32666015625,2197.77734375,2429.268798828125,2355.17529296875,2522.0,2282.0
180.75,2197.778076171875,2429.262451171875,2355.17724609375,2195.260009765625,2353.32861328125,2197.778076171875,2429.262451171875,2355.17724609375,2522.0,2282.0
181.0,2197.843505859375,2429.261474609375,2355.2099609375,2195.3271484375,2353.361083984375,2197.843505859375,2429.261474609375,2355.2099609375,2522.0,2282.0
181.25,2197.779296875,2429.274169921875,2355.19677734375,2195.261474609375,2354.62109375,2197.779296875,2429.274169921875,2355.19677734375,2522.0,2282.0
181.5,2197.77783203125,2429.26171875,2355.178466796875,2195.260009765625,2353.329833984375,2197.77783203125,2429.26171875,2355.178466796875,2522.0,2282.0
181.75,2197.77880859375,2429.261962890625,2355.177001953125,2196.447265625,2353.328369140625,2197.77880859375,2429.261962890625,2355.177001953125,2522.0,2282.0
182.0,2197.846435546875,2429.255615234375,2355.173095703125,2195.32861328125,2353.32421875,2197.846435546875,2429.255615234375,2355.173095703125,2522.0,2282.0
182.25,2198.97509765625,2429.261474609375,2355.1748046875,2195.269775390625,2353.325927734375,2198.97509765625,2429.261474609375,2355.1748046875,2522.0,2282.0
182.5,2136.88037109375,2427.272705078125,2337.783203125,2133.65478515625,2335.42822265625,2136.88037109375,2427.272705078125,2337.783203125,2522.0,2282.0
182.75,2136.794921875,2427.2646484375,2337.782958984375,2133.569091796875,2335.427978515625,2136.794921875,2427.2646484375,2337.782958984375,2522.0,2282.0
183.0,2136.79443359375,2427.264404296875,2337.78369140625,2133.56884765625,2335.4287109375,2136.79443359375,2427.264404296875,2337.78369140625,2522.0,2282.0
183.25,2136.799560546875,2427.26611328125,2337.782958984375,2133.573974609375,2335.427978515625,2136.799560546875,2427.26611328125,2337.782958984375,2522.0,2282.0
183.5,2136.802001953125,2427.273193359375,2337.819091796875,2133.576171875,2335.4638671875,2136.802001953125,2427.273193359375,2337.819091796875,2522.0,2282.0
183.75,2136.806884765625,2427.2626953125,2337.795166015625,2133.581298828125,2335.441650390625,2136.806884765625,2427.2626953125,2337.795166015625,2522.0,2282.0
184.0,2136.79345703125,2427.264404296875,2339.046875,2133.567626953125,2335.4287109375,2136.79345703125,2427.264404296875,2339.046875,2522.0,2282.0
184.25,2095.09130859375,2425.39208984375,2327.6416015625,2091.412109375,2326.235107421875,2095.09130859375,2425.39208984375,2327.6416015625,2522.0,2282.0
184.5,2086.79296875,2424.22802734375,2325.32275390625,2083.012939453125,2321.2548828125,2086.79296875,2424.22802734375,2325.32275390625,2522.0,2282.0
184.75,2086.791259765625,2424.22802734375,2324.066650390625,2084.136962890625,2321.2548828125,2086.791259765625,2424.22802734375,2324.066650390625,2522.0,2282.0
185.0,2086.89111328125,2424.218505859375,2324.065185546875,2083.11083984375,2321.253173828125,2086.89111328125,2424.218505859375,2324.065185546875,2522.0,2282.0
185.25,2087.93701171875,2425.53759765625,2324.065673828125,2083.029541015625,2321.25390625,2087.93701171875,2425.53759765625,2324.065673828125,2522.0,2282.0
185.5,2086.803466796875,2424.244873046875,2324.0712890625,2083.0234375,2321.259521484375,2086.803466796875,2424.244873046875,2324.0712890625,2522.0,2282.0
185.75,2086.794921875,2424.223388671875,2324.074951171875,2083.014892578125,2321.262939453125,2086.794921875,2424.223388671875,2324.074951171875,2522.0,2282.0
186.0,2086.791748046875,2424.2333984375,2324.06884765625,2083.01171875,2321.2568359375,2086.791748046875,2424.2333984375,2324.06884765625,2522.0,2282.0
186.25,2086.799072265625,2422.5263671875,2324.068603515625,2083.019287109375,2321.256591796875,2086.799072265625,2422.5263671875,2324.068603515625,2522.0,2282.0
186.5,2028.4931640625,2421.80419921875,2306.43017578125,2024.3194580078125,2302.842041015625,2028.4931640625,2421.80419921875,2306.43017578125,2522.0,2282.0
186.75,2028.4971923828125,2421.771728515625,2306.41064453125,2024.3233642578125,2304.0693359375,2028.4971923828125,2421.771728515625,2306.41064453125,2522.0,2282.0
187.0,2028.4893798828125,2421.770263671875,2306.4111328125,2024.3155517578125,2304.06982421875,2028.4893798828125,2421.770263671875,2306.4111328125,2522.0,2282.0
187.25,2028.4886474609375,2421.771484375,2307.64208984375,2024.314697265625,2302.807373046875,2028.4886474609375,2421.771484375,2307.64208984375,2522.0,2282.0
187.5,2028.604736328125,2421.76025390625,2306.3935546875,2024.4307861328125,2302.805419921875,2028.604736328125,2421.76025390625,2306.3935546875,2522.0,2282.0
187.75,2028.5072021484375,2421.769775390625,2306.396240234375,2024.3333740234375,2302.80810546875,2028.5072021484375,2421.769775390625,2306.396240234375,2522.0,2282.0
188.0,2028.5020751953125,2423.079345703125,2306.4111328125,2024.3282470703125,2302.822998046875,2028.5020751953125,2423.079345703125,2306.4111328125,2522.0,2282.0
188.25,1982.45068359375,2421.455322265625,2296.74365234375,1978.0772705078125,2292.65087890625,1982.45068359375,2421.455322265625,2296.74365234375,2522.0,2282.0
188.5,1969.596923828125,2422.295654296875,2292.065673828125,1965.074951171875,2287.759033203125,1969.596923828125,2422.295654296875,2292.065673828125,2522.0,2282.0
188.75,1969.617431640625,2422.29931640625,2292.06982421875,1965.097900390625,2287.76318359375,1969.617431640625,2422.29931640625,2292.06982421875,2522.0,2282.0
189.0,1969.58837890625,2422.29736328125,2292.064453125,1965.0665283203125,2287.75830078125,1969.58837890625,2422.29736328125,2292.064453125,2522.0,2282.0
189.25,1969.571044921875,2422.298095703125,2292.07958984375,1965.049072265625,2289.01220703125,1969.571044921875,2422.298095703125,2292.07958984375,2522.0,2282.0
189.5,1969.5716552734375,2422.29736328125,2292.066162109375,1965.0498046875,2287.760009765625,1969.5716552734375,2422.29736328125,2292.066162109375,2522.0,2282.0
189.75,1969.5753173828125,2422.29443359375,2293.31201171875,1965.0533447265625,2287.76708984375,1969.5753173828125,2422.29443359375,2293.31201171875,2522.0,2282.0
190.0,1969.710693359375,2422.285888671875,2292.063720703125,1965.188720703125,2287.75732421875,1969.710693359375,2422.285888671875,2292.063720703125,2522.0,2282.0
190.25,1953.121826171875,2422.79541015625,2288.363037109375,1948.35595703125,2283.8291015625,1953.121826171875,2422.79541015625,2288.363037109375,2522.0,2282.0
190.5,1948.0662841796875,2424.416748046875,2286.63232421875,1943.239990234375,2282.008056640625,1948.0662841796875,2424.416748046875,2286.63232421875,2522.0,2282.0
190.75,1948.1021728515625,2425.72314453125,2286.632080078125,1943.2784423828125,2282.00732421875,1948.1021728515625,2425.72314453125,2286.632080078125,2522.0,2282.0
191.0,1948.06689453125,2424.414306640625,2286.636474609375,1943.24072265625,2282.01220703125,1948.06689453125,2424.414306640625,2286.636474609375,2522.0,2282.0
191.25,1948.076171875,2424.416015625,2286.63330078125,1943.2498779296875,2282.009033203125,1948.076171875,2424.416015625,2286.63330078125,2522.0,2282.0
191.5,1948.0816650390625,2424.4150390625,2286.648681640625,1943.25537109375,2282.0244140625,1948.0816650390625,2424.4150390625,2286.648681640625,2522.0,2282.0
191.75,1948.0677490234375,2424.4248046875,2286.643310546875,1943.241455078125,2282.01904296875,1948.0677490234375,2424.4248046875,2286.643310546875,2522.0,2282.0
192.0,1948.062744140625,2424.412109375,2286.633544921875,1943.236572265625,2282.009033203125,1948.062744140625,2424.412109375,2286.633544921875,2522.0,2282.0
192.25,1947.6351318359375,2422.235595703125,2286.63134765625,1942.802490234375,2282.0068359375,1947.6351318359375,2422.235595703125,2286.63134765625,2522.0,2282.0
192.5,1933.4049072265625,2419.790283203125,2283.60595703125,1927.29736328125,2277.72509765625,1933.4049072265625,2419.790283203125,2283.60595703125,2522.0,2282.0
192.75,1932.2989501953125,2419.794189453125,2282.3583984375,1927.2352294921875,2277.711181640625,1932.2989501953125,2419.794189453125,2282.3583984375,2522.0,2282.0
193.0,1932.337890625,2419.79248046875,2282.3544921875,1927.27685546875,2277.70703125,1932.337890625,2419.79248046875,2282.3544921875,2522.0,2282.0
193.25,1932.3048095703125,2419.7900390625,2282.35498046875,1927.2412109375,2277.70751953125,1932.3048095703125,2419.7900390625,2282.35498046875,2522.0,2282.0
193.5,1932.2955322265625,2419.79150390625,2282.3603515625,1927.2318115234375,2277.713134765625,1932.2955322265625,2419.79150390625,2282.3603515625,2522.0,2282.0
193.75,1932.29541015625,2419.793701171875,2282.356201171875,1927.2315673828125,2277.708740234375,1932.29541015625,2419.793701171875,2282.356201171875,2522.0,2282.0
194.0,1932.2967529296875,2419.8017578125,2282.35595703125,1927.23291015625,2278.939453125,1932.2967529296875,2419.8017578125,2282.35595703125,2522.0,2282.0
194.25,1936.310546875,2414.681396484375,2282.385498046875,1931.6776123046875,2276.519287109375,1936.310546875,2414.681396484375,2282.385498046875,2522.0,2282.0
194.5,1937.249755859375,2414.53076171875,2282.453369140625,1932.6319580078125,2279.03955078125,1937.249755859375,2414.53076171875,2282.453369140625,2522.0,2282.0
194.75,1937.2496337890625,2414.52099609375,2282.449462890625,1932.6319580078125,2277.801513671875,1937.2496337890625,2414.52099609375,2282.449462890625,2522.0,2282.0
195.0,1937.224365234375,2414.524169921875,2283.677490234375,1932.6064453125,2277.796142578125,1937.224365234375,2414.524169921875,2283.677490234375,2522.0,2282.0
195.25,1937.259521484375,2414.51953125,2282.431640625,1932.6439208984375,2277.78369140625,1937.259521484375,2414.51953125,2282.431640625,2522.0,2282.0
195.5,1937.2291259765625,2414.5224609375,2282.43115234375,1932.611328125,2277.783203125,1937.2291259765625,2414.5224609375,2282.43115234375,2522.0,2282.0
195.75,1937.220458984375,2414.523193359375,2282.43212890625,1932.6024169921875,2277.784423828125,1937.220458984375,2414.523193359375,2282.43212890625,2522.0,2282.0
196.0,1937.2183837890625,2414.520263671875,2282.467041015625,1932.600341796875,2277.8193359375,1937.2183837890625,2414.520263671875,2282.467041015625,2522.0,2282.0
196.25,1938.053466796875,2414.364501953125,2283.153076171875,1934.68408203125,2278.40673828125,1938.053466796875,2414.364501953125,2283.153076171875,2522.0,2282.0
196.5,1938.443359375,2414.343017578125,2283.300048828125,1934.032958984375,2278.539306640625,1938.443359375,2414.343017578125,2283.300048828125,2522.0,2282.0
196.75,1939.3895263671875,2414.35400390625,2283.31787109375,1933.93212890625,2279.78857421875,1939.3895263671875,2414.35400390625,2283.31787109375,2522.0,2282.0
197.0,1938.299560546875,2414.369873046875,2283.32080078125,1933.889404296875,2278.56005859375,1938.299560546875,2414.369873046875,2283.32080078125,2522.0,2282.0
197.25,1938.283935546875,2414.349365234375,2283.301513671875,1933.87353515625,2278.541015625,1938.283935546875,2414.349365234375,2283.301513671875,2522.0,2282.0
197.5,1938.321533203125,2414.34716796875,2283.2998046875,1933.9136962890625,2278.538818359375,1938.321533203125,2414.34716796875,2283.2998046875,2522.0,2282.0
197.75,1938.2923583984375,2414.35009765625,2283.30126953125,1933.8822021484375,2278.54052734375,1938.2923583984375,2414.35009765625,2283.30126953125,2522.0,2282.0
198.0,1938.283203125,2414.3505859375,2283.301025390625,1933.872802734375,2278.540283203125,1938.283203125,2414.3505859375,2283.301025390625,2522.0,2282.0
198.25,1938.26708984375,2415.104736328125,2283.30126953125,1933.856689453125,2278.54052734375,1938.26708984375,2415.104736328125,2283.30126953125,2522.0,2282.0
198.5,1942.328125,2416.2666015625,2286.61328125,1938.8936767578125,2283.13134765625,1942.328125,2416.2666015625,2286.61328125,2522.0,2282.0
198.75,1942.474609375,2416.262939453125,2286.629638671875,1937.9930419921875,2283.15087890625,1942.474609375,2416.262939453125,2286.629638671875,2522.0,2282.0
199.0,1942.325927734375,2416.265625,2287.83935546875,1937.8443603515625,2281.888671875,1942.325927734375,2416.265625,2287.83935546875,2522.0,2282.0
199.25,1942.3704833984375,2416.27978515625,2287.84375,1937.888916015625,2281.89306640625,1942.3704833984375,2416.27978515625,2287.84375,2522.0,2282.0
199.5,1942.3538818359375,2416.263671875,2286.59521484375,1937.874755859375,2281.880126953125,1942.3538818359375,2416.263671875,2286.59521484375,2522.0,2282.0
199.75,1942.3494873046875,2416.263916015625,2286.59521484375,1937.8702392578125,2281.880126953125,1942.3494873046875,2416.263916015625,2286.59521484375,2522.0,2282.0
200.0,1942.31494140625,2417.5732421875,2286.596435546875,1937.8333740234375,2281.88134765625,1942.31494140625,2417.5732421875,2286.596435546875,2522.0,2282.0
200.25,1943.427978515625,2417.11865234375,2295.633544921875,1938.95263671875,2291.095947265625,1943.427978515625,2417.11865234375,2295.633544921875,2522.0,2282.0
200.5,1981.586669921875,2416.768310546875,2298.232177734375,1977.6058349609375,2293.732177734375,1981.586669921875,2416.768310546875,2298.232177734375,2522.0,2282.0
200.75,1981.637939453125,2416.7548828125,2298.23974609375,1978.725830078125,2294.979248046875,1981.637939453125,2416.7548828125,2298.23974609375,2522.0,2282.0
201.0,1981.619384765625,2416.745849609375,2299.474365234375,1977.638916015625,2293.732421875,1981.619384765625,2416.745849609375,2299.474365234375,2522.0,2282.0
201.25,1981.6038818359375,2416.74755859375,2298.232421875,1977.623046875,2293.732177734375,1981.6038818359375,2416.74755859375,2298.232421875,2522.0,2282.0
201.5,1981.59619140625,2416.747802734375,2298.234375,1977.6153564453125,2293.734375,1981.59619140625,2416.747802734375,2298.234375,2522.0,2282.0
201.75,1981.595947265625,2416.7470703125,2298.234375,1977.6151123046875,2293.734375,1981.595947265625,2416.7470703125,2298.234375,2522.0,2282.0
202.0,1981.5947265625,2416.7451171875,2298.231689453125,1977.614013671875,2293.7314453125,1981.5947265625,2416.7451171875,2298.231689453125,2522.0,2282.0
202.25,1987.353515625,2422.0556640625,2300.65673828125,1983.0440673828125,2297.671630859375,1987.353515625,2422.0556640625,2300.65673828125,2522.0,2282.0
202.5,1988.8798828125,2422.049560546875,2301.511474609375,1984.5855712890625,2297.371337890625,1988.8798828125,2422.049560546875,2301.511474609375,2522.0,2282.0
202.75,1988.8739013671875,2422.061279296875,2302.75,1984.5794677734375,2297.3662109375,1988.8739013671875,2422.061279296875,2302.75,2522.0,2282.0
203.0,1988.923095703125,2422.057373046875,2301.50634765625,1984.628662109375,2297.365966796875,1988.923095703125,2422.057373046875,2301.50634765625,2522.0,2282.0
203.25,1988.9373779296875,2422.0595703125,2301.50634765625,1984.642822265625,2297.3662109375,1988.9373779296875,2422.0595703125,2301.50634765625,2522.0,2282.0
203.5,1989.029296875,2422.0361328125,2301.507568359375,1984.73486328125,2297.3671875,1989.029296875,2422.0361328125,2301.507568359375,2522.0,2282.0
203.75,1988.8831787109375,2422.0478515625,2301.507080078125,1984.5887451171875,2297.366943359375,1988.8831787109375,2422.0478515625,2301.507080078125,2522.0,2282.0
204.0,1988.8702392578125,2422.04833984375,2301.51025390625,1984.57568359375,2297.3701171875,1988.8702392578125,2422.04833984375,2301.51025390625,2522.0,2282.0
204.25,2052.52294921875,2427.200927734375,2318.02587890625,2049.12255859375,2314.430908203125,2052.52294921875,2427.200927734375,2318.02587890625,2522.0,2282.0
204.5,2055.67236328125,2426.441650390625,2318.6640625,2052.296630859375,2315.06884765625,2055.67236328125,2426.441650390625,2318.6640625,2522.0,2282.0
204.75,2055.689453125,2426.441162109375,2319.9296875,2052.313720703125,2315.08154296875,2055.689453125,2426.441162109375,2319.9296875,2522.0,2282.0
205.0,2055.796142578125,2426.43505859375,2318.67041015625,2052.42041015625,2315.0751953125,2055.796142578125,2426.43505859375,2318.67041015625,2522.0,2282.0
205.25,2056.8505859375,2426.448974609375,2318.663330078125,2052.3642578125,2315.068115234375,2056.8505859375,2426.448974609375,2318.663330078125,2522.0,2282.0
205.5,2055.67578125,2427.7529296875,2318.6611328125,2052.300048828125,2315.06591796875,2055.67578125,2427.7529296875,2318.6611328125,2522.0,2282.0
205.75,2055.671875,2426.442626953125,2318.66455078125,2052.296142578125,2315.0693359375,2055.671875,2426.442626953125,2318.66455078125,2522.0,2282.0
206.0,2055.6708984375,2426.45654296875,2318.693115234375,2052.294921875,2315.097900390625,2055.6708984375,2426.45654296875,2318.693115234375,2522.0,2282.0
206.25,2094.1630859375,2428.103759765625,2327.252685546875,2091.25439453125,2325.293212890625,2094.1630859375,2428.103759765625,2327.252685546875,2522.0,2282.0
206.5,2101.7783203125,2427.646484375,2332.934814453125,2098.94384765625,2328.640869140625,2101.7783203125,2427.646484375,2332.934814453125,2522.0,2282.0
206.75,2101.818603515625,2427.6513671875,2331.674560546875,2100.118408203125,2328.640625,2101.818603515625,2427.6513671875,2331.674560546875,2522.0,2282.0
207.0,2101.798095703125,2427.644775390625,2331.68798828125,2098.963623046875,2328.65380859375,2101.798095703125,2427.644775390625,2331.68798828125,2522.0,2282.0
207.25,2101.79638671875,2427.646484375,2331.6875,2098.9619140625,2328.653564453125,2101.79638671875,2427.646484375,2331.6875,2522.0,2282.0
207.5,2101.7822265625,2428.958984375,2331.67529296875,2098.94775390625,2328.64111328125,2101.7822265625,2428.958984375,2331.67529296875,2522.0,2282.0
207.75,2101.77685546875,2427.64697265625,2331.67431640625,2098.9423828125,2328.64013671875,2101.77685546875,2427.64697265625,2331.67431640625,2522.0,2282.0
208.0,2101.782470703125,2427.642333984375,2331.677490234375,2098.947998046875,2328.643310546875,2101.782470703125,2427.642333984375,2331.677490234375,2522.0,2282.0
208.25,2165.6298828125,2428.32275390625,2342.51806640625,2163.39990234375,2341.339111328125,2165.6298828125,2428.32275390625,2342.51806640625,2522.0,2282.0
208.5,2174.29736328125,2427.794921875,2349.06689453125,2172.157470703125,2345.62890625,2174.29736328125,2427.794921875,2349.06689453125,2522.0,2282.0
208.75,2174.293212890625,2427.796875,2347.79248046875,2172.1533203125,2345.623046875,2174.293212890625,2427.796875,2347.79248046875,2522.0,2282.0
209.0,2174.325927734375,2427.800537109375,2347.78515625,2172.18603515625,2345.61572265625,2174.325927734375,2427.800537109375,2347.78515625,2522.0,2282.0
209.25,2174.29443359375,2427.796630859375,2347.78564453125,2172.154541015625,2345.6162109375,2174.29443359375,2427.796630859375,2347.78564453125,2522.0,2282.0
209.5,2174.290283203125,2427.797119140625,2347.78515625,2172.150146484375,2345.61572265625,2174.290283203125,2427.797119140625,2347.78515625,2522.0,2282.0
209.75,2174.28955078125,2427.796630859375,2347.783447265625,2172.149658203125,2345.614013671875,2174.28955078125,2427.796630859375,2347.783447265625,2522.0,2282.0
210.0,2174.28759765625,2427.793701171875,2347.8076171875,2172.1474609375,2345.63818359375,2174.28759765625,2427.793701171875,2347.8076171875,2522.0,2282.0
210.25,2189.4931640625,2431.456298828125,2350.7666015625,2187.44970703125,2349.905029296875,2189.4931640625,2431.456298828125,2350.7666015625,2522.0,2282.0
210.5,2191.69873046875,2431.396240234375,2352.638916015625,2189.675048828125,2350.528076171875,2191.69873046875,2431.396240234375,2352.638916015625,2522.0,2282.0
210.75,2191.77587890625,2431.37939453125,2352.63232421875,2189.752197265625,2350.521484375,2191.77587890625,2431.37939453125,2352.63232421875,2522.0,2282.0
211.0,2192.894775390625,2431.3798828125,2352.633544921875,2189.686767578125,2350.522705078125,2192.894775390625,2431.3798828125,2352.633544921875,2522.0,2282.0
211.25,2191.699951171875,2432.694580078125,2352.635009765625,2189.67626953125,2350.524169921875,2191.699951171875,2432.694580078125,2352.635009765625,2522.0,2282.0
211.5,2191.698974609375,2431.38134765625,2352.635009765625,2189.675048828125,2350.524169921875,2191.698974609375,2431.38134765625,2352.635009765625,2522.0,2282.0
211.75,2191.69970703125,2431.38525390625,2352.63427734375,2189.676025390625,2350.5234375,2191.69970703125,2431.38525390625,2352.63427734375,2522.0,2282.0
212.0,2191.732666015625,2431.3896484375,2352.655029296875,2189.708740234375,2350.5439453125,2191.732666015625,2431.3896484375,2352.655029296875,2522.0,2282.0
212.25,2213.24462890625,2435.55078125,2359.5107421875,2211.205078125,2356.287109375,2213.24462890625,2435.55078125,2359.5107421875,2522.0,2282.0
212.5,2216.10107421875,2435.4501953125,2358.406982421875,2214.087890625,2356.457763671875,2216.10107421875,2435.4501953125,2358.406982421875,2522.0,2282.0
212.75,2216.1025390625,2435.43798828125,2358.401611328125,2214.08935546875,2356.45263671875,2216.1025390625,2435.43798828125,2358.401611328125,2522.0,2282.0
213.0,2216.171142578125,2435.427490234375,2358.399658203125,2214.157958984375,2356.450439453125,2216.171142578125,2435.427490234375,2358.399658203125,2522.0,2282.0
213.25,2217.312744140625,2435.43310546875,2358.40087890625,2214.10205078125,2356.45166015625,2217.312744140625,2435.43310546875,2358.40087890625,2522.0,2282.0
213.5,2216.100830078125,2435.43212890625,2358.40380859375,2214.08740234375,2356.454833984375,2216.100830078125,2435.43212890625,2358.40380859375,2522.0,2282.0
213.75,2216.103271484375,2435.432373046875,2358.402099609375,2214.090087890625,2356.452880859375,2216.103271484375,2435.432373046875,2358.402099609375,2522.0,2282.0
214.0,2216.099365234375,2435.43115234375,2358.4228515625,2214.086181640625,2356.4736328125,2216.099365234375,2435.43115234375,2358.4228515625,2522.0,2282.0
214.25,2219.056396484375,2436.903564453125,2361.055908203125,2216.892333984375,2359.37646484375,2219.056396484375,2436.903564453125,2361.055908203125,2522.0,2282.0
214.5,2219.10009765625,2436.904296875,2361.055419921875,2216.935546875,2359.3759765625,2219.10009765625,2436.904296875,2361.055419921875,2522.0,2282.0
214.75,2219.12744140625,2436.906494140625,2361.056640625,2216.962890625,2359.377197265625,2219.12744140625,2436.906494140625,2361.056640625,2522.0,2282.0
215.0,2219.127685546875,2436.90869140625,2361.056884765625,2218.161376953125,2359.377197265625,2219.127685546875,2436.90869140625,2361.056884765625,2522.0,2282.0
215.25,2220.312744140625,2438.219482421875,2361.065673828125,2216.948974609375,2359.385986328125,2220.312744140625,2438.219482421875,2361.065673828125,2522.0,2282.0
215.5,2220.31298828125,2438.22021484375,2361.06494140625,2216.949462890625,2359.385498046875,2220.31298828125,2438.22021484375,2361.06494140625,2522.0,2282.0
215.75,2219.098388671875,2436.89990234375,2361.073974609375,2216.93408203125,2359.394287109375,2219.098388671875,2436.89990234375,2361.073974609375,2522.0,2282.0
216.0,2219.096923828125,2436.90185546875,2361.0654296875,2216.932373046875,2360.662109375,2219.096923828125,2436.90185546875,2361.0654296875,2522.0,2282.0
216.25,2237.30322265625,2436.741455078125,2366.636474609375,2235.3935546875,2363.661376953125,2237.30322265625,2436.741455078125,2366.636474609375,2522.0,2282.0
216.5,2237.23193359375,2436.735107421875,2365.357177734375,2235.321044921875,2363.66015625,2237.23193359375,2436.735107421875,2365.357177734375,2522.0,2282.0
216.75,2237.231689453125,2436.734375,2365.356689453125,2235.321044921875,2363.65966796875,2237.231689453125,2436.734375,2365.356689453125,2522.0,2282.0
217.0,2237.234619140625,2436.734619140625,2365.36328125,2235.323974609375,2363.666259765625,2237.234619140625,2436.734619140625,2365.36328125,2522.0,2282.0
217.25,2238.44775390625,2436.728759765625,2365.355712890625,2235.328125,2363.65869140625,2238.44775390625,2436.728759765625,2365.355712890625,2522.0,2282.0
217.5,2238.44677734375,2436.73388671875,2365.35693359375,2235.3271484375,2363.659912109375,2238.44677734375,2436.73388671875,2365.35693359375,2522.0,2282.0
217.75,2237.25927734375,2436.738525390625,2365.35595703125,2235.3486328125,2363.658935546875,2237.25927734375,2436.738525390625,2365.35595703125,2522.0,2282.0
218.0,2237.232421875,2436.7294921875,2365.37548828125,2235.32177734375,2363.678466796875,2237.232421875,2436.7294921875,2365.37548828125,2522.0,2282.0
218.25,2254.207275390625,2437.40234375,2369.01416015625,2252.397705078125,2368.750244140625,2254.207275390625,2437.40234375,2369.01416015625,2522.0,2282.0
218.5,2254.5146484375,2437.40234375,2370.406005859375,2252.70751953125,2367.581298828125,2254.5146484375,2437.40234375,2370.406005859375,2522.0,2282.0
218.75,2254.5107421875,2437.389892578125,2369.121337890625,2252.70361328125,2367.576904296875,2254.5107421875,2437.389892578125,2369.121337890625,2522.0,2282.0
219.0,2254.510498046875,2437.390625,2369.114990234375,2252.703369140625,2367.570556640625,2254.510498046875,2437.390625,2369.114990234375,2522.0,2282.0
219.25,2254.569580078125,2437.388916015625,2369.112548828125,2252.762451171875,2367.568359375,2254.569580078125,2437.388916015625,2369.112548828125,2522.0,2282.0
219.5,2255.736572265625,2437.390380859375,2369.113037109375,2252.711181640625,2367.56884765625,2255.736572265625,2437.390380859375,2369.113037109375,2522.0,2282.0
219.75,2254.510009765625,2437.390625,2369.116455078125,2252.70263671875,2367.572021484375,2254.510009765625,2437.390625,2369.116455078125,2522.0,2282.0
220.0,2254.509765625,2437.386962890625,2369.11474609375,2252.70263671875,2367.5703125,2254.509765625,2437.386962890625,2369.11474609375,2522.0,2282.0
220.25,2252.497802734375,2438.550537109375,2367.619384765625,2250.4521484375,2367.4033203125,2252.497802734375,2438.550537109375,2367.619384765625,2522.0,2282.0
220.5,2252.454345703125,2438.5625,2368.89599609375,2250.40771484375,2366.120361328125,2252.454345703125,2438.5625,2368.89599609375,2522.0,2282.0
220.75,2252.466796875,2438.553955078125,2367.609375,2250.42138671875,2366.113037109375,2252.466796875,2438.553955078125,2367.609375,2522.0,2282.0
221.0,2252.45263671875,2438.55517578125,2367.615966796875,2250.406005859375,2366.11962890625,2252.45263671875,2438.55517578125,2367.615966796875,2522.0,2282.0
221.25,2252.44921875,2438.5546875,2367.606689453125,2250.40283203125,2366.110595703125,2252.44921875,2438.5546875,2367.606689453125,2522.0,2282.0
221.5,2252.4482421875,2438.5546875,2367.604248046875,2250.401611328125,2366.108154296875,2252.4482421875,2438.5546875,2367.604248046875,2522.0,2282.0
221.75,2252.5087890625,2438.5498046875,2367.6025390625,2250.46240234375,2366.1064453125,2252.5087890625,2438.5498046875,2367.6025390625,2522.0,2282.0
222.0,2253.673828125,2439.87255859375,2367.605712890625,2250.41015625,2366.109619140625,2253.673828125,2439.87255859375,2367.605712890625,2522.0,2282.0
222.25,2260.098876953125,2437.021484375,2369.554443359375,2258.108642578125,2368.277587890625,2260.098876953125,2437.021484375,2369.554443359375,2522.0,2282.0
222.5,2260.242919921875,2437.0126953125,2369.577392578125,2258.25439453125,2368.30078125,2260.242919921875,2437.0126953125,2369.577392578125,2522.0,2282.0
222.75,2260.24365234375,2437.01416015625,2369.564208984375,2258.255126953125,2368.28759765625,2260.24365234375,2437.01416015625,2369.564208984375,2522.0,2282.0
223.0,2260.264404296875,2437.0185546875,2370.8388671875,2258.27685546875,2368.281494140625,2260.264404296875,2437.0185546875,2370.8388671875,2522.0,2282.0
223.25,2260.244140625,2437.014404296875,2369.560546875,2258.255615234375,2368.283935546875,2260.244140625,2437.014404296875,2369.560546875,2522.0,2282.0
223.5,2260.244384765625,2437.014404296875,2369.558837890625,2258.255859375,2368.281982421875,2260.244384765625,2437.014404296875,2369.558837890625,2522.0,2282.0
223.75,2260.30029296875,2437.010498046875,2369.556640625,2258.311767578125,2368.280029296875,2260.30029296875,2437.010498046875,2369.556640625,2522.0,2282.0
224.0,2260.24462890625,2438.33203125,2369.558349609375,2258.256103515625,2368.28173828125,2260.24462890625,2438.33203125,2369.558349609375,2522.0,2282.0
224.25,2271.635498046875,2437.515380859375,2372.09033203125,2269.754638671875,2370.837890625,2271.635498046875,2437.515380859375,2372.09033203125,2522.0,2282.0
224.5,2271.5869140625,2437.519775390625,2372.109375,2269.705322265625,2370.85693359375,2271.5869140625,2437.519775390625,2372.109375,2522.0,2282.0
224.75,2271.58837890625,2437.528076171875,2372.10205078125,2269.70703125,2370.850341796875,2271.58837890625,2437.528076171875,2372.10205078125,2522.0,2282.0
225.0,2271.58837890625,2437.517333984375,2372.093994140625,2269.70703125,2370.84130859375,2271.58837890625,2437.517333984375,2372.093994140625,2522.0,2282.0
225.25,2271.6162109375,2437.520263671875,2372.089111328125,2269.73486328125,2370.83642578125,2271.6162109375,2437.520263671875,2372.089111328125,2522.0,2282.0
225.5,2271.6171875,2437.520263671875,2372.089111328125,2269.735595703125,2370.83642578125,2271.6171875,2437.520263671875,2372.089111328125,2522.0,2282.0
225.75,2271.58984375,2437.516845703125,2372.08935546875,2269.70849609375,2370.836669921875,2271.58984375,2437.516845703125,2372.08935546875,2522.0,2282.0
226.0,2271.6435546875,2437.511962890625,2372.085693359375,2269.76220703125,2370.833251953125,2271.6435546875,2437.511962890625,2372.085693359375,2522.0,2282.0
226.25,2284.327392578125,2438.09130859375,2376.045166015625,2282.738037109375,2374.9951171875,2284.327392578125,2438.09130859375,2376.045166015625,2522.0,2282.0
226.5,2284.37841796875,2438.092529296875,2376.04833984375,2282.789794921875,2374.998046875,2284.37841796875,2438.092529296875,2376.04833984375,2522.0,2282.0
226.75,2284.37548828125,2438.103759765625,2376.0625,2282.787109375,2375.01220703125,2284.37548828125,2438.103759765625,2376.0625,2522.0,2282.0
227.0,2284.3779296875,2438.091796875,2376.057373046875,2282.78955078125,2376.29150390625,2284.3779296875,2438.091796875,2376.057373046875,2522.0,2282.0
227.25,2284.392822265625,2438.09130859375,2376.04345703125,2282.80517578125,2374.992919921875,2284.392822265625,2438.09130859375,2376.04345703125,2522.0,2282.0
227.5,2284.382080078125,2438.09228515625,2376.043701171875,2282.793701171875,2374.993408203125,2284.382080078125,2438.09228515625,2376.043701171875,2522.0,2282.0
227.75,2284.377685546875,2438.093505859375,2376.0439453125,2282.789306640625,2374.99365234375,2284.377685546875,2438.093505859375,2376.0439453125,2522.0,2282.0
228.0,2284.405029296875,2438.09521484375,2376.04345703125,2284.050048828125,2374.9931640625,2284.405029296875,2438.09521484375,2376.04345703125,2522.0,2282.0
228.25,2289.699462890625,2439.38232421875,2377.395263671875,2288.118408203125,2376.281005859375,2289.699462890625,2439.38232421875,2377.395263671875,2522.0,2282.0
228.5,2289.725830078125,2438.06103515625,2377.392578125,2288.145263671875,2376.2783203125,2289.725830078125,2438.06103515625,2377.392578125,2522.0,2282.0
228.75,2289.72412109375,2438.05908203125,2377.41015625,2288.143310546875,2376.295654296875,2289.72412109375,2438.05908203125,2377.41015625,2522.0,2282.0
229.0,2289.72216796875,2438.075439453125,2377.4091796875,2288.1416015625,2376.294677734375,2289.72216796875,2438.075439453125,2377.4091796875,2522.0,2282.0
229.25,2289.722412109375,2438.06103515625,2377.398193359375,2288.141845703125,2376.28466796875,2289.722412109375,2438.06103515625,2377.398193359375,2522.0,2282.0
229.5,2289.73779296875,2438.06103515625,2378.674072265625,2288.157958984375,2376.274658203125,2289.73779296875,2438.06103515625,2378.674072265625,2522.0,2282.0
229.75,2289.72314453125,2438.06201171875,2377.392578125,2288.142333984375,2376.2783203125,2289.72314453125,2438.06201171875,2377.392578125,2522.0,2282.0
230.0,2289.72412109375,2438.061767578125,2377.389404296875,2288.143310546875,2376.275146484375,2289.72412109375,2438.061767578125,2377.389404296875,2522.0,2282.0
230.25,2295.54931640625,2438.47412109375,2378.482666015625,2292.867919921875,2377.294677734375,2295.54931640625,2438.47412109375,2378.482666015625,2522.0,2282.0
230.5,2295.566162109375,2439.796875,2378.482177734375,2292.885009765625,2377.294189453125,2295.566162109375,2439.796875,2378.482177734375,2522.0,2282.0
230.75,2294.346435546875,2438.480224609375,2378.4775390625,2292.9052734375,2377.289306640625,2294.346435546875,2438.480224609375,2378.4775390625,2522.0,2282.0
231.0,2294.319580078125,2438.474365234375,2378.477783203125,2292.878173828125,2377.289794921875,2294.319580078125,2438.474365234375,2378.477783203125,2522.0,2282.0
231.25,2294.31982421875,2438.48193359375,2378.48388671875,2292.878662109375,2378.58056640625,2294.31982421875,2438.48193359375,2378.48388671875,2522.0,2282.0
231.5,2294.322021484375,2438.478515625,2378.48046875,2292.880859375,2377.29248046875,2294.322021484375,2438.478515625,2378.48046875,2522.0,2282.0
231.75,2294.33349609375,2438.4775390625,2379.761474609375,2292.892822265625,2377.2880859375,2294.33349609375,2438.4775390625,2379.761474609375,2522.0,2282.0
232.0,2294.318603515625,2438.4775390625,2378.478271484375,2292.877197265625,2377.2900390625,2294.318603515625,2438.4775390625,2378.478271484375,2522.0,2282.0
232.25,2302.1943359375,2438.608154296875,2380.723388671875,2302.027587890625,2379.628662109375,2302.1943359375,2438.608154296875,2380.723388671875,2522.0,2282.0
232.5,2302.206298828125,2438.606201171875,2380.723388671875,2300.795654296875,2379.628662109375,2302.206298828125,2438.606201171875,2380.723388671875,2522.0,2282.0
232.75,2302.163330078125,2439.928466796875,2380.724609375,2300.752685546875,2379.6298828125,2302.163330078125,2439.928466796875,2380.724609375,2522.0,2282.0
233.0,2302.160888671875,2438.611572265625,2380.724853515625,2300.750244140625,2379.630126953125,2302.160888671875,2438.611572265625,2380.724853515625,2522.0,2282.0
233.25,2302.163818359375,2438.617431640625,2380.7265625,2300.753173828125,2379.631591796875,2302.163818359375,2438.617431640625,2380.7265625,2522.0,2282.0
233.5,2302.15966796875,2438.608642578125,2380.734375,2300.7490234375,2380.926513671875,2302.15966796875,2438.608642578125,2380.734375,2522.0,2282.0
233.75,2302.16064453125,2438.609375,2382.009033203125,2300.75,2379.62744140625,2302.16064453125,2438.609375,2382.009033203125,2522.0,2282.0
234.0,2302.162353515625,2438.609130859375,2380.724609375,2300.751708984375,2379.6298828125,2302.162353515625,2438.609130859375,2380.724609375,2522.0,2282.0
234.25,2315.060546875,2438.8466796875,2384.406982421875,2315.1630859375,2383.38916015625,2315.060546875,2438.8466796875,2384.406982421875,2522.0,2282.0
234.5,2315.02587890625,2438.846923828125,2384.4072265625,2313.876953125,2383.388916015625,2315.02587890625,2438.846923828125,2384.4072265625,2522.0,2282.0
234.75,2314.981201171875,2438.850830078125,2384.40966796875,2313.83203125,2383.391357421875,2314.981201171875,2438.850830078125,2384.40966796875,2522.0,2282.0
235.0,2314.983154296875,2438.851318359375,2384.4111328125,2313.834228515625,2383.392822265625,2314.983154296875,2438.851318359375,2384.4111328125,2522.0,2282.0
235.25,2314.982666015625,2438.861572265625,2384.411376953125,2313.833740234375,2383.39306640625,2314.982666015625,2438.861572265625,2384.411376953125,2522.0,2282.0
235.5,2314.984130859375,2438.852294921875,2384.42578125,2313.8349609375,2384.695556640625,2314.984130859375,2438.852294921875,2384.42578125,2522.0,2282.0
235.75,2314.996337890625,2438.849853515625,2385.706787109375,2313.847900390625,2383.400146484375,2314.996337890625,2438.849853515625,2385.706787109375,2522.0,2282.0
236.0,2314.987060546875,2438.8505859375,2385.701904296875,2313.838134765625,2383.39501953125,2314.987060546875,2438.8505859375,2385.701904296875,2522.0,2282.0
236.25,2325.498291015625,2439.733642578125,2387.282470703125,2325.735107421875,2386.318359375,2325.498291015625,2439.733642578125,2387.282470703125,2522.0,2282.0
236.5,2325.541015625,2439.732177734375,2387.28369140625,2325.778564453125,2386.319580078125,2325.541015625,2439.732177734375,2387.28369140625,2522.0,2282.0
236.75,2325.546630859375,2439.731689453125,2387.283203125,2324.528076171875,2386.31884765625,2325.546630859375,2439.731689453125,2387.283203125,2522.0,2282.0
237.0,2325.539306640625,2441.05029296875,2387.283935546875,2324.5205078125,2386.319580078125,2325.539306640625,2441.05029296875,2387.283935546875,2522.0,2282.0
237.25,2325.541259765625,2439.73193359375,2387.28466796875,2324.522705078125,2386.3203125,2325.541259765625,2439.73193359375,2387.28466796875,2522.0,2282.0
237.5,2325.541015625,2439.732177734375,2387.28662109375,2324.522216796875,2386.322265625,2325.541015625,2439.732177734375,2387.28662109375,2522.0,2282.0
237.75,2325.54150390625,2439.72900390625,2387.302490234375,2324.522705078125,2387.628662109375,2325.54150390625,2439.72900390625,2387.302490234375,2522.0,2282.0
238.0,2325.543212890625,2439.7314453125,2387.2890625,2324.524658203125,2386.32470703125,2325.543212890625,2439.7314453125,2387.2890625,2522.0,2282.0
238.25,2324.47607421875,2439.8359375,2387.982177734375,2323.483154296875,2387.111572265625,2324.47607421875,2439.8359375,2387.982177734375,2522.0,2282.0
238.5,2324.46826171875,2439.8310546875,2387.982421875,2323.47509765625,2387.11181640625,2324.46826171875,2439.8310546875,2387.982421875,2522.0,2282.0
238.75,2324.468017578125,2439.83203125,2387.97802734375,2324.730712890625,2387.107421875,2324.468017578125,2439.83203125,2387.97802734375,2522.0,2282.0
239.0,2325.72998046875,2439.82861328125,2387.979248046875,2323.48095703125,2387.108642578125,2325.72998046875,2439.82861328125,2387.979248046875,2522.0,2282.0
239.25,2324.4697265625,2439.83251953125,2387.981689453125,2323.4765625,2387.11083984375,2324.4697265625,2439.83251953125,2387.981689453125,2522.0,2282.0
239.5,2324.468017578125,2439.84375,2387.982177734375,2323.47509765625,2387.111572265625,2324.468017578125,2439.84375,2387.982177734375,2522.0,2282.0
239.75,2324.4677734375,2439.828125,2387.9970703125,2323.474853515625,2387.12646484375,2324.4677734375,2439.828125,2387.9970703125,2522.0,2282.0
240.0,2324.468505859375,2439.829345703125,2387.99658203125,2323.475341796875,2387.1259765625,2324.468505859375,2439.829345703125,2387.99658203125,2522.0,2282.0
240.25,2339.275390625,2440.621826171875,2390.27294921875,2338.2861328125,2389.4326171875,2339.275390625,2440.621826171875,2390.27294921875,2522.0,2282.0
240.5,2339.197998046875,2440.626708984375,2390.2685546875,2338.207763671875,2389.427978515625,2339.197998046875,2440.626708984375,2390.2685546875,2522.0,2282.0
240.75,2339.19775390625,2440.627197265625,2390.268310546875,2338.20751953125,2389.427734375,2339.19775390625,2440.627197265625,2390.268310546875,2522.0,2282.0
241.0,2339.234375,2440.62353515625,2390.267333984375,2338.244140625,2389.427001953125,2339.234375,2440.62353515625,2390.267333984375,2522.0,2282.0
241.25,2340.46484375,2440.62646484375,2390.26806640625,2338.21044921875,2389.427734375,2340.46484375,2440.62646484375,2390.26806640625,2522.0,2282.0
241.5,2339.194580078125,2441.9462890625,2390.268310546875,2338.204345703125,2389.427978515625,2339.194580078125,2441.9462890625,2390.268310546875,2522.0,2282.0
241.75,2339.197265625,2440.623291015625,2390.28076171875,2338.20703125,2389.4404296875,2339.197265625,2440.623291015625,2390.28076171875,2522.0,2282.0
242.0,2339.19384765625,2440.626953125,2390.269287109375,2338.20361328125,2389.428955078125,2339.19384765625,2440.626953125,2390.269287109375,2522.0,2282.0
242.25,2366.80029296875,2442.042724609375,2398.2861328125,2365.781982421875,2398.0146484375,2366.80029296875,2442.042724609375,2398.2861328125,2522.0,2282.0
242.5,2366.670654296875,2442.04345703125,2398.283935546875,2365.65087890625,2398.011962890625,2366.670654296875,2442.04345703125,2398.283935546875,2522.0,2282.0
242.75,2366.667724609375,2442.0439453125,2398.284912109375,2365.64794921875,2398.012939453125,2366.667724609375,2442.0439453125,2398.284912109375,2522.0,2282.0
243.0,2366.668701171875,2442.044189453125,2398.2939453125,2366.92724609375,2398.02197265625,2366.668701171875,2442.044189453125,2398.2939453125,2522.0,2282.0
243.25,2366.693603515625,2442.04345703125,2398.28662109375,2365.673828125,2398.014892578125,2366.693603515625,2442.04345703125,2398.28662109375,2522.0,2282.0
243.5,2367.952392578125,2443.364501953125,2398.284423828125,2365.653564453125,2398.0126953125,2367.952392578125,2443.364501953125,2398.284423828125,2522.0,2282.0
243.75,2366.670166015625,2442.044677734375,2398.284423828125,2365.650146484375,2398.012451171875,2366.670166015625,2442.044677734375,2398.284423828125,2522.0,2282.0
244.0,2366.687744140625,2442.045166015625,2398.28515625,2365.66796875,2398.01318359375,2366.687744140625,2442.045166015625,2398.28515625,2522.0,2282.0
244.25,2376.931640625,2441.883056640625,2401.982421875,2376.068603515625,2401.79296875,2376.931640625,2441.883056640625,2401.982421875,2522.0,2282.0
244.5,2376.859375,2441.884033203125,2403.272705078125,2375.995849609375,2401.78515625,2376.859375,2441.884033203125,2403.272705078125,2522.0,2282.0
244.75,2376.84912109375,2441.884765625,2401.976806640625,2375.985107421875,2401.787353515625,2376.84912109375,2441.884765625,2401.976806640625,2522.0,2282.0
245.0,2376.846923828125,2441.88427734375,2401.97900390625,2375.98291015625,2401.78955078125,2376.846923828125,2441.88427734375,2401.97900390625,2522.0,2282.0
245.25,2376.874267578125,2441.88330078125,2401.974609375,2376.010498046875,2401.78515625,2376.874267578125,2441.88330078125,2401.974609375,2522.0,2282.0
245.5,2378.13623046875,2441.894775390625,2401.97802734375,2375.98779296875,2401.78857421875,2378.13623046875,2441.894775390625,2401.97802734375,2522.0,2282.0
245.75,2376.849609375,2443.203857421875,2401.97705078125,2375.985595703125,2401.787841796875,2376.849609375,2443.203857421875,2401.97705078125,2522.0,2282.0
246.0,2376.849609375,2441.884521484375,2401.976806640625,2375.985595703125,2401.787353515625,2376.849609375,2441.884521484375,2401.976806640625,2522.0,2282.0
246.25,2386.686767578125,2443.31494140625,2406.06396484375,2385.807861328125,2406.126220703125,2386.686767578125,2443.31494140625,2406.06396484375,2522.0,2282.0
246.5,2386.72900390625,2443.31591796875,2407.361083984375,2385.850830078125,2406.122802734375,2386.72900390625,2443.31591796875,2407.361083984375,2522.0,2282.0
246.75,2386.7587890625,2443.315673828125,2406.06591796875,2385.880859375,2406.127685546875,2386.7587890625,2443.315673828125,2406.06591796875,2522.0,2282.0
247.0,2386.729248046875,2443.315185546875,2406.064208984375,2385.85107421875,2406.1259765625,2386.729248046875,2443.315185546875,2406.064208984375,2522.0,2282.0
247.25,2386.732666015625,2443.316650390625,2406.060302734375,2387.1435546875,2406.122314453125,2386.732666015625,2443.316650390625,2406.060302734375,2522.0,2282.0
247.5,2386.754638671875,2443.315185546875,2406.056884765625,2385.876220703125,2406.118896484375,2386.754638671875,2443.315185546875,2406.056884765625,2522.0,2282.0
247.75,2388.020263671875,2443.31591796875,2406.06005859375,2385.852294921875,2406.121826171875,2388.020263671875,2443.31591796875,2406.06005859375,2522.0,2282.0
248.0,2386.73388671875,2443.315185546875,2406.0595703125,2385.85546875,2406.12158203125,2386.73388671875,2443.315185546875,2406.0595703125,2522.0,2282.0
248.25,2406.528076171875,2443.869384765625,2411.77490234375,2405.986083984375,2411.998291015625,2406.528076171875,2443.869384765625,2411.77490234375,2522.0,2282.0
248.5,2406.624755859375,2443.875,2413.06396484375,2406.083984375,2411.983642578125,2406.624755859375,2443.875,2413.06396484375,2522.0,2282.0
248.75,2406.631103515625,2443.8740234375,2411.759033203125,2406.090576171875,2411.98193359375,2406.631103515625,2443.8740234375,2411.759033203125,2522.0,2282.0
249.0,2406.626953125,2443.8740234375,2411.76025390625,2406.08642578125,2411.983154296875,2406.626953125,2443.8740234375,2411.76025390625,2522.0,2282.0
249.25,2406.625,2443.883056640625,2411.760498046875,2406.084228515625,2411.9833984375,2406.625,2443.883056640625,2411.760498046875,2522.0,2282.0
249.5,2407.92919921875,2443.874755859375,2411.7587890625,2406.087890625,2411.981689453125,2407.92919921875,2443.874755859375,2411.7587890625,2522.0,2282.0
249.75,2406.6220703125,2445.1943359375,2411.759521484375,2406.081298828125,2411.982666015625,2406.6220703125,2445.1943359375,2411.759521484375,2522.0,2282.0
250.0,2406.6259765625,2445.1943359375,2411.7607421875,2406.08544921875,2411.983642578125,2406.6259765625,2445.1943359375,2411.7607421875,2522.0,2282.0
250.25,2423.416748046875,2445.749267578125,2415.93603515625,2422.9619140625,2417.61279296875,2423.416748046875,2445.749267578125,2415.93603515625,2522.0,2282.0
250.5,2423.3203125,2445.75634765625,2417.224365234375,2422.864501953125,2416.289306640625,2423.3203125,2445.75634765625,2417.224365234375,2522.0,2282.0
250.75,2423.326416015625,2445.7568359375,2415.91650390625,2422.87060546875,2416.287109375,2423.326416015625,2445.7568359375,2415.91650390625,2522.0,2282.0
251.0,2423.325927734375,2445.75634765625,2415.91650390625,2422.8701171875,2416.287109375,2423.325927734375,2445.75634765625,2415.91650390625,2522.0,2282.0
251.25,2423.31982421875,2445.764892578125,2415.918212890625,2422.86376953125,2416.288818359375,2423.31982421875,2445.764892578125,2415.918212890625,2522.0,2282.0
251.5,2423.32080078125,2445.75732421875,2415.914306640625,2424.17431640625,2416.284912109375,2423.32080078125,2445.75732421875,2415.914306640625,2522.0,2282.0
251.75,2423.33349609375,2445.755859375,2415.91748046875,2422.877685546875,2416.2880859375,2423.33349609375,2445.755859375,2415.91748046875,2522.0,2282.0
252.0,2423.317626953125,2447.076171875,2415.919189453125,2422.86181640625,2416.289794921875,2423.317626953125,2447.076171875,2415.919189453125,2522.0,2282.0
252.25,2433.16162109375,2445.27294921875,2419.872802734375,2432.841064453125,2421.851806640625,2433.16162109375,2445.27294921875,2419.872802734375,2522.0,2282.0
252.5,2433.120361328125,2445.27392578125,2419.880859375,2432.799072265625,2421.859619140625,2433.120361328125,2445.27392578125,2419.880859375,2522.0,2282.0
252.75,2433.103271484375,2445.2744140625,2421.1787109375,2432.78173828125,2420.5419921875,2433.103271484375,2445.2744140625,2421.1787109375,2522.0,2282.0
253.0,2433.103759765625,2445.2744140625,2419.86865234375,2432.782470703125,2420.53955078125,2433.103759765625,2445.2744140625,2419.86865234375,2522.0,2282.0
253.25,2433.103271484375,2445.2822265625,2419.86865234375,2432.78173828125,2420.53955078125,2433.103271484375,2445.2822265625,2419.86865234375,2522.0,2282.0
253.5,2433.1025390625,2445.2744140625,2419.868896484375,2432.781005859375,2420.539794921875,2433.1025390625,2445.2744140625,2419.868896484375,2522.0,2282.0
253.75,2433.109130859375,2445.2744140625,2419.874267578125,2434.102294921875,2420.545166015625,2433.109130859375,2445.2744140625,2419.874267578125,2522.0,2282.0
254.0,2434.413330078125,2445.274169921875,2419.873779296875,2432.777099609375,2420.544677734375,2434.413330078125,2445.274169921875,2419.873779296875,2522.0,2282.0
254.25,2445.21826171875,2448.512939453125,2422.75732421875,2444.95556640625,2423.48388671875,2445.21826171875,2448.512939453125,2422.75732421875,2522.0,2282.0
254.5,2445.137939453125,2447.187255859375,2422.764892578125,2444.874267578125,2424.801025390625,2445.137939453125,2447.187255859375,2422.764892578125,2522.0,2282.0
254.75,2445.136474609375,2447.195556640625,2422.756103515625,2444.872802734375,2423.48291015625,2445.136474609375,2447.195556640625,2422.756103515625,2522.0,2282.0
255.0,2445.15185546875,2447.193603515625,2422.751953125,2444.887939453125,2423.478515625,2445.15185546875,2447.193603515625,2422.751953125,2522.0,2282.0
255.25,2445.142578125,2447.1943359375,2422.751220703125,2444.878662109375,2423.477783203125,2445.142578125,2447.1943359375,2422.751220703125,2522.0,2282.0
255.5,2445.1337890625,2447.193603515625,2422.760009765625,2444.869873046875,2423.48681640625,2445.1337890625,2447.193603515625,2422.760009765625,2522.0,2282.0
255.75,2445.14111328125,2447.195068359375,2422.7548828125,2444.87744140625,2423.4814453125,2445.14111328125,2447.195068359375,2422.7548828125,2522.0,2282.0
256.0,2445.14111328125,2447.194091796875,2422.752685546875,2444.877197265625,2423.4794921875,2445.14111328125,2447.194091796875,2422.752685546875,2522.0,2282.0
256.25,2453.09423828125,2448.1162109375,2424.8193359375,2452.78955078125,2425.702880859375,2453.09423828125,2448.1162109375,2424.8193359375,2522.0,2282.0
256.5,2453.053955078125,2449.435791015625,2424.827880859375,2452.748779296875,2427.021728515625,2453.053955078125,2449.435791015625,2424.827880859375,2522.0,2282.0
256.75,2453.054443359375,2448.11572265625,2424.827880859375,2452.749267578125,2427.02197265625,2453.054443359375,2448.11572265625,2424.827880859375,2522.0,2282.0
257.0,2453.05078125,2448.120361328125,2424.817626953125,2452.745361328125,2425.701171875,2453.05078125,2448.120361328125,2424.817626953125,2522.0,2282.0
257.25,2453.051513671875,2448.118408203125,2424.816650390625,2452.74609375,2425.7001953125,2453.051513671875,2448.118408203125,2424.816650390625,2522.0,2282.0
257.5,2453.064697265625,2448.125,2424.819580078125,2452.75927734375,2425.703125,2453.064697265625,2448.125,2424.819580078125,2522.0,2282.0
257.75,2453.047607421875,2448.118408203125,2424.81640625,2452.7421875,2425.699951171875,2453.047607421875,2448.118408203125,2424.81640625,2522.0,2282.0
258.0,2451.1318359375,2449.49267578125,2424.275634765625,2450.890380859375,2425.12353515625,2451.1318359375,2449.49267578125,2424.275634765625,2522.0,2282.0
258.25,2451.133056640625,2449.49365234375,2424.2822265625,2450.8916015625,2426.440673828125,2451.133056640625,2449.49365234375,2424.2822265625,2522.0,2282.0
258.5,2451.1298828125,2449.495361328125,2425.58203125,2450.88818359375,2425.1201171875,2451.1298828125,2449.495361328125,2425.58203125,2522.0,2282.0
258.75,2451.131103515625,2449.49658203125,2425.580810546875,2450.8896484375,2425.118896484375,2451.131103515625,2449.49658203125,2425.580810546875,2522.0,2282.0
259.0,2451.138427734375,2449.494873046875,2424.271484375,2450.89697265625,2425.11962890625,2451.138427734375,2449.494873046875,2424.271484375,2522.0,2282.0
259.25,2451.12890625,2449.49658203125,2424.27783203125,2450.887451171875,2425.1259765625,2451.12890625,2449.49658203125,2424.27783203125,2522.0,2282.0
259.5,2451.12744140625,2449.496826171875,2424.27490234375,2450.8857421875,2425.123046875,2451.12744140625,2449.496826171875,2424.27490234375,2522.0,2282.0
259.75,2458.1484375,2449.706787109375,2425.681640625,2456.642822265625,2426.492919921875,2458.1484375,2449.706787109375,2425.681640625,2522.0,2282.0
260.0,2458.134033203125,2449.702392578125,2425.686279296875,2456.628173828125,2426.497802734375,2458.134033203125,2449.702392578125,2425.686279296875,2522.0,2282.0
260.25,2456.8115234375,2449.703369140625,2425.6865234375,2456.633544921875,2426.497802734375,2456.8115234375,2449.703369140625,2425.6865234375,2522.0,2282.0
260.5,2456.809814453125,2449.696533203125,2425.69677734375,2456.6318359375,2427.819091796875,2456.809814453125,2449.696533203125,2425.69677734375,2522.0,2282.0
260.75,2456.806396484375,2449.705078125,2426.99658203125,2456.628173828125,2426.497314453125,2456.806396484375,2449.705078125,2426.99658203125,2522.0,2282.0
261.0,2456.802001953125,2449.703369140625,2425.687255859375,2456.6240234375,2426.49853515625,2456.802001953125,2449.703369140625,2425.687255859375,2522.0,2282.0
261.25,2456.80810546875,2449.708740234375,2425.689697265625,2456.6298828125,2426.5009765625,2456.80810546875,2449.708740234375,2425.689697265625,2522.0,2282.0
261.5,2456.81787109375,2449.70947265625,2425.689208984375,2456.639892578125,2426.500732421875,2456.81787109375,2449.70947265625,2425.689208984375,2522.0,2282.0
261.75,2468.19775390625,2449.349853515625,2430.828369140625,2468.189208984375,2431.811279296875,2468.19775390625,2449.349853515625,2430.828369140625,2522.0,2282.0
262.0,2468.241455078125,2449.345703125,2430.82568359375,2468.2333984375,2431.808349609375,2468.241455078125,2449.345703125,2430.82568359375,2522.0,2282.0
262.25,2468.24462890625,2449.345458984375,2430.8251953125,2468.23681640625,2431.807861328125,2468.24462890625,2449.345458984375,2430.8251953125,2522.0,2282.0
262.5,2468.245849609375,2449.34619140625,2430.824951171875,2468.238037109375,2433.12158203125,2468.245849609375,2449.34619140625,2430.824951171875,2522.0,2282.0
262.75,2468.244140625,2449.343017578125,2430.828369140625,2468.236328125,2431.810791015625,2468.244140625,2449.343017578125,2430.828369140625,2522.0,2282.0
263.0,2468.23779296875,2449.34619140625,2430.8310546875,2468.22998046875,2431.8134765625,2468.23779296875,2449.34619140625,2430.8310546875,2522.0,2282.0
263.25,2468.24072265625,2449.348388671875,2430.8271484375,2468.232666015625,2431.8095703125,2468.24072265625,2449.348388671875,2430.8271484375,2522.0,2282.0
263.5,2468.244873046875,2449.353271484375,2430.8251953125,2468.23681640625,2431.8076171875,2468.244873046875,2449.353271484375,2430.8251953125,2522.0,2282.0
263.75,2478.469482421875,2449.337890625,2431.87939453125,2479.829345703125,2432.858154296875,2478.469482421875,2449.337890625,2431.87939453125,2522.0,2282.0
264.0,2479.858642578125,2449.342041015625,2431.87841796875,2478.540283203125,2432.857177734375,2479.858642578125,2449.342041015625,2431.87841796875,2522.0,2282.0
264.25,2478.52490234375,2449.3388671875,2431.87939453125,2478.546142578125,2432.858154296875,2478.52490234375,2449.3388671875,2431.87939453125,2522.0,2282.0
264.5,2478.515625,2449.3408203125,2431.878662109375,2478.53662109375,2432.857421875,2478.515625,2449.3408203125,2431.878662109375,2522.0,2282.0
264.75,2478.512451171875,2450.6640625,2431.8798828125,2478.53369140625,2434.17333984375,2478.512451171875,2450.6640625,2431.8798828125,2522.0,2282.0
265.0,2478.510498046875,2449.337646484375,2431.88232421875,2478.53173828125,2432.861083984375,2478.510498046875,2449.337646484375,2431.88232421875,2522.0,2282.0
265.25,2478.51513671875,2449.34326171875,2431.880615234375,2478.536376953125,2432.859375,2478.51513671875,2449.34326171875,2431.880615234375,2522.0,2282.0
265.5,2478.517578125,2449.34228515625,2431.877685546875,2478.538330078125,2432.856201171875,2478.517578125,2449.34228515625,2431.877685546875,2522.0,2282.0
265.75,2460.7138671875,2446.7578125,2426.1416015625,2460.5673828125,2426.949951171875,2460.7138671875,2446.7578125,2426.1416015625,2522.0,2282.0
266.0,2460.645751953125,2446.760009765625,2426.144775390625,2460.498046875,2426.95361328125,2460.645751953125,2446.760009765625,2426.144775390625,2522.0,2282.0
266.25,2460.636474609375,2446.7548828125,2426.140869140625,2461.818359375,2426.94970703125,2460.636474609375,2446.7548828125,2426.140869140625,2522.0,2282.0
266.5,2461.96728515625,2446.75537109375,2426.14208984375,2460.48974609375,2426.950927734375,2461.96728515625,2446.75537109375,2426.14208984375,2522.0,2282.0
266.75,2461.962646484375,2446.753173828125,2426.144287109375,2460.485107421875,2426.953125,2461.962646484375,2446.753173828125,2426.144287109375,2522.0,2282.0
267.0,2460.633544921875,2448.076416015625,2426.144775390625,2460.48583984375,2426.95361328125,2460.633544921875,2448.076416015625,2426.144775390625,2522.0,2282.0
267.25,2460.634765625,2446.75390625,2426.145263671875,2460.48681640625,2426.9541015625,2460.634765625,2446.75390625,2426.145263671875,2522.0,2282.0
267.5,2460.6357421875,2446.7509765625,2426.14453125,2460.488037109375,2426.953369140625,2460.6357421875,2446.7509765625,2426.14453125,2522.0,2282.0
267.75,2466.6689453125,2448.22998046875,2427.74658203125,2466.5205078125,2427.2431640625,2466.6689453125,2448.22998046875,2427.74658203125,2522.0,2282.0
268.0,2466.693603515625,2448.231201171875,2426.435302734375,2466.545166015625,2427.2431640625,2466.693603515625,2448.231201171875,2426.435302734375,2522.0,2282.0
268.25,2466.6953125,2448.2275390625,2426.434814453125,2466.547119140625,2427.24267578125,2466.6953125,2448.2275390625,2426.434814453125,2522.0,2282.0
268.5,2466.694091796875,2448.22705078125,2426.43359375,2466.5458984375,2427.241455078125,2466.694091796875,2448.22705078125,2426.43359375,2522.0,2282.0
268.75,2466.6962890625,2448.23046875,2426.43017578125,2466.5478515625,2427.23779296875,2466.6962890625,2448.23046875,2426.43017578125,2522.0,2282.0
269.0,2468.02880859375,2448.229248046875,2426.4345703125,2466.547607421875,2427.242431640625,2468.02880859375,2448.229248046875,2426.4345703125,2522.0,2282.0
269.25,2466.695556640625,2449.55224609375,2426.433349609375,2466.54736328125,2427.2412109375,2466.695556640625,2449.55224609375,2426.433349609375,2522.0,2282.0
269.5,2466.693603515625,2448.228759765625,2426.43505859375,2466.54541015625,2427.242919921875,2466.693603515625,2448.228759765625,2426.43505859375,2522.0,2282.0
269.75,2464.63134765625,2447.588134765625,2426.74072265625,2464.450439453125,2428.893798828125,2464.63134765625,2447.588134765625,2426.74072265625,2522.0,2282.0
270.0,2464.630859375,2447.590576171875,2428.045166015625,2464.4501953125,2427.575439453125,2464.630859375,2447.590576171875,2428.045166015625,2522.0,2282.0
270.25,2464.6328125,2447.5908203125,2426.7314453125,2464.451904296875,2427.572998046875,2464.6328125,2447.5908203125,2426.7314453125,2522.0,2282.0
270.5,2464.638427734375,2447.59033203125,2426.729736328125,2464.457763671875,2427.571044921875,2464.638427734375,2447.59033203125,2426.729736328125,2522.0,2282.0
270.75,2464.63720703125,2447.587646484375,2426.7294921875,2464.45654296875,2427.571044921875,2464.63720703125,2447.587646484375,2426.7294921875,2522.0,2282.0
271.0,2464.63916015625,2447.59033203125,2426.72900390625,2464.45849609375,2427.5703125,2464.63916015625,2447.59033203125,2426.72900390625,2522.0,2282.0
271.25,2465.97119140625,2447.589111328125,2426.72802734375,2464.45849609375,2427.569580078125,2465.97119140625,2447.589111328125,2426.72802734375,2522.0,2282.0
271.5,2464.63720703125,2448.912353515625,2426.730712890625,2464.456298828125,2427.572265625,2464.63720703125,2448.912353515625,2426.730712890625,2522.0,2282.0
271.75,2448.154052734375,2449.710693359375,2421.576416015625,2447.798583984375,2422.278564453125,2448.154052734375,2449.710693359375,2421.576416015625,2522.0,2282.0
272.0,2448.24560546875,2448.37939453125,2421.5751953125,2447.891357421875,2423.5859375,2448.24560546875,2448.37939453125,2421.5751953125,2522.0,2282.0
272.25,2448.244873046875,2448.38720703125,2422.88427734375,2447.890380859375,2422.277587890625,2448.244873046875,2448.38720703125,2422.88427734375,2522.0,2282.0
272.5,2448.24560546875,2448.383544921875,2421.57421875,2447.891357421875,2422.27587890625,2448.24560546875,2448.383544921875,2421.57421875,2522.0,2282.0
272.75,2448.24462890625,2448.385498046875,2421.57373046875,2447.89013671875,2422.275390625,2448.24462890625,2448.385498046875,2421.57373046875,2522.0,2282.0
273.0,2448.234130859375,2448.392822265625,2421.581298828125,2447.879638671875,2422.283203125,2448.234130859375,2448.392822265625,2421.581298828125,2522.0,2282.0
273.25,2448.2509765625,2448.386962890625,2421.571044921875,2447.896484375,2422.272705078125,2448.2509765625,2448.386962890625,2421.571044921875,2522.0,2282.0
273.5,2448.242919921875,2448.38525390625,2421.575439453125,2447.888671875,2422.27734375,2448.242919921875,2448.38525390625,2421.575439453125,2522.0,2282.0
273.75,2424.0712890625,2445.68505859375,2413.500732421875,2423.579833984375,2413.90478515625,2424.0712890625,2445.68505859375,2413.500732421875,2522.0,2282.0
274.0,2424.210693359375,2447.003173828125,2413.51416015625,2423.72119140625,2413.918212890625,2424.210693359375,2447.003173828125,2413.51416015625,2522.0,2282.0
274.25,2424.23388671875,2445.681640625,2413.5068359375,2423.744140625,2413.910888671875,2424.23388671875,2445.681640625,2413.5068359375,2522.0,2282.0
274.5,2424.218994140625,2445.6767578125,2413.51904296875,2423.7294921875,2415.2275390625,2424.218994140625,2445.6767578125,2413.51904296875,2522.0,2282.0
274.75,2424.21923828125,2445.68115234375,2413.509033203125,2423.7294921875,2413.913330078125,2424.21923828125,2445.68115234375,2413.509033203125,2522.0,2282.0
275.0,2424.225341796875,2445.68115234375,2413.5048828125,2423.73583984375,2413.90869140625,2424.225341796875,2445.68115234375,2413.5048828125,2522.0,2282.0
275.25,2424.22021484375,2445.68115234375,2413.506591796875,2423.73046875,2413.910888671875,2424.22021484375,2445.68115234375,2413.506591796875,2522.0,2282.0
275.5,2424.2197265625,2445.68994140625,2413.5068359375,2423.72998046875,2413.910888671875,2424.2197265625,2445.68994140625,2413.5068359375,2522.0,2282.0
275.75,2415.673095703125,2444.486328125,2412.032470703125,2416.33203125,2412.448974609375,2415.673095703125,2444.486328125,2412.032470703125,2522.0,2282.0
276.0,2416.95751953125,2444.4873046875,2412.03076171875,2415.00537109375,2412.447509765625,2416.95751953125,2444.4873046875,2412.03076171875,2522.0,2282.0
276.25,2415.64453125,2445.8095703125,2412.0400390625,2414.997802734375,2412.456787109375,2415.64453125,2445.8095703125,2412.0400390625,2522.0,2282.0
276.5,2415.625732421875,2444.48876953125,2412.04248046875,2414.979248046875,2412.459228515625,2415.625732421875,2444.48876953125,2412.04248046875,2522.0,2282.0
276.75,2415.630615234375,2444.48583984375,2412.037353515625,2414.98388671875,2412.4541015625,2415.630615234375,2444.48583984375,2412.037353515625,2522.0,2282.0
277.0,2415.6328125,2444.484130859375,2412.03955078125,2414.986572265625,2412.456298828125,2415.6328125,2444.484130859375,2412.03955078125,2522.0,2282.0
277.25,2415.6328125,2444.48828125,2412.03076171875,2414.986083984375,2412.447509765625,2415.6328125,2444.48828125,2412.03076171875,2522.0,2282.0
277.5,2415.63916015625,2444.488525390625,2412.031494140625,2414.992919921875,2412.447998046875,2415.63916015625,2444.488525390625,2412.031494140625,2522.0,2282.0
277.75,2401.908203125,2443.9892578125,2406.25048828125,2401.1904296875,2406.299072265625,2401.908203125,2443.9892578125,2406.25048828125,2522.0,2282.0
278.0,2401.947265625,2443.99072265625,2406.23828125,2401.229736328125,2406.2861328125,2401.947265625,2443.99072265625,2406.236328125,2522.0,2282.0
278.25,2401.9482421875,2444.00048828125,2406.235107421875,2401.230712890625,2406.283203125,2401.9482421875,2444.00048828125,2406.235107421875,2522.0,2282.0
278.5,2403.230224609375,2445.312255859375,2406.236328125,2401.21484375,2406.284423828125,2403.230224609375,2445.312255859375,2406.236328125,2522.0,2282.0
278.75,2401.93017578125,2443.991455078125,2406.239013671875,2401.212646484375,2406.287109375,2401.93017578125,2443.991455078125,2406.239013671875,2522.0,2282.0
279.0,2401.927734375,2443.9951171875,2406.248046875,2401.210205078125,2406.296142578125,2401.927734375,2443.9951171875,2406.248046875,2522.0,2282.0
279.25,2401.92431640625,2443.989013671875,2406.260009765625,2401.20703125,2406.30810546875,2401.92431640625,2443.989013671875,2406.260009765625,2522.0,2282.0
279.5,2401.926513671875,2443.990478515625,2406.250732421875,2401.209228515625,2406.299072265625,2401.926513671875,2443.990478515625,2406.250732421875,2522.0,2282.0
279.75,2385.934814453125,2441.280029296875,2405.161376953125,2385.08642578125,2403.953369140625,2385.934814453125,2441.280029296875,2405.161376953125,2522.0,2282.0
280.0,2385.857666015625,2441.285400390625,2403.8515625,2385.008056640625,2403.9423828125,2385.857666015625,2441.285400390625,2403.8515625,2522.0,2282.0
280.25,2385.857666015625,2441.286376953125,2403.850341796875,2386.297119140625,2403.94140625,2385.857666015625,2441.286376953125,2403.850341796875,2522.0,2282.0
280.5,2385.87890625,2441.28369140625,2403.846923828125,2385.029296875,2403.93798828125,2385.87890625,2441.28369140625,2403.846923828125,2522.0,2282.0
280.75,2387.15087890625,2441.28515625,2403.85107421875,2385.01220703125,2403.942138671875,2387.15087890625,2441.28515625,2403.85107421875,2522.0,2282.0
281.0,2385.857666015625,2442.603759765625,2403.849609375,2385.00830078125,2403.940673828125,2385.857666015625,2442.603759765625,2403.849609375,2522.0,2282.0
281.25,2385.85791015625,2441.284912109375,2403.849609375,2385.00830078125,2403.940673828125,2385.85791015625,2441.284912109375,2403.849609375,2522.0,2282.0
281.5,2385.858154296875,2441.283935546875,2403.86376953125,2385.008544921875,2403.954833984375,2385.858154296875,2441.283935546875,2403.86376953125,2522.0,2282.0
281.75,2350.1259765625,2438.637939453125,2393.672119140625,2348.91259765625,2393.3212890625,2350.1259765625,2438.637939453125,2393.672119140625,2522.0,2282.0
282.0,2350.174560546875,2438.649169921875,2393.67041015625,2348.9619140625,2393.319091796875,2350.174560546875,2438.649169921875,2393.67041015625,2522.0,2282.0
282.25,2350.18603515625,2438.645751953125,2393.661376953125,2348.97412109375,2393.310302734375,2350.18603515625,2438.645751953125,2393.661376953125,2522.0,2282.0
282.5,2350.174072265625,2438.6474609375,2394.947998046875,2348.96142578125,2393.30322265625,2350.174072265625,2438.6474609375,2394.947998046875,2522.0,2282.0
282.75,2350.17578125,2438.6474609375,2393.655029296875,2350.232421875,2393.3037109375,2350.17578125,2438.6474609375,2393.655029296875,2522.0,2282.0
283.0,2350.205810546875,2438.645751953125,2393.6533203125,2348.9931640625,2393.302001953125,2350.205810546875,2438.645751953125,2393.6533203125,2522.0,2282.0
283.25,2350.17529296875,2438.648193359375,2393.655029296875,2348.962646484375,2393.3037109375,2350.17529296875,2438.648193359375,2393.655029296875,2522.0,2282.0
283.5,2350.199462890625,2439.977294921875,2393.658447265625,2348.98681640625,2393.30712890625,2350.199462890625,2439.977294921875,2393.658447265625,2522.0,2282.0
283.75,2314.04150390625,2435.535888671875,2384.86572265625,2312.6796875,2384.08544921875,2314.04150390625,2435.535888671875,2384.86572265625,2522.0,2282.0
284.0,2314.066650390625,2436.864501953125,2384.8515625,2312.705322265625,2384.07080078125,2314.066650390625,2436.864501953125,2384.8515625,2522.0,2282.0
284.25,2314.06640625,2435.548095703125,2384.852783203125,2312.705322265625,2384.072021484375,2314.06640625,2435.548095703125,2384.852783203125,2522.0,2282.0
284.5,2314.0791015625,2435.55029296875,2384.866943359375,2312.71826171875,2385.37451171875,2314.0791015625,2435.55029296875,2384.866943359375,2522.0,2282.0
284.75,2314.069580078125,2435.546630859375,2384.862060546875,2312.708251953125,2384.081298828125,2314.069580078125,2435.546630859375,2384.862060546875,2522.0,2282.0
285.0,2314.066162109375,2435.54833984375,2384.859130859375,2313.954833984375,2384.078369140625,2314.066162109375,2435.54833984375,2384.859130859375,2522.0,2282.0
285.25,2314.0654296875,2435.548095703125,2384.859375,2313.953857421875,2384.07861328125,2314.0654296875,2435.548095703125,2384.859375,2522.0,2282.0
285.5,2315.322021484375,2435.544921875,2384.851318359375,2312.71044921875,2384.070556640625,2315.322021484375,2435.544921875,2384.851318359375,2522.0,2282.0
285.75,2303.45556640625,2435.525390625,2381.61279296875,2302.136962890625,2380.60693359375,2303.45556640625,2435.525390625,2381.61279296875,2522.0,2282.0
286.0,2303.45703125,2435.521728515625,2381.61572265625,2302.138671875,2380.60986328125,2303.45703125,2435.521728515625,2381.61572265625,2522.0,2282.0
286.25,2303.45654296875,2435.52197265625,2381.615234375,2302.137939453125,2380.609375,2303.45654296875,2435.52197265625,2381.615234375,2522.0,2282.0
286.5,2303.48193359375,2435.53662109375,2381.621337890625,2302.16357421875,2380.615478515625,2303.48193359375,2435.53662109375,2381.621337890625,2522.0,2282.0
286.75,2303.45556640625,2435.5244140625,2381.63134765625,2302.13720703125,2380.62548828125,2303.45556640625,2435.5244140625,2381.63134765625,2522.0,2282.0
287.0,2303.46630859375,2435.51806640625,2381.631591796875,2302.1484375,2380.62548828125,2303.46630859375,2435.51806640625,2381.631591796875,2522.0,2282.0
287.25,2303.454833984375,2435.52294921875,2382.903564453125,2302.136474609375,2380.61083984375,2303.454833984375,2435.52294921875,2382.903564453125,2522.0,2282.0
287.5,2303.45654296875,2435.523193359375,2382.90380859375,2302.13818359375,2380.611083984375,2303.45654296875,2435.523193359375,2382.90380859375,2522.0,2282.0
287.75,2305.34619140625,2436.489501953125,2384.123046875,2303.952392578125,2383.281982421875,2305.34619140625,2436.489501953125,2384.123046875,2522.0,2282.0
288.0,2305.33740234375,2436.493408203125,2384.122314453125,2303.943603515625,2383.28173828125,2305.33740234375,2436.493408203125,2384.122314453125,2522.0,2282.0
288.25,2305.33740234375,2437.81005859375,2384.121337890625,2303.94384765625,2383.28076171875,2305.33740234375,2437.81005859375,2384.121337890625,2522.0,2282.0
288.5,2305.33740234375,2436.493408203125,2384.12353515625,2303.943603515625,2383.282958984375,2305.33740234375,2436.493408203125,2384.12353515625,2522.0,2282.0
288.75,2305.338623046875,2436.496337890625,2384.12353515625,2303.94482421875,2383.282958984375,2305.338623046875,2436.496337890625,2384.12353515625,2522.0,2282.0
289.0,2305.339599609375,2436.495849609375,2384.130126953125,2303.94580078125,2384.577880859375,2305.339599609375,2436.495849609375,2384.130126953125,2522.0,2282.0
289.25,2305.348876953125,2436.4921875,2384.12890625,2303.955810546875,2384.57666015625,2305.348876953125,2436.4921875,2384.12890625,2522.0,2282.0
289.5,2305.33740234375,2436.4931640625,2385.4111328125,2303.943603515625,2383.281982421875,2305.33740234375,2436.4931640625,2385.4111328125,2522.0,2282.0
289.75,2311.747314453125,2435.9833984375,2383.600830078125,2310.38916015625,2382.756103515625,2311.747314453125,2435.9833984375,2383.600830078125,2522.0,2282.0
290.0,2311.812744140625,2435.9794921875,2383.59375,2310.45458984375,2382.7490234375,2311.812744140625,2435.9794921875,2383.59375,2522.0,2282.0
290.25,2311.771240234375,2435.979736328125,2383.593017578125,2310.413330078125,2382.748291015625,2311.771240234375,2435.979736328125,2383.593017578125,2522.0,2282.0
290.5,2311.773681640625,2437.296630859375,2383.59521484375,2310.41552734375,2382.750732421875,2311.773681640625,2437.296630859375,2383.59521484375,2522.0,2282.0
290.75,2311.7724609375,2435.98046875,2383.595703125,2310.41455078125,2382.7509765625,2311.7724609375,2435.98046875,2383.595703125,2522.0,2282.0
291.0,2311.77099609375,2435.980712890625,2383.594482421875,2310.412841796875,2382.749755859375,2311.77099609375,2435.980712890625,2383.594482421875,2522.0,2282.0
291.25,2311.797607421875,2435.979736328125,2383.61083984375,2310.439453125,2382.765869140625,2311.797607421875,2435.979736328125,2383.61083984375,2522.0,2282.0
291.5,2311.7861328125,2435.982177734375,2383.595947265625,2310.4287109375,2384.03857421875,2311.7861328125,2435.982177734375,2383.595947265625,2522.0,2282.0
291.75,2304.89599609375,2437.09765625,2381.265869140625,2303.52392578125,2378.81787109375,2304.89599609375,2437.09765625,2381.265869140625,2522.0,2282.0
292.0,2304.870361328125,2437.10009765625,2379.98583984375,2303.49755859375,2378.82373046875,2304.870361328125,2437.10009765625,2379.98583984375,2522.0,2282.0
292.25,2304.8671875,2437.100341796875,2379.976806640625,2304.7392578125,2378.814697265625,2304.8671875,2437.100341796875,2379.976806640625,2522.0,2282.0
292.5,2306.119873046875,2437.099853515625,2379.9736328125,2303.501708984375,2378.8115234375,2306.119873046875,2437.099853515625,2379.9736328125,2522.0,2282.0
292.75,2304.867431640625,2438.417724609375,2379.974853515625,2303.49462890625,2378.812744140625,2304.867431640625,2438.417724609375,2379.974853515625,2522.0,2282.0
293.0,2304.86962890625,2437.100341796875,2379.975830078125,2303.4970703125,2378.81396484375,2304.86962890625,2437.100341796875,2379.975830078125,2522.0,2282.0
293.25,2304.869384765625,2437.103515625,2379.9755859375,2303.496826171875,2378.813720703125,2304.869384765625,2437.103515625,2379.9755859375,2522.0,2282.0
293.5,2304.86962890625,2437.103759765625,2379.9755859375,2303.4970703125,2378.813720703125,2304.86962890625,2437.103759765625,2379.9755859375,2522.0,2282.0
293.75,2305.2685546875,2436.674560546875,2379.660400390625,2303.859130859375,2379.850341796875,2305.2685546875,2436.674560546875,2379.660400390625,2522.0,2282.0
294.0,2305.26708984375,2436.67724609375,2379.658203125,2303.857421875,2378.56298828125,2305.26708984375,2436.67724609375,2379.658203125,2522.0,2282.0
294.25,2305.268310546875,2436.67724609375,2379.66064453125,2303.85888671875,2378.564697265625,2305.268310546875,2436.67724609375,2379.66064453125,2522.0,2282.0
294.5,2305.26318359375,2436.677001953125,2379.652587890625,2305.098388671875,2378.556640625,2305.26318359375,2436.677001953125,2379.652587890625,2522.0,2282.0
294.75,2305.30908203125,2436.674560546875,2379.649169921875,2303.8994140625,2378.552978515625,2305.30908203125,2436.674560546875,2379.649169921875,2522.0,2282.0
295.0,2305.265380859375,2437.99462890625,2379.65185546875,2303.855712890625,2378.5556640625,2305.265380859375,2437.99462890625,2379.65185546875,2522.0,2282.0
295.25,2305.266357421875,2436.677001953125,2379.651123046875,2303.856689453125,2378.554931640625,2305.266357421875,2436.677001953125,2379.651123046875,2522.0,2282.0
295.5,2305.265869140625,2436.677978515625,2379.65087890625,2303.856201171875,2378.5546875,2305.265869140625,2436.677978515625,2379.65087890625,2522.0,2282.0
295.75,2308.4736328125,2437.238037109375,2381.805419921875,2307.18798828125,2380.827880859375,2308.4736328125,2437.238037109375,2381.805419921875,2522.0,2282.0
296.0,2308.500732421875,2437.23779296875,2381.791015625,2307.216064453125,2382.10009765625,2308.500732421875,2437.23779296875,2381.791015625,2522.0,2282.0
296.25,2308.48974609375,2437.239990234375,2381.790771484375,2307.204345703125,2380.8134765625,2308.48974609375,2437.239990234375,2381.790771484375,2522.0,2282.0
296.5,2308.486083984375,2437.23974609375,2381.797119140625,2308.447509765625,2380.81982421875,2308.486083984375,2437.23974609375,2381.797119140625,2522.0,2282.0
296.75,2308.48583984375,2437.23974609375,2381.795654296875,2308.447265625,2380.818359375,2308.48583984375,2437.23974609375,2381.795654296875,2522.0,2282.0
297.0,2309.739501953125,2437.239990234375,2381.790283203125,2307.20654296875,2380.81298828125,2309.739501953125,2437.239990234375,2381.790283203125,2522.0,2282.0
297.25,2308.486572265625,2438.556884765625,2381.788818359375,2307.201171875,2380.8115234375,2308.486572265625,2438.556884765625,2381.788818359375,2522.0,2282.0
297.5,2308.48779296875,2437.240478515625,2381.791259765625,2307.202392578125,2380.81396484375,2308.48779296875,2437.240478515625,2381.791259765625,2522.0,2282.0
297.75,2318.5634765625,2437.250732421875,2384.886474609375,2317.271484375,2384.068359375,2318.5634765625,2437.250732421875,2384.886474609375,2522.0,2282.0
298.0,2318.602294921875,2437.24560546875,2384.89892578125,2317.310791015625,2384.08056640625,2318.602294921875,2437.24560546875,2384.89892578125,2522.0,2282.0
298.25,2318.64208984375,2437.24658203125,2384.8994140625,2317.351318359375,2385.3701171875,2318.64208984375,2437.24658203125,2384.8994140625,2522.0,2282.0
298.5,2318.6025390625,2437.245849609375,2386.179443359375,2317.31103515625,2384.072509765625,2318.6025390625,2437.245849609375,2386.179443359375,2522.0,2282.0
298.75,2318.603759765625,2437.2451171875,2384.8828125,2318.564697265625,2384.064453125,2318.603759765625,2437.2451171875,2384.8828125,2522.0,2282.0
299.0,2319.86181640625,2437.2431640625,2384.880126953125,2317.317626953125,2384.06201171875,2319.86181640625,2437.2431640625,2384.880126953125,2522.0,2282.0
299.25,2319.85498046875,2437.246337890625,2384.882080078125,2317.310546875,2384.06396484375,2319.85498046875,2437.246337890625,2384.882080078125,2522.0,2282.0
299.5,2318.6044921875,2438.5625,2384.88232421875,2317.313232421875,2384.064208984375,2318.6044921875,2438.5625,2384.88232421875,2522.0,2282.0
299.75,2315.68798828125,2437.140625,2386.350341796875,2314.454345703125,2385.6240234375,2315.68798828125,2437.140625,2386.350341796875,2522.0,2282.0
300.0,2315.6826171875,2437.126953125,2386.352783203125,2314.448974609375,2385.626708984375,2315.6826171875,2437.126953125,2386.352783203125,2522.0,2282.0
300.25,2315.681396484375,2437.13232421875,2386.36669921875,2314.447509765625,2385.640625,2315.681396484375,2437.13232421875,2386.36669921875,2522.0,2282.0
300.5,2315.686767578125,2437.12939453125,2387.648681640625,2314.453125,2385.6328125,2315.686767578125,2437.12939453125,2387.648681640625,2522.0,2282.0
300.75,2315.68408203125,2437.1298828125,2387.64990234375,2314.4501953125,2385.634033203125,2315.68408203125,2437.1298828125,2387.64990234375,2522.0,2282.0
301.0,2315.679931640625,2437.129150390625,2386.355712890625,2315.69677734375,2385.629638671875,2315.679931640625,2437.129150390625,2386.355712890625,2522.0,2282.0
301.25,2315.72314453125,2437.126708984375,2386.346435546875,2314.4892578125,2385.620361328125,2315.72314453125,2437.126708984375,2386.346435546875,2522.0,2282.0
301.5,2315.68115234375,2437.1298828125,2386.35009765625,2314.447509765625,2385.6240234375,2315.68115234375,2437.1298828125,2386.35009765625,2522.0,2282.0
301.75,2320.180419921875,2438.612060546875,2387.756591796875,2319.0419921875,2387.0869140625,2320.180419921875,2438.612060546875,2387.756591796875,2522.0,2282.0
302.0,2320.19140625,2437.30419921875,2387.76416015625,2319.052978515625,2387.094482421875,2320.19140625,2437.30419921875,2387.76416015625,2522.0,2282.0
302.25,2320.191162109375,2437.28857421875,2387.76171875,2319.052978515625,2387.092041015625,2320.191162109375,2437.28857421875,2387.76171875,2522.0,2282.0
302.5,2320.20166015625,2437.29296875,2387.7734375,2319.063720703125,2388.393310546875,2320.20166015625,2437.29296875,2387.7734375,2522.0,2282.0
302.75,2320.218994140625,2437.29443359375,2387.77001953125,2319.080810546875,2387.10009765625,2320.218994140625,2437.29443359375,2387.77001953125,2522.0,2282.0
303.0,2320.192138671875,2437.29248046875,2387.766357421875,2319.053955078125,2387.0966796875,2320.192138671875,2437.29248046875,2387.766357421875,2522.0,2282.0
303.25,2320.229736328125,2437.28857421875,2387.757080078125,2319.091552734375,2387.087158203125,2320.229736328125,2437.28857421875,2387.757080078125,2522.0,2282.0
303.5,2321.4501953125,2437.291748046875,2387.759521484375,2319.05810546875,2387.089599609375,2321.4501953125,2437.291748046875,2387.759521484375,2522.0,2282.0
303.75,2332.18359375,2437.244384765625,2390.05126953125,2331.08203125,2389.3779296875,2332.18359375,2437.244384765625,2390.05126953125,2522.0,2282.0
304.0,2332.222900390625,2438.567138671875,2390.054931640625,2331.121826171875,2389.381591796875,2332.222900390625,2438.567138671875,2390.054931640625,2522.0,2282.0
304.25,2332.22509765625,2437.2392578125,2390.063720703125,2331.1240234375,2389.390380859375,2332.22509765625,2437.2392578125,2390.063720703125,2522.0,2282.0
304.5,2332.225341796875,2437.23486328125,2390.063232421875,2331.124267578125,2389.389892578125,2332.225341796875,2437.23486328125,2390.063232421875,2522.0,2282.0
304.75,2332.23291015625,2437.235107421875,2390.0634765625,2331.132080078125,2389.390625,2332.23291015625,2437.235107421875,2390.0634765625,2522.0,2282.0
305.0,2332.22265625,2437.23828125,2390.055908203125,2331.12158203125,2389.382568359375,2332.22265625,2437.23828125,2390.055908203125,2522.0,2282.0
305.25,2332.22509765625,2437.239990234375,2390.05126953125,2332.383544921875,2389.3779296875,2332.22509765625,2437.239990234375,2390.05126953125,2522.0,2282.0
305.5,2332.261474609375,2437.236083984375,2390.052978515625,2331.160400390625,2389.379638671875,2332.261474609375,2437.236083984375,2390.052978515625,2522.0,2282.0
305.75,2340.7216796875,2437.592041015625,2392.097900390625,2339.64501953125,2391.580078125,2340.7216796875,2437.592041015625,2392.097900390625,2522.0,2282.0
306.0,2340.7490234375,2437.5888671875,2392.10009765625,2339.672607421875,2391.58251953125,2340.7490234375,2437.5888671875,2392.10009765625,2522.0,2282.0
306.25,2340.75,2438.9169921875,2392.112060546875,2339.673583984375,2391.59423828125,2340.75,2438.9169921875,2392.112060546875,2522.0,2282.0
306.5,2340.746826171875,2437.5888671875,2392.10595703125,2339.67041015625,2391.588134765625,2340.746826171875,2437.5888671875,2392.10595703125,2522.0,2282.0
306.75,2340.759521484375,2437.58935546875,2392.11376953125,2339.68359375,2392.88818359375,2340.759521484375,2437.58935546875,2392.11376953125,2522.0,2282.0
307.0,2340.7509765625,2437.5869140625,2392.10693359375,2339.674560546875,2392.8818359375,2340.7509765625,2437.5869140625,2392.10693359375,2522.0,2282.0
307.25,2340.749755859375,2437.588623046875,2393.393310546875,2339.67333984375,2391.5830078125,2340.749755859375,2437.588623046875,2393.39208984375,2522.0,2282.0
307.5,2340.749267578125,2437.588134765625,2392.096435546875,2340.937255859375,2391.57861328125,2340.749267578125,2437.588134765625,2392.096435546875,2522.0,2282.0
307.75,2344.582763671875,2439.35205078125,2394.14599609375,2343.462646484375,2393.820556640625,2344.582763671875,2439.35205078125,2394.14599609375,2522.0,2282.0
308.0,2344.55859375,2439.356689453125,2394.1484375,2343.438720703125,2393.8232421875,2344.55859375,2439.356689453125,2394.1484375,2522.0,2282.0
308.25,2344.5576171875,2439.365966796875,2394.150390625,2343.4375,2393.824951171875,2344.5576171875,2439.365966796875,2394.150390625,2522.0,2282.0
308.5,2344.55859375,2439.354248046875,2394.16015625,2343.438720703125,2393.8349609375,2344.55859375,2439.354248046875,2394.16015625,2522.0,2282.0
308.75,2344.5576171875,2439.350341796875,2394.15380859375,2343.4375,2393.82861328125,2344.5576171875,2439.350341796875,2394.15380859375,2522.0,2282.0
309.0,2344.56689453125,2439.3564453125,2394.1513671875,2343.447509765625,2393.825927734375,2344.56689453125,2439.3564453125,2394.1513671875,2522.0,2282.0
309.25,2344.557861328125,2439.35400390625,2395.44140625,2343.43798828125,2393.822265625,2344.557861328125,2439.35400390625,2395.44140625,2522.0,2282.0
309.5,2344.556396484375,2439.354248046875,2394.149658203125,2343.4365234375,2393.824462890625,2344.556396484375,2439.354248046875,2394.149658203125,2522.0,2282.0
309.75,2349.24951171875,2439.9521484375,2395.642578125,2348.0927734375,2395.4140625,2349.24951171875,2439.9521484375,2395.642578125,2522.0,2282.0
310.0,2349.256591796875,2439.951171875,2395.6396484375,2349.368896484375,2395.4111328125,2349.256591796875,2439.951171875,2395.6396484375,2522.0,2282.0
310.25,2349.2763671875,2439.9521484375,2395.64404296875,2348.11962890625,2395.41552734375,2349.2763671875,2439.9521484375,2395.64404296875,2522.0,2282.0
310.5,2349.25634765625,2441.27099609375,2395.64697265625,2348.099609375,2395.41845703125,2349.25634765625,2441.27099609375,2395.64697265625,2522.0,2282.0
310.75,2349.25341796875,2439.951416015625,2395.64794921875,2348.0966796875,2395.41943359375,2349.25341796875,2439.951416015625,2395.64794921875,2522.0,2282.0
311.0,2349.25634765625,2439.94775390625,2395.651123046875,2348.099853515625,2396.71728515625,2349.25634765625,2439.94775390625,2395.651123046875,2522.0,2282.0
311.25,2349.2568359375,2439.95166015625,2396.93896484375,2348.10009765625,2395.416015625,2349.2568359375,2439.95166015625,2396.93896484375,2522.0,2282.0
311.5,2349.256591796875,2439.95166015625,2395.641845703125,2348.099853515625,2395.4130859375,2349.256591796875,2439.95166015625,2395.641845703125,2522.0,2282.0
311.75,2360.53076171875,2440.46923828125,2397.597900390625,2359.574951171875,2397.290771484375,2360.53076171875,2440.46923828125,2397.597900390625,2522.0,2282.0
312.0,2360.535400390625,2440.4658203125,2397.59375,2360.854736328125,2397.28662109375,2360.535400390625,2440.4658203125,2397.59375,2522.0,2282.0
312.25,2360.562255859375,2440.463134765625,2397.60107421875,2359.6064453125,2397.2939453125,2360.562255859375,2440.463134765625,2397.60107421875,2522.0,2282.0
312.5,2360.5302734375,2440.4765625,2397.602783203125,2359.57421875,2397.295654296875,2360.5302734375,2440.4765625,2397.602783203125,2522.0,2282.0
312.75,2360.554931640625,2441.78466796875,2397.593994140625,2359.59912109375,2397.286865234375,2360.554931640625,2441.78466796875,2397.593994140625,2522.0,2282.0
313.0,2360.53662109375,2440.466552734375,2397.595458984375,2359.580810546875,2397.288330078125,2360.53662109375,2440.466552734375,2397.595458984375,2522.0,2282.0
313.25,2360.5341796875,2440.4658203125,2397.608154296875,2359.578369140625,2397.301025390625,2360.5341796875,2440.4658203125,2397.608154296875,2522.0,2282.0
313.5,2360.534912109375,2440.46435546875,2398.88916015625,2359.5791015625,2397.286376953125,2360.534912109375,2440.46435546875,2398.88916015625,2522.0,2282.0
313.75,2363.032958984375,2440.745361328125,2398.197998046875,2362.07568359375,2397.922119140625,2363.032958984375,2440.745361328125,2398.197998046875,2522.0,2282.0
314.0,2363.03369140625,2440.743896484375,2398.20068359375,2362.076416015625,2397.9248046875,2363.03369140625,2440.743896484375,2398.20068359375,2522.0,2282.0
314.25,2363.03369140625,2440.744384765625,2398.20068359375,2363.35302734375,2397.925048828125,2363.03369140625,2440.744384765625,2398.20068359375,2522.0,2282.0
314.5,2363.062255859375,2440.7431640625,2398.2001953125,2362.10498046875,2397.924560546875,2363.062255859375,2440.7431640625,2398.2001953125,2522.0,2282.0
314.75,2363.03515625,2440.755126953125,2398.20361328125,2362.077880859375,2397.927734375,2363.03515625,2440.755126953125,2398.20361328125,2522.0,2282.0
315.0,2363.03564453125,2442.063232421875,2398.202880859375,2362.078369140625,2397.92724609375,2363.03564453125,2442.063232421875,2398.202880859375,2522.0,2282.0
315.25,2363.053466796875,2440.746337890625,2398.2021484375,2362.09619140625,2397.92626953125,2363.053466796875,2440.746337890625,2398.2021484375,2522.0,2282.0
315.5,2363.0341796875,2440.744140625,2398.2080078125,2362.076904296875,2399.228271484375,2363.0341796875,2440.744140625,2398.2080078125,2522.0,2282.0
315.75,2363.3447265625,2440.251953125,2397.611328125,2362.319091796875,2397.403076171875,2363.3447265625,2440.251953125,2397.611328125,2522.0,2282.0
316.0,2363.354736328125,2440.252685546875,2398.90625,2362.32958984375,2397.402099609375,2363.354736328125,2440.252685546875,2398.90625,2522.0,2282.0
316.25,2363.344482421875,2440.252197265625,2397.61328125,2362.319091796875,2397.405029296875,2363.344482421875,2440.252197265625,2397.61328125,2522.0,2282.0
316.5,2363.34423828125,2440.252197265625,2397.613037109375,2362.31884765625,2397.405029296875,2363.34423828125,2440.252197265625,2397.613037109375,2522.0,2282.0
316.75,2363.372802734375,2440.2509765625,2397.61669921875,2362.34716796875,2397.408447265625,2363.372802734375,2440.2509765625,2397.61669921875,2522.0,2282.0
317.0,2364.62353515625,2440.2626953125,2397.616455078125,2362.32080078125,2397.408203125,2364.62353515625,2440.2626953125,2397.616455078125,2522.0,2282.0
317.25,2363.345458984375,2441.572021484375,2397.613037109375,2362.320068359375,2397.40478515625,2363.345458984375,2441.572021484375,2397.613037109375,2522.0,2282.0
317.5,2363.365478515625,2440.25439453125,2397.612548828125,2362.340087890625,2397.404296875,2363.365478515625,2440.25439453125,2397.612548828125,2522.0,2282.0
317.75,2367.42919921875,2441.241943359375,2399.217529296875,2366.432861328125,2399.070068359375,2367.42919921875,2441.241943359375,2399.217529296875,2522.0,2282.0
318.0,2367.452880859375,2441.24072265625,2400.508544921875,2366.456787109375,2399.064453125,2367.452880859375,2441.24072265625,2400.508544921875,2522.0,2282.0
318.25,2367.4404296875,2441.240234375,2399.21435546875,2366.44384765625,2399.066650390625,2367.4404296875,2441.240234375,2399.21435546875,2522.0,2282.0
318.5,2367.441650390625,2441.240234375,2399.21435546875,2366.4453125,2399.066650390625,2367.441650390625,2441.240234375,2399.21435546875,2522.0,2282.0
318.75,2367.46533203125,2441.2392578125,2399.2177734375,2366.46875,2399.070068359375,2367.46533203125,2441.2392578125,2399.2177734375,2522.0,2282.0
319.0,2367.441162109375,2441.2509765625,2399.216796875,2366.44482421875,2399.069091796875,2367.441162109375,2441.2509765625,2399.216796875,2522.0,2282.0
319.25,2367.44189453125,2442.56005859375,2399.215087890625,2366.4453125,2399.0673828125,2367.44189453125,2442.56005859375,2399.215087890625,2522.0,2282.0
319.5,2367.442138671875,2441.24072265625,2399.21484375,2366.44580078125,2399.0673828125,2367.442138671875,2441.24072265625,2399.21484375,2522.0,2282.0
319.75,2366.850341796875,2441.279541015625,2398.66552734375,2365.855712890625,2399.78271484375,2366.850341796875,2441.279541015625,2398.66552734375,2522.0,2282.0
320.0,2366.828369140625,2441.2822265625,2399.954833984375,2365.833984375,2398.479248046875,2366.828369140625,2441.2822265625,2399.954833984375,2522.0,2282.0
320.25,2366.8310546875,2441.281982421875,2398.656982421875,2365.836669921875,2398.477783203125,2366.8310546875,2441.281982421875,2398.656982421875,2522.0,2282.0
320.5,2366.828857421875,2441.28271484375,2398.658447265625,2365.834228515625,2398.479248046875,2366.828857421875,2441.28271484375,2398.658447265625,2522.0,2282.0
320.75,2366.82958984375,2441.28271484375,2398.66748046875,2365.8349609375,2398.48828125,2366.82958984375,2441.28271484375,2398.66748046875,2522.0,2282.0
321.0,2366.855224609375,2441.282958984375,2398.656005859375,2365.860595703125,2398.476806640625,2366.855224609375,2441.282958984375,2398.656005859375,2522.0,2282.0
321.25,2366.82861328125,2441.28271484375,2398.660400390625,2365.833984375,2398.481201171875,2366.82861328125,2441.28271484375,2398.660400390625,2522.0,2282.0
321.5,2366.830810546875,2442.601806640625,2398.658935546875,2365.836181640625,2398.479736328125,2366.830810546875,2442.601806640625,2398.658935546875,2522.0,2282.0
321.75,2370.483642578125,2441.10546875,2399.72705078125,2369.61767578125,2399.538330078125,2370.483642578125,2441.10546875,2399.72705078125,2522.0,2282.0
322.0,2370.509033203125,2441.106201171875,2399.730712890625,2369.643310546875,2399.5419921875,2370.509033203125,2441.106201171875,2399.730712890625,2522.0,2282.0
322.25,2370.49072265625,2441.105712890625,2399.736572265625,2369.625,2400.844970703125,2370.49072265625,2441.105712890625,2399.736572265625,2522.0,2282.0
322.5,2370.491455078125,2441.105224609375,2401.025390625,2369.625732421875,2399.539794921875,2370.491455078125,2441.105224609375,2401.025390625,2522.0,2282.0
322.75,2370.487060546875,2441.10546875,2399.72998046875,2369.621337890625,2399.541259765625,2370.487060546875,2441.10546875,2399.72998046875,2522.0,2282.0
323.0,2370.51171875,2441.106201171875,2399.727294921875,2369.645751953125,2399.53857421875,2370.51171875,2441.106201171875,2399.727294921875,2522.0,2282.0
323.25,2370.51416015625,2441.104736328125,2399.7275390625,2369.648193359375,2399.538818359375,2370.51416015625,2441.104736328125,2399.7275390625,2522.0,2282.0
323.5,2370.48779296875,2441.1162109375,2399.732421875,2369.6220703125,2399.543701171875,2370.48779296875,2441.1162109375,2399.732421875,2522.0,2282.0
323.75,2370.195068359375,2442.3232421875,2399.69482421875,2369.33154296875,2399.474365234375,2370.195068359375,2442.3232421875,2399.69482421875,2522.0,2282.0
324.0,2370.19677734375,2442.3232421875,2399.694580078125,2369.333251953125,2399.474365234375,2370.19677734375,2442.3232421875,2399.694580078125,2522.0,2282.0
324.25,2370.217041015625,2440.999267578125,2399.713134765625,2369.353271484375,2400.789794921875,2370.217041015625,2440.999267578125,2399.71142578125,2522.0,2282.0
324.5,2370.205322265625,2441.00341796875,2399.694580078125,2369.341796875,2399.47412109375,2370.205322265625,2441.00341796875,2399.694580078125,2522.0,2282.0
324.75,2370.198974609375,2441.00390625,2400.9912109375,2369.335205078125,2399.473876953125,2370.198974609375,2441.00390625,2400.9912109375,2522.0,2282.0
325.0,2370.1953125,2441.002685546875,2399.6953125,2369.33154296875,2399.474853515625,2370.1953125,2441.002685546875,2399.6953125,2522.0,2282.0
325.25,2370.196044921875,2441.00390625,2399.6923828125,2370.61279296875,2399.47216796875,2370.196044921875,2441.00390625,2399.6923828125,2522.0,2282.0
325.5,2370.22119140625,2441.004638671875,2399.697998046875,2369.357666015625,2399.4775390625,2370.22119140625,2441.004638671875,2399.697998046875,2522.0,2282.0
325.75,2373.336181640625,2441.1962890625,2400.96337890625,2372.532470703125,2400.80126953125,2373.336181640625,2441.1962890625,2400.96337890625,2522.0,2282.0
326.0,2373.343505859375,2442.505859375,2400.966552734375,2372.5400390625,2400.8046875,2373.343505859375,2442.505859375,2400.966552734375,2522.0,2282.0
326.25,2373.34521484375,2441.186279296875,2400.966796875,2372.541748046875,2400.804931640625,2373.34521484375,2441.186279296875,2400.967041015625,2522.0,2282.0
326.5,2373.36376953125,2441.183837890625,2400.973876953125,2372.560546875,2402.10986328125,2373.36376953125,2441.183837890625,2400.973876953125,2522.0,2282.0
326.75,2373.345458984375,2441.18701171875,2400.97412109375,2372.5419921875,2400.8125,2373.345458984375,2441.18701171875,2400.97412109375,2522.0,2282.0
327.0,2373.345458984375,2441.186767578125,2402.263671875,2372.541748046875,2400.80419921875,2373.345458984375,2441.186767578125,2402.263671875,2522.0,2282.0
327.25,2373.341796875,2441.18701171875,2400.974365234375,2372.538330078125,2400.812255859375,2373.341796875,2441.18701171875,2400.974365234375,2522.0,2282.0
327.5,2373.368896484375,2441.1875,2400.96826171875,2372.565185546875,2400.80615234375,2373.368896484375,2441.1875,2400.96826171875,2522.0,2282.0
327.75,2368.2705078125,2440.362060546875,2399.561279296875,2366.193115234375,2399.305419921875,2368.2705078125,2440.362060546875,2399.561279296875,2522.0,2282.0
328.0,2366.97265625,2440.371826171875,2399.55517578125,2366.174072265625,2399.29931640625,2366.97265625,2440.371826171875,2399.55517578125,2522.0,2282.0
328.25,2366.973876953125,2441.68017578125,2399.550048828125,2366.17529296875,2399.2939453125,2366.973876953125,2441.68017578125,2399.550048828125,2522.0,2282.0
328.5,2366.99560546875,2440.361572265625,2399.55029296875,2366.197021484375,2399.29443359375,2366.99560546875,2440.361572265625,2399.55029296875,2522.0,2282.0
328.75,2366.99658203125,2440.36181640625,2399.549560546875,2366.197998046875,2399.293701171875,2366.99658203125,2440.36181640625,2399.549560546875,2522.0,2282.0
329.0,2366.97509765625,2440.359619140625,2399.568359375,2366.176513671875,2400.609375,2366.97509765625,2440.359619140625,2399.568359375,2522.0,2282.0
329.25,2366.977294921875,2440.361083984375,2400.847412109375,2366.1787109375,2399.294677734375,2366.977294921875,2440.361083984375,2400.847412109375,2522.0,2282.0
329.5,2366.973388671875,2440.36181640625,2399.549560546875,2366.1748046875,2399.293701171875,2366.973388671875,2440.36181640625,2399.549560546875,2522.0,2282.0
329.75,2364.41552734375,2440.21923828125,2399.087890625,2363.55029296875,2398.868408203125,2364.41552734375,2440.21923828125,2399.087890625,2522.0,2282.0
330.0,2364.397216796875,2440.218994140625,2399.0986328125,2363.531982421875,2398.87939453125,2364.397216796875,2440.218994140625,2399.0986328125,2522.0,2282.0
330.25,2364.39013671875,2440.231201171875,2399.097412109375,2363.52490234375,2398.878173828125,2364.39013671875,2440.231201171875,2399.097412109375,2522.0,2282.0
330.5,2364.3935546875,2441.539794921875,2399.092041015625,2363.5283203125,2398.87255859375,2364.3935546875,2441.539794921875,2399.09130859375,2522.0,2282.0
330.75,2364.39501953125,2440.220458984375,2399.09033203125,2363.529541015625,2398.87109375,2364.39501953125,2440.220458984375,2399.09033203125,2522.0,2282.0
331.0,2364.392578125,2440.220703125,2399.10498046875,2363.52734375,2398.885498046875,2364.392578125,2440.220703125,2399.10498046875,2522.0,2282.0
331.25,2364.39404296875,2440.21826171875,2399.10546875,2363.52880859375,2400.182373046875,2364.39404296875,2440.21826171875,2399.10546875,2522.0,2282.0
331.5,2364.39306640625,2440.221435546875,2400.389404296875,2363.52783203125,2398.873779296875,2364.39306640625,2440.221435546875,2400.389404296875,2522.0,2282.0
331.75,2355.846435546875,2440.123291015625,2395.576904296875,2354.963623046875,2395.10693359375,2355.846435546875,2440.123291015625,2395.576904296875,2522.0,2282.0
332.0,2355.86572265625,2440.123046875,2395.580322265625,2356.255859375,2395.110595703125,2355.86572265625,2440.123046875,2395.580322265625,2522.0,2282.0
332.25,2357.142822265625,2440.123046875,2395.5888671875,2354.9873046875,2395.119140625,2357.142822265625,2440.123046875,2395.5888671875,2522.0,2282.0
332.5,2355.886474609375,2440.1240234375,2395.586669921875,2355.00390625,2395.116943359375,2355.886474609375,2440.1240234375,2395.586669921875,2522.0,2282.0
332.75,2355.8671875,2441.453125,2395.587646484375,2354.98486328125,2395.117919921875,2355.8671875,2441.453125,2395.587646484375,2522.0,2282.0
333.0,2355.8671875,2440.122314453125,2395.580810546875,2354.984619140625,2395.111083984375,2355.8671875,2440.122314453125,2395.580810546875,2522.0,2282.0
333.25,2355.866455078125,2440.12255859375,2395.59326171875,2354.98388671875,2395.12353515625,2355.866455078125,2440.12255859375,2395.59326171875,2522.0,2282.0
333.5,2355.866943359375,2440.11962890625,2395.5810546875,2354.984619140625,2395.111328125,2355.866943359375,2440.11962890625,2395.5810546875,2522.0,2282.0
333.75,2353.846923828125,2439.698974609375,2395.07666015625,2352.96826171875,2394.543701171875,2353.846923828125,2439.698974609375,2395.07666015625,2522.0,2282.0
334.0,2353.847900390625,2439.6982421875,2395.076171875,2352.968994140625,2394.54345703125,2353.847900390625,2439.6982421875,2395.076171875,2522.0,2282.0
334.25,2353.87890625,2439.696044921875,2395.074951171875,2354.271728515625,2394.5419921875,2353.87890625,2439.696044921875,2395.074951171875,2522.0,2282.0
334.5,2355.123291015625,2439.698486328125,2395.0771484375,2352.972412109375,2394.544189453125,2355.123291015625,2439.698486328125,2395.0771484375,2522.0,2282.0
334.75,2353.849365234375,2439.6982421875,2395.083984375,2352.970703125,2394.551025390625,2353.849365234375,2439.6982421875,2395.083984375,2522.0,2282.0
335.0,2353.846923828125,2441.02880859375,2395.084716796875,2352.968017578125,2394.552001953125,2353.846923828125,2441.02880859375,2395.084716796875,2522.0,2282.0
335.25,2353.846435546875,2439.698486328125,2395.076904296875,2352.967529296875,2394.544189453125,2353.846435546875,2439.698486328125,2395.076904296875,2522.0,2282.0
335.5,2353.846435546875,2439.69921875,2395.09130859375,2352.9677734375,2394.55859375,2353.846435546875,2439.69921875,2395.09130859375,2522.0,2282.0
335.75,2352.461669921875,2439.720703125,2393.850830078125,2351.520263671875,2394.583984375,2352.461669921875,2439.720703125,2393.850830078125,2522.0,2282.0
336.0,2352.466064453125,2439.719482421875,2395.132568359375,2351.52490234375,2393.27880859375,2352.466064453125,2439.719482421875,2395.132568359375,2522.0,2282.0
336.25,2352.46484375,2439.71923828125,2393.837646484375,2351.5234375,2393.277587890625,2352.46484375,2439.71923828125,2393.837646484375,2522.0,2282.0
336.5,2352.465576171875,2439.719482421875,2393.83740234375,2352.795166015625,2393.27734375,2352.465576171875,2439.719482421875,2393.83740234375,2522.0,2282.0
336.75,2352.47021484375,2439.719970703125,2393.8369140625,2351.529052734375,2393.276611328125,2352.47021484375,2439.719970703125,2393.8369140625,2522.0,2282.0
337.0,2352.465087890625,2439.72021484375,2393.84814453125,2351.52392578125,2393.287841796875,2352.465087890625,2439.72021484375,2393.84814453125,2522.0,2282.0
337.25,2352.463623046875,2441.04833984375,2393.846435546875,2351.5224609375,2393.2861328125,2352.463623046875,2441.04833984375,2393.846435546875,2522.0,2282.0
337.5,2352.464599609375,2439.720458984375,2393.838623046875,2351.5234375,2393.2783203125,2352.464599609375,2439.720458984375,2393.838623046875,2522.0,2282.0
337.75,2362.90771484375,2439.968994140625,2397.81640625,2362.055419921875,2397.407470703125,2362.90771484375,2439.968994140625,2397.81640625,2522.0,2282.0
338.0,2362.89453125,2439.968505859375,2397.80615234375,2362.042236328125,2397.3974609375,2362.89453125,2439.968505859375,2397.80615234375,2522.0,2282.0
338.25,2362.885986328125,2439.96875,2397.798828125,2362.033203125,2397.3896484375,2362.885986328125,2439.96875,2397.798828125,2522.0,2282.0
338.5,2362.88623046875,2439.96923828125,2397.80029296875,2362.033447265625,2397.39111328125,2362.88623046875,2439.96923828125,2397.80029296875,2522.0,2282.0
338.75,2362.912841796875,2439.968017578125,2397.7958984375,2362.06005859375,2397.38671875,2362.912841796875,2439.968017578125,2397.7958984375,2522.0,2282.0
339.0,2364.16455078125,2439.970703125,2397.7978515625,2362.034912109375,2397.388671875,2364.16455078125,2439.970703125,2397.7978515625,2522.0,2282.0
339.25,2362.88525390625,2439.979736328125,2397.801513671875,2362.03271484375,2397.392333984375,2362.88525390625,2439.979736328125,2397.801513671875,2522.0,2282.0
339.5,2362.90673828125,2441.2880859375,2397.798095703125,2362.053955078125,2397.388916015625,2362.90673828125,2441.2880859375,2397.798095703125,2522.0,2282.0
339.75,2372.038818359375,2440.874755859375,2398.61865234375,2371.290771484375,2398.1064453125,2372.038818359375,2440.874755859375,2398.61865234375,2522.0,2282.0
340.0,2372.0224609375,2440.870361328125,2398.615966796875,2371.274169921875,2398.103759765625,2372.0224609375,2440.870361328125,2398.615966796875,2522.0,2282.0
340.25,2372.027587890625,2440.874267578125,2399.913330078125,2371.279541015625,2398.104736328125,2372.027587890625,2440.874267578125,2399.913330078125,2522.0,2282.0
340.5,2372.01953125,2440.875732421875,2399.914306640625,2371.27099609375,2398.105712890625,2372.01953125,2440.875732421875,2399.914306640625,2522.0,2282.0
340.75,2372.020263671875,2440.874755859375,2398.61376953125,2372.553466796875,2398.1015625,2372.020263671875,2440.874755859375,2398.61376953125,2522.0,2282.0
341.0,2372.044677734375,2440.874267578125,2398.615478515625,2371.29638671875,2398.103271484375,2372.044677734375,2440.874267578125,2398.615478515625,2522.0,2282.0
341.25,2372.018798828125,2440.87451171875,2398.617919921875,2371.270263671875,2398.105712890625,2372.018798828125,2440.87451171875,2398.617919921875,2522.0,2282.0
341.5,2372.02001953125,2440.87548828125,2398.61669921875,2371.271728515625,2398.104248046875,2372.02001953125,2440.87548828125,2398.61669921875,2522.0,2282.0
341.75,2377.69580078125,2440.764404296875,2401.354736328125,2376.90185546875,2401.06591796875,2377.69580078125,2440.764404296875,2401.354736328125,2522.0,2282.0
342.0,2377.700927734375,2440.763916015625,2401.3564453125,2376.9072265625,2401.067626953125,2377.700927734375,2440.763916015625,2401.3564453125,2522.0,2282.0
342.25,2377.7109375,2440.761962890625,2401.362060546875,2376.91748046875,2401.073486328125,2377.7109375,2440.761962890625,2401.362060546875,2522.0,2282.0
342.5,2377.7119140625,2440.763671875,2401.355224609375,2376.91845703125,2401.06640625,2377.7119140625,2440.763671875,2401.355224609375,2522.0,2282.0
342.75,2377.698974609375,2440.763916015625,2401.3564453125,2376.905029296875,2401.067626953125,2377.698974609375,2440.763916015625,2401.3564453125,2522.0,2282.0
343.0,2377.69873046875,2440.76416015625,2401.356689453125,2378.189208984375,2401.06787109375,2377.69873046875,2440.76416015625,2401.356689453125,2522.0,2282.0
343.25,2377.724609375,2440.762451171875,2401.353759765625,2376.930908203125,2401.06494140625,2377.724609375,2440.762451171875,2401.353759765625,2522.0,2282.0
343.5,2377.703125,2440.773681640625,2401.358154296875,2376.9091796875,2401.0693359375,2377.703125,2440.773681640625,2401.358154296875,2522.0,2282.0
343.75,2375.20654296875,2442.699951171875,2402.3994140625,2374.471435546875,2402.169677734375,2375.20654296875,2442.699951171875,2402.3994140625,2522.0,2282.0
344.0,2375.209716796875,2441.37939453125,2402.396728515625,2374.474853515625,2402.167236328125,2375.209716796875,2441.37939453125,2402.396728515625,2522.0,2282.0
344.25,2375.212158203125,2441.37548828125,2402.39697265625,2374.477294921875,2402.167236328125,2375.212158203125,2441.37548828125,2402.39697265625,2522.0,2282.0
344.5,2375.22998046875,2441.3798828125,2402.404296875,2374.4951171875,2403.47314453125,2375.22998046875,2441.3798828125,2402.404296875,2522.0,2282.0
344.75,2375.217529296875,2441.378662109375,2403.693359375,2374.48291015625,2402.165283203125,2375.217529296875,2441.378662109375,2403.693359375,2522.0,2282.0
345.0,2375.20947265625,2441.37939453125,2402.3974609375,2374.474609375,2402.167724609375,2375.20947265625,2441.37939453125,2402.3974609375,2522.0,2282.0
345.25,2375.2080078125,2441.379638671875,2402.397705078125,2375.75634765625,2402.16796875,2375.2080078125,2441.379638671875,2402.397705078125,2522.0,2282.0
345.5,2375.234619140625,2441.378173828125,2402.39501953125,2374.499755859375,2402.16552734375,2375.234619140625,2441.378173828125,2402.39501953125,2522.0,2282.0
345.75,2386.6572265625,2442.592529296875,2406.8818359375,2386.03466796875,2406.89453125,2386.6572265625,2442.592529296875,2406.8818359375,2522.0,2282.0
346.0,2386.62841796875,2443.910888671875,2406.877685546875,2386.00537109375,2406.89013671875,2386.62841796875,2443.910888671875,2406.877685546875,2522.0,2282.0
346.25,2386.631103515625,2442.586181640625,2406.888427734375,2386.008056640625,2406.90087890625,2386.631103515625,2442.586181640625,2406.888427734375,2522.0,2282.0
346.5,2386.628662109375,2442.585205078125,2406.89453125,2386.005615234375,2408.2080078125,2386.628662109375,2442.585205078125,2406.89453125,2522.0,2282.0
346.75,2386.63330078125,2442.5908203125,2406.876220703125,2386.010498046875,2406.888671875,2386.63330078125,2442.5908203125,2406.876220703125,2522.0,2282.0
347.0,2386.64892578125,2442.590576171875,2406.884765625,2386.026123046875,2406.89697265625,2386.64892578125,2442.590576171875,2406.884765625,2522.0,2282.0
347.25,2386.62841796875,2442.59033203125,2406.878173828125,2386.005615234375,2406.890625,2386.62841796875,2442.59033203125,2406.878173828125,2522.0,2282.0
347.5,2386.65234375,2442.59033203125,2406.875244140625,2387.318603515625,2406.8876953125,2386.65234375,2442.59033203125,2406.875244140625,2522.0,2282.0
347.75,2405.40283203125,2444.4951171875,2411.513427734375,2404.9267578125,2411.70068359375,2405.40283203125,2444.4951171875,2411.513427734375,2522.0,2282.0
348.0,2405.421875,2444.497314453125,2411.514404296875,2404.946044921875,2411.70166015625,2405.421875,2444.497314453125,2411.514404296875,2522.0,2282.0
348.25,2405.421142578125,2444.4970703125,2411.51513671875,2404.9453125,2411.702392578125,2405.421142578125,2444.4970703125,2411.51513671875,2522.0,2282.0
348.5,2405.419921875,2444.49658203125,2411.521240234375,2404.944091796875,2413.011962890625,2405.419921875,2444.49658203125,2411.521240234375,2522.0,2282.0
348.75,2405.42041015625,2444.4970703125,2412.8173828125,2404.944580078125,2411.701416015625,2405.42041015625,2444.4970703125,2412.8173828125,2522.0,2282.0
349.0,2405.426513671875,2444.49755859375,2411.5126953125,2404.95068359375,2411.699951171875,2405.426513671875,2444.49755859375,2411.5126953125,2522.0,2282.0
349.25,2405.422119140625,2444.497314453125,2411.512451171875,2404.946044921875,2411.69970703125,2405.422119140625,2444.497314453125,2411.512451171875,2522.0,2282.0
349.5,2405.421875,2444.49755859375,2411.513671875,2404.946044921875,2411.700927734375,2405.421875,2444.49755859375,2411.513671875,2522.0,2282.0
349.75,2404.77099609375,2443.358642578125,2408.298095703125,2404.276123046875,2408.298828125,2404.77099609375,2443.358642578125,2408.298095703125,2522.0,2282.0
350.0,2404.73291015625,2443.367919921875,2408.300048828125,2404.23779296875,2408.301025390625,2404.73291015625,2443.367919921875,2408.300048828125,2522.0,2282.0
350.25,2404.736572265625,2444.679443359375,2408.298095703125,2404.241455078125,2408.299072265625,2404.736572265625,2444.679443359375,2408.298095703125,2522.0,2282.0
350.5,2404.734375,2443.35791015625,2408.298583984375,2404.239501953125,2408.29931640625,2404.734375,2443.35791015625,2408.298583984375,2522.0,2282.0
350.75,2404.73193359375,2443.35888671875,2408.307373046875,2404.237060546875,2408.30810546875,2404.73193359375,2443.35888671875,2408.307373046875,2522.0,2282.0
351.0,2404.733642578125,2443.359130859375,2408.30322265625,2404.23876953125,2408.303955078125,2404.733642578125,2443.359130859375,2408.30322265625,2522.0,2282.0
351.25,2404.740234375,2443.358154296875,2408.303955078125,2404.24560546875,2408.3046875,2404.740234375,2443.358154296875,2408.303955078125,2522.0,2282.0
351.5,2404.735107421875,2443.358642578125,2408.298828125,2404.239990234375,2408.299560546875,2404.735107421875,2443.358642578125,2408.298828125,2522.0,2282.0
351.75,2411.18603515625,2444.618408203125,2410.658935546875,2411.952880859375,2410.818603515625,2411.18603515625,2444.618408203125,2410.658935546875,2522.0,2282.0
352.0,2412.4755859375,2444.625244140625,2410.652099609375,2410.63623046875,2410.8115234375,2412.4755859375,2444.625244140625,2410.652099609375,2522.0,2282.0
352.25,2411.18359375,2444.617431640625,2410.6552734375,2410.6474609375,2410.814697265625,2411.18359375,2444.617431640625,2410.6552734375,2522.0,2282.0
352.5,2411.167236328125,2445.9384765625,2410.662841796875,2410.631103515625,2410.822265625,2411.167236328125,2445.9384765625,2410.662841796875,2522.0,2282.0
352.75,2411.16455078125,2444.617431640625,2410.6630859375,2410.62841796875,2410.82275390625,2411.16455078125,2444.617431640625,2410.6630859375,2522.0,2282.0
353.0,2411.1689453125,2444.617919921875,2410.65869140625,2410.6328125,2410.818115234375,2411.1689453125,2444.617919921875,2410.65869140625,2522.0,2282.0
353.25,2411.169921875,2444.617431640625,2411.9560546875,2410.6337890625,2410.8125,2411.169921875,2444.617431640625,2411.9560546875,2522.0,2282.0
353.5,2411.170654296875,2444.617919921875,2411.95703125,2410.634521484375,2410.813720703125,2411.170654296875,2444.617919921875,2411.95703125,2522.0,2282.0
353.75,2418.2724609375,2443.291015625,2412.718017578125,2417.69970703125,2412.972900390625,2418.2724609375,2443.291015625,2412.718017578125,2522.0,2282.0
354.0,2418.258056640625,2443.3037109375,2412.715087890625,2418.991455078125,2412.969970703125,2418.258056640625,2443.3037109375,2412.715087890625,2522.0,2282.0
354.25,2419.568359375,2443.29296875,2412.716064453125,2417.6884765625,2412.97119140625,2419.568359375,2443.29296875,2412.716064453125,2522.0,2282.0
354.5,2418.253662109375,2443.293212890625,2412.716796875,2417.6806640625,2412.9716796875,2418.253662109375,2443.293212890625,2412.716796875,2522.0,2282.0
354.75,2418.269775390625,2444.6142578125,2412.72412109375,2417.69677734375,2412.979248046875,2418.269775390625,2444.6142578125,2412.72412109375,2522.0,2282.0
355.0,2418.254638671875,2444.6142578125,2412.718994140625,2417.681396484375,2412.973876953125,2418.254638671875,2444.6142578125,2412.718994140625,2522.0,2282.0
355.25,2418.259765625,2443.291259765625,2412.7158203125,2417.68701171875,2412.970703125,2418.259765625,2443.291259765625,2412.7158203125,2522.0,2282.0
355.5,2418.258544921875,2443.29345703125,2412.722412109375,2417.685546875,2412.977294921875,2418.258544921875,2443.29345703125,2412.722412109375,2522.0,2282.0
355.75,2432.963623046875,2444.103271484375,2416.15869140625,2432.439453125,2416.626220703125,2432.963623046875,2444.103271484375,2416.15869140625,2522.0,2282.0
356.0,2432.978515625,2444.1064453125,2416.158203125,2432.454345703125,2416.6259765625,2432.978515625,2444.1064453125,2416.158203125,2522.0,2282.0
356.25,2432.982177734375,2444.107177734375,2416.15673828125,2432.458251953125,2416.62451171875,2432.982177734375,2444.107177734375,2416.15673828125,2522.0,2282.0
356.5,2432.9736328125,2444.106689453125,2416.162841796875,2432.449462890625,2416.630615234375,2432.9736328125,2444.106689453125,2416.162841796875,2522.0,2282.0
356.75,2432.97802734375,2445.42724609375,2416.158203125,2432.453857421875,2416.6259765625,2432.97802734375,2445.42724609375,2416.158203125,2522.0,2282.0
357.0,2432.9794921875,2444.10498046875,2416.158203125,2432.45556640625,2416.6259765625,2432.9794921875,2444.10498046875,2416.158203125,2522.0,2282.0
357.25,2432.992919921875,2444.10546875,2416.158447265625,2432.468994140625,2417.93212890625,2432.992919921875,2444.10546875,2416.158447265625,2522.0,2282.0
357.5,2432.9765625,2444.10595703125,2416.16064453125,2432.45263671875,2416.62841796875,2432.9765625,2444.10595703125,2416.16064453125,2522.0,2282.0
357.75,2427.254638671875,2443.726806640625,2416.3232421875,2426.873779296875,2415.195556640625,2427.254638671875,2443.726806640625,2416.3232421875,2522.0,2282.0
358.0,2427.25048828125,2443.725341796875,2415.02099609375,2426.86962890625,2415.198486328125,2427.25048828125,2443.725341796875,2415.02099609375,2522.0,2282.0
358.25,2427.260986328125,2443.73388671875,2415.0185546875,2426.880126953125,2415.196044921875,2427.260986328125,2443.73388671875,2415.0185546875,2522.0,2282.0
358.5,2427.2421875,2443.726318359375,2415.02783203125,2426.861328125,2415.205322265625,2427.2421875,2443.726318359375,2415.02783203125,2522.0,2282.0
358.75,2427.24658203125,2443.7255859375,2415.02001953125,2426.86572265625,2415.197509765625,2427.24658203125,2443.7255859375,2415.02001953125,2522.0,2282.0
359.0,2427.2490234375,2445.045654296875,2415.02099609375,2426.8681640625,2415.198486328125,2427.2490234375,2445.045654296875,2415.02099609375,2522.0,2282.0
359.25,2427.265869140625,2443.724853515625,2415.020751953125,2426.884765625,2415.1982421875,2427.265869140625,2443.724853515625,2415.020751953125,2522.0,2282.0
359.5,2427.250732421875,2443.718994140625,2415.034912109375,2426.869873046875,2416.517578125,2427.250732421875,2443.718994140625,2415.034912109375,2522.0,2282.0
359.75,2420.78076171875,2443.484130859375,2412.607177734375,2420.310546875,2414.033447265625,2420.78076171875,2443.484130859375,2412.607177734375,2522.0,2282.0
360.0,2420.774658203125,2443.484375,2413.895263671875,2420.303955078125,2412.713623046875,2420.774658203125,2443.484375,2413.895263671875,2522.0,2282.0
360.25,2420.77294921875,2443.4853515625,2412.592529296875,2420.302490234375,2412.71484375,2420.77294921875,2443.4853515625,2412.592529296875,2522.0,2282.0
360.5,2420.77294921875,2443.486328125,2412.58837890625,2421.610107421875,2412.71044921875,2420.77294921875,2443.486328125,2412.58837890625,2522.0,2282.0
360.75,2422.083740234375,2443.4853515625,2412.59033203125,2420.304931640625,2412.712646484375,2422.083740234375,2443.4853515625,2412.59033203125,2522.0,2282.0
361.0,2420.767333984375,2443.485107421875,2412.59228515625,2420.296630859375,2412.714599609375,2420.767333984375,2443.485107421875,2412.59228515625,2522.0,2282.0
361.25,2420.783203125,2444.805908203125,2412.598388671875,2420.312744140625,2412.720703125,2420.783203125,2444.805908203125,2412.598388671875,2522.0,2282.0
361.5,2420.771240234375,2444.805908203125,2412.59765625,2420.30078125,2412.7197265625,2420.771240234375,2444.805908203125,2412.59765625,2522.0,2282.0
361.75,2418.249755859375,2443.134521484375,2413.146240234375,2417.841552734375,2413.264404296875,2418.249755859375,2443.134521484375,2413.146240234375,2522.0,2282.0
362.0,2418.245361328125,2443.13671875,2413.16064453125,2417.83740234375,2414.5830078125,2418.245361328125,2443.13671875,2413.16064453125,2522.0,2282.0
362.25,2418.244384765625,2443.13916015625,2413.144775390625,2417.8359375,2413.262939453125,2418.244384765625,2443.13916015625,2413.144775390625,2522.0,2282.0
362.5,2418.244873046875,2443.13916015625,2413.145751953125,2417.83642578125,2413.263916015625,2418.244873046875,2443.13916015625,2413.145751953125,2522.0,2282.0
362.75,2418.24462890625,2443.140625,2413.14501953125,2419.142822265625,2413.263427734375,2418.24462890625,2443.140625,2413.14501953125,2522.0,2282.0
363.0,2419.554931640625,2443.13916015625,2413.1455078125,2417.83984375,2413.263671875,2419.554931640625,2443.13916015625,2413.1455078125,2522.0,2282.0
363.25,2418.2587890625,2443.13818359375,2413.146484375,2417.8505859375,2413.2646484375,2418.2587890625,2443.13818359375,2413.146484375,2522.0,2282.0
363.5,2418.259765625,2443.13818359375,2413.1533203125,2417.8515625,2413.271484375,2418.259765625,2443.13818359375,2413.1533203125,2522.0,2282.0
363.75,2430.382568359375,2444.01416015625,2416.052734375,2429.8935546875,2416.455810546875,2430.382568359375,2444.01416015625,2416.052734375,2522.0,2282.0
364.0,2430.392333984375,2444.01318359375,2416.0546875,2429.9033203125,2416.4580078125,2430.392333984375,2444.01318359375,2416.0546875,2522.0,2282.0
364.25,2430.39111328125,2444.01220703125,2416.060791015625,2429.90234375,2416.4638671875,2430.39111328125,2444.01220703125,2416.060791015625,2522.0,2282.0
364.5,2430.396728515625,2444.015625,2417.35791015625,2429.907958984375,2416.455322265625,2430.396728515625,2444.015625,2417.35791015625,2522.0,2282.0
364.75,2430.3896484375,2444.016357421875,2416.056396484375,2429.900634765625,2416.459716796875,2430.3896484375,2444.016357421875,2416.056396484375,2522.0,2282.0
365.0,2430.390869140625,2444.025146484375,2416.053955078125,2431.21484375,2416.45703125,2430.390869140625,2444.025146484375,2416.053955078125,2522.0,2282.0
365.25,2430.388427734375,2444.015380859375,2416.062255859375,2429.8994140625,2416.465576171875,2430.388427734375,2444.015380859375,2416.062255859375,2522.0,2282.0
365.5,2430.384765625,2444.015380859375,2416.054931640625,2429.89599609375,2416.4580078125,2430.384765625,2444.015380859375,2416.054931640625,2522.0,2282.0
365.75,2430.75341796875,2444.690185546875,2416.388671875,2430.200439453125,2416.827392578125,2430.75341796875,2444.690185546875,2416.388671875,2522.0,2282.0
366.0,2430.753173828125,2444.68896484375,2416.38818359375,2430.2001953125,2416.8271484375,2430.753173828125,2444.68896484375,2416.38818359375,2522.0,2282.0
366.25,2430.75244140625,2444.689453125,2416.393310546875,2430.199462890625,2416.832275390625,2430.75244140625,2444.689453125,2416.393310546875,2522.0,2282.0
366.5,2430.752685546875,2444.6875,2416.390869140625,2430.199462890625,2416.829833984375,2430.752685546875,2444.6875,2416.390869140625,2522.0,2282.0
366.75,2430.758544921875,2444.690185546875,2416.386474609375,2430.20556640625,2416.8251953125,2430.758544921875,2444.690185546875,2416.386474609375,2522.0,2282.0
367.0,2430.75244140625,2444.690185546875,2416.387451171875,2430.199462890625,2416.826416015625,2430.75244140625,2444.690185546875,2416.387451171875,2522.0,2282.0
367.25,2430.75341796875,2444.6923828125,2416.38916015625,2431.513671875,2416.828125,2430.75341796875,2444.6923828125,2416.38916015625,2522.0,2282.0
367.5,2430.75830078125,2444.691162109375,2416.394775390625,2430.205078125,2416.833740234375,2430.75830078125,2444.691162109375,2416.394775390625,2522.0,2282.0
367.75,2430.839599609375,2445.16845703125,2416.5859375,2430.28662109375,2417.02490234375,2430.839599609375,2445.16845703125,2416.5859375,2522.0,2282.0
368.0,2430.83740234375,2446.490234375,2416.584716796875,2430.284423828125,2417.0234375,2430.83740234375,2446.490234375,2416.584716796875,2522.0,2282.0
368.25,2430.8544921875,2445.162841796875,2416.6005859375,2430.301513671875,2417.039306640625,2430.8544921875,2445.162841796875,2416.6005859375,2522.0,2282.0
368.5,2430.8359375,2445.169189453125,2417.88916015625,2430.282958984375,2417.02197265625,2430.8359375,2445.169189453125,2417.88916015625,2522.0,2282.0
368.75,2430.843994140625,2445.168701171875,2416.5830078125,2430.291015625,2417.021728515625,2430.843994140625,2445.168701171875,2416.5830078125,2522.0,2282.0
369.0,2430.83642578125,2445.169189453125,2416.58544921875,2430.283447265625,2417.0244140625,2430.83642578125,2445.169189453125,2416.58544921875,2522.0,2282.0
369.25,2430.83837890625,2445.178466796875,2416.583740234375,2431.5986328125,2417.022705078125,2430.83837890625,2445.178466796875,2416.583740234375,2522.0,2282.0
369.5,2430.843505859375,2445.169677734375,2416.591064453125,2430.290283203125,2417.030029296875,2430.843505859375,2445.169677734375,2416.591064453125,2522.0,2282.0
369.75,2425.6259765625,2443.78076171875,2415.01416015625,2425.136474609375,2415.418212890625,2425.6259765625,2443.78076171875,2415.01416015625,2522.0,2282.0
370.0,2425.629638671875,2443.78076171875,2415.013671875,2425.14013671875,2415.41748046875,2425.629638671875,2443.78076171875,2415.013671875,2522.0,2282.0
370.25,2425.6474609375,2443.780517578125,2415.012939453125,2425.157958984375,2415.4169921875,2425.6474609375,2443.780517578125,2415.012939453125,2522.0,2282.0
370.5,2425.634765625,2443.776123046875,2415.023681640625,2425.145263671875,2416.733154296875,2425.634765625,2443.776123046875,2415.023681640625,2522.0,2282.0
370.75,2425.633056640625,2443.7783203125,2415.028564453125,2425.143798828125,2416.73779296875,2425.633056640625,2443.7783203125,2415.028564453125,2522.0,2282.0
371.0,2425.637939453125,2443.7802734375,2416.315673828125,2425.148681640625,2415.41455078125,2425.637939453125,2443.7802734375,2416.315673828125,2522.0,2282.0
371.25,2425.63134765625,2443.780517578125,2415.012939453125,2425.14208984375,2415.4169921875,2425.63134765625,2443.780517578125,2415.012939453125,2522.0,2282.0
371.5,2425.633056640625,2443.781982421875,2415.0078125,2426.454345703125,2415.41162109375,2425.633056640625,2443.781982421875,2415.0078125,2522.0,2282.0
371.75,2419.86376953125,2444.584716796875,2413.154052734375,2420.620849609375,2413.531982421875,2419.86376953125,2444.584716796875,2413.154052734375,2522.0,2282.0
372.0,2421.166015625,2444.574951171875,2413.157470703125,2419.30810546875,2413.535400390625,2421.166015625,2444.574951171875,2413.157470703125,2522.0,2282.0
372.25,2419.855712890625,2444.574462890625,2413.16015625,2419.3056640625,2413.538330078125,2419.855712890625,2444.574462890625,2413.16015625,2522.0,2282.0
372.5,2419.85205078125,2444.574951171875,2413.163330078125,2419.3017578125,2413.54150390625,2419.85205078125,2444.574951171875,2413.163330078125,2522.0,2282.0
372.75,2419.85693359375,2444.571044921875,2413.158935546875,2419.306884765625,2413.536865234375,2419.85693359375,2444.571044921875,2413.158935546875,2522.0,2282.0
373.0,2419.85693359375,2444.572509765625,2413.173828125,2419.306640625,2414.85595703125,2419.85693359375,2444.572509765625,2413.173828125,2522.0,2282.0
373.25,2419.85595703125,2444.576171875,2414.46435546875,2419.305908203125,2413.538330078125,2419.85595703125,2444.576171875,2414.46435546875,2522.0,2282.0
373.5,2419.858154296875,2444.574951171875,2413.16015625,2419.30810546875,2413.5380859375,2419.858154296875,2444.574951171875,2413.16015625,2522.0,2282.0
373.75,2411.083251953125,2442.865966796875,2409.54296875,2410.457275390625,2409.64599609375,2411.083251953125,2442.865966796875,2409.54296875,2522.0,2282.0
374.0,2411.078857421875,2442.867431640625,2409.544921875,2411.75537109375,2409.648193359375,2411.078857421875,2442.867431640625,2409.544921875,2522.0,2282.0
374.25,2412.401611328125,2442.86474609375,2409.54345703125,2410.472900390625,2409.646484375,2412.401611328125,2442.86474609375,2409.54345703125,2522.0,2282.0
374.5,2411.0947265625,2442.86572265625,2409.544677734375,2410.46875,2409.64794921875,2411.0947265625,2442.86572265625,2409.544677734375,2522.0,2282.0
374.75,2411.075927734375,2444.186279296875,2409.5439453125,2410.449951171875,2409.64697265625,2411.075927734375,2444.186279296875,2409.5439453125,2522.0,2282.0
375.0,2411.0732421875,2442.86572265625,2409.55224609375,2410.447265625,2409.655517578125,2411.0732421875,2442.86572265625,2409.55224609375,2522.0,2282.0
375.25,2411.076171875,2442.8642578125,2409.5615234375,2410.4501953125,2410.967041015625,2411.076171875,2442.8642578125,2409.5615234375,2522.0,2282.0
375.5,2411.080078125,2442.86279296875,2409.550537109375,2410.454345703125,2409.65380859375,2411.080078125,2442.86279296875,2409.550537109375,2522.0,2282.0
375.75,2381.5009765625,2439.935302734375,2402.62353515625,2380.75634765625,2403.849365234375,2381.5009765625,2439.935302734375,2402.62353515625,2522.0,2282.0
376.0,2381.49169921875,2439.937255859375,2403.903076171875,2380.746826171875,2402.531982421875,2381.49169921875,2439.937255859375,2403.903076171875,2522.0,2282.0
376.25,2381.490478515625,2439.937744140625,2402.605224609375,2382.0322265625,2402.532470703125,2381.490478515625,2439.937744140625,2402.605224609375,2522.0,2282.0
376.5,2381.514404296875,2439.93798828125,2402.60205078125,2380.76953125,2402.529296875,2381.514404296875,2439.93798828125,2402.60205078125,2522.0,2282.0
376.75,2381.49072265625,2439.937744140625,2402.603271484375,2380.74609375,2402.530517578125,2381.49072265625,2439.937744140625,2402.603271484375,2522.0,2282.0
377.0,2381.4931640625,2439.9375,2402.606689453125,2380.748291015625,2402.533935546875,2381.4931640625,2439.9375,2402.606689453125,2522.0,2282.0
377.25,2381.492919921875,2439.936767578125,2402.604736328125,2380.748046875,2402.531982421875,2381.492919921875,2439.936767578125,2402.604736328125,2522.0,2282.0
377.5,2381.49267578125,2439.937255859375,2402.604736328125,2380.747802734375,2402.531982421875,2381.49267578125,2439.937255859375,2402.604736328125,2522.0,2282.0
377.75,2348.3125,2439.016845703125,2393.9365234375,2347.230224609375,2393.544677734375,2348.3125,2439.016845703125,2393.9365234375,2522.0,2282.0
378.0,2348.317138671875,2439.014892578125,2393.9287109375,2347.23486328125,2393.536865234375,2348.317138671875,2439.014892578125,2393.9287109375,2522.0,2282.0
378.25,2348.329833984375,2439.015869140625,2393.935791015625,2347.248291015625,2394.837646484375,2348.329833984375,2439.015869140625,2393.935791015625,2522.0,2282.0
378.5,2348.318359375,2439.013916015625,2395.222412109375,2347.236083984375,2393.536865234375,2348.318359375,2439.013916015625,2395.222412109375,2522.0,2282.0
378.75,2348.319091796875,2439.01513671875,2393.927978515625,2347.23681640625,2393.536376953125,2348.319091796875,2439.01513671875,2393.927978515625,2522.0,2282.0
379.0,2348.349853515625,2439.015380859375,2393.923828125,2347.267578125,2393.5322265625,2348.349853515625,2439.015380859375,2393.923828125,2522.0,2282.0
379.25,2349.59228515625,2439.012451171875,2393.926025390625,2347.240966796875,2393.534423828125,2349.59228515625,2439.012451171875,2393.926025390625,2522.0,2282.0
379.5,2348.34033203125,2439.01708984375,2393.934814453125,2347.258056640625,2393.54296875,2348.34033203125,2439.01708984375,2393.934814453125,2522.0,2282.0
379.75,2339.05615234375,2439.000732421875,2388.9296875,2337.892578125,2388.259033203125,2339.05615234375,2439.000732421875,2388.9296875,2522.0,2282.0
380.0,2339.063720703125,2437.6826171875,2388.938232421875,2337.900146484375,2388.267578125,2339.063720703125,2437.6826171875,2388.938232421875,2522.0,2282.0
380.25,2339.056640625,2437.686767578125,2388.92919921875,2337.89306640625,2388.2587890625,2339.056640625,2437.686767578125,2388.92919921875,2522.0,2282.0
380.5,2339.060791015625,2437.6796875,2388.941650390625,2337.897216796875,2389.561767578125,2339.060791015625,2437.6796875,2388.941650390625,2522.0,2282.0
380.75,2339.060546875,2437.682373046875,2390.2197265625,2337.89697265625,2388.25830078125,2339.060546875,2437.682373046875,2390.2197265625,2522.0,2282.0
381.0,2339.057861328125,2437.68115234375,2390.221435546875,2337.89453125,2388.260009765625,2339.057861328125,2437.68115234375,2390.221435546875,2522.0,2282.0
381.25,2339.06201171875,2437.682373046875,2388.93115234375,2339.161865234375,2388.260498046875,2339.06201171875,2437.682373046875,2388.93115234375,2522.0,2282.0
381.5,2339.1181640625,2437.6826171875,2388.92529296875,2337.954833984375,2388.254638671875,2339.1181640625,2437.6826171875,2388.92529296875,2522.0,2282.0
381.75,2331.553955078125,2437.343994140625,2387.1328125,2330.292236328125,2386.43798828125,2331.553955078125,2437.343994140625,2387.1328125,2522.0,2282.0
382.0,2331.5576171875,2437.344482421875,2387.131591796875,2330.2958984375,2386.43701171875,2331.5576171875,2437.344482421875,2387.131591796875,2522.0,2282.0
382.25,2331.556396484375,2437.344970703125,2387.131103515625,2330.294677734375,2386.436279296875,2331.556396484375,2437.344970703125,2387.131103515625,2522.0,2282.0
382.5,2331.556396484375,2437.35546875,2387.134765625,2330.294677734375,2386.43994140625,2331.556396484375,2437.35546875,2387.134765625,2522.0,2282.0
382.75,2331.566650390625,2437.341552734375,2387.149169921875,2330.305419921875,2386.454345703125,2331.566650390625,2437.341552734375,2387.149169921875,2522.0,2282.0
383.0,2331.556396484375,2437.339599609375,2387.1455078125,2330.294677734375,2387.740234375,2331.556396484375,2437.339599609375,2387.1455078125,2522.0,2282.0
383.25,2331.556396484375,2437.343017578125,2387.131103515625,2330.294677734375,2386.436279296875,2331.556396484375,2437.343017578125,2387.131103515625,2522.0,2282.0
383.5,2331.57958984375,2437.345703125,2387.129150390625,2331.5771484375,2386.434326171875,2331.57958984375,2437.345703125,2387.129150390625,2522.0,2282.0
383.75,2319.75146484375,2435.877685546875,2385.915283203125,2318.525634765625,2385.0927734375,2319.75146484375,2435.877685546875,2385.915283203125,2522.0,2282.0
384.0,2320.973388671875,2435.876708984375,2385.916015625,2318.494140625,2385.09326171875,2320.973388671875,2435.876708984375,2385.916015625,2522.0,2282.0
384.25,2319.71484375,2435.87890625,2385.916748046875,2318.4892578125,2385.09423828125,2319.71484375,2435.87890625,2385.916748046875,2522.0,2282.0
384.5,2319.714599609375,2435.879638671875,2385.91748046875,2318.489013671875,2385.094970703125,2319.714599609375,2435.879638671875,2385.91748046875,2522.0,2282.0
384.75,2319.71533203125,2435.891357421875,2385.91943359375,2318.48974609375,2385.096923828125,2319.71533203125,2435.891357421875,2385.91943359375,2522.0,2282.0
385.0,2319.71484375,2435.880859375,2385.931396484375,2318.489013671875,2385.108642578125,2319.71484375,2435.880859375,2385.931396484375,2522.0,2282.0
385.25,2319.7265625,2435.88134765625,2385.930908203125,2318.50146484375,2385.108154296875,2319.7265625,2435.88134765625,2385.930908203125,2522.0,2282.0
385.5,2319.715087890625,2435.880615234375,2385.91943359375,2318.489501953125,2385.096923828125,2319.715087890625,2435.880615234375,2385.91943359375,2522.0,2282.0
385.75,2310.5546875,2436.026123046875,2385.191650390625,2309.333740234375,2382.954345703125,2310.5546875,2436.026123046875,2385.191650390625,2522.0,2282.0
386.0,2310.59130859375,2436.02197265625,2383.892333984375,2309.370361328125,2382.943115234375,2310.59130859375,2436.02197265625,2383.892333984375,2522.0,2282.0
386.25,2310.54931640625,2436.025146484375,2383.89404296875,2309.328125,2382.94482421875,2310.54931640625,2436.025146484375,2383.89404296875,2522.0,2282.0
386.5,2310.551025390625,2436.026123046875,2383.89306640625,2309.330078125,2382.94384765625,2310.551025390625,2436.026123046875,2383.89306640625,2522.0,2282.0
386.75,2310.55126953125,2437.34228515625,2383.891845703125,2309.330078125,2382.942626953125,2310.55126953125,2437.34228515625,2383.891845703125,2522.0,2282.0
387.0,2310.551513671875,2436.02734375,2383.89453125,2309.33056640625,2382.9453125,2310.551513671875,2436.02734375,2383.89453125,2522.0,2282.0
387.25,2310.5869140625,2436.026611328125,2383.89306640625,2309.3662109375,2384.231689453125,2310.5869140625,2436.026611328125,2383.89306640625,2522.0,2282.0
387.5,2310.552001953125,2436.022705078125,2383.90087890625,2309.3310546875,2384.240234375,2310.552001953125,2436.022705078125,2383.90087890625,2522.0,2282.0
387.75,2298.78076171875,2436.5126953125,2382.197021484375,2297.35693359375,2379.975830078125,2298.78076171875,2436.5126953125,2382.197021484375,2522.0,2282.0
388.0,2298.779052734375,2436.513671875,2380.90966796875,2297.35546875,2379.97509765625,2298.779052734375,2436.513671875,2380.90966796875,2522.0,2282.0
388.25,2298.781982421875,2436.513427734375,2380.909423828125,2298.599609375,2379.97509765625,2298.781982421875,2436.513427734375,2380.909423828125,2522.0,2282.0
388.5,2300.0283203125,2436.510009765625,2380.90966796875,2297.3623046875,2379.975341796875,2300.0283203125,2436.510009765625,2380.90966796875,2522.0,2282.0
388.75,2298.78125,2436.5126953125,2380.909912109375,2297.357421875,2379.975341796875,2298.78125,2436.5126953125,2380.909912109375,2522.0,2282.0
389.0,2298.78271484375,2437.830078125,2380.90966796875,2297.35888671875,2379.975341796875,2298.78271484375,2437.830078125,2380.90966796875,2522.0,2282.0
389.25,2298.80810546875,2436.516845703125,2380.910888671875,2297.38427734375,2379.9765625,2298.80810546875,2436.516845703125,2380.910888671875,2522.0,2282.0
389.5,2298.7841796875,2436.521728515625,2380.93017578125,2297.3603515625,2379.995849609375,2298.7841796875,2436.521728515625,2380.93017578125,2522.0,2282.0
389.75,2301.478515625,2436.427978515625,2380.264404296875,2300.15966796875,2380.543701171875,2301.478515625,2436.427978515625,2380.264404296875,2522.0,2282.0
390.0,2301.46435546875,2436.430419921875,2380.26318359375,2300.14501953125,2379.2568359375,2301.46435546875,2436.430419921875,2380.26318359375,2522.0,2282.0
390.25,2301.462158203125,2436.4296875,2380.263916015625,2300.142822265625,2379.257568359375,2301.462158203125,2436.4296875,2380.263916015625,2522.0,2282.0
390.5,2301.464111328125,2436.429931640625,2380.272705078125,2300.144775390625,2379.266357421875,2301.464111328125,2436.429931640625,2380.272705078125,2522.0,2282.0
390.75,2301.508544921875,2436.428955078125,2380.26611328125,2300.189208984375,2379.260009765625,2301.508544921875,2436.428955078125,2380.26611328125,2522.0,2282.0
391.0,2301.463134765625,2437.746337890625,2380.263916015625,2300.143798828125,2379.257568359375,2301.463134765625,2437.746337890625,2380.263916015625,2522.0,2282.0
391.25,2301.463623046875,2436.430419921875,2380.263427734375,2300.144287109375,2379.257080078125,2301.463623046875,2436.430419921875,2380.263427734375,2522.0,2282.0
391.5,2301.46337890625,2436.432373046875,2380.263671875,2300.14404296875,2379.257568359375,2301.46337890625,2436.432373046875,2380.263671875,2522.0,2282.0
391.75,2306.67138671875,2435.934814453125,2381.602783203125,2305.3828125,2380.65771484375,2306.67138671875,2435.934814453125,2381.602783203125,2522.0,2282.0
392.0,2306.68115234375,2435.923828125,2381.60302734375,2305.39306640625,2381.9443359375,2306.68115234375,2435.923828125,2381.60302734375,2522.0,2282.0
392.25,2306.66845703125,2435.9267578125,2382.890625,2305.3798828125,2380.658447265625,2306.66845703125,2435.9267578125,2382.890625,2522.0,2282.0
392.5,2306.6728515625,2435.9267578125,2381.602294921875,2305.38427734375,2380.6572265625,2306.6728515625,2435.9267578125,2381.602294921875,2522.0,2282.0
392.75,2307.919677734375,2435.92626953125,2381.600830078125,2305.384765625,2380.65576171875,2307.919677734375,2435.92626953125,2381.600830078125,2522.0,2282.0
393.0,2306.666015625,2435.92626953125,2381.6025390625,2305.37744140625,2380.657470703125,2306.666015625,2435.92626953125,2381.6025390625,2522.0,2282.0
393.25,2306.668212890625,2435.9267578125,2381.6025390625,2305.379638671875,2380.657470703125,2306.668212890625,2435.9267578125,2381.6025390625,2522.0,2282.0
393.5,2306.669189453125,2435.927734375,2381.604736328125,2305.380615234375,2380.65966796875,2306.669189453125,2435.927734375,2381.604736328125,2522.0,2282.0
393.75,2316.357177734375,2436.513427734375,2384.37353515625,2315.23681640625,2383.41650390625,2316.357177734375,2436.513427734375,2384.37353515625,2522.0,2282.0
394.0,2316.35400390625,2436.510498046875,2384.37548828125,2315.233642578125,2384.706298828125,2316.35400390625,2436.510498046875,2384.37548828125,2522.0,2282.0
394.25,2316.356689453125,2436.510498046875,2384.385009765625,2315.236328125,2383.427978515625,2316.356689453125,2436.510498046875,2384.385009765625,2522.0,2282.0
394.5,2316.35400390625,2436.510986328125,2384.379638671875,2315.233642578125,2383.422607421875,2316.35400390625,2436.510986328125,2384.379638671875,2522.0,2282.0
394.75,2316.396240234375,2436.5107421875,2384.3701171875,2315.275634765625,2383.4130859375,2316.396240234375,2436.5107421875,2384.3701171875,2522.0,2282.0
395.0,2317.6103515625,2436.508056640625,2384.372802734375,2315.238037109375,2383.415771484375,2317.6103515625,2436.508056640625,2384.372802734375,2522.0,2282.0
395.25,2316.3544921875,2436.510986328125,2384.374267578125,2315.234130859375,2383.417236328125,2316.3544921875,2436.510986328125,2384.374267578125,2522.0,2282.0
395.5,2316.356201171875,2437.82763671875,2384.3740234375,2315.23583984375,2383.4169921875,2316.356201171875,2437.82763671875,2384.3740234375,2522.0,2282.0
395.75,2317.60546875,2436.031982421875,2384.983154296875,2316.4462890625,2384.1240234375,2317.60546875,2436.031982421875,2384.983154296875,2522.0,2282.0
396.0,2317.61767578125,2436.019287109375,2384.999755859375,2316.458984375,2385.4296875,2317.61767578125,2436.019287109375,2384.999755859375,2522.0,2282.0
396.25,2317.642822265625,2436.022216796875,2384.989990234375,2316.484130859375,2384.130859375,2317.642822265625,2436.022216796875,2384.989990234375,2522.0,2282.0
396.5,2317.6337890625,2436.022705078125,2384.9833984375,2316.474853515625,2384.124267578125,2317.6337890625,2436.022705078125,2384.9833984375,2522.0,2282.0
396.75,2317.60498046875,2436.020263671875,2384.9814453125,2317.697509765625,2384.122314453125,2317.60498046875,2436.020263671875,2384.9814453125,2522.0,2282.0
397.0,2317.6455078125,2436.020751953125,2384.9775390625,2316.486328125,2384.118408203125,2317.6455078125,2436.020751953125,2384.9775390625,2522.0,2282.0
397.25,2318.857421875,2436.021240234375,2384.98095703125,2316.44580078125,2384.121826171875,2318.857421875,2436.021240234375,2384.98095703125,2522.0,2282.0
397.5,2317.606201171875,2437.337646484375,2384.97998046875,2316.447021484375,2384.12060546875,2317.606201171875,2437.337646484375,2384.97998046875,2522.0,2282.0
397.75,2317.42822265625,2438.43359375,2385.758544921875,2316.3388671875,2384.83154296875,2317.42822265625,2438.43359375,2385.758544921875,2522.0,2282.0
398.0,2317.4267578125,2437.127197265625,2385.7607421875,2316.33740234375,2384.833740234375,2317.4267578125,2437.127197265625,2385.7607421875,2522.0,2282.0
398.25,2317.4365234375,2437.112548828125,2385.772705078125,2316.34765625,2384.845458984375,2317.4365234375,2437.112548828125,2385.772705078125,2522.0,2282.0
398.5,2317.453125,2437.1181640625,2385.767822265625,2316.363525390625,2386.13037109375,2317.453125,2437.1181640625,2385.767822265625,2522.0,2282.0
398.75,2317.427734375,2437.11572265625,2385.765625,2317.58984375,2384.838623046875,2317.427734375,2437.11572265625,2385.765625,2522.0,2282.0
399.0,2317.427490234375,2437.115478515625,2385.760498046875,2316.338134765625,2384.83349609375,2317.427490234375,2437.115478515625,2385.760498046875,2522.0,2282.0
399.25,2318.684326171875,2437.1123046875,2385.758056640625,2316.342529296875,2384.8310546875,2318.684326171875,2437.1123046875,2385.758056640625,2522.0,2282.0
399.5,2317.424560546875,2437.115478515625,2385.75927734375,2316.3349609375,2384.832275390625,2317.424560546875,2437.115478515625,2385.75927734375,2522.0,2282.0
399.75,2332.294677734375,2437.966796875,2391.206787109375,2331.150390625,2390.69482421875,2332.294677734375,2437.966796875,2391.206787109375,2522.0,2282.0
400.0,2332.30126953125,2437.966796875,2391.205322265625,2331.156982421875,2390.693359375,2332.30126953125,2437.966796875,2391.205322265625,2522.0,2282.0
400.25,2332.305419921875,2436.638916015625,2391.213623046875,2331.1611328125,2390.701904296875,2332.305419921875,2436.638916015625,2391.213623046875,2522.0,2282.0
400.5,2332.30908203125,2436.640380859375,2391.228759765625,2331.16552734375,2392.00927734375,2332.30908203125,2436.640380859375,2391.228759765625,2522.0,2282.0
400.75,2332.30126953125,2436.638916015625,2392.495361328125,2331.156982421875,2390.69140625,2332.30126953125,2436.638916015625,2392.495361328125,2522.0,2282.0
401.0,2332.303466796875,2436.638916015625,2391.199462890625,2331.1591796875,2390.6875,2332.303466796875,2436.638916015625,2391.199462890625,2522.0,2282.0
401.25,2333.56689453125,2436.638427734375,2391.201171875,2331.162353515625,2390.689453125,2333.56689453125,2436.638427734375,2391.201171875,2522.0,2282.0
401.5,2332.3017578125,2436.638427734375,2391.20263671875,2331.157470703125,2390.690673828125,2332.3017578125,2436.638427734375,2391.20263671875,2522.0,2282.0
401.75,2342.747314453125,2438.701904296875,2392.76025390625,2341.736328125,2392.23779296875,2342.747314453125,2438.701904296875,2392.76025390625,2522.0,2282.0
402.0,2342.74560546875,2438.70166015625,2392.762939453125,2341.734619140625,2392.240478515625,2342.74560546875,2438.70166015625,2392.762939453125,2522.0,2282.0
402.25,2342.743896484375,2437.37353515625,2392.760009765625,2341.73291015625,2392.237548828125,2342.743896484375,2437.37353515625,2392.760009765625,2522.0,2282.0
402.5,2342.75146484375,2437.375,2392.771240234375,2341.74072265625,2393.54150390625,2342.75146484375,2437.375,2392.771240234375,2522.0,2282.0
402.75,2342.744384765625,2437.373291015625,2392.760498046875,2341.7333984375,2392.238037109375,2342.744384765625,2437.373291015625,2392.760498046875,2522.0,2282.0
403.0,2342.742431640625,2437.3740234375,2392.76123046875,2341.731201171875,2392.23876953125,2342.742431640625,2437.3740234375,2392.76123046875,2522.0,2282.0
403.25,2342.777099609375,2437.37158203125,2392.755126953125,2341.765869140625,2392.232666015625,2342.777099609375,2437.37158203125,2392.755126953125,2522.0,2282.0
403.5,2344.031982421875,2437.37548828125,2392.759521484375,2341.754638671875,2392.237060546875,2344.031982421875,2437.37548828125,2392.759521484375,2522.0,2282.0
403.75,2463.7138671875,2456.572998046875,2453.611328125,2463.7138671875,2453.611328125,2463.7138671875,2456.572998046875,2453.611328125,2522.0,2282.0
404.0,2463.7138671875,2456.57275390625,2453.611328125,2463.7138671875,2453.611328125,2463.7138671875,2456.57275390625,2453.611328125,2522.0,2282.0
404.25,2463.7138671875,2456.572998046875,2453.611328125,2463.7138671875,2453.611328125,2463.7138671875,2456.572998046875,2453.611328125,2522.0,2282.0
404.5,2463.7138671875,2456.57275390625,2453.611328125,2463.7138671875,2453.611328125,2463.7138671875,2456.57275390625,2453.611328125,2522.0,2282.0
404.75,2463.7138671875,2456.57275390625,2453.611328125,2463.7138671875,2453.611328125,2463.7138671875,2456.57275390625,2453.611328125,2522.0,2282.0
405.0,2463.7138671875,2456.57275390625,2453.611328125,2463.7138671875,2453.611328125,2463.7138671875,2456.57275390625,2453.611328125,2522.0,2282.0
405.25,2465.045166015625,2456.57275390625,2453.611328125,2465.045166015625,2453.611328125,2465.045166015625,2456.57275390625,2453.611328125,2522.0,2282.0
405.5,2463.7138671875,2456.57275390625,2453.611328125,2463.7138671875,2453.611328125,2463.7138671875,2456.57275390625,2453.611328125,2522.0,2282.0
405.75,2463.7138671875,2456.572998046875,2453.611328125,2463.7138671875,2453.611328125,2463.7138671875,2456.572998046875,2453.611328125,2522.0,2282.0
406.0,2463.7138671875,2456.572998046875,2453.611328125,2463.7138671875,2453.611328125,2463.7138671875,2456.572998046875,2453.611328125,2522.0,2282.0
406.25,2463.7138671875,2456.57275390625,2453.611328125,2463.7138671875,2453.611328125,2463.7138671875,2456.57275390625,2453.611328125,2522.0,2282.0
406.5,2463.7138671875,2456.572998046875,2453.611328125,2463.7138671875,2453.611328125,2463.7138671875,2456.572998046875,2453.611328125,2522.0,2282.0
406.75,2463.7138671875,2457.900390625,2453.611328125,2463.7138671875,2453.611328125,2463.7138671875,2457.900390625,2453.611328125,2522.0,2282.0
407.0,2463.7138671875,2456.572998046875,2453.611328125,2463.7138671875,2453.611328125,2463.7138671875,2456.572998046875,2453.611328125,2522.0,2282.0
407.25,2463.7138671875,2456.572998046875,2453.611328125,2463.7138671875,2453.611328125,2463.7138671875,2456.572998046875,2453.611328125,2522.0,2282.0
407.5,2465.045166015625,2456.572998046875,2453.611328125,2465.045166015625,2453.611328125,2465.045166015625,2456.572998046875,2453.611328125,2522.0,2282.0
407.75,2463.7138671875,2456.572998046875,2453.611328125,2463.7138671875,2453.611328125,2463.7138671875,2456.572998046875,2453.611328125,2522.0,2282.0
408.0,2463.7138671875,2456.572998046875,2453.611328125,2463.7138671875,2453.611328125,2463.7138671875,2456.572998046875,2453.611328125,2522.0,2282.0
408.25,2463.7138671875,2456.572998046875,2453.611328125,2463.7138671875,2453.611328125,2463.7138671875,2456.572998046875,2453.611328125,2522.0,2282.0
408.5,2463.7138671875,2456.572998046875,2453.611328125,2463.7138671875,2453.611328125,2463.7138671875,2456.572998046875,2453.611328125,2522.0,2282.0
408.75,2463.7138671875,2456.572998046875,2453.611328125,2463.7138671875,2453.611328125,2463.7138671875,2456.572998046875,2453.611328125,2522.0,2282.0
409.0,2463.7138671875,2457.900390625,2453.611328125,2463.7138671875,2453.611328125,2463.7138671875,2457.900390625,2453.611328125,2522.0,2282.0
409.25,2463.7138671875,2456.572998046875,2453.611328125,2463.7138671875,2453.611328125,2463.7138671875,2456.572998046875,2453.611328125,2522.0,2282.0
409.5,2463.7138671875,2456.572998046875,2453.611328125,2463.7138671875,2453.611328125,2463.7138671875,2456.572998046875,2453.611328125,2522.0,2282.0
409.75,2463.7138671875,2456.572998046875,2453.611328125,2463.7138671875,2453.611328125,2463.7138671875,2456.572998046875,2453.611328125,2522.0,2282.0
410.0,2465.045166015625,2456.572998046875,2453.611328125,2465.045166015625,2453.611328125,2465.045166015625,2456.572998046875,2453.611328125,2522.0,2282.0
410.25,2463.7138671875,2456.572998046875,2453.611328125,2463.7138671875,2453.611328125,2463.7138671875,2456.572998046875,2453.611328125,2522.0,2282.0
410.5,2463.7138671875,2456.57275390625,2453.611328125,2463.7138671875,2453.611328125,2463.7138671875,2456.57275390625,2453.611328125,2522.0,2282.0
410.75,2463.7138671875,2456.572998046875,2453.611328125,2463.7138671875,2453.611328125,2463.7138671875,2456.572998046875,2453.611328125,2522.0,2282.0
411.0,2463.7138671875,2456.572998046875,2453.611328125,2463.7138671875,2453.611328125,2463.7138671875,2456.572998046875,2453.611328125,2522.0,2282.0
411.25,2463.7138671875,2457.900390625,2453.611328125,2463.7138671875,2453.611328125,2463.7138671875,2457.900390625,2453.611328125,2522.0,2282.0
411.5,2463.7138671875,2456.57275390625,2453.611328125,2463.7138671875,2453.611328125,2463.7138671875,2456.57275390625,2453.611328125,2522.0,2282.0
411.75,2463.7138671875,2456.57275390625,2453.611328125,2463.7138671875,2453.611328125,2463.7138671875,2456.57275390625,2453.611328125,2522.0,2282.0
412.0,2465.045166015625,2456.57275390625,2453.611328125,2465.045166015625,2453.611328125,2465.045166015625,2456.57275390625,2453.611328125,2522.0,2282.0
412.25,2463.7138671875,2456.57275390625,2453.611328125,2463.7138671875,2453.611328125,2463.7138671875,2456.57275390625,2453.611328125,2522.0,2282.0
412.5,2463.7138671875,2456.572998046875,2453.611328125,2463.7138671875,2453.611328125,2463.7138671875,2456.572998046875,2453.611328125,2522.0,2282.0
412.75,2463.7138671875,2456.57275390625,2453.611328125,2463.7138671875,2453.611328125,2463.7138671875,2456.57275390625,2453.611328125,2522.0,2282.0
413.0,2463.7138671875,2456.57275390625,2453.611328125,2463.7138671875,2453.611328125,2463.7138671875,2456.57275390625,2453.611328125,2522.0,2282.0
413.25,2463.7138671875,2456.57275390625,2453.611328125,2463.7138671875,2453.611328125,2463.7138671875,2456.57275390625,2453.611328125,2522.0,2282.0
413.5,2463.7138671875,2456.572998046875,2453.611328125,2463.7138671875,2453.611328125,2463.7138671875,2456.572998046875,2453.611328125,2522.0,2282.0
413.75,2463.7138671875,2456.57275390625,2453.611328125,2463.7138671875,2453.611328125,2463.7138671875,2456.57275390625,2453.611328125,2522.0,2282.0
414.0,2463.7138671875,2456.572998046875,2453.611328125,2463.7138671875,2453.611328125,2463.7138671875,2456.572998046875,2453.611328125,2522.0,2282.0
414.25,2465.045166015625,2456.57275390625,2453.611328125,2465.045166015625,2453.611328125,2465.045166015625,2456.57275390625,2453.611328125,2522.0,2282.0
414.5,2463.7138671875,2456.572998046875,2453.611328125,2463.7138671875,2453.611328125,2463.7138671875,2456.572998046875,2453.611328125,2522.0,2282.0
414.75,2463.7138671875,2456.57275390625,2453.611328125,2463.7138671875,2453.611328125,2463.7138671875,2456.57275390625,2453.611328125,2522.0,2282.0
415.0,2463.7138671875,2456.572998046875,2453.611328125,2463.7138671875,2453.611328125,2463.7138671875,2456.572998046875,2453.611328125,2522.0,2282.0
415.25,2463.7138671875,2456.572998046875,2453.611328125,2463.7138671875,2453.611328125,2463.7138671875,2456.572998046875,2453.611328125,2522.0,2282.0
415.5,2463.7138671875,2456.572998046875,2453.611328125,2463.7138671875,2453.611328125,2463.7138671875,2456.572998046875,2453.611328125,2522.0,2282.0
415.75,2463.7138671875,2456.572998046875,2453.611328125,2463.7138671875,2453.611328125,2463.7138671875,2456.572998046875,2453.611328125,2522.0,2282.0
416.0,2463.7138671875,2456.572998046875,2453.611328125,2463.7138671875,2453.611328125,2463.7138671875,2456.572998046875,2453.611328125,2522.0,2282.0
416.25,2463.7138671875,2456.57275390625,2453.611328125,2463.7138671875,2453.611328125,2463.7138671875,2456.57275390625,2453.611328125,2522.0,2282.0
416.5,2465.045166015625,2456.572998046875,2453.611328125,2465.045166015625,2453.611328125,2465.045166015625,2456.572998046875,2453.611328125,2522.0,2282.0
416.75,2463.7138671875,2456.57275390625,2453.611328125,2463.7138671875,2453.611328125,2463.7138671875,2456.57275390625,2453.611328125,2522.0,2282.0
417.0,2463.7138671875,2456.572998046875,2453.611328125,2463.7138671875,2453.611328125,2463.7138671875,2456.572998046875,2453.611328125,2522.0,2282.0
417.25,2463.7138671875,2456.572998046875,2453.611328125,2463.7138671875,2453.611328125,2463.7138671875,2456.572998046875,2453.611328125,2522.0,2282.0
417.5,2463.7138671875,2456.572998046875,2453.611328125,2463.7138671875,2453.611328125,2463.7138671875,2456.572998046875,2453.611328125,2522.0,2282.0
417.75,2463.7138671875,2456.572998046875,2453.611328125,2463.7138671875,2453.611328125,2463.7138671875,2456.572998046875,2453.611328125,2522.0,2282.0
418.0,2463.7138671875,2456.572998046875,2453.611328125,2463.7138671875,2453.611328125,2463.7138671875,2456.572998046875,2453.611328125,2522.0,2282.0
418.25,2463.7138671875,2456.57275390625,2453.611328125,2463.7138671875,2453.611328125,2463.7138671875,2456.57275390625,2453.611328125,2522.0,2282.0
418.5,2463.7138671875,2456.572998046875,2453.611328125,2463.7138671875,2453.611328125,2463.7138671875,2456.572998046875,2453.611328125,2522.0,2282.0
418.75,2465.045166015625,2456.57275390625,2453.611328125,2465.045166015625,2453.611328125,2465.045166015625,2456.57275390625,2453.611328125,2522.0,2282.0
419.0,2463.7138671875,2456.572998046875,2453.611328125,2463.7138671875,2453.611328125,2463.7138671875,2456.572998046875,2453.611328125,2522.0,2282.0
419.25,2463.7138671875,2456.57275390625,2453.611328125,2463.7138671875,2453.611328125,2463.7138671875,2456.57275390625,2453.611328125,2522.0,2282.0
419.5,2463.7138671875,2456.572998046875,2453.611328125,2463.7138671875,2453.611328125,2463.7138671875,2456.572998046875,2453.611328125,2522.0,2282.0
419.75,2463.7138671875,2456.572998046875,2453.611328125,2463.7138671875,2453.611328125,2463.7138671875,2456.572998046875,2453.611328125,2522.0,2282.0
420.0,2463.7138671875,2456.572998046875,2453.611328125,2463.7138671875,2453.611328125,2463.7138671875,2456.572998046875,2453.611328125,2522.0,2282.0
420.25,2463.7138671875,2456.57275390625,2453.611328125,2463.7138671875,2453.611328125,2463.7138671875,2456.57275390625,2453.611328125,2522.0,2282.0
420.5,2463.7138671875,2456.572998046875,2453.611328125,2463.7138671875,2453.611328125,2463.7138671875,2456.572998046875,2453.611328125,2522.0,2282.0
420.75,2463.7138671875,2456.572998046875,2453.611328125,2463.7138671875,2453.611328125,2463.7138671875,2456.572998046875,2453.611328125,2522.0,2282.0
421.0,2465.045166015625,2456.572998046875,2453.611328125,2465.045166015625,2453.611328125,2465.045166015625,2456.572998046875,2453.611328125,2522.0,2282.0
421.25,2463.7138671875,2456.572998046875,2453.611328125,2463.7138671875,2453.611328125,2463.7138671875,2456.572998046875,2453.611328125,2522.0,2282.0
421.5,2463.7138671875,2456.57275390625,2453.611328125,2463.7138671875,2453.611328125,2463.7138671875,2456.57275390625,2453.611328125,2522.0,2282.0
421.75,2463.7138671875,2456.572998046875,2453.611328125,2463.7138671875,2453.611328125,2463.7138671875,2456.572998046875,2453.611328125,2522.0,2282.0
422.0,2463.7138671875,2456.57275390625,2453.611328125,2463.7138671875,2453.611328125,2463.7138671875,2456.57275390625,2453.611328125,2522.0,2282.0
422.25,2463.7138671875,2456.57275390625,2453.611328125,2463.7138671875,2453.611328125,2463.7138671875,2456.57275390625,2453.611328125,2522.0,2282.0
422.5,2463.7138671875,2457.900390625,2453.611328125,2463.7138671875,2453.611328125,2463.7138671875,2457.900390625,2453.611328125,2522.0,2282.0
422.75,2463.7138671875,2456.572998046875,2453.611328125,2463.7138671875,2453.611328125,2463.7138671875,2456.572998046875,2453.611328125,2522.0,2282.0
423.0,2463.7138671875,2456.572998046875,2453.611328125,2463.7138671875,2453.611328125,2463.7138671875,2456.572998046875,2453.611328125,2522.0,2282.0
423.25,2465.045166015625,2456.572998046875,2454.937255859375,2465.045166015625,2454.937255859375,2465.045166015625,2456.572998046875,2454.937255859375,2522.0,2282.0
423.5,2465.045166015625,2456.57275390625,2453.611328125,2465.045166015625,2453.611328125,2465.045166015625,2456.57275390625,2453.611328125,2522.0,2282.0
423.75,2463.7138671875,2456.572998046875,2453.611328125,2463.7138671875,2453.611328125,2463.7138671875,2456.572998046875,2453.611328125,2522.0,2282.0
424.0,2463.7138671875,2456.572998046875,2453.611328125,2463.7138671875,2453.611328125,2463.7138671875,2456.572998046875,2453.611328125,2522.0,2282.0
424.25,2463.7138671875,2456.57275390625,2453.611328125,2463.7138671875,2453.611328125,2463.7138671875,2456.57275390625,2453.611328125,2522.0,2282.0
424.5,2463.7138671875,2456.57275390625,2453.611328125,2463.7138671875,2453.611328125,2463.7138671875,2456.57275390625,2453.611328125,2522.0,2282.0
424.75,2463.7138671875,2457.900390625,2453.611328125,2463.7138671875,2453.611328125,2463.7138671875,2457.900390625,2453.611328125,2522.0,2282.0
425.0,2463.7138671875,2456.572998046875,2453.611328125,2463.7138671875,2453.611328125,2463.7138671875,2456.572998046875,2453.611328125,2522.0,2282.0
425.25,2463.7138671875,2456.572998046875,2453.611328125,2463.7138671875,2453.611328125,2463.7138671875,2456.572998046875,2453.611328125,2522.0,2282.0
425.5,2465.045166015625,2456.572998046875,2453.611328125,2465.045166015625,2453.611328125,2465.045166015625,2456.572998046875,2453.611328125,2522.0,2282.0
425.75,2463.7138671875,2456.572998046875,2453.611328125,2463.7138671875,2453.611328125,2463.7138671875,2456.572998046875,2453.611328125,2522.0,2282.0
426.0,2463.7138671875,2456.572998046875,2453.611328125,2463.7138671875,2453.611328125,2463.7138671875,2456.572998046875,2453.611328125,2522.0,2282.0
426.25,2463.7138671875,2456.572998046875,2453.611328125,2463.7138671875,2453.611328125,2463.7138671875,2456.572998046875,2453.611328125,2522.0,2282.0
426.5,2463.7138671875,2456.572998046875,2453.611328125,2463.7138671875,2453.611328125,2463.7138671875,2456.572998046875,2453.611328125,2522.0,2282.0
426.75,2463.7138671875,2456.572998046875,2453.611328125,2463.7138671875,2453.611328125,2463.7138671875,2456.572998046875,2453.611328125,2522.0,2282.0
427.0,2463.7138671875,2457.900390625,2453.611328125,2463.7138671875,2453.611328125,2463.7138671875,2457.900390625,2453.611328125,2522.0,2282.0
427.25,2463.7138671875,2456.572998046875,2453.611328125,2463.7138671875,2453.611328125,2463.7138671875,2456.572998046875,2453.611328125,2522.0,2282.0
427.5,2463.7138671875,2456.57275390625,2453.611328125,2463.7138671875,2453.611328125,2463.7138671875,2456.57275390625,2453.611328125,2522.0,2282.0
427.75,2465.04541015625,2456.57275390625,2453.611328125,2465.04541015625,2453.611328125,2465.04541015625,2456.57275390625,2453.611328125,2522.0,2282.0
428.0,2465.045166015625,2456.572998046875,2453.611328125,2465.045166015625,2453.611328125,2465.045166015625,2456.572998046875,2453.611328125,2522.0,2282.0
428.25,2463.7138671875,2456.57275390625,2453.611328125,2463.7138671875,2453.611328125,2463.7138671875,2456.57275390625,2453.611328125,2522.0,2282.0
428.5,2463.7138671875,2456.572998046875,2453.611328125,2463.7138671875,2453.611328125,2463.7138671875,2456.572998046875,2453.611328125,2522.0,2282.0
428.75,2463.7138671875,2456.57275390625,2453.611328125,2463.7138671875,2453.611328125,2463.7138671875,2456.57275390625,2453.611328125,2522.0,2282.0
429.0,2463.7138671875,2456.57275390625,2453.611328125,2463.7138671875,2453.611328125,2463.7138671875,2456.57275390625,2453.611328125,2522.0,2282.0
429.25,2463.7138671875,2457.900390625,2453.611328125,2463.7138671875,2453.611328125,2463.7138671875,2457.900390625,2453.611328125,2522.0,2282.0
429.5,2463.7138671875,2456.572998046875,2453.611328125,2463.7138671875,2453.611328125,2463.7138671875,2456.572998046875,2453.611328125,2522.0,2282.0
429.75,2463.7138671875,2456.57275390625,2453.611328125,2463.7138671875,2453.611328125,2463.7138671875,2456.57275390625,2453.611328125,2522.0,2282.0
430.0,2465.045166015625,2456.572998046875,2453.611328125,2465.045166015625,2453.611328125,2465.045166015625,2456.572998046875,2453.611328125,2522.0,2282.0
430.25,2463.7138671875,2456.57275390625,2453.611328125,2463.7138671875,2453.611328125,2463.7138671875,2456.57275390625,2453.611328125,2522.0,2282.0
430.5,2463.7138671875,2456.572998046875,2453.611328125,2463.7138671875,2453.611328125,2463.7138671875,2456.572998046875,2453.611328125,2522.0,2282.0
430.75,2463.7138671875,2456.57275390625,2453.611328125,2463.7138671875,2453.611328125,2463.7138671875,2456.57275390625,2453.611328125,2522.0,2282.0
431.0,2463.7138671875,2456.572998046875,2453.611328125,2463.7138671875,2453.611328125,2463.7138671875,2456.572998046875,2453.611328125,2522.0,2282.0
431.25,2463.7138671875,2456.57275390625,2453.611328125,2463.7138671875,2453.611328125,2463.7138671875,2456.57275390625,2453.611328125,2522.0,2282.0
431.5,2463.7138671875,2456.572998046875,2453.611328125,2463.7138671875,2453.611328125,2463.7138671875,2456.572998046875,2453.611328125,2522.0,2282.0
431.75,2463.7138671875,2456.57275390625,2453.611328125,2463.7138671875,2453.611328125,2463.7138671875,2456.57275390625,2453.611328125,2522.0,2282.0
432.0,2463.7138671875,2456.572998046875,2453.611328125,2463.7138671875,2453.611328125,2463.7138671875,2456.572998046875,2453.611328125,2522.0,2282.0
432.25,2463.7138671875,2456.572998046875,2453.611328125,2463.7138671875,2453.611328125,2463.7138671875,2456.572998046875,2453.611328125,2522.0,2282.0
432.5,2463.7138671875,2456.572998046875,2453.611328125,2463.7138671875,2453.611328125,2463.7138671875,2456.572998046875,2453.611328125,2522.0,2282.0
432.75,2463.7138671875,2456.572998046875,2453.611328125,2463.7138671875,2453.611328125,2463.7138671875,2456.572998046875,2453.611328125,2522.0,2282.0
433.0,2463.7138671875,2456.572998046875,2453.611328125,2463.7138671875,2453.611328125,2463.7138671875,2456.572998046875,2453.611328125,2522.0,2282.0
433.25,2463.7138671875,2456.572998046875,2453.611328125,2463.7138671875,2453.611328125,2463.7138671875,2456.572998046875,2453.611328125,2522.0,2282.0
433.5,2463.7138671875,2456.572998046875,2453.611328125,2463.7138671875,2453.611328125,2463.7138671875,2456.572998046875,2453.611328125,2522.0,2282.0
433.75,2463.7138671875,2456.572998046875,2453.611328125,2463.7138671875,2453.611328125,2463.7138671875,2456.572998046875,2453.611328125,2522.0,2282.0
434.0,2463.7138671875,2456.572998046875,2453.611328125,2463.7138671875,2453.611328125,2463.7138671875,2456.572998046875,2453.611328125,2522.0,2282.0
434.25,2463.7138671875,2456.572998046875,2453.611328125,2463.7138671875,2453.611328125,2463.7138671875,2456.572998046875,2453.611328125,2522.0,2282.0
434.5,2463.7138671875,2456.572998046875,2453.611328125,2463.7138671875,2453.611328125,2463.7138671875,2456.572998046875,2453.611328125,2522.0,2282.0
434.75,2463.7138671875,2456.572998046875,2453.611328125,2463.7138671875,2453.611328125,2463.7138671875,2456.572998046875,2453.611328125,2522.0,2282.0
435.0,2463.7138671875,2456.572998046875,2453.611328125,2463.7138671875,2453.611328125,2463.7138671875,2456.572998046875,2453.611328125,2522.0,2282.0
435.25,2463.7138671875,2456.572998046875,2453.611328125,2463.7138671875,2453.611328125,2463.7138671875,2456.572998046875,2453.611328125,2522.0,2282.0
435.5,2463.7138671875,2456.57275390625,2453.611328125,2463.7138671875,2453.611328125,2463.7138671875,2456.57275390625,2453.611328125,2522.0,2282.0
435.75,2463.7138671875,2456.572998046875,2453.611328125,2463.7138671875,2453.611328125,2463.7138671875,2456.572998046875,2453.611328125,2522.0,2282.0
436.0,2463.7138671875,2456.57275390625,2453.611328125,2463.7138671875,2453.611328125,2463.7138671875,2456.57275390625,2453.611328125,2522.0,2282.0
436.25,2463.7138671875,2456.572998046875,2453.611328125,2463.7138671875,2453.611328125,2463.7138671875,2456.572998046875,2453.611328125,2522.0,2282.0
436.5,2463.7138671875,2456.57275390625,2453.611328125,2463.7138671875,2453.611328125,2463.7138671875,2456.57275390625,2453.611328125,2522.0,2282.0
436.75,2465.045166015625,2456.57275390625,2454.937255859375,2465.045166015625,2454.937255859375,2465.045166015625,2456.57275390625,2454.937255859375,2522.0,2282.0
437.0,2465.045166015625,2456.57275390625,2453.611328125,2465.045166015625,2453.611328125,2465.045166015625,2456.57275390625,2453.611328125,2522.0,2282.0
437.25,2463.7138671875,2456.57275390625,2453.611328125,2463.7138671875,2453.611328125,2463.7138671875,2456.57275390625,2453.611328125,2522.0,2282.0
437.5,2463.7138671875,2456.572998046875,2453.611328125,2463.7138671875,2453.611328125,2463.7138671875,2456.572998046875,2453.611328125,2522.0,2282.0
437.75,2463.7138671875,2456.572998046875,2453.611328125,2463.7138671875,2453.611328125,2463.7138671875,2456.572998046875,2453.611328125,2522.0,2282.0
438.0,2463.7138671875,2456.572998046875,2453.611328125,2463.7138671875,2453.611328125,2463.7138671875,2456.572998046875,2453.611328125,2522.0,2282.0
438.25,2465.045166015625,2456.57275390625,2453.611328125,2465.045166015625,2453.611328125,2465.045166015625,2456.57275390625,2453.611328125,2522.0,2282.0
438.5,2465.045166015625,2456.572998046875,2453.611328125,2465.045166015625,2453.611328125,2465.045166015625,2456.572998046875,2453.611328125,2522.0,2282.0
438.75,2463.7138671875,2456.57275390625,2453.611328125,2463.7138671875,2453.611328125,2463.7138671875,2456.57275390625,2453.611328125,2522.0,2282.0
439.0,2463.7138671875,2456.572998046875,2453.611328125,2463.7138671875,2453.611328125,2463.7138671875,2456.572998046875,2453.611328125,2522.0,2282.0
439.25,2463.7138671875,2456.572998046875,2453.611328125,2463.7138671875,2453.611328125,2463.7138671875,2456.572998046875,2453.611328125,2522.0,2282.0
439.5,2463.7138671875,2456.572998046875,2453.611328125,2463.7138671875,2453.611328125,2463.7138671875,2456.572998046875,2453.611328125,2522.0,2282.0
439.75,2463.7138671875,2456.572998046875,2453.611328125,2463.7138671875,2453.611328125,2463.7138671875,2456.572998046875,2453.611328125,2522.0,2282.0
440.0,2463.7138671875,2456.572998046875,2453.611328125,2463.7138671875,2453.611328125,2463.7138671875,2456.572998046875,2453.611328125,2522.0,2282.0
440.25,2463.7138671875,2456.572998046875,2453.611328125,2463.7138671875,2453.611328125,2463.7138671875,2456.572998046875,2453.611328125,2522.0,2282.0
440.5,2463.7138671875,2456.572998046875,2453.611328125,2463.7138671875,2453.611328125,2463.7138671875,2456.572998046875,2453.611328125,2522.0,2282.0
440.75,2465.045166015625,2456.572998046875,2453.611328125,2465.045166015625,2453.611328125,2465.045166015625,2456.572998046875,2453.611328125,2522.0,2282.0
441.0,2463.7138671875,2456.572998046875,2453.611328125,2463.7138671875,2453.611328125,2463.7138671875,2456.572998046875,2453.611328125,2522.0,2282.0
441.25,2463.7138671875,2456.572998046875,2453.611328125,2463.7138671875,2453.611328125,2463.7138671875,2456.572998046875,2453.611328125,2522.0,2282.0
441.5,2463.7138671875,2456.572998046875,2453.611328125,2463.7138671875,2453.611328125,2463.7138671875,2456.572998046875,2453.611328125,2522.0,2282.0
441.75,2463.7138671875,2456.57275390625,2453.611328125,2463.7138671875,2453.611328125,2463.7138671875,2456.57275390625,2453.611328125,2522.0,2282.0
442.0,2463.7138671875,2456.572998046875,2453.611328125,2463.7138671875,2453.611328125,2463.7138671875,2456.572998046875,2453.611328125,2522.0,2282.0
442.25,2463.7138671875,2456.572998046875,2453.611328125,2463.7138671875,2453.611328125,2463.7138671875,2456.572998046875,2453.611328125,2522.0,2282.0
442.5,2463.7138671875,2456.572998046875,2453.611328125,2463.7138671875,2453.611328125,2463.7138671875,2456.572998046875,2453.611328125,2522.0,2282.0
442.75,2463.7138671875,2456.57275390625,2453.611328125,2463.7138671875,2453.611328125,2463.7138671875,2456.57275390625,2453.611328125,2522.0,2282.0
443.0,2465.04541015625,2456.572998046875,2453.611328125,2465.04541015625,2453.611328125,2465.04541015625,2456.572998046875,2453.611328125,2522.0,2282.0
443.25,2463.7138671875,2456.57275390625,2453.611328125,2463.7138671875,2453.611328125,2463.7138671875,2456.57275390625,2453.611328125,2522.0,2282.0
443.5,2463.7138671875,2456.57275390625,2453.611328125,2463.7138671875,2453.611328125,2463.7138671875,2456.57275390625,2453.611328125,2522.0,2282.0
443.75,2463.7138671875,2456.572998046875,2453.611328125,2463.7138671875,2453.611328125,2463.7138671875,2456.572998046875,2453.611328125,2522.0,2282.0
444.0,2463.7138671875,2456.57275390625,2453.611328125,2463.7138671875,2453.611328125,2463.7138671875,2456.57275390625,2453.611328125,2522.0,2282.0
444.25,2463.7138671875,2456.572998046875,2453.611328125,2463.7138671875,2453.611328125,2463.7138671875,2456.572998046875,2453.611328125,2522.0,2282.0
444.5,2463.7138671875,2456.57275390625,2453.611328125,2463.7138671875,2453.611328125,2463.7138671875,2456.57275390625,2453.611328125,2522.0,2282.0
444.75,2463.7138671875,2456.57275390625,2453.611328125,2463.7138671875,2453.611328125,2463.7138671875,2456.57275390625,2453.611328125,2522.0,2282.0
445.0,2463.7138671875,2456.57275390625,2453.611328125,2463.7138671875,2453.611328125,2463.7138671875,2456.57275390625,2453.611328125,2522.0,2282.0
445.25,2465.045166015625,2456.57275390625,2453.611328125,2465.045166015625,2453.611328125,2465.045166015625,2456.57275390625,2453.611328125,2522.0,2282.0
445.5,2463.7138671875,2456.57275390625,2453.611328125,2463.7138671875,2453.611328125,2463.7138671875,2456.57275390625,2453.611328125,2522.0,2282.0
445.75,2463.7138671875,2456.572998046875,2453.611328125,2463.7138671875,2453.611328125,2463.7138671875,2456.572998046875,2453.611328125,2522.0,2282.0
446.0,2463.7138671875,2456.57275390625,2453.611328125,2463.7138671875,2453.611328125,2463.7138671875,2456.57275390625,2453.611328125,2522.0,2282.0
446.25,2463.7138671875,2456.572998046875,2453.611328125,2463.7138671875,2453.611328125,2463.7138671875,2456.572998046875,2453.611328125,2522.0,2282.0
446.5,2463.7138671875,2456.57275390625,2453.611328125,2463.7138671875,2453.611328125,2463.7138671875,2456.57275390625,2453.611328125,2522.0,2282.0
446.75,2463.7138671875,2456.572998046875,2453.611328125,2463.7138671875,2453.611328125,2463.7138671875,2456.572998046875,2453.611328125,2522.0,2282.0
447.0,2463.7138671875,2456.57275390625,2453.611328125,2463.7138671875,2453.611328125,2463.7138671875,2456.57275390625,2453.611328125,2522.0,2282.0
447.25,2463.7138671875,2456.572998046875,2453.611328125,2463.7138671875,2453.611328125,2463.7138671875,2456.572998046875,2453.611328125,2522.0,2282.0
447.5,2463.7138671875,2456.57275390625,2453.611328125,2463.7138671875,2453.611328125,2463.7138671875,2456.57275390625,2453.611328125,2522.0,2282.0
447.75,2463.7138671875,2456.572998046875,2453.611328125,2463.7138671875,2453.611328125,2463.7138671875,2456.572998046875,2453.611328125,2522.0,2282.0
448.0,2463.7138671875,2456.572998046875,2453.611328125,2463.7138671875,2453.611328125,2463.7138671875,2456.572998046875,2453.611328125,2522.0,2282.0
448.25,2463.7138671875,2456.572998046875,2453.611328125,2463.7138671875,2453.611328125,2463.7138671875,2456.572998046875,2453.611328125,2522.0,2282.0
448.5,2463.7138671875,2456.57275390625,2453.611328125,2463.7138671875,2453.611328125,2463.7138671875,2456.57275390625,2453.611328125,2522.0,2282.0
448.75,2463.7138671875,2456.572998046875,2453.611328125,2463.7138671875,2453.611328125,2463.7138671875,2456.572998046875,2453.611328125,2522.0,2282.0
449.0,2463.7138671875,2456.57275390625,2453.611328125,2463.7138671875,2453.611328125,2463.7138671875,2456.57275390625,2453.611328125,2522.0,2282.0
449.25,2463.7138671875,2456.572998046875,2453.611328125,2463.7138671875,2453.611328125,2463.7138671875,2456.572998046875,2453.611328125,2522.0,2282.0
449.5,2465.045166015625,2456.57275390625,2453.611328125,2465.045166015625,2453.611328125,2465.045166015625,2456.57275390625,2453.611328125,2522.0,2282.0
449.75,2463.7138671875,2456.572998046875,2453.611328125,2463.7138671875,2453.611328125,2463.7138671875,2456.572998046875,2453.611328125,2522.0,2282.0
