Time,Time Varying Load 611.Single phase time-varying load1.P_measured,Time Varying Load 634.Single phase time-varying load with the Master PulseA.P_measured,Time Varying Load 634.Single phase time-varying load with the Master PulseB.P_measured,Time Varying Load 634.Single phase time-varying load with the Master PulseC.P_measured,Time Varying Load 645.Single phase time-varying load645.P_measured,Time Varying Load 646.Single phase time-varying load646.P_measured,Time Varying Load 652.Single phase time-varying load652.P_measured,Time Varying Load 692.Single phase time-varying loadC.P_measured
0.0,125268.0546875,15199.3232421875,15232.5068359375,15200.3173828125,131203.390625,227682.1875,115899.1171875,208526.796875
0.25,125474.890625,15213.8134765625,15235.017578125,15235.5908203125,131447.671875,228291.546875,115482.34375,207382.34375
0.5,125414.796875,15219.2177734375,15227.322265625,15228.2861328125,131381.84375,228171.65625,115497.7734375,207274.859375
0.75,125394.8125,15221.2890625,15224.6982421875,15225.8759765625,131360.34375,228138.453125,115503.84375,207238.703125
1.0,125386.375,15222.0830078125,15223.736328125,15224.849609375,131350.03125,228124.3125,115506.15625,207223.296875
1.25,125383.0859375,15222.3876953125,15223.3115234375,15224.4521484375,131347.640625,228124.859375,115507.03125,207217.375
1.5,125381.8125,15222.5009765625,15223.1650390625,15224.30078125,131348.109375,228123.203125,115507.2421875,207214.984375
1.75,125381.3203125,15222.5439453125,15223.1103515625,15224.2412109375,131346.515625,228119.921875,115507.4453125,207214.171875
2.0,125140.25,15217.69921875,15207.6015625,15194.927734375,131213.796875,227691.078125,115476.6875,206973.1875
2.25,125381.0625,15222.5771484375,15223.0673828125,15224.2109375,131343.765625,228117.390625,115507.671875,207213.859375
2.5,125381.03125,15222.578125,15223.06640625,15224.208984375,131348.59375,228120.96875,115507.7421875,207213.84375
2.75,125381.0625,15222.578125,15223.0693359375,15224.2119140625,131349.84375,228124.1875,115507.5625,207213.65625
3.0,125381.0390625,15222.5751953125,15223.0703125,15224.208984375,131351.1875,228112.84375,115507.328125,207213.65625
3.25,125381.0390625,15222.57421875,15223.072265625,15224.2060546875,131353.5,228117.203125,115507.609375,207213.578125
3.5,125381.0625,15222.5712890625,15223.0751953125,15224.2060546875,131350.28125,228112.71875,115507.53125,207213.5
3.75,125381.015625,15222.572265625,15223.0732421875,15224.2080078125,131345.0,228114.40625,115507.484375,207213.609375
4.0,125381.015625,15222.5732421875,15223.07421875,15224.2021484375,131343.546875,228114.609375,115507.515625,207213.578125
4.25,125381.046875,15222.5791015625,15223.0625,15224.2099609375,131341.109375,228112.359375,115507.4609375,207213.65625
4.5,125381.1015625,15222.5771484375,15223.064453125,15224.2119140625,131350.0,228115.5,115507.59375,207213.765625
4.75,125381.0546875,15222.5751953125,15223.0673828125,15224.2109375,131349.171875,228115.953125,115507.59375,207213.734375
5.0,125381.0703125,15222.5732421875,15223.068359375,15224.2001953125,131346.359375,228107.640625,115507.7109375,207213.65625
5.25,125381.0546875,15222.5712890625,15223.0712890625,15224.208984375,131345.0625,228110.03125,115507.453125,207213.59375
5.5,125381.046875,15222.5732421875,15223.0703125,15224.2060546875,131347.859375,228114.84375,115507.4921875,207213.65625
5.75,125381.0078125,15222.5732421875,15223.072265625,15224.2060546875,131343.734375,228117.3125,115507.5703125,207213.46875
6.0,125381.015625,15222.5732421875,15223.0751953125,15224.2109375,131348.46875,228125.578125,115507.4375,207213.4375
6.25,125381.0390625,15222.5703125,15223.0791015625,15224.20703125,131344.9375,228115.53125,115507.53125,207213.5625
6.5,125140.140625,15217.7060546875,15207.5947265625,15194.9208984375,131214.578125,227698.5,115476.546875,206972.953125
6.75,125381.0546875,15222.572265625,15223.0673828125,15224.2119140625,131344.109375,228117.71875,115507.6328125,207213.796875
7.0,125381.015625,15222.5712890625,15223.0693359375,15224.208984375,131349.234375,228114.5,115507.6328125,207213.59375
7.25,125381.03125,15222.572265625,15223.0673828125,15224.2021484375,131347.984375,228110.015625,115507.5234375,207213.65625
7.5,125381.0546875,15222.572265625,15223.0673828125,15224.2099609375,131344.90625,228116.1875,115507.5546875,207213.625
7.75,125381.046875,15222.5703125,15223.0732421875,15224.2109375,131350.640625,228118.578125,115507.5625,207213.546875
8.0,125381.0546875,15222.568359375,15223.076171875,15224.2109375,131347.984375,228121.890625,115507.5625,207213.671875
8.25,125381.0546875,15222.5654296875,15223.0791015625,15224.2158203125,131347.875,228113.5,115507.625,207213.5625
8.5,125381.0234375,15222.564453125,15223.080078125,15224.2080078125,131345.375,228111.8125,115507.5078125,207213.484375
8.75,125140.1328125,15217.703125,15207.59375,15194.91796875,131213.484375,227691.5625,115476.390625,206972.9375
9.0,125381.03125,15222.572265625,15223.06640625,15224.208984375,131346.859375,228122.828125,115507.609375,207213.703125
9.25,125381.046875,15222.5703125,15223.068359375,15224.2119140625,131346.21875,228118.40625,115507.5390625,207213.65625
9.5,125381.0703125,15222.5693359375,15223.0712890625,15224.2021484375,131346.640625,228117.734375,115507.59375,207213.59375
9.75,125381.0703125,15222.5673828125,15223.07421875,15224.212890625,131344.75,228116.203125,115507.5390625,207213.71875
10.0,125381.078125,15222.5654296875,15223.076171875,15224.2119140625,131345.859375,228116.15625,115507.71875,207213.734375
10.25,125381.0078125,15222.5634765625,15223.076171875,15224.2099609375,131345.390625,228119.0625,115507.6015625,207213.640625
10.5,125381.015625,15222.5654296875,15223.076171875,15224.2119140625,131346.671875,228121.1875,115507.46875,207213.515625
10.75,0.0,0.0,0.0,0.0,0.0,0.0,0.0,0.0
11.0,0.0,0.0,0.0,0.0,0.0,0.0,0.0,0.0
11.25,0.0,0.0,0.0,0.0,0.0,0.0,0.0,0.0
11.5,0.0,0.0,0.0,0.0,0.0,0.0,0.0,0.0
11.75,0.0,0.0,0.0,0.0,0.0,0.0,0.0,0.0
12.0,0.0,0.0,0.0,0.0,0.0,0.0,0.0,0.0
12.25,0.0,0.0,0.0,0.0,0.0,0.0,0.0,0.0
12.5,0.0,0.0,0.0,0.0,0.0,0.0,0.0,0.0
12.75,0.0,0.0,0.0,0.0,0.0,0.0,0.0,0.0
13.0,0.0,0.0,0.0,0.0,0.0,0.0,0.0,0.0
13.25,0.0,0.0,0.0,0.0,0.0,0.0,0.0,0.0
13.5,0.0,0.0,0.0,0.0,0.0,0.0,0.0,0.0
13.75,0.0,0.0,0.0,0.0,0.0,0.0,0.0,0.0
14.0,0.0,0.0,0.0,0.0,0.0,0.0,0.0,0.0
14.25,0.0,0.0,0.0,0.0,0.0,0.0,0.0,0.0
14.5,0.0,0.0,0.0,0.0,0.0,0.0,0.0,0.0
14.75,0.0,0.0,0.0,0.0,0.0,0.0,0.0,0.0
15.0,0.0,0.0,0.0,0.0,0.0,0.0,0.0,0.0
15.25,0.0,0.0,0.0,0.0,0.0,0.0,0.0,0.0
15.5,26505.75,40757.1171875,19963.224609375,21901.9296875,45728.52734375,41653.5703125,23276.2578125,27428.8125
15.75,27273.365234375,40886.4921875,20139.412109375,22126.9609375,45863.46875,41790.07421875,24211.732421875,29599.05859375
16.0,27273.7109375,40885.80859375,20139.208984375,22126.962890625,45864.109375,41794.5859375,24210.509765625,29601.154296875
16.25,27271.154296875,40885.734375,20139.2109375,22126.95703125,45862.2109375,41793.859375,24209.59765625,29589.162109375
16.5,27273.583984375,40885.6875,20139.208984375,22126.93359375,45866.30078125,41790.234375,24197.767578125,29601.294921875
16.75,27273.486328125,40885.6640625,20139.20703125,22127.12109375,45862.8359375,41797.140625,24208.72265625,29599.767578125
17.0,27273.544921875,40885.66015625,20139.197265625,22126.90625,45869.80859375,41798.98828125,24210.271484375,29599.951171875
17.25,27273.544921875,40885.671875,20139.17578125,22126.701171875,45870.0859375,41800.29296875,24210.09375,29600.244140625
17.5,30275.71875,38015.63671875,19170.75390625,24173.138671875,40847.4453125,40789.43359375,27218.201171875,28605.0078125
17.75,30233.626953125,37976.7265625,19152.150390625,24139.7734375,40825.20703125,40747.98828125,27184.95703125,28563.048828125
18.0,30277.912109375,38014.3828125,19169.51953125,24172.337890625,40862.203125,40795.22265625,27213.072265625,28598.568359375
18.25,30277.75390625,38014.375,19169.53515625,24172.318359375,40857.16015625,40795.734375,27213.513671875,28599.267578125
18.5,30275.12890625,38014.328125,19169.53515625,24172.244140625,40861.36328125,40786.8671875,27212.9375,28587.728515625
18.75,30263.673828125,38014.3515625,19169.53125,24172.28125,40861.19921875,40790.56640625,27213.240234375,28597.173828125
19.0,30277.623046875,38014.3828125,19169.50390625,24172.16015625,40854.3671875,40796.82421875,27212.833984375,28598.521484375
19.25,30277.69921875,38014.37890625,19169.505859375,24172.431640625,40866.76171875,40793.66796875,27214.35546875,28598.630859375
19.5,32276.318359375,38006.12890625,18167.82421875,24176.119140625,37856.09375,44803.0234375,25211.76171875,31609.119140625
19.75,32280.34765625,38006.08203125,18168.185546875,24176.044921875,37835.296875,44798.11328125,25212.533203125,31602.666015625
20.0,32232.9921875,37968.3984375,18151.61328125,24143.6015625,37822.92578125,44744.91015625,25187.56640625,31562.79296875
20.25,32280.814453125,38006.0390625,18168.1796875,24175.857421875,37854.68359375,44802.5625,25210.619140625,31602.580078125
20.5,32280.697265625,38006.0625,18168.18359375,24176.171875,37857.12890625,44796.8984375,25211.09765625,31597.515625
20.75,32279.861328125,38006.07421875,18168.146484375,24176.01953125,37856.31640625,44796.61328125,25211.267578125,31589.66015625
21.0,32266.498046875,38006.0625,18168.1640625,24176.005859375,37859.81640625,44789.4453125,25210.984375,31602.681640625
21.25,32279.8359375,38006.0625,18168.16796875,24176.134765625,37854.9296875,44798.16015625,25197.81640625,31602.4140625
21.5,32276.291015625,38006.234375,21165.240234375,25175.90625,33851.5,50806.87109375,23214.033203125,30616.42578125
21.75,32280.48828125,38006.23046875,21166.22265625,25175.845703125,33853.08203125,50800.9765625,23208.51953125,30601.11328125
22.0,32280.548828125,38006.23046875,21166.2109375,25175.69921875,33835.22265625,50806.3671875,23207.103515625,30601.51171875
22.25,32232.814453125,37968.6015625,21147.34375,25141.59375,33819.78125,50750.09375,23185.791015625,30563.330078125
22.5,32280.544921875,38006.28515625,21166.189453125,25176.044921875,33855.99609375,50809.48046875,23208.3828125,30601.3515625
22.75,32280.3984375,38006.27734375,21166.2265625,25176.08984375,33854.3203125,50810.421875,23207.685546875,30590.64453125
23.0,32280.701171875,38006.27734375,21166.328125,25175.80859375,33845.12890625,50804.109375,23208.861328125,30588.88671875
23.25,32265.755859375,38006.23828125,21166.220703125,25175.736328125,33853.46875,50796.1796875,23208.330078125,30601.076171875
23.5,31262.36328125,36008.10546875,17172.537109375,27176.8125,34854.04296875,44795.37890625,28188.33203125,30577.794921875
23.75,31279.087890625,36008.41796875,17170.609375,27176.583984375,34852.27734375,44799.6484375,28215.421875,30601.11328125
24.0,31279.197265625,36008.44140625,17170.59765625,27176.41796875,34845.41796875,44799.1484375,28214.732421875,30601.296875
24.25,31279.125,36008.44921875,17170.5703125,27176.322265625,34841.96484375,44795.46484375,28216.5390625,30601.810546875
24.5,31233.291015625,35972.421875,17154.806640625,27138.943359375,34821.71484375,44748.12890625,28186.587890625,30562.791015625
24.75,31279.05859375,36008.4375,17170.623046875,27176.30078125,34845.16015625,44796.234375,28214.595703125,30601.71875
25.0,31279.318359375,36008.42578125,17170.626953125,27176.3515625,34847.78125,44801.05078125,28214.890625,30594.80859375
25.25,31276.615234375,36008.40234375,17170.6328125,27176.53125,34846.234375,44795.3125,28215.140625,30591.625
25.5,32262.62109375,36008.4375,18165.896484375,27176.189453125,33851.328125,45788.3828125,28216.701171875,29600.9453125
25.75,32280.32421875,36008.45703125,18165.44921875,27176.42578125,33852.0625,45802.6171875,28199.83203125,29600.287109375
26.0,32280.615234375,36008.48046875,18165.453125,27176.40625,33845.33203125,45806.6328125,28215.4375,29600.037109375
26.25,32280.634765625,36008.4453125,18165.46484375,27176.576171875,33846.87890625,45802.08203125,28214.724609375,29599.94140625
26.5,32280.5234375,36008.44921875,18165.484375,27176.37890625,33837.6953125,45797.6171875,28216.474609375,29600.55859375
26.75,32232.875,35972.3984375,18148.90625,27139.068359375,33821.23828125,45750.5625,28186.515625,29562.931640625
27.0,32280.48828125,36008.43359375,18165.4765625,27176.353515625,33843.99609375,45804.42578125,28214.517578125,29600.53515625
27.25,32280.572265625,36008.4453125,18165.462890625,27176.19921875,33853.83203125,45802.33984375,28214.82421875,29595.205078125
27.5,31279.609375,36008.44140625,17167.076171875,27176.376953125,33845.42578125,46800.12109375,28212.900390625,29582.732421875
27.75,31264.56640625,36008.42578125,17166.7578125,27176.35546875,33847.15234375,46799.25,28214.50390625,29598.287109375
28.0,31278.974609375,36008.40625,17166.78515625,27176.349609375,33846.08984375,46800.71875,28200.154296875,29600.083984375
28.25,31279.09765625,36008.40234375,17166.79296875,27176.28515625,33858.109375,46802.57421875,28215.650390625,29599.84375
28.5,31279.287109375,36008.36328125,17166.7890625,27176.482421875,33853.359375,46799.12890625,28214.794921875,29600.08203125
28.75,31279.142578125,36008.36328125,17166.77734375,27176.353515625,33836.34765625,46805.71875,28216.498046875,29600.689453125
29.0,31233.3125,35972.36328125,17150.970703125,27138.85546875,33820.109375,46751.77734375,28186.55859375,29563.00390625
29.25,31278.998046875,36008.40234375,17166.74609375,27176.72265625,33852.03515625,46799.87109375,28214.38671875,29600.267578125
29.5,32275.720703125,36008.4765625,17166.875,28180.181640625,35851.25,48803.7890625,24215.595703125,30620.8046875
29.75,32280.90234375,36008.4375,17166.798828125,28179.9921875,35845.37890625,48808.02734375,24209.896484375,30591.6640625
30.0,32277.619140625,36008.40625,17166.810546875,28180.146484375,35848.69140625,48791.9765625,24210.265625,30601.794921875
30.25,32280.384765625,36008.375,17166.802734375,28180.0859375,35848.265625,48804.28515625,24208.240234375,30601.130859375
30.5,32280.572265625,36008.4140625,17166.798828125,28180.140625,35852.49609375,48799.05859375,24210.26171875,30601.58984375
30.75,32280.474609375,36008.4296875,17166.728515625,28179.830078125,35843.953125,48808.07421875,24210.1015625,30601.763671875
31.0,32280.322265625,36008.42578125,17166.798828125,28180.2265625,35837.82421875,48803.4296875,24211.078125,30601.349609375
31.25,32232.986328125,35972.41796875,17151.021484375,28140.89453125,35816.76171875,48745.30859375,24186.298828125,30563.291015625
31.5,32280.125,36003.10546875,18165.916015625,28180.00390625,34858.0859375,48806.08203125,23211.486328125,29603.51171875
31.75,32280.46484375,36003.0703125,18165.5078125,28180.083984375,34847.359375,48788.27734375,23208.58203125,29590.1484375
32.0,32280.91015625,36003.05859375,18165.4765625,28180.029296875,34844.31640625,48802.4609375,23208.515625,29590.6484375
32.25,32277.603515625,36003.08984375,18165.490234375,28180.240234375,34852.02734375,48805.90625,23209.0,29600.521484375
32.5,32280.29296875,36003.08203125,18165.4609375,28180.015625,34852.30078125,48801.1953125,23195.904296875,29600.25390625
32.75,32280.451171875,36003.0859375,18165.47265625,28180.05859375,34856.05859375,48806.12890625,23209.07421875,29600.2578125
33.0,32280.61328125,36003.08203125,18165.498046875,28180.20703125,34855.70703125,48806.83203125,23208.232421875,29600.025390625
33.25,32280.55859375,36003.0625,18165.51953125,28180.087890625,34841.55859375,48801.859375,23208.859375,29599.41015625
33.5,31238.759765625,37961.734375,20147.748046875,28143.208984375,35824.33203125,48747.66015625,24182.412109375,29553.19921875
33.75,31279.376953125,38000.31640625,20166.634765625,28182.44140625,35844.1171875,48805.05859375,24209.310546875,29600.0078125
34.0,31279.271484375,38000.328125,20166.623046875,28182.263671875,35856.62890625,48803.140625,24209.869140625,29595.458984375
34.25,31279.240234375,38000.34375,20166.59375,28182.3203125,35856.97265625,48804.0390625,24209.833984375,29588.0546875
34.5,31264.787109375,38000.33984375,20166.6171875,28182.83203125,35848.2109375,48788.0,24209.681640625,29599.796875
34.75,31278.916015625,38000.328125,20166.63671875,28182.427734375,35848.8515625,48804.9140625,24208.24609375,29599.87109375
35.0,31279.103515625,38000.29296875,20166.62890625,28182.462890625,35846.9140625,48804.95703125,24210.142578125,29599.865234375
35.25,31279.158203125,38000.2890625,20166.63671875,28182.361328125,35839.89453125,48804.09765625,24209.806640625,29599.921875
35.5,28279.572265625,40999.5625,20169.177734375,26183.41015625,36838.3359375,51806.515625,22209.6953125,26599.171875
35.75,28275.046875,41001.02734375,20169.599609375,26183.3828125,36852.58203125,51809.32421875,22206.9296875,26596.240234375
36.0,28275.11328125,41001.03515625,20169.59765625,26183.31640625,36854.66015625,51810.234375,22206.67578125,26596.4140625
36.25,28274.935546875,41001.0234375,20169.6328125,26183.13671875,36855.265625,51811.84375,22207.1953125,26592.193359375
36.5,28275.28515625,41000.99609375,20169.654296875,26183.251953125,36849.1015625,51800.42578125,22207.234375,26588.07421875
36.75,28262.087890625,41000.9765625,20169.640625,26183.158203125,36849.64453125,51807.81640625,22207.03125,26596.3515625
37.0,28262.439453125,41000.953125,20169.654296875,26183.3828125,36854.85546875,51797.01953125,22196.244140625,26596.248046875
37.25,28274.869140625,41000.9765625,20169.638671875,26183.494140625,36855.61328125,51808.3515625,22207.587890625,26596.251953125
37.5,30271.9921875,39013.984375,24166.48828125,23179.712890625,34853.66015625,54809.2578125,22205.388671875,28596.919921875
37.75,30277.650390625,39013.3046875,24167.833984375,23179.896484375,34835.01171875,54812.7265625,22205.8671875,28599.021484375
38.0,30233.62109375,38974.8203125,24146.759765625,23148.87109375,34812.50390625,54745.25390625,22186.337890625,28563.201171875
38.25,30277.76953125,39013.2890625,24167.84765625,23179.955078125,34847.828125,54813.0234375,22207.052734375,28598.884765625
38.5,30277.787109375,39013.26171875,24167.845703125,23179.84765625,34851.30078125,54817.07421875,22207.14453125,28594.115234375
38.75,30278.10546875,39013.27734375,24167.833984375,23179.8359375,34852.01171875,54809.2890625,22207.498046875,28590.021484375
39.0,30264.046875,39013.296875,24167.814453125,23180.0,34846.546875,54810.140625,22207.076171875,28598.685546875
39.25,30277.517578125,39013.30078125,24167.814453125,23179.849609375,34847.75,54812.8515625,22205.701171875,28598.626953125
39.5,33273.9375,37010.97265625,24168.099609375,24174.146484375,33856.8984375,52807.68359375,22207.16796875,31599.970703125
39.75,33281.87109375,37010.078125,24167.8359375,24174.30078125,33853.37890625,52807.74609375,22207.33984375,31602.478515625
40.0,33281.9296875,37010.0625,24167.830078125,24174.291015625,33833.57421875,52810.8984375,22205.603515625,31602.853515625
40.25,33232.44140625,36973.171875,24146.732421875,24141.703125,33824.25,52751.4921875,22186.318359375,31563.380859375
40.5,33282.0234375,37010.0625,24167.8125,24174.275390625,33847.69921875,52814.19140625,22207.078125,31602.681640625
40.75,33282.0703125,37010.07421875,24167.7890625,24174.228515625,33851.0390625,52808.16015625,22207.208984375,31597.603515625
41.0,33282.21484375,37010.07421875,24167.7890625,24174.2578125,33844.32421875,52809.16015625,22207.517578125,31592.66796875
41.25,33278.02734375,37010.0703125,24167.81640625,24174.3125,33845.8203125,52808.12109375,22195.345703125,31602.02734375
41.5,34285.08984375,38002.59375,23175.76171875,23176.7578125,31848.671875,49804.28515625,24207.86328125,30596.234375
41.75,34283.2890625,38002.9296875,23175.583984375,23176.49609375,31852.95703125,49808.00390625,24210.171875,30601.28515625
42.0,34283.37890625,38002.91796875,23175.564453125,23176.466796875,31848.83203125,49804.24609375,24209.888671875,30601.166015625
42.25,34283.22265625,38002.9453125,23175.544921875,23176.814453125,31836.4765625,49805.83203125,24211.109375,30601.392578125
42.5,34231.875,37965.30078125,23155.177734375,23145.470703125,31821.53125,49745.95703125,24187.38671875,30563.400390625
42.75,34283.53125,38002.95703125,23175.541015625,23176.421875,31844.853515625,49805.12109375,24209.255859375,30601.35546875
43.0,34283.48828125,38002.97265625,23175.55859375,23176.4140625,31852.48828125,49807.7109375,24209.78515625,30596.4453125
43.25,34283.49609375,38002.9296875,23175.55859375,23176.673828125,31844.150390625,49802.9296875,24209.830078125,30589.01953125
43.5,14333.8173828125,17010.220703125,11161.98828125,12169.8701171875,15825.984375,22760.6171875,11295.7763671875,15230.1513671875
43.75,14256.0556640625,17002.41015625,11167.3408203125,12168.78125,15826.8466796875,22763.216796875,11191.845703125,14582.0673828125
44.0,14255.7734375,17002.41796875,11167.296875,12168.6298828125,15830.427734375,22774.201171875,11193.8994140625,14582.041015625
44.25,14255.8466796875,17002.427734375,11167.30859375,12168.9619140625,15830.94140625,22771.462890625,11191.541015625,14582.5439453125
44.5,14255.96875,17002.431640625,11167.3173828125,12168.8076171875,15820.630859375,22770.328125,11192.712890625,14581.8212890625
44.75,14238.0712890625,16984.26171875,11156.51953125,12154.00390625,15800.751953125,22748.556640625,11181.41796875,14565.1494140625
45.0,14256.1455078125,17002.400390625,11167.3369140625,12168.978515625,15829.1240234375,22775.5234375,11192.7568359375,14581.896484375
45.25,14249.1357421875,17002.37890625,11167.3359375,12168.7578125,15829.3623046875,22768.142578125,11193.1533203125,14581.755859375
45.5,16253.5625,18965.521484375,10157.2001953125,13159.4921875,16825.375,24771.876953125,9185.3076171875,12581.330078125
45.75,16258.333984375,18965.939453125,10157.2705078125,13159.595703125,16831.078125,24770.916015625,9189.806640625,12574.2919921875
46.0,16258.263671875,18965.953125,10157.2470703125,13159.5751953125,16827.373046875,24773.671875,9189.2294921875,12578.4072265625
46.25,16258.4384765625,18965.951171875,10157.287109375,13159.6171875,16826.951171875,24775.625,9191.0185546875,12579.9609375
46.5,16258.5390625,18965.935546875,10157.294921875,13159.62890625,16823.7109375,24769.154296875,9189.2314453125,12579.3212890625
46.75,16258.509765625,18965.892578125,10157.294921875,13159.4560546875,16826.228515625,24771.9453125,9190.73828125,12579.9931640625
47.0,16237.7236328125,18945.748046875,10147.353515625,13143.5146484375,16810.935546875,24746.056640625,9181.1220703125,12565.6376953125
47.25,16258.5009765625,18965.939453125,10157.2763671875,13159.583984375,16830.947265625,24773.234375,9190.5703125,12579.998046875
47.5,17260.068359375,18978.6484375,10156.4638671875,13160.55859375,17834.615234375,24774.16796875,9192.6259765625,11573.5712890625
47.75,17260.103515625,18978.73046875,10156.4794921875,13160.4873046875,17835.740234375,24772.228515625,9186.134765625,11576.169921875
48.0,17259.7890625,18978.697265625,10156.4677734375,13160.546875,17829.291015625,24774.28515625,9190.546875,11575.759765625
48.25,17259.77734375,18978.693359375,10156.4833984375,13160.5810546875,17835.724609375,24769.833984375,9189.6357421875,11578.87890625
48.5,17259.591796875,18978.66015625,10156.4833984375,13160.7216796875,17835.685546875,24773.970703125,9190.7236328125,11578.6259765625
48.75,17259.83984375,18978.66796875,10156.4912109375,13160.59765625,17835.029296875,24768.41015625,9189.044921875,11578.337890625
49.0,17259.666015625,18978.67578125,10156.4599609375,13160.560546875,17822.98046875,24770.509765625,9190.197265625,11578.3876953125
49.25,17237.443359375,18958.529296875,10146.515625,13144.4794921875,17820.453125,24745.23828125,9181.060546875,11565.7099609375
49.5,12265.0419921875,23975.021484375,13155.6982421875,10160.3017578125,18837.228515625,28783.9296875,9186.544921875,6564.21484375
49.75,12248.4482421875,23976.56640625,13157.3701171875,10159.2490234375,18829.84375,28768.390625,9186.3408203125,6574.44482421875
50.0,12252.546875,23976.57421875,13157.365234375,10159.1552734375,18828.759765625,28775.353515625,9186.162109375,6573.8955078125
50.25,12253.3564453125,23976.53125,13157.359375,10159.0126953125,18832.537109375,28781.208984375,9191.1962890625,6571.4306640625
50.5,12253.3466796875,23976.537109375,13157.3515625,10159.0791015625,18833.45703125,28775.80859375,9189.4482421875,6572.36572265625
50.75,12253.439453125,23976.572265625,13157.3310546875,10159.048828125,18829.505859375,28780.392578125,9191.1025390625,6573.72900390625
51.0,12253.44140625,23976.568359375,13157.330078125,10159.162109375,18836.01953125,28775.29296875,9191.8232421875,6574.1416015625
51.25,12253.4541015625,23976.56640625,13157.3447265625,10158.994140625,18831.283203125,28777.986328125,9190.1826171875,6573.5361328125
51.5,18223.544921875,20964.79296875,11149.57421875,11143.42578125,12811.3740234375,29747.611328125,10184.8974609375,8560.85546875
51.75,18261.0234375,20986.072265625,11159.3876953125,11157.1142578125,12823.4345703125,29777.11328125,10191.6884765625,8575.7294921875
52.0,18259.08203125,20986.0546875,11159.373046875,11156.93359375,12825.748046875,29780.888671875,10191.81640625,8575.873046875
52.25,18252.7109375,20986.087890625,11159.3603515625,11157.0478515625,12825.40234375,29779.7265625,10186.552734375,8576.03125
52.5,18260.583984375,20986.10546875,11159.341796875,11157.12109375,12819.591796875,29768.771484375,10190.6171875,8572.8486328125
52.75,18261.0625,20986.099609375,11159.3779296875,11157.080078125,12823.615234375,29782.51953125,10193.087890625,8576.6611328125
53.0,18261.048828125,20986.109375,11159.384765625,11157.09765625,12833.333984375,29778.34375,10192.08984375,8575.7763671875
53.25,18261.072265625,20986.080078125,11159.3955078125,11157.1142578125,12824.5615234375,29780.697265625,10190.3173828125,8575.1640625
53.5,19262.853515625,23979.373046875,10157.12109375,10158.6689453125,8819.7119140625,30779.052734375,10192.046875,6560.21533203125
53.75,19262.18359375,23980.083984375,10157.283203125,10157.4091796875,8817.166015625,30780.13671875,10191.9990234375,6573.6787109375
54.0,19262.443359375,23980.095703125,10157.287109375,10157.4453125,8816.5576171875,30783.83203125,10192.0546875,6574.02197265625
54.25,19260.494140625,23980.103515625,10157.2568359375,10157.666015625,8822.337890625,30776.94140625,10191.984375,6573.80712890625
54.5,19253.5546875,23980.091796875,10157.2841796875,10157.837890625,8821.9609375,30775.1171875,10192.291015625,6573.74365234375
54.75,19262.26171875,23980.087890625,10157.2900390625,10157.439453125,8818.62109375,30775.40234375,10191.259765625,6571.4208984375
55.0,19262.482421875,23980.052734375,10157.296875,10157.4921875,8815.9921875,30782.625,10192.087890625,6574.27783203125
55.25,19262.36328125,23980.04296875,10157.294921875,10157.5302734375,8822.5712890625,30781.89453125,10192.5087890625,6574.2568359375
55.5,19263.375,16986.466796875,13158.2861328125,8155.20849609375,8813.544921875,30778.5390625,16190.6904296875,8549.1669921875
55.75,19262.40234375,16984.94921875,13157.171875,8155.51318359375,8814.734375,30778.017578125,16199.947265625,8575.4794921875
56.0,19262.216796875,16984.955078125,13157.1904296875,8155.52294921875,8820.9384765625,30778.521484375,16199.11328125,8575.8623046875
56.25,19262.220703125,16984.947265625,13157.177734375,8155.42822265625,8819.0859375,30777.55078125,16199.0361328125,8575.8466796875
56.5,19260.509765625,16984.935546875,13157.2119140625,8155.3251953125,8822.7021484375,30780.30859375,16198.9765625,8575.84375
56.75,19263.09375,16984.90234375,13157.1953125,8155.3837890625,8826.7646484375,30770.35546875,16191.091796875,8576.935546875
57.0,19262.505859375,16984.892578125,13157.197265625,8155.37158203125,8815.8740234375,30773.328125,16197.234375,8574.4697265625
57.25,19262.4921875,16984.90234375,13157.1875,8155.36865234375,8821.75390625,30779.880859375,16200.2216796875,8574.1337890625
57.5,17254.6796875,13975.9228515625,16160.43359375,11153.705078125,2818.207763671875,31775.947265625,17210.78515625,3614.838134765625
57.75,17259.607421875,13975.3505859375,16160.58203125,11155.46875,2808.809326171875,31784.548828125,17200.9765625,3570.480224609375
58.0,17259.69140625,13975.3466796875,16160.603515625,11155.4697265625,2811.2900390625,31780.2421875,17201.3046875,3571.213134765625
58.25,17237.232421875,13960.3203125,16145.62890625,11142.4599609375,2811.25830078125,31742.861328125,17182.189453125,3566.558349609375
58.5,17259.865234375,13975.3095703125,16160.615234375,11155.458984375,2816.87060546875,31783.63671875,17200.271484375,3571.10302734375
58.75,17253.0625,13975.341796875,16160.609375,11155.466796875,2810.639404296875,31780.666015625,17200.451171875,3571.24609375
59.0,17251.951171875,13975.318359375,16160.5947265625,11155.41796875,2813.4072265625,31779.01171875,17200.021484375,3570.931396484375
59.25,17260.283203125,13975.3203125,16160.5693359375,11155.6083984375,2813.3203125,31767.111328125,17198.666015625,3568.950927734375
59.5,20266.427734375,15971.8837890625,15163.7255859375,10157.32421875,7820.39404296875,31778.3984375,13190.546875,7581.453125
59.75,20263.671875,15972.2021484375,15164.06640625,10157.5,7826.3671875,31783.578125,13195.537109375,7574.65380859375
60.0,20263.74609375,15972.2041015625,15164.07421875,10157.5791015625,7822.47216796875,31779.31640625,13193.7958984375,7574.2373046875
60.25,20263.7734375,15972.1796875,15164.0634765625,10157.498046875,7818.7041015625,31780.90234375,13194.833984375,7574.904296875
60.5,20236.81640625,15955.115234375,15149.8681640625,10145.421875,7813.693359375,31746.33984375,13181.6357421875,7566.16259765625
60.75,20263.796875,15972.2314453125,15164.0322265625,10157.3447265625,7820.57421875,31781.9140625,13195.2958984375,7574.8115234375
61.0,20261.541015625,15972.240234375,15164.0400390625,10157.4775390625,7816.5166015625,31783.189453125,13195.3525390625,7574.96923828125
61.25,20254.439453125,15972.2294921875,15164.0625,10157.3896484375,7821.708984375,31774.341796875,13188.4150390625,7575.0390625
61.5,22260.400390625,14974.5654296875,15162.8857421875,10156.654296875,7811.24169921875,28777.55078125,13196.6650390625,7582.919921875
61.75,22266.38671875,14974.4423828125,15162.912109375,10156.65234375,7820.58447265625,28780.119140625,13193.7060546875,7575.6376953125
62.0,22266.271484375,14974.412109375,15162.9091796875,10156.6640625,7817.404296875,28780.849609375,13195.494140625,7574.6328125
62.25,22266.302734375,14974.4521484375,15162.89453125,10156.6904296875,7825.1591796875,28779.775390625,13193.75,7575.310546875
62.5,22266.392578125,14974.453125,15162.8876953125,10156.62890625,7816.94775390625,28774.41015625,13194.84375,7574.77392578125
62.75,22236.189453125,14958.3994140625,15148.7119140625,10144.6259765625,7808.67236328125,28745.7421875,13181.6689453125,7566.23291015625
63.0,22266.171875,14974.462890625,15162.8984375,10156.646484375,7814.60302734375,28776.21484375,13195.0986328125,7574.4853515625
63.25,22266.515625,14974.4453125,15162.912109375,10156.693359375,7819.5732421875,28773.771484375,13195.3544921875,7574.89208984375
63.5,24266.984375,14964.8544921875,13162.916015625,10156.8203125,11827.73046875,23771.626953125,11196.05078125,10571.3564453125
63.75,24269.583984375,14965.3974609375,13162.2939453125,10156.66796875,11822.14453125,23765.46875,11191.7802734375,10573.4892578125
64.0,24268.83203125,14965.4267578125,13162.267578125,10156.6962890625,11822.35546875,23772.771484375,11191.51953125,10576.3017578125
64.25,24269.103515625,14965.435546875,13162.27734375,10156.6396484375,11828.6123046875,23776.66796875,11193.2607421875,10577.759765625
64.5,24269.15234375,14965.4287109375,13162.2939453125,10156.6748046875,11827.9345703125,23772.5625,11191.509765625,10577.23828125
64.75,24269.080078125,14965.4384765625,13162.2998046875,10156.4794921875,11818.685546875,23771.341796875,11192.5869140625,10577.5830078125
65.0,24235.375,14949.3583984375,13149.759765625,10144.783203125,11811.2939453125,23741.482421875,11181.357421875,10565.6708984375
65.25,24268.91796875,14965.37890625,13162.2958984375,10156.697265625,11824.5771484375,23773.841796875,11192.8603515625,10577.5009765625
65.5,26262.384765625,12975.318359375,17149.9453125,8156.3642578125,9825.65625,24772.642578125,10195.1279296875,10583.2158203125
65.75,26261.04296875,12972.7392578125,17151.32421875,8155.36376953125,9821.810546875,24766.359375,10186.5322265625,10578.298828125
66.0,26271.9765625,12972.7333984375,17151.330078125,8155.5380859375,9820.302734375,24764.767578125,10191.556640625,10575.3037109375
66.25,26271.837890625,12972.7333984375,17151.357421875,8155.486328125,9813.75,24773.998046875,10190.5244140625,10578.4716796875
66.5,26271.728515625,12972.7109375,17151.369140625,8155.6181640625,9826.7705078125,24780.076171875,10191.83203125,10577.30859375
66.75,26271.736328125,12972.69921875,17151.37109375,8155.6630859375,9823.427734375,24776.537109375,10190.44140625,10577.060546875
67.0,26271.876953125,12972.6796875,17151.37109375,8155.515625,9819.619140625,24773.328125,10191.326171875,10577.5712890625
67.25,26235.00390625,12958.7490234375,17135.5625,8145.9482421875,9814.4951171875,24748.822265625,10181.255859375,10566.126953125
67.5,30281.25390625,10969.9658203125,16164.8427734375,6149.3828125,4819.94580078125,24773.64453125,11194.1044921875,13579.845703125
67.75,30277.61328125,10969.8740234375,16165.34375,6149.46875,4816.9287109375,24774.40234375,11193.3251953125,13581.349609375
68.0,30274.703125,10969.857421875,16165.3701171875,6149.5048828125,4819.716796875,24773.69921875,11187.2197265625,13579.0498046875
68.25,30277.59765625,10969.8408203125,16165.380859375,6149.53271484375,4816.6435546875,24763.931640625,11192.7099609375,13577.41796875
68.5,30277.412109375,10969.806640625,16165.3740234375,6149.4609375,4819.7822265625,24772.439453125,11191.9931640625,13581.0654296875
68.75,30277.3515625,10969.8291015625,16165.3720703125,6149.7353515625,4810.19482421875,24770.12890625,11192.982421875,13580.943359375
69.0,30277.40625,10969.83984375,16165.36328125,6149.466796875,4819.326171875,24767.79296875,11191.3369140625,13580.2802734375
69.25,30277.458984375,10969.865234375,16165.3544921875,6149.4091796875,4813.03564453125,24775.92578125,11192.490234375,13580.7451171875
69.5,24225.025390625,18947.12109375,13150.037109375,5144.255859375,11814.9482421875,26746.755859375,7173.408203125,11576.748046875
69.75,24266.81640625,18967.099609375,13163.4111328125,5151.12451171875,11816.4873046875,26773.810546875,7188.91552734375,11579.0654296875
70.0,24266.568359375,18967.109375,13163.41796875,5151.08837890625,11827.8017578125,26775.107421875,7188.63134765625,11578.9287109375
70.25,24258.0703125,18967.0703125,13163.416015625,5151.06201171875,11829.62890625,26775.7734375,7185.04052734375,11579.0751953125
70.5,24269.548828125,18967.080078125,13163.4130859375,5151.05859375,11825.9404296875,26777.28125,7188.7822265625,11574.626953125
70.75,24269.08203125,18967.1015625,13163.376953125,5151.142578125,11823.6767578125,26775.3984375,7189.50048828125,11579.7138671875
71.0,24269.060546875,18967.10546875,13163.3837890625,5151.1845703125,11823.271484375,26776.478515625,7188.95263671875,11579.0576171875
71.25,24269.08984375,18967.095703125,13163.404296875,5151.14404296875,11830.6875,26775.865234375,7189.73193359375,11579.1826171875
71.5,6380.2509765625,5980.77734375,148.8107147216797,-5858.58984375,11841.84375,749.5744018554688,-1622.335205078125,1023.0787963867188
71.75,6238.0009765625,5961.43310546875,145.1515655517578,-5859.08251953125,11809.5810546875,744.0441284179688,-1818.5384521484375,567.9408569335938
72.0,6245.44140625,5967.87646484375,145.32228088378906,-5865.08740234375,11831.966796875,748.3340454101562,-1820.1234130859375,567.4446411132812
72.25,6246.44140625,5967.90869140625,145.30010986328125,-5865.1123046875,11824.5126953125,743.43798828125,-1818.978515625,568.1258544921875
72.5,6246.47314453125,5967.935546875,145.29214477539062,-5864.93017578125,11824.4560546875,746.2688598632812,-1819.7281494140625,568.15478515625
72.75,6246.4287109375,5967.92041015625,145.3164520263672,-5865.0712890625,11824.6982421875,746.2344970703125,-1820.27490234375,568.2777709960938
73.0,6246.31201171875,5967.9140625,145.3206329345703,-5865.134765625,11828.2734375,748.3418579101562,-1821.7308349609375,568.2957763671875
73.25,6246.658203125,5967.88623046875,145.3279571533203,-5865.07421875,11821.8125,743.3705444335938,-1820.5174560546875,568.5833129882812
73.5,5246.05712890625,4961.55224609375,-1856.45556640625,-2858.988037109375,10821.6162109375,-2257.71484375,1182.5399169921875,-1430.308349609375
73.75,5245.54248046875,4961.4765625,-1857.117919921875,-2857.134765625,10820.4287109375,-2253.448486328125,1182.487060546875,-1433.6693115234375
74.0,5238.78857421875,4956.15185546875,-1855.0799560546875,-2854.126708984375,10814.9091796875,-2249.03271484375,1180.3223876953125,-1433.6024169921875
74.25,5245.34765625,4961.5205078125,-1857.142578125,-2857.009765625,10826.33984375,-2258.927490234375,1182.11376953125,-1433.565673828125
74.5,5245.3984375,4961.52783203125,-1857.12060546875,-2857.092529296875,10828.5849609375,-2250.683349609375,1181.8577880859375,-1433.581298828125
74.75,5245.5185546875,4961.515625,-1857.1048583984375,-2857.05322265625,10819.5693359375,-2257.88623046875,1181.392822265625,-1433.947509765625
75.0,5245.33984375,4961.48681640625,-1857.0887451171875,-2857.24609375,10819.7001953125,-2257.676513671875,1182.326904296875,-1433.697509765625
75.25,5245.28173828125,4961.46240234375,-1857.0860595703125,-2857.135009765625,10818.2236328125,-2254.501708984375,1182.6123046875,-1433.6331787109375
75.5,8221.552734375,-2047.920166015625,-855.9869995117188,3142.70751953125,8819.7138671875,-4252.67626953125,-2813.58154296875,600.4215087890625
75.75,8248.4921875,-2047.3809814453125,-855.7825927734375,3146.931640625,8820.35546875,-4256.06640625,-2821.54638671875,568.4327392578125
76.0,8248.521484375,-2047.3699951171875,-855.7896118164062,3147.035888671875,8815.57421875,-4256.94775390625,-2821.231201171875,568.2569580078125
76.25,8239.0927734375,-2045.16650390625,-854.8406982421875,3143.377197265625,8817.47265625,-4251.3310546875,-2818.1484375,567.83740234375
76.5,8245.658203125,-2047.3790283203125,-855.759765625,3146.967041015625,8821.2119140625,-4262.2421875,-2820.98583984375,568.2337646484375
76.75,8248.6923828125,-2047.4090576171875,-855.7596435546875,3146.964599609375,8822.7119140625,-4255.66552734375,-2819.704345703125,568.487060546875
77.0,8248.302734375,-2047.4111328125,-855.7588500976562,3147.042724609375,8822.787109375,-4257.75927734375,-2821.92578125,567.5491333007812
77.25,8248.6962890625,-2047.384521484375,-855.7703857421875,3147.02001953125,8822.1923828125,-4256.31494140625,-2821.31298828125,568.0241088867188
77.5,6251.4599609375,-8056.58056640625,2147.548828125,2147.48876953125,9821.8828125,-4258.384765625,-2824.914306640625,-2411.412353515625
77.75,6246.35888671875,-8055.41943359375,2146.787353515625,2147.531494140625,9818.189453125,-4255.67919921875,-2820.21923828125,-2435.784423828125
78.0,6246.45068359375,-8055.439453125,2146.794189453125,2147.43310546875,9827.7353515625,-4254.2451171875,-2821.41162109375,-2434.621826171875
78.25,6246.150390625,-8055.455078125,2146.81787109375,2147.470947265625,9810.875,-4259.2412109375,-2822.176513671875,-2436.015625
78.5,6239.33740234375,-8046.85791015625,2144.53173828125,2145.09619140625,9814.5234375,-4253.96240234375,-2817.719970703125,-2431.96728515625
78.75,6243.27099609375,-8055.4697265625,2146.810546875,2147.495361328125,9817.3994140625,-4255.9228515625,-2820.763427734375,-2435.110107421875
79.0,6244.01611328125,-8055.46240234375,2146.78271484375,2147.39453125,9822.78515625,-4257.12744140625,-2819.45458984375,-2434.623046875
79.25,6246.55908203125,-8055.44677734375,2146.770263671875,2147.473876953125,9819.259765625,-4263.376953125,-2820.392578125,-2434.54833984375
79.5,11269.443359375,-5047.36669921875,7152.03369140625,-1857.86083984375,7818.275390625,1743.15576171875,-9824.4892578125,-2467.111083984375
79.75,11252.201171875,-5048.0400390625,7150.2509765625,-1857.0867919921875,7821.203125,1749.7059326171875,-9827.4853515625,-2434.7822265625
80.0,11251.92578125,-5048.0556640625,7150.25439453125,-1857.26708984375,7820.10595703125,1747.3304443359375,-9826.8173828125,-2435.175537109375
80.25,11251.8818359375,-5048.072265625,7150.2509765625,-1857.3961181640625,7826.6337890625,1747.6695556640625,-9825.58984375,-2434.229736328125
80.5,11251.9794921875,-5048.048828125,7150.25146484375,-1857.3792724609375,7822.3056640625,1746.241943359375,-9825.845703125,-2434.156982421875
80.75,11238.25,-5042.59716796875,7143.02978515625,-1855.2681884765625,7809.1220703125,1744.7498779296875,-9814.8896484375,-2431.570556640625
81.0,11250.8056640625,-5048.013671875,7150.22509765625,-1857.387939453125,7822.9775390625,1749.937744140625,-9821.205078125,-2434.477294921875
81.25,11246.6845703125,-5048.00439453125,7150.23291015625,-1857.3134765625,7829.39306640625,1745.7403564453125,-9826.861328125,-2435.257568359375
81.5,6251.380859375,-10045.7861328125,11154.1123046875,143.05027770996094,8814.265625,2746.30859375,-4815.68212890625,-4424.4892578125
81.75,6246.63671875,-10052.029296875,11154.435546875,145.20997619628906,8820.4287109375,2746.009521484375,-4822.66357421875,-4436.5
82.0,6246.650390625,-10052.068359375,11154.4296875,145.1482696533203,8819.740234375,2751.02734375,-4824.27978515625,-4436.607421875
82.25,6246.458984375,-10052.0380859375,11154.421875,144.89178466796875,8826.9541015625,2750.37646484375,-4823.4677734375,-4436.51171875
82.5,6246.46875,-10052.0263671875,11154.3896484375,145.15052795410156,8823.0185546875,2750.38818359375,-4822.27880859375,-4436.1376953125
82.75,6246.60888671875,-10052.015625,11154.41015625,145.27723693847656,8818.9384765625,2748.220703125,-4822.48388671875,-4435.5849609375
83.0,6239.16064453125,-10041.318359375,11143.6015625,145.2944793701172,8807.7978515625,2750.204345703125,-4816.921875,-4431.14208984375
83.25,6245.8955078125,-10052.03515625,11154.4404296875,145.3227996826172,8814.380859375,2746.095458984375,-4820.55712890625,-4436.7138671875
83.5,-1741.543701171875,-8050.08154296875,14149.4990234375,-2856.414306640625,8827.658203125,749.841796875,5183.9169921875,-6471.98876953125
83.75,-1761.3427734375,-8050.67333984375,14151.009765625,-2858.328857421875,8821.4208984375,745.3080444335938,5186.61572265625,-6437.8857421875
84.0,-1760.92626953125,-8050.6552734375,14150.9990234375,-2858.406005859375,8820.1357421875,742.7058715820312,5186.8125,-6437.9599609375
84.25,-1761.273193359375,-8050.6298828125,14150.98046875,-2858.39794921875,8821.8759765625,747.75439453125,5186.46142578125,-6437.681640625
84.5,-1761.0020751953125,-8050.6474609375,14151.0068359375,-2858.172119140625,8812.859375,751.0147705078125,5186.708984375,-6438.63134765625
84.75,-1761.1922607421875,-8050.64404296875,14151.0087890625,-2858.363037109375,8822.6650390625,741.3810424804688,5185.1884765625,-6436.78369140625
85.0,-1760.958740234375,-8050.66064453125,14151.0107421875,-2858.4072265625,8815.1669921875,750.2440185546875,5185.75830078125,-6437.494140625
85.25,-1759.2122802734375,-8042.06396484375,14137.66015625,-2855.3642578125,8812.48828125,746.3833618164062,5180.5361328125,-6431.412109375
85.5,-747.83642578125,-8051.7890625,11161.8193359375,143.0653839111328,4816.00732421875,-1256.3887939453125,11192.1572265625,-446.5030517578125
85.75,-759.476806640625,-8051.8369140625,11160.3369140625,144.9420623779297,4812.47021484375,-1254.6314697265625,11186.46875,-432.3653564453125
86.0,-760.0770263671875,-8051.82958984375,11160.337890625,145.14559936523438,4816.13916015625,-1257.1375732421875,11192.146484375,-432.8661193847656
86.25,-760.0896606445312,-8051.837890625,11160.3515625,145.04754638671875,4814.60205078125,-1257.1151123046875,11192.3974609375,-432.7423095703125
86.5,-760.1160888671875,-8051.83837890625,11160.3642578125,145.21705627441406,4815.00244140625,-1258.62646484375,11192.6884765625,-432.548583984375
86.75,-760.03857421875,-8051.89013671875,11160.3740234375,145.01065063476562,4819.822265625,-1258.796875,11191.8779296875,-433.6732177734375
87.0,-760.3756713867188,-8051.896484375,11160.37109375,145.0941619873047,4817.6572265625,-1249.3660888671875,11191.72265625,-432.93194580078125
87.25,-760.2205200195312,-8051.8740234375,11160.3544921875,145.31935119628906,4815.89599609375,-1255.41259765625,11192.3251953125,-433.8186340332031
87.5,-6746.32373046875,-7042.47705078125,7148.9931640625,1144.7532958984375,8815.2021484375,-252.3065948486328,9178.376953125,-6429.9599609375
87.75,-6764.111328125,-7050.4296875,7155.09033203125,1146.180908203125,8819.7890625,-255.1221466064453,9190.2294921875,-6437.0302734375
88.0,-6764.77099609375,-7050.4287109375,7155.107421875,1146.206787109375,8818.0185546875,-250.68630981445312,9185.71484375,-6438.11669921875
88.25,-6764.68115234375,-7050.44921875,7155.1142578125,1146.2276611328125,8817.123046875,-259.4352111816406,9190.8076171875,-6437.73291015625
88.5,-6764.7236328125,-7050.478515625,7155.1181640625,1146.2012939453125,8822.162109375,-255.28884887695312,9190.2451171875,-6437.818359375
88.75,-6764.74365234375,-7050.46142578125,7155.1005859375,1146.201171875,8826.01171875,-250.13941955566406,9190.669921875,-6438.58837890625
89.0,-6764.59326171875,-7050.4375,7155.0966796875,1146.11767578125,8827.4912109375,-249.9567413330078,9190.9892578125,-6438.59130859375
89.25,-12768.0986328125,4956.55615234375,145.28639221191406,4148.7666015625,13828.83984375,-6259.74169921875,10191.95703125,-12442.255859375
89.5,-12767.373046875,4956.57421875,145.29774475097656,4148.67333984375,13823.7900390625,-6256.4677734375,10191.478515625,-12440.9609375
89.75,-12768.234375,4956.54638671875,145.2857208251953,4148.68310546875,13819.5458984375,-6261.49169921875,10191.5390625,-12442.099609375
90.0,-12768.0009765625,4956.57275390625,145.29580688476562,4148.6552734375,13822.6298828125,-6256.1708984375,10186.2744140625,-12441.6611328125
90.25,-12768.13671875,4956.56884765625,145.26840209960938,4148.4970703125,13826.55859375,-6256.046875,10191.9892578125,-12441.8740234375
90.5,-12768.3505859375,4956.59033203125,145.26087951660156,4148.705078125,13822.78125,-6257.68798828125,10191.357421875,-12442.1728515625
90.75,-12768.0244140625,4956.58349609375,145.28604125976562,4148.6484375,13827.7978515625,-6256.2900390625,10191.92578125,-12441.6240234375
91.0,-6770.73974609375,3959.8291015625,-1856.9097900390625,1149.155029296875,15834.720703125,-10262.7744140625,8190.3916015625,-8441.7431640625
91.25,-6763.4189453125,3960.17822265625,-1857.0457763671875,1146.380615234375,15829.4228515625,-10261.71875,8187.8642578125,-8438.8681640625
91.5,-6755.96728515625,3955.867919921875,-1855.0069580078125,1145.3076171875,15816.6298828125,-10249.6240234375,8179.99609375,-8432.1181640625
91.75,-6763.93408203125,3960.166259765625,-1857.0601806640625,1146.513916015625,15827.224609375,-10257.6396484375,8189.38623046875,-8438.1171875
92.0,-6764.78369140625,3960.19921875,-1857.080078125,1146.44921875,15822.447265625,-10261.1953125,8189.27001953125,-8439.6513671875
92.25,-6764.681640625,3960.202880859375,-1857.0816650390625,1146.54150390625,15831.05078125,-10259.4482421875,8185.1796875,-8438.890625
92.5,-6764.8203125,3960.1943359375,-1857.0634765625,1146.5191650390625,15831.5380859375,-10262.212890625,8189.97119140625,-8439.0
92.75,-6764.931640625,3960.17041015625,-1857.05322265625,1146.562255859375,15833.3603515625,-10262.4970703125,8189.2138671875,-8439.369140625
93.0,-4764.04150390625,-2050.009521484375,3145.864501953125,-2856.658203125,15827.267578125,-10263.4892578125,12193.3544921875,-434.04681396484375
93.25,-4763.25341796875,-2047.3135986328125,3147.185791015625,-2858.662353515625,15829.2197265625,-10266.509765625,12194.8408203125,-431.80194091796875
93.5,-4762.447265625,-2047.2862548828125,3147.177978515625,-2858.460693359375,15826.4970703125,-10260.03515625,12193.736328125,-433.5531311035156
93.75,-4757.279296875,-2045.0477294921875,3143.8662109375,-2855.474853515625,15814.6630859375,-10247.3330078125,12180.501953125,-433.8875427246094
94.0,-4762.69970703125,-2047.26904296875,3147.1826171875,-2858.577880859375,15828.685546875,-10258.580078125,12193.6376953125,-432.4584655761719
94.25,-4763.47998046875,-2047.283935546875,3147.2001953125,-2858.61474609375,15824.26171875,-10262.9521484375,12193.70703125,-433.2576904296875
94.5,-4763.32666015625,-2047.296142578125,3147.20751953125,-2858.42138671875,15824.0888671875,-10262.26171875,12192.841796875,-432.97125244140625
94.75,-4763.36328125,-2047.31982421875,3147.219482421875,-2858.573486328125,15820.421875,-10260.3642578125,12194.3505859375,-432.619384765625
95.0,7139.0771484375,20913.44140625,17142.470703125,3143.910400390625,17815.0390625,26767.853515625,21211.982421875,9076.791015625
95.25,7247.623046875,20945.578125,17148.28125,3147.09716796875,17839.4921875,26778.60546875,21204.212890625,9574.8369140625
95.5,7247.9150390625,20945.58203125,17148.271484375,3147.1708984375,17832.634765625,26774.455078125,21206.322265625,9577.5927734375
95.75,7247.76416015625,20945.572265625,17148.294921875,3147.165283203125,17823.736328125,26773.865234375,21203.505859375,9575.998046875
96.0,7239.34033203125,20923.412109375,17132.525390625,3143.70166015625,17815.337890625,26745.494140625,21183.67578125,9565.4189453125
96.25,7244.37939453125,20945.548828125,17148.30078125,3147.171630859375,17830.587890625,26770.380859375,21205.41015625,9576.662109375
96.5,7244.322265625,20945.54296875,17148.29296875,3147.356689453125,17836.671875,26774.716796875,21205.03125,9576.3349609375
96.75,7247.83251953125,20945.5703125,17148.294921875,3147.24560546875,17832.640625,26777.435546875,21205.6875,9577.1611328125
97.0,5252.6845703125,24981.193359375,21165.705078125,5150.2041015625,10821.6904296875,36768.9609375,13191.8232421875,3543.4150390625
97.25,5245.57763671875,24979.34765625,21164.92578125,5149.96484375,10830.8623046875,36788.7265625,13194.7802734375,3569.699462890625
97.5,5245.6416015625,24979.33203125,21164.93359375,5150.037109375,10822.4453125,36794.3359375,13194.98828125,3570.8916015625
97.75,5245.6767578125,24979.3203125,21164.94921875,5149.97705078125,10822.2802734375,36794.1796875,13193.734375,3569.995849609375
98.0,5245.83349609375,24979.28515625,21164.9453125,5150.04248046875,10819.046875,36788.3359375,13196.0263671875,3571.337646484375
98.25,5245.7578125,24979.314453125,21164.935546875,5150.01318359375,10821.8115234375,36784.0625,13195.2900390625,3570.814453125
98.5,5245.9169921875,24979.31640625,21164.923828125,5149.92919921875,10822.884765625,36786.76953125,13195.3876953125,3571.08544921875
98.75,5243.92333984375,24979.330078125,21164.904296875,5150.07275390625,10827.5673828125,36792.921875,13195.087890625,3570.676025390625
99.0,8249.1025390625,22974.14453125,19170.80859375,4149.73388671875,12823.0908203125,33779.8984375,12194.5693359375,6574.3798828125
99.25,8248.91015625,22975.1875,19171.203125,4150.02734375,12824.9951171875,33775.83984375,12193.5947265625,6571.736328125
99.5,8249.03125,22975.15625,19171.216796875,4149.87939453125,12822.619140625,33777.3828125,12195.48046875,6572.96337890625
99.75,8248.7685546875,22975.134765625,19171.205078125,4149.9248046875,12818.8076171875,33789.15234375,12194.095703125,6573.72314453125
100.0,8248.8896484375,22975.140625,19171.189453125,4149.947265625,12825.75,33782.81640625,12192.3369140625,6573.83837890625
100.25,8248.8291015625,22975.16796875,19171.1875,4149.79052734375,12821.8388671875,33780.47265625,12195.10546875,6573.88037109375
100.5,8238.9775390625,22950.994140625,19153.8046875,4145.20458984375,12811.1240234375,33750.8046875,12181.23828125,6565.9296875
100.75,8249.1513671875,22975.189453125,19171.1796875,4149.83740234375,12833.259765625,33784.8359375,12194.3193359375,6574.08203125
101.0,3227.796142578125,34975.3515625,12158.5439453125,4148.36279296875,9828.5263671875,41789.546875,14194.865234375,609.430908203125
101.25,3243.686279296875,34969.21875,12159.2841796875,4149.67578125,9828.138671875,41789.95703125,14196.83984375,568.1575317382812
101.5,3243.85693359375,34969.20703125,12159.2685546875,4149.5439453125,9813.4697265625,41783.91796875,14188.6611328125,568.6132202148438
101.75,3243.740966796875,34969.234375,12159.265625,4148.97314453125,9828.3642578125,41792.07421875,14195.9111328125,567.2971801757812
102.0,3243.404541015625,34969.25,12159.248046875,4149.72705078125,9820.1455078125,41799.15234375,14196.693359375,566.6259765625
102.25,3243.798583984375,34969.25390625,12159.283203125,4149.568359375,9822.0087890625,41791.3125,14194.931640625,567.8444213867188
102.5,3243.737060546875,34969.2578125,12159.2880859375,4149.607421875,9824.021484375,41792.9140625,14194.5517578125,567.7265014648438
102.75,3240.373291015625,34934.08984375,12147.61328125,4144.935546875,9813.6171875,41743.13671875,14181.2392578125,567.5831909179688
103.0,21115.072265625,48979.44140625,27151.865234375,19127.861328125,27842.15625,67826.3671875,23238.568359375,17896.4765625
103.25,21265.5078125,48971.7578125,27150.138671875,19138.140625,27842.966796875,67831.3046875,23208.46875,17586.28125
103.5,21263.09765625,48971.78125,27150.13671875,19138.64453125,27840.736328125,67825.46875,23207.80859375,17581.1796875
103.75,21255.513671875,48971.79296875,27150.11328125,19138.08203125,27846.18359375,67818.5546875,23209.12890625,17585.544921875
104.0,21265.255859375,48971.7890625,27150.1328125,19138.220703125,27849.15625,67828.8984375,23197.01953125,17586.720703125
104.25,21265.35546875,48971.78125,27150.150390625,19138.181640625,27838.7578125,67833.6640625,23209.095703125,17585.634765625
104.5,21265.314453125,48971.76171875,27150.15234375,19138.158203125,27845.638671875,67823.8359375,23208.107421875,17585.939453125
104.75,21265.341796875,48971.73828125,27150.150390625,19138.150390625,27834.1484375,67829.1796875,23209.703125,17586.197265625
105.0,25236.658203125,42987.1640625,23159.658203125,20142.4765625,38811.71875,55743.01171875,22184.009765625,26566.47265625
105.25,25270.759765625,43032.03515625,23180.732421875,20168.79296875,38861.4765625,55813.44140625,22207.505859375,26596.5078125
105.5,25270.7734375,43032.046875,23180.708984375,20168.66796875,38853.765625,55816.21484375,22207.505859375,26596.529296875
105.75,25268.1953125,43032.01953125,23180.734375,20168.546875,38858.796875,55814.16015625,22206.880859375,26590.419921875
106.0,25259.755859375,43032.01953125,23180.767578125,20168.619140625,38852.125,55808.16796875,22207.5859375,26596.890625
106.25,25270.767578125,43031.98828125,23180.765625,20168.6796875,38852.34375,55810.6953125,22206.8359375,26596.91015625
106.5,25270.703125,43031.97265625,23180.771484375,20168.51171875,38863.19921875,55815.4765625,22207.70703125,26596.521484375
106.75,25270.701171875,43031.98828125,23180.73828125,20168.703125,38848.84375,55814.046875,22207.50390625,26596.48828125
107.0,25279.560546875,39025.578125,27170.927734375,23166.927734375,41858.0546875,53808.31640625,18273.888671875,29678.171875
107.25,25235.455078125,38980.6484375,27148.271484375,23138.65625,41818.484375,53747.12890625,18182.322265625,29563.298828125
107.5,25270.755859375,39019.125,27171.548828125,23169.66015625,41856.47265625,53814.3046875,18202.56640625,29600.466796875
107.75,25270.486328125,39019.11328125,27171.568359375,23169.34765625,41861.0546875,53811.203125,18201.619140625,29593.259765625
108.0,25270.58203125,39019.08203125,27171.56640625,23169.642578125,41861.25,53803.99609375,18202.375,29599.75
108.25,25259.302734375,39019.05859375,27171.556640625,23169.779296875,41858.74609375,53793.5078125,18201.791015625,29600.205078125
108.5,25270.68359375,39019.0859375,27171.552734375,23169.638671875,41864.2421875,53811.76171875,18202.53125,29600.46484375
108.75,25270.521484375,39019.08203125,27171.52734375,23169.58984375,41856.63671875,53813.44921875,18202.267578125,29600.115234375
109.0,28259.8828125,38007.7265625,26180.8046875,24173.7578125,38853.24609375,50805.4296875,21208.53125,27573.62109375
109.25,28274.8671875,38008.37890625,26180.236328125,24174.275390625,38846.51171875,50809.59375,21204.34765625,27597.89453125
109.5,28234.533203125,37970.703125,26157.712890625,24142.015625,38820.89453125,50746.6328125,21183.53125,27563.478515625
109.75,28274.908203125,38008.34375,26180.236328125,24174.455078125,38859.65234375,50803.7109375,21206.19921875,27597.74609375
110.0,28274.845703125,38008.375,26180.22265625,24174.42578125,38859.50390625,50805.94140625,21205.541015625,27591.943359375
110.25,28275.033203125,38008.3828125,26180.205078125,24174.400390625,38849.46875,50805.2890625,21206.326171875,27586.26953125
110.5,28272.353515625,38008.39453125,26180.201171875,24174.34375,38851.98828125,50796.6640625,21194.71875,27598.078125
110.75,28274.76171875,38008.390625,26180.240234375,24174.29296875,38857.25390625,50806.26171875,21206.578125,27597.611328125
111.0,53107.22265625,70899.2265625,42154.41796875,43136.98828125,69896.453125,87850.3515625,44225.43359375,52575.265625
111.25,53285.5,70879.1953125,42153.71875,43146.6171875,69897.734375,87856.828125,44236.6640625,53612.24609375
111.5,53309.6796875,70879.1796875,42153.703125,43146.3671875,69875.6015625,87857.6875,44237.828125,53631.55078125
111.75,53220.28125,70822.390625,42120.0078125,43080.14453125,69829.671875,87738.359375,44199.47265625,53561.41015625
112.0,53309.58203125,70879.25,42153.6640625,43146.44140625,69893.84375,87855.5546875,44238.95703125,53632.72265625
112.25,53309.7734375,70879.25,42153.6796875,43146.6171875,69897.265625,87851.2421875,44234.609375,53632.09765625
112.5,53309.890625,70879.2421875,42153.69140625,43146.66015625,69896.140625,87832.125,44236.7109375,53631.9375
112.75,53309.6484375,70879.2109375,42153.71875,43146.6484375,69895.0234375,87851.953125,44236.97265625,53632.5546875
113.0,54306.1328125,72048.3046875,40205.60546875,44203.625,66891.765625,89860.8984375,45237.81640625,53633.98046875
113.25,54311.9765625,72047.3828125,40204.76953125,44203.58203125,66892.3359375,89859.765625,45238.2890625,53623.87109375
113.5,54286.80859375,72047.40625,40204.75390625,44203.55859375,66896.109375,89859.609375,45215.55859375,53614.20703125
113.75,54310.55078125,72047.4140625,40204.7265625,44203.45703125,66874.2578125,89855.921875,45239.015625,53632.7421875
114.0,54219.6875,71990.09375,40172.40625,44135.01171875,66819.1796875,89732.71875,45200.06640625,53561.5703125
114.25,54310.95703125,72047.4375,40204.74609375,44203.58984375,66895.65625,89862.3671875,45238.5546875,53632.08984375
114.5,54311.01171875,72047.4140625,40204.74609375,44203.60546875,66889.515625,89859.9140625,45235.64453125,53632.0390625
114.75,54311.19921875,72047.390625,40204.75390625,44203.6484375,66888.9296875,89830.1171875,45238.890625,53631.95703125
115.0,59302.77734375,69063.3125,37203.90625,46201.609375,63887.92578125,88832.3828125,43237.73046875,58637.71875
115.25,59317.55859375,69065.4375,37202.703125,46202.73828125,63891.37109375,88856.796875,43235.7109375,58640.04296875
115.5,59317.32421875,69065.4453125,37202.69140625,46202.82421875,63883.86328125,88850.7734375,43235.30859375,58627.48828125
115.75,59310.2109375,69065.4453125,37202.734375,46202.93359375,63889.953125,88856.8125,43214.13671875,58619.37890625
116.0,59316.78125,69065.4375,37202.75,46203.09765625,63870.48046875,88860.3671875,43237.6953125,58640.13671875
116.25,59215.30859375,69009.2109375,37172.50390625,46130.3828125,63817.7421875,88733.6484375,43198.34375,58561.140625
116.5,59317.02734375,69065.4140625,37202.7421875,46202.94140625,63882.609375,88855.8046875,43237.44921875,58640.20703125
116.75,59317.3046875,69065.4296875,37202.71875,46202.921875,63894.60546875,88853.421875,43233.05859375,58638.87109375
117.0,59311.85546875,69013.8203125,38192.9375,47207.61328125,59882.96875,90851.90625,45237.54296875,55641.1484375
117.25,59317.09375,69013.984375,38193.01171875,47208.1640625,59877.2578125,90836.859375,45238.2734375,55635.2734375
117.5,59317.421875,69013.96875,38193.046875,47208.43359375,59884.0078125,90860.46875,45238.62109375,55635.7265625
117.75,59317.2578125,69013.9609375,38193.0546875,47208.1640625,59879.05859375,90866.5234375,45237.7890625,55623.8984375
118.0,59310.28125,69013.921875,38193.0625,47208.18359375,59884.078125,90866.3515625,45215.55078125,55616.1171875
118.25,59317.06640625,69013.9375,38193.05078125,47208.421875,59865.39453125,90862.0234375,45239.5,55634.87109375
118.5,59215.375,68957.796875,38162.109375,47133.74609375,59838.33203125,90736.4453125,45200.046875,55561.13671875
118.75,59317.33984375,69014.0,38193.015625,47208.15234375,59889.703125,90863.015625,45238.73828125,55635.30859375
119.0,60317.96875,68052.6796875,36179.5234375,46214.10546875,60885.0859375,88859.71875,47240.4921875,55615.234375
119.25,60318.453125,68053.25,36179.25390625,46213.484375,60878.46875,88855.1796875,47241.55859375,55634.91015625
119.5,60318.5390625,68053.234375,36179.26953125,46213.36328125,60886.33984375,88859.3671875,47240.58203125,55634.84375
119.75,60318.7734375,68053.1875,36179.2578125,46213.5,60890.0625,88856.671875,47241.31640625,55635.76171875
120.0,60318.85546875,68053.203125,36179.25390625,46213.65625,60880.95703125,88849.53125,47240.765625,55625.91015625
120.25,60311.4921875,68053.21875,36179.22265625,46213.27734375,60885.015625,88861.0546875,47217.19921875,55616.23828125
120.5,60318.0546875,68053.2109375,36179.23046875,46213.4453125,60864.3125,88859.125,47240.21875,55635.6875
120.75,60214.2578125,67997.4296875,36149.7109375,46140.96875,60838.1875,88734.3671875,47201.77734375,55561.16015625
121.0,60316.75,68048.7109375,37191.46484375,46210.11328125,58888.80859375,89865.3984375,47240.8125,53652.6015625
121.25,60318.45703125,68048.625,37191.546875,46210.33984375,58883.234375,89854.71875,47242.64453125,53633.37890625
121.5,60318.4921875,68048.6171875,37191.54296875,46210.2109375,58882.80859375,89864.25,47241.48046875,53632.01171875
121.75,60318.61328125,68048.640625,37191.5390625,46210.25,58883.41015625,89841.40625,47240.578125,53632.20703125
122.0,60318.67578125,68048.6484375,37191.5234375,46210.13671875,58883.57421875,89855.5078125,47241.2109375,53632.6171875
122.25,60318.4765625,68048.6484375,37191.51171875,46210.375,58884.1640625,89861.3984375,47240.13671875,53621.30859375
122.5,60311.125,68048.65625,37191.53515625,46210.29296875,58879.4609375,89855.6875,47216.8984375,53632.0390625
122.75,60318.046875,68048.6015625,37191.6328125,46210.53125,58865.49609375,89857.921875,47240.21875,53632.703125
123.0,60217.31640625,67992.78125,38161.71484375,45142.01953125,62836.11328125,87735.671875,46203.05859375,56550.8828125
123.25,60318.5078125,68048.4921875,38192.91796875,45212.01953125,62892.13671875,87862.421875,46239.83203125,56636.58984375
123.5,60318.53515625,68048.5234375,38192.8984375,45212.0625,62887.015625,87853.3125,46236.92578125,56636.13671875
123.75,60318.55859375,68048.5390625,38192.8828125,45212.25,62882.15234375,87855.8203125,46240.09375,56636.2734375
124.0,60318.3359375,68048.53125,38192.90234375,45212.01953125,62888.94140625,87848.71875,46239.5625,56636.6875
124.25,60318.6328125,68048.5078125,38192.93359375,45212.16015625,62885.79296875,87859.234375,46240.06640625,56636.8046875
124.5,60318.49609375,68048.5,38192.9375,45212.15625,62884.9140625,87851.296875,46239.1171875,56625.0
124.75,60311.45703125,68048.46875,38192.9453125,45212.0859375,62897.15234375,87851.921875,46216.33984375,56617.296875
125.0,58321.73046875,71038.3125,37197.2265625,45212.5625,67875.1015625,88856.640625,41235.2109375,54637.95703125
125.25,58216.07421875,70979.3515625,37167.05078125,45141.6953125,67840.7421875,88736.4140625,41197.00390625,54561.3046875
125.5,58316.015625,71036.3515625,37197.265625,45212.4453125,67889.359375,88860.1328125,41234.9453125,54634.45703125
125.75,58316.0859375,71036.3359375,37197.2890625,45212.21875,67895.3125,88860.9140625,41230.8046875,54633.58984375
126.0,58315.875,71036.328125,37197.30859375,45212.40234375,67901.5390625,88825.828125,41232.81640625,54633.88671875
126.25,58315.89453125,71036.3046875,37197.30078125,45212.1328125,67889.34375,88837.5390625,41233.1171875,54633.98828125
126.5,58316.15625,71036.2734375,37197.3125,45212.41015625,67897.328125,88856.9140625,41233.2578125,54634.14453125
126.75,58316.421875,71036.2890625,37197.296875,45212.125,67893.9140625,88861.53125,41233.19921875,54624.86328125
127.0,58304.7734375,71036.375,37197.5859375,47203.41796875,64895.6484375,90856.03125,40209.765625,53662.046875
127.25,58315.97265625,71036.5,37197.390625,47204.55078125,64871.8984375,90855.8671875,40233.2109375,53633.53515625
127.5,58216.22265625,70979.53125,37167.1640625,47130.16796875,64816.875,90730.6640625,40198.00390625,53561.875
127.75,58316.09765625,71036.5234375,37197.40625,47204.58984375,64890.234375,90857.6953125,40232.30078125,53632.4921875
128.0,58316.12890625,71036.484375,37197.4140625,47204.62890625,64887.671875,90864.4765625,40229.2109375,53631.921875
128.25,58316.0,71036.4609375,37197.41015625,47204.6796875,64892.33203125,90861.2421875,40232.33984375,53631.8984375
128.5,58316.09765625,71036.484375,37197.38671875,47204.5625,64898.95703125,90840.6015625,40231.7734375,53632.58984375
128.75,58316.23828125,71036.4921875,37197.37109375,47204.60546875,64887.6640625,90865.0078125,40232.296875,53632.6796875
129.0,58320.6640625,73045.3984375,37197.12109375,46214.53515625,65894.0390625,88850.1796875,41233.91796875,54595.82421875
129.25,58309.10546875,73043.890625,37197.4609375,46213.7734375,65893.7734375,88857.265625,41212.55078125,54615.20703125
129.5,58316.015625,73043.875,37197.4609375,46213.7734375,65865.0546875,88855.625,41233.60546875,54634.50390625
129.75,58316.078125,73043.890625,37197.44140625,46213.7734375,65889.03125,88856.0859375,41233.56640625,54633.5859375
130.0,58315.71875,73043.90625,37197.43359375,46213.7578125,65891.296875,88855.7890625,41234.953125,54634.015625
130.25,58316.078125,73043.9296875,37197.4296875,46213.6015625,65887.2734375,88857.859375,41230.6328125,54633.4375
130.5,58316.125,73043.9140625,37197.41015625,46213.66796875,65899.65625,88821.890625,41232.84765625,54633.4140625
130.75,58316.09375,73043.921875,37197.4375,46213.73828125,65890.203125,88835.5703125,41233.140625,54633.6484375
131.0,58316.3515625,72060.90625,39190.83203125,44214.69921875,64887.04296875,90859.203125,41234.55859375,54637.4765625
131.25,58316.5078125,72059.1875,39191.31640625,44213.88671875,64886.62890625,90866.984375,41233.19921875,54624.9453125
131.5,58309.21875,72059.1328125,39191.29296875,44213.734375,64893.9921875,90859.6171875,41232.71484375,54614.7109375
131.75,58315.9453125,72059.1796875,39191.29296875,44213.84375,64892.73046875,90861.3203125,41233.6875,54634.56640625
132.0,58216.171875,72001.84375,39159.64453125,44145.19921875,64832.17578125,90734.5546875,41196.96484375,54561.54296875
132.25,58315.92578125,72059.2265625,39191.26953125,44213.82421875,64893.9140625,90861.859375,41234.97265625,54634.3203125
132.5,58316.08203125,72059.2265625,39191.29296875,44214.0390625,64889.27734375,90861.96875,41230.8203125,54633.6171875
132.75,58316.16015625,72059.203125,39191.3125,44213.8515625,64890.8359375,90857.6796875,41232.84375,54633.41015625
133.0,56319.64453125,74046.6796875,40195.58203125,43209.44921875,64885.70703125,94840.4140625,40233.01953125,53632.6171875
133.25,56313.6015625,74045.2109375,40195.8125,43209.12109375,64882.5390625,94862.2734375,40231.94921875,53632.73046875
133.5,56314.0625,74045.2265625,40195.80859375,43209.03515625,64887.95703125,94864.796875,40231.69921875,53623.69140625
133.75,56306.96484375,74045.2421875,40195.78515625,43208.96484375,64886.3828125,94863.421875,40231.43359375,53613.7890625
134.0,56313.1015625,74045.234375,40195.796875,43208.81640625,64894.21875,94866.5390625,40232.82421875,53632.34765625
134.25,56217.77734375,73987.2109375,40163.4765625,43142.4453125,64823.75,94732.53125,40196.33203125,53561.41796875
134.5,56313.46875,74045.234375,40195.80078125,43208.97265625,64893.80078125,94863.6484375,40233.40625,53633.04296875
134.75,56313.5625,74045.2265625,40195.796875,43209.00390625,64890.328125,94862.078125,40232.4375,53632.31640625
135.0,58302.3125,70033.1953125,43192.4375,44202.640625,60886.6953125,96861.6953125,39232.41015625,55626.01171875
135.25,58316.1328125,70035.9453125,43193.2421875,44203.6328125,60879.86328125,96866.7265625,39230.68359375,55635.4296875
135.5,58316.16015625,70035.96875,43193.23828125,44203.7421875,60882.890625,96868.9765625,39230.609375,55635.4609375
135.75,58316.19921875,70035.953125,43193.27734375,44203.68359375,60886.16015625,96874.1171875,39229.96484375,55623.85546875
136.0,58310.62890625,70035.9296875,43193.2890625,44203.94140625,60889.6796875,96867.1640625,39229.6484375,55634.66796875
136.25,58291.44140625,70035.9140625,43193.28515625,44203.6953125,60887.15625,96863.5234375,39231.58203125,55636.4921875
136.5,58215.9921875,69979.3203125,43158.85546875,44135.2265625,60813.765625,96732.328125,39196.234375,55561.62109375
136.75,58315.828125,70035.9296875,43193.26171875,44203.59765625,60881.4921875,96866.25,39232.5,55635.9296875
137.0,61307.8984375,68057.328125,42183.12109375,46201.86328125,57883.296875,96866.78125,40233.48046875,56651.48828125
137.25,61319.8046875,68058.765625,42182.69140625,46203.0078125,57883.3515625,96861.0703125,40231.52734375,56636.23046875
137.5,61319.6640625,68058.75,42182.73046875,46203.140625,57883.41015625,96843.4375,40231.9453125,56636.67578125
137.75,61319.8359375,68058.734375,42182.71484375,46203.1015625,57883.95703125,96862.546875,40231.59375,56637.1171875
138.0,61319.52734375,68058.7109375,42182.73828125,46203.01953125,57883.12109375,96859.9765625,40231.0625,56615.0625
138.25,61320.3671875,68058.703125,42182.73046875,46203.19921875,57883.74609375,96865.8125,40229.78515625,56635.05859375
138.5,61292.0625,68058.734375,42182.72265625,46203.03515625,57885.05859375,96866.265625,40232.55859375,56635.7734375
138.75,61212.71484375,68002.953125,42148.96484375,46130.41796875,57813.1640625,96730.2109375,40198.91796875,56561.3984375
139.0,27538.52734375,38069.74609375,22209.087890625,22211.982421875,24852.59765625,51808.296875,22128.005859375,21704.3671875
139.25,27273.751953125,38089.53125,22204.451171875,22200.259765625,24843.162109375,51810.21484375,22206.880859375,20589.87890625
139.5,27270.693359375,38089.51953125,22204.453125,22200.310546875,24835.51953125,51807.4140625,22207.287109375,20589.697265625
139.75,27261.177734375,38089.46875,22204.482421875,22200.40625,24841.818359375,51797.453125,22207.150390625,20589.66796875
140.0,27273.935546875,38089.4921875,22204.478515625,22200.267578125,24835.83984375,51813.12890625,22195.255859375,20590.01953125
140.25,27273.51171875,38089.50390625,22204.45703125,22200.404296875,24843.380859375,51813.14453125,22206.564453125,20589.044921875
140.5,27273.236328125,38089.52734375,22204.46875,22200.283203125,24841.427734375,51813.53515625,22207.76953125,20589.162109375
140.75,27273.5703125,38089.51171875,22204.498046875,22200.1953125,24835.3359375,51803.5,22205.427734375,20588.876953125
141.0,33239.33203125,33972.609375,23151.5703125,21146.01953125,18809.109375,49749.41015625,24189.916015625,25561.228515625
141.25,33281.8359375,34009.921875,23172.23828125,21173.466796875,18840.130859375,49806.54296875,24210.173828125,25594.8515625
141.5,33282.125,34009.90234375,23172.234375,21173.48828125,18831.60546875,49787.57421875,24209.7421875,25595.6640625
141.75,33278.859375,34009.93359375,23172.22265625,21173.541015625,18832.521484375,49793.171875,24209.779296875,25595.0078125
142.0,33266.640625,34009.94140625,23172.208984375,21173.33203125,18830.978515625,49795.2734375,24197.16015625,25595.0234375
142.25,33281.828125,34009.9296875,23172.228515625,21173.4609375,18832.248046875,49802.578125,24210.126953125,25595.1328125
142.5,33281.79296875,34009.93359375,23172.240234375,21173.314453125,18837.0859375,49803.640625,24209.267578125,25594.80859375
142.75,33281.83984375,34009.9140625,23172.2265625,21173.826171875,18837.8515625,49801.9765625,24210.466796875,25594.98828125
143.0,27267.53125,37992.859375,24173.48828125,18170.853515625,23825.509765625,50808.18359375,25211.880859375,18599.53125
143.25,27273.66796875,37993.85546875,24173.67578125,18171.91796875,23837.91796875,50801.14453125,25209.654296875,18583.892578125
143.5,27273.341796875,37993.87109375,24173.662109375,18171.779296875,23833.23046875,50806.98046875,25209.30859375,18584.142578125
143.75,27261.140625,37993.87890625,24173.67578125,18171.767578125,23838.068359375,50798.12890625,25210.951171875,18586.669921875
144.0,27270.98828125,37993.8828125,24173.6796875,18171.81640625,23836.2734375,50786.8125,25211.23046875,18586.720703125
144.25,27273.37109375,37993.875,24173.6953125,18171.736328125,23837.001953125,50808.12109375,25197.59765625,18587.169921875
144.5,27273.41015625,37993.84375,24173.705078125,18172.044921875,23837.033203125,50807.70703125,25209.76953125,18586.4375
144.75,27273.416015625,37993.80859375,24173.703125,18171.787109375,23845.451171875,50805.62890625,25210.529296875,18586.734375
145.0,34291.375,33007.515625,25174.37890625,17167.517578125,19835.859375,50810.3828125,25215.275390625,21582.869140625
145.25,34283.37109375,33010.40625,25174.798828125,17167.3515625,19828.115234375,50807.07421875,25209.3046875,21590.033203125
145.5,34283.6171875,33010.4140625,25174.796875,17167.537109375,19831.845703125,50806.49609375,25209.5625,21586.833984375
145.75,34283.2421875,33010.4140625,25174.82421875,17167.359375,19841.8515625,50806.9921875,25211.541015625,21583.658203125
146.0,34283.2734375,33010.3984375,25174.83203125,17167.400390625,19833.55859375,50809.65234375,25210.529296875,21589.86328125
146.25,34280.05859375,33010.36328125,25174.8359375,17167.458984375,19837.33203125,50784.6640625,25210.529296875,21589.876953125
146.5,34279.34375,33010.37109375,25174.826171875,17167.62109375,19828.310546875,50786.17578125,25210.826171875,21590.134765625
146.75,34283.25,33010.41015625,25174.8203125,17167.251953125,19834.04296875,50803.69140625,25211.404296875,21590.224609375
147.0,29276.94140625,33997.3046875,25176.9140625,21165.03515625,20827.7734375,51811.01953125,27223.333984375,14579.083984375
147.25,29276.166015625,33997.140625,25177.044921875,21165.61328125,20833.10546875,51809.11328125,27213.666015625,14582.1826171875
147.5,29276.37890625,33997.125,25177.0546875,21165.685546875,20828.46875,51805.13671875,27214.791015625,14582.9873046875
147.75,29276.484375,33997.1328125,25177.064453125,21165.619140625,20829.236328125,51808.50390625,27214.810546875,14580.6328125
148.0,29276.279296875,33997.08984375,25177.052734375,21166.052734375,20832.47265625,51809.01953125,27213.73046875,14575.912109375
148.25,29276.51953125,33997.12109375,25177.05078125,21165.521484375,20835.828125,51790.16015625,27213.337890625,14582.7587890625
148.5,29273.662109375,33997.10546875,25177.037109375,21165.78125,20835.7890625,51786.453125,27212.904296875,14582.0791015625
148.75,29263.02734375,33997.12890625,25177.041015625,21165.568359375,20842.02734375,51797.46484375,27213.349609375,14581.9892578125
149.0,33293.4140625,31001.287109375,33165.48828125,19172.19140625,18840.189453125,55819.0078125,20211.1171875,17554.400390625
149.25,33281.86328125,31002.306640625,33168.42578125,19172.015625,18829.736328125,55817.58984375,20204.015625,17585.5859375
149.5,33281.875,31002.287109375,33168.4375,19172.0390625,18840.19140625,55819.5546875,20205.126953125,17586.02734375
149.75,33281.98828125,31002.26953125,33168.42578125,19172.0390625,18820.984375,55811.015625,20202.296875,17585.541015625
150.0,33281.91015625,31002.294921875,33168.421875,19171.98828125,18829.033203125,55811.3125,20203.765625,17578.384765625
150.25,33282.03125,31002.31640625,33168.3828125,19172.091796875,18829.70703125,55811.42578125,20202.9296875,17586.64453125
150.5,33281.72265625,31002.318359375,33168.3984375,19172.052734375,18829.740234375,55815.16015625,20203.8828125,17585.796875
150.75,33278.94140625,31002.310546875,33168.421875,19172.13671875,18833.505859375,55801.36328125,20193.857421875,17585.9453125
151.0,28256.02734375,40976.55078125,38184.140625,13165.0703125,15831.19140625,65816.265625,14190.5283203125,11590.6748046875
151.25,28274.7421875,40978.88671875,38181.671875,13166.9404296875,15824.23828125,65828.7734375,14197.4482421875,11579.1337890625
151.5,28274.833984375,40978.86328125,38181.671875,13166.8779296875,15823.89453125,65832.125,14197.515625,11578.94921875
151.75,28274.833984375,40978.921875,38181.63671875,13166.91796875,15825.9931640625,65829.9921875,14195.228515625,11578.6435546875
152.0,28274.966796875,40978.9375,38181.640625,13166.81640625,15825.583984375,65829.2578125,14195.36328125,11578.96484375
152.25,28274.701171875,40978.9375,38181.66015625,13166.8759765625,15831.986328125,65833.296875,14195.8193359375,11574.1455078125
152.5,28274.580078125,40978.9296875,38181.6875,13166.953125,15827.7373046875,65824.7734375,14196.75,11573.716796875
152.75,28274.888671875,40978.9140625,38181.671875,13166.9765625,15827.9453125,65804.78125,14196.4208984375,11579.201171875
153.0,30282.908203125,38991.359375,40191.76171875,13161.294921875,16830.232421875,65818.015625,13197.9296875,11579.4521484375
153.25,30274.876953125,38992.1796875,40192.62890625,13160.708984375,16832.345703125,65810.8046875,13188.7783203125,11579.265625
153.5,30264.380859375,38992.2109375,40192.62109375,13160.802734375,16829.48828125,65827.03125,13195.03515625,11579.5
153.75,30277.46484375,38992.21484375,40192.61328125,13160.7451171875,16830.326171875,65827.28125,13196.044921875,11578.908203125
154.0,30277.57421875,38992.203125,40192.640625,13160.7939453125,16831.810546875,65823.6875,13196.5205078125,11578.779296875
154.25,30277.6796875,38992.19921875,40192.6328125,13160.791015625,16827.31640625,65827.734375,13194.2412109375,11578.8681640625
154.5,30277.787109375,38992.19921875,40192.63671875,13160.7587890625,16823.779296875,65822.6640625,13195.478515625,11577.369140625
154.75,30277.4765625,38992.1796875,40192.625,13160.87890625,16824.3359375,65827.3203125,13195.490234375,11573.7421875
155.0,32279.734375,40003.859375,41175.82421875,4149.814453125,18835.755859375,68837.875,10182.994140625,12576.5205078125
155.25,32280.404296875,40004.8359375,41175.109375,4152.49853515625,18833.541015625,68803.6328125,10186.7412109375,12580.138671875
155.5,32266.9921875,40004.83984375,41175.1015625,4152.45166015625,18837.314453125,68811.515625,10191.4169921875,12579.9951171875
155.75,32280.35546875,40004.80859375,41175.140625,4152.48974609375,18828.921875,68825.1640625,10192.75,12580.416015625
156.0,32280.046875,40004.8125,41175.14453125,4152.4697265625,18832.458984375,68832.359375,10191.787109375,12579.9794921875
156.25,32280.44140625,40004.76953125,41175.15234375,4152.29248046875,18823.689453125,68833.46875,10190.5361328125,12579.8251953125
156.5,32280.349609375,40004.78125,41175.14453125,4152.77880859375,18832.208984375,68832.5234375,10194.0126953125,12580.79296875
156.75,32280.45703125,40004.81640625,41175.11328125,4152.45849609375,18824.359375,68830.3828125,10191.6630859375,12578.5439453125
157.0,33280.015625,43999.91796875,38203.68359375,144.15823364257812,23840.296875,63826.0078125,10202.869140625,11565.5634765625
157.25,33282.03515625,44000.546875,38204.40625,145.4974822998047,23833.8203125,63815.8515625,10193.03515625,11580.12890625
157.5,33282.01171875,44000.55859375,38204.421875,145.27557373046875,23831.462890625,63795.7890625,10192.375,11579.033203125
157.75,33266.73828125,44000.53515625,38204.4453125,145.4358673095703,23834.36328125,63828.19140625,10187.404296875,11578.95703125
158.0,33267.296875,44000.5234375,38204.43359375,145.4930877685547,23829.330078125,63827.11328125,10191.5283203125,11579.8017578125
158.25,33281.828125,44000.5234375,38204.421875,145.28228759765625,23828.515625,63823.46484375,10193.0126953125,11579.4970703125
158.5,33281.78515625,44000.53515625,38204.4140625,145.2382354736328,23842.861328125,63826.12890625,10193.3828125,11579.654296875
158.75,33281.84375,44000.51953125,38204.3984375,145.45843505859375,23836.66796875,63823.0703125,10193.5341796875,11579.478515625
159.0,30281.11328125,40019.83203125,49174.1328125,-4861.67822265625,21834.4921875,65826.78125,13189.953125,13582.2412109375
159.25,30277.306640625,40020.5625,49170.62890625,-4861.31982421875,21829.466796875,65830.421875,13195.25390625,13576.3349609375
159.5,30277.31640625,40020.5390625,49170.63671875,-4861.27490234375,21837.9609375,65822.859375,13195.232421875,13579.9443359375
159.75,30277.791015625,40020.5234375,49170.62890625,-4861.15576171875,21831.92578125,65809.15625,13195.6142578125,13581.0771484375
160.0,30274.990234375,40020.546875,49170.62890625,-4861.28076171875,21836.73828125,65811.6171875,13194.9599609375,13581.0576171875
160.25,30277.568359375,40020.5625,49170.61328125,-4861.20556640625,21835.955078125,65831.640625,13196.3271484375,13581.357421875
160.5,30277.5078125,40020.5703125,49170.625,-4861.3427734375,21838.71484375,65830.953125,13195.2255859375,13581.47265625
160.75,30277.638671875,40020.56640625,49170.65234375,-4861.3203125,21835.5546875,65828.2734375,13194.478515625,13581.1181640625
161.0,22270.654296875,37012.5,57184.5625,-4858.71875,29844.474609375,67828.9140625,9191.4033203125,6570.9580078125
161.25,22266.744140625,37012.58984375,57188.1328125,-4859.4677734375,29839.474609375,67831.78125,9190.572265625,6574.37109375
161.5,22266.763671875,37012.57421875,57188.109375,-4859.5166015625,29847.1015625,67829.65625,9190.6650390625,6571.087890625
161.75,22266.576171875,37012.6015625,57188.1171875,-4859.51416015625,29841.81640625,67833.390625,9190.388671875,6575.0302734375
162.0,22266.5234375,37012.60546875,57188.08984375,-4859.44970703125,29848.98046875,67807.859375,9191.1650390625,6573.90283203125
162.25,22264.533203125,37012.609375,57188.12109375,-4859.42822265625,29846.41796875,67827.859375,9190.3935546875,6573.908203125
162.5,22265.376953125,37012.58984375,57188.1328125,-4859.28271484375,29848.03515625,67828.7578125,9192.0673828125,6573.95458984375
162.75,22266.541015625,37012.5703125,57188.14453125,-4859.43896484375,29835.341796875,67829.3984375,9191.544921875,6574.3115234375
163.0,15253.0126953125,35005.39453125,60212.0859375,147.21145629882812,31848.556640625,67830.6953125,11199.220703125,3561.217529296875
163.25,15257.3525390625,35006.51953125,60213.484375,145.3292694091797,31845.490234375,67827.2421875,11193.1640625,3571.409423828125
163.5,15257.55078125,35006.5546875,60213.44140625,145.54539489746094,31849.29296875,67830.15625,11192.470703125,3572.00634765625
163.75,15257.2412109375,35006.58203125,60213.42578125,145.0861053466797,31847.259765625,67830.625,11192.447265625,3568.669189453125
164.0,15257.1962890625,35006.5546875,60213.44921875,145.34730529785156,31848.001953125,67833.28125,11192.845703125,3570.415771484375
164.25,15257.7421875,35006.55078125,60213.48046875,145.332763671875,31847.224609375,67812.640625,11187.4326171875,3571.3076171875
164.5,15257.77734375,35006.5078125,60213.46875,145.28775024414062,31844.318359375,67814.34375,11187.177734375,3571.1416015625
164.75,15257.4775390625,35006.48828125,60213.48046875,144.931640625,31845.740234375,67833.6328125,11192.9111328125,3571.609130859375
165.0,21262.96484375,36999.08203125,54246.59765625,7151.28759765625,31848.966796875,65832.6796875,24251.056640625,9682.82421875
165.25,21265.314453125,36998.33984375,54243.92578125,7149.376953125,31844.6640625,65829.4765625,24210.357421875,9577.265625
165.5,21265.302734375,36998.33984375,54243.953125,7149.197265625,31846.58203125,65823.6328125,24210.75390625,9576.7890625
165.75,21265.271484375,36998.34375,54243.9375,7149.64306640625,31851.228515625,65824.484375,24210.34375,9577.31640625
166.0,21265.408203125,36998.33984375,54243.95703125,7149.63720703125,31840.224609375,65829.9375,24209.099609375,9576.8837890625
166.25,21265.615234375,36998.3046875,54243.95703125,7149.39404296875,31848.404296875,65833.7421875,24209.873046875,9577.8359375
166.5,21265.498046875,36998.28125,54243.95703125,7149.48388671875,31850.353515625,65803.515625,24208.982421875,9576.5771484375
166.75,21255.537109375,36998.3125,54243.91015625,7149.3876953125,31849.4765625,65822.921875,24210.16796875,9576.896484375
167.0,25261.21484375,41994.8828125,51228.05859375,6151.42138671875,45860.35546875,64829.7890625,33277.24609375,12755.4228515625
167.25,25271.0859375,41995.16796875,51226.59375,6152.3857421875,45871.08203125,64829.00390625,33204.38671875,12581.05859375
167.5,25271.0078125,41995.16015625,51226.62109375,6152.52001953125,45870.96875,64826.85546875,33222.1015625,12579.0224609375
167.75,25270.796875,41995.140625,51226.62890625,6152.36376953125,45855.54296875,64827.328125,33220.87890625,12579.271484375
168.0,25271.041015625,41995.12109375,51226.6015625,6152.373046875,45860.375,64822.41015625,33222.84765625,12581.3408203125
168.25,25270.896484375,41995.15625,51226.58984375,6152.4697265625,45866.91796875,64828.96484375,33219.88671875,12580.8466796875
168.5,25271.095703125,41995.1640625,51226.58203125,6152.41943359375,45867.72265625,64826.671875,33220.03125,12580.7255859375
168.75,25268.712890625,41995.1796875,51226.59375,6152.55029296875,45866.9453125,64807.109375,33221.90234375,12580.9755859375
169.0,21262.767578125,53978.875,50217.88671875,5150.185546875,50871.09765625,62823.08203125,29220.669921875,11576.3525390625
169.25,21265.662109375,53979.7578125,50217.7890625,5151.34765625,50868.6171875,62825.0234375,29216.71875,11579.572265625
169.5,21265.458984375,53979.73046875,50217.80859375,5151.234375,50869.8359375,62819.7578125,29201.474609375,11579.9658203125
169.75,21265.685546875,53979.703125,50217.78125,5151.244140625,50886.26953125,62829.26953125,29215.484375,11577.7314453125
170.0,21265.52734375,53979.73046875,50217.78515625,5151.23583984375,50866.94921875,62823.68359375,29216.767578125,11576.3134765625
170.25,21265.421875,53979.765625,50217.73046875,5151.140625,50870.9765625,62821.39453125,29216.6875,11579.384765625
170.5,21265.29296875,53979.765625,50217.75390625,5151.2412109375,50874.77734375,62824.80859375,29214.197265625,11579.4072265625
170.75,21265.794921875,53979.765625,50217.75390625,5151.3125,50873.1796875,62802.59765625,29217.345703125,11579.9150390625
171.0,25287.2421875,41029.27734375,58184.9375,10156.083984375,42859.6796875,65803.421875,36211.28125,14536.78125
171.25,25268.75,41028.84375,58188.73828125,10153.009765625,42862.28515625,65825.6484375,36225.48828125,14582.685546875
171.5,25270.962890625,41028.86328125,58188.73828125,10153.06640625,42860.4765625,65824.328125,36226.375,14583.5068359375
171.75,25270.77734375,41028.875,58188.7265625,10152.9482421875,42865.27734375,65827.859375,36206.6796875,14580.5712890625
172.0,25270.796875,41028.890625,58188.71875,10152.8857421875,42866.24609375,65829.6484375,36226.625,14582.62890625
172.25,25271.072265625,41028.89453125,58188.72265625,10152.8642578125,42860.49609375,65822.375,36226.09375,14583.2568359375
172.5,25235.787109375,40988.84375,58142.953125,10141.1962890625,42827.06640625,65747.5,36193.76171875,14565.9541015625
172.75,25270.9140625,41028.859375,58188.73046875,10152.9619140625,42857.88671875,65826.171875,36223.515625,14582.6142578125
173.0,27274.97265625,42008.11328125,59189.6875,10156.931640625,30847.32421875,68830.0,44241.1328125,21594.236328125
173.25,27274.08203125,42008.1015625,59190.1015625,10156.7978515625,30845.251953125,68811.0546875,44235.98046875,21590.521484375
173.5,27271.4453125,42008.12890625,59190.10546875,10156.8544921875,30845.45703125,68826.3046875,44236.19921875,21590.65234375
173.75,27273.73828125,42008.14453125,59190.1015625,10156.9189453125,30844.986328125,68833.9921875,44236.99609375,21591.24609375
174.0,27273.7109375,42008.13671875,59190.13671875,10156.912109375,30843.041015625,68827.8828125,44211.69921875,21587.322265625
174.25,27273.814453125,42008.12109375,59190.14453125,10156.9150390625,30847.84375,68830.640625,44235.26171875,21583.509765625
174.5,27273.8203125,42008.109375,59190.15234375,10156.8232421875,30842.400390625,68828.109375,44236.484375,21591.2265625
174.75,27273.701171875,42008.09375,59190.125,10156.9169921875,30853.435546875,68824.4609375,44235.88671875,21590.248046875
175.0,31279.650390625,44006.921875,57230.8515625,6149.06103515625,35847.25390625,71834.015625,37206.19140625,26587.4140625
175.25,31279.087890625,44007.18359375,57231.30078125,6150.7451171875,35859.81640625,71829.1015625,37226.8984375,26596.40234375
175.5,31279.515625,44007.1875,57231.2890625,6150.81298828125,35855.05859375,71830.015625,37227.234375,26596.634765625
175.75,31276.533203125,44007.16796875,57231.32421875,6150.8037109375,35856.03515625,71840.15625,37227.05859375,26596.80078125
176.0,31279.2421875,44007.1640625,57231.33984375,6150.591796875,35857.26171875,71831.1328125,37206.8359375,26597.29296875
176.25,31279.185546875,44007.140625,57231.34375,6150.6025390625,35847.56640625,71839.015625,37227.328125,26590.755859375
176.5,31279.212890625,44007.14453125,57231.33984375,6150.59033203125,35848.84375,71836.421875,37227.14453125,26596.62109375
176.75,31279.2734375,44007.1640625,57231.328125,6150.494140625,35842.87109375,71838.4140625,37228.90234375,26597.48046875
177.0,28258.064453125,41020.734375,45243.140625,17155.451171875,44858.08984375,56810.55078125,43248.37109375,30605.556640625
177.25,28275.109375,41018.91015625,45247.48046875,17151.83984375,44870.9140625,56815.88671875,43234.2890625,30601.162109375
177.5,28275.357421875,41018.91015625,45247.4921875,17151.794921875,44864.375,56799.4609375,43234.4609375,30601.3515625
177.75,28272.806640625,41018.89453125,45247.5,17151.91015625,44859.66015625,56794.703125,43234.93359375,30601.884765625
178.0,28274.912109375,41018.85546875,45247.49609375,17151.568359375,44861.85546875,56812.9296875,43234.62109375,30601.53515625
178.25,28275.076171875,41018.86328125,45247.49609375,17151.806640625,44864.1875,56819.38671875,43211.6015625,30601.8359375
178.5,28275.146484375,41018.88671875,45247.46484375,17151.716796875,44863.5390625,56814.0859375,43233.72265625,30591.509765625
178.75,28275.0625,41018.90234375,45247.484375,17151.822265625,44847.19921875,56812.81640625,43234.73828125,30601.673828125
179.0,27236.37109375,40970.05859375,49159.83203125,20138.755859375,40826.30078125,59743.6875,46200.34765625,29566.30859375
179.25,27273.646484375,41010.05078125,49197.390625,20166.17578125,40860.6640625,59821.859375,46236.36328125,29599.95703125
179.5,27273.6953125,41010.03515625,49197.39453125,20166.1640625,40856.45703125,59816.328125,46239.375,29599.71875
179.75,27271.095703125,41010.04296875,49197.3984375,20166.212890625,40857.14453125,59806.9453125,46238.35546875,29599.912109375
180.0,27261.248046875,41010.0625,49197.37890625,20166.146484375,40862.265625,59809.8359375,46238.87890625,29599.822265625
180.25,27273.78125,41010.0859375,49197.359375,20166.044921875,40861.0,59820.9609375,46239.01171875,29600.732421875
180.5,27273.697265625,41010.06640625,49197.375,20165.921875,40860.6796875,59821.6875,46239.3046875,29599.291015625
180.75,27273.544921875,41010.0859375,49197.40234375,20165.9140625,40857.078125,59816.30859375,46235.86328125,29589.490234375
181.0,33281.62109375,31018.7890625,46216.265625,23167.953125,40841.77734375,54806.703125,43238.53515625,37610.515625
181.25,33232.5859375,30986.611328125,46180.94921875,23138.396484375,40830.515625,54740.30859375,43200.67578125,37563.1640625
181.5,33282.10546875,31018.345703125,46217.54296875,23169.275390625,40860.2890625,54811.23828125,43232.7109375,37610.015625
181.75,33282.25390625,31018.375,46217.52734375,23169.22265625,40858.26953125,54811.6171875,43234.5,37610.4609375
182.0,33282.0,31018.37109375,46217.52734375,23169.384765625,40858.62109375,54797.90625,43234.37890625,37610.30078125
182.25,33266.91796875,31018.365234375,46217.55859375,23169.244140625,40858.98046875,54801.046875,43234.9140625,37610.1796875
182.5,33281.99609375,31018.359375,46217.5625,23169.341796875,40856.06640625,54810.9296875,43235.30078125,37611.26953125
182.75,33281.99609375,31018.345703125,46217.5859375,23169.24609375,40858.203125,54811.4765625,43212.6875,37604.89453125
183.0,40291.7734375,31993.18359375,37221.10546875,22174.818359375,50876.32421875,41791.40625,40223.12109375,44595.70703125
183.25,40292.01171875,31993.712890625,37219.67578125,22174.837890625,50857.71875,41795.4609375,40230.7578125,44620.03125
183.5,40228.83984375,31961.1484375,37189.40625,22145.4296875,50829.28125,41748.7109375,40198.0078125,44562.62109375
183.75,40291.80078125,31993.744140625,37219.65234375,22175.18359375,50872.88671875,41794.86328125,40228.7421875,44619.30859375
184.0,40292.0,31993.744140625,37219.6640625,22174.890625,50874.39453125,41798.6953125,40231.99609375,44619.31640625
184.25,40288.30078125,31993.716796875,37219.6796875,22174.873046875,50878.40234375,41781.86328125,40230.94140625,44619.83203125
184.5,40273.44921875,31993.681640625,37219.67578125,22175.005859375,50872.48828125,41791.20703125,40231.56640625,44619.37890625
184.75,40292.109375,31993.705078125,37219.671875,22174.861328125,50871.27734375,41791.10546875,40230.46484375,44620.34765625
185.0,47302.8203125,28998.205078125,28201.783203125,21173.732421875,48873.48828125,38783.40234375,44235.62890625,54630.04296875
185.25,47301.46875,28998.318359375,28200.216796875,21173.30078125,48867.44140625,38795.91796875,44236.58203125,54624.515625
185.5,47301.12109375,28998.326171875,28200.2421875,21173.330078125,48870.62890625,38784.8671875,44235.77734375,54632.1484375
185.75,47224.34375,28968.423828125,28176.2890625,21145.54296875,48829.63671875,38747.18359375,44201.28125,54562.13671875
186.0,47301.52734375,28998.298828125,28200.275390625,21173.259765625,48865.03125,38790.80859375,44237.1796875,54633.3203125
186.25,47301.72265625,28998.26953125,28200.25390625,21173.267578125,48870.99609375,38789.68359375,44236.046875,54633.66015625
186.5,47302.01171875,28998.267578125,28200.255859375,21173.298828125,48870.87890625,38797.9375,44236.23828125,54633.73046875
186.75,47281.4140625,28998.30078125,28200.232421875,21173.21875,48872.875,38784.81640625,44236.23828125,54633.8203125
187.0,41291.3125,34985.08203125,32179.080078125,27166.513671875,38859.05859375,43793.94921875,45240.48828125,45627.3984375
187.25,41293.25390625,34985.51171875,32177.958984375,27169.373046875,38849.0390625,43799.453125,45236.16796875,45611.4453125
187.5,41293.29296875,34985.4921875,32177.982421875,27168.994140625,38854.55078125,43798.00390625,45238.328125,45620.93359375
187.75,41293.38671875,34985.4765625,32177.98046875,27169.0390625,38848.62890625,43796.78515625,45238.2734375,45621.6953125
188.0,41228.35546875,34950.3203125,32151.224609375,27131.68359375,38823.28515625,43754.9453125,45202.6640625,45562.89453125
188.25,41293.3125,34985.51171875,32177.94140625,27168.994140625,38860.37109375,43798.90234375,45238.33203125,45621.30859375
188.5,41293.37890625,34985.53125,32177.927734375,27168.943359375,38853.3984375,43797.60546875,45237.12890625,45621.20703125
188.75,41293.59765625,34985.53125,32177.931640625,27169.078125,38856.30859375,43785.39453125,45237.5390625,45621.3203125
189.0,37283.13671875,33985.04296875,44168.17578125,23183.80078125,34850.67578125,57803.3515625,32235.88671875,34616.7265625
189.25,37270.4296875,33984.3515625,44164.56640625,23182.1640625,34855.6875,57816.234375,32203.58984375,34598.8359375
189.5,37271.3203125,33984.35546875,44164.56640625,23182.12890625,34851.2265625,57819.375,32220.150390625,34593.2734375
189.75,37287.76171875,33984.33203125,44164.55859375,23182.111328125,34850.390625,57813.40234375,32221.02734375,34606.13671875
190.0,37287.546875,33984.36328125,44164.546875,23182.103515625,34845.30859375,57817.32421875,32221.517578125,34606.87109375
190.25,37287.609375,33984.38671875,44164.515625,23182.375,34852.6875,57813.08203125,32221.1796875,34606.38671875
190.5,37287.62109375,33984.3828125,44164.55859375,23182.12890625,34850.23046875,57815.06640625,32220.296875,34606.50390625
190.75,37287.76953125,33984.35546875,44164.5703125,23182.11328125,34851.15625,57812.91015625,32220.54296875,34606.65625
191.0,153331.890625,148842.5,108705.7109375,101716.1953125,141943.484375,225927.25,102776.4140625,144149.265625
191.25,153391.609375,148846.515625,108715.3203125,101699.4765625,141962.265625,225971.796875,103298.3828125,144741.125
191.5,153393.3125,148846.546875,108715.296875,101699.46875,141961.9375,225979.34375,103298.4375,144743.1875
191.75,153392.28125,148846.5625,108715.296875,101699.4453125,141978.421875,225970.984375,103298.6171875,144743.3125
192.0,153391.953125,148846.5625,108715.296875,101699.4921875,141968.9375,225972.390625,103301.3203125,144745.671875
192.25,153098.03125,148783.671875,108617.6796875,101510.0546875,141800.59375,225556.453125,103256.171875,144547.046875
192.5,153098.3125,148783.703125,108617.640625,101510.1953125,141803.25,225560.15625,103256.9765625,144545.546875
192.75,153391.828125,148846.5625,108715.265625,101699.5078125,141973.65625,225969.4375,103299.9765625,144693.84375
193.0,155398.671875,155057.3125,104311.7421875,100238.921875,142976.703125,221893.890625,107295.609375,152740.25
193.25,155393.421875,155057.28125,104311.9140625,100238.625,142972.765625,221970.5625,107302.578125,152750.9375
193.5,155394.296875,155057.28125,104311.9296875,100238.625,142975.078125,221970.96875,107301.4375,152751.34375
193.75,155391.1875,155057.28125,104311.953125,100238.6484375,142972.609375,221970.4375,107302.1953125,152750.65625
194.0,155392.359375,155057.265625,104311.9765625,100238.625,142974.890625,221969.328125,107303.7734375,152753.09375
194.25,155391.9375,155057.234375,104312.0,100238.6484375,142974.59375,221973.9375,107293.6796875,152747.046875
194.5,155391.625,155057.203125,104312.0,100238.640625,142975.875,221974.484375,107294.7109375,152748.765625
194.75,155095.75,154994.28125,104219.7734375,100052.515625,142798.484375,221567.71875,107260.609375,152548.296875
195.0,159396.875,162049.609375,108246.40625,94316.25,133929.1875,233976.875,104296.0546875,147741.34375
195.25,159394.28125,162049.34375,108247.5,94317.515625,133967.921875,233898.796875,104247.7265625,147697.71875
195.5,159394.171875,162049.3125,108247.53125,94317.5234375,133960.046875,233970.390625,104297.875,147743.890625
195.75,159396.234375,162049.3125,108247.546875,94317.546875,133960.640625,233980.484375,104301.015625,147745.953125
196.0,159392.46875,162049.265625,108247.5625,94317.5390625,133968.90625,233979.953125,104300.4296875,147745.875
196.25,159394.75,162049.25,108247.5546875,94317.5,133962.921875,233976.140625,104301.9140625,147748.640625
196.5,159393.171875,162049.265625,108247.546875,94317.4921875,133967.71875,233983.09375,104291.796875,147743.25
196.75,159090.421875,161986.96875,108150.6171875,94143.921875,133810.546875,233545.421875,104256.390625,147544.953125
197.0,155400.46875,166084.515625,97352.0859375,89301.0703125,136930.28125,224970.125,116305.6015625,139717.109375
197.25,155392.75,166084.796875,97350.5703125,89301.484375,136973.234375,224975.578125,116305.84375,139736.9375
197.5,155394.75,166084.765625,97350.5625,89301.4296875,136969.40625,224892.90625,116306.5625,139737.890625
197.75,155391.25,166084.734375,97350.5859375,89301.484375,136969.484375,224967.640625,116311.9609375,139740.484375
198.0,155370.5625,166084.71875,97350.5703125,89301.4609375,136965.15625,224976.09375,116299.96875,139709.6875
198.25,155370.3125,166084.734375,97350.578125,89301.453125,136973.328125,224975.671875,116301.1328125,139710.5625
198.5,155391.015625,166084.75,97350.5703125,89301.421875,136970.78125,224972.25,116305.4765625,139739.390625
198.75,155392.828125,166084.734375,97350.6015625,89301.4765625,136969.375,224972.546875,116306.8359375,139738.734375
199.0,156390.828125,167127.671875,96277.421875,93245.5,136959.796875,235981.296875,107326.9765625,145751.796875
199.25,156393.671875,167127.796875,96277.203125,93244.6328125,136933.625,235974.984375,107300.65625,145742.21875
199.5,156392.875,167127.78125,96277.2109375,93244.609375,136928.859375,235983.875,107301.5078125,145745.015625
199.75,156393.9375,167127.765625,96277.203125,93244.609375,136970.296875,235908.328125,107301.796875,145744.5625
200.0,156391.453125,167127.78125,96277.1953125,93244.578125,136967.625,235978.9375,107298.3125,145745.140625
200.25,156392.078125,167127.78125,96277.203125,93244.609375,136965.8125,235983.734375,107298.890625,145714.71875
200.5,156371.375,167127.78125,96277.21875,93244.6171875,136962.359375,235977.921875,107303.109375,145693.375
200.75,156392.40625,167127.734375,96277.25,93244.6640625,136964.453125,235981.453125,107303.3125,145745.03125
201.0,152390.609375,167141.515625,98256.0859375,96254.609375,144971.0625,235981.140625,102310.953125,148752.40625
201.25,152100.265625,167079.625,98171.1484375,96076.2578125,144839.09375,235541.734375,102255.09375,148544.546875
201.5,152391.5625,167141.625,98256.1875,96253.9609375,144941.671875,235977.53125,102298.0078125,148746.171875
201.75,152391.28125,167141.625,98256.1875,96253.9375,144972.28125,235982.125,102298.4609375,148747.078125
202.0,152391.203125,167141.640625,98256.203125,96253.9609375,144971.15625,235980.3125,102298.484375,148747.796875
202.25,152388.75,167141.59375,98256.2421875,96253.9765625,144972.625,235977.046875,102299.9375,148716.359375
202.5,152389.109375,167141.578125,98256.265625,96254.0,144969.015625,235980.6875,102299.8125,148695.953125
202.75,152331.453125,167141.546875,98256.265625,96253.96875,144973.546875,235980.046875,102296.1796875,148747.40625
203.0,143379.1875,153298.625,106213.0234375,107198.46875,152976.5625,236980.265625,96320.0859375,141775.796875
203.25,143329.609375,153299.734375,106213.2578125,107196.4921875,152980.125,236982.046875,96286.125,141738.453125
203.5,143113.171875,153236.515625,106118.765625,106995.7890625,152838.578125,236538.4375,96251.78125,141549.734375
203.75,143387.46875,153299.8125,106213.1875,107196.5546875,152941.359375,236981.5625,96294.4453125,141740.109375
204.0,143386.390625,153299.796875,106213.2109375,107196.5625,152971.015625,236981.0625,96245.6953125,141693.78125
204.25,143386.421875,153299.765625,106213.2265625,107196.5546875,152982.53125,236896.734375,96289.40625,141738.625
204.5,143386.625,153299.75,106213.2265625,107196.5546875,152979.859375,236931.421875,96295.0390625,141739.71875
204.75,143386.765625,153299.75,106213.2265625,107196.5546875,152977.421875,236981.515625,96292.9140625,141741.015625
205.0,148386.015625,163012.6875,99324.90625,106293.1796875,153975.859375,227974.984375,98294.4296875,144751.546875
205.25,148369.265625,163013.875,99325.078125,106293.5625,153978.5625,227981.078125,98294.7890625,144743.0
205.5,148387.34375,163013.859375,99325.0859375,106293.609375,153980.96875,227978.0,98303.5703125,144748.375
205.75,148389.453125,163013.90625,99325.0234375,106293.625,153946.21875,227969.90625,98295.09375,144742.34375
206.0,148389.34375,163013.875,99325.0390625,106293.6171875,153977.984375,227968.0,98295.984375,144745.875
206.25,148388.65625,163013.875,99325.03125,106293.6796875,153984.390625,227900.921875,98243.3203125,144714.5625
206.5,148388.921875,163013.890625,99325.0390625,106293.6171875,153983.890625,227921.515625,98290.9609375,144741.390625
206.75,148390.828125,163013.875,99325.015625,106293.609375,153989.421875,227973.578125,98296.0390625,144744.46875
207.0,50353.0390625,58450.66015625,23303.705078125,26337.048828125,59881.42578125,61833.6015625,35028.3203125,50161.93359375
207.25,50305.81640625,58459.03515625,23302.482421875,26332.349609375,59887.40625,61823.9765625,35223.53515625,49626.78125
207.5,50305.66796875,58459.03125,23302.478515625,26332.484375,59883.9609375,61825.05859375,35225.44140625,49627.39453125
207.75,50305.61328125,58459.01171875,23302.466796875,26332.373046875,59876.15625,61818.92578125,35225.109375,49627.296875
208.0,50222.58203125,58407.5546875,23281.994140625,26296.142578125,59826.453125,61745.4609375,35193.61328125,49562.453125
208.25,50305.40625,58459.0625,23302.4453125,26332.236328125,59883.96484375,61820.25,35225.9921875,49616.84375
208.5,50305.4765625,58459.078125,23302.431640625,26332.275390625,59887.2890625,61819.90234375,35225.2109375,49626.44140625
208.75,50305.90625,58459.05859375,23302.466796875,26332.630859375,59889.046875,61802.24609375,35225.58203125,49627.32421875
209.0,45282.03125,61027.17578125,21163.5078125,25180.05078125,61885.14453125,59820.34375,41236.76953125,40607.6796875
209.25,45298.734375,61026.50390625,21163.611328125,25180.0625,61885.81640625,59818.94921875,41232.875,40614.4140625
209.5,45298.7109375,61026.49609375,21163.611328125,25180.091796875,61888.9296875,59820.5390625,41232.6640625,40614.58203125
209.75,45298.90625,61026.5234375,21163.59375,25180.05078125,61883.52734375,59821.80859375,41211.359375,40614.87890625
210.0,45298.9140625,61026.55078125,21163.587890625,25180.2421875,61870.58203125,59813.55078125,41232.58203125,40614.73046875
210.25,45225.9453125,60973.92578125,21144.734375,25145.82421875,61819.69140625,59744.83984375,41197.921875,40562.75390625
210.5,45298.9609375,61026.56640625,21163.62109375,25180.138671875,61888.296875,59820.3125,41233.4296875,40615.69921875
210.75,45299.2890625,61026.55078125,21163.626953125,25180.1484375,61890.80859375,59800.41796875,41233.19140625,40599.3046875
211.0,50307.83984375,62035.23828125,23170.830078125,24178.419921875,55879.93359375,62818.62890625,37228.46484375,47618.00390625
211.25,50300.16796875,62035.3359375,23170.642578125,24178.375,55876.78125,62822.56640625,37228.4453125,47623.49609375
211.5,50283.07421875,62035.3515625,23170.611328125,24178.224609375,55879.4609375,62824.76953125,37227.34375,47623.69140625
211.75,50305.296875,62035.3515625,23170.61328125,24178.728515625,55881.06640625,62828.64453125,37208.23046875,47623.84375
212.0,50305.5078125,62035.36328125,23170.62109375,24178.462890625,55875.08203125,62828.07421875,37226.75390625,47624.0625
212.25,50305.52734375,62035.34375,23170.634765625,24178.306640625,55865.60546875,62818.6015625,37227.3828125,47623.95703125
212.5,50222.55078125,61982.21875,23150.28515625,24145.837890625,55820.44140625,62739.40625,37195.234375,47562.57421875
212.75,50305.77734375,62035.3359375,23170.623046875,24178.69140625,55878.203125,62823.25,37225.96875,47614.96875
213.0,51307.953125,58052.23046875,23173.876953125,22164.94140625,56880.71875,60823.3125,38230.27734375,46602.51171875
213.25,51307.42578125,58051.80078125,23173.919921875,22165.0,56882.6484375,60797.40625,38229.390625,46623.40625
213.5,51283.76953125,58051.77734375,23173.92578125,22165.109375,56876.4140625,60818.8984375,38229.15234375,46622.68359375
213.75,51305.9765625,58051.7734375,23173.9453125,22164.8515625,56876.89453125,60822.3828125,38229.2421875,46622.59375
214.0,51307.00390625,58051.76171875,23173.935546875,22165.291015625,56883.2734375,60822.87109375,38228.8125,46622.97265625
214.25,51306.8828125,58051.73046875,23173.955078125,22164.99609375,56874.8203125,60825.3984375,38229.48828125,46622.71875
214.5,51306.9609375,58051.7109375,23173.927734375,22165.013671875,56864.16015625,60820.90234375,38229.48046875,46622.6015625
214.75,51306.953125,58051.7734375,23173.923828125,22165.181640625,56820.265625,60818.30078125,38230.0703125,46623.70703125
215.0,50304.31640625,56039.859375,19174.416015625,24172.423828125,59882.8125,52812.3515625,45244.2421875,43616.2578125
215.25,50305.72265625,56039.96484375,19174.26953125,24172.59765625,59886.6171875,52808.07421875,45235.8359375,43611.95703125
215.5,50306.140625,56039.94921875,19174.283203125,24172.615234375,59884.14453125,52804.84765625,45239.39453125,43618.1328125
215.75,50284.32421875,56039.921875,19174.302734375,24172.587890625,59883.14453125,52810.73046875,45237.6953125,43619.0703125
216.0,50305.41796875,56039.90625,19174.3046875,24172.546875,59885.14453125,52814.61328125,45238.2734375,43618.59765625
216.25,50305.73828125,56039.87890625,19174.29296875,24172.4609375,59882.67578125,52813.27734375,45238.05078125,43618.875
216.5,50305.375,56039.8984375,19174.28515625,24172.517578125,59887.92578125,52812.3046875,45214.515625,43618.609375
216.75,50222.48828125,55989.94140625,19156.91015625,24139.9140625,59837.89453125,52747.125,45201.26171875,43562.36328125
217.0,44229.50390625,51995.359375,28139.052734375,30129.681640625,53819.5078125,64743.7578125,44204.1640625,38553.6484375
217.25,44297.5234375,52042.46875,28162.37109375,30171.994140625,53874.953125,64826.69921875,44238.4140625,38604.546875
217.5,44297.42578125,52042.41796875,28162.37109375,30172.017578125,53874.515625,64825.01171875,44237.3515625,38610.87109375
217.75,44298.17578125,52042.41796875,28162.3671875,30172.26953125,53885.66015625,64809.69921875,44236.68359375,38611.99609375
218.0,44297.3671875,52042.42578125,28162.3671875,30172.03515625,53878.953125,64823.4453125,44236.40625,38611.44140625
218.25,44297.22265625,52042.45703125,28162.3515625,30171.93359375,53879.12890625,64831.01953125,44236.72265625,38612.00390625
218.5,44297.796875,52042.47265625,28162.35546875,30172.33984375,53875.625,64826.05859375,44213.6171875,38612.58984375
218.75,44297.6953125,52042.453125,28162.3828125,30172.12890625,53863.80078125,64832.53515625,44235.375,38611.88671875
219.0,47303.5625,52025.90234375,27181.76171875,32183.572265625,49856.5859375,65827.6171875,43236.69140625,41615.09375
219.25,47301.69140625,52025.88671875,27181.92578125,32183.61328125,49871.6640625,65828.484375,43235.46484375,41616.49609375
219.5,47301.80078125,52025.87109375,27181.935546875,32183.611328125,49870.4453125,65830.3125,43235.734375,41607.59375
219.75,47301.42578125,52025.90234375,27181.90234375,32183.58203125,49878.6015625,65829.484375,43236.1171875,41614.71875
220.0,47301.87109375,52025.91796875,27181.896484375,32183.646484375,49866.55859375,65819.4140625,43235.1171875,41615.22265625
220.25,47302.28515625,52025.9140625,27181.904296875,32183.6484375,49875.5078125,65812.0234375,43235.1796875,41615.8359375
220.5,47297.07421875,52025.8984375,27181.931640625,32183.76953125,49869.88671875,65829.3046875,43235.5859375,41615.9296875
220.75,47301.3984375,52025.87890625,27181.935546875,32183.634765625,49866.06640625,65827.890625,43212.96875,41615.68359375
221.0,44298.51953125,56014.0859375,26180.521484375,34186.4765625,53878.28515625,66829.78125,37209.44140625,40611.8515625
221.25,44297.58984375,56014.671875,26180.57421875,34186.69921875,53860.53515625,66829.171875,37228.05078125,40614.23046875
221.5,44297.74609375,56014.7265625,26180.5546875,34186.65234375,53874.53125,66831.3125,37227.5859375,40615.22265625
221.75,44297.35546875,56014.734375,26180.55859375,34186.45703125,53880.125,66829.2890625,37229.375,40614.6328125
222.0,44297.51953125,56014.734375,26180.548828125,34186.77734375,53870.16796875,66825.5625,37225.87890625,40598.59375
222.25,44297.46875,56014.7109375,26180.55859375,34186.6171875,53879.0234375,66806.5546875,37227.55078125,40614.34375
222.5,44298.125,56014.7109375,26180.578125,34186.66796875,53867.46484375,66816.4296875,37227.16015625,40614.32421875
222.75,44278.19921875,56014.65625,26180.568359375,34186.5234375,53863.40234375,66824.1171875,37227.77734375,40615.20703125
223.0,48301.3828125,55033.97265625,25178.671875,30194.482421875,55871.5234375,60825.1953125,39229.09765625,44619.0546875
223.25,48302.9453125,55033.8125,25178.681640625,30194.439453125,55874.359375,60823.4296875,39228.8828125,44620.109375
223.5,48303.00390625,55033.83984375,25178.703125,30194.4609375,55869.6015625,60813.8828125,39230.16796875,44620.03125
223.75,48303.1640625,55033.85546875,25178.720703125,30194.859375,55875.0234375,60818.4765625,39230.58984375,44611.0625
224.0,48302.71484375,55033.85546875,25178.720703125,30194.48828125,55883.4375,60819.921875,39231.40625,44613.296875
224.25,48302.96484375,55033.8125,25178.736328125,30194.5703125,55877.98828125,60815.64453125,39231.44140625,44620.21484375
224.5,48302.9453125,55033.79296875,25178.720703125,30194.62109375,55883.8125,60796.30859375,39228.79296875,44619.72265625
224.75,48298.859375,55033.81640625,25178.703125,30194.53125,55882.984375,60821.47265625,39230.06640625,44619.796875
225.0,52303.26953125,57990.19921875,24177.35546875,29185.998046875,57879.90234375,56819.65625,36226.46484375,43619.578125
225.25,52308.2265625,57990.69140625,24177.41015625,29186.369140625,57878.609375,56815.578125,36207.4296875,43619.10546875
225.5,52308.18359375,57990.71484375,24177.427734375,29186.234375,57880.3046875,56815.91796875,36207.265625,43618.73828125
225.75,52308.265625,57990.6796875,24177.44140625,29186.388671875,57863.546875,56816.53515625,36226.890625,43618.6484375
226.0,52308.453125,57990.68359375,24177.423828125,29186.25,57887.95703125,56810.94140625,36226.484375,43610.0078125
226.25,52307.94140625,57990.69140625,24177.412109375,29186.30859375,57870.8203125,56812.83984375,36227.4296875,43612.1875
226.5,52308.1796875,57990.71484375,24177.404296875,29186.2109375,57890.58984375,56796.4765625,36227.63671875,43618.93359375
226.75,52308.1953125,57990.73046875,24177.390625,29186.236328125,57882.37890625,56794.76171875,36225.01171875,43618.4140625
227.0,51302.6875,58034.25,26161.009765625,29184.12890625,54881.953125,60818.67578125,37226.65234375,41614.03125
227.25,51284.80078125,58034.31640625,26160.783203125,29183.51171875,54884.8359375,60822.3203125,37227.40234375,41615.9140625
227.5,51306.859375,58034.28515625,26160.751953125,29183.875,54877.91015625,60820.0703125,37208.234375,41615.7109375
227.75,51306.921875,58034.28515625,26160.751953125,29183.98828125,54876.15625,60823.76171875,37207.98046875,41616.09765625
228.0,51306.9453125,58034.2734375,26160.736328125,29184.05078125,54861.62109375,60824.4921875,37228.17578125,41615.91796875
228.25,51307.078125,58034.33203125,26160.71875,29184.00390625,54877.53515625,60815.75,37227.7890625,41609.15234375
228.5,51306.53515625,58034.33203125,26160.6953125,29184.015625,54879.390625,60822.75390625,37228.84765625,41609.7734375
228.75,51306.890625,58034.328125,26160.734375,29183.9921875,54885.9765625,60796.71875,37228.93359375,41616.26953125
229.0,52310.63671875,56040.4140625,26178.25390625,30183.36328125,54876.50390625,63819.07421875,31221.037109375,45616.015625
229.25,52308.84765625,56040.01171875,26178.353515625,30183.05078125,54881.68359375,63827.72265625,31219.263671875,45621.2890625
229.5,52284.40234375,56040.02734375,26178.337890625,30183.21484375,54873.74609375,63823.12890625,31219.62109375,45620.87890625
229.75,52307.6015625,56040.046875,26178.328125,30183.0546875,54875.54296875,63825.11328125,31218.685546875,45621.1875
230.0,52308.26953125,56040.0546875,26178.3203125,30183.06640625,54872.671875,63822.15625,31218.609375,45621.2890625
230.25,52308.140625,56040.08203125,26178.322265625,30183.20703125,54879.0,63821.55078125,31220.05078125,45621.46484375
230.5,52307.984375,56040.07421875,26178.337890625,30183.091796875,54870.48046875,63819.296875,31220.67578125,45612.49609375
230.75,52307.97265625,56040.0546875,26178.353515625,30183.12890625,54875.0,63824.01171875,31220.84765625,45621.04296875
231.0,54311.91015625,57028.5703125,27177.986328125,30169.884765625,55878.546875,64824.50390625,30218.6640625,46624.31640625
231.25,54310.765625,57028.74609375,27177.853515625,30169.623046875,55880.484375,64800.28515625,30217.763671875,46622.7265625
231.5,54310.72265625,57028.734375,27177.818359375,30169.666015625,55876.08984375,64807.5078125,30218.720703125,46622.32421875
231.75,54304.1328125,57028.76171875,27177.828125,30169.7265625,55884.73828125,64822.0078125,30218.359375,46622.23046875
232.0,54310.38671875,57028.74609375,27177.849609375,30169.484375,55877.35546875,64820.85546875,30217.1171875,46622.453125
232.25,54310.78125,57028.75,27177.859375,30169.6796875,55876.7265625,64831.51171875,30217.439453125,46622.83203125
232.5,54310.828125,57028.73828125,27177.86328125,30169.666015625,55856.52734375,64831.02734375,30218.029296875,46622.84765625
232.75,54310.421875,57028.71875,27177.8515625,30169.93359375,55880.703125,64825.04296875,30219.26953125,46615.61328125
233.0,51305.61328125,60023.9375,25180.626953125,31184.40625,48873.1328125,73837.859375,29215.38671875,41602.0859375
233.25,51306.58203125,60023.515625,25180.849609375,31184.669921875,48873.90625,73815.4296875,29217.708984375,41616.09375
233.5,51306.71484375,60023.5234375,25180.853515625,31184.83203125,48871.62109375,73813.5703125,29215.71484375,41615.9140625
233.75,51307.4140625,60023.5078125,25180.87109375,31184.732421875,48868.3359375,73834.5078125,29216.669921875,41615.84765625
234.0,51283.95703125,60023.484375,25180.8828125,31184.65234375,48868.6015625,73844.015625,29217.029296875,41616.0546875
234.25,51306.921875,60023.47265625,25180.888671875,31184.5234375,48865.72265625,73836.375,29215.943359375,41616.1328125
234.5,51306.7734375,60023.4609375,25180.875,31184.685546875,48873.8359375,73837.953125,29217.6015625,41615.9453125
234.75,51306.8203125,60023.5,25180.873046875,31184.869140625,48855.36328125,73838.578125,29217.150390625,41616.08203125
235.0,30254.7109375,30056.134765625,11166.9619140625,12176.677734375,24828.27734375,30774.318359375,15130.822265625,21397.78515625
235.25,30277.765625,30060.185546875,11169.037109375,12176.177734375,24833.466796875,30779.865234375,15198.5390625,21590.177734375
235.5,30263.763671875,30060.158203125,11169.0634765625,12176.4072265625,24842.630859375,30787.806640625,15198.029296875,21589.775390625
235.75,30264.423828125,30060.16796875,11169.0537109375,12176.3857421875,24840.384765625,30781.79296875,15198.693359375,21590.29296875
236.0,30277.310546875,30060.13671875,11169.0615234375,12176.1767578125,24843.81640625,30761.171875,15198.10546875,21590.220703125
236.25,30277.537109375,30060.134765625,11169.0390625,12176.1083984375,24841.150390625,30779.759765625,15198.6376953125,21590.359375
236.5,30277.568359375,30060.158203125,11169.0205078125,12175.9833984375,24832.80078125,30781.794921875,15198.28125,21590.3359375
236.75,30277.3203125,30060.16796875,11169.01171875,12176.095703125,24831.78515625,30783.15625,15198.7890625,21585.634765625
237.0,22265.392578125,27995.650390625,14159.0732421875,17160.138671875,25837.6875,29781.16796875,22209.484375,15573.662109375
237.25,22236.33203125,27966.28125,14145.3603515625,17138.314453125,25814.80078125,29749.056640625,22184.990234375,15565.435546875
237.5,22266.759765625,27995.22265625,14158.7255859375,17159.859375,25840.642578125,29781.23828125,22206.931640625,15583.58203125
237.75,22266.951171875,27995.2109375,14158.71875,17160.064453125,25840.27734375,29774.78125,22207.29296875,15583.46484375
238.0,22257.015625,27995.228515625,14158.7177734375,17159.89453125,25837.28515625,29775.373046875,22205.97265625,15583.8046875
238.25,22266.546875,27995.251953125,14158.69921875,17159.93359375,25834.724609375,29774.001953125,22195.279296875,15583.6640625
238.5,22266.4765625,27995.263671875,14158.681640625,17159.74609375,25846.2578125,29785.35546875,22195.263671875,15583.16015625
238.75,22266.580078125,27995.25390625,14158.71484375,17160.0703125,25838.580078125,29776.439453125,22206.6875,15583.7294921875
239.0,23267.8359375,30987.3125,13161.48046875,15165.7255859375,26838.63671875,28781.9140625,20203.9375,15584.2919921875
239.25,23267.794921875,30987.806640625,13161.5341796875,15165.7490234375,26831.013671875,28775.97265625,20205.48828125,15583.54296875
239.5,23267.94140625,30987.8359375,13161.53515625,15166.0048828125,26842.123046875,28778.109375,20204.310546875,15583.7666015625
239.75,23268.208984375,30987.841796875,13161.5009765625,15165.7119140625,26844.552734375,28778.8125,20204.607421875,15583.7880859375
240.0,23268.1875,30987.849609375,13161.5048828125,15165.7822265625,26845.1171875,28780.75390625,20204.794921875,15583.458984375
240.25,23267.69921875,30987.845703125,13161.521484375,15165.8798828125,26836.294921875,28775.345703125,20193.599609375,15583.2548828125
240.5,23267.728515625,30987.849609375,13161.541015625,15165.783203125,26840.859375,28766.962890625,20203.896484375,15583.5859375
240.75,23267.84765625,30987.818359375,13161.5517578125,15165.796875,26843.26953125,28776.525390625,20204.740234375,15583.453125
241.0,19260.919921875,31993.970703125,12160.0703125,14163.1640625,25839.013671875,33789.9609375,23209.3828125,12583.87890625
241.25,19262.4140625,31993.83984375,12160.1669921875,14163.2216796875,25844.228515625,33787.828125,23208.83203125,12576.5166015625
241.5,19262.326171875,31993.85546875,12160.1572265625,14163.119140625,25830.802734375,33788.5234375,23208.708984375,12578.37109375
241.75,19262.466796875,31993.88671875,12160.130859375,14163.2197265625,25842.595703125,33782.4921875,23207.4296875,12580.099609375
242.0,19262.3125,31993.900390625,12160.15625,14163.1767578125,25837.60546875,33788.69921875,23207.986328125,12579.7041015625
242.25,19254.85546875,31993.86328125,12160.16796875,14163.1171875,25846.2734375,33787.17578125,23206.93359375,12579.8359375
242.5,19262.5390625,31993.8515625,12160.1748046875,14163.478515625,25840.5546875,33775.44140625,23207.716796875,12580.162109375
242.75,19262.220703125,31993.828125,12160.166015625,14163.146484375,25836.873046875,33768.59375,23207.509765625,12580.21875
243.0,20265.033203125,32977.80859375,14160.0654296875,12161.3662109375,27837.03515625,34788.28515625,16195.197265625,10570.271484375
243.25,20263.779296875,32978.01953125,14159.669921875,12161.75390625,27846.1171875,34782.85546875,16199.2685546875,10578.33984375
243.5,20263.685546875,32978.03515625,14159.6962890625,12161.13671875,27840.970703125,34787.625,16199.5615234375,10573.6484375
243.75,20263.48828125,32978.02734375,14159.70703125,12161.173828125,27836.962890625,34786.36328125,16199.7060546875,10576.9873046875
244.0,20236.9375,32944.57421875,14146.3515625,12146.63671875,27817.1015625,34741.62109375,16183.55859375,10565.6767578125
244.25,20263.841796875,32978.0078125,14159.720703125,12161.333984375,27844.21875,34786.921875,16199.5888671875,10577.7998046875
244.5,20261.87109375,32977.984375,14159.7021484375,12161.36328125,27838.947265625,34777.73828125,16198.275390625,10577.8271484375
244.75,20263.640625,32978.00390625,14159.6923828125,12161.2822265625,27843.58984375,34776.703125,16199.4609375,10577.9033203125
245.0,22267.927734375,31998.986328125,12154.2939453125,16160.0283203125,25836.046875,33772.78125,18200.3984375,12583.8857421875
245.25,22266.349609375,31998.802734375,12154.7109375,16160.1845703125,25838.7109375,33783.4296875,18202.357421875,12580.140625
245.5,22266.53125,31998.80859375,12154.71875,16160.06640625,25843.330078125,33783.91015625,18201.673828125,12580.2265625
245.75,22266.369140625,31998.779296875,12154.7294921875,16159.9306640625,25841.44921875,33787.4453125,18202.263671875,12578.6376953125
246.0,22266.20703125,31998.775390625,12154.732421875,16159.853515625,25825.701171875,33785.5078125,18202.001953125,12575.2568359375
246.25,22266.57421875,31998.794921875,12154.724609375,16160.0751953125,25833.0859375,33780.9140625,18201.73828125,12580.4755859375
246.5,22266.3125,31998.8203125,12154.705078125,16159.9970703125,25842.84375,33785.08203125,18201.92578125,12580.0166015625
246.75,22264.482421875,31998.83984375,12154.6943359375,16159.9990234375,25837.7421875,33788.4375,18200.8203125,12580.1328125
247.0,15249.134765625,34992.5390625,14160.0869140625,18165.091796875,26847.720703125,37789.6640625,15200.5048828125,4564.1240234375
247.25,15257.2939453125,34993.0625,14159.796875,18165.501953125,26849.041015625,37778.43359375,15198.205078125,4571.986328125
247.5,15257.384765625,34993.015625,14159.8046875,18165.04296875,26842.189453125,37789.7890625,15197.248046875,4572.15869140625
247.75,15257.3583984375,34992.99609375,14159.810546875,18165.03515625,26839.580078125,37786.30859375,15197.66796875,4572.296875
248.0,15257.38671875,34993.015625,14159.77734375,18165.2421875,26850.66015625,37790.9296875,15198.2041015625,4569.95556640625
248.25,15257.1181640625,34993.04296875,14159.767578125,18165.09765625,26839.69921875,37784.703125,15198.2392578125,4571.02490234375
248.5,15238.2001953125,34957.87109375,14146.4052734375,18141.40234375,26811.337890625,37745.94921875,15183.220703125,4566.8427734375
248.75,15255.8837890625,34993.04296875,14159.810546875,18165.255859375,26842.74609375,37791.5859375,15198.044921875,4571.986328125
249.0,19263.4375,33003.03515625,13161.302734375,17158.57421875,27843.828125,32784.08984375,17198.197265625,8579.2724609375
249.25,19259.91015625,33002.6796875,13161.490234375,17158.45703125,27839.71484375,32777.4375,17199.65625,8575.7939453125
249.5,19262.470703125,33002.64453125,13161.478515625,17158.552734375,27844.375,32778.90234375,17199.53125,8575.853515625
249.75,19262.408203125,33002.67578125,13161.4697265625,17158.51171875,27843.880859375,32783.91796875,17201.0390625,8576.0595703125
250.0,19262.439453125,33002.68359375,13161.4501953125,17158.41796875,27841.1953125,32782.96875,17200.203125,8576.30078125
250.25,19262.44921875,33002.6953125,13161.4599609375,17158.783203125,27842.501953125,32784.4296875,17200.63671875,8573.654296875
250.5,19262.1484375,33002.6796875,13161.4775390625,17158.474609375,27833.234375,32783.1953125,17200.8671875,8575.00390625
250.75,19262.509765625,33002.6796875,13161.482421875,17158.4765625,27838.23046875,32782.203125,17199.833984375,8576.244140625
251.0,17258.845703125,31998.890625,14160.921875,15166.0009765625,28843.705078125,31785.34765625,20203.064453125,8576.8916015625
251.25,17258.3828125,31998.732421875,14160.728515625,15165.7666015625,28848.29296875,31782.18359375,20203.220703125,8575.8740234375
251.5,17252.625,31998.734375,14160.716796875,15165.7158203125,28846.955078125,31775.94921875,20203.556640625,8576.30859375
251.75,17259.810546875,31998.75390625,14160.6982421875,15165.7197265625,28840.15625,31777.947265625,20193.841796875,8576.3056640625
252.0,17259.88671875,31998.7578125,14160.7294921875,15165.6240234375,28844.6875,31781.396484375,20203.298828125,8576.205078125
252.25,17259.919921875,31998.740234375,14160.744140625,15165.62109375,28848.861328125,31787.876953125,20204.8671875,8576.3095703125
252.5,17259.83984375,31998.71875,14160.7509765625,15165.7685546875,28846.41796875,31781.2265625,20204.5390625,8572.203125
252.75,17259.68359375,31998.69921875,14160.7314453125,15165.9267578125,28842.1640625,31780.361328125,20204.369140625,8574.8271484375
253.0,18260.59375,31996.185546875,15162.2060546875,11161.4111328125,34847.9609375,27779.9921875,18204.603515625,11585.359375
253.25,18261.3203125,31996.26171875,15161.9169921875,11161.345703125,34848.65234375,27776.33984375,18201.697265625,11578.9873046875
253.5,18261.5703125,31996.263671875,15161.9150390625,11161.4775390625,34856.12109375,27775.16015625,18202.244140625,11579.19921875
253.75,18261.212890625,31996.2578125,15161.9365234375,11161.484375,34854.44921875,27768.7578125,18201.3984375,11579.0927734375
254.0,18261.185546875,31996.232421875,15161.962890625,11161.5234375,34854.57421875,27772.455078125,18192.291015625,11579.328125
254.25,18261.216796875,31996.228515625,15161.9521484375,11161.578125,34854.63671875,27779.84765625,18200.712890625,11578.841796875
254.5,18261.19921875,31996.205078125,15161.9541015625,11161.54296875,34845.15625,27777.609375,18202.193359375,11579.1806640625
254.75,18261.0546875,31996.25390625,15161.9306640625,11161.4794921875,34849.23046875,27778.55078125,18202.267578125,11576.0703125
255.0,21265.115234375,29997.771484375,12162.3603515625,13158.814453125,35846.9921875,24767.966796875,18199.58984375,12577.5419921875
255.25,21236.564453125,29967.146484375,12150.275390625,13142.9189453125,35822.3046875,24746.2109375,18183.658203125,12565.9228515625
255.5,21265.296875,29997.97265625,12161.986328125,13158.8486328125,35851.2890625,24768.009765625,18201.35546875,12580.376953125
255.75,21263.259765625,29997.9375,12161.98046875,13158.76953125,35851.0234375,24767.078125,18200.787109375,12580.1787109375
256.0,21265.21484375,29997.9296875,12161.9970703125,13158.7314453125,35856.8515625,24767.92578125,18201.5234375,12580.3486328125
256.25,21265.07421875,29997.9140625,12161.9814453125,13158.751953125,35853.32421875,24772.01171875,18192.3515625,12579.744140625
256.5,21265.203125,29997.9375,12161.9755859375,13158.732421875,35856.3671875,24773.484375,18200.779296875,12580.3662109375
256.75,21265.181640625,29997.95703125,12161.958984375,13158.728515625,35851.11328125,24773.9375,18201.705078125,12580.294921875
257.0,20264.265625,29993.4609375,18158.16015625,10159.390625,36860.08203125,29776.076171875,15192.830078125,15577.486328125
257.25,20263.6640625,29993.5859375,18158.98046875,10159.267578125,36840.4609375,29778.2578125,15198.06640625,15583.2177734375
257.5,20236.615234375,29962.779296875,18142.404296875,10147.1845703125,36820.8046875,29744.560546875,15181.1982421875,15565.5712890625
257.75,20263.638671875,29993.5390625,18158.974609375,10159.443359375,36857.89453125,29772.685546875,15198.181640625,15583.2392578125
258.0,20264.146484375,29993.552734375,18158.958984375,10159.1943359375,36849.9296875,29777.98828125,15198.150390625,15583.7958984375
258.25,20262.685546875,29993.580078125,18158.955078125,10159.24609375,36859.71875,29768.119140625,15190.1572265625,15582.951171875
258.5,20263.62109375,29993.58203125,18158.931640625,10159.33984375,36850.328125,29768.802734375,15189.8935546875,15583.37109375
258.75,20263.802734375,29993.58203125,18158.953125,10159.4775390625,36854.8515625,29778.720703125,15198.8076171875,15583.189453125
259.0,23271.36328125,27995.16015625,18167.09765625,12157.7412109375,26840.1484375,35790.70703125,16202.884765625,12571.86328125
259.25,23267.75,27994.83984375,18167.181640625,12157.6015625,26841.16015625,35786.20703125,16199.7802734375,12578.4052734375
259.5,23267.9609375,27994.830078125,18167.173828125,12157.638671875,26826.783203125,35790.15234375,16200.4052734375,12580.3203125
259.75,23235.7890625,27965.89453125,18150.578125,12142.904296875,26816.736328125,35743.93359375,16182.6201171875,12565.1064453125
260.0,23267.912109375,27994.890625,18167.14453125,12157.609375,26844.99609375,35785.12890625,16199.4482421875,12580.16796875
260.25,23267.982421875,27994.908203125,18167.15625,12157.6044921875,26839.115234375,35786.14453125,16199.169921875,12580.13671875
260.5,23264.810546875,27994.890625,18167.177734375,12157.80859375,26848.09375,35780.91015625,16198.5,12579.921875
260.75,23267.828125,27994.8671875,18167.19140625,12157.654296875,26835.72265625,35783.0390625,16197.984375,12580.392578125
261.0,21267.07421875,26976.837890625,23164.671875,9157.806640625,19832.423828125,42799.11328125,16196.8017578125,10579.3974609375
261.25,21265.28515625,26977.0390625,23165.35546875,9157.744140625,19833.400390625,42800.046875,16199.07421875,10578.556640625
261.5,21265.03125,26977.05859375,23165.337890625,9157.7451171875,19832.04296875,42794.90234375,16199.69140625,10576.6767578125
261.75,21265.064453125,26977.078125,23165.322265625,9157.5078125,19827.697265625,42790.8828125,16200.1015625,10578.517578125
262.0,21264.916015625,26977.09765625,23165.33984375,9157.51171875,19838.13671875,42794.44921875,16198.78125,10577.470703125
262.25,21265.06640625,26977.0859375,23165.361328125,9157.7509765625,19832.14453125,42792.44140625,16199.18359375,10577.931640625
262.5,21265.357421875,26977.0625,23165.3515625,9157.84375,19839.216796875,42793.26171875,16199.41796875,10578.0068359375
262.75,21255.53125,26977.056640625,23165.349609375,9157.8193359375,19835.109375,42792.92578125,16198.638671875,10577.50390625
263.0,3220.9033203125,3963.58740234375,10162.6240234375,-2860.024658203125,3820.870361328125,7751.58837890625,4131.13134765625,-8384.373046875
263.25,3243.252685546875,3966.297119140625,10160.8408203125,-2859.98974609375,3817.916015625,7754.4638671875,4185.427734375,-8439.3525390625
263.5,3243.640380859375,3966.30029296875,10160.826171875,-2860.256591796875,3814.171630859375,7756.4658203125,4185.56982421875,-8439.6845703125
263.75,3243.613525390625,3966.310302734375,10160.85546875,-2860.01708984375,3818.763671875,7751.15966796875,4184.7509765625,-8436.703125
264.0,3243.36962890625,3966.280029296875,10160.859375,-2860.179443359375,3813.770751953125,7749.49755859375,4184.30126953125,-8436.708984375
264.25,3243.41162109375,3966.271240234375,10160.8662109375,-2860.028564453125,3819.63330078125,7752.2529296875,4185.81591796875,-8438.55078125
264.5,3242.527099609375,3966.252197265625,10160.853515625,-2860.0556640625,3818.784912109375,7754.81103515625,4185.36376953125,-8439.1015625
264.75,3243.125732421875,3966.283935546875,10160.8427734375,-2860.119384765625,3821.965576171875,7752.21533203125,4182.849609375,-8439.994140625
265.0,1239.42626953125,4960.20458984375,9156.0185546875,-2857.61865234375,5813.5029296875,5751.01318359375,5182.11572265625,-8437.052734375
265.25,1241.78369140625,4960.32080078125,9156.201171875,-2857.62744140625,5819.94287109375,5743.02685546875,5186.72119140625,-8439.138671875
265.5,1241.4788818359375,4960.3173828125,9156.2255859375,-2857.56396484375,5820.23046875,5749.92578125,5186.06201171875,-8439.244140625
265.75,1241.7266845703125,4960.2939453125,9156.2314453125,-2857.512451171875,5817.23828125,5751.69482421875,5187.36181640625,-8438.3681640625
266.0,1241.6318359375,4960.2783203125,9156.2880859375,-2857.634765625,5816.19775390625,5751.07763671875,5185.6201171875,-8437.4423828125
266.25,1240.2135009765625,4954.90234375,9147.1748046875,-2854.607177734375,5812.51708984375,5739.994140625,5180.37939453125,-8431.9443359375
266.5,1241.65478515625,4960.30615234375,9156.1982421875,-2857.617919921875,5817.9375,5747.75390625,5186.14111328125,-8439.7119140625
266.75,1241.2081298828125,4960.31298828125,9156.185546875,-2857.556396484375,5823.1689453125,5751.51708984375,5185.89794921875,-8439.1513671875
267.0,1242.340576171875,-45.30741500854492,8154.94482421875,-6859.8154296875,10823.126953125,2747.951904296875,7188.20068359375,-4437.69677734375
267.25,1241.794189453125,-44.7190055847168,8154.78515625,-6859.55419921875,10823.1142578125,2749.703857421875,7188.69091796875,-4435.9912109375
267.5,1241.72900390625,-44.7422981262207,8154.818359375,-6859.548828125,10818.9736328125,2751.549560546875,7188.1904296875,-4435.9267578125
267.75,1241.559326171875,-44.73524856567383,8154.822265625,-6859.48388671875,10817.8388671875,2748.5126953125,7186.6083984375,-4437.005859375
268.0,1241.851806640625,-44.725040435791016,8154.81689453125,-6859.56103515625,10817.0537109375,2746.773193359375,7187.66259765625,-4435.75146484375
268.25,1241.5211181640625,-44.702110290527344,8154.80712890625,-6859.61572265625,10824.9248046875,2748.827880859375,7187.2109375,-4433.97314453125
268.5,1241.664794921875,-44.69231414794922,8154.822265625,-6859.52880859375,10830.431640625,2753.3681640625,7189.275390625,-4436.20947265625
268.75,240.76528930664062,-44.73234939575195,7153.6953125,-1855.97607421875,10819.7119140625,3744.51171875,5185.5048828125,-7438.51611328125
269.0,240.7813262939453,-44.7420768737793,7153.70703125,-1855.940185546875,10827.75390625,3748.988525390625,5185.23974609375,-7438.28466796875
269.25,240.67770385742188,-44.69905471801758,7153.67626953125,-1856.011474609375,10826.5009765625,3753.216796875,5186.4189453125,-7438.73583984375
269.5,240.68911743164062,-44.697906494140625,7153.6689453125,-1855.9488525390625,10826.740234375,3746.680908203125,5186.515625,-7439.2744140625
269.75,240.86248779296875,-44.695743560791016,7153.69140625,-1855.9173583984375,10820.453125,3747.5048828125,5184.73583984375,-7437.5869140625
270.0,240.67247009277344,-44.69906997680664,7153.71142578125,-1855.930419921875,10816.009765625,3749.57666015625,5185.74462890625,-7438.55126953125
270.25,240.47140502929688,-44.678749084472656,7146.50537109375,-1853.945556640625,10810.6787109375,3744.8544921875,5180.6669921875,-7431.732421875
270.5,-2761.20703125,4959.4169921875,4151.11767578125,3147.56103515625,6817.90283203125,4749.92919921875,7188.6806640625,-9441.9228515625
270.75,-2761.0400390625,4958.8369140625,4150.6337890625,3147.19287109375,6819.6904296875,4748.71484375,7188.15869140625,-9439.6162109375
271.0,-2761.879150390625,4958.8486328125,4150.62744140625,3147.43359375,6824.27734375,4751.4208984375,7188.19140625,-9440.1650390625
271.25,-2761.700927734375,4958.84033203125,4150.611328125,3147.37939453125,6824.1689453125,4754.33447265625,7187.208984375,-9439.6748046875
271.5,-2761.889404296875,4958.849609375,4150.638671875,3147.416015625,6822.8818359375,4752.71044921875,7188.78173828125,-9440.1201171875
271.75,-2761.7939453125,4958.83447265625,4150.64453125,3147.421875,6815.35888671875,4753.21630859375,7188.3759765625,-9439.87890625
272.0,-2761.89697265625,4958.82763671875,4150.66064453125,3147.387451171875,6816.50927734375,4749.91455078125,7186.966796875,-9439.4755859375
272.25,-2761.711181640625,4958.80078125,4150.64794921875,3147.359619140625,6815.7900390625,4752.84619140625,7187.4248046875,-9437.7685546875
272.5,3242.826171875,1957.481201171875,3148.8974609375,1146.68798828125,7820.38818359375,741.8211059570312,7188.3388671875,-5435.04736328125
272.75,3242.525146484375,1957.83447265625,3148.73486328125,1146.526611328125,7821.6669921875,752.4017944335938,7188.626953125,-5437.28955078125
273.0,3242.283203125,1957.8365478515625,3148.76220703125,1146.625244140625,7820.3896484375,744.9671020507812,7188.173828125,-5436.85107421875
273.25,3243.19677734375,1957.835693359375,3148.77783203125,1146.60693359375,7820.55615234375,751.6709594726562,7187.92333984375,-5437.13427734375
273.5,3243.553466796875,1957.818359375,3148.791748046875,1146.8028564453125,7820.88134765625,751.5828247070312,7187.361328125,-5436.79931640625
273.75,3243.53369140625,1957.785888671875,3148.793212890625,1146.70361328125,7816.74755859375,746.57568359375,7188.8056640625,-5437.083984375
274.0,3243.51953125,1957.7772216796875,3148.780029296875,1146.5540771484375,7813.56103515625,746.4644775390625,7188.42578125,-5436.9189453125
274.25,3243.672607421875,1957.8035888671875,3148.76904296875,1146.7559814453125,7819.5791015625,744.8695068359375,7187.04736328125,-5436.099609375
274.5,-4762.31982421875,7961.18994140625,5149.80078125,5149.42724609375,10820.900390625,3751.12890625,6183.4658203125,-7435.51171875
274.75,-4763.15185546875,7960.62548828125,5150.0791015625,5149.56689453125,10825.6796875,3749.857421875,6187.0224609375,-7438.32861328125
275.0,-4763.275390625,7960.61865234375,5150.095703125,5149.36328125,10826.8740234375,3748.339599609375,6187.85693359375,-7439.19384765625
275.25,-4762.623046875,7960.59326171875,5150.09912109375,5149.5283203125,10826.6513671875,3749.568115234375,6187.46630859375,-7438.05810546875
275.5,-4763.43359375,7960.5771484375,5150.0908203125,5149.4365234375,10827.3544921875,3752.580078125,6184.08544921875,-7439.29443359375
275.75,-4763.15869140625,7960.587890625,5150.078125,5149.2919921875,10826.9794921875,3756.356201171875,6187.66259765625,-7438.478515625
276.0,-4763.4375,7960.61376953125,5150.06640625,5149.52978515625,10822.728515625,3752.381103515625,6186.96435546875,-7438.5
276.25,-4763.22705078125,7960.63232421875,5150.06640625,5149.33251953125,10825.224609375,3750.125,6187.55810546875,-7438.9755859375
276.5,-2762.2431640625,6963.30517578125,3149.2978515625,1146.56103515625,7816.0498046875,5752.99658203125,9191.943359375,-4435.9326171875
276.75,-2761.6435546875,6963.427734375,3149.04052734375,1146.770263671875,7815.78076171875,5752.77001953125,9190.365234375,-4434.16845703125
277.0,-2761.60791015625,6963.4150390625,3149.024658203125,1146.6962890625,7823.4140625,5751.7783203125,9190.1904296875,-4436.060546875
277.25,-2761.97265625,6963.39501953125,3149.019287109375,1146.7703857421875,7819.6083984375,5748.20166015625,9190.6103515625,-4436.70654296875
277.5,-2761.077392578125,6963.40673828125,3149.0048828125,1146.72705078125,7820.16748046875,5753.0615234375,9190.62890625,-4435.69140625
277.75,-2761.975830078125,6963.419921875,3148.989501953125,1146.6627197265625,7823.87109375,5752.03271484375,9190.8525390625,-4436.27880859375
278.0,-2761.74609375,6963.43603515625,3148.99560546875,1146.559326171875,7823.44091796875,5749.91552734375,9190.8720703125,-4436.115234375
278.25,-2761.878173828125,6963.423828125,3149.02294921875,1146.9298095703125,7820.46875,5749.849609375,9190.79296875,-4437.11328125
278.5,-1760.5531005859375,7959.2353515625,3148.533447265625,-1856.9500732421875,6817.68212890625,8749.4013671875,5187.89306640625,1568.508544921875
278.75,-1761.01318359375,7959.28369140625,3148.557861328125,-1857.068115234375,6823.74755859375,8752.8876953125,5185.4931640625,1567.671630859375
279.0,-1758.708984375,7950.70947265625,3145.251953125,-1854.9520263671875,6812.50439453125,8741.3994140625,5181.08251953125,1567.3282470703125
279.25,-1760.8043212890625,7959.34423828125,3148.53173828125,-1857.11865234375,6820.8955078125,8755.484375,5186.97216796875,1569.0086669921875
279.5,-1760.3177490234375,7959.32421875,3148.555419921875,-1857.035888671875,6818.85205078125,8751.455078125,5183.38330078125,1568.388427734375
279.75,-1760.964599609375,7959.3056640625,3148.57470703125,-1857.017822265625,6820.60009765625,8748.4873046875,5185.57177734375,1568.8045654296875
280.0,-1760.92724609375,7959.30029296875,3148.56884765625,-1856.82958984375,6818.22607421875,8751.423828125,5186.00390625,1568.9931640625
280.25,-1761.02490234375,7959.27490234375,3148.570556640625,-1856.9300537109375,6821.04638671875,8755.390625,5186.48974609375,1568.008544921875
280.5,1241.372802734375,9965.001953125,1145.9981689453125,-2857.728759765625,7817.4306640625,6755.189453125,2182.779296875,1567.6700439453125
280.75,1241.576416015625,9964.9892578125,1145.910888671875,-2857.76806640625,7825.10107421875,6752.08837890625,2183.1064453125,1568.851318359375
281.0,1241.609375,9964.9912109375,1145.952392578125,-2857.802734375,7817.08203125,6751.3623046875,2183.4541015625,1567.8411865234375
281.25,1240.138427734375,9954.2353515625,1144.7615966796875,-2854.583251953125,7814.4033203125,6744.02001953125,2180.597412109375,1565.4835205078125
281.5,1241.1942138671875,9964.9833984375,1145.9927978515625,-2857.79833984375,7819.22314453125,6751.98388671875,2183.431396484375,1568.91259765625
281.75,1241.5482177734375,9964.9501953125,1145.9903564453125,-2857.682373046875,7816.1923828125,6758.826171875,2183.77392578125,1569.2152099609375
282.0,1241.65185546875,9964.9697265625,1145.9903564453125,-2857.741943359375,7812.10986328125,6749.5361328125,2183.827392578125,1569.1502685546875
282.25,1241.4737548828125,9964.9560546875,1145.974853515625,-2857.866943359375,7817.3681640625,6748.19873046875,2182.74755859375,1568.9014892578125
282.5,-1761.9102783203125,12967.376953125,145.377685546875,-2857.6162109375,6814.7119140625,7751.876953125,5187.36962890625,-1432.3341064453125
282.75,-1761.25146484375,12967.2958984375,145.36317443847656,-2857.601318359375,6807.59375,7757.05078125,5187.3486328125,-1433.34228515625
283.0,-1761.2447509765625,12967.2919921875,145.3824462890625,-2857.588623046875,6819.556640625,7756.0693359375,5187.5810546875,-1433.2047119140625
283.25,-1760.844970703125,12967.2880859375,145.39366149902344,-2857.630615234375,6811.5693359375,7756.3818359375,5186.31787109375,-1434.6529541015625
283.5,-1759.4803466796875,12953.3095703125,145.2342529296875,-2854.53076171875,6809.009765625,7745.93115234375,5180.1025390625,-1431.91650390625
283.75,-1760.226318359375,12967.2744140625,145.3834991455078,-2857.614501953125,6818.66650390625,7752.1484375,5185.83740234375,-1432.4501953125
284.0,-1761.095703125,12967.3017578125,145.34939575195312,-2857.258544921875,6824.2822265625,7757.560546875,5183.68408203125,-1433.5325927734375
284.25,-1761.1842041015625,12967.310546875,145.37127685546875,-2857.60595703125,6816.75390625,7752.74462890625,5186.80859375,-1433.955078125
284.5,-761.247802734375,8968.0908203125,145.41879272460938,1145.4598388671875,5809.328125,4750.013671875,5185.90673828125,-431.4614562988281
284.75,-760.1316528320312,8968.0322265625,145.40362548828125,1145.3951416015625,5814.4404296875,4745.29345703125,5187.134765625,-432.1518249511719
285.0,-760.0952758789062,8968.01953125,145.416748046875,1145.4610595703125,5820.2724609375,4751.87451171875,5187.33935546875,-432.7699890136719
285.25,-760.251953125,8967.99609375,145.3941192626953,1145.485107421875,5819.9765625,4752.5166015625,5185.96728515625,-433.84423828125
285.5,-760.3248901367188,8968.025390625,145.3784637451172,1145.620361328125,5820.8203125,4751.22705078125,5186.37646484375,-433.2731018066406
285.75,-760.3515014648438,8968.0576171875,145.35574340820312,1145.4652099609375,5822.23046875,4746.3544921875,5186.806640625,-432.43634033203125
286.0,-759.490966796875,8968.0380859375,145.37692260742188,1145.50732421875,5818.74462890625,4753.52294921875,5186.29296875,-432.135009765625
286.25,-760.2916870117188,8968.0439453125,145.38963317871094,1145.3330078125,5819.38330078125,4750.07373046875,5183.7021484375,-433.0761413574219
286.5,27267.568359375,26953.455078125,12148.5234375,15148.7958984375,20834.54296875,33780.32421875,18198.037109375,24566.80859375
286.75,27273.265625,26953.564453125,12148.849609375,15148.1875,20835.94921875,33780.3671875,18200.91015625,24593.51953125
287.0,27273.484375,26953.58203125,12148.8388671875,15147.9990234375,20831.650390625,33781.41796875,18201.869140625,24594.07421875
287.25,27273.25,26953.61328125,12148.8134765625,15148.1689453125,20829.650390625,33782.484375,18202.337890625,24588.537109375
287.5,27273.1953125,26953.615234375,12148.8251953125,15148.3076171875,20829.685546875,33780.70703125,18199.677734375,24583.546875
287.75,27273.384765625,26953.619140625,12148.84765625,15148.2353515625,20834.302734375,33780.91796875,18202.1171875,24594.19140625
288.0,27273.28125,26953.626953125,12148.857421875,15148.1728515625,20829.03125,33777.6015625,18201.5625,24593.798828125
288.25,27273.578125,26953.58984375,12148.8544921875,15148.392578125,20828.58984375,33783.98828125,18202.275390625,24594.140625
288.5,25260.279296875,27988.41796875,13159.587890625,16163.6806640625,18836.349609375,33788.3828125,19203.455078125,21590.77734375
288.75,25259.189453125,27988.435546875,13159.5673828125,16163.673828125,18831.3125,33774.96484375,19203.431640625,21590.28125
289.0,25271.12109375,27988.453125,13159.5693359375,16163.8310546875,18834.1796875,33780.2109375,19192.75390625,21590.861328125
289.25,25270.70703125,27988.4609375,13159.552734375,16163.62109375,18832.287109375,33783.56640625,19202.728515625,21590.419921875
289.5,25270.814453125,27988.45703125,13159.58984375,16163.876953125,18833.673828125,33782.2109375,19202.74609375,21590.775390625
289.75,25270.39453125,27988.447265625,13159.609375,16163.916015625,18831.703125,33780.51953125,19203.287109375,21582.228515625
290.0,25270.654296875,27988.4296875,13159.60546875,16163.7373046875,18831.814453125,33781.98046875,19203.23046875,21590.59375
290.25,25270.46484375,27988.44921875,13159.6015625,16163.775390625,18827.873046875,33781.296875,19203.15234375,21589.916015625
290.5,23268.216796875,28989.80078125,13160.537109375,15164.9140625,21841.205078125,37788.6484375,16198.224609375,23592.17578125
290.75,23264.783203125,28989.76953125,13160.5205078125,15164.6611328125,21838.63671875,37777.40234375,16198.6328125,23592.275390625
291.0,23257.25390625,28989.794921875,13160.533203125,15164.748046875,21834.03515625,37778.23828125,16199.26171875,23592.96484375
291.25,23267.7890625,28989.765625,13160.5556640625,15164.66015625,21837.72265625,37782.51953125,16198.4453125,23592.474609375
291.5,23267.974609375,28989.75390625,13160.5654296875,15164.677734375,21836.619140625,37789.2734375,16199.4384765625,23592.896484375
291.75,23267.8203125,28989.740234375,13160.5537109375,15164.861328125,21836.78515625,37787.0078125,16199.259765625,23592.84765625
292.0,23267.841796875,28989.744140625,13160.5537109375,15164.8017578125,21837.783203125,37792.53515625,16197.236328125,23584.353515625
292.25,23235.98828125,28959.892578125,13147.9921875,15145.603515625,21811.783203125,37747.31640625,16182.7275390625,23564.517578125
292.5,21265.29296875,25993.669921875,15160.7744140625,15163.6357421875,22840.40625,35790.25,18202.16796875,22592.05078125
292.75,21265.28125,25993.658203125,15160.8349609375,15163.58984375,22837.955078125,35788.3671875,18202.068359375,22591.55078125
293.0,21263.224609375,25993.646484375,15160.8515625,15163.455078125,22841.23046875,35773.765625,18201.0,22591.35546875
293.25,21255.92578125,25993.634765625,15160.8515625,15163.7060546875,22837.4765625,35774.86328125,18192.712890625,22591.189453125
293.5,21265.1015625,25993.599609375,15160.8505859375,15163.5888671875,22843.521484375,35782.5,18200.83984375,22591.291015625
293.75,21265.162109375,25993.611328125,15160.8447265625,15163.5947265625,22839.3125,35788.47265625,18201.365234375,22591.51953125
294.0,21265.091796875,25993.62890625,15160.8154296875,15163.484375,22837.275390625,35786.3125,18201.677734375,22590.4921875
294.25,21265.07421875,25993.640625,15160.8359375,15163.5009765625,22829.669921875,35787.60546875,18203.103515625,22591.7265625
294.5,43303.2734375,54911.99609375,31149.625,32150.09375,51849.05078125,75837.234375,33216.16015625,43659.81640625
294.75,43296.01953125,54912.4140625,31150.064453125,32149.44921875,51874.86328125,75837.46875,33219.25390625,43602.37109375
295.0,43296.03125,54912.390625,31150.07421875,32149.45703125,51870.12109375,75842.4296875,33220.921875,43619.15625
295.25,43296.21875,54912.3828125,31150.06640625,32149.41796875,51880.8984375,75817.4453125,33222.984375,43618.95703125
295.5,43296.28125,54912.40234375,31150.05078125,32149.689453125,51871.9140625,75816.15625,33222.625,43618.72265625
295.75,43296.52734375,54912.4296875,31150.0390625,32149.404296875,51872.94921875,75843.6640625,33222.36328125,43618.05859375
296.0,43276.87109375,54912.41015625,31150.068359375,32149.404296875,51872.69921875,75842.453125,33204.95703125,43618.81640625
296.25,43295.8125,54912.4296875,31150.08984375,32149.533203125,51869.71484375,75844.46875,33222.6328125,43618.6875
296.5,42294.68359375,53007.03515625,31185.705078125,35185.25390625,56850.734375,72841.90625,31221.109375,45622.625
296.75,42294.8046875,53007.0078125,31185.6953125,35185.16796875,56858.11328125,72837.4453125,31220.6484375,45620.76171875
297.0,42294.6640625,53007.0234375,31185.65234375,35185.1328125,56873.76171875,72834.5859375,31219.693359375,45604.3203125
297.25,42294.69921875,53007.05859375,31185.638671875,35185.09765625,56879.62109375,72833.65625,31218.33984375,45619.765625
297.5,42294.7265625,53007.0546875,31185.623046875,35185.1953125,56880.234375,72824.5078125,31219.91796875,45621.44140625
297.75,42294.875,53007.04296875,31185.671875,35185.234375,56877.93359375,72821.2265625,31218.6796875,45621.53515625
298.0,42294.89453125,53007.04296875,31185.662109375,35185.3125,56882.16015625,72833.96875,31219.5234375,45621.1875
298.25,42290.6328125,53007.0234375,31185.681640625,35185.40234375,56877.6171875,72837.6328125,31218.4375,45621.61328125
298.5,46281.16796875,48038.09375,35162.19140625,34194.609375,51870.91796875,72835.4609375,33222.4296875,46622.36328125
298.75,46300.30859375,48038.00390625,35162.28125,34194.0703125,51875.77734375,72835.7578125,33222.4609375,46623.19140625
299.0,46300.26953125,48038.015625,35162.26953125,34194.046875,51852.12890625,72836.859375,33223.484375,46615.69921875
299.25,46300.25,48038.0546875,35162.2421875,34194.1640625,51874.56640625,72836.453125,33223.55078125,46606.94921875
299.5,46300.14453125,48038.046875,35162.26953125,34194.203125,51876.18359375,72837.1796875,33221.62890625,46622.40234375
299.75,46300.203125,48038.03515625,35162.28125,34194.19921875,51871.625,72819.6328125,33222.109375,46622.3671875
300.0,46300.2265625,48037.99609375,35162.27734375,34194.33203125,51876.69140625,72820.203125,33222.28515625,46622.703125
300.25,46300.6171875,48038.0078125,35162.2734375,34194.19140625,51873.93359375,72830.15625,33205.03125,46622.72265625
300.5,44293.765625,48019.9453125,34192.703125,36189.56640625,53874.859375,69834.484375,33220.9921875,43617.33203125
300.75,44278.203125,48019.98046875,34192.65625,36189.35546875,53875.3984375,69829.0,33222.79296875,43618.890625
301.0,44297.609375,48020.00390625,34192.67578125,36189.2578125,53859.40625,69827.5625,33222.51953125,43619.19921875
301.25,44297.421875,48019.984375,34192.69921875,36189.3359375,53866.921875,69827.734375,33223.12890625,43611.98828125
301.5,44297.5703125,48019.9921875,34192.703125,36189.26171875,53876.39453125,69830.84375,33223.4921875,43603.8515625
301.75,44297.703125,48019.9609375,34192.68359375,36189.48828125,53872.79296875,69833.5,33222.20703125,43618.25390625
302.0,44297.515625,48019.9453125,34192.6953125,36189.2890625,53877.796875,69814.703125,33221.8359375,43618.41796875
302.25,44297.57421875,48019.97265625,34192.66796875,36189.12890625,53878.16015625,69814.4296875,33222.6328125,43618.80078125
302.5,33270.91796875,45024.765625,25193.908203125,30182.814453125,50866.4609375,54808.4765625,31202.74609375,34616.1953125
302.75,33281.87109375,45024.78515625,25193.74609375,30182.83203125,50864.11328125,54812.93359375,31217.8125,34601.5859375
303.0,33282.00390625,45024.765625,25193.763671875,30182.794921875,50876.1171875,54813.47265625,31219.205078125,34592.71484375
303.25,33281.9453125,45024.7578125,25193.7578125,30182.923828125,50868.50390625,54807.265625,31219.845703125,34606.59375
303.5,33232.515625,44981.76171875,25171.927734375,30140.240234375,50836.7421875,54740.86328125,31188.318359375,34562.47265625
303.75,33282.25390625,45024.77734375,25193.7421875,30182.7578125,50870.2578125,54810.45703125,31220.0546875,34606.0625
304.0,33282.140625,45024.796875,25193.720703125,30182.740234375,50874.49609375,54811.16796875,31218.759765625,34606.3046875
304.25,33282.1875,45024.80078125,25193.73828125,30182.904296875,50869.55078125,54804.1015625,31218.8828125,34606.4609375
304.5,32278.16796875,48008.921875,25177.06640625,28186.763671875,46871.46484375,56808.28515625,33221.52734375,30601.154296875
304.75,32280.775390625,48008.8828125,25177.09375,28186.775390625,46871.1640625,56810.0078125,33221.53515625,30602.21484375
305.0,32280.5078125,48008.87109375,25177.08984375,28186.79296875,46859.828125,56815.30078125,33221.08203125,30594.73828125
305.25,32280.53125,48008.859375,25177.072265625,28186.71875,46873.21484375,56811.4765625,33221.890625,30600.265625
305.5,32280.654296875,48008.87890625,25177.06640625,28186.814453125,46853.11328125,56816.98046875,33222.5625,30601.826171875
305.75,32280.697265625,48008.9140625,25177.0546875,28186.822265625,46871.0625,56813.94140625,33219.734375,30601.333984375
306.0,32280.810546875,48008.91015625,25177.06640625,28186.83984375,46875.53125,56816.234375,33222.78125,30601.091796875
306.25,32280.580078125,48008.8828125,25177.08203125,28186.9296875,46865.765625,56815.36328125,33221.6796875,30601.423828125
306.5,37287.875,44027.23046875,25176.958984375,30180.875,42864.78125,58797.5625,30217.3671875,35606.98046875
306.75,37284.6484375,44027.26171875,25176.95703125,30180.875,42865.953125,58803.6015625,30218.095703125,35607.84375
307.0,37271.3515625,44027.26953125,25176.94140625,30180.93359375,42863.76171875,58808.203125,30202.212890625,35607.19921875
307.25,37287.703125,44027.3046875,25176.921875,30180.84375,42861.484375,58813.3125,30217.900390625,35596.1875
307.5,37287.79296875,44027.32421875,25176.921875,30180.953125,42862.23046875,58819.63671875,30218.5390625,35608.39453125
307.75,37287.81640625,44027.2734375,25176.94921875,30180.8828125,42841.9296875,58820.37890625,30217.501953125,35608.05078125
308.0,37230.60546875,43985.0078125,25155.142578125,30138.26171875,42812.66796875,58745.35546875,30187.69140625,35562.34375
308.25,37287.81640625,44027.265625,25176.935546875,30180.890625,42861.11328125,58821.04296875,30218.666015625,35607.8359375
308.5,37287.61328125,44013.96484375,25176.9453125,30185.498046875,40852.6015625,59820.98828125,30217.734375,35608.08203125
308.75,37287.734375,44013.98828125,25176.921875,30185.525390625,40857.08984375,59808.6171875,30217.607421875,35607.47265625
309.0,37284.6171875,44014.01171875,25176.908203125,30185.43359375,40863.2578125,59806.88671875,30218.09765625,35607.91015625
309.25,37287.4375,44014.0078125,25176.94140625,30185.599609375,40866.52734375,59817.5078125,30216.37109375,35594.11328125
309.5,37287.46484375,44013.99609375,25176.9609375,30185.556640625,40859.29296875,59818.734375,30216.90234375,35606.3671875
309.75,37287.65625,44013.9921875,25176.966796875,30185.494140625,40862.66015625,59813.109375,30216.67578125,35607.73046875
310.0,37287.5625,44013.9609375,25176.9609375,30185.482421875,40848.66796875,59824.296875,30217.513671875,35607.31640625
310.25,37230.578125,43971.69921875,25155.140625,30142.900390625,40818.7421875,59750.90625,30187.51953125,35562.94921875
310.5,35285.03515625,42017.421875,25176.927734375,32183.669921875,39863.73046875,60820.453125,32220.23046875,33605.05078125
310.75,35285.0625,42017.4375,25176.927734375,32183.63671875,39857.3828125,60817.5,32220.060546875,33605.1875
311.0,35284.87890625,42017.4453125,25176.943359375,32183.900390625,39855.8671875,60823.4375,32220.666015625,33605.27734375
311.25,35280.921875,42017.43359375,25176.955078125,32183.73828125,39860.859375,60807.45703125,32220.458984375,33605.37109375
311.5,35269.53125,42017.41015625,25176.9609375,32183.74609375,39861.05859375,60820.5546875,32220.474609375,33598.72265625
311.75,35284.70703125,42017.3984375,25176.943359375,32183.658203125,39857.41015625,60822.3046875,32219.51953125,33603.8046875
312.0,35284.8515625,42017.41796875,25176.939453125,32183.677734375,39860.9453125,60820.01953125,32220.13671875,33605.3125
312.25,35284.81640625,42017.4375,25176.92578125,32183.69140625,39843.86328125,60826.97265625,32220.166015625,33604.67578125
312.5,35231.55078125,42967.59375,22158.09765625,32142.55078125,42822.1015625,57746.16015625,33189.421875,35563.03515625
312.75,35284.99609375,43009.11328125,22177.775390625,32188.365234375,42869.26171875,57821.6796875,33221.4609375,35607.734375
313.0,35285.0234375,43009.09765625,22177.78125,32188.44921875,42863.4765625,57817.5078125,33221.93359375,35607.9453125
313.25,35284.953125,43009.0859375,22177.794921875,32188.57421875,42857.14453125,57823.03125,33222.0078125,35607.90625
313.5,35281.76171875,43009.06640625,22177.76171875,32188.509765625,42864.54296875,57807.546875,33222.046875,35608.28515625
313.75,35269.51171875,43009.10546875,22177.75390625,32188.404296875,42861.93359375,57811.26953125,33204.69140625,35600.92578125
314.0,35284.76953125,43009.1015625,22177.73046875,32188.5390625,42865.31640625,57814.1953125,33221.91796875,35593.9296875
314.25,35284.8671875,43009.09765625,22177.763671875,32188.654296875,42851.61328125,57818.0234375,33222.15625,35607.64453125
314.5,36286.0,40994.1953125,23172.34375,32188.83203125,42851.35546875,57823.85546875,32220.265625,36609.0859375
314.75,36231.1171875,40954.1875,23152.0390625,32142.34765625,42815.8828125,57749.765625,32188.794921875,36562.50390625
315.0,36286.42578125,40994.18359375,23172.380859375,32188.580078125,42862.00390625,57818.59765625,32221.169921875,36608.87109375
315.25,36286.40625,40994.21875,23172.376953125,32188.416015625,42860.6875,57814.4140625,32220.615234375,36609.27734375
315.5,36286.33203125,40994.1953125,23172.36328125,32188.70703125,42856.23828125,57816.55078125,32220.619140625,36609.1796875
315.75,36282.4765625,40994.21875,23172.345703125,32188.412109375,42865.609375,57802.97265625,32220.732421875,36609.55078125
316.0,36270.40234375,40994.20703125,23172.37109375,32188.53515625,42865.94140625,57816.8828125,32203.841796875,36602.00390625
316.25,36286.08984375,40994.2109375,23172.388671875,32188.486328125,42862.109375,57813.078125,32219.525390625,36607.7265625
316.5,37287.76953125,42007.83984375,24161.13671875,33187.8828125,43869.7890625,58820.578125,29216.4140625,36608.8125
316.75,37287.70703125,42007.84375,24161.125,33187.93359375,43850.984375,58821.87890625,29216.974609375,36609.28125
317.0,37230.54296875,41967.078125,24140.033203125,33139.80859375,43817.2265625,58749.41015625,29186.99609375,36562.6328125
317.25,37287.51953125,42007.90625,24161.08984375,33187.42578125,43860.8828125,58819.4296875,29216.515625,36609.15625
317.5,37287.76953125,42007.91015625,24161.095703125,33187.9140625,43857.52734375,58811.69140625,29216.6015625,36609.171875
317.75,37287.63671875,42007.90234375,24161.123046875,33187.7890625,43862.9609375,58822.59765625,29216.287109375,36609.0234375
318.0,37288.3203125,42007.890625,24161.138671875,33187.734375,43858.4921875,58803.7265625,29216.712890625,36609.8671875
318.25,37287.67578125,42007.84375,24161.130859375,33187.80078125,43862.59765625,58819.390625,29215.974609375,36597.20703125
318.5,38289.16796875,42007.8515625,24161.140625,33187.71484375,44866.91015625,56817.51953125,29214.541015625,36607.734375
318.75,38289.09765625,42007.8671875,24161.115234375,33187.73046875,44871.12109375,56813.45703125,29216.0546875,36609.48828125
319.0,38288.9609375,42007.88671875,24161.09375,33188.00390625,44854.828125,56819.87109375,29217.21484375,36609.2265625
319.25,38288.98828125,42007.90625,24161.107421875,33187.8515625,44869.06640625,56818.33203125,29217.396484375,36608.91015625
319.5,38288.9765625,42007.87890625,24161.123046875,33187.765625,44859.578125,56815.0,29216.53125,36609.125
319.75,38288.96875,42007.87890625,24161.12109375,33187.74609375,44861.47265625,56814.2109375,29216.419921875,36609.2578125
320.0,38289.171875,42007.84375,24161.12109375,33187.828125,44866.27734375,56811.46484375,29216.259765625,36609.25390625
320.25,38285.98828125,42007.875,24161.115234375,33187.70703125,44866.015625,56817.87109375,29201.109375,36610.15625
320.5,37270.8515625,42010.95703125,25175.013671875,31175.41796875,44863.84765625,58819.8515625,28200.80078125,37603.84375
320.75,37287.1171875,42010.95703125,25175.013671875,31175.595703125,44869.0625,58815.546875,28217.041015625,37598.2265625
321.0,37287.63671875,42010.953125,25175.0390625,31175.388671875,44868.2734375,58815.73046875,28215.09375,37610.41796875
321.25,37287.61328125,42010.9453125,25175.046875,31175.369140625,44851.6875,58820.2734375,28215.806640625,37610.609375
321.5,37230.70703125,41970.15234375,25153.240234375,31131.1015625,44814.42578125,58751.390625,28186.36328125,37562.87109375
321.75,37287.58203125,42010.9140625,25175.037109375,31175.62890625,44865.37109375,58818.3984375,28215.189453125,37610.5546875
322.0,37287.7734375,42010.93359375,25175.01953125,31175.29296875,44864.90234375,58816.42578125,28215.37890625,37610.61328125
322.25,37287.68359375,42010.94921875,25174.98828125,31175.3203125,44865.796875,58826.90234375,28215.0,37610.40625
322.5,37287.92578125,45005.29296875,26176.5390625,30187.93359375,42864.43359375,62808.8984375,26212.634765625,36609.88671875
322.75,37287.6171875,45005.24609375,26176.53515625,30187.92578125,42861.2734375,62824.66015625,26213.732421875,36597.57421875
323.0,37287.54296875,45005.22265625,26176.5625,30187.94140625,42865.66015625,62824.5390625,26210.83984375,36607.8359375
323.25,37287.6953125,45005.20703125,26176.568359375,30187.919921875,42859.0546875,62825.640625,26213.462890625,36609.4921875
323.5,37287.51171875,45005.203125,26176.5546875,30187.873046875,42854.8671875,62822.66796875,26213.068359375,36609.14453125
323.75,37287.7890625,45005.26953125,26176.533203125,30187.966796875,42861.7578125,62824.9921875,26212.033203125,36608.8125
324.0,37287.5859375,45005.2734375,26176.513671875,30187.818359375,42862.30859375,62819.07421875,26212.6328125,36609.2109375
324.25,37287.5625,45005.234375,26176.490234375,30187.978515625,42856.3203125,62817.69140625,26212.630859375,36608.9609375
324.5,35284.98046875,45015.56640625,27177.916015625,32183.912109375,41857.125,65831.90625,27213.640625,35607.80078125
324.75,35285.27734375,45015.51953125,27177.91796875,32183.294921875,41864.125,65816.609375,27213.876953125,35608.28515625
325.0,35284.7265625,45015.5,27177.919921875,32183.705078125,41866.84375,65823.1640625,27214.267578125,35594.671875
325.25,35284.69921875,45015.5234375,27177.89453125,32184.158203125,41857.93359375,65833.2578125,27212.1484375,35606.4921875
325.5,35284.7421875,45015.546875,27177.892578125,32183.876953125,41855.60546875,65825.8203125,27214.146484375,35607.80078125
325.75,35231.54296875,44972.5703125,27154.650390625,32137.646484375,41823.09765625,65746.53125,27186.01953125,35562.49609375
326.0,35284.94140625,45015.56640625,27177.912109375,32183.802734375,41855.9609375,65832.5078125,27213.34765625,35607.6953125
326.25,35284.78125,45015.56640625,27177.921875,32183.83203125,41861.9140625,65820.6328125,27213.83203125,35607.94140625
326.5,40291.49609375,43018.7578125,26180.29296875,30189.955078125,36858.4609375,65830.1015625,26212.4140625,37610.265625
326.75,40291.78515625,43018.76171875,26180.287109375,30190.203125,36858.38671875,65830.40625,26212.318359375,37610.34765625
327.0,40288.59375,43018.7734375,26180.27734375,30189.98046875,36853.69921875,65822.171875,26198.69921875,37611.47265625
327.25,40288.20703125,43018.78125,26180.259765625,30189.984375,36855.99609375,65830.734375,26199.17578125,37603.21875
327.5,40291.8515625,43018.79296875,26180.2578125,30189.96484375,36854.78125,65822.40625,26214.037109375,37598.62109375
327.75,40291.80078125,43018.78125,26180.29296875,30189.96875,36856.87109375,65828.5625,26212.591796875,37610.0546875
328.0,40291.703125,43018.78125,26180.294921875,30190.05078125,36839.38671875,65829.2265625,26213.12890625,37610.51171875
328.25,40291.77734375,43018.75390625,26180.283203125,30189.99609375,36852.078125,65828.4453125,26213.4453125,37610.41796875
328.5,41293.140625,44010.69921875,27177.884765625,30190.08984375,39858.984375,61824.70703125,26212.533203125,39613.0390625
328.75,41293.29296875,44010.69921875,27177.875,30190.099609375,39851.5546875,61826.07421875,26212.60546875,39613.06640625
329.0,41293.25,44010.72265625,27177.85546875,30190.052734375,39853.39453125,61820.796875,26212.34375,39612.97265625
329.25,41289.859375,44010.734375,27177.890625,30190.078125,39860.90234375,61821.26953125,26198.775390625,39614.16796875
329.5,41288.234375,44010.69921875,27177.90625,30190.0234375,39857.33203125,61823.125,26199.09765625,39606.421875
329.75,41293.0390625,44010.67578125,27177.923828125,30190.25,39856.26171875,61825.4921875,26210.771484375,39611.7421875
330.0,41293.4375,44010.66796875,27177.8984375,30190.03125,39857.1484375,61820.85546875,26212.57421875,39613.26171875
330.25,41293.171875,44010.66796875,27177.900390625,30190.01171875,39842.56640625,61825.57421875,26213.15625,39613.2890625
330.5,21263.4453125,20014.58203125,13173.69140625,13177.0341796875,20835.375,27779.70703125,13191.9609375,19576.509765625
330.75,21265.015625,20014.7421875,13173.69921875,13176.990234375,20836.7109375,27778.423828125,13195.310546875,19587.63671875
331.0,21263.076171875,20014.734375,13173.724609375,13176.9970703125,20829.033203125,27773.525390625,13195.7255859375,19587.904296875
331.25,21255.89453125,20014.720703125,13173.73828125,13176.9814453125,20833.078125,27777.126953125,13195.8935546875,19588.080078125
331.5,21265.052734375,20014.703125,13173.7431640625,13177.099609375,20834.830078125,27766.4296875,13195.2177734375,19587.990234375
331.75,21265.01953125,20014.703125,13173.7314453125,13176.9912109375,20840.673828125,27781.5234375,13195.0283203125,19579.923828125
332.0,21265.0546875,20014.716796875,13173.7216796875,13177.001953125,20836.8828125,27772.404296875,13196.1162109375,19581.775390625
332.25,21264.990234375,20014.716796875,13173.7060546875,13176.9931640625,20839.08203125,27773.349609375,13193.8408203125,19587.501953125
332.5,20263.54296875,20968.1484375,13160.552734375,12160.4306640625,22830.208984375,27777.888671875,13194.822265625,18586.11328125
332.75,20236.431640625,20945.990234375,13148.0439453125,12145.736328125,22816.216796875,27747.69140625,13181.7724609375,18564.78125
333.0,20263.470703125,20968.162109375,13160.568359375,12160.3916015625,22838.62109375,27777.142578125,13195.1865234375,18586.1484375
333.25,20261.82421875,20968.146484375,13160.5859375,12160.57421875,22839.76171875,27774.26953125,13195.5498046875,18586.66796875
333.5,20254.421875,20968.1171875,13160.5810546875,12160.4560546875,22839.833984375,27774.458984375,13189.08984375,18586.5078125
333.75,20263.685546875,20968.16796875,13160.5615234375,12160.41015625,22847.015625,27771.107421875,13194.171875,18586.533203125
334.0,20263.65625,20968.177734375,13160.5439453125,12160.4521484375,22837.890625,27774.7734375,13194.8125,18582.408203125
334.25,20263.48828125,20968.177734375,13160.57421875,12160.421875,22828.681640625,27774.3359375,13193.416015625,18584.8828125
334.5,26272.10546875,20980.736328125,12153.8212890625,13159.84765625,16833.853515625,27775.138671875,12193.2373046875,20588.888671875
334.75,26271.8984375,20980.708984375,12153.8271484375,13159.8291015625,16820.525390625,27777.685546875,12195.58203125,20589.46484375
335.0,26234.73046875,20958.48828125,12142.154296875,13143.654296875,16814.029296875,27749.64453125,12181.580078125,20564.06640625
335.25,26271.7109375,20980.68359375,12153.806640625,13159.90234375,16833.904296875,27777.662109375,12194.478515625,20588.44140625
335.5,26272.064453125,20980.7109375,12153.7998046875,13159.7490234375,16831.978515625,27772.908203125,12194.388671875,20588.9453125
335.75,26270.634765625,20980.724609375,12153.779296875,13159.7783203125,16830.3671875,27768.6171875,12193.2080078125,20588.19140625
336.0,26271.87109375,20980.712890625,12153.8037109375,13160.0224609375,16829.91796875,27768.666015625,12192.89453125,20589.724609375
336.25,26271.962890625,20980.701171875,12153.81640625,13159.681640625,16824.484375,27778.91796875,12194.931640625,20582.580078125
336.5,21264.982421875,21980.4765625,13159.6123046875,14161.3408203125,16825.5078125,29781.736328125,14194.986328125,15583.166015625
336.75,21265.099609375,21980.484375,13159.607421875,14161.416015625,16818.01171875,29777.396484375,14197.421875,15582.9130859375
337.0,21265.201171875,21980.525390625,13159.58203125,14161.13671875,16829.322265625,29777.015625,14196.7587890625,15583.5888671875
337.25,21264.9375,21980.541015625,13159.5810546875,14161.1142578125,16825.99609375,29783.37109375,14196.4248046875,15583.0302734375
337.5,21265.17578125,21980.53515625,13159.60546875,14161.107421875,16832.587890625,29780.7109375,14196.59765625,15583.2646484375
337.75,21262.21484375,21980.52734375,13159.6162109375,14161.1640625,16830.623046875,29776.970703125,14196.7900390625,15583.0966796875
338.0,21265.076171875,21980.517578125,13159.638671875,14161.0546875,16828.642578125,29766.955078125,14195.1611328125,15583.380859375
338.25,21264.9765625,21980.47265625,13159.6181640625,14161.44140625,16825.419921875,29782.517578125,14197.4775390625,15579.134765625
338.5,19262.1640625,26978.728515625,13160.587890625,9159.09765625,19837.478515625,31786.119140625,12195.2158203125,13577.2373046875
338.75,19262.224609375,26978.806640625,13160.541015625,9159.11328125,19833.638671875,31784.146484375,12195.427734375,13580.9638671875
339.0,19262.291015625,26978.80859375,13160.548828125,9159.119140625,19826.326171875,31782.984375,12195.8232421875,13582.0185546875
339.25,19262.37890625,26978.822265625,13160.5498046875,9158.9892578125,19833.185546875,31774.12890625,12194.2275390625,13581.0751953125
339.5,19262.216796875,26978.814453125,13160.572265625,9159.3935546875,19837.162109375,31781.859375,12194.494140625,13581.255859375
339.75,19260.490234375,26978.7890625,13160.576171875,9159.103515625,19832.65234375,31777.634765625,12194.0390625,13581.1767578125
340.0,19254.24609375,26978.787109375,13160.5693359375,9159.1494140625,19828.044921875,31775.37109375,12194.69140625,13581.4814453125
340.25,19261.96875,26978.80859375,13160.5537109375,9159.12109375,19832.037109375,31773.31640625,12187.10546875,13581.13671875
340.5,16258.48828125,28987.53515625,11159.7080078125,9155.8359375,25839.49609375,28783.376953125,12194.9462890625,13581.5908203125
340.75,16258.3271484375,28987.51171875,11159.69140625,9155.587890625,25841.818359375,28784.125,12194.5546875,13577.4658203125
341.0,16258.4013671875,28987.533203125,11159.666015625,9155.6220703125,25836.33203125,28780.087890625,12193.23046875,13581.638671875
341.25,16258.4794921875,28987.486328125,11159.72265625,9155.6298828125,25830.576171875,28781.82421875,12195.9873046875,13580.5986328125
341.5,16237.51953125,28957.60546875,11148.9013671875,9144.9111328125,25811.607421875,28743.197265625,12181.6630859375,13565.697265625
341.75,16258.7314453125,28987.5,11159.7021484375,9155.75390625,25838.580078125,28779.236328125,12193.91796875,13580.8662109375
342.0,16256.9990234375,28987.521484375,11159.693359375,9155.630859375,25844.212890625,28773.658203125,12194.54296875,13581.275390625
342.25,16251.03515625,28987.533203125,11159.6796875,9155.62109375,25836.369140625,28773.3671875,12194.703125,13581.4296875
342.5,17259.73828125,28992.021484375,10157.54296875,11156.5673828125,24843.529296875,28769.3828125,11187.8134765625,12579.8388671875
342.75,17259.966796875,28991.994140625,10157.564453125,11156.4853515625,24836.19140625,28778.44921875,11192.767578125,12578.388671875
343.0,17259.759765625,28991.98046875,10157.5771484375,11156.712890625,24838.4296875,28785.228515625,11192.9912109375,12576.755859375
343.25,17259.662109375,28991.96484375,10157.5703125,11156.544921875,24840.111328125,28784.58203125,11194.2353515625,12579.9306640625
343.5,17259.736328125,28991.958984375,10157.5615234375,11156.5986328125,24830.474609375,28777.3046875,11194.6513671875,12579.5478515625
343.75,17237.451171875,28962.09765625,10147.6025390625,11143.1552734375,24808.537109375,28747.966796875,11180.9921875,12565.4091796875
344.0,17259.923828125,28992.00390625,10157.5244140625,11156.515625,24832.48046875,28773.876953125,11193.36328125,12579.7763671875
344.25,17259.953125,28991.99609375,10157.5546875,11156.5419921875,24831.595703125,28773.373046875,11193.08203125,12579.9755859375
344.5,21263.236328125,17991.65234375,14157.5078125,15158.9248046875,22836.23828125,30780.041015625,11192.671875,16584.97265625
344.75,21265.2109375,17991.671875,14157.505859375,15158.8701171875,22839.326171875,30768.193359375,11193.6318359375,16585.388671875
345.0,21264.71484375,17991.693359375,14157.509765625,15158.8740234375,22834.103515625,30782.4765625,11192.5498046875,16577.216796875
345.25,21265.02734375,17991.705078125,14157.4990234375,15159.138671875,22825.50390625,30784.7109375,11193.755859375,16577.517578125
345.5,21265.10546875,17991.73046875,14157.47265625,15158.7890625,22828.6875,30782.740234375,11191.59375,16584.26953125
345.75,21265.064453125,17991.75390625,14157.5009765625,15158.7890625,22833.462890625,30780.748046875,11192.66015625,16584.125
346.0,21264.9921875,17991.7265625,14157.5166015625,15158.8662109375,22838.26171875,30774.330078125,11193.2421875,16584.318359375
346.25,21264.908203125,17991.70703125,14157.533203125,15159.107421875,22835.65234375,30780.572265625,11192.9013671875,16584.0390625
346.5,20261.9453125,15976.3759765625,12161.05078125,13162.505859375,26843.46484375,24764.556640625,15197.7578125,15583.0751953125
346.75,20264.16796875,15976.375,12161.044921875,13162.8662109375,26839.96875,24770.0390625,15189.4658203125,15583.951171875
347.0,20263.609375,15976.3896484375,12161.0224609375,13162.7431640625,26844.755859375,24769.224609375,15197.177734375,15579.0673828125
347.25,20263.67578125,15976.390625,12161.013671875,13162.6953125,26841.291015625,24773.478515625,15197.35546875,15576.734375
347.5,20263.662109375,15976.390625,12161.044921875,13162.5390625,26842.21484375,24770.91015625,15198.0224609375,15583.564453125
347.75,20263.8671875,15976.365234375,12161.0634765625,13162.7216796875,26832.107421875,24770.931640625,15197.5078125,15583.412109375
348.0,20263.76953125,15976.361328125,12161.05078125,13162.7490234375,26843.224609375,24770.259765625,15197.390625,15582.9931640625
348.25,20263.734375,15976.3642578125,12161.046875,13162.86328125,26841.8515625,24771.796875,15198.001953125,15583.4033203125
348.5,18261.328125,16974.21484375,17159.4453125,14161.16015625,17838.21875,30783.591796875,17200.080078125,11579.3115234375
348.75,18259.22265625,16974.2421875,17159.43359375,14161.2275390625,17825.3125,30782.296875,17200.111328125,11578.84765625
349.0,18252.79296875,16974.236328125,17159.435546875,14161.16796875,17829.3828125,30766.52734375,17191.76171875,11578.955078125
349.25,18260.751953125,16974.21875,17159.46875,14161.263671875,17832.84765625,30774.083984375,17199.7421875,11575.79296875
349.5,18261.107421875,16974.185546875,17159.46875,14161.22265625,17830.201171875,30780.13671875,17200.958984375,11575.9248046875
349.75,18261.158203125,16974.1875,17159.474609375,14161.380859375,17831.2734375,30779.958984375,17200.853515625,11579.7412109375
350.0,18261.14453125,16974.1875,17159.46484375,14161.2373046875,17822.544921875,30780.140625,17199.75390625,11578.6982421875
350.25,18237.111328125,16956.09375,17143.65625,14143.7197265625,17812.4921875,30748.462890625,17182.6171875,11565.224609375
350.5,17259.64453125,14975.0576171875,17165.861328125,18162.201171875,14830.2177734375,31777.08203125,18201.6328125,12580.158203125
350.75,17260.154296875,14975.0869140625,17165.88671875,18162.34765625,14827.67578125,31783.333984375,18201.45703125,12579.9619140625
351.0,17253.0625,14975.064453125,17165.90234375,18162.21484375,14826.00390625,31792.564453125,18191.923828125,12580.0673828125
351.25,17259.69921875,14975.0283203125,17165.8984375,18162.265625,14827.4814453125,31781.1328125,18201.095703125,12576.572265625
351.5,17259.453125,14975.029296875,17165.88671875,18162.21484375,14829.107421875,31781.259765625,18200.095703125,12574.1611328125
351.75,17259.728515625,14975.056640625,17165.876953125,18162.26953125,14828.88671875,31778.447265625,18200.78125,12578.54296875
352.0,17259.9609375,14975.0703125,17165.86328125,18162.2265625,14822.2548828125,31783.67578125,18199.703125,12580.5927734375
352.25,17259.740234375,14975.0859375,17165.87890625,18162.4609375,14825.7470703125,31787.498046875,18202.541015625,12580.1337890625
352.5,24235.46484375,15955.658203125,17140.96875,13149.7880859375,14808.2734375,31746.248046875,13181.814453125,15564.68359375
352.75,24268.962890625,15972.73828125,17156.75,13165.7939453125,14826.1875,31780.728515625,13195.25390625,15583.0400390625
353.0,24266.8203125,15972.716796875,17156.736328125,13165.9208984375,14830.30078125,31784.853515625,13188.5517578125,15583.2939453125
353.25,24266.021484375,15972.734375,17156.734375,13165.865234375,14828.3671875,31786.970703125,13188.740234375,15582.9033203125
353.5,24269.15625,15972.7490234375,17156.71484375,13165.984375,14829.0859375,31772.4453125,13195.927734375,15584.1455078125
353.75,24269.0859375,15972.771484375,17156.728515625,13165.751953125,14831.791015625,31779.990234375,13195.41796875,15577.58203125
354.0,24268.951171875,15972.7705078125,17156.75,13165.8125,14829.982421875,31775.138671875,13195.26171875,15582.30078125
354.25,24269.23046875,15972.7412109375,17156.76171875,13165.69921875,14831.0341796875,31778.998046875,13195.0048828125,15583.333984375
354.5,23235.80078125,15956.9482421875,18149.271484375,13144.79296875,13805.4931640625,30744.68359375,14181.8642578125,15564.990234375
354.75,23235.7421875,15956.93359375,18149.26953125,13144.8271484375,13817.400390625,30746.091796875,14181.830078125,15564.556640625
355.0,23267.943359375,15974.046875,18165.830078125,13160.82421875,13829.80859375,30780.869140625,14196.4619140625,15583.453125
355.25,23267.796875,15974.072265625,18165.796875,13160.9208984375,13820.4208984375,30783.30078125,14196.7431640625,15583.3076171875
355.5,23265.560546875,15974.0703125,18165.81640625,13160.89453125,13831.2294921875,30780.97265625,14189.40625,15583.3408203125
355.75,23266.59765625,15974.07421875,18165.83203125,13160.9140625,13814.517578125,30770.77734375,14194.998046875,15582.7861328125
356.0,23267.611328125,15974.052734375,18165.841796875,13160.79296875,13828.392578125,30776.58984375,14196.2880859375,15577.3857421875
356.25,23267.99609375,15974.025390625,18165.841796875,13160.94140625,13822.6943359375,30777.130859375,14195.6953125,15583.60546875
356.5,23267.66796875,19973.296875,17167.212890625,12160.439453125,14822.111328125,33783.0859375,12194.951171875,14582.4091796875
356.75,23267.822265625,19973.328125,17167.18359375,12160.4169921875,14825.56640625,33784.953125,12193.962890625,14582.3115234375
357.0,23235.69140625,19952.171875,17151.37109375,12145.7587890625,14814.859375,33748.0,12181.52734375,14564.9423828125
357.25,23267.80859375,19973.341796875,17167.181640625,12160.4736328125,14825.9658203125,33785.47265625,12194.0419921875,14582.3203125
357.5,23265.5625,19973.345703125,17167.197265625,12160.4326171875,14819.2607421875,33784.3828125,12194.2216796875,14582.1201171875
357.75,23265.578125,19973.318359375,17167.189453125,12160.373046875,14830.314453125,33783.08984375,12188.1005859375,14582.2275390625
358.0,23267.8359375,19973.302734375,17167.2109375,12160.466796875,14829.876953125,33773.57421875,12192.84375,14582.322265625
358.25,23267.66796875,19973.2890625,17167.181640625,12160.1201171875,14831.65625,33783.3828125,12194.22265625,14580.150390625
358.5,1240.5426025390625,3964.014404296875,6156.8466796875,5153.2578125,-182.42234802246094,7749.78662109375,5182.77490234375,-6440.4580078125
358.75,1241.4298095703125,3964.19091796875,6156.8408203125,5153.36865234375,-183.00355529785156,7751.4404296875,5185.50634765625,-6437.73486328125
359.0,1241.5264892578125,3964.1953125,6156.8662109375,5153.4912109375,-186.6172332763672,7758.95068359375,5186.580078125,-6437.8193359375
359.25,1240.2811279296875,3959.900634765625,6150.61376953125,5147.62939453125,-188.68275451660156,7746.810546875,5180.1044921875,-6430.80908203125
359.5,1240.1668701171875,3964.170654296875,6156.8798828125,5153.59423828125,-183.59446716308594,7758.11767578125,5185.96435546875,-6438.40380859375
359.75,1242.241943359375,3964.13720703125,6156.87548828125,5153.3271484375,-186.30104064941406,7756.1796875,5184.85009765625,-6437.8046875
360.0,1241.20751953125,3964.160400390625,6156.8623046875,5153.32373046875,-196.73507690429688,7759.4296875,5185.2216796875,-6438.3544921875
360.25,1241.698486328125,3964.171875,6156.845703125,5153.3291015625,-184.326904296875,7747.59619140625,5185.64599609375,-6437.8525390625
360.5,1241.597412109375,1957.62109375,6151.94140625,6151.5498046875,-2191.314208984375,7753.10546875,8189.47900390625,-7438.2783203125
360.75,1241.5517578125,1957.6412353515625,6151.9609375,6151.501953125,-2192.584716796875,7747.53857421875,8188.044921875,-7439.115234375
361.0,1241.4906005859375,1957.6339111328125,6151.97216796875,6151.5283203125,-2187.028564453125,7748.7421875,8190.2802734375,-7436.34814453125
361.25,1241.68115234375,1957.60791015625,6151.97265625,6151.56640625,-2190.71142578125,7756.0966796875,8189.662109375,-7435.08740234375
361.5,1240.3197021484375,1955.50048828125,6145.708984375,6144.49951171875,-2183.283447265625,7750.86181640625,8179.80078125,-7431.19580078125
361.75,1241.350830078125,1957.6400146484375,6151.9423828125,6151.509765625,-2183.080322265625,7754.69482421875,8188.68359375,-7438.92041015625
362.0,1241.1419677734375,1957.6611328125,6151.9375,6151.509765625,-2190.1748046875,7750.0390625,8185.232421875,-7438.779296875
362.25,1241.1568603515625,1957.6732177734375,6151.9580078125,6151.53955078125,-2187.24462890625,7754.400390625,8188.37158203125,-7438.35693359375
362.5,1241.634765625,-44.76295852661133,4150.30517578125,4150.3759765625,-179.82083129882812,6753.388671875,8189.0654296875,-4436.29931640625
362.75,1241.716552734375,-44.76372146606445,4150.31396484375,4150.291015625,-190.25506591796875,6754.8427734375,8189.55615234375,-4436.703125
363.0,1241.537109375,-44.7869758605957,4150.28466796875,4150.30224609375,-188.58258056640625,6752.76220703125,8190.345703125,-4435.6650390625
363.25,1241.4443359375,-44.77079772949219,4150.29248046875,4150.48388671875,-189.77157592773438,6750.07861328125,8188.83349609375,-4436.6298828125
363.5,1241.7650146484375,-44.7541389465332,4150.27783203125,4150.27978515625,-182.59544372558594,6755.71484375,8189.9033203125,-4433.19775390625
363.75,1241.268310546875,-44.75544357299805,4150.267578125,4150.1806640625,-184.9063720703125,6751.4921875,8188.66259765625,-4436.5234375
364.0,1240.6458740234375,-44.74638366699219,4150.28271484375,4150.38916015625,-181.38861083984375,6751.41796875,8189.537109375,-4436.8515625
364.25,1242.339111328125,-44.764495849609375,4150.30419921875,4150.34912109375,-189.45008850097656,6750.4716796875,8184.81396484375,-4435.37255859375
364.5,-760.5953369140625,956.2101440429688,7151.5341796875,3148.859130859375,-1197.61328125,10757.1435546875,4185.61865234375,-6437.7685546875
364.75,-760.1390991210938,956.2088012695312,7151.53955078125,3148.845458984375,-1188.770263671875,10754.82421875,4185.34716796875,-6437.71728515625
365.0,-760.103515625,956.214599609375,7151.525390625,3148.772705078125,-1183.140380859375,10755.6337890625,4185.482421875,-6438.51953125
365.25,-759.9788208007812,956.2345581054688,7151.50634765625,3148.806640625,-1187.159423828125,10754.4404296875,4184.3525390625,-6436.0703125
365.5,-760.34765625,956.2399291992188,7151.50634765625,3148.873291015625,-1188.4984130859375,10759.7001953125,4184.38623046875,-6437.830078125
365.75,-760.1647338867188,956.2442016601562,7151.53076171875,3148.854736328125,-1190.6307373046875,10760.5576171875,4185.779296875,-6438.04443359375
366.0,-759.1815795898438,955.1838989257812,7144.32958984375,3145.3017578125,-1185.481689453125,10748.830078125,4180.0693359375,-6431.044921875
366.25,-759.5570678710938,956.2047729492188,7151.53515625,3148.79736328125,-1191.8353271484375,10760.515625,4184.95556640625,-6437.83544921875
366.5,-1760.2841796875,2957.937744140625,3149.535400390625,4149.39501953125,1815.356689453125,8753.7578125,5183.31787109375,-8438.6005859375
366.75,-1761.1199951171875,2957.958984375,3149.51513671875,4149.4921875,1817.8087158203125,8754.8564453125,5185.0263671875,-8439.951171875
367.0,-1760.93701171875,2957.97802734375,3149.50146484375,4149.326171875,1815.4600830078125,8753.3779296875,5185.67138671875,-8439.2763671875
367.25,-1761.1807861328125,2957.97705078125,3149.52978515625,4149.345703125,1818.59619140625,8750.2451171875,5186.3564453125,-8439.3232421875
367.5,-1761.036865234375,2957.9775390625,3149.5341796875,4149.4169921875,1817.6580810546875,8753.951171875,5184.64501953125,-8440.0048828125
367.75,-1760.921630859375,2957.957763671875,3149.549072265625,4149.4052734375,1818.3544921875,8754.1337890625,5185.69482421875,-8436.716796875
368.0,-1760.919189453125,2957.934326171875,3149.5576171875,4149.41552734375,1809.286865234375,8755.5927734375,5186.52197265625,-8435.482421875
368.25,-1758.56298828125,2954.727783203125,3146.23974609375,4144.72119140625,1809.19970703125,8745.841796875,5181.24072265625,-8430.9755859375
368.5,3242.372802734375,1957.486572265625,5150.03564453125,4149.73046875,-1183.3482666015625,7756.125,5186.81787109375,-7438.03271484375
368.75,3243.430908203125,1957.5130615234375,5150.0087890625,4149.6220703125,-1193.902587890625,7756.3232421875,5183.439453125,-7438.80859375
369.0,3243.11279296875,1957.490478515625,5150.0234375,4149.923828125,-1185.7381591796875,7753.47998046875,5185.3984375,-7439.03564453125
369.25,3243.529541015625,1957.4884033203125,5150.04443359375,4149.955078125,-1190.5936279296875,7755.08447265625,5186.7138671875,-7438.75732421875
369.5,3243.61279296875,1957.4571533203125,5150.04541015625,4149.736328125,-1190.5426025390625,7755.7763671875,5186.2802734375,-7438.150390625
369.75,3243.493896484375,1957.4515380859375,5150.0419921875,4149.74853515625,-1192.005126953125,7749.8583984375,5184.89453125,-7439.1796875
370.0,3243.272216796875,1957.4820556640625,5150.02587890625,4149.8642578125,-1186.47216796875,7751.947265625,5187.23681640625,-7437.79296875
370.25,3243.491943359375,1957.5057373046875,5150.01416015625,4149.6572265625,-1187.259033203125,7751.9375,5186.67626953125,-7438.65625
370.5,-1759.1060791015625,-3045.613037109375,7141.0546875,4145.0966796875,5813.541015625,6749.2509765625,1180.772705078125,1567.023681640625
370.75,-1760.0936279296875,-3048.8623046875,7148.2607421875,4149.69140625,5823.59228515625,6749.419921875,1182.08251953125,1568.639404296875
371.0,-1760.913330078125,-3048.869140625,7148.28515625,4149.74853515625,5819.84716796875,6753.5546875,1181.2523193359375,1568.9931640625
371.25,-1761.521728515625,-3048.900634765625,7148.27685546875,4149.69384765625,5818.46875,6752.32421875,1182.9893798828125,1568.8563232421875
371.5,-1761.0467529296875,-3048.904296875,7148.27294921875,4149.6787109375,5820.392578125,6745.3046875,1182.4283447265625,1569.16162109375
371.75,-1761.3450927734375,-3048.88623046875,7148.24951171875,4149.69384765625,5821.71044921875,6751.0400390625,1180.802734375,1568.1383056640625
372.0,-1760.927734375,-3048.884521484375,7148.2412109375,4149.65478515625,5822.14990234375,6749.2841796875,1183.0977783203125,1567.718505859375
372.25,-1761.339599609375,-3048.864013671875,7148.24853515625,4149.7568359375,5819.02685546875,6750.208984375,1182.0897216796875,1567.1783447265625
372.5,-2761.633056640625,2957.12890625,1146.9820556640625,5150.369140625,9821.15234375,2749.5556640625,4184.95458984375,3568.431396484375
372.75,-2758.385498046875,2953.8564453125,1145.739501953125,5144.8359375,9811.9130859375,2750.129638671875,4181.04833984375,3566.05810546875
373.0,-2762.86083984375,2957.040771484375,1146.9656982421875,5150.4912109375,9824.14453125,2748.13916015625,4184.986328125,3570.11865234375
373.25,-2761.895751953125,2957.062744140625,1146.9632568359375,5150.43017578125,9824.669921875,2748.99169921875,4184.20458984375,3570.384521484375
373.5,-2761.85107421875,2957.08349609375,1146.9373779296875,5150.6689453125,9818.1416015625,2749.34423828125,4185.60693359375,3570.84912109375
373.75,-2761.80908203125,2957.087890625,1146.918701171875,5150.48486328125,9830.7861328125,2749.81884765625,4185.26806640625,3571.144775390625
374.0,-2761.981689453125,2957.107177734375,1146.9464111328125,5150.48486328125,9825.703125,2745.562255859375,4183.654296875,3571.016845703125
374.25,-2761.920166015625,2957.062744140625,1146.9593505859375,5150.6708984375,9825.00390625,2748.90771484375,4186.43505859375,3571.3173828125
374.5,1241.1943359375,2958.39892578125,1146.4383544921875,5150.88134765625,4818.92431640625,3751.44140625,4184.58544921875,2568.231201171875
374.75,1241.5555419921875,2958.362548828125,1146.4239501953125,5150.97900390625,4812.3701171875,3748.767822265625,4185.7021484375,2569.5517578125
375.0,1240.4127197265625,2955.199462890625,1145.198486328125,5144.966796875,4815.73486328125,3751.769775390625,4181.2509765625,2566.66259765625
375.25,1240.58056640625,2958.4228515625,1146.3956298828125,5151.05810546875,4821.20166015625,3753.17236328125,4183.0947265625,2569.302490234375
375.5,1241.69677734375,2958.4345703125,1146.4036865234375,5150.7861328125,4816.31298828125,3750.5048828125,4182.96630859375,2570.3037109375
375.75,1241.5709228515625,2958.42626953125,1146.437255859375,5150.89794921875,4812.92724609375,3748.571044921875,4184.2392578125,2569.84814453125
376.0,1241.6143798828125,2958.41064453125,1146.4530029296875,5150.89453125,4820.58251953125,3749.264892578125,4184.95556640625,2569.849365234375
376.25,1241.3358154296875,2958.396728515625,1146.4537353515625,5150.86669921875,4814.47119140625,3749.251708984375,4185.37646484375,2569.733642578125
376.5,240.68728637695312,956.3629150390625,145.4240264892578,7152.1357421875,3814.53466796875,3747.145751953125,6188.24560546875,4572.08154296875
376.75,240.78890991210938,956.4132690429688,145.39297485351562,7152.1142578125,3820.737548828125,3747.90234375,6186.6103515625,4569.91650390625
377.0,240.7273406982422,956.4337158203125,145.37351989746094,7152.099609375,3821.41748046875,3750.195556640625,6187.81396484375,4571.43701171875
377.25,240.80435180664062,956.4357299804688,145.3948974609375,7152.13330078125,3809.450927734375,3753.918212890625,6186.5751953125,4571.40478515625
377.5,240.8691864013672,956.4335327148438,145.39968872070312,7152.16552734375,3824.105712890625,3746.507080078125,6186.96728515625,4571.63525390625
377.75,240.5975341796875,956.3939819335938,145.409423828125,7152.10498046875,3816.681884765625,3744.894287109375,6186.04443359375,4571.12451171875
378.0,240.8278350830078,956.3978271484375,145.41055297851562,7152.21044921875,3813.6298828125,3748.617431640625,6187.7392578125,4571.4921875
378.25,240.67576599121094,956.4165649414062,145.4034881591797,7152.12353515625,3818.12939453125,3749.553955078125,6187.39013671875,4571.69873046875
378.5,240.70025634765625,6959.796875,1146.314453125,2148.488037109375,3821.046630859375,7752.31201171875,2181.723876953125,567.191162109375
378.75,240.51263427734375,6959.76513671875,1146.334716796875,2148.152587890625,3818.292724609375,7753.259765625,2184.374755859375,568.0663452148438
379.0,240.6170196533203,6959.75439453125,1146.3553466796875,2148.35693359375,3817.89794921875,7751.48291015625,2183.130126953125,567.2738647460938
379.25,240.3722381591797,6952.232421875,1145.1446533203125,2145.9697265625,3807.553955078125,7749.486328125,2181.410888671875,565.6689453125
379.5,240.83154296875,6959.740234375,1146.3612060546875,2148.4287109375,3808.34423828125,7755.43603515625,2183.49267578125,567.5960693359375
379.75,239.8888397216797,6959.7158203125,1146.3690185546875,2148.404296875,3816.376953125,7753.77001953125,2182.70751953125,567.3052368164062
380.0,241.3453369140625,6959.73583984375,1146.3345947265625,2148.331298828125,3812.335205078125,7749.412109375,2181.846923828125,568.5731201171875
380.25,240.72320556640625,6959.7548828125,1146.3238525390625,2148.338134765625,3811.939453125,7750.47607421875,2183.17919921875,568.1504516601562
380.5,1241.5828857421875,11964.4326171875,145.367431640625,-855.6948852539062,3822.173095703125,6753.92626953125,181.41383361816406,-432.9901428222656
380.75,1241.4310302734375,11964.388671875,145.40065002441406,-855.842529296875,3824.71044921875,6749.94580078125,179.95101928710938,-433.37030029296875
381.0,1241.6788330078125,11964.3798828125,145.40647888183594,-855.8662109375,3821.394775390625,6755.57958984375,182.4356689453125,-432.1919860839844
381.25,1241.43017578125,11964.3515625,145.41810607910156,-855.577880859375,3815.126708984375,6749.35986328125,181.11569213867188,-432.8537292480469
381.5,1241.7452392578125,11964.3642578125,145.39987182617188,-855.8854370117188,3816.2138671875,6754.12353515625,180.46170043945312,-432.50238037109375
381.75,1240.0738525390625,11951.5068359375,145.2463836669922,-854.9495849609375,3812.556640625,6749.5380859375,180.40853881835938,-433.75775146484375
382.0,1240.503662109375,11964.40234375,145.37062072753906,-855.8829345703125,3812.491943359375,6754.32568359375,181.63938903808594,-433.5970764160156
382.25,1241.34521484375,11964.41796875,145.38858032226562,-855.8823852539062,3822.36376953125,6750.90380859375,181.48220825195312,-433.1511535644531
382.5,15256.4169921875,27957.802734375,12148.7099609375,9149.0908203125,20834.306640625,31787.26171875,15197.87109375,14578.2744140625
382.75,15256.810546875,27957.68359375,12148.7744140625,9149.140625,20831.234375,31773.396484375,15190.560546875,14581.859375
383.0,15257.3369140625,27957.640625,12148.7724609375,9149.3203125,20833.810546875,31784.91796875,15198.6669921875,14582.6162109375
383.25,15257.3388671875,27957.671875,12148.76171875,9149.1171875,20836.376953125,31778.201171875,15197.7763671875,14580.72265625
383.5,15257.2509765625,27957.673828125,12148.7412109375,9149.2431640625,20838.76171875,31778.736328125,15199.0751953125,14582.736328125
383.75,15257.1455078125,27957.705078125,12148.7451171875,9149.1015625,20831.71875,31784.337890625,15199.337890625,14581.72265625
384.0,15237.615234375,27928.7890625,12137.0849609375,9138.4169921875,20812.646484375,31748.990234375,15181.8251953125,14564.8447265625
384.25,15257.287109375,27957.70703125,12148.7744140625,9149.478515625,20832.927734375,31783.615234375,15198.009765625,14582.3662109375
384.5,17258.05078125,25991.595703125,11158.8974609375,13156.814453125,21831.45703125,31778.458984375,12194.26953125,15583.3525390625
384.75,17251.927734375,25991.580078125,11158.8896484375,13156.9560546875,21841.62890625,31780.978515625,12194.734375,15582.9853515625
385.0,17259.705078125,25991.587890625,11158.8828125,13156.7998046875,21833.416015625,31780.291015625,12188.443359375,15582.98828125
385.25,17259.74609375,25991.60546875,11158.861328125,13156.7294921875,21831.8359375,31776.873046875,12194.5361328125,15583.5283203125
385.5,17259.650390625,25991.6171875,11158.857421875,13156.798828125,21833.005859375,31776.978515625,12193.9638671875,15576.712890625
385.75,17259.791015625,25991.6171875,11158.87890625,13156.9228515625,21834.35546875,31777.32421875,12194.3984375,15583.7470703125
386.0,17259.80078125,25991.58984375,11158.8857421875,13156.8515625,21823.24609375,31782.251953125,12195.1240234375,15583.138671875
386.25,17237.484375,25964.501953125,11148.0703125,13141.0029296875,21813.32421875,31748.365234375,12181.1298828125,15564.654296875
386.5,16258.42578125,23988.5546875,13158.58984375,15161.0576171875,20840.154296875,30786.53125,12194.2900390625,17585.4921875
386.75,16251.6376953125,23988.59765625,13158.5751953125,15161.318359375,20841.3359375,30777.51171875,12194.6162109375,17585.83203125
387.0,16251.6787109375,23988.6171875,13158.572265625,15161.2392578125,20840.177734375,30780.67578125,12194.7607421875,17585.865234375
387.25,16258.474609375,23988.609375,13158.5947265625,15161.23828125,20836.857421875,30774.1640625,12193.0107421875,17585.384765625
387.5,16258.52734375,23988.595703125,13158.623046875,15161.37109375,20836.162109375,30778.2265625,12194.5478515625,17582.67578125
387.75,16258.3974609375,23988.583984375,13158.6181640625,15161.2763671875,20830.31640625,30778.71875,12194.9736328125,17578.146484375
388.0,16258.431640625,23988.560546875,13158.63671875,15161.2626953125,20833.615234375,30779.287109375,12192.611328125,17585.109375
388.25,16258.3427734375,23988.5546875,13158.607421875,15161.2724609375,20836.0078125,30784.8828125,12195.076171875,17585.591796875
388.5,20236.46484375,23959.5390625,11142.9462890625,11148.0478515625,22808.16015625,29752.443359375,10181.25,17564.208984375
388.75,20263.85546875,23984.703125,11153.7353515625,11161.376953125,22832.84765625,29784.046875,10192.140625,17585.486328125
389.0,20260.916015625,23984.693359375,11153.7822265625,11161.4404296875,22840.41796875,29780.54296875,10192.314453125,17585.216796875
389.25,20255.080078125,23984.6875,11153.775390625,11161.5283203125,22842.421875,29781.744140625,10187.1650390625,17585.517578125
389.5,20263.751953125,23984.66796875,11153.7861328125,11161.5322265625,22831.744140625,29774.759765625,10191.849609375,17585.666015625
389.75,20263.6640625,23984.64453125,11153.78125,11161.7177734375,22838.650390625,29778.818359375,10191.3173828125,17581.470703125
390.0,20263.73046875,23984.68359375,11153.767578125,11161.7314453125,22835.62109375,29779.572265625,10192.7080078125,17580.2421875
390.25,20263.65625,23984.701171875,11153.755859375,11161.52734375,22834.6015625,29778.953125,10190.2314453125,17585.119140625
390.5,38288.03125,44946.33203125,26150.212890625,29146.07421875,40844.1796875,62832.33984375,25212.681640625,32599.26953125
390.75,38230.02734375,44903.31640625,26127.775390625,29105.33984375,40814.17578125,62748.515625,25184.849609375,32563.009765625
391.0,38289.1953125,44946.25,26150.291015625,29146.21875,40852.51953125,62821.14453125,25210.67578125,32603.640625
391.25,38289.09765625,44946.19921875,26150.28515625,29146.025390625,40859.1171875,62817.38671875,25211.171875,32603.96484375
391.5,38289.18359375,44946.21484375,26150.287109375,29145.939453125,40858.8515625,62814.1328125,25211.529296875,32604.1796875
391.75,38285.62109375,44946.21875,26150.259765625,29145.986328125,40860.96484375,62821.97265625,25197.87890625,32604.5390625
392.0,38271.44140625,44946.23828125,26150.26953125,29146.24609375,40864.33984375,62818.78125,25198.015625,32596.6953125
392.25,38288.86328125,44946.24609375,26150.2890625,29146.0234375,40859.55078125,62819.85546875,25212.72265625,32591.169921875
392.5,41293.24609375,44016.734375,24179.064453125,26185.33203125,46864.0859375,58812.234375,24210.888671875,39613.5546875
392.75,41293.25390625,44016.7109375,24179.076171875,26185.12890625,46854.609375,58818.50390625,24207.84765625,39612.81640625
393.0,41228.30859375,43974.42578125,24157.96875,26149.3046875,46814.53125,58745.53125,24187.11328125,39562.28515625
393.25,41293.10546875,44016.69921875,24179.046875,26185.185546875,46869.4765625,58817.57421875,24209.81640625,39612.94921875
393.5,41293.22265625,44016.72265625,24179.029296875,26185.18359375,46865.85546875,58820.18359375,24210.11328125,39613.12890625
393.75,41293.25390625,44016.71875,24179.0234375,26184.95703125,46867.69140625,58809.140625,24209.90234375,39612.8515625
394.0,41293.84375,44016.734375,24179.041015625,26185.259765625,46865.07421875,58804.4296875,24210.095703125,39614.01953125
394.25,41293.12890625,44016.7109375,24179.0625,26185.205078125,46862.10546875,58822.16015625,24210.388671875,39598.47265625
394.5,33282.16015625,42017.6328125,30170.642578125,27179.13671875,44865.37109375,63826.1796875,28215.72265625,33594.79296875
394.75,33282.140625,42017.62109375,30170.654296875,27179.099609375,44868.2578125,63823.4609375,28214.388671875,33605.2109375
395.0,33282.01953125,42017.64453125,30170.642578125,27179.21875,44852.359375,63825.77734375,28212.595703125,33605.40625
395.25,33232.60546875,41976.875,30145.2734375,27141.578125,44818.36328125,63747.9921875,28189.22265625,33562.765625
395.5,33282.1015625,42017.6875,30170.62890625,27179.087890625,44866.609375,63822.56640625,28214.970703125,33605.55859375
395.75,33282.125,42017.6953125,30170.650390625,27179.173828125,44862.65234375,63826.1640625,28215.34765625,33605.453125
396.0,33282.01953125,42017.65625,30170.662109375,27179.048828125,44864.24609375,63834.640625,28215.212890625,33605.43359375
396.25,33282.3671875,42017.65234375,30170.666015625,27179.115234375,44870.1484375,63810.6875,28200.623046875,33605.6015625
396.5,37271.03125,42010.9140625,29184.966796875,27180.83203125,42867.3125,61821.453125,27215.181640625,38598.76171875
396.75,37287.546875,42010.9296875,29184.97265625,27180.90625,42866.34375,61819.484375,27214.328125,38612.0703125
397.0,37287.69921875,42010.94140625,29184.927734375,27181.169921875,42864.01953125,61820.59375,27213.876953125,38612.29296875
397.25,37287.703125,42010.94921875,29184.96875,27180.96875,42847.57421875,61824.43359375,27211.705078125,38611.36328125
397.5,37287.8515625,42010.94921875,29184.9609375,27181.1484375,42863.3203125,61819.99609375,27213.29296875,38611.4296875
397.75,37287.5390625,42010.9296875,29184.97265625,27180.88671875,42859.61328125,61825.5234375,27213.70703125,38611.8359375
398.0,37287.73828125,42010.9140625,29184.96875,27180.900390625,42862.26953125,61825.4453125,27213.548828125,38611.63671875
398.25,37287.640625,42010.9296875,29184.96484375,27180.9140625,42859.86328125,61819.30078125,27213.81640625,38611.890625
398.5,34280.83203125,46002.73828125,23184.751953125,28180.2109375,45868.8671875,55800.515625,29216.6953125,35608.42578125
398.75,34267.90234375,46002.76171875,23184.71875,28179.9921875,45866.19140625,55812.14453125,29201.443359375,35600.96875
399.0,34283.2578125,46002.734375,23184.751953125,28180.263671875,45869.51953125,55809.5859375,29214.646484375,35606.328125
399.25,34283.3828125,46002.71484375,23184.767578125,28180.193359375,45863.94921875,55810.6171875,29215.365234375,35607.82421875
399.5,34283.3203125,46002.6953125,23184.75390625,28180.53515625,45851.890625,55818.25390625,29217.134765625,35607.87890625
399.75,34232.11328125,45959.00390625,23164.392578125,28141.033203125,45816.2421875,55747.91796875,29186.87890625,35563.0
400.0,34283.5546875,46002.703125,23184.744140625,28180.3046875,45866.5546875,55816.5,29215.865234375,35607.50390625
400.25,34283.4375,46002.73828125,23184.7265625,28180.19921875,45862.83984375,55808.80078125,29216.59375,35607.91015625
400.5,34283.4375,48012.64453125,23174.28515625,30181.16015625,42860.87109375,56824.30078125,30217.966796875,34606.6484375
400.75,34280.609375,48012.6328125,23174.302734375,30180.94921875,42860.95703125,56804.09375,30218.078125,34607.26171875
401.0,34268.48828125,48012.62890625,23174.31640625,30181.056640625,42872.875,56813.8515625,30202.16796875,34599.75390625
401.25,34283.27734375,48012.5859375,23174.32421875,30181.126953125,42861.26171875,56813.3203125,30216.8125,34605.125
401.5,34283.4296875,48012.56640625,23174.32421875,30181.044921875,42864.546875,56810.78515625,30216.611328125,34606.453125
401.75,34283.33984375,48012.6015625,23174.296875,30181.072265625,42850.37109375,56817.7734375,30217.48828125,34606.6953125
402.0,34232.02734375,47967.56640625,23153.923828125,30138.431640625,42815.32421875,56747.93359375,30187.46875,34563.09375
402.25,34283.56640625,48012.640625,23174.2890625,30181.072265625,42854.55859375,56814.82421875,30217.46875,34606.515625
402.5,36286.16796875,47021.78515625,23174.111328125,29186.162109375,40857.8046875,57817.7734375,29216.376953125,36609.32421875
402.75,36286.2109375,47021.77734375,23174.126953125,29186.130859375,40854.19921875,57815.00390625,29216.244140625,36609.0
403.0,36287.0078125,47021.7421875,23174.125,29186.388671875,40858.265625,57809.75390625,29216.716796875,36609.7890625
403.25,36269.546875,47021.7578125,23174.12109375,29186.171875,40854.8515625,57818.4765625,29201.11328125,36601.0546875
403.5,36285.76171875,47021.7890625,23174.09765625,29186.375,40864.28515625,57814.83984375,29216.724609375,36596.859375
403.75,36286.24609375,47021.796875,23174.107421875,29186.236328125,40863.3671875,57814.01953125,29216.5078125,36608.984375
404.0,36285.99609375,47021.8046875,23174.12890625,29186.35546875,40839.5859375,57822.27734375,29217.033203125,36608.9921875
404.25,36231.0390625,46977.40625,23153.78125,29145.203125,40819.5859375,57748.76953125,29187.033203125,36562.6953125
404.5,36286.2421875,46020.5078125,24173.84375,31182.427734375,39857.37890625,57815.71875,30218.64453125,34606.53515625
404.75,36286.1875,46020.48046875,24173.8203125,31182.341796875,39862.6328125,57815.48828125,30217.6796875,34606.4375
405.0,36286.375,46020.5,24173.80859375,31182.390625,39854.06640625,57816.421875,30217.9140625,34606.48046875
405.25,36286.74609375,46020.50390625,24173.79296875,31182.33203125,39857.27734375,57807.71875,30218.005859375,34606.6875
405.5,36269.5546875,46020.5078125,24173.783203125,31182.48828125,39856.453125,57816.71484375,30201.845703125,34598.74609375
405.75,36285.515625,46020.51171875,24173.80078125,31182.287109375,39864.671875,57809.59375,30217.599609375,34606.74609375
406.0,36286.33203125,46020.4921875,24173.833984375,31182.76171875,39854.921875,57816.8125,30217.28515625,34606.18359375
406.25,36286.21484375,46020.4765625,24173.830078125,31182.4921875,39841.00390625,57816.91015625,30218.2890625,34606.390625
406.5,35231.62890625,41982.859375,24141.740234375,32140.03125,36815.625,56748.3203125,35194.3359375,33563.8671875
406.75,35284.96875,42023.68359375,24162.7890625,32186.03125,36847.12890625,56814.8125,35222.30078125,33605.19921875
407.0,35285.046875,42023.70703125,24162.765625,32185.892578125,36854.78125,56815.23828125,35224.02734375,33605.03125
407.25,35285.078125,42023.6953125,24162.7734375,32186.248046875,36863.27734375,56794.3046875,35224.7265625,33605.37890625
407.5,35281.19921875,42023.68359375,24162.796875,32186.0,36855.15234375,56806.4296875,35224.36328125,33605.921875
407.75,35268.71875,42023.64453125,24162.80859375,32186.01171875,36853.41796875,56815.96875,35224.2734375,33597.578125
408.0,35284.76171875,42023.6484375,24162.810546875,32186.01171875,36852.91796875,56819.13671875,35206.70703125,33605.43359375
408.25,35284.828125,42023.640625,24162.8046875,32183.341796875,36852.5703125,56818.08203125,35224.7734375,33605.62890625
408.5,36231.109375,41970.17578125,23155.51953125,32142.33984375,36821.234375,57747.2734375,34193.25,35563.10546875
408.75,36231.1015625,41970.19140625,23155.49609375,32142.44921875,36816.37890625,57745.02734375,34193.65625,35563.7109375
409.0,36286.28125,42010.9765625,23175.88671875,32188.5625,36860.078125,57815.3515625,34224.00390625,35607.7890625
409.25,36286.40234375,42010.9609375,23175.912109375,32188.580078125,36853.7734375,57812.6015625,34222.63671875,35607.58984375
409.5,36286.32421875,42010.94921875,23175.90625,32188.56640625,36855.23828125,57819.46484375,34223.19140625,35607.90625
409.75,36283.125,42010.921875,23175.90234375,32188.671875,36852.3046875,57799.10546875,34222.984375,35607.79296875
410.0,36269.6875,42010.92578125,23175.888671875,32188.64453125,36849.1796875,57816.1171875,34222.80859375,35599.59375
410.25,36286.171875,42010.95703125,23175.8671875,32188.513671875,36856.5078125,57809.41015625,34222.625,35607.625
410.5,36286.171875,42011.015625,23174.185546875,33187.5859375,38861.078125,58816.26953125,32219.99609375,35607.53515625
410.75,36286.23046875,42011.00390625,23174.21484375,33187.671875,38842.15625,58818.16015625,32220.958984375,35607.765625
411.0,36231.0546875,41970.21875,23153.85546875,33139.87109375,38818.515625,58750.6484375,32188.869140625,35562.7421875
411.25,36286.43359375,42010.9921875,23174.205078125,33187.67578125,38856.7578125,58817.6171875,32221.294921875,35607.43359375
411.5,36286.2109375,42010.984375,23174.208984375,33187.66796875,38860.51953125,58819.30859375,32220.337890625,35607.7578125
411.75,36286.3125,42011.00390625,23174.1875,33187.6328125,38860.65234375,58817.109375,32220.525390625,35607.828125
412.0,36286.80078125,42011.02734375,23174.185546875,33187.74609375,38854.96484375,58804.67578125,32220.630859375,35608.03515625
412.25,36270.265625,42011.02734375,23174.20703125,33187.70703125,38858.1484375,58814.80078125,32203.541015625,35602.69140625
412.5,40291.39453125,41012.58203125,23174.16015625,33190.1328125,39857.89453125,58816.2265625,27213.8046875,39612.28515625
412.75,40291.78125,41012.578125,23174.169921875,33190.20703125,39853.08984375,58817.4609375,27212.58984375,39613.12890625
413.0,40291.84375,41012.5390625,23174.16796875,33190.45703125,39848.953125,58819.95703125,27215.21484375,39613.4921875
413.25,40228.98046875,40972.51953125,23153.796875,33142.375,39816.625,58748.05078125,27185.84375,39562.3359375
413.5,40291.70703125,41012.578125,23174.123046875,33190.19921875,39859.91796875,58819.11328125,27213.51171875,39612.96875
413.75,40291.76953125,41012.5859375,23174.125,33189.94921875,39857.01171875,58817.2265625,27213.763671875,39613.1171875
414.0,40291.77734375,41012.58984375,23174.1171875,33190.13671875,39856.03125,58815.9921875,27213.59375,39612.9140625
414.25,40292.453125,41012.57421875,23174.158203125,33190.171875,39856.4765625,58804.42578125,27213.716796875,39612.42578125
414.5,41289.3515625,42007.73046875,24173.765625,31192.029296875,38850.00390625,56811.77734375,27199.123046875,37596.0390625
414.75,41293.37109375,42007.72265625,24173.76171875,31191.896484375,38851.6171875,56818.4453125,27214.607421875,37611.19921875
415.0,41293.21484375,42007.74609375,24173.76953125,31191.62109375,38853.16015625,56813.87890625,27214.01953125,37610.3828125
415.25,41293.32421875,42007.77734375,24173.736328125,31191.970703125,38847.82421875,56819.19921875,27215.314453125,37610.87109375
415.5,41228.28515625,41966.984375,24152.642578125,31147.484375,38822.41796875,56746.37109375,27185.755859375,37561.9921875
415.75,41293.390625,42007.78515625,24173.748046875,31191.962890625,38859.9140625,56811.5546875,27213.513671875,37610.26953125
416.0,41293.33203125,42007.76171875,24173.748046875,31191.884765625,38856.98828125,56817.82421875,27214.0625,37610.52734375
416.25,41293.33203125,42007.734375,24173.765625,31192.111328125,38857.58203125,56813.55078125,27213.62109375,37610.3046875
416.5,39290.6953125,42007.76171875,27173.6953125,29188.541015625,39858.7421875,58807.1015625,26212.234375,37610.59375
416.75,39273.76171875,42007.80078125,27173.703125,29188.50390625,39858.52734375,58817.66015625,26211.76953125,37610.61328125
417.0,39290.296875,42007.80078125,27173.6875,29188.474609375,39858.7265625,58812.26953125,26212.466796875,37610.96875
417.25,39290.5859375,42007.8203125,27173.7109375,29188.509765625,39858.78125,58819.171875,26212.8125,37610.3359375
417.5,39290.4453125,42007.82421875,27173.724609375,29188.275390625,39845.0078125,58818.60546875,26213.896484375,37610.85546875
417.75,39229.5234375,41967.01953125,27150.498046875,29147.6015625,39819.44140625,58748.58203125,26187.86328125,37562.59765625
418.0,39290.5859375,42007.796875,27173.7265625,29188.529296875,39859.578125,58822.296875,26212.119140625,37610.2890625
418.25,39290.43359375,42007.79296875,27173.71875,29188.4453125,39853.20703125,58815.640625,26212.33984375,37610.3828125
418.5,37287.66796875,45005.07421875,25180.88671875,29184.0703125,39862.69921875,60828.4609375,25210.93359375,36608.8984375
418.75,37288.03515625,45005.10546875,25180.849609375,29184.11328125,39852.4765625,60808.109375,25210.9453125,36609.86328125
419.0,37270.44921875,45005.109375,25180.880859375,29184.21875,39860.640625,60813.37890625,25197.966796875,36601.1171875
419.25,37287.54296875,45005.09375,25180.890625,29183.97265625,39858.59375,60816.9296875,25211.15625,36609.671875
419.5,37287.62109375,45005.07421875,25180.88671875,29184.0078125,39856.6484375,60823.7421875,25211.03515625,36609.48828125
419.75,37287.7109375,45005.05859375,25180.892578125,29184.01953125,39843.5078125,60821.66015625,25212.638671875,36609.62109375
420.0,37230.56640625,44962.10546875,25159.056640625,29143.322265625,39821.01953125,60748.65234375,25187.546875,36562.37890625
420.25,37287.765625,45005.12109375,25180.8515625,29184.13671875,39853.03515625,60824.23046875,25210.822265625,36609.01953125
420.5,37287.5,47011.1796875,26176.4921875,27185.119140625,40867.74609375,63823.45703125,25211.033203125,36609.15625
420.75,37284.66796875,47011.14453125,26176.515625,27185.15234375,40865.15234375,63811.90625,25210.958984375,36609.9453125
421.0,37288.0703125,47011.13671875,26176.533203125,27185.009765625,40858.37109375,63814.265625,25211.28125,36609.6875
421.25,37271.24609375,47011.12109375,26176.515625,27185.091796875,40866.16796875,63826.3984375,25197.982421875,36603.859375
421.5,37287.3125,47011.09765625,26176.521484375,27185.14453125,40857.3359375,63826.4921875,25212.5546875,36609.50390625
421.75,37287.63671875,47011.12109375,26176.5,27185.140625,40858.109375,63824.296875,25211.140625,36608.93359375
422.0,37287.6640625,47011.15234375,26176.48046875,27185.259765625,40850.046875,63824.98828125,25212.185546875,36609.17578125
422.25,37287.71484375,47011.1640625,26176.484375,27184.98046875,40858.33984375,63833.3984375,25210.853515625,36608.80078125
422.5,39290.32421875,47018.19140625,25178.888671875,26181.322265625,36853.21875,61826.1875,26212.63671875,39613.2890625
422.75,39290.359375,47018.18359375,25178.888671875,26181.31640625,36850.01953125,61821.484375,26212.51171875,39612.99609375
423.0,39290.484375,47018.15625,25178.890625,26181.50390625,36845.87109375,61818.19921875,26212.32421875,39613.05078125
423.25,39285.90234375,47018.17578125,25178.88671875,26181.3984375,36853.5,61821.20703125,26198.837890625,39613.8046875
423.5,39272.72265625,47018.1953125,25178.875,26181.529296875,36854.6875,61822.55859375,26199.177734375,39606.4140625
423.75,39289.98828125,47018.1953125,25178.845703125,26181.388671875,36850.50390625,61817.015625,26214.373046875,39597.85546875
424.0,39290.42578125,47018.1875,25178.869140625,26181.435546875,36860.2578125,61822.52734375,26212.462890625,39612.5078125
424.25,39229.53515625,46973.77734375,25157.06640625,26145.55078125,36819.4609375,61748.1875,26185.443359375,39562.1953125
424.5,40228.859375,44979.33984375,26153.978515625,28139.05859375,35822.4375,61750.75390625,29187.013671875,38562.6484375
424.75,40291.73828125,45022.28125,26176.49609375,28178.216796875,35855.0,61825.51171875,29215.853515625,38611.734375
425.0,40291.80859375,45022.3203125,26176.494140625,28178.185546875,35849.140625,61820.37109375,29216.365234375,38611.7109375
425.25,40291.921875,45022.3515625,26176.466796875,28178.16796875,35852.6640625,61801.26171875,29216.720703125,38611.91796875
425.5,40291.98046875,45022.34375,26176.470703125,28178.205078125,35856.7265625,61810.04296875,29216.71484375,38611.90625
425.75,40273.26953125,45022.33984375,26176.5,28178.2109375,35858.51171875,61819.9375,29201.17578125,38606.1015625
426.0,40291.64453125,45022.32421875,26176.515625,28178.240234375,35851.69140625,61819.87109375,29218.048828125,38596.8203125
426.25,40291.859375,45022.29296875,26176.51953125,28178.181640625,35853.55859375,61823.2109375,29216.576171875,38611.55078125
426.5,18261.923828125,22019.49609375,12171.6103515625,13175.0390625,19827.5625,27776.15234375,15200.9736328125,19597.611328125
426.75,18237.087890625,21996.14453125,12159.79296875,13159.1689453125,19805.97265625,27749.619140625,15182.076171875,19564.18359375
427.0,18261.240234375,22019.388671875,12171.46875,13174.982421875,19836.951171875,27776.623046875,15197.875,19587.693359375
427.25,18252.658203125,22019.380859375,12171.49609375,13175.0263671875,19836.349609375,27774.0546875,15198.1201171875,19588.1328125
427.5,18252.7421875,22019.3984375,12171.4931640625,13175.2626953125,19828.208984375,27773.537109375,15198.2392578125,19587.498046875
427.75,18261.09375,22019.3671875,12171.5029296875,13174.9658203125,19833.970703125,27770.375,15196.455078125,19587.642578125
428.0,18261.1015625,22019.353515625,12171.509765625,13174.9189453125,19838.771484375,27771.3515625,15198.05859375,19583.333984375
428.25,18261.083984375,22019.36328125,12171.4931640625,13175.08984375,19833.48828125,27774.330078125,15198.4755859375,19581.833984375
428.5,20263.7734375,19982.484375,14159.732421875,14161.0341796875,14830.248046875,26774.96484375,19204.09765625,15584.4697265625
428.75,20263.6953125,19982.490234375,14159.7333984375,14161.130859375,14821.1064453125,26777.8359375,19203.80859375,15582.9306640625
429.0,20263.755859375,19982.4921875,14159.7529296875,14160.98828125,14820.20703125,26779.64453125,19202.66015625,15583.158203125
429.25,20263.912109375,19982.50390625,14159.7685546875,14161.232421875,14828.666015625,26779.892578125,19202.95703125,15583.609375
429.5,20261.712890625,19982.470703125,14159.7685546875,14161.08984375,14829.4921875,26772.982421875,19202.361328125,15583.205078125
429.75,20254.490234375,19982.45703125,14159.7587890625,14161.017578125,14819.123046875,26770.853515625,19202.98046875,15582.873046875
430.0,20264.3515625,19982.455078125,14159.7421875,14161.4521484375,14825.470703125,26774.482421875,19192.03515625,15583.9990234375
430.25,20263.525390625,19982.470703125,14159.734375,14161.1083984375,14829.0810546875,26773.751953125,19203.48828125,15579.390625
430.5,22266.59375,22978.220703125,13161.55859375,13161.904296875,13823.8935546875,28774.47265625,18201.71875,11576.08984375
430.75,22266.36328125,22978.240234375,13161.591796875,13161.8681640625,13830.248046875,28775.890625,18202.177734375,11579.443359375
431.0,22266.376953125,22978.23046875,13161.609375,13161.904296875,13823.7109375,28776.4453125,18199.4609375,11578.9970703125
431.25,22236.181640625,22954.044921875,13149.072265625,13145.826171875,13816.0546875,28750.5,18182.39453125,11565.2177734375
431.5,22266.494140625,22978.21875,13161.609375,13161.978515625,13825.322265625,28779.408203125,18201.369140625,11578.822265625
431.75,22264.3515625,22978.2265625,13161.58203125,13161.8505859375,13824.3720703125,28778.802734375,18201.146484375,11579.052734375
432.0,22256.263671875,22978.236328125,13161.572265625,13161.8876953125,13830.3408203125,28772.412109375,18201.923828125,11578.615234375
432.25,22266.97265625,22978.2578125,13161.5712890625,13161.8916015625,13824.79296875,28770.841796875,18191.33203125,11579.033203125
432.5,22266.41796875,26980.89453125,13160.60546875,12160.5029296875,10824.3759765625,33784.5625,16199.333984375,10576.275390625
432.75,22266.587890625,26980.916015625,13160.6337890625,12160.4951171875,10816.5078125,33781.25390625,16199.47265625,10572.919921875
433.0,22266.41796875,26980.892578125,13160.6328125,12160.4736328125,10828.984375,33780.80078125,16199.5908203125,10578.4423828125
433.25,22266.279296875,26980.900390625,13160.6298828125,12160.7939453125,10822.6162109375,33787.08203125,16199.634765625,10578.0048828125
433.5,22236.1328125,26952.912109375,13148.078125,12145.6767578125,10812.529296875,33742.28515625,16181.7763671875,10565.4560546875
433.75,22266.5859375,26980.951171875,13160.59765625,12160.435546875,10823.82421875,33784.78515625,16199.091796875,10577.91015625
434.0,22266.705078125,26980.95703125,13160.6201171875,12160.4931640625,10822.677734375,33778.82421875,16198.7392578125,10577.9345703125
434.25,22256.287109375,26980.943359375,13160.6357421875,12160.490234375,10828.9990234375,33780.5234375,16199.4609375,10577.6142578125
434.5,20263.755859375,28987.62109375,11159.791015625,16160.1533203125,9822.6923828125,36779.77734375,15189.3837890625,5573.6142578125
434.75,20263.734375,28987.59375,11159.7890625,16160.013671875,9819.8779296875,36791.875,15197.654296875,5571.19921875
435.0,20263.576171875,28987.607421875,11159.78515625,16160.0732421875,9818.8994140625,36781.54296875,15197.921875,5569.55078125
435.25,20263.7890625,28987.638671875,11159.759765625,16160.0771484375,9825.0615234375,36783.8671875,15196.1455078125,5572.2265625
435.5,20263.57421875,28987.630859375,11159.759765625,16160.0986328125,9823.1796875,36784.8203125,15195.7666015625,5572.05029296875
435.75,20236.68359375,28957.765625,11148.9599609375,16139.7919921875,9815.62109375,36747.98046875,15181.6123046875,5566.71044921875
436.0,20263.4921875,28987.642578125,11159.791015625,16160.0947265625,9818.2236328125,36780.796875,15197.6767578125,5572.40869140625
436.25,20263.9765625,28987.6171875,11159.791015625,16160.2353515625,9815.9716796875,36789.75390625,15197.47265625,5572.728515625
436.5,17252.921875,24993.87109375,12158.3740234375,19164.708984375,14824.8837890625,31779.587890625,16199.2109375,3571.13525390625
436.75,17259.76171875,24993.873046875,12158.3583984375,19164.90625,14831.8427734375,31773.501953125,16190.9287109375,3571.0625
437.0,17259.654296875,24993.900390625,12158.3466796875,19164.73046875,14834.1044921875,31783.8671875,16198.525390625,3569.290771484375
437.25,17259.93359375,24993.892578125,12158.357421875,19164.748046875,14819.7607421875,31781.384765625,16198.849609375,3570.648193359375
437.5,17259.8828125,24993.904296875,12158.390625,19164.759765625,14823.4541015625,31777.294921875,16199.49609375,3571.068603515625
437.75,17259.69921875,24993.875,12158.3896484375,19164.728515625,14816.1767578125,31785.328125,16196.7919921875,3570.109130859375
438.0,17237.380859375,24967.720703125,12146.7041015625,19140.04296875,14811.0654296875,31744.333984375,16183.3388671875,3567.104248046875
438.25,17259.58203125,24993.853515625,12158.361328125,19164.94921875,14824.4638671875,31782.029296875,16198.837890625,3570.464599609375
438.5,18261.322265625,23986.720703125,15159.7216796875,17168.8984375,13829.9736328125,33784.421875,17199.90625,2570.07421875
438.75,18252.49609375,23986.705078125,15159.689453125,17168.890625,13829.697265625,33782.40234375,17200.515625,2569.951904296875
439.0,18261.185546875,23986.705078125,15159.7236328125,17168.958984375,13823.3046875,33782.70703125,17200.525390625,2569.86376953125
439.25,18260.708984375,23986.697265625,15159.736328125,17169.115234375,13829.0546875,33782.20703125,17201.19921875,2568.79345703125
439.5,18261.12890625,23986.673828125,15159.748046875,17169.00390625,13831.1396484375,33781.71875,17200.091796875,2570.09130859375
439.75,18261.125,23986.65625,15159.7392578125,17169.03125,13825.775390625,33780.5546875,17201.513671875,2569.380859375
440.0,18261.013671875,23986.66796875,15159.740234375,17168.87109375,13827.9404296875,33789.39453125,17198.025390625,2569.1669921875
440.25,18237.251953125,23961.52734375,15145.53515625,17147.125,13808.4013671875,33743.13671875,17182.1171875,2567.08056640625
440.5,17259.560546875,22985.21875,16163.23828125,16166.0966796875,16830.025390625,31780.123046875,18201.404296875,2569.914794921875
440.75,17260.18359375,22985.203125,16163.2587890625,16166.1533203125,16823.646484375,31784.673828125,18201.15234375,2570.148193359375
441.0,17252.9453125,22985.189453125,16163.2724609375,16166.201171875,16824.330078125,31776.224609375,18201.68359375,2569.905517578125
441.25,17259.91796875,22985.1328125,16163.26953125,16166.1796875,16830.529296875,31781.359375,18199.724609375,2569.805908203125
441.5,17259.935546875,22985.16796875,16163.267578125,16166.314453125,16829.880859375,31780.45703125,18202.13671875,2570.17822265625
441.75,17259.84765625,22985.169921875,16163.251953125,16166.1162109375,16828.236328125,31780.599609375,18201.328125,2570.0625
442.0,17259.76171875,22985.1953125,16163.2373046875,16166.2158203125,16831.02734375,31782.671875,18202.681640625,2569.49853515625
442.25,17237.373046875,22961.03125,16148.255859375,16145.82421875,16814.806640625,31748.53125,18184.03515625,2567.464599609375
442.5,24269.212890625,25981.70703125,14156.5625,14164.2919921875,13820.1787109375,31784.009765625,9190.76171875,8575.748046875
442.75,24268.90234375,25981.685546875,14156.5771484375,14164.328125,13827.912109375,31785.166015625,9190.8359375,8575.57421875
443.0,24269.12109375,25981.6640625,14156.5693359375,14164.2900390625,13825.56640625,31780.673828125,9190.55859375,8575.6630859375
443.25,24266.130859375,25981.650390625,14156.5732421875,14164.341796875,13824.982421875,31780.07421875,9191.248046875,8575.8818359375
443.5,24269.8203125,25981.677734375,14156.552734375,14164.3017578125,13828.2744140625,31782.103515625,9190.05859375,8575.181640625
443.75,24268.947265625,25981.689453125,14156.5341796875,14164.2412109375,13826.9326171875,31780.537109375,9191.8935546875,8573.6416015625
444.0,24269.01171875,25981.6875,14156.5595703125,14164.3017578125,13828.5908203125,31781.7890625,9191.060546875,8575.85546875
444.25,24269.001953125,25981.666015625,14156.576171875,14164.3447265625,13825.3642578125,31780.533203125,9192.1708984375,8575.1455078125
444.5,20263.564453125,28985.27734375,12161.1552734375,14162.1494140625,13818.5361328125,30783.640625,16197.2060546875,7575.34033203125
444.75,20236.681640625,28955.400390625,12149.47265625,14144.765625,13814.845703125,30753.38671875,16183.5576171875,7566.40283203125
445.0,20263.509765625,28985.314453125,12161.1455078125,14162.080078125,13825.154296875,30782.12890625,16199.048828125,7574.47265625
445.25,20261.796875,28985.341796875,12161.1357421875,14162.0869140625,13831.724609375,30780.8046875,16199.24609375,7575.16650390625
445.5,20263.841796875,28985.345703125,12161.1435546875,14162.162109375,13820.75390625,30764.916015625,16199.3623046875,7575.138671875
445.75,20264.34765625,28985.341796875,12161.1669921875,14162.3017578125,13825.9892578125,30774.181640625,16198.083984375,7575.34326171875
446.0,20263.748046875,28985.330078125,12161.171875,14162.1640625,13827.4345703125,30778.19921875,16197.7197265625,7574.72705078125
446.25,20263.748046875,28985.314453125,12161.173828125,14162.142578125,13824.212890625,30779.107421875,16199.2763671875,7571.5810546875
446.5,27273.384765625,22993.75390625,10158.255859375,14162.0712890625,17829.193359375,25772.9921875,13194.5869140625,13581.6943359375
446.75,27273.25390625,22993.75,10158.2236328125,14162.0302734375,17825.94140625,25776.03515625,13196.6923828125,13581.63671875
447.0,27234.427734375,22969.572265625,10148.2666015625,14144.572265625,17814.9765625,25749.78515625,13181.7568359375,13565.3671875
447.25,27273.21484375,22993.76171875,10158.220703125,14162.0830078125,17835.83984375,25773.416015625,13195.681640625,13580.8154296875
447.5,27269.96875,22993.763671875,10158.220703125,14162.0791015625,17827.44140625,25772.388671875,13195.7041015625,13580.861328125
447.75,27273.248046875,22993.73046875,10158.2412109375,14162.0224609375,17834.595703125,25762.982421875,13188.0556640625,13581.578125
448.0,20263.80859375,24982.646484375,21153.83984375,8158.2744140625,20839.62109375,31770.474609375,9190.9072265625,7575.6142578125
448.25,20263.54296875,24982.67578125,21153.80078125,8158.240234375,20830.287109375,31781.712890625,9192.5185546875,7574.59619140625
448.5,20263.396484375,24982.666015625,21153.81640625,8158.34326171875,20834.43359375,31784.63671875,9190.51953125,7574.787109375
448.75,20236.447265625,24956.55859375,21134.970703125,8148.84814453125,20810.73046875,31747.208984375,9181.4013671875,7565.97900390625
449.0,20263.443359375,24982.63671875,21153.83203125,8158.18603515625,20834.578125,31782.875,9190.80078125,7575.0546875
449.25,20261.67578125,24982.6328125,21153.83203125,8158.23486328125,20836.6640625,31779.0625,9190.80859375,7575.0224609375
449.5,20255.099609375,24982.6484375,21153.80859375,8158.42138671875,20833.685546875,31782.83203125,9190.369140625,7575.6669921875
449.75,20263.4140625,24982.673828125,21153.802734375,8158.29150390625,20832.451171875,31773.720703125,9190.8388671875,7575.2353515625
450.0,25270.11328125,19986.888671875,23170.43359375,5151.99951171875,18834.1875,29774.05078125,10192.3193359375,9575.9638671875
450.25,25270.24609375,19986.8359375,23170.439453125,5152.20458984375,18834.09765625,29779.990234375,10193.10546875,9576.6142578125
450.5,25270.45703125,19986.82421875,23170.453125,5151.9541015625,18835.15234375,29777.302734375,10193.6064453125,9577.8515625
450.75,25270.298828125,19986.80078125,23170.45703125,5152.01953125,18828.04296875,29782.330078125,10191.5791015625,9576.423828125
451.0,25235.115234375,19965.58984375,23150.08984375,5146.048828125,18812.001953125,29746.744140625,10181.42578125,9566.0048828125
451.25,25270.333984375,19986.806640625,23170.4296875,5151.99169921875,18832.837890625,29777.240234375,10191.7080078125,9576.9951171875
451.5,25270.62890625,19986.81640625,23170.408203125,5151.9404296875,18828.005859375,29779.236328125,10191.951171875,9576.9482421875
451.75,25267.232421875,19986.83203125,23170.416015625,5152.041015625,18831.392578125,29777.875,10186.892578125,9576.701171875
452.0,21265.078125,22978.33203125,25173.3125,5151.1923828125,15834.115234375,35782.3046875,11193.2197265625,4572.7451171875
452.25,21264.5859375,22978.34765625,25173.341796875,5150.873046875,15832.978515625,35786.49609375,11193.41015625,4570.09716796875
452.5,21264.87109375,22978.32421875,25173.341796875,5150.91650390625,15830.3330078125,35783.7265625,11194.1904296875,4572.52197265625
452.75,21264.998046875,22978.328125,25173.330078125,5150.8720703125,15827.1005859375,35783.6015625,11194.6240234375,4571.66845703125
453.0,21265.044921875,22978.349609375,25173.322265625,5150.876953125,15822.3740234375,35783.3203125,11192.623046875,4572.0595703125
453.25,21236.240234375,22954.201171875,25151.5,5144.833984375,15816.0302734375,35743.40234375,11181.4853515625,4566.51318359375
453.5,21264.80078125,22978.38671875,25173.33203125,5150.779296875,15825.919921875,35787.0390625,11192.7890625,4572.11572265625
453.75,21265.095703125,22978.359375,25173.345703125,5150.8681640625,15823.50390625,35789.03515625,11192.9599609375,4572.03564453125
454.0,4244.8623046875,8974.544921875,10167.859375,-2859.171142578125,9817.859375,1747.627197265625,-2817.58837890625,-14448.0546875
454.25,4244.2822265625,8974.3837890625,10167.935546875,-2859.1591796875,9821.51953125,1746.361328125,-2821.375244140625,-14443.1708984375
454.5,4244.17529296875,8974.40234375,10167.9375,-2859.056884765625,9824.248046875,1744.644775390625,-2822.599853515625,-14442.8798828125
454.75,4244.54541015625,8974.41796875,10167.900390625,-2859.087646484375,9818.6572265625,1743.011962890625,-2819.9189453125,-14443.3603515625
455.0,4244.2255859375,8974.4287109375,10167.9130859375,-2859.15185546875,9824.2099609375,1745.6796875,-2821.251708984375,-14440.5595703125
455.25,4244.14404296875,8974.4208984375,10167.9326171875,-2859.1953125,9826.5859375,1749.929931640625,-2820.631103515625,-14440.1533203125
455.5,4239.73828125,8964.716796875,10157.9990234375,-2856.418701171875,9806.9716796875,1749.536376953125,-2817.8271484375,-14429.5517578125
455.75,4241.72509765625,8974.3974609375,10167.9482421875,-2859.095947265625,9818.51171875,1747.2174072265625,-2821.74951171875,-14443.8828125
456.0,11246.525390625,-1046.501708984375,17156.705078125,-3858.800048828125,1810.201904296875,4750.79541015625,-5823.85400390625,-9439.791015625
456.25,11252.6103515625,-1046.59130859375,17156.638671875,-3858.787353515625,1816.90087890625,4751.94677734375,-5822.9228515625,-9440.326171875
456.5,11251.890625,-1046.5653076171875,17156.62109375,-3858.770751953125,1816.2877197265625,4745.6826171875,-5823.15234375,-9440.5830078125
456.75,11251.869140625,-1046.5838623046875,17156.6328125,-3858.724365234375,1809.6575927734375,4747.4736328125,-5824.94677734375,-9439.5712890625
457.0,11252.0166015625,-1046.5712890625,17156.65234375,-3858.776611328125,1818.231201171875,4750.81005859375,-5824.45068359375,-9439.953125
457.25,11251.6259765625,-1046.58203125,17156.6484375,-3858.773681640625,1815.091064453125,4749.5673828125,-5823.9853515625,-9436.28515625
457.5,11251.8720703125,-1046.600830078125,17156.66015625,-3858.76318359375,1812.0252685546875,4756.08056640625,-5824.17919921875,-9441.4677734375
457.75,11238.2119140625,-1045.482666015625,17140.8671875,-3854.71923828125,1817.65478515625,4748.81396484375,-5817.86962890625,-9430.8720703125
458.0,9248.580078125,2957.4873046875,17165.970703125,-855.4390258789062,6820.42919921875,11759.677734375,-1821.63427734375,-4439.7158203125
458.25,9245.3134765625,2957.537353515625,17165.966796875,-855.5110473632812,6820.8857421875,11758.400390625,-1819.3607177734375,-4436.37451171875
458.5,9250.4072265625,2957.54296875,17165.990234375,-855.4488525390625,6821.71923828125,11756.3349609375,-1821.1763916015625,-4436.0068359375
458.75,9249.6875,2957.54248046875,17166.005859375,-855.3394165039062,6827.2548828125,11752.06640625,-1820.7403564453125,-4436.177734375
459.0,9249.9228515625,2957.514892578125,17166.013671875,-855.3735961914062,6821.18212890625,11756.51171875,-1819.8721923828125,-4435.798828125
459.25,9249.716796875,2957.488525390625,17166.017578125,-855.5691528320312,6819.14453125,11756.470703125,-1821.90771484375,-4435.763671875
459.5,9250.0009765625,2957.498291015625,17165.990234375,-855.4815063476562,6820.60986328125,11758.9384765625,-1820.3724365234375,-4435.7509765625
459.75,9249.654296875,2957.52685546875,17165.98828125,-855.442138671875,6816.61962890625,11759.2568359375,-1821.2235107421875,-4436.7333984375
460.0,1240.3458251953125,1955.3780517578125,19148.326171875,-854.6295776367188,8810.9873046875,8749.50390625,6180.58740234375,-9427.955078125
460.25,1241.5704345703125,1957.4791259765625,19165.681640625,-855.6024780273438,8825.4462890625,8754.8583984375,6186.51171875,-9439.4326171875
460.5,1240.71728515625,1957.474365234375,19165.69140625,-855.3958740234375,8821.3046875,8751.634765625,6187.25830078125,-9440.7958984375
460.75,1241.648193359375,1957.4447021484375,19165.69921875,-855.6452026367188,8825.435546875,8753.150390625,6184.3125,-9440.3291015625
461.0,1241.7259521484375,1957.4385986328125,19165.68359375,-855.5879516601562,8820.8486328125,8749.548828125,6186.267578125,-9440.4521484375
461.25,1241.761474609375,1957.4693603515625,19165.68359375,-855.6232299804688,8819.4677734375,8753.6826171875,6187.28857421875,-9439.982421875
461.5,1241.6414794921875,1957.4866943359375,19165.6640625,-855.6409301757812,8825.357421875,8754.3583984375,6187.56884765625,-9440.009765625
461.75,1241.615478515625,1957.4888916015625,19165.6875,-855.6738891601562,8819.552734375,8749.359375,6187.14404296875,-9439.98046875
462.0,-759.9465942382812,-4050.443603515625,21167.9921875,-1856.759521484375,5815.51806640625,6752.46240234375,17198.400390625,-6438.39111328125
462.25,-758.8803100585938,-4046.155517578125,21149.162109375,-1854.7501220703125,5799.1123046875,6746.9208984375,17181.775390625,-6428.49462890625
462.5,-760.9476318359375,-4050.545654296875,21168.01171875,-1856.7904052734375,5810.02978515625,6752.0634765625,17199.919921875,-6437.93505859375
462.75,-759.8610229492188,-4050.53955078125,21167.994140625,-1856.38525390625,5815.060546875,6757.4658203125,17200.236328125,-6436.72216796875
463.0,-760.4630126953125,-4050.531005859375,21167.9765625,-1856.7752685546875,5813.072265625,6748.24609375,17191.181640625,-6437.740234375
463.25,-760.1165771484375,-4050.518798828125,21167.96484375,-1856.7410888671875,5823.10693359375,6751.50732421875,17198.865234375,-6437.859375
463.5,-759.9168090820312,-4050.510009765625,21167.98046875,-1856.878173828125,5818.07080078125,6754.2841796875,17199.498046875,-6437.76513671875
463.75,-760.2030029296875,-4050.51904296875,21168.01171875,-1856.7166748046875,5818.49951171875,6751.119140625,17200.19140625,-6437.6728515625
464.0,-2761.427978515625,4957.150390625,17171.197265625,-855.5287475585938,12826.5068359375,1751.4827880859375,14194.8388671875,-7439.0849609375
464.25,-2761.379638671875,4957.22998046875,17171.2265625,-855.562255859375,12819.98828125,1756.0147705078125,14197.8935546875,-7438.3896484375
464.5,-2758.20654296875,4951.85791015625,17155.419921875,-854.4349365234375,12810.3935546875,1749.488525390625,14180.947265625,-7430.15185546875
464.75,-2761.107666015625,4957.24365234375,17171.189453125,-855.2862548828125,12822.0927734375,1744.333251953125,14196.8935546875,-7434.90283203125
465.0,-2761.044189453125,4957.2578125,17171.181640625,-855.57177734375,12825.3994140625,1748.3968505859375,14195.810546875,-7437.78125
465.25,-2761.69091796875,4957.259765625,17171.203125,-855.5075073242188,12828.1201171875,1750.0299072265625,14195.83984375,-7438.46826171875
465.5,-2761.748291015625,4957.23193359375,17171.2109375,-855.5697021484375,12824.9384765625,1747.46240234375,14195.1494140625,-7438.73583984375
465.75,-2761.651123046875,4957.2333984375,17171.220703125,-855.6011962890625,12824.404296875,1745.37109375,14196.62890625,-7438.4248046875
466.0,-8765.8876953125,3959.7724609375,19165.7578125,2147.032470703125,23835.412109375,747.1598510742188,8190.04833984375,-7437.9677734375
466.25,-8766.14453125,3959.80029296875,19165.76171875,2147.095947265625,23841.912109375,746.060791015625,8190.4931640625,-7438.205078125
466.5,-8757.2529296875,3955.5419921875,19148.37890625,2144.6123046875,23812.537109375,746.8548583984375,8180.64599609375,-7430.63232421875
466.75,-8755.66796875,3955.545654296875,19148.40234375,2144.936279296875,23822.7734375,746.1255493164062,8180.26953125,-7428.91650390625
467.0,-8763.1240234375,3959.826416015625,19165.7734375,2147.011474609375,23838.185546875,743.8901977539062,8189.52978515625,-7435.26220703125
467.25,-8766.4619140625,3959.816650390625,19165.775390625,2146.943603515625,23843.126953125,749.2151489257812,8188.9013671875,-7438.90234375
467.5,-8765.9052734375,3959.789794921875,19165.783203125,2147.017822265625,23832.2578125,745.4805297851562,8184.765625,-7438.91064453125
467.75,-8766.0712890625,3959.78857421875,19165.763671875,2147.016845703125,23842.955078125,747.3230590820312,8189.02294921875,-7438.58984375
468.0,-760.4541625976562,956.4844970703125,8161.2412109375,10150.6923828125,30849.07421875,-9264.228515625,6187.73046875,-432.48260498046875
468.25,-760.3067626953125,956.4812622070312,8161.08740234375,10150.8427734375,30837.365234375,-9263.3134765625,6185.85791015625,-433.48040771484375
468.5,-760.0631713867188,956.473388671875,8161.095703125,10150.7265625,30847.12890625,-9261.3935546875,6188.62109375,-432.0248718261719
468.75,-759.3148193359375,955.4400634765625,8152.97998046875,10138.4052734375,30818.7734375,-9250.544921875,6181.13818359375,-432.8472900390625
469.0,-759.2591552734375,955.4332275390625,8152.9833984375,10138.662109375,30819.330078125,-9250.931640625,6180.044921875,-433.16143798828125
469.25,-759.7407836914062,956.447998046875,8161.1220703125,10150.5537109375,30844.39453125,-9261.1923828125,6186.79345703125,-434.0863037109375
469.5,-760.0941162109375,956.4668579101562,8161.10205078125,10150.666015625,30839.60546875,-9262.7001953125,6186.9306640625,-432.56671142578125
469.75,-760.4707641601562,956.4924926757812,8161.0888671875,10150.662109375,30845.013671875,-9262.6171875,6186.63525390625,-433.3531494140625
470.0,-4763.18603515625,-1045.898681640625,11155.4150390625,8155.53564453125,30846.04296875,-9258.0205078125,5186.69140625,1568.9901123046875
470.25,-4763.259765625,-1045.9263916015625,11155.48046875,8155.5546875,30850.322265625,-9259.57421875,5186.5888671875,1569.2425537109375
470.5,-4763.53125,-1045.9205322265625,11155.509765625,8155.63232421875,30844.865234375,-9263.259765625,5184.9833984375,1569.15966796875
470.75,-4763.52197265625,-1045.9674072265625,11155.4912109375,8155.6083984375,30837.2578125,-9259.9990234375,5185.63134765625,1568.5784912109375
471.0,-4758.23681640625,-1044.8331298828125,11144.6748046875,8146.1796875,30811.6953125,-9252.951171875,5180.365234375,1565.9786376953125
471.25,-4757.58154296875,-1044.8167724609375,11144.63671875,8146.17333984375,30823.23046875,-9242.5400390625,5179.63232421875,1565.42529296875
471.5,-4762.16845703125,-1045.9273681640625,11155.4560546875,8155.59033203125,30848.162109375,-9260.078125,5185.86865234375,1567.33935546875
471.75,-4762.67333984375,-1045.9259033203125,11155.458984375,8155.6044921875,30850.11328125,-9260.03125,5185.86474609375,1569.1077880859375
472.0,-5764.1455078125,3957.996826171875,17158.076171875,-2859.903564453125,25838.525390625,-3253.368896484375,8190.23876953125,-1432.6708984375
472.25,-5764.09912109375,3957.969970703125,17158.033203125,-2859.901123046875,25841.880859375,-3257.102294921875,8189.1396484375,-1433.8511962890625
472.5,-5764.10986328125,3957.962158203125,17158.03125,-2859.92626953125,25840.884765625,-3258.376953125,8189.71484375,-1433.4833984375
472.75,-5763.97119140625,3957.9443359375,17158.01953125,-2859.9541015625,25835.064453125,-3260.372314453125,8187.900390625,-1432.828125
473.0,-5764.11767578125,3957.96875,17158.017578125,-2859.87109375,25836.7421875,-3258.656494140625,8188.1630859375,-1433.9398193359375
473.25,-5764.0703125,3957.98486328125,17157.990234375,-2859.904296875,25833.279296875,-3254.09423828125,8189.76708984375,-1433.5975341796875
473.5,-5757.201171875,3953.719482421875,17142.20703125,-2856.9189453125,25818.224609375,-3254.904541015625,8180.22607421875,-1431.9891357421875
473.75,-5763.3828125,3957.980224609375,17158.0234375,-2860.08056640625,25840.486328125,-3254.671630859375,8189.4423828125,-1432.955810546875
474.0,-10767.0947265625,9961.8896484375,14165.1455078125,-1856.371826171875,32853.203125,-3252.591552734375,6184.626953125,-6437.740234375
474.25,-10767.259765625,9961.908203125,14165.1630859375,-1856.4088134765625,32848.16796875,-3253.359375,6187.4453125,-6437.51318359375
474.5,-10767.181640625,9961.9375,14165.16015625,-1856.5341796875,32849.3359375,-3258.763916015625,6186.99755859375,-6437.58056640625
474.75,-10767.2158203125,9961.951171875,14165.1484375,-1856.490234375,32844.53515625,-3256.38818359375,6187.568359375,-6437.37353515625
475.0,-10767.1259765625,9961.970703125,14165.1376953125,-1856.5198974609375,32857.765625,-3257.029541015625,6185.7314453125,-6438.11669921875
475.25,-10767.228515625,9961.9716796875,14165.1650390625,-1856.55126953125,32843.17578125,-3255.74365234375,6187.60400390625,-6437.66796875
475.5,-10767.3154296875,9961.9609375,14165.18359375,-1856.452392578125,32835.87890625,-3254.358154296875,6187.54345703125,-6437.763671875
475.75,-10752.5048828125,9951.1982421875,14151.8115234375,-1854.5010986328125,32819.59765625,-3252.394775390625,6180.64208984375,-6430.86328125
476.0,-10767.009765625,13959.69140625,7157.0146484375,-2857.73193359375,28852.40234375,-1256.637451171875,4184.38330078125,-7437.13818359375
476.25,-10767.095703125,13959.7412109375,7156.92822265625,-2857.786865234375,28834.45703125,-1257.7899169921875,4185.7158203125,-7434.6767578125
476.5,-10767.166015625,13959.7626953125,7156.89501953125,-2857.818603515625,28841.935546875,-1257.0196533203125,4183.05908203125,-7438.05126953125
476.75,-10767.244140625,13959.767578125,7156.91064453125,-2857.799072265625,28840.1953125,-1257.6982421875,4185.572265625,-7438.404296875
477.0,-10767.1796875,13959.76171875,7156.9306640625,-2857.8173828125,28844.138671875,-1253.4549560546875,4185.0849609375,-7438.478515625
477.25,-10767.044921875,13959.7431640625,7156.93505859375,-2857.754638671875,28840.267578125,-1257.886962890625,4185.794921875,-7438.06494140625
477.5,-10767.33203125,13959.7314453125,7156.94189453125,-2857.699951171875,28850.005859375,-1256.2666015625,4185.5830078125,-7438.29150390625
477.75,-10766.9189453125,13959.734375,7156.9267578125,-2857.6943359375,28835.119140625,-1252.8094482421875,4184.3388671875,-7438.67431640625
478.0,23233.841796875,53820.328125,28115.48046875,20111.275390625,50828.87890625,48749.35546875,23180.53515625,29548.0546875
478.25,23268.05859375,53869.36328125,28139.2109375,20137.392578125,50875.40234375,48804.09765625,23209.392578125,29599.892578125
478.5,23268.38671875,53869.34375,28139.23046875,20137.5,50869.99609375,48802.12890625,23208.619140625,29600.388671875
478.75,23268.41796875,53869.34375,28139.2421875,20137.4921875,50877.25,48809.54296875,23208.638671875,29600.439453125
479.0,23257.615234375,53869.31640625,28139.228515625,20137.447265625,50875.515625,48796.1484375,23208.908203125,29600.25
479.25,23268.013671875,53869.29296875,28139.25,20137.576171875,50874.765625,48798.75390625,23208.181640625,29594.04296875
479.5,23268.083984375,53869.29296875,28139.220703125,20137.455078125,50871.58203125,48808.9140625,23208.12890625,29590.265625
479.75,23268.021484375,53869.328125,28139.212890625,20137.53125,50867.4296875,48809.453125,23208.703125,29599.7578125
480.0,29276.115234375,61004.84375,24182.875,16169.8388671875,51856.69921875,53813.890625,18200.7578125,34606.33203125
480.25,29234.037109375,60952.29296875,24161.759765625,16149.48828125,51818.09765625,53743.00390625,18184.583984375,34563.265625
480.5,29276.25,61004.91015625,24182.861328125,16169.8115234375,51878.32421875,53814.65234375,18202.119140625,34606.453125
480.75,29276.2421875,61004.89453125,24182.875,16169.8173828125,51877.421875,53808.9453125,18202.1875,34606.3828125
481.0,29276.30859375,61004.87109375,24182.875,16169.8173828125,51872.703125,53812.73046875,18202.12109375,34606.4140625
481.25,29272.771484375,61004.875,24182.85546875,16169.8388671875,51876.4375,53802.59375,18192.90625,34606.8046875
481.5,29276.091796875,61004.87890625,24182.841796875,16169.806640625,51873.96484375,53812.58984375,18200.8203125,34601.50390625
481.75,29276.134765625,61004.89453125,24182.845703125,16169.8251953125,51877.078125,53806.6875,18202.466796875,34606.53515625
482.0,25270.9921875,48067.3984375,28172.677734375,21163.8984375,50873.03125,52806.28515625,24210.71484375,28599.666015625
482.25,25270.7734375,48067.3046875,28172.650390625,21163.880859375,50862.45703125,52810.96875,24211.09765625,28599.501953125
482.5,25235.578125,48022.16796875,28148.69921875,21136.09375,50824.13671875,52744.75390625,24186.798828125,28563.728515625
482.75,25270.916015625,48067.296875,28172.630859375,21163.873046875,50863.84765625,52811.421875,24209.30078125,28598.814453125
483.0,25270.71484375,48067.3203125,28172.62890625,21163.951171875,50871.59765625,52810.7109375,24209.880859375,28598.779296875
483.25,25271.068359375,48067.33203125,28172.607421875,21164.044921875,50876.9765625,52815.0390625,24209.541015625,28599.0390625
483.5,25259.916015625,48067.34375,28172.630859375,21163.908203125,50879.59765625,52797.8359375,24210.12890625,28599.94140625
483.75,25270.79296875,48067.31640625,28172.654296875,21164.0234375,50875.46484375,52811.171875,24209.40234375,28589.564453125
484.0,29276.125,41031.1796875,27181.716796875,20171.94921875,51868.2421875,48804.44140625,25210.22265625,33603.8828125
484.25,29276.291015625,41031.10546875,27181.68359375,20171.859375,51876.9296875,48803.16796875,25209.740234375,33605.00390625
484.5,29276.376953125,41031.12109375,27181.666015625,20172.111328125,51856.9765625,48806.58984375,25209.453125,33605.29296875
484.75,29234.154296875,40991.1015625,27158.40625,20145.611328125,51822.953125,48748.53125,25186.419921875,33563.03125
485.0,29276.28125,41031.171875,27181.642578125,20171.931640625,51872.50390625,48799.48828125,25211.189453125,33605.4140625
485.25,29276.220703125,41031.17578125,27181.65625,20172.1015625,51869.81640625,48805.51953125,25211.05078125,33605.19140625
485.5,29276.59375,41031.14453125,27181.67578125,20171.8984375,51873.24609375,48806.66796875,25211.166015625,33605.2109375
485.75,29276.2578125,41031.1328125,27181.677734375,20171.9140625,51875.2421875,48805.04296875,25209.73046875,33598.09375
486.0,68325.2109375,80825.984375,51126.6640625,50107.53515625,87921.203125,106876.9609375,54248.21875,71626.2578125
486.25,68327.8671875,80826.28125,51126.9609375,50107.5234375,87928.2265625,106879.5703125,54250.66796875,71632.421875
486.5,68328.7265625,80826.296875,51126.94921875,50107.546875,87919.0703125,106878.40625,54222.58984375,71658.40625
486.75,68297.6484375,80826.3046875,51126.93359375,50107.5859375,87913.3359375,106878.7109375,54250.30859375,71656.859375
487.0,68206.40625,80766.3203125,51086.6953125,50027.26953125,87827.7265625,106713.671875,54210.2421875,71560.546875
487.25,68327.7265625,80826.3203125,51126.94921875,50107.5078125,87914.265625,106880.9375,54250.34375,71656.9296875
487.5,68328.1953125,80826.3046875,51126.95703125,50107.55078125,87919.765625,106875.5234375,54246.9609375,71657.28125
487.75,68328.25,80826.28125,51126.94921875,50107.51171875,87926.21875,106882.078125,54250.10546875,71657.296875
488.0,80340.2734375,75089.2734375,46224.25,46223.18359375,90912.671875,97852.078125,52247.91015625,86677.875
488.25,80340.6875,75089.234375,46224.15234375,46223.25390625,90921.6171875,97866.390625,52247.85546875,86662.6328125
488.5,80341.125,75089.2265625,46224.1953125,46223.3203125,90924.1015625,97864.6640625,52248.43359375,86645.4921875
488.75,80330.40625,75089.203125,46224.2109375,46223.2890625,90919.1171875,97866.2109375,52248.4765625,86676.8203125
489.0,80306.65625,75089.2109375,46224.21875,46223.14453125,90930.5,97869.4375,52247.58984375,86677.5703125
489.25,80193.1328125,75030.7890625,46187.58984375,46150.78515625,90852.3515625,97730.84375,52208.6796875,86559.6640625
489.5,80340.0859375,75089.2109375,46224.1875,46223.24609375,90922.875,97871.6796875,52251.42578125,86679.8984375
489.75,80340.2421875,75089.234375,46224.1640625,46223.18359375,90922.6171875,97862.265625,52248.125,86676.4296875
490.0,75335.640625,79038.9921875,46208.08984375,49204.046875,93921.1328125,99870.0,51246.52734375,79667.7421875
490.25,75335.8671875,79038.9453125,46208.12109375,49204.07421875,93921.7265625,99849.3046875,51246.5625,79668.25
490.5,75335.328125,79038.9453125,46208.1328125,49204.125,93926.375,99865.6640625,51246.0,79652.015625
490.75,75336.2578125,79038.90625,46208.13671875,49204.26171875,93925.65625,99864.0390625,51246.36328125,79668.6640625
491.0,75335.09375,79038.8984375,46208.140625,49204.109375,93921.5234375,99868.6171875,51220.609375,79668.0703125
491.25,75303.703125,79038.9140625,46208.1171875,49204.109375,93931.1796875,99875.8203125,51244.97265625,79668.53125
491.5,75198.8828125,78979.359375,46171.48828125,49125.6328125,93851.4375,99729.9765625,51207.72265625,79560.03125
491.75,75335.59375,79038.984375,46208.10546875,49204.0859375,93922.4453125,99871.4921875,51247.00390625,79668.125
492.0,54601.6953125,56102.8046875,30855.048828125,34363.6953125,63411.0859375,70888.765625,34670.3203125,60475.26171875
492.25,0.0,0.0,0.0,0.0,0.0,0.0,0.0,0.0
492.5,0.0,0.0,0.0,0.0,0.0,0.0,0.0,0.0
492.75,0.0,0.0,0.0,0.0,0.0,0.0,0.0,0.0
493.0,0.0,0.0,0.0,0.0,0.0,0.0,0.0,0.0
493.25,0.0,0.0,0.0,0.0,0.0,0.0,0.0,0.0
493.5,0.0,0.0,0.0,0.0,0.0,0.0,0.0,0.0
493.75,0.0,0.0,0.0,0.0,0.0,0.0,0.0,0.0
494.0,0.0,0.0,0.0,0.0,0.0,0.0,0.0,0.0
494.25,0.0,0.0,0.0,0.0,0.0,0.0,0.0,0.0
494.5,0.0,0.0,0.0,0.0,0.0,0.0,0.0,0.0
494.75,0.0,0.0,0.0,0.0,0.0,0.0,0.0,0.0
495.0,0.0,0.0,0.0,0.0,0.0,0.0,0.0,0.0
495.25,0.0,0.0,0.0,0.0,0.0,0.0,0.0,0.0
495.5,0.0,0.0,0.0,0.0,0.0,0.0,0.0,0.0
495.75,0.0,0.0,0.0,0.0,0.0,0.0,0.0,0.0
496.0,0.0,0.0,0.0,0.0,0.0,0.0,0.0,0.0
496.25,0.0,0.0,0.0,0.0,0.0,0.0,0.0,0.0
496.5,0.0,0.0,0.0,0.0,0.0,0.0,0.0,0.0
496.75,0.0,0.0,0.0,0.0,0.0,0.0,0.0,0.0
497.0,0.0,0.0,0.0,0.0,0.0,0.0,0.0,0.0
497.25,0.0,0.0,0.0,0.0,0.0,0.0,0.0,0.0
497.5,0.0,0.0,0.0,0.0,0.0,0.0,0.0,0.0
497.75,0.0,0.0,0.0,0.0,0.0,0.0,0.0,0.0
498.0,0.0,0.0,0.0,0.0,0.0,0.0,0.0,0.0
498.25,0.0,0.0,0.0,0.0,0.0,0.0,0.0,0.0
498.5,0.0,0.0,0.0,0.0,0.0,0.0,0.0,0.0
498.75,0.0,0.0,0.0,0.0,0.0,0.0,0.0,0.0
