Time,Time Varying Load 611.Single phase time-varying load1.P_measured,Time Varying Load 634.Single phase time-varying load with the Master PulseA.P_measured,Time Varying Load 634.Single phase time-varying load with the Master PulseB.P_measured,Time Varying Load 634.Single phase time-varying load with the Master PulseC.P_measured,Time Varying Load 645.Single phase time-varying load645.P_measured,Time Varying Load 646.Single phase time-varying load646.P_measured,Time Varying Load 652.Single phase time-varying load652.P_measured,Time Varying Load 692.Single phase time-varying loadC.P_measured
0.0,125872.65625,15198.2265625,15219.7861328125,15287.6982421875,131458.390625,228703.53125,115252.7421875,207493.125
0.25,125440.9296875,15216.9716796875,15230.177734375,15231.478515625,131408.421875,228224.34375,115491.3515625,207322.09375
0.5,125416.9609375,15219.2138671875,15227.333984375,15228.5537109375,131382.53125,228171.0,115497.7734375,207274.703125
0.75,125394.7578125,15221.2822265625,15224.7119140625,15225.8818359375,131357.15625,228138.953125,115503.6953125,207237.0625
1.0,125383.9453125,15222.2939453125,15223.4306640625,15224.5595703125,131350.96875,228119.5625,115506.7578125,207219.0625
1.25,125382.890625,15222.390625,15223.3271484375,15224.4306640625,131348.0625,228118.0,115506.9453125,207217.0
1.5,125381.7421875,15222.4931640625,15223.185546875,15224.2939453125,131353.1875,228122.703125,115507.2265625,207214.90625
1.75,125381.2421875,15222.5361328125,15223.1240234375,15224.2265625,131344.375,228119.765625,115507.40625,207213.96875
2.0,125140.859375,15217.8017578125,15207.423828125,15195.0048828125,131209.078125,227695.53125,115476.5,206973.140625
2.25,125381.0,15222.5693359375,15223.080078125,15224.2041015625,131347.125,228124.0,115507.6171875,207213.6875
2.5,125380.9609375,15222.5712890625,15223.078125,15224.201171875,131346.75,228114.265625,115507.5390625,207213.71875
2.75,125380.9765625,15222.5693359375,15223.0830078125,15224.2060546875,131347.078125,228111.359375,115507.6484375,207213.609375
3.0,125381.0078125,15222.5673828125,15223.0859375,15224.203125,131346.609375,228118.5,115507.53125,207213.484375
3.25,125380.9609375,15222.564453125,15223.0869140625,15224.2001953125,131346.203125,228117.875,115507.578125,207213.59375
3.5,125380.921875,15222.564453125,15223.0869140625,15224.1962890625,131342.09375,228118.6875,115507.59375,207213.578125
3.75,125380.890625,15222.564453125,15223.0888671875,15224.1962890625,131344.765625,228111.828125,115507.4765625,207213.3125
4.0,125140.8046875,15217.81640625,15207.40625,15194.998046875,131205.90625,227696.3125,115476.5234375,206973.09375
4.25,125380.9765625,15222.5712890625,15223.078125,15224.205078125,131345.25,228115.1875,115507.484375,207213.578125
4.5,125380.9765625,15222.5693359375,15223.0810546875,15224.2060546875,131350.0,228122.28125,115507.640625,207213.65625
4.75,125381.0078125,15222.5654296875,15223.083984375,15224.205078125,131342.125,228121.796875,115507.515625,207213.6875
5.0,125380.9453125,15222.5634765625,15223.083984375,15224.1982421875,131346.890625,228122.8125,115507.4765625,207213.546875
5.25,125380.9765625,15222.564453125,15223.0849609375,15224.1982421875,131346.46875,228117.640625,115507.671875,207213.640625
5.5,125380.9375,15222.564453125,15223.0849609375,15224.1982421875,131344.015625,228113.015625,115507.515625,207213.546875
5.75,125380.96875,15222.5634765625,15223.0888671875,15224.2001953125,131347.484375,228114.8125,115507.546875,207213.5
6.0,125380.9375,15222.5634765625,15223.091796875,15224.201171875,131349.65625,228115.015625,115507.484375,207213.59375
6.25,125380.9140625,15222.560546875,15223.09375,15224.201171875,131347.65625,228110.8125,115507.5546875,207213.46875
6.5,125380.9609375,15222.5654296875,15223.0830078125,15224.1953125,131346.890625,228119.21875,115507.5390625,207213.671875
6.75,125380.9453125,15222.5634765625,15223.08203125,15224.205078125,131350.203125,228119.28125,115507.578125,207213.640625
7.0,125380.9921875,15222.564453125,15223.083984375,15224.1953125,131349.4375,228119.65625,115507.640625,207213.640625
7.25,125380.953125,15222.564453125,15223.08203125,15224.2060546875,131348.453125,228121.203125,115507.578125,207213.578125
7.5,125380.9765625,15222.560546875,15223.0908203125,15224.20703125,131341.609375,228119.9375,115507.3984375,207213.5625
7.75,125380.9765625,15222.560546875,15223.08984375,15224.1962890625,131348.375,228121.234375,115507.515625,207213.53125
8.0,125380.953125,15222.56640625,15223.080078125,15224.205078125,131345.84375,228121.546875,115507.421875,207213.65625
8.25,125381.0,15222.5634765625,15223.083984375,15224.2080078125,131346.671875,228124.015625,115507.4375,207213.625
8.5,125380.9609375,15222.5595703125,15223.0869140625,15224.2109375,131347.703125,228116.59375,115507.4921875,207213.515625
8.75,125381.0,15222.556640625,15223.087890625,15224.19921875,131350.84375,228117.40625,115507.5078125,207213.59375
9.0,125380.96875,15222.5546875,15223.091796875,15224.205078125,131345.9375,228119.921875,115507.578125,207213.5625
9.25,125380.9609375,15222.5546875,15223.091796875,15224.2080078125,131337.84375,228115.28125,115507.4140625,207213.453125
9.5,125380.9296875,15222.556640625,15223.0908203125,15224.2021484375,131342.9375,228118.875,115507.5859375,207213.4375
9.75,0.0,0.0,0.0,0.0,0.0,0.0,0.0,0.0
10.0,0.0,0.0,0.0,0.0,0.0,0.0,0.0,0.0
10.25,0.0,0.0,0.0,0.0,0.0,0.0,0.0,0.0
10.5,0.0,0.0,0.0,0.0,0.0,0.0,0.0,0.0
10.75,0.0,0.0,0.0,0.0,0.0,0.0,0.0,0.0
11.0,0.0,0.0,0.0,0.0,0.0,0.0,0.0,0.0
11.25,0.0,0.0,0.0,0.0,0.0,0.0,0.0,0.0
11.5,0.0,0.0,0.0,0.0,0.0,0.0,0.0,0.0
11.75,0.0,0.0,0.0,0.0,0.0,0.0,0.0,0.0
12.0,0.0,0.0,0.0,0.0,0.0,0.0,0.0,0.0
12.25,0.0,0.0,0.0,0.0,0.0,0.0,0.0,0.0
12.5,0.0,0.0,0.0,0.0,0.0,0.0,0.0,0.0
12.75,0.0,0.0,0.0,0.0,0.0,0.0,0.0,0.0
13.0,0.0,0.0,0.0,0.0,0.0,0.0,0.0,0.0
13.25,0.0,0.0,0.0,0.0,0.0,0.0,0.0,0.0
13.5,0.0,0.0,0.0,0.0,0.0,0.0,0.0,0.0
13.75,37011.81640625,50826.63671875,26960.63671875,29949.8125,56017.359375,57020.40234375,31006.474609375,40010.1796875
14.0,37011.984375,50826.62890625,26960.646484375,29949.810546875,56017.328125,57012.44140625,31006.15625,39999.5078125
14.25,36949.00390625,50826.4375,26918.462890625,29899.28125,55930.07421875,56897.6640625,31005.498046875,39983.3203125
14.5,37011.9609375,50826.6328125,26960.626953125,29949.83203125,56017.046875,57020.6796875,31006.0703125,40009.76953125
14.75,37011.95703125,50826.6328125,26960.630859375,29949.828125,56017.49609375,57020.41015625,31006.11328125,40009.84765625
15.0,37011.98828125,50826.6328125,26960.6328125,29949.82421875,56017.734375,57020.38671875,31006.09375,40009.85546875
15.25,36999.70703125,50826.62890625,26960.638671875,29949.822265625,56017.625,57020.2578125,31006.017578125,40009.80078125
15.5,37011.91015625,50826.62890625,26960.638671875,29949.818359375,56004.37890625,57020.38671875,31006.103515625,40009.796875
15.75,40012.90625,48026.921875,26013.873046875,32010.00390625,51015.40625,56019.8359375,34006.71484375,39009.58203125
16.0,40012.92578125,48026.91796875,26013.875,32010.0,51015.7265625,56019.98046875,34006.77734375,39009.64453125
16.25,40012.875,48026.91796875,26013.880859375,32009.99609375,51015.72265625,56005.515625,34006.70703125,38998.6015625
16.5,40012.859375,48026.91796875,26013.8828125,32009.9921875,51016.0390625,56012.37890625,33988.86328125,39009.7265625
16.75,40012.94140625,48026.921875,26013.859375,32010.021484375,51015.69921875,56019.89453125,34006.17578125,39009.49609375
17.0,40012.921875,48026.921875,26013.861328125,32010.015625,51015.328125,56019.87890625,34006.703125,39009.59765625
17.25,40012.921875,48026.921875,26013.865234375,32010.013671875,51015.99609375,56019.66796875,34006.703125,39009.59765625
17.5,40004.54296875,48026.921875,26013.8671875,32010.009765625,50999.609375,56019.9375,34006.8125,39009.6484375
17.75,42013.51171875,48016.609375,25013.427734375,31016.916015625,47014.3671875,59021.03125,32006.322265625,42010.3046875
18.0,42013.5703125,48016.609375,25013.431640625,31016.912109375,47014.7265625,59021.09765625,32006.3828125,42010.390625
18.25,42013.5703125,48016.609375,25013.431640625,31016.912109375,47014.27734375,59021.18359375,32006.376953125,42010.38671875
18.5,42013.53125,48016.609375,25013.43359375,31016.908203125,47014.51171875,59036.37109375,32006.24609375,41999.375
18.75,42013.5,48016.609375,25013.4375,31016.90625,47014.2578125,59012.7578125,31989.5078125,42010.4609375
19.0,42013.5625,48016.61328125,25013.416015625,31016.9296875,47014.8984375,59021.12109375,32005.923828125,42010.21875
19.25,42013.5703125,48016.609375,25013.41796875,31016.927734375,47014.4765625,59021.26171875,32006.310546875,42010.3359375
19.5,42013.5703125,48016.609375,25013.421875,31016.923828125,47014.578125,59020.91015625,32006.30859375,42010.33203125
19.75,41999.765625,48016.984375,28006.73828125,33010.75,42999.6953125,66023.5625,30005.80078125,41010.08203125
20.0,41999.66796875,48016.984375,28006.73828125,33010.7578125,43003.6796875,66023.515625,30005.826171875,41010.04296875
20.25,42013.55859375,48016.984375,28006.740234375,33010.75390625,43013.2421875,66023.5859375,30005.912109375,41010.0703125
20.5,42013.5546875,48016.984375,28006.744140625,33010.75390625,43013.6953125,66023.3046875,30005.9296875,41010.08203125
20.75,42013.50390625,48016.98046875,28006.75,33010.74609375,43013.71875,66006.5078125,29990.142578125,41010.2109375
21.0,42013.50390625,48016.98046875,28006.75,33010.74609375,43013.328125,66014.484375,30006.142578125,41010.16015625
21.25,42013.578125,48016.984375,28006.7265625,33010.7734375,43013.32421875,66023.8359375,30005.875,41010.015625
21.5,42013.5703125,48016.984375,28006.728515625,33010.76953125,43013.51171875,66023.2421875,30005.9140625,41010.08984375
21.75,41013.25390625,46022.8203125,24018.30859375,35011.01953125,44013.625,60021.125,35006.921875,41010.09375
22.0,41004.66015625,46022.81640625,24018.310546875,35011.01171875,44014.4765625,60021.43359375,35007.01171875,41010.140625
22.25,40999.68359375,46022.81640625,24018.3125,35011.0078125,44003.96484375,60021.328125,35006.80078125,41010.04296875
22.5,41013.25,46022.81640625,24018.31640625,35010.9765625,44013.6875,60021.35546875,35006.98046875,41010.140625
22.75,41013.24609375,46022.81640625,24018.318359375,35011.0,44013.88671875,60021.2734375,35006.9765625,41010.140625
23.0,41013.20703125,46022.81640625,24018.3203125,35010.99609375,44013.8125,60036.421875,35006.83203125,40999.390625
23.25,41013.1875,46022.81640625,24018.322265625,35010.9921875,44013.87890625,60012.84375,34988.52734375,41010.21484375
23.5,41013.23828125,46022.81640625,24018.302734375,35011.0234375,44013.67578125,60021.2578125,35006.35546875,41009.96875
23.75,42013.56640625,46022.875,25009.7109375,35011.05859375,43013.48046875,61021.375,35006.8984375,40009.84375
24.0,42013.5703125,46022.875,25009.712890625,35011.0546875,43013.28515625,61022.08984375,35006.90234375,40009.84375
24.25,41999.765625,46022.875,25009.716796875,35011.05078125,42999.98046875,61021.5859375,35006.76171875,40009.8359375
24.5,42013.5078125,46022.87109375,25009.720703125,35011.046875,43013.71875,61021.94921875,35006.890625,40009.79296875
24.75,42013.5546875,46022.87109375,25009.720703125,35011.046875,43013.66015625,61021.578125,35006.8984375,40009.828125
25.0,42013.5703125,46022.87109375,25009.72265625,35011.04296875,43013.64453125,61021.9375,35006.98046875,40009.89453125
25.25,42013.5859375,46022.87109375,25009.728515625,35011.03515625,43013.56640625,61005.984375,35006.91015625,39998.6015625
25.5,41942.0859375,46022.69921875,24970.59375,34951.96875,42946.0,60890.36328125,35006.12109375,39983.3359375
25.75,41013.24609375,46022.8203125,24012.90625,35011.01953125,44014.078125,62022.125,36007.046875,40009.76171875
26.0,41013.24609375,46022.81640625,24012.908203125,35011.015625,44013.70703125,62022.046875,36007.09375,40009.84375
26.25,41004.65625,46022.81640625,24012.9140625,35011.0078125,43999.6171875,62022.1640625,36006.95703125,40009.84375
26.5,40999.66796875,46022.81640625,24012.9140625,35011.0078125,43999.7109375,62022.265625,36006.99609375,40009.80078125
26.75,41013.18359375,46022.81640625,24012.916015625,35011.00390625,44014.109375,62021.859375,36007.109375,40009.81640625
27.0,41013.25,46022.81640625,24012.91796875,35010.9765625,44013.25390625,62022.4375,36007.1796875,40009.8984375
27.25,41013.23828125,46022.81640625,24012.923828125,35010.99609375,44014.05859375,61997.359375,36007.0,39998.53125
27.5,41013.265625,46022.81640625,24012.923828125,35010.99609375,44013.49609375,62005.98828125,36007.109375,39998.6015625
27.75,41942.078125,47012.703125,23975.408203125,35953.55859375,44943.8046875,63885.19140625,31005.5546875,40982.94921875
28.0,42013.57421875,47012.8828125,24012.962890625,36014.34375,45014.29296875,64023.203125,31006.11328125,41010.09375
28.25,42013.5703125,47012.8828125,24012.966796875,36014.33984375,45013.9921875,64022.88671875,31006.115234375,41010.08984375
28.5,42013.61328125,47012.8828125,24012.96875,36014.3359375,45013.984375,64022.7578125,31006.1015625,41010.1015625
28.75,41999.6640625,47012.87890625,24012.97265625,36014.328125,45004.08203125,64022.9375,31006.109375,41010.03515625
29.0,42013.50390625,47012.87890625,24012.974609375,36014.328125,45013.96875,64022.83203125,31006.10546875,41010.03515625
29.25,42013.57421875,47012.87890625,24012.9765625,36014.32421875,45013.8046875,64022.72265625,31006.185546875,41010.14453125
29.5,42013.53125,47012.87890625,24012.978515625,36014.3203125,45013.76171875,64022.734375,31006.04296875,40999.3828125
29.75,41942.05859375,46019.328125,24957.4453125,35953.54296875,43945.1171875,62877.55859375,30005.26953125,39983.33984375
30.0,42013.5703125,46019.50390625,24996.529296875,36014.33984375,44013.85546875,63022.37109375,30005.912109375,40009.84375
30.25,42013.57421875,46019.50390625,24996.52734375,36014.33984375,44013.19140625,63022.5078125,30005.91796875,40009.84375
30.5,42013.57421875,46019.50390625,24996.53125,36014.3359375,44013.7890625,63022.39453125,30005.91796875,40009.84765625
30.75,42004.7734375,46019.50390625,24996.53515625,36014.33203125,44000.2734375,63022.60546875,30006.013671875,40009.89453125
31.0,42004.7734375,46019.50390625,24996.53515625,36014.328125,43999.84375,63022.3125,30006.01171875,40009.890625
31.25,42013.51171875,46019.5,24996.5390625,36014.328125,44013.62890625,63022.45703125,30005.908203125,40009.79296875
31.5,42013.57421875,46019.5,24996.541015625,36014.296875,44013.9140625,63022.55078125,30005.984375,40009.89453125
31.75,41013.265625,48009.52734375,27008.462890625,35019.31640625,45014.5859375,62997.47265625,31006.125,39998.6015625
32.0,40943.4296875,48009.34375,26966.21484375,34960.21875,44943.71875,62877.5234375,31005.404296875,39983.3046875
32.25,41013.25,48009.52734375,27008.443359375,35019.33984375,45014.21875,63022.36328125,31006.07421875,40009.76953125
32.5,41013.25,48009.52734375,27008.4453125,35019.3359375,45013.80078125,63022.6328125,31006.111328125,40009.84765625
32.75,41013.2421875,48009.52734375,27008.44921875,35019.30859375,45013.8984375,63022.60546875,31006.103515625,40009.8359375
33.0,41004.65625,48009.52734375,27008.451171875,35019.328125,44999.546875,63022.6796875,31006.21484375,40009.89453125
33.25,41013.11328125,48009.52734375,27008.455078125,35019.328125,45004.36328125,63022.19140625,31006.126953125,40009.76953125
33.5,41013.25390625,48009.52734375,27008.45703125,35019.3203125,45014.03515625,63022.54296875,31006.18359375,40009.8984375
33.75,38012.27734375,51006.109375,27012.568359375,34018.73828125,46014.58984375,66040.78125,30005.8515625,36999.46484375
34.0,38012.20703125,51006.109375,27012.5703125,34018.734375,46014.46484375,65997.5078125,30005.830078125,36998.60546875
34.25,37947.58203125,51005.9140625,26970.31640625,33961.328125,45942.34375,65871.5234375,30005.240234375,36984.546875
34.5,38012.28125,51006.11328125,27012.548828125,34018.7578125,46014.37890625,66023.8984375,30005.87890625,37009.0390625
34.75,38012.28125,51006.11328125,27012.552734375,34018.73046875,46014.40625,66023.8046875,30005.9140625,37009.109375
35.0,38012.31640625,51006.11328125,27012.556640625,34018.7265625,46000.05078125,66023.765625,30005.8984375,37009.11328125
35.25,38004.3046875,51006.109375,27012.55859375,34018.75,45999.375,66023.640625,30006.017578125,37009.15234375
35.5,38012.23046875,51006.109375,27012.560546875,34018.74609375,46004.0390625,66023.15625,30005.908203125,37009.05859375
35.75,40012.91015625,49024.44140625,31004.8671875,31021.6953125,45013.515625,69024.7421875,29005.732421875,38009.34375
36.0,40012.92578125,49024.44140625,31004.87109375,31021.693359375,45014.37109375,69042.6015625,29005.654296875,37999.4453125
36.25,40012.87109375,49024.44140625,31004.875,31021.689453125,45014.0546875,69014.8984375,29005.93359375,38009.41015625
36.5,40012.93359375,49024.4453125,31004.84765625,31021.712890625,45014.1484375,69024.34375,29005.681640625,38009.28125
36.75,40012.92578125,49024.4453125,31004.8515625,31021.703125,45014.390625,69024.8125,29005.71484375,38009.3515625
37.0,40012.921875,49024.4453125,31004.853515625,31021.70703125,45014.0,69024.6953125,29005.71484375,38009.34765625
37.25,40004.55859375,49024.4453125,31004.857421875,31021.703125,45013.99609375,69024.65625,29005.818359375,38009.41015625
37.5,39999.6953125,49024.4453125,31004.861328125,31021.701171875,45004.0234375,69024.5859375,29005.630859375,38009.30859375
37.75,43013.828125,47023.5078125,31004.828125,32012.646484375,44013.6484375,67023.6328125,29005.7265625,41010.0546875
38.0,43013.87890625,47023.51171875,31004.83203125,32012.642578125,44013.70703125,67023.9296875,29005.734375,41010.08203125
38.25,43013.828125,47023.5078125,31004.837890625,32012.63671875,44014.15234375,66997.15625,28990.470703125,41010.2109375
38.5,43013.84375,47023.5078125,31004.837890625,32012.63671875,44014.10546875,67014.6796875,29005.251953125,41009.91796875
38.75,43013.90234375,47023.51171875,31004.810546875,32012.662109375,44014.1796875,67024.0703125,29005.6796875,41010.015625
39.0,43013.8984375,47023.51171875,31004.814453125,32012.658203125,44013.6875,67023.8046875,29005.716796875,41010.09375
39.25,43013.890625,47023.51171875,31004.8203125,32012.654296875,43999.453125,67023.9609375,29005.716796875,41010.08203125
39.5,43013.9375,47023.5078125,31004.8203125,32012.65234375,44013.73046875,67023.75,29005.818359375,41010.14453125
39.75,43999.65234375,49009.5,29017.80078125,31016.966796875,41003.20703125,65023.2265625,31006.111328125,41010.03515625
40.0,44014.15234375,49009.5,29017.802734375,31016.962890625,41012.94921875,65023.27734375,31006.123046875,41010.05859375
40.25,44014.2109375,49009.5,29017.80859375,31016.95703125,41012.78125,65023.328125,31006.154296875,40999.4765625
40.5,44014.2265625,49009.5,29017.810546875,31016.953125,41013.3046875,65006.20703125,30989.8671875,40998.7578125
40.75,43939.3125,49009.31640625,28972.408203125,30964.625,40948.5546875,64882.7578125,31005.44140625,40982.92578125
41.0,44014.21875,49009.5,29017.7890625,31016.9765625,41013.03515625,65023.1484375,31006.11328125,41010.09375
41.25,44014.21875,49009.5,29017.79296875,31016.97265625,41012.44921875,65023.37109375,31006.11328125,41010.08984375
41.5,35446.9453125,38628.2578125,26197.333984375,25338.388671875,37431.515625,56927.46875,25113.48828125,31883.66015625
41.75,13004.185546875,16036.171875,10018.2685546875,12022.0068359375,15004.751953125,21007.4140625,11002.189453125,15003.6865234375
42.0,13004.1953125,16036.1708984375,10018.2705078125,12022.005859375,15004.7626953125,21007.462890625,11002.169921875,15003.6669921875
42.25,13004.1943359375,16036.171875,10018.271484375,12021.99609375,15004.708984375,21007.443359375,11002.171875,15003.666015625
42.5,13004.1943359375,16036.1708984375,10018.2724609375,12022.00390625,15004.56640625,21007.435546875,11002.1708984375,15003.6640625
42.75,13004.1923828125,16036.1708984375,10018.2734375,12022.001953125,15004.6123046875,20999.255859375,11002.171875,15003.662109375
43.0,12979.408203125,16036.111328125,10002.59765625,12001.71875,14981.39453125,20962.2734375,11002.107421875,14994.0859375
43.25,13004.2021484375,16036.171875,10018.2666015625,12022.009765625,15004.8857421875,21007.525390625,10996.310546875,15003.708984375
43.5,13819.61328125,16904.361328125,10015.3828125,12416.6669921875,15204.7021484375,21548.765625,10217.7138671875,14099.8232421875
43.75,15004.8388671875,18003.62109375,10004.6767578125,13005.2177734375,16004.880859375,23008.150390625,9001.7646484375,12999.515625
44.0,15004.8388671875,18003.619140625,10004.677734375,13005.216796875,16005.017578125,23008.205078125,9001.7744140625,13003.1767578125
44.25,15004.8408203125,18003.619140625,10004.6796875,13005.2138671875,16004.966796875,23008.20703125,9001.77734375,13003.1767578125
44.5,15004.83984375,18003.619140625,10004.6796875,13005.21484375,16005.037109375,23008.310546875,9001.77734375,13003.1767578125
44.75,15004.8388671875,18003.619140625,10004.6806640625,13005.2119140625,16004.9970703125,23008.255859375,9001.77734375,13003.1748046875
45.0,15004.8369140625,18003.619140625,10004.681640625,13005.2109375,16005.078125,22998.9453125,9001.77734375,13003.173828125
45.25,14999.91015625,18003.62109375,10004.673828125,13005.220703125,16005.0283203125,23008.365234375,9001.775390625,13003.185546875
45.5,16004.4501953125,18006.255859375,10004.6298828125,13006.14453125,17004.98828125,23008.04296875,8997.310546875,11002.5810546875
45.75,16005.1708984375,18006.255859375,10004.630859375,13006.142578125,17005.41796875,23008.19921875,9001.7275390625,10999.818359375
46.0,16005.166015625,18006.25390625,10004.6328125,13006.140625,17001.58984375,23008.185546875,9001.7783203125,11002.6904296875
46.25,16005.1650390625,18006.25390625,10004.6328125,13006.1396484375,17005.095703125,23008.279296875,9001.77734375,11002.689453125
46.5,16005.1640625,18006.25390625,10004.6337890625,13006.138671875,17005.451171875,23008.361328125,9001.77734375,11002.6884765625
46.75,16005.1611328125,18006.25390625,10004.6357421875,13006.13671875,17005.373046875,23008.279296875,9001.77734375,11002.6865234375
47.0,16005.1611328125,18006.25390625,10004.6357421875,13006.13671875,17005.298828125,23008.21875,9001.77734375,11002.6865234375
47.25,15978.00390625,18006.185546875,9988.986328125,12984.185546875,16978.65234375,22955.400390625,9001.7265625,10995.658203125
47.5,11004.833984375,22999.396484375,12996.283203125,9004.8291015625,18004.837890625,28008.34375,9000.8779296875,6002.92626953125
47.75,11003.5576171875,22999.33984375,12996.2724609375,9007.04296875,18005.61328125,28010.166015625,8996.9794921875,6001.484375
48.0,11003.548828125,22999.33984375,12996.2744140625,9007.0361328125,17999.857421875,28010.0390625,9001.7626953125,5999.90087890625
48.25,11003.5517578125,22999.33984375,12996.275390625,9007.0419921875,17999.822265625,28009.908203125,9001.77734375,6001.466796875
48.5,11003.5517578125,22999.33984375,12996.2763671875,9007.041015625,18001.619140625,28009.96875,9001.7763671875,6001.46728515625
48.75,11003.5498046875,22999.33984375,12996.2783203125,9007.0400390625,18005.5625,28009.935546875,9001.7783203125,6001.46630859375
49.0,11003.5498046875,22999.33984375,12996.279296875,9007.0390625,18005.4765625,28010.123046875,9001.77734375,6001.46533203125
49.25,11003.5478515625,22999.337890625,12996.28125,9007.0380859375,18005.681640625,27998.703125,9001.77734375,6001.46484375
49.5,16966.46484375,20011.30078125,10989.48828125,9987.044921875,12984.6298828125,27946.412109375,10002.8955078125,7995.34765625
49.75,17001.919921875,20011.421875,11006.7041015625,10003.9208984375,13004.06640625,28010.09765625,10001.9736328125,8001.9609375
50.0,17005.48046875,20011.421875,11006.7060546875,10003.919921875,13004.0712890625,28009.95703125,9996.6484375,8001.97607421875
50.25,17005.486328125,20011.421875,11006.70703125,10003.912109375,13004.0498046875,28010.080078125,10001.91796875,7999.865234375
50.5,17005.482421875,20011.421875,11006.70703125,10003.91796875,13004.08984375,28010.048828125,10001.958984375,7999.701171875
50.75,17005.486328125,20011.421875,11006.708984375,10003.9169921875,13004.171875,28010.0234375,10001.9755859375,8001.9560546875
51.0,17005.486328125,20011.421875,11006.7109375,10003.916015625,13004.24609375,28009.939453125,10001.974609375,8001.95556640625
51.25,17005.484375,20011.419921875,11006.7119140625,10003.9150390625,13004.0458984375,28009.91015625,10001.974609375,8001.95361328125
51.5,18004.13671875,23002.849609375,9005.5458984375,9999.4755859375,9003.3046875,29010.5,9998.3251953125,7000.68212890625
51.75,18002.0390625,23002.76953125,9005.5458984375,9999.4775390625,9002.8095703125,29010.431640625,10001.97265625,7001.71728515625
52.0,17999.876953125,23002.76953125,9005.546875,9999.4755859375,9002.7734375,29010.341796875,10001.9921875,7001.7158203125
52.25,18005.798828125,23002.76953125,9005.546875,9999.4697265625,9002.7998046875,29010.306640625,10002.0048828125,7001.71923828125
52.5,18005.8046875,23002.76953125,9005.548828125,9999.4736328125,8999.9609375,29010.4140625,10001.9619140625,6999.7373046875
52.75,18005.810546875,23002.76953125,9005.5498046875,9999.4736328125,9000.81640625,29010.296875,10001.9736328125,7001.71142578125
53.0,18005.80859375,23002.76953125,9005.55078125,9999.47265625,9002.82421875,29010.525390625,10001.9736328125,7001.7109375
53.25,18005.80859375,23002.767578125,9005.5517578125,9999.4716796875,9002.884765625,29010.37890625,10001.974609375,7001.71044921875
53.5,18005.51953125,17013.587890625,12002.7568359375,7004.845703125,8002.51220703125,29010.376953125,16003.015625,8001.818359375
53.75,18005.802734375,17013.5625,12002.7392578125,7004.83984375,8002.4423828125,28998.716796875,16003.158203125,8001.953125
54.0,18002.0390625,17013.564453125,12002.7294921875,7004.85009765625,8002.54248046875,29010.287109375,16003.15625,8001.96240234375
54.25,18005.796875,17013.564453125,12002.73046875,7004.849609375,8002.5009765625,29010.484375,16003.1884765625,8001.95849609375
54.5,18005.822265625,17013.564453125,12002.7314453125,7004.8486328125,8002.49560546875,29010.216796875,15994.6220703125,8001.9775390625
54.75,18005.8046875,17013.564453125,12002.732421875,7004.84765625,7999.98046875,29010.357421875,16003.1376953125,7999.869140625
55.0,18005.810546875,17013.564453125,12002.734375,7004.84716796875,8000.7783203125,29010.46875,16003.15625,8001.95654296875
55.25,18005.80859375,17013.5625,12002.7353515625,7004.8466796875,8002.48876953125,29010.26171875,16003.1572265625,8001.95556640625
55.5,16005.259765625,14008.1328125,15003.5986328125,10002.490234375,2000.661376953125,31011.123046875,17003.552734375,3000.79345703125
55.75,16005.1611328125,14008.12890625,15003.5810546875,10002.4775390625,2000.6396484375,31011.21484375,17003.35546875,3000.732666015625
56.0,16005.16015625,14008.1298828125,15003.5810546875,10002.4765625,2000.6099853515625,31010.951171875,17003.35546875,3000.732666015625
56.25,16001.810546875,14008.1298828125,15003.5693359375,10002.484375,2000.6240234375,31011.0625,17003.353515625,3000.736083984375
56.5,16001.8056640625,14008.1298828125,15003.5703125,10002.484375,2000.628662109375,31011.16796875,17003.353515625,3000.735595703125
56.75,16005.173828125,14008.1298828125,15003.5732421875,10002.482421875,2000.6251220703125,31011.078125,16994.248046875,2999.960693359375
57.0,16005.166015625,14008.1298828125,15003.57421875,10002.48046875,1999.998779296875,31011.158203125,17003.296875,2999.888427734375
57.25,16005.1650390625,14008.1298828125,15003.576171875,10002.48046875,2000.203857421875,31011.20703125,17003.357421875,3000.733642578125
57.5,19007.69921875,15004.111328125,15006.9619140625,10004.7353515625,7001.7158203125,30010.40234375,13002.1005859375,7001.36376953125
57.75,19006.130859375,15004.0947265625,15006.96484375,10004.732421875,7002.25634765625,30010.7734375,13002.56640625,7001.71044921875
58.0,19006.12890625,15004.0947265625,15006.966796875,10004.7314453125,7002.2197265625,30010.771484375,13002.56640625,7001.70947265625
58.25,19006.126953125,15004.0947265625,15006.96875,10004.7236328125,7002.1748046875,29998.755859375,13002.56640625,7001.708984375
58.5,19002.15234375,15004.095703125,15006.955078125,10004.73828125,7002.20751953125,30010.638671875,13002.5654296875,7001.71728515625
58.75,18999.8984375,15004.095703125,15006.95703125,10004.7373046875,7002.22314453125,30010.478515625,13002.595703125,7001.72265625
59.0,19006.146484375,15004.095703125,15006.958984375,10004.736328125,7002.16552734375,30010.859375,13002.4931640625,6999.8916015625
59.25,19006.1328125,15004.095703125,15006.9609375,10004.7353515625,7000.67578125,30010.6953125,13002.564453125,6999.74267578125
59.5,21006.6484375,13998.5322265625,14007.509765625,10004.69921875,7000.65966796875,27009.85546875,13002.68359375,7001.74853515625
59.75,21006.77734375,13998.533203125,14007.51953125,10004.6904296875,7002.2197265625,27009.552734375,13002.5673828125,7001.71044921875
60.0,21006.77734375,13998.533203125,14007.5205078125,10004.697265625,7002.22216796875,27009.640625,13002.5654296875,7001.7099609375
60.25,21006.7734375,13998.533203125,14007.5224609375,10004.6953125,7002.146484375,26998.814453125,13002.56640625,7001.708984375
60.5,20971.12890625,13998.48046875,13985.60546875,9987.8154296875,6991.13623046875,26947.515625,13002.4931640625,6997.24072265625
60.75,20999.876953125,13998.5341796875,14007.5126953125,10004.7021484375,7002.22216796875,27009.669921875,13002.564453125,7001.71484375
61.0,20999.88671875,13998.5341796875,14007.5126953125,10004.7021484375,7002.19873046875,27009.71484375,13002.576171875,7001.7197265625
61.25,21006.783203125,13998.5341796875,14007.515625,10004.7001953125,7002.19677734375,27009.79296875,13002.546875,6999.73828125
61.5,23007.4296875,14004.84375,13006.9990234375,10004.712890625,11003.59765625,22007.814453125,11002.1337890625,10002.4541015625
61.75,23007.421875,14004.84375,13006.9970703125,10004.7119140625,11001.021484375,22007.818359375,11002.1728515625,10002.4443359375
62.0,23007.419921875,14004.8427734375,13006.998046875,10004.7109375,11003.49609375,22007.78515625,11002.1728515625,10002.4443359375
62.25,23007.419921875,14004.8427734375,13007.0009765625,10004.708984375,11003.3837890625,22007.72265625,11002.171875,10002.4423828125
62.5,23007.416015625,14004.8427734375,13007.001953125,10004.7080078125,11003.443359375,21998.98828125,11002.171875,10002.44140625
62.75,22968.380859375,14004.7900390625,12986.650390625,9987.8271484375,10986.25,21957.29296875,11002.1103515625,9996.0556640625
63.0,23002.603515625,14004.84375,13006.9912109375,10004.7158203125,11003.3330078125,22007.787109375,11002.169921875,10002.453125
63.25,23007.404296875,14004.84375,13006.994140625,10004.7138671875,11003.4423828125,22007.82421875,10996.2802734375,10002.458984375
63.5,25007.95703125,12006.0009765625,17002.685546875,8004.9990234375,8999.9853515625,23008.212890625,9001.78125,9999.62109375
63.75,25008.072265625,12006.0009765625,17002.701171875,8004.99462890625,9002.81640625,23008.25,9001.7783203125,10002.4453125
64.0,25008.068359375,12006.0009765625,17002.703125,8004.98828125,9002.8271484375,23008.203125,9001.77734375,10002.4443359375
64.25,25008.068359375,12006.0009765625,17002.705078125,8004.9931640625,9002.81640625,23008.19921875,9001.7763671875,10002.4423828125
64.5,25008.064453125,12006.0009765625,17002.70703125,8004.99267578125,9002.7939453125,23008.10546875,9001.7763671875,10002.44140625
64.75,24965.611328125,12005.955078125,16976.111328125,7991.482421875,8988.6728515625,22955.5234375,9001.7255859375,9996.052734375
65.0,25002.8359375,12006.001953125,17002.693359375,8004.998046875,9002.7119140625,23008.23046875,9001.775390625,10002.453125
65.25,24999.865234375,12006.001953125,17002.6953125,8004.99169921875,9002.78515625,23008.154296875,8996.9775390625,10002.474609375
65.5,28999.71875,10004.943359375,16000.107421875,6003.71484375,4001.235595703125,24008.505859375,10996.318359375,13003.205078125
65.75,29009.37890625,10004.9404296875,16000.1064453125,6003.7109375,4001.2470703125,24008.537109375,11002.16796875,12999.52734375
66.0,29009.357421875,10004.9404296875,16000.109375,6003.7080078125,4001.230712890625,24008.5703125,11002.1728515625,13003.177734375
66.25,29009.359375,10004.9404296875,16000.111328125,6003.70947265625,4001.269775390625,24008.708984375,11002.171875,13003.177734375
66.5,29009.359375,10004.9404296875,16000.11328125,6003.708984375,4001.23583984375,24008.541015625,11002.1708984375,13003.17578125
66.75,29009.353515625,10004.9404296875,16000.1142578125,6003.70849609375,4001.25390625,24008.58984375,11002.171875,13003.173828125
67.0,28960.103515625,10004.90234375,15975.087890625,5993.57568359375,3994.99755859375,23953.546875,11002.1083984375,12994.869140625
67.25,29009.388671875,10004.94140625,16000.1025390625,6003.712890625,4001.25244140625,24008.6640625,11002.1708984375,13003.1865234375
67.5,23000.05859375,17995.33203125,13009.0234375,4002.51904296875,12003.8349609375,25009.056640625,7001.33056640625,11002.7060546875
67.75,23007.431640625,17995.359375,13009.0263671875,4002.51171875,12003.6875,25009.015625,7001.37255859375,10999.822265625
68.0,23007.421875,17995.357421875,13009.02734375,4002.513916015625,11999.9853515625,25009.064453125,7001.380859375,11002.6884765625
68.25,23007.42578125,17995.357421875,13009.0283203125,4002.513427734375,12003.857421875,25008.890625,7001.3818359375,11002.689453125
68.5,23007.423828125,17995.357421875,13009.0302734375,4002.51318359375,12003.8232421875,25008.9609375,7001.38232421875,11002.6884765625
68.75,23007.421875,17995.357421875,13009.03125,4002.512939453125,12003.7197265625,25008.9765625,7001.38232421875,11002.6865234375
69.0,23007.41796875,17995.357421875,13009.033203125,4002.512451171875,12003.703125,25008.9453125,7001.3818359375,11002.685546875
69.25,22968.37109375,17995.2890625,12988.6845703125,3995.75732421875,11984.9990234375,24951.44140625,7001.3427734375,10995.6552734375
69.5,-3994.81787109375,-4007.814453125,-6001.6552734375,-12993.25390625,2996.28271484375,-13972.9150390625,-8001.4912109375,-8995.7294921875
69.75,-4001.29248046875,-4007.814453125,-6011.03466796875,-13015.1630859375,3000.959228515625,-14004.8935546875,-8001.57958984375,-9002.1943359375
70.0,-4001.291748046875,-4007.814453125,-6011.03564453125,-13015.0908203125,3000.94189453125,-14004.982421875,-8001.58349609375,-8999.673828125
70.25,-4001.29150390625,-4007.814453125,-6011.03857421875,-13015.162109375,3000.00927734375,-14004.9833984375,-8001.58203125,-8999.6728515625
70.5,-4001.291259765625,-4007.814453125,-6011.041015625,-13015.15234375,3000.2421875,-14005.0029296875,-8001.58251953125,-9002.193359375
70.75,-4000.442138671875,-4007.814208984375,-6011.03759765625,-13015.1416015625,3000.945068359375,-14005.005859375,-8001.578125,-9002.1884765625
71.0,-3999.9755859375,-4007.814208984375,-6011.03662109375,-13015.1435546875,3000.93310546875,-14004.9892578125,-8001.5947265625,-9002.193359375
71.25,-4001.288818359375,-4007.814208984375,-6011.03857421875,-13015.111328125,3000.954833984375,-14004.99609375,-8001.58251953125,-9002.1904296875
71.5,-3994.519287109375,-5002.08935546875,-7992.3857421875,-10984.9541015625,1997.4989013671875,-16966.99609375,-5000.97607421875,-9996.1796875
71.75,-4001.29248046875,-5002.1103515625,-8004.9033203125,-11003.5087890625,2000.6123046875,-17006.0546875,-5000.9892578125,-10002.4404296875
72.0,-4001.2919921875,-5002.1103515625,-8004.904296875,-11003.49609375,2000.630615234375,-17006.03125,-5000.98876953125,-10002.439453125
72.25,-4001.291748046875,-5002.10986328125,-8004.9052734375,-11003.4990234375,2000.6240234375,-17006.1171875,-5000.98974609375,-9999.6376953125
72.5,-4001.291015625,-5002.1103515625,-8004.9072265625,-11003.53515625,2000.6201171875,-17006.173828125,-5000.98876953125,-10002.4365234375
72.75,-4001.28955078125,-5002.10986328125,-8004.90771484375,-11003.4765625,2000.630126953125,-17006.107421875,-5000.98583984375,-10002.4326171875
73.0,-4000.4423828125,-5002.10986328125,-8004.90625,-11003.49609375,2000.6304931640625,-17006.044921875,-5000.986328125,-10002.4326171875
73.25,-4001.289306640625,-5002.10986328125,-8004.9091796875,-11003.5009765625,2000.601806640625,-17006.11328125,-5000.99462890625,-10002.4345703125
73.5,-2000.6517333984375,-12010.5859375,-7002.724609375,-3999.76123046875,0.0,-18999.28125,-9001.8583984375,-8001.97021484375
73.75,-2000.6466064453125,-12010.5712890625,-7002.7236328125,-3999.771728515625,0.0,-19006.81640625,-9001.78125,-8001.95263671875
74.0,-2000.646240234375,-12010.5712890625,-7002.71875,-3999.7685546875,0.0,-19006.73828125,-9001.779296875,-8001.951171875
74.25,-2000.6461181640625,-12010.5712890625,-7002.7197265625,-3999.763427734375,0.0,-19006.814453125,-9001.7822265625,-7999.71044921875
74.5,-2000.64599609375,-12010.5712890625,-7002.71923828125,-3999.771240234375,0.0,-19006.720703125,-9001.7822265625,-8001.95068359375
74.75,-2000.6453857421875,-12010.5703125,-7002.7197265625,-3999.75732421875,0.0,-19006.783203125,-9001.7802734375,-8001.9482421875
75.0,-2000.2215576171875,-12010.5703125,-7002.7216796875,-3999.766357421875,0.0,-19006.79296875,-8996.89453125,-8001.94091796875
75.25,-1999.9879150390625,-12010.5703125,-7002.72265625,-3999.767822265625,0.0,-19006.78125,-9001.802734375,-8001.94970703125
75.5,-4001.288818359375,-18014.390625,-4000.923828125,-5002.70068359375,2000.62939453125,-19006.712890625,-10002.0732421875,-12002.9599609375
75.75,-3994.518798828125,-18014.294921875,-3994.664794921875,-4994.25537109375,1997.4959716796875,-18963.16796875,-10001.927734375,-11995.435546875
76.0,-4001.292236328125,-18014.36328125,-4000.921875,-5002.724609375,2000.617919921875,-19006.728515625,-10001.9755859375,-11999.8056640625
76.25,-4001.292236328125,-18014.36328125,-4000.92236328125,-5002.70556640625,2000.6275634765625,-19006.79296875,-10001.9775390625,-11999.5634765625
76.5,-4001.292236328125,-18014.36328125,-4000.922607421875,-5002.71435546875,2000.618408203125,-19006.763671875,-10001.98046875,-12002.927734375
76.75,-4001.29150390625,-18014.36328125,-4000.92333984375,-5002.72509765625,2000.183349609375,-19006.873046875,-10001.9775390625,-12002.9228515625
77.0,-4001.290771484375,-18014.361328125,-4000.920654296875,-5002.70166015625,2000.6259765625,-19006.6875,-9996.552734375,-12002.9140625
77.25,-4000.44287109375,-18014.361328125,-4000.925048828125,-5002.70947265625,2000.6151123046875,-19006.953125,-9996.5537109375,-12002.9111328125
77.5,1000.3262329101562,-14993.9541015625,1000.0882568359375,-9007.0048828125,-1000.3110961914062,-13004.6484375,-16003.4248046875,-11002.720703125
77.75,999.9937133789062,-14993.958984375,1000.0887451171875,-9007.0146484375,-1000.3076171875,-12999.4697265625,-16003.166015625,-11002.673828125
78.0,998.628662109375,-14993.9033203125,998.52392578125,-8991.8037109375,-998.7578735351562,-12974.693359375,-16003.0869140625,-10995.8251953125
78.25,1000.3231811523438,-14993.9609375,1000.0880126953125,-9006.9970703125,-1000.3055419921875,-13004.5126953125,-16003.1640625,-10999.822265625
78.5,1000.3231811523438,-14993.9599609375,1000.0880126953125,-9007.0009765625,-1000.3137817382812,-13004.595703125,-16003.1669921875,-10999.6015625
78.75,1000.3230590820312,-14993.9599609375,1000.088134765625,-9007.0009765625,-999.9982299804688,-13004.6103515625,-16003.1650390625,-11002.6806640625
79.0,1000.3228759765625,-14993.9599609375,1000.08837890625,-9007.015625,-1000.3102416992188,-13004.5283203125,-16003.1650390625,-11002.6796875
79.25,1000.3228149414062,-14993.9599609375,1000.0884399414062,-9007.0166015625,-1000.3190307617188,-13004.6572265625,-15994.466796875,-11002.66796875
79.5,-3000.9697265625,-19012.455078125,5000.80859375,-7002.263671875,-0.0,-12004.3212890625,-10996.216796875,-14003.396484375
79.75,-3000.332275390625,-19012.435546875,5000.810546875,-7002.2607421875,-0.0,-12004.2431640625,-11002.169921875,-14003.40234375
80.0,-2999.9814453125,-19012.43359375,5000.81103515625,-7002.265625,0.0,-11999.48046875,-11002.17578125,-14003.40234375
80.25,-3000.96875,-19012.435546875,5000.81103515625,-7002.2646484375,0.0,-11999.5185546875,-11002.17578125,-14003.40625
80.5,-3000.97021484375,-19012.435546875,5000.80712890625,-7002.26513671875,0.0,-12004.326171875,-11002.1767578125,-14003.416015625
80.75,-3000.969482421875,-19012.435546875,5000.80419921875,-7002.27685546875,0.0,-12004.16796875,-11002.1796875,-14003.4169921875
81.0,-3000.968994140625,-19012.435546875,5000.80810546875,-7002.26611328125,0.0,-12004.244140625,-11002.17578125,-14003.4111328125
81.25,-3000.96875,-19012.435546875,5000.80908203125,-7002.25390625,0.0,-12004.298828125,-11002.1767578125,-14003.41015625
81.5,-11003.5166015625,-18004.90625,8001.88818359375,-10007.01171875,0.0,-14004.9326171875,-1000.1829223632812,-15003.609375
81.75,-11003.5498046875,-18004.90625,8001.89306640625,-10007.005859375,0.0,-14004.9580078125,-999.6550903320312,-15003.6396484375
82.0,-11001.216796875,-18004.90625,8001.89111328125,-10007.015625,0.0,-14005.0205078125,-1000.1996459960938,-15003.654296875
82.25,-10999.931640625,-18004.90625,8001.8916015625,-10007.0263671875,0.0,-14004.9912109375,-1000.198486328125,-15003.65234375
82.5,-11003.5478515625,-18004.90625,8001.89013671875,-10007.0009765625,0.0,-13999.3759765625,-1000.19775390625,-15003.6474609375
82.75,-11003.5537109375,-18004.908203125,8001.88916015625,-10007.001953125,0.0,-14005.052734375,-1000.197509765625,-14999.755859375
83.0,-11003.5537109375,-18004.908203125,8001.88720703125,-10007.0087890625,0.0,-14004.970703125,-1000.19775390625,-14999.455078125
83.25,-11003.552734375,-18004.908203125,8001.8876953125,-10007.0107421875,0.0,-14005.0380859375,-1000.19775390625,-15003.65625
83.5,-11003.5830078125,-18006.263671875,5000.82373046875,-7001.69091796875,-4000.384521484375,-16005.716796875,5001.0087890625,-9002.19921875
83.75,-11003.55078125,-18006.259765625,5000.82373046875,-7001.705078125,-4001.242431640625,-16005.712890625,5000.98876953125,-9002.1923828125
84.0,-11003.5498046875,-18006.259765625,5000.82421875,-7001.69140625,-4001.25390625,-16005.74609375,5000.98876953125,-9002.19140625
84.25,-11003.55078125,-18006.2578125,5000.8251953125,-7001.708984375,-4001.256591796875,-16005.837890625,5000.99267578125,-9002.19140625
84.5,-11003.544921875,-18006.2578125,5000.82470703125,-7001.70361328125,-4001.249755859375,-15999.3359375,5000.98876953125,-9002.189453125
84.75,-10984.9296875,-18006.189453125,4993.0009765625,-6989.87548828125,-3994.989013671875,-15968.990234375,5000.9638671875,-8996.5771484375
85.0,-11003.5546875,-18006.259765625,5000.82177734375,-7001.70947265625,-4001.26904296875,-16005.59375,5000.9873046875,-9002.1943359375
85.25,-11003.5546875,-18006.259765625,5000.82470703125,-7001.7099609375,-4001.268798828125,-16005.6435546875,5000.99072265625,-8999.67578125
85.5,-17005.5078125,-17004.583984375,1000.7645263671875,-6002.38037109375,-0.0,-15005.39453125,2000.392822265625,-15003.6572265625
85.75,-17005.48828125,-17004.580078125,1000.7647094726562,-6002.3759765625,-0.0,-15005.3447265625,2000.3953857421875,-15003.6552734375
86.0,-17005.486328125,-17004.578125,1000.7647705078125,-6002.37060546875,0.0,-15005.498046875,2000.3955078125,-15003.6533203125
86.25,-17001.87890625,-17004.578125,1000.7649536132812,-6002.37060546875,0.0,-15005.341796875,1999.311279296875,-15003.640625
86.5,-16999.896484375,-17004.578125,1000.7650146484375,-6002.37060546875,0.0,-15005.3447265625,2000.3995361328125,-15003.6552734375
86.75,-17005.490234375,-17004.578125,1000.7650756835938,-6002.37109375,0.0,-15005.337890625,2000.396484375,-15003.6552734375
87.0,-16976.712890625,-17004.513671875,999.1992797851562,-5992.244140625,0.0,-14970.7734375,2000.3857421875,-14994.294921875
87.25,-17005.4921875,-17004.580078125,1000.764404296875,-6002.3740234375,0.0,-15005.2939453125,2000.3955078125,-15003.658203125
87.5,-23007.333984375,-4997.2119140625,-6006.02197265625,-3999.20556640625,5001.56982421875,-21007.416015625,4000.678466796875,-21004.96484375
87.75,-23007.42578125,-4997.2294921875,-6006.01953125,-3999.211181640625,4999.982421875,-21007.42578125,4000.79150390625,-20999.23828125
88.0,-23007.427734375,-4997.2294921875,-6006.0205078125,-3999.208984375,5000.44775390625,-21007.435546875,4000.792724609375,-21005.125
88.25,-23002.5390625,-4997.2294921875,-6006.02099609375,-3999.21484375,5001.5966796875,-21007.513671875,4000.79150390625,-21005.11328125
88.5,-23002.537109375,-4997.2294921875,-6006.021484375,-3999.210205078125,5001.53466796875,-21007.48046875,4000.79150390625,-21005.111328125
88.75,-23007.412109375,-4997.2294921875,-6006.0224609375,-3999.2041015625,5001.59033203125,-21007.556640625,3998.626953125,-21005.1015625
89.0,-23007.412109375,-4997.2294921875,-6006.0224609375,-3999.209716796875,5001.5576171875,-21007.548828125,3998.62548828125,-21005.103515625
89.25,-22968.513671875,-4997.21044921875,-5996.62548828125,-3992.463623046875,4993.71826171875,-20959.216796875,4000.7705078125,-20991.978515625
89.5,-16005.1826171875,-5001.71630859375,-8004.876953125,-6003.70849609375,7002.16064453125,-25008.83203125,2000.3983154296875,-17004.154296875
89.75,-16005.1669921875,-5001.7158203125,-8004.876953125,-6003.69775390625,7002.22265625,-25008.935546875,2000.3953857421875,-17004.146484375
90.0,-16005.166015625,-5001.7158203125,-8004.87890625,-6003.7060546875,7000.61279296875,-25009.029296875,2000.3958740234375,-16999.384765625
90.25,-16005.166015625,-5001.7158203125,-8004.87939453125,-6003.7060546875,7000.64501953125,-25008.978515625,2000.3963623046875,-17004.1484375
90.5,-16005.1630859375,-5001.7158203125,-8004.87939453125,-6003.70068359375,7002.24462890625,-25009.0078125,2000.3953857421875,-17004.142578125
90.75,-15999.90234375,-5001.7158203125,-8004.880859375,-6003.7138671875,7002.15087890625,-25008.953125,2000.39453125,-17004.13671875
91.0,-16005.162109375,-5001.7158203125,-8004.8818359375,-6003.71044921875,7002.19921875,-25008.958984375,1999.313720703125,-17004.134765625
91.25,-16005.1591796875,-5001.7158203125,-8004.88232421875,-6003.7001953125,7002.20703125,-24998.841796875,2000.3973388671875,-17004.138671875
91.5,-15004.8154296875,-12010.49609375,-3000.2294921875,-10007.6484375,8002.5107421875,-24998.94921875,6001.19189453125,-10002.439453125
91.75,-15004.845703125,-12010.4697265625,-3000.228515625,-10007.6630859375,8002.5869140625,-25008.892578125,6001.1865234375,-10002.4404296875
92.0,-15004.84375,-12010.4697265625,-3000.22900390625,-10007.6748046875,8002.4619140625,-25008.939453125,6001.18603515625,-10002.4384765625
92.25,-15004.84375,-12010.4697265625,-3000.229248046875,-10007.6708984375,7999.9755859375,-25008.9453125,6001.1884765625,-9999.638671875
92.5,-15004.8427734375,-12010.4697265625,-3000.229248046875,-10007.6767578125,8000.69091796875,-25009.005859375,6001.1875,-10002.4384765625
92.75,-14999.908203125,-12010.46875,-3000.22998046875,-10007.666015625,8002.45947265625,-25008.986328125,6001.18212890625,-10002.4326171875
93.0,-14999.908203125,-12010.46875,-3000.22998046875,-10007.7001953125,8002.41259765625,-25009.03125,6001.18212890625,-10002.4326171875
93.25,-15004.833984375,-12010.46875,-3000.230712890625,-10007.6787109375,8002.5458984375,-25008.88671875,6001.1884765625,-10002.43359375
93.5,6001.81103515625,19959.9921875,16983.392578125,2998.697265625,17005.41015625,24999.02734375,21006.01171875,9002.703125
93.75,6001.93408203125,19959.939453125,16983.37890625,2998.697998046875,17005.46484375,25009.099609375,21004.185546875,9002.2060546875
94.0,6001.9375,19959.939453125,16983.37890625,2998.69775390625,17005.326171875,25008.978515625,21004.17578125,9002.2080078125
94.25,6001.93798828125,19959.939453125,16983.3828125,2998.695068359375,17005.458984375,25008.912109375,20992.8671875,9002.2138671875
94.5,6001.9375,19959.939453125,16983.3828125,2998.697265625,16999.802734375,25009.056640625,20992.95703125,9002.2255859375
94.75,6001.9365234375,19959.939453125,16983.38671875,2998.696533203125,17005.41796875,25008.953125,21004.142578125,8999.669921875
95.0,6001.93603515625,19959.939453125,16983.388671875,2998.696533203125,17005.4375,25008.87890625,21004.146484375,9002.201171875
95.25,6001.93505859375,19959.939453125,16983.390625,2998.696044921875,17005.51953125,25009.0546875,21004.14453125,9002.19921875
95.5,4001.282470703125,23988.595703125,21003.52734375,4001.625,10003.134765625,35012.6171875,12002.271484375,3000.723388671875
95.75,3993.662353515625,23988.498046875,20970.67578125,3994.870849609375,9987.4794921875,34932.09765625,12002.2978515625,2998.813232421875
96.0,3999.97216796875,23988.58984375,21003.51171875,4001.62744140625,10003.0341796875,35012.6796875,12002.373046875,3000.734375
96.25,4001.293212890625,23988.58984375,21003.513671875,4001.626953125,10003.01171875,35012.421875,12002.390625,3000.736328125
96.5,4001.292724609375,23988.58984375,21003.515625,4001.626953125,10003.14453125,35012.1796875,12002.40234375,3000.738037109375
96.75,4001.290283203125,23988.58984375,21003.51953125,4001.626220703125,9999.9462890625,35012.51953125,12002.3515625,2999.8876953125
97.0,4001.290771484375,23988.58984375,21003.521484375,4001.625732421875,10003.1201171875,35012.56640625,12002.3701171875,3000.734130859375
97.25,4001.290771484375,23988.58984375,21003.521484375,4001.625732421875,10003.1474609375,35012.5234375,12002.3701171875,3000.733642578125
97.5,7002.255859375,23009.630859375,19011.623046875,4001.87451171875,13004.005859375,32011.46484375,12002.3515625,7001.7138671875
97.75,7002.25732421875,23009.630859375,19011.626953125,4001.873779296875,13004.1640625,32011.431640625,12002.369140625,7001.7099609375
98.0,6988.9091796875,23009.54296875,18981.890625,3995.11962890625,12983.828125,31937.78125,12002.2978515625,6997.23046875
98.25,6988.91064453125,23009.544921875,18981.8828125,3995.121337890625,12983.818359375,31937.751953125,12002.298828125,6997.2333984375
98.5,7002.255859375,23009.6328125,19011.61328125,4001.87646484375,13004.009765625,32011.6171875,12002.3740234375,7001.71240234375
98.75,7002.26025390625,23009.6328125,19011.6171875,4001.872802734375,13000.0,32011.537109375,12002.40234375,7001.71923828125
99.0,7002.25830078125,23009.6328125,19011.619140625,4001.87548828125,12999.9833984375,32011.287109375,12002.3515625,6999.73779296875
99.25,7002.26025390625,23009.630859375,19011.619140625,4001.875244140625,13001.2099609375,32011.376953125,12002.3681640625,6999.74658203125
99.5,2000.6561279296875,33983.44921875,12011.9990234375,3001.658203125,9002.8134765625,40014.15234375,13002.7265625,0.0
99.75,2000.64501953125,33983.40625,12012.0048828125,3001.65673828125,9002.849609375,40014.21875,13002.5654296875,0.0
100.0,2000.6456298828125,33983.40234375,12012.005859375,3001.656494140625,9002.7890625,40024.640625,13002.564453125,0.0
100.25,2000.221923828125,33983.40234375,12012.005859375,3001.65625,9002.705078125,39998.265625,13002.564453125,0.0
100.5,1996.5968017578125,33983.27734375,11993.2138671875,2996.591796875,8988.626953125,39922.35546875,13002.4931640625,0.0
100.75,2000.6463623046875,33983.40625,12011.998046875,3001.658203125,9002.8271484375,40014.30078125,13002.546875,0.0
101.0,2000.6456298828125,33983.40625,12012.0,3001.65576171875,9002.8115234375,40014.41796875,13002.5673828125,0.0
101.25,2000.6458740234375,33983.40625,12012.0,3001.657470703125,8999.9228515625,40014.33984375,13002.4990234375,0.0
101.5,30998.90234375,58912.90625,33943.953125,26965.89453125,36999.8671875,83030.1796875,30008.759765625,28008.6484375
101.75,31010.001953125,58912.75390625,33943.9375,26965.8828125,37011.57421875,83029.4453125,30005.9140625,28006.880859375
102.0,31010.048828125,58912.75390625,33943.94140625,26965.880859375,37011.59765625,82996.234375,30005.9921875,28006.947265625
102.25,31009.962890625,58912.75390625,33943.9453125,26965.876953125,37011.49609375,82996.1015625,30005.837890625,27999.5625
102.5,30957.2578125,58912.53125,33890.859375,26920.3671875,36953.50390625,82838.5859375,30005.9375,27988.46875
102.75,30957.2734375,58912.53125,33890.84375,26920.37890625,36953.703125,82850.8984375,30005.26171875,27988.322265625
103.0,31010.017578125,58912.7578125,33943.92578125,26965.873046875,37011.43359375,83029.7734375,30005.91796875,28006.890625
103.25,31010.046875,58912.7578125,33943.9296875,26965.87109375,37011.9375,83029.6171875,30005.900390625,28006.8984375
103.5,35003.99609375,53041.78515625,30022.568359375,28010.69140625,48014.7265625,70024.875,29005.767578125,36008.93359375
103.75,35011.265625,53041.80859375,30022.576171875,28010.6875,48004.16015625,70025.1875,29005.708984375,36008.81640625
104.0,35011.30078125,53041.80859375,30022.578125,28010.6875,48015.4453125,70024.484375,29005.71484375,36008.84765625
104.25,35011.29296875,53041.80859375,30022.580078125,28010.666015625,48014.46875,70025.3984375,29005.716796875,36008.84375
104.5,35011.328125,53041.80859375,30022.583984375,28010.681640625,48014.828125,70025.109375,29005.734375,36008.87109375
104.75,34951.73046875,53041.60546875,29975.62890625,27963.408203125,47939.765625,69864.546875,29005.06640625,35984.953125
105.0,35011.30859375,53041.8125,30022.564453125,28010.69921875,48014.91796875,70025.4140625,29005.681640625,36008.79296875
105.25,35011.3125,53041.80859375,30022.56640625,28010.697265625,48014.95703125,70025.21875,29005.720703125,36008.86328125
105.5,35011.265625,49032.2421875,34005.4765625,29993.921875,51015.9140625,69024.4765625,25004.580078125,39009.44140625
105.75,35003.96875,49032.26171875,34005.4765625,29993.896484375,50999.26953125,69024.390625,25004.916015625,39009.59765625
106.0,35011.21484375,49032.265625,34005.48046875,29993.89453125,51004.6171875,69024.71875,25004.86328125,39009.5390625
106.25,35011.26171875,49032.26171875,34005.48046875,29993.89453125,51015.87109375,69024.75,25004.84765625,39009.5546875
106.5,35011.296875,49032.26171875,34005.484375,29993.869140625,51015.78515625,69024.53125,25004.94140625,39009.58984375
106.75,35011.2734375,49032.26171875,34005.48828125,29993.88671875,51015.9921875,68997.1328125,25004.5625,39009.4375
107.0,35011.265625,49032.26171875,34005.4921875,29993.884765625,51015.8671875,69006.9609375,25004.564453125,39009.44140625
107.25,34951.75,49032.078125,33952.28515625,29943.27734375,50936.24609375,68875.65625,25004.759765625,38983.90234375
107.5,38012.31640625,48020.41796875,33017.76953125,32010.1953125,48014.53515625,65023.10546875,28005.462890625,38009.3203125
107.75,38012.27734375,48020.421875,33017.7734375,32010.212890625,48015.15625,65022.890625,28005.521484375,38009.34765625
108.0,38004.3125,48020.421875,33017.77734375,32010.208984375,48000.30859375,65023.75,28005.6171875,38009.3984375
108.25,38012.2265625,48020.41796875,33017.78515625,32010.205078125,48014.9609375,65022.9453125,28005.513671875,38009.30078125
108.5,38012.28515625,48020.421875,33017.78515625,32010.19921875,48014.90625,65023.12109375,28005.591796875,38009.40625
108.75,38012.26953125,48020.41796875,33017.7890625,32010.19921875,48015.1171875,64997.1484375,28005.560546875,37999.51171875
109.0,38012.23828125,48020.41796875,33017.79296875,32010.193359375,48014.734375,64997.125,27990.8203125,37998.8203125
109.25,38012.28515625,48020.421875,33017.765625,32010.21875,48014.35546875,65023.1640625,28005.4921875,38009.30078125
109.5,107033.4453125,125317.796875,78775.9921875,84715.046875,120036.59375,169060.015625,81015.90625,106998.40625
109.75,107034.5859375,125318.4453125,78776.15625,84715.140625,120037.5078125,169060.1875,81015.875,106996.46875
110.0,107034.484375,125318.4375,78776.1875,84715.1015625,120038.2109375,169059.5625,81015.8828125,107026.703125
110.25,106999.1796875,125318.4375,78776.1796875,84715.1171875,120000.515625,169059.90625,81015.8203125,107026.65625
110.5,107034.53125,125318.4375,78776.1875,84715.109375,120011.375,169060.890625,81015.875,107026.6796875
110.75,107034.515625,125318.4375,78776.1875,84715.109375,120037.9765625,169060.78125,81015.859375,107026.6796875
111.0,106851.3359375,125317.9609375,78653.0,84572.1328125,119849.9140625,168695.046875,81014.3515625,106949.5859375
111.25,107034.5546875,125318.4375,78776.2109375,84715.0234375,120038.03125,169061.234375,81014.0625,107026.2109375
111.5,108034.9140625,127027.203125,76051.203125,86031.9296875,117036.5078125,171061.0625,82015.71875,106025.90625
111.75,108034.9296875,127027.21875,76051.1953125,86031.9296875,117036.5078125,171060.625,82015.6171875,106025.875
112.0,108035.2734375,127027.21875,76051.203125,86031.859375,117036.890625,171061.75,82016.0,105996.6484375
112.25,108012.2578125,127027.21875,76051.21875,86031.90625,117036.1796875,171060.015625,82016.2109375,106026.5234375
112.5,107999.15625,127027.2109375,76051.2265625,86031.8984375,117001.0390625,171060.984375,82016.0234375,106026.4296875
112.75,108034.2890625,127027.21875,76051.234375,86031.890625,117000.46875,171061.578125,82016.140625,106026.2734375
113.0,108034.8046875,127027.2109375,76051.234375,86031.8828125,117035.8828125,171061.28125,82016.0859375,106026.4453125
113.25,108034.8515625,127027.2109375,76051.25,86031.875,117036.3515625,171037.390625,81972.71875,106026.6953125
113.5,113036.515625,124006.4296875,73050.3828125,88027.5,115034.921875,169992.796875,79977.5234375,112029.8515625
113.75,113036.546875,124006.453125,73050.3359375,88027.5625,115035.171875,170061.265625,80015.25,112027.3359375
114.0,113013.359375,124006.4453125,73050.359375,88027.53125,115036.6640625,170060.359375,80015.640625,112028.2109375
114.25,113036.7421875,124006.453125,73050.3515625,88027.546875,115036.140625,170060.546875,80015.2734375,112027.8671875
114.5,113035.9453125,124006.453125,73050.359375,88027.53125,115036.1640625,170059.84375,80015.8125,112027.765625
114.75,113035.8828125,124006.453125,73050.3671875,88027.515625,115010.5078125,170061.40625,80015.75,112027.7265625
115.0,113035.8671875,124006.4453125,73050.375,88027.515625,115011.484375,170060.8125,80015.7421875,112027.7265625
115.25,113036.4765625,124006.4453125,73050.390625,88027.5078125,115036.2421875,170060.53125,80015.640625,112027.890625
115.5,113036.421875,123051.9140625,74028.71875,88041.4375,111034.390625,172062.6875,82019.28125,109028.5625
115.75,113036.6171875,123051.9296875,74028.6640625,88041.5,111035.1953125,172061.3125,82015.8515625,108998.78125
116.0,113036.34375,123051.9296875,74028.6640625,88041.5,111033.921875,172062.71875,82015.5859375,108998.7578125
116.25,113036.8359375,123051.9296875,74028.6796875,88041.421875,111034.8984375,172061.25,82015.921875,109027.3359375
116.5,113036.703125,123051.9296875,74028.6796875,88041.484375,111033.5859375,172061.828125,82015.984375,109027.28125
116.75,113012.8046875,123051.9296875,74028.6875,88041.4765625,111034.9921875,172061.90625,82016.1953125,109027.2734375
117.0,113035.9140625,123051.921875,74028.6953125,88041.4609375,111034.9375,172061.4375,82016.15625,109027.0078125
117.25,113036.46875,123051.921875,74028.7109375,88041.4453125,111034.3828125,171993.71875,82016.0390625,109027.1796875
117.5,114036.8125,123042.3671875,72044.125,87047.4375,111034.7734375,168993.40625,84016.4296875,108026.8984375
117.75,113841.5625,123041.8984375,71931.453125,86900.5390625,110861.328125,168695.859375,84017.765625,107950.8828125
118.0,113841.6875,123041.90625,71931.421875,86900.5703125,110862.40625,168696.515625,84012.5,107949.0390625
118.25,114036.6484375,123042.375,72044.078125,87047.4921875,111033.8828125,169060.171875,84015.5859375,107998.25
118.5,114037.234375,123042.375,72044.09375,87047.484375,111033.6640625,169060.25,84016.3828125,107996.5546875
118.75,114012.6171875,123042.3671875,72044.1015625,87047.46875,111034.921875,169059.5,84016.546875,108026.8359375
119.0,113999.1171875,123042.3671875,72044.109375,87047.4609375,111000.96875,169060.75,84016.40625,108026.921875
119.25,114036.2421875,123042.3671875,72044.109375,87047.453125,111034.75,169060.640625,84016.5625,108026.7578125
119.5,114036.71875,122051.8203125,72990.046875,87041.0703125,110034.5078125,170061.625,84016.4609375,107026.6875
119.75,114036.7578125,122051.828125,72990.0546875,87041.125,110035.484375,169993.046875,83972.09375,107026.9609375
120.0,113841.546875,122051.3671875,72875.8984375,86894.234375,109860.53125,169694.4375,84017.75,106951.359375
120.25,113841.6796875,122051.3671875,72875.8671875,86894.265625,109861.8984375,169694.109375,84012.515625,106949.546875
120.5,114036.65625,122051.8359375,72990.0078125,87041.1796875,110033.796875,170059.703125,84015.578125,106998.2890625
120.75,114036.7578125,122051.8359375,72990.015625,87041.171875,110035.2578125,170060.421875,84016.1328125,107026.4296875
121.0,114037.015625,122051.8359375,72990.0234375,87041.15625,110035.3203125,170061.78125,84016.359375,107026.78125
121.25,113999.125,122051.8359375,72990.03125,87041.1484375,109999.7265625,170059.65625,84016.40625,107026.640625
121.5,114036.2109375,123033.625,74028.53125,87041.359375,113035.0703125,169060.390625,83016.3984375,110027.265625
121.75,114036.734375,123033.6171875,74028.5390625,87041.359375,113034.828125,169060.53125,83016.28125,110027.4296875
122.0,114036.796875,123033.6171875,74028.546875,87041.34375,113035.1875,169059.375,83016.2265625,110027.3828125
122.25,114036.75,123033.6171875,74028.5546875,87041.3359375,113035.0859375,169061.515625,83019.5625,110028.859375
122.5,114036.9296875,123033.625,74028.4921875,87041.3984375,113035.1875,169060.796875,83016.2265625,109998.9375
122.75,114036.671875,123033.625,74028.4921875,87041.3984375,113034.9375,169060.390625,83015.7734375,109998.7578125
123.0,114037.1171875,123033.625,74028.5078125,87041.390625,113034.28125,169060.53125,83015.8515625,110027.3515625
123.25,114012.6171875,123033.625,74028.515625,87041.375,113035.0625,169060.78125,83016.34375,110027.328125
123.5,112012.671875,126014.765625,73039.5546875,87041.6015625,118037.046875,170060.921875,78015.40625,107026.796875
123.75,112036.1484375,126014.734375,73039.5703125,87041.578125,118036.0078125,170061.328125,78015.265625,107026.6875
124.0,112036.0859375,126014.7421875,73039.5703125,87041.5234375,118036.5546875,170060.65625,78015.3046875,107026.6875
124.25,112036.1484375,126014.734375,73039.578125,87041.5703125,118036.59375,170060.65625,78015.25,107026.640625
124.5,112036.1171875,126014.7421875,73039.5859375,87041.5625,118036.2265625,170060.703125,78018.4375,107028.0859375
124.75,111844.375,126014.265625,72925.3125,86894.71875,117853.25,169694.125,78014.3984375,106949.5703125
125.0,112036.2265625,126014.75,73039.53125,87041.6171875,118037.25,170060.125,78015.296875,106996.4375
125.25,112036.0859375,126014.7421875,73039.5390625,87041.6171875,118037.515625,170061.125,78014.984375,107026.4609375
125.5,113036.6796875,126015.0546875,73039.7265625,89028.578125,115036.3359375,171061.359375,77014.9375,107026.7734375
125.75,112999.1484375,126015.0546875,73039.7421875,89028.5625,115010.5390625,171061.25,77015.0546875,107026.640625
126.0,113036.0234375,126015.0546875,73039.75,89028.5546875,115035.1640625,171061.734375,77015.1875,107026.5859375
126.25,113036.4609375,126015.046875,73039.75,89028.5546875,115036.140625,171061.65625,77015.0703125,107026.671875
126.5,113036.46875,126015.046875,73039.7578125,89028.5390625,115037.0390625,170992.75,77015.0859375,107026.671875
126.75,113036.4296875,126015.046875,73039.765625,89028.53125,115036.6953125,171060.546875,77017.2578125,107027.7265625
127.0,112842.828125,126014.5703125,72925.5,88878.3359375,114855.53125,170692.03125,77013.234375,106949.25
127.25,113036.2890625,126015.0546875,73039.7109375,89028.59375,115036.1953125,171061.640625,77014.2890625,106995.7265625
127.5,112036.578125,127033.875,73039.6328125,87054.296875,117037.3828125,170060.46875,78015.265625,107996.5859375
127.75,112012.7265625,127033.8671875,73039.640625,87054.28125,116999.84375,170060.21875,78015.3828125,108027.0234375
128.0,111999.140625,127033.8671875,73039.6484375,87054.2421875,117000.1875,170060.796875,78015.234375,108026.9296875
128.25,112035.5546875,127033.8671875,73039.65625,87054.265625,117036.796875,170060.015625,78015.359375,108026.7421875
128.5,112036.09375,127033.859375,73039.6640625,87054.203125,117037.28125,170059.296875,78015.3046875,108026.9453125
128.75,112036.1484375,127033.859375,73039.671875,87054.25,117036.0703125,170060.90625,78015.265625,108026.921875
129.0,112036.1015625,127033.859375,73039.6796875,87054.2421875,117035.8046875,170061.125,78018.4453125,108028.34375
129.25,111844.390625,127033.3828125,72925.4140625,86907.3828125,116852.9296875,169693.25,78013.828125,107949.1484375
129.5,112036.0078125,126053.296875,75023.140625,85053.2109375,116035.5703125,172061.1875,78014.8203125,107998.765625
129.75,112036.203125,126053.3046875,75023.140625,85053.203125,116034.859375,172061.78125,78015.296875,107996.3984375
130.0,112036.3671875,126053.3046875,75023.1484375,85053.203125,116036.484375,172060.5625,78015.2109375,108027.03125
130.25,111999.140625,126053.3046875,75023.1640625,85053.1796875,116024.21875,172060.5,78015.234375,108026.8984375
130.5,112036.0859375,126053.3046875,75023.171875,85053.1796875,116036.234375,172061.890625,78015.296875,108026.9375
130.75,112036.078125,126053.3046875,75023.171875,85053.171875,116035.9296875,172061.59375,78015.296875,108026.9375
131.0,112036.1328125,126053.296875,75023.1796875,85053.1640625,116036.3671875,172061.46875,77974.0234375,108027.21875
131.25,111844.40625,126052.8203125,74905.8515625,84909.625,115854.2578125,171690.09375,78011.640625,107949.03125
131.5,110035.640625,128948.1640625,76029.53125,84046.5546875,115035.8046875,176063.15625,77015.2421875,105999.2890625
131.75,110035.375,128948.171875,76029.53125,84046.546875,115035.765625,176064.078125,77014.609375,105998.78125
132.0,110035.796875,128948.171875,76029.5390625,84046.546875,115036.5859375,176062.46875,77014.7265625,106026.359375
132.25,110012.4921875,128948.171875,76029.5546875,84046.53125,115036.125,176062.546875,77015.1875,106026.5234375
132.5,109999.1171875,128948.1640625,76029.5625,84046.515625,114999.1640625,176062.421875,77015.0234375,106026.3984375
132.75,110034.9375,128948.171875,76029.5625,84046.515625,115010.8359375,176061.703125,77015.1640625,106026.2578125
133.0,110035.453125,128948.1640625,76029.578125,84046.453125,115034.859375,176062.703125,77015.1015625,106026.4296875
133.25,110035.4921875,128948.1640625,76029.578125,84046.5,115036.25,175992.84375,76974.3515625,106026.7109375
133.5,111844.34375,125080.9609375,78894.8984375,85882.34375,110861.7109375,176681.59375,76013.59375,108948.8359375
133.75,111844.203125,125080.953125,78894.875,85882.375,110860.6171875,176680.09375,76013.1640625,108948.4140625
134.0,112036.0,125081.4296875,79018.4375,86027.578125,111035.53125,177064.03125,76014.3125,108995.8359375
134.25,112036.53125,125081.4296875,79018.4453125,86027.5,111034.921875,177063.21875,76014.8125,109027.3671875
134.5,112036.6796875,125081.4296875,79018.4609375,86027.5546875,110998.1640625,177062.984375,76014.8359375,109027.4609375
134.75,112012.7109375,125081.421875,79018.4609375,86027.5546875,111033.796875,177064.0625,76015.0078125,109027.2890625
135.0,111999.109375,125081.421875,79018.46875,86027.5390625,111010.6328125,177063.421875,76014.8359375,109027.1171875
135.25,112036.1484375,125081.421875,79018.484375,86027.5234375,111034.0625,176993.703125,75974.6640625,109027.4609375
135.5,115037.109375,122070.8046875,78041.859375,88027.6953125,108032.921875,176992.59375,77017.2578125,110028.5078125
135.75,115037.3203125,122070.796875,78041.859375,88027.6875,108033.921875,177063.40625,77013.046875,110027.1875
136.0,114839.9921875,122070.3359375,77919.765625,87879.171875,107864.6796875,176682.15625,77013.34375,109947.96875
136.25,115037.0546875,122070.8046875,78041.8046875,88027.6796875,108033.8671875,177063.078125,77014.8046875,110027.25
136.5,115037.046875,122070.8046875,78041.8125,88027.7421875,108032.7890625,177063.015625,77014.796875,110027.234375
136.75,115037.515625,122070.8046875,78041.8203125,88027.734375,108033.40625,177063.15625,77014.984375,110027.609375
137.0,115037.6640625,122070.8046875,78041.828125,88027.7265625,108033.765625,177064.078125,77015.0234375,110027.71875
137.25,115036.640625,122070.796875,78041.84375,88027.7109375,108033.796875,177062.5625,77015.203125,110027.3359375
137.5,48015.9375,59297.046875,36107.0546875,39157.84375,45014.03125,84029.5859375,36004.7421875,42008.8359375
137.75,48015.48046875,59297.2265625,36107.1171875,39157.85546875,45014.0703125,83996.0859375,36007.08984375,42010.328125
138.0,47933.77734375,59297.0,36050.64453125,39091.765625,44943.65234375,83837.234375,36006.84375,41982.44140625
138.25,47933.80859375,59297.00390625,36050.62890625,39091.78515625,44943.84375,83848.6484375,36006.8359375,41982.45703125
138.5,48015.48828125,59297.23046875,36107.09375,39157.87890625,45014.0859375,84030.1875,35988.32421875,42010.578125
138.75,48015.4921875,59297.23046875,36107.09765625,39157.84765625,45014.06640625,84030.3046875,36006.86328125,42010.21875
139.0,48015.50390625,59297.23046875,36107.1015625,39157.87109375,44999.6015625,84029.8046875,36007.09765625,42010.34375
139.25,48015.56640625,59297.23046875,36107.1015625,39157.87109375,45000.0234375,84030.1953125,36007.078125,42010.3671875
139.5,54017.328125,56033.23046875,37014.37109375,37023.3046875,39012.1484375,81028.3984375,38007.50390625,46011.2890625
139.75,54017.34375,56033.234375,37014.37109375,37023.3046875,39011.875,81029.203125,38007.5,46011.2890625
140.0,54017.41796875,56033.234375,37014.37890625,37023.30078125,39012.109375,80996.375,38007.484375,46011.30859375
140.25,54017.40625,56033.234375,37014.37890625,37023.30078125,39012.44140625,80996.1015625,38007.48828125,46011.30859375
140.5,53925.4375,56033.0234375,36956.46875,36960.83203125,38951.24609375,80854.078125,38007.2109375,45980.7578125
140.75,54017.3984375,56033.234375,37014.3515625,37023.296875,39012.05859375,81029.3203125,38006.9140625,45999.25390625
141.0,54017.42578125,56033.234375,37014.35546875,37023.296875,39012.30078125,81028.9375,38007.24609375,46011.19140625
141.25,54017.421875,56033.234375,37014.359375,37023.3203125,39012.3828125,81028.953125,38007.41015625,46011.2578125
141.5,49015.92578125,59007.22265625,39012.234375,35003.63671875,44009.3359375,82029.3203125,40007.89453125,40009.875
141.75,48999.59375,59007.21484375,39012.23828125,35003.62890625,44013.5625,82028.921875,40007.90234375,40009.8203125
142.0,49015.75,59007.21484375,39012.23828125,35003.625,44013.9765625,82028.96875,40007.89453125,40009.8203125
142.25,49015.80859375,59007.2109375,39012.24609375,35003.625,44013.50390625,82029.3125,40007.87890625,40009.8359375
142.5,49015.796875,59007.2109375,39012.25,35003.62109375,44014.0703125,82008.234375,40007.87890625,40009.83203125
142.75,49015.8515625,59007.21484375,39012.21875,35003.64453125,44013.52734375,82029.671875,40007.9921875,40009.9375
143.0,49015.84765625,59007.21484375,39012.22265625,35003.640625,44013.609375,82029.171875,40008.51171875,39999.73828125
143.25,49015.8125,59007.21484375,39012.22265625,35003.640625,44013.71875,82029.53125,40006.9140625,39999.296875
143.5,55017.7109375,54039.0859375,40015.20703125,34018.41015625,40012.59375,82028.796875,39007.5859375,43010.53515625
143.75,55017.83984375,54039.1015625,40015.21484375,34018.40625,40003.5703125,82029.6328125,39007.671875,43010.61328125
144.0,55006.3046875,54039.09765625,40015.21484375,34018.40625,40012.37890625,82029.265625,39007.6484375,43010.625
144.25,54999.5625,54039.1015625,40015.21875,34018.40234375,40012.6171875,82029.3203125,39007.7109375,43010.55078125
144.5,55017.74609375,54039.09765625,40015.22265625,34018.3984375,40012.38671875,82028.921875,39007.6796875,43010.5703125
144.75,55017.7265625,54039.09765625,40015.23046875,34018.39453125,40012.67578125,81996.7109375,39007.6875,43010.5703125
145.0,55017.87890625,54039.1015625,40015.1953125,34018.41796875,40012.55859375,82029.0859375,38987.46484375,43010.96484375
145.25,55017.75,54039.1015625,40015.19921875,34018.41796875,40012.44921875,82029.25,38987.3671875,43010.8359375
145.5,50016.18359375,56011.31640625,39021.26171875,38006.625,40012.67578125,83030.1640625,42008.9453125,35999.75
145.75,50016.1328125,56011.3125,39021.26953125,38006.62109375,39999.7421875,83029.3828125,42008.23046875,36008.84375
146.0,50016.21875,56011.30859375,39021.2734375,38006.6171875,40012.4765625,83029.4140625,42008.25390625,36008.890625
146.25,50005.71875,56011.30859375,39021.27734375,38006.6171875,40012.4375,83030.1328125,42008.23046875,36008.890625
146.5,49999.58984375,56011.30859375,39021.27734375,38006.5859375,40012.40625,83029.3984375,42008.3046875,36008.8359375
146.75,50016.1171875,56011.30859375,39021.28515625,38006.60546875,40012.98046875,82996.8359375,42008.27734375,36008.8515625
147.0,50016.12890625,56011.30859375,39021.2890625,38006.60546875,40012.69921875,82997.0859375,42008.265625,36008.8515625
147.25,50016.13671875,56011.3125,39021.2578125,38006.6328125,40012.16796875,83029.65625,42008.2734375,36008.8671875
147.5,54017.3828125,52034.05078125,46993.109375,35024.5625,39012.23828125,87030.7265625,34988.5703125,38999.73046875
147.75,54017.42578125,52034.0625,46993.10546875,35024.53125,39012.234375,87030.375,35006.66796875,39009.5
148.0,54017.44140625,52034.0625,46993.10546875,35024.55859375,38999.890625,87030.8984375,35006.74609375,39009.58203125
148.25,54017.4453125,52034.0625,46993.109375,35024.5546875,38999.76171875,87031.3125,35006.8984375,39009.60546875
148.5,54017.41796875,52034.05859375,46993.1328125,35024.5390625,39012.1171875,87018.3984375,35006.890625,39009.5859375
148.75,53999.546875,52034.0625,46993.125,35024.54296875,39012.171875,87030.5390625,35006.91796875,39009.56640625
149.0,54017.41015625,52034.05859375,46993.12890625,35024.5390625,39011.66796875,86995.5859375,35006.89453125,39009.58203125
149.25,54017.421875,52034.05859375,46993.12890625,35024.5390625,39012.50390625,86996.1171875,35006.890625,39009.58203125
149.5,48932.359375,61942.1875,51923.37109375,29975.337890625,35954.99609375,96824.890625,29005.494140625,31986.595703125
149.75,49015.8125,61942.40625,52004.68359375,30025.99609375,36011.30078125,97034.8828125,29005.177734375,31999.4453125
150.0,49015.82421875,61942.40625,52004.6875,30025.994140625,36011.04296875,97034.5625,29005.814453125,32007.8515625
150.25,49015.83203125,61942.40625,52004.6953125,30026.009765625,36011.05078125,97035.046875,29005.697265625,32007.857421875
150.5,49015.88671875,61942.40234375,52004.69921875,30026.0078125,36003.0625,97034.734375,29005.703125,32007.89453125
150.75,49005.56640625,61942.40234375,52004.703125,30026.00390625,36011.0859375,97034.5,29005.69140625,32007.890625
151.0,49015.73828125,61942.40234375,52004.7109375,30026.0,36011.5,97034.9140625,29005.728515625,32007.857421875
151.25,49015.796875,61942.40234375,52004.71484375,30025.998046875,36011.62890625,96995.953125,29005.716796875,32007.8671875
151.5,50929.51953125,61025.28515625,53932.20703125,28966.955078125,36953.546875,96812.125,28005.322265625,32986.1640625
151.75,51016.48828125,61025.51953125,54016.65234375,29015.947265625,37011.58984375,97034.4296875,28005.814453125,33008.26171875
152.0,51016.48828125,61025.51953125,54016.66015625,29015.943359375,37011.3671875,97034.3046875,28005.63671875,32998.83203125
152.25,51016.484375,61025.51953125,54016.66015625,29015.921875,37011.76953125,97034.8359375,28005.3671875,32998.78125
152.5,51016.48046875,61025.51953125,54016.6640625,29015.939453125,37011.61328125,97034.359375,28005.501953125,33008.1015625
152.75,51016.53515625,61025.515625,54016.67578125,29015.935546875,37012.06640625,97034.3671875,28005.501953125,33008.140625
153.0,51005.83203125,61025.515625,54016.67578125,29015.93359375,37011.703125,97034.6015625,28005.494140625,33008.1484375
153.25,50999.5703125,61025.515625,54016.68359375,29015.931640625,37011.484375,97034.953125,28005.53515625,33008.09765625
153.5,53017.0859375,62016.28125,55020.76953125,20022.994140625,38011.70703125,99995.7265625,25004.927734375,33008.09765625
153.75,52926.82421875,62016.04296875,54934.71875,19989.201171875,37952.46484375,99806.2109375,25004.75,32986.1796875
154.0,53017.140625,62016.28515625,55020.7265625,20023.009765625,38011.66015625,100035.8671875,24991.921875,33008.375
154.25,53017.07421875,62016.28125,55020.73828125,20023.005859375,38011.5234375,100036.671875,25004.712890625,32998.73828125
154.5,53017.12890625,62016.28125,55020.7421875,20022.990234375,38011.93359375,100035.5546875,25004.91796875,32998.828125
154.75,53017.1171875,62016.28125,55020.74609375,20023.00390625,38011.6640625,100035.0546875,25004.923828125,33008.125
155.0,53017.1171875,62016.28125,55020.75390625,20023.0,38003.5390625,100035.7890625,25004.92578125,33008.125
155.25,53006.01953125,62016.27734375,55020.7578125,20023.0,38011.8125,100035.6484375,25004.912109375,33008.140625
155.5,55017.75,65007.359375,53004.65625,16012.3857421875,44013.4765625,95033.953125,24004.73828125,32007.869140625
155.75,55017.74609375,65007.35546875,53004.65625,16012.384765625,44013.7890625,94996.1328125,24004.728515625,32007.865234375
156.0,55017.76171875,65007.36328125,53004.6171875,16012.396484375,44013.58984375,95033.984375,24004.7265625,32007.8828125
156.25,55017.7890625,65007.359375,53004.62109375,16012.3955078125,44013.94140625,95034.7421875,24004.990234375,32008.080078125
156.5,55017.796875,65007.359375,53004.625,16012.39453125,44013.59375,95034.34375,24004.259765625,32007.794921875
156.75,55017.71484375,65007.359375,53004.62890625,16012.3818359375,44013.41015625,95033.9609375,24004.60546875,31998.732421875
157.0,55017.7578125,65007.359375,53004.63671875,16012.3916015625,43999.91015625,95034.421875,24004.708984375,32007.87109375
157.25,55017.7578125,65007.359375,53004.640625,16012.3896484375,44004.06640625,95033.5546875,24004.7265625,32007.87890625
157.5,52005.921875,61040.0390625,63975.79296875,11009.408203125,42013.06640625,97034.5,27005.30859375,35008.6328125
157.75,52016.70703125,61040.0234375,63975.81640625,11009.40625,42013.1796875,97034.84375,27005.328125,35008.58984375
158.0,52016.77734375,61040.0234375,63975.81640625,11009.40625,42013.0078125,96996.4140625,27005.31640625,35008.60546875
158.25,51928.1796875,61039.79296875,63875.765625,10990.8232421875,41947.4453125,96811.1015625,27005.1328125,34985.328125
158.5,52016.78125,61040.02734375,63975.76953125,11009.4140625,42012.90234375,97034.4375,26991.333984375,35008.84765625
158.75,52016.82421875,61040.02734375,63975.77734375,11009.4052734375,42013.11328125,97033.984375,27004.87109375,35008.53125
159.0,52016.75,61040.02734375,63975.78125,11009.4033203125,42013.28125,97034.4609375,27005.21484375,34998.69140625
159.25,52016.79296875,61040.0234375,63975.79296875,11009.4091796875,42004.0859375,97034.5703125,27005.314453125,35008.61328125
159.5,44014.22265625,58033.96484375,70994.8984375,11998.517578125,49014.9296875,99035.53125,23004.544921875,28006.900390625
159.75,44014.265625,58033.95703125,70994.921875,11998.515625,49015.578125,99035.484375,23004.51953125,28006.908203125
160.0,43999.63671875,58033.95703125,70994.9296875,11998.5146484375,49015.140625,98996.0703125,23004.546875,28006.87109375
160.25,44014.23046875,58033.953125,70994.9375,11998.5126953125,49015.421875,99020.984375,23004.53515625,28006.89453125
160.5,44014.2109375,58033.9609375,70994.875,11998.5224609375,49015.16796875,99035.0390625,22992.169921875,28006.916015625
160.75,44014.20703125,58033.9609375,70994.8828125,11998.521484375,49015.4453125,99035.6171875,22992.470703125,28007.03125
161.0,44014.23828125,58033.95703125,70994.890625,11998.5205078125,49015.375,99035.5390625,23004.158203125,28006.830078125
161.25,44014.21484375,58033.95703125,70994.90625,11998.517578125,49015.42578125,99034.625,23004.521484375,28006.884765625
161.5,36011.6015625,56028.6015625,75012.125,17001.712890625,51999.47265625,99035.828125,26005.1171875,25006.150390625
161.75,36011.62890625,56028.59765625,75012.140625,17001.708984375,52004.27734375,99035.3125,26005.12109375,25006.15625
162.0,36004.0859375,56028.59765625,75012.1484375,17001.708984375,52015.83203125,99035.046875,26005.111328125,25006.166015625
162.25,35999.70703125,56028.59765625,75012.15625,17001.705078125,52016.1875,98995.3828125,26005.14453125,25006.134765625
162.5,36011.6015625,56028.59375,75012.171875,17001.69140625,52016.0703125,99021.0234375,26005.123046875,25006.140625
162.75,35950.23828125,56028.38671875,74894.8515625,16973.005859375,51934.93359375,98807.9375,26004.943359375,24989.505859375
163.0,36011.640625,56028.6015625,75012.109375,17001.716796875,52015.796875,99035.0390625,26005.375,25006.25
163.25,36011.6015625,56028.6015625,75012.125,17001.712890625,52015.8125,99035.171875,26004.89453125,24999.609375
163.5,38012.22265625,54026.5546875,66075.4453125,20004.66796875,48014.8671875,91033.1640625,36006.796875,26999.513671875
163.75,38012.27734375,54026.55859375,66075.4453125,20004.6796875,47999.9140625,91032.53125,36007.10546875,26999.060546875
164.0,38012.32421875,54026.55859375,66075.453125,20004.673828125,48004.1171875,91032.5703125,36007.06640625,27006.662109375
164.25,38012.2265625,54026.5546875,66075.4609375,20004.673828125,48015.453125,91032.015625,36007.1015625,27006.6328125
164.5,38012.21875,54026.5546875,66075.4609375,20004.673828125,48014.7890625,90996.140625,36007.109375,27006.6328125
164.75,38012.2578125,54026.5546875,66075.46875,20004.671875,48014.890625,90996.671875,36007.0859375,27006.640625
165.0,37947.5,54026.3515625,65972.1328125,19970.90625,47939.4921875,90823.0859375,36006.83203125,26988.642578125
165.25,38012.30859375,54026.5625,66075.4296875,20004.68359375,48014.64453125,91032.734375,35988.6015625,27006.904296875
165.5,-15004.65625,1004.2431030273438,25086.107421875,-24087.62109375,8002.52490234375,5001.802734375,6001.40478515625,-26007.02734375
165.75,-15004.8427734375,1004.2416381835938,25086.087890625,-24087.607421875,8002.5517578125,5001.771484375,6001.18603515625,-26006.353515625
166.0,-15004.83984375,1004.2416381835938,25086.09375,-24087.62109375,8000.76025390625,5001.81591796875,6001.1826171875,-26006.345703125
166.25,-15004.8388671875,1004.2416381835938,25086.095703125,-24087.625,8002.47021484375,5001.796875,6001.185546875,-26006.345703125
166.5,-15001.66015625,1004.2416381835938,25086.095703125,-24087.61328125,8002.5,5001.78857421875,6001.185546875,-26006.341796875
166.75,-14999.9111328125,1004.2416381835938,25086.099609375,-24087.5703125,8002.45654296875,5001.80517578125,6001.189453125,-26006.3515625
167.0,-15004.828125,1004.2415771484375,25086.1015625,-24087.6171875,8002.50146484375,5001.8095703125,6001.177734375,-25999.552734375
167.25,-15004.84765625,1004.24169921875,25086.08203125,-24087.65234375,8002.45703125,5001.77685546875,6001.185546875,-26006.361328125
167.5,-19006.1328125,12985.962890625,24013.330078125,-26016.36328125,14004.3896484375,3001.072265625,1999.314208984375,-26006.353515625
167.75,-19006.13671875,12985.966796875,24013.33203125,-26016.328125,14004.5029296875,3001.081787109375,2000.3935546875,-26006.3515625
168.0,-19006.134765625,12985.966796875,24013.3359375,-26016.330078125,13999.8388671875,3001.0634765625,2000.3970947265625,-26006.357421875
168.25,-19006.130859375,12985.966796875,24013.337890625,-26016.314453125,14001.2412109375,3001.07470703125,2000.3936767578125,-26006.34765625
168.5,-19006.130859375,12985.9658203125,24013.33984375,-26016.341796875,14004.314453125,3001.061767578125,2000.3951416015625,-26006.34375
168.75,-19002.099609375,12985.9658203125,24013.341796875,-26016.34375,14004.3798828125,3001.058349609375,2000.3953857421875,-26006.341796875
169.0,-18999.88671875,12985.9658203125,24013.345703125,-26016.349609375,14004.3466796875,3001.06640625,2000.396728515625,-26006.353515625
169.25,-19006.123046875,12985.9658203125,24013.349609375,-26016.33203125,14004.4013671875,2999.868408203125,2000.393310546875,-25999.0390625
169.5,-14979.4482421875,0.0,31945.28515625,-20966.52734375,5992.44921875,4990.27880859375,9001.744140625,-23990.708984375
169.75,-15004.84765625,0.0,31995.306640625,-21002.02734375,6001.8203125,5001.794921875,8996.9228515625,-24005.873046875
170.0,-15004.845703125,0.0,31995.310546875,-21001.970703125,6001.8681640625,5001.80029296875,9001.7783203125,-24005.865234375
170.25,-15004.8427734375,0.0,31995.31640625,-21001.958984375,6000.46142578125,5001.80029296875,9001.779296875,-24005.861328125
170.5,-15004.841796875,0.0,31995.3203125,-21001.9765625,6000.5791015625,5001.7724609375,9001.78515625,-24005.86328125
170.75,-15004.83984375,0.0,31995.32421875,-21001.96875,6001.8720703125,5001.767578125,9001.7783203125,-24005.853515625
171.0,-15004.8388671875,0.0,31995.328125,-21002.00390625,6001.8994140625,5001.78857421875,9001.779296875,-24005.85546875
171.25,-14999.9072265625,0.0,31995.330078125,-21001.955078125,6001.8564453125,5001.7841796875,9001.771484375,-23999.11328125
171.5,-13004.1953125,1000.2739868164062,32014.869140625,-20007.978515625,-7002.091796875,7999.68994140625,17003.37109375,-17004.1484375
171.75,-13004.203125,1000.2740478515625,32014.83984375,-20007.986328125,-7002.1328125,8002.85302734375,16994.205078125,-17004.166015625
172.0,-13004.2001953125,1000.2740478515625,32014.84375,-20007.974609375,-7002.1845703125,8002.87060546875,17003.341796875,-17004.15234375
172.25,-13004.19921875,1000.2740478515625,32014.84765625,-20008.01171875,-7002.18603515625,8002.88623046875,17003.361328125,-17004.154296875
172.5,-13004.197265625,1000.2740478515625,32014.8515625,-20007.986328125,-7000.609375,8002.83251953125,17003.359375,-17004.15234375
172.75,-13004.1962890625,1000.2739868164062,32014.853515625,-20008.001953125,-7000.66162109375,8002.90185546875,17003.369140625,-17004.15234375
173.0,-13004.1943359375,1000.2739868164062,32014.859375,-20007.984375,-7002.1162109375,8002.8935546875,17003.36328125,-17004.1484375
173.25,-13004.193359375,1000.2739868164062,32014.861328125,-20007.998046875,-7002.267578125,8002.85400390625,17003.359375,-17004.146484375
173.5,-9999.939453125,3000.572021484375,30002.568359375,-24018.515625,-1000.3195190429688,12004.27734375,10001.9638671875,-11999.5615234375
173.75,-10003.224609375,3000.57177734375,30002.572265625,-24018.505859375,-1000.3062744140625,11999.470703125,9996.5830078125,-12002.9287109375
174.0,-10003.2333984375,3000.572021484375,30002.546875,-24018.533203125,-1000.3126831054688,12004.2783203125,10001.970703125,-12002.93359375
174.25,-10003.23046875,3000.572021484375,30002.548828125,-24018.529296875,-1000.3056640625,12004.318359375,10001.9765625,-12002.93359375
174.5,-10003.2294921875,3000.572021484375,30002.552734375,-24018.529296875,-1000.3045654296875,12004.283203125,10001.9765625,-12002.931640625
174.75,-10003.228515625,3000.57177734375,30002.556640625,-24018.525390625,-1000.0074462890625,12004.3505859375,10001.9765625,-12002.9296875
175.0,-10003.2275390625,3000.572021484375,30002.55859375,-24018.521484375,-1000.0949096679688,12004.2275390625,10001.982421875,-12002.9306640625
175.25,-10003.2275390625,3000.57177734375,30002.5625,-24018.51953125,-1000.3229370117188,12004.3466796875,10001.9794921875,-12002.9296875
175.5,-11999.931640625,0.0,18024.728515625,-12995.2490234375,8002.52392578125,-4001.405517578125,16003.1650390625,-7999.869140625
175.75,-12003.8671875,0.0,18024.73046875,-12995.2353515625,8002.46533203125,-3999.848876953125,16003.1650390625,-8001.9501953125
176.0,-12003.8671875,0.0,18024.732421875,-12995.232421875,8002.53759765625,-3999.80859375,16003.1611328125,-8001.94873046875
176.25,-12003.8779296875,0.0,18024.716796875,-12995.2734375,8002.45361328125,-4001.4365234375,16003.1416015625,-8001.95458984375
176.5,-12003.8759765625,0.0,18024.71875,-12995.255859375,8002.51220703125,-4001.4228515625,16003.16015625,-8001.95361328125
176.75,-12003.875,0.0,18024.720703125,-12995.25,8002.51318359375,-4001.438720703125,16003.1630859375,-8001.9541015625
177.0,-12003.8740234375,0.0,18024.72265625,-12995.2568359375,7999.90966796875,-4001.412109375,16003.1611328125,-8001.953125
177.25,-12003.873046875,0.0,18024.724609375,-12995.244140625,8000.69189453125,-4001.418701171875,16003.1640625,-8001.95263671875
177.5,-14004.517578125,0.0,23002.119140625,-10997.8388671875,3000.94482421875,-1000.3590698242188,19003.7578125,-9002.1953125
177.75,-13999.9140625,0.0,23002.12109375,-10997.814453125,3000.9365234375,-1000.3592529296875,19003.75,-8999.8525390625
178.0,-14004.51953125,0.0,23002.123046875,-10997.8291015625,3000.959228515625,-1000.3569946289062,19003.7578125,-9002.1953125
178.25,-14004.51171875,0.0,23002.125,-10997.830078125,3000.943359375,-999.9510498046875,19003.75390625,-9002.1923828125
178.5,-14004.5234375,0.0,23002.107421875,-10997.82421875,3000.941162109375,-1000.3641357421875,18993.52734375,-9002.205078125
178.75,-14004.5224609375,0.0,23002.109375,-10997.8203125,3000.918212890625,-1000.3535766601562,19003.751953125,-9002.197265625
179.0,-14004.5205078125,0.0,23002.111328125,-10997.8203125,3000.9375,-1000.3566284179688,19003.755859375,-9002.1982421875
179.25,-14004.5185546875,0.0,23002.115234375,-10997.8173828125,3000.2744140625,-1000.3626098632812,19003.755859375,-9002.1962890625
179.5,-7002.25732421875,-9009.1904296875,20013.61328125,-8001.86865234375,4001.291259765625,-6002.11865234375,16003.162109375,-1000.2440185546875
179.75,-7000.775390625,-9009.1904296875,20013.615234375,-8001.869140625,4001.245849609375,-6002.15625,16003.1630859375,-999.98388671875
180.0,-7002.2578125,-9009.189453125,20013.619140625,-8001.86767578125,4001.24560546875,-6002.171875,16003.1611328125,-1000.24365234375
180.25,-7002.2568359375,-9009.189453125,20013.619140625,-8001.876953125,4001.236328125,-5999.7734375,16003.1611328125,-1000.2435913085938
180.5,-6990.408203125,-9009.15625,19982.30859375,-7988.37109375,3995.017333984375,-5988.36572265625,15994.462890625,-999.614013671875
180.75,-7002.2607421875,-9009.1904296875,20013.60546875,-8001.8828125,4001.238037109375,-6002.1533203125,16003.1572265625,-1000.2440795898438
181.0,-7002.2607421875,-9009.1904296875,20013.607421875,-8001.873046875,4001.258056640625,-6002.16455078125,16003.162109375,-1000.2442626953125
181.25,-7002.259765625,-9009.1904296875,20013.609375,-8001.87890625,4001.26318359375,-6002.16064453125,16003.162109375,-1000.244140625
181.5,-0.0,-9003.00390625,10012.12109375,-9004.8076171875,14001.234375,-19006.705078125,13002.5703125,6001.46435546875
181.75,-0.0,-9003.00390625,10012.123046875,-9004.8076171875,14004.4443359375,-19006.76953125,13002.5693359375,6001.4638671875
182.0,0.0,-9003.00390625,10012.1240234375,-9004.80859375,14004.4150390625,-19006.921875,13002.568359375,6001.462890625
182.25,0.0,-9003.00390625,10012.125,-9004.8134765625,14004.42578125,-19006.83203125,13002.5703125,5999.78271484375
182.5,0.0,-9003.00390625,10012.1259765625,-9004.8125,14004.2705078125,-18999.16796875,13002.56640625,6001.4609375
182.75,0.0,-9002.9697265625,9996.4619140625,-8989.6171875,13982.451171875,-18963.10546875,12995.4921875,5997.67626953125
183.0,0.0,-9003.00390625,10012.1181640625,-9004.8193359375,14004.4755859375,-19006.7890625,13002.53515625,6001.46337890625
183.25,0.0,-9003.00390625,10012.119140625,-9004.818359375,14004.4306640625,-19006.77734375,13002.568359375,6001.46435546875
183.5,7002.2587890625,-12006.74609375,2002.1181640625,-9004.1318359375,12003.705078125,-22007.90234375,18003.5703125,16003.9091796875
183.75,7002.2587890625,-12006.7451171875,2002.118408203125,-9004.125,12003.7353515625,-22007.939453125,18003.556640625,16003.9052734375
184.0,7002.2587890625,-12006.7451171875,2002.1197509765625,-9004.1240234375,12003.791015625,-22007.724609375,18003.5546875,16003.90234375
184.25,7000.77490234375,-12006.7451171875,2002.118896484375,-9004.12890625,12003.7509765625,-22007.8515625,18003.552734375,16003.900390625
184.5,7002.25634765625,-12006.7451171875,2002.1190185546875,-9004.140625,12003.796875,-22007.91015625,18003.56640625,15999.7431640625
184.75,7002.25537109375,-12006.7451171875,2002.1192626953125,-9004.130859375,12003.7998046875,-21999.01953125,18003.548828125,16003.8935546875
185.0,6990.4091796875,-12006.69921875,1998.987060546875,-8988.9326171875,11985.0185546875,-21957.224609375,17993.814453125,15993.8125
185.25,7002.259765625,-12006.74609375,2002.117919921875,-9004.126953125,12003.7021484375,-22007.826171875,18003.5546875,16003.9033203125
185.5,1000.322998046875,-5996.29345703125,5001.26025390625,-4000.44287109375,2000.635986328125,-16005.7001953125,18003.556640625,7001.708984375
185.75,1000.3228149414062,-5996.2939453125,5001.2607421875,-4000.442626953125,2000.615478515625,-16005.7705078125,18003.556640625,7001.708984375
186.0,1000.32275390625,-5996.2939453125,5001.26123046875,-4000.442138671875,2000.1768798828125,-16005.6396484375,18003.560546875,7001.70849609375
186.25,1000.3225708007812,-5996.2939453125,5001.26171875,-4000.441650390625,2000.6439208984375,-16005.7177734375,18003.5546875,7001.70703125
186.5,-3000.969482421875,-6002.15478515625,17990.734375,-8006.29345703125,-3000.942626953125,-2000.7196044921875,5000.98876953125,-4000.97705078125
186.75,-3000.96875,-6002.154296875,17990.744140625,-8006.28515625,-3000.017333984375,-2000.70654296875,5000.98828125,-4000.976318359375
187.0,-3000.96875,-6002.15478515625,17990.73828125,-8006.29443359375,-3000.924072265625,-2000.71142578125,5000.98828125,-4000.976318359375
187.25,-3000.96875,-6002.154296875,17990.740234375,-8006.294921875,-3000.262451171875,-2000.71728515625,5000.98876953125,-4000.976318359375
187.5,-3000.96826171875,-6002.154296875,17990.7421875,-8006.28369140625,-3000.958740234375,-2000.716796875,5000.98876953125,-3999.935546875
187.75,-3000.9677734375,-6002.154296875,17990.744140625,-8006.29296875,-3000.937744140625,-2000.7139892578125,5000.98876953125,-4000.974853515625
188.0,-2999.98193359375,-6002.154296875,17990.74609375,-8006.294921875,-3000.943115234375,-2000.708984375,4998.2880859375,-4000.974609375
188.25,-2999.982177734375,-6002.154296875,17990.74609375,-8006.28564453125,-3000.941162109375,-1999.9129638671875,4998.2880859375,-4000.974609375
188.5,54923.94140625,49811.5859375,44864.375,26899.505859375,50936.0859375,77859.1015625,37006.71875,48979.38671875
188.75,55017.734375,49811.8125,44934.6328125,26944.998046875,51016.515625,78027.9609375,36987.87109375,49012.33203125
189.0,55017.78515625,49811.81640625,44934.6328125,26944.99609375,51015.765625,78027.7265625,37006.70703125,49011.98046875
189.25,55017.78515625,49811.8125,44934.640625,26944.994140625,51016.3671875,78028.2109375,37007.29296875,48999.3203125
189.5,55017.7734375,49811.8125,44934.64453125,26944.9921875,50999.53125,78027.5703125,37007.296875,48998.28515625
189.75,55006.265625,49811.8125,44934.65234375,26944.986328125,51016.12890625,78028.4765625,37007.26171875,49012.09375
190.0,55017.73828125,49811.8125,44934.6640625,26944.98046875,51016.06640625,77997.171875,37007.28125,49012.05078125
190.25,55017.7421875,49811.8125,44934.66015625,26944.982421875,51016.40234375,77996.4765625,37007.28515625,49012.05078125
190.5,57018.3828125,54996.9296875,39015.046875,24016.591796875,52016.19140625,73996.875,41008.078125,58014.265625
190.75,56921.33203125,54996.7265625,38954.015625,23976.06640625,51934.62109375,73866.8359375,41007.96484375,57975.6328125
191.0,57018.484375,54996.9375,39015.01953125,24016.609375,52016.52734375,74026.2578125,40985.98046875,58014.40625
191.25,57018.39453125,54996.93359375,39015.0234375,24016.607421875,52016.4375,74026.234375,41007.2734375,58014.078125
191.5,57018.4140625,54996.9375,39015.02734375,24016.603515625,52016.234375,74026.5078125,41008.046875,58014.19140625
191.75,57006.47265625,54996.93359375,39015.03515625,24016.599609375,52004.76953125,74026.46875,41007.97265625,58014.25390625
192.0,56999.66015625,54996.93359375,39015.03515625,24016.599609375,52015.7890625,74026.875,41007.96875,58014.25
192.25,57018.2890625,54996.93359375,39015.0390625,24016.59765625,52016.4140625,74026.5625,41008.08984375,58014.2421875
192.5,61019.6796875,61988.62109375,43007.08203125,19016.359375,43013.36328125,85030.2421875,37007.27734375,52012.7890625
192.75,61019.671875,61988.625,43007.0859375,19016.357421875,43013.30078125,84996.28125,37007.28125,52012.79296875
193.0,60915.8671875,61988.390625,42939.80859375,18984.26953125,42946.515625,84847.1953125,37007.2109375,51978.16015625
193.25,61019.68359375,61988.6328125,43007.05078125,19016.369140625,43013.20703125,85030.53125,37007.12109375,52012.79296875
193.5,61019.703125,61988.62890625,43007.0546875,19016.3671875,43013.66796875,85030.265625,37007.73828125,52013.05859375
193.75,61019.73828125,61988.62890625,43007.0625,19016.365234375,43013.2109375,85030.28125,37007.33203125,52012.80078125
194.0,61019.7890625,61988.62890625,43007.06640625,19016.365234375,42999.765625,85030.1015625,37007.34765625,51999.44140625
194.25,61006.9375,61988.62890625,43007.0703125,19016.361328125,43013.33203125,85030.15625,37007.265625,51998.22265625
194.5,57018.34375,66001.53125,32041.232421875,14004.37890625,45013.87109375,77027.8359375,50009.6640625,43999.3671875
194.75,57018.36328125,66001.5390625,32041.23828125,14004.376953125,45013.98828125,77027.6640625,50009.765625,44010.7890625
195.0,56921.3984375,66001.28125,31991.134765625,13980.7392578125,44944.125,76850.6328125,50009.25,43981.28125
195.25,56921.421875,66001.2890625,31991.12109375,13980.7451171875,44944.08984375,76861.8203125,50009.42578125,43981.2890625
195.5,57018.3828125,66001.5390625,32041.216796875,14004.3857421875,45013.9375,77027.9296875,50009.83984375,44010.84765625
195.75,57018.4765625,66001.5390625,32041.22265625,14004.373046875,45014.4140625,77027.1875,50009.82421875,44010.8828125
196.0,57006.49609375,66001.5390625,32041.22265625,14004.3828125,45014.1796875,77027.4296875,50009.80859375,44010.8828125
196.25,56999.55078125,66001.5390625,32041.2265625,14004.380859375,44999.35546875,77027.6796875,50010.4921875,44011.03515625
196.5,125040.2109375,133373.84375,75795.5703125,68758.015625,107999.5078125,188066.640625,86016.8203125,116029.4375
196.75,125040.203125,133374.0,75795.5625,68758.0390625,108033.8828125,188067.8125,86016.9765625,116029.0078125
197.0,125040.203125,133373.984375,75795.578125,68758.078125,108034.4453125,187992.953125,86016.4453125,116028.6328125
197.25,124826.1875,133373.484375,75677.046875,68642.0390625,107865.515625,187661.84375,86015.8828125,115944.59375
197.5,125040.6875,133374.0,75795.5234375,68758.1171875,108034.0546875,188066.078125,85975.25,116031.1328125
197.75,125040.34375,133374.0,75795.5234375,68758.125,108034.546875,188067.453125,85971.4921875,116029.421875
198.0,125040.6875,133374.0,75795.53125,68758.1171875,108032.40625,188067.421875,86012.5625,116028.1796875
198.25,125013.8359375,133374.0,75795.5390625,68758.109375,108034.0703125,188067.875,86017.4140625,116028.5625
198.5,119999.2734375,135030.59375,78023.390625,72016.625,114998.8515625,188067.453125,81015.046875,119029.6953125
198.75,120038.765625,135030.609375,78023.3984375,72016.609375,115000.890625,188067.421875,81016.296875,119030.109375
199.0,120038.3203125,135030.59375,78023.40625,72016.609375,115035.984375,188067.421875,81015.3828125,118998.5703125
199.25,120038.6953125,135030.609375,78023.4140625,72016.6015625,115036.9296875,188066.90625,81015.8828125,118996.0859375
199.5,120038.703125,135030.59375,78023.421875,72016.59375,115036.2265625,188066.796875,81015.828125,119029.6875
199.75,119833.1875,135030.09375,77901.375,71895.0859375,114856.546875,187661.6875,80972.2109375,118943.6796875
200.0,120038.7421875,135030.609375,78023.3671875,72016.640625,115034.578125,188067.4375,81018.5625,119031.1953125
200.25,120038.1953125,135030.609375,78023.3828125,72016.578125,115035.046875,188067.890625,81015.9375,119029.484375
200.5,111035.7890625,121173.90625,84994.0078125,82969.4296875,123038.3515625,189066.65625,75014.6875,111027.7578125
200.75,111035.140625,121173.9453125,84994.0234375,82969.421875,123038.5078125,189067.5625,75014.375,110998.546875
201.0,110999.0703125,121173.9453125,84994.03125,82969.4140625,123028.0703125,189068.125,75014.3515625,111027.34375
201.25,111035.8203125,121173.9453125,84994.046875,82969.3984375,123039.0859375,188992.90625,75013.9296875,111027.5859375
201.5,111035.8203125,121173.9453125,84994.046875,82969.3984375,123040.1953125,189067.421875,75014.5,111027.5
201.75,110845.4609375,121173.484375,84861.1328125,82829.359375,122846.1953125,188659.875,75016.234375,110948.671875
202.0,111035.859375,121173.953125,84993.9921875,82969.4453125,123037.46875,189068.484375,75014.203125,111027.0625
202.25,111035.8515625,121173.953125,84994.0,82969.4296875,123038.359375,189066.828125,75014.6328125,111027.7109375
202.5,117038.140625,130877.5078125,78078.0078125,82044.7734375,125038.71875,181065.359375,77014.9453125,115028.8359375
202.75,117037.3984375,130877.5,78078.015625,82044.859375,125040.4375,181064.234375,77015.828125,115029.1875
203.0,117037.421875,130877.5,78078.03125,82044.75,125038.8671875,181065.5,77014.59375,115028.09375
203.25,117037.15625,130877.5,78078.03125,82044.8125,125010.859375,181064.453125,77014.453125,114995.8984375
203.5,117037.734375,130877.5,78078.0390625,82044.8046875,125039.453125,180994.015625,77015.0234375,115028.671875
203.75,117037.75,130877.4921875,78078.046875,82044.796875,125039.0625,181039.0,77015.0546875,115028.671875
204.0,116837.1484375,130877.0,77955.9453125,81906.328125,124842.6171875,180673.859375,76973.546875,114945.71875
204.25,117037.7890625,130877.5078125,78077.9921875,82044.8515625,125039.5703125,181064.5,77017.546875,115030.1015625
204.5,60019.1875,68341.5390625,30118.7890625,34134.7265625,69022.4765625,76027.5078125,42008.0,60015.046875
204.75,60019.33984375,68341.5703125,30118.7890625,34134.734375,69021.4375,76027.0859375,42008.265625,60014.7890625
205.0,60019.3203125,68341.5625,30118.79296875,34134.75390625,69021.6171875,76027.1484375,42008.87109375,60015.08984375
205.25,59999.49609375,68341.5625,30118.796875,34134.75,69021.65625,76026.828125,42008.28515625,60014.73828125
205.5,59999.49609375,68341.5625,30118.798828125,34134.74609375,69021.609375,76027.0625,42008.2890625,60014.734375
205.75,60019.35546875,68341.5625,30118.802734375,34134.7421875,69022.203125,75996.8125,42008.109375,60014.7734375
206.0,60019.32421875,68341.5625,30118.80859375,34134.73828125,69022.4453125,76016.0,42008.1953125,60014.703125
206.25,59917.11328125,68341.3046875,30071.705078125,34077.12890625,68913.2421875,75852.546875,42007.875,59974.33203125
206.5,55017.75,71010.0078125,28017.435546875,33018.3984375,71021.765625,74026.1640625,48009.44921875,51012.6015625
206.75,55017.84765625,71010.0,28017.439453125,33018.3984375,71021.984375,74026.5625,48009.44921875,51012.640625
207.0,55017.72265625,71010.0,28017.44140625,33018.37109375,71021.71875,74026.7109375,48009.4453125,51012.57421875
207.25,55017.79296875,71010.0,28017.4453125,33018.390625,71000.1796875,74025.984375,48009.421875,51012.6015625
207.5,54999.53125,71010.0,28017.447265625,33018.38671875,71006.375,74026.1328125,48010.16015625,51012.81640625
207.75,55017.640625,71009.9921875,28017.451171875,33018.3828125,71022.5625,74026.6640625,48009.3515625,51012.37890625
208.0,55017.7734375,71010.0,28017.453125,33018.3828125,71022.0078125,73996.9296875,48009.40234375,51012.671875
208.25,55017.75,71009.9921875,28017.45703125,33018.37890625,71022.3984375,73997.0546875,48009.4921875,50999.38671875
208.5,59917.16796875,72019.3125,29946.744140625,31963.59375,64918.66796875,77848.6640625,44008.24609375,57975.16015625
208.75,60019.3828125,72019.5859375,29993.626953125,32017.654296875,65019.78515625,78027.890625,44008.66015625,58014.328125
209.0,60019.47265625,72019.5859375,29993.62890625,32017.60546875,65019.97265625,78027.515625,44008.66796875,58014.375
209.25,60019.33984375,72019.5859375,29993.6328125,32017.625,65020.22265625,78027.5234375,44008.66015625,58014.296875
209.5,60019.4375,72019.5859375,29993.634765625,32017.64453125,65020.6953125,78027.4609375,43985.97265625,58014.77734375
209.75,59999.625,72019.5859375,29993.640625,32017.640625,65020.08203125,78028.4609375,44008.5625,58014.15625
210.0,60019.40234375,72019.5859375,29993.64453125,32017.63671875,65020.015625,78027.7109375,44009.03125,58014.51171875
210.25,60019.40234375,72019.5859375,29993.64453125,32017.634765625,65020.6875,77996.640625,44009.02734375,58014.5078125
210.5,61019.625,68044.0078125,30013.640625,30018.521484375,66020.984375,74996.96875,45008.50390625,56997.83984375
210.75,60915.7578125,68043.75,29966.705078125,29967.85546875,65917.234375,74854.734375,45008.43359375,56975.609375
211.0,61019.69921875,68044.015625,30013.619140625,30018.5390625,66020.7109375,75027.078125,45008.85546875,57014.078125
211.25,61019.70703125,68044.015625,30013.62109375,30018.5390625,66020.75,75026.65625,45008.8515625,57014.078125
211.5,61019.6640625,68044.015625,30013.625,30018.513671875,66020.234375,75026.28125,45008.8515625,57014.046875
211.75,61006.9765625,68044.015625,30013.630859375,30018.53125,65999.6640625,75026.9296875,45007.796875,57013.8671875
212.0,61006.96875,68044.015625,30013.630859375,30018.53125,66005.984375,75027.0234375,45008.0078125,57013.875
212.25,61019.5703125,68044.015625,30013.634765625,30018.525390625,66020.6484375,75026.328125,45008.8828125,57014.0078125
212.5,60019.38671875,66032.7734375,25020.970703125,31993.232421875,69022.0078125,66997.40625,52010.6484375,53013.2421875
212.75,60019.34765625,66032.7734375,25020.974609375,31993.2265625,69021.859375,67014.6484375,52010.25390625,52998.13671875
213.0,60019.38671875,66032.7734375,25020.953125,31993.25390625,69021.578125,67024.234375,52010.2265625,53013.09375
213.25,60019.3828125,66032.7734375,25020.955078125,31993.251953125,69022.0078125,67024.234375,52010.2265625,53013.08984375
213.5,60019.3828125,66032.7734375,25020.95703125,31993.2265625,69021.4609375,67024.21875,52010.234375,53013.08984375
213.75,60019.47265625,66032.7734375,25020.9609375,31993.22265625,69021.2265625,67024.1640625,52010.23828125,53013.1328125
214.0,60019.40625,66032.7734375,25020.962890625,31993.2421875,68999.5703125,67024.2421875,52010.19921875,53013.0859375
214.25,59999.5,66032.7734375,25020.96484375,31993.23828125,69022.515625,67024.2109375,52010.98828125,53013.3125
214.5,53999.56640625,62041.5546875,34990.0703125,38001.0390625,63019.1796875,79028.265625,51010.1484375,49012.04296875
214.75,54017.44140625,62041.55859375,34990.078125,38001.03125,63019.859375,78996.2265625,51010.12890625,48999.4453125
215.0,54017.4140625,62041.55859375,34990.08203125,38001.02734375,63019.796875,78997.3515625,51009.82421875,48998.25390625
215.25,53925.43359375,62041.3203125,34935.359375,37936.890625,62921.27734375,78846.3515625,51009.59765625,48979.0703125
215.5,54017.4453125,62041.5625,34990.0546875,38001.05859375,63019.859375,79028.1015625,51010.05078125,49012.10546875
215.75,54017.44921875,62041.5625,34990.05859375,38001.0546875,63019.67578125,79027.6953125,51010.02734375,49012.09765625
216.0,54017.40625,62041.55859375,34990.0625,38001.0234375,63019.828125,79028.6875,51010.03125,49012.07421875
216.25,54017.38671875,62041.5625,34990.0625,38001.04296875,62999.25390625,79028.0859375,50982.80859375,49012.1484375
216.5,57018.46875,62021.6484375,33020.26171875,40012.765625,60005.5546875,80028.7109375,50008.69921875,52012.6328125
216.75,56999.54296875,62021.6484375,33020.265625,40012.7578125,60019.15625,80028.2109375,50009.953125,52012.77734375
217.0,57018.3203125,62021.64453125,33020.26953125,40012.7578125,60018.5,79996.3046875,50009.96484375,51999.390625
217.25,57018.38671875,62021.64453125,33020.2734375,40012.75390625,60018.40234375,79996.2109375,50010.1015625,51998.234375
217.5,56921.2734375,62021.40625,32968.6328125,39945.21875,59925.203125,79844.7265625,50009.40625,51977.79296875
217.75,57018.41015625,62021.6484375,33020.24609375,40012.78125,60018.4140625,80028.296875,50009.8515625,52012.8515625
218.0,57018.41796875,62021.6484375,33020.25,40012.74609375,60019.11328125,80028.6875,50009.83203125,52012.83984375
218.25,57018.37109375,62021.6484375,33020.25390625,40012.7421875,60018.8984375,80028.5,50009.83984375,52012.81640625
218.5,54017.43359375,66003.0859375,33015.49609375,41016.4765625,63019.01171875,82029.140625,43985.12890625,50012.40625
218.75,54017.53515625,66003.0859375,33015.5,41016.47265625,63005.64453125,82028.9921875,44007.703125,50012.17578125
219.0,54006.16015625,66003.0859375,33015.5,41016.46875,63019.4921875,82028.9453125,44007.890625,50012.1796875
219.25,54017.30859375,66003.0859375,33015.5078125,41016.46484375,63019.515625,82029.1484375,44008.5546875,49999.25390625
219.5,54017.41796875,66003.0859375,33015.5078125,41016.4609375,63019.49609375,81996.3046875,44008.90234375,49998.3046875
219.75,53925.40234375,66002.828125,32963.87890625,40947.23046875,62921.64453125,81841.2109375,44008.2890625,49978.65625
220.0,54017.45703125,66003.0859375,33015.484375,41016.48828125,63020.16015625,82028.8359375,44008.6640625,50012.35546875
220.25,54017.5234375,66003.0859375,33015.48828125,41016.484375,63019.26171875,82029.546875,44008.6640625,50012.38671875
220.5,58018.82421875,64993.02734375,32017.060546875,38026.421875,65020.74609375,75026.8125,46009.05859375,55013.62890625
220.75,58018.66796875,64993.0234375,32017.06640625,38026.41796875,64999.9296875,75026.734375,45985.3046875,55013.9296875
221.0,58018.78125,64993.0234375,32017.0703125,38026.41015625,65005.796875,75026.7734375,46008.24609375,55013.375
221.25,57999.5625,64993.0234375,32017.07421875,38026.40625,65020.0,75026.6796875,46009.234375,55013.64453125
221.5,58018.578125,64993.0234375,32017.078125,38026.40625,65019.984375,74996.6328125,46008.95703125,54999.19140625
221.75,58018.6875,64993.0234375,32017.080078125,38026.40234375,65019.98828125,74996.921875,46009.22265625,55013.55078125
222.0,57919.89453125,64992.7734375,31967.01171875,37962.21875,64918.36328125,74854.078125,46008.6640625,54976.53515625
222.25,58018.7421875,64993.02734375,32017.05859375,38026.42578125,65020.71484375,75026.890625,46009.05078125,55013.58203125
222.5,62020.04296875,68007.8984375,31016.7578125,37020.36328125,67020.7109375,72025.6875,43008.46484375,53013.0859375
222.75,62019.96484375,68007.8984375,31016.763671875,37020.37890625,67021.0234375,72025.4375,42985.45703125,53013.12109375
223.0,62020.125,68007.8984375,31016.767578125,37020.375,67006.2421875,72025.3671875,43007.50390625,53012.8984375
223.25,62006.91796875,68007.8984375,31016.76953125,37020.375,67020.0703125,72025.9375,43008.55078125,53013.03515625
223.5,62019.92578125,68007.8984375,31016.7734375,37020.37109375,67021.0390625,72025.78125,43008.57421875,52999.37890625
223.75,62020.0,68007.8984375,31016.77734375,37020.3671875,67021.28125,72043.9921875,43008.46484375,52998.14453125
224.0,62019.9921875,68007.8984375,31016.78125,37020.36328125,67020.578125,72015.8984375,43008.265625,53013.0234375
224.25,62020.03125,68007.8984375,31016.75390625,37020.390625,67021.0078125,72026.0,43008.4375,53013.05859375
224.5,61019.7109375,68023.640625,32012.416015625,37017.54296875,64019.90625,76027.1640625,44008.66015625,52012.84375
224.75,61019.6640625,68023.6328125,32012.419921875,37017.5390625,64019.68359375,76027.1796875,44008.65234375,52012.8125
225.0,61019.64453125,68023.6328125,32012.421875,37017.53515625,63999.91015625,76027.21875,43985.125,52012.87890625
225.25,61019.80078125,68023.6328125,32012.427734375,37017.53125,64006.13671875,76027.109375,44007.68359375,52012.65625
225.5,61006.99609375,68023.6328125,32012.4296875,37017.52734375,64019.53125,76026.953125,44008.69140625,52012.8515625
225.75,61019.60546875,68023.6328125,32012.43359375,37017.54296875,64019.8203125,76027.5,44008.7734375,51999.390625
226.0,61019.70703125,68023.640625,32012.412109375,37017.546875,64019.6171875,76027.1171875,44008.63671875,52012.8125
226.25,60952.77734375,68022.734375,31990.5625,36991.69921875,63919.7890625,75949.1640625,44007.01953125,52009.1875
226.5,62020.02734375,67028.515625,32995.44921875,38015.109375,64019.89453125,78028.109375,38007.45703125,56013.796875
226.75,62020.0390625,67028.515625,32995.453125,38015.10546875,64019.99609375,78027.921875,38007.484375,56013.82421875
227.0,62019.98828125,67028.515625,32995.45703125,38015.1015625,64020.05078125,78027.953125,38007.4765625,56013.796875
227.25,62019.97265625,67028.515625,32995.4609375,38015.09765625,64020.234375,78028.1484375,38008.0,56014.06640625
227.5,62020.01171875,67028.515625,32995.46484375,38015.09375,63999.5234375,78028.0234375,38007.40234375,56013.64453125
227.75,61999.53125,67028.515625,32995.46875,38015.08984375,64020.16796875,78028.1640625,38007.58203125,55999.33203125
228.0,62019.90234375,67028.5078125,32995.47265625,38015.0859375,64020.0859375,78027.7890625,38007.515625,55997.99609375
228.25,62101.07421875,67028.703125,33013.8359375,38015.14453125,64038.11328125,78102.2265625,38007.42578125,56022.9609375
228.5,64020.63671875,68018.6015625,34013.1953125,38018.0234375,65019.8984375,80017.0703125,37007.1171875,57014.00390625
228.75,64020.6796875,68018.609375,34013.16796875,38018.0546875,65020.390625,80028.53125,37007.265625,57014.04296875
229.0,64020.6875,68018.609375,34013.16796875,38018.05078125,65020.4921875,80028.4921875,37007.28125,57014.08203125
229.25,64020.63671875,68018.609375,34013.17578125,38018.046875,65020.375,80028.484375,37007.28125,57014.046875
229.5,64020.6171875,68018.609375,34013.1796875,38018.04296875,65020.3046875,80028.2734375,37007.79296875,57014.3203125
229.75,64020.65625,68018.609375,34013.18359375,38018.0390625,64999.7578125,80028.4296875,37007.20703125,57013.890625
230.0,64020.75390625,68018.609375,34013.1875,38018.03515625,65020.38671875,80028.4609375,37007.390625,57014.19921875
230.25,63999.421875,68018.609375,34013.19140625,38018.03125,65020.90625,80028.46875,37007.19921875,56999.15234375
230.5,61019.6875,70013.6328125,32019.748046875,38995.0078125,58017.98828125,88031.125,36007.1015625,51998.16796875
230.75,61019.66796875,70013.6328125,32019.751953125,38995.0,58018.46484375,88019.3671875,36006.91796875,52012.7734375
231.0,61019.671875,70013.6328125,32019.73046875,38995.02734375,58017.99609375,88031.4296875,36007.08203125,52012.81640625
231.25,61019.80078125,70013.6328125,32019.728515625,38995.03125,58017.71484375,88031.390625,36007.09765625,52012.8828125
231.5,61019.66796875,70013.6328125,32019.73046875,38995.02734375,58017.56640625,88030.7109375,36007.08203125,52012.8125
231.75,61019.6875,70013.6328125,32019.734375,38995.01953125,58017.64453125,88031.6015625,35988.4453125,52013.17578125
232.0,61019.70703125,70013.6328125,32019.73828125,38995.01953125,58005.27734375,88031.578125,36006.484375,52012.640625
232.25,61007.0,70013.6328125,32019.7421875,38995.015625,58017.8515625,88031.6015625,36007.18359375,52012.9765625
232.5,29009.3984375,29098.251953125,11021.5419921875,12029.0625,24007.513671875,29010.44921875,15002.9296875,21005.08203125
232.75,29009.34375,29098.25390625,11021.54296875,12029.060546875,24007.541015625,29010.38671875,15002.9365234375,20999.228515625
233.0,28960.119140625,29098.14453125,11004.302734375,12008.7607421875,23969.88671875,28943.771484375,15002.84375,20991.5859375
233.25,29009.388671875,29098.2578125,11021.53515625,12029.068359375,24007.453125,29010.26953125,15002.955078125,21005.15234375
233.5,29009.36328125,29098.255859375,11021.5380859375,12029.064453125,24007.33984375,29010.34375,15002.9609375,21005.146484375
233.75,29009.365234375,29098.255859375,11021.5380859375,12029.0654296875,24007.548828125,29010.271484375,15002.9609375,21005.146484375
234.0,29009.36328125,29098.255859375,11021.5380859375,12029.0654296875,24009.806640625,29010.36328125,15002.9609375,21005.146484375
234.25,29009.376953125,29098.25390625,11021.5390625,12029.064453125,24002.48046875,29010.369140625,14994.990234375,21005.20703125
234.5,21006.7734375,27013.853515625,14003.392578125,16002.810546875,25007.853515625,28009.986328125,22004.162109375,15003.6474609375
234.75,21006.775390625,27013.853515625,14003.3935546875,16002.8095703125,25007.916015625,28010.05078125,22004.3359375,15003.66015625
235.0,21006.767578125,27013.853515625,14003.3955078125,16002.8076171875,25008.048828125,28010.02734375,22004.310546875,14999.4453125
235.25,21006.767578125,27013.853515625,14003.396484375,16002.794921875,25008.04296875,27998.8984375,22004.328125,15003.6650390625
235.5,21006.80078125,27013.85546875,14003.384765625,16002.818359375,25007.884765625,28010.1171875,22004.298828125,15003.6826171875
235.75,20999.8828125,27013.85546875,14003.3857421875,16002.8173828125,25007.787109375,28009.947265625,22004.330078125,15003.677734375
236.0,20999.85546875,27013.85546875,14003.38671875,16002.8056640625,25007.84765625,28009.771484375,22004.349609375,15003.673828125
236.25,21006.78125,27013.853515625,14003.3896484375,16002.8134765625,25007.896484375,28009.875,22004.341796875,15003.67578125
236.5,22007.095703125,30003.568359375,13007.0068359375,14008.740234375,27002.626953125,27009.6796875,18993.642578125,15003.708984375
236.75,22007.09765625,30003.56640625,13007.0087890625,14008.73828125,27008.41015625,27009.572265625,19003.755859375,15003.673828125
237.0,22007.10546875,30003.568359375,13007.0087890625,14008.7392578125,27008.390625,27009.6796875,19003.76171875,15003.669921875
237.25,22007.09765625,30003.56640625,13007.01171875,14008.7373046875,27008.390625,27009.720703125,19003.75,14999.4580078125
237.5,21969.74609375,30003.453125,12986.6650390625,13985.095703125,26966.03515625,26947.501953125,19003.671875,14994.00390625
237.75,22002.48828125,30003.568359375,13007.001953125,14008.7451171875,27008.5078125,27009.5625,19003.740234375,15003.6787109375
238.0,21999.869140625,30003.568359375,13007.0029296875,14008.744140625,27008.591796875,27009.564453125,19003.740234375,15003.677734375
238.25,22007.095703125,30003.568359375,13007.00390625,14008.7431640625,27008.33984375,27009.751953125,19003.75390625,15003.6748046875
238.5,18005.8203125,30992.10546875,12006.4716796875,14006.6171875,25007.57421875,32011.501953125,22004.345703125,12002.9443359375
238.75,18005.806640625,30992.10546875,12006.47265625,14006.6162109375,25002.271484375,32011.408203125,21992.646484375,12002.96875
239.0,18005.810546875,30992.103515625,12006.4736328125,14006.615234375,25008.013671875,32011.3984375,22004.16015625,12002.9208984375
239.25,18005.810546875,30992.103515625,12006.4755859375,14006.61328125,25007.583984375,32011.427734375,22004.373046875,12002.9482421875
239.5,18005.80078125,30992.103515625,12006.4765625,14006.6123046875,25007.826171875,32011.560546875,22004.310546875,11999.8076171875
239.75,18005.802734375,30992.103515625,12006.4775390625,14006.6015625,25007.771484375,31998.69921875,22004.3828125,12002.939453125
240.0,18005.828125,30992.107421875,12006.4677734375,14006.6220703125,25007.9765625,32011.421875,22004.296875,12002.9453125
240.25,17999.900390625,30992.10546875,12006.46875,14006.62109375,25007.7265625,32011.3359375,22004.337890625,12002.9453125
240.5,19006.126953125,32008.6328125,14004.3515625,11007.708984375,27008.419921875,33011.69140625,16003.1591796875,10002.44921875
240.75,19006.142578125,32008.6328125,14004.3525390625,11007.7080078125,27008.546875,33011.8671875,16003.1572265625,10002.4521484375
241.0,19006.12890625,32008.6328125,14004.3544921875,11007.70703125,27002.375,33011.796875,15994.6416015625,10002.47265625
241.25,19006.12890625,32008.6328125,14004.3564453125,11007.7060546875,27008.599609375,33011.60546875,16003.1630859375,10002.44921875
241.5,19006.130859375,32008.6328125,14004.357421875,11007.705078125,27008.494140625,33011.78125,16003.1669921875,9999.8525390625
241.75,19006.130859375,32008.6328125,14004.359375,11007.705078125,27008.30859375,33011.91796875,16003.158203125,9999.638671875
242.0,19006.126953125,32008.630859375,14004.3603515625,11007.703125,27008.396484375,32998.59765625,16003.1572265625,10002.4443359375
242.25,19006.15234375,32008.634765625,14004.3486328125,11007.7119140625,27008.564453125,33011.73046875,16003.19140625,10002.4619140625
242.5,21002.369140625,32011.15625,11007.6162109375,15002.5498046875,26008.2109375,32011.578125,18003.544921875,13003.1884765625
242.75,21006.755859375,32011.15625,11007.6181640625,15002.548828125,26008.38671875,32011.521484375,18003.564453125,13003.1806640625
243.0,21006.78125,32011.15625,11007.619140625,15002.546875,26008.17578125,32011.22265625,18003.55078125,13003.185546875
243.25,21006.7734375,32011.154296875,11007.6201171875,15002.5458984375,26002.263671875,32011.240234375,17993.9765625,13003.21484375
243.5,21006.7734375,32011.154296875,11007.62109375,15002.5439453125,26008.03125,32011.42578125,18003.443359375,13003.1640625
243.75,21006.77734375,32011.154296875,11007.623046875,15002.54296875,26007.984375,32011.580078125,18003.556640625,13003.1826171875
244.0,21006.767578125,32011.15234375,11007.6240234375,15002.5419921875,26008.169921875,32011.47265625,18003.5234375,12999.517578125
244.25,21006.76953125,32011.154296875,11007.625,15002.529296875,26008.228515625,31999.017578125,18003.544921875,13003.17578125
244.5,13980.7392578125,34006.82421875,13974.1806640625,17974.169921875,25967.251953125,36928.04296875,15002.8671875,3998.398193359375
244.75,13999.916015625,34006.95703125,13996.05859375,18004.5703125,26008.251953125,37013.1484375,15002.9541015625,4000.98046875
245.0,14004.5068359375,34006.95703125,13996.060546875,18004.568359375,26008.13671875,37013.09765625,15002.96875,4000.97900390625
245.25,14004.517578125,34006.953125,13996.0625,18004.56640625,25999.88671875,37013.16015625,14994.966796875,4000.98828125
245.5,14004.515625,34006.953125,13996.0634765625,18004.56640625,26002.525390625,37013.171875,14994.96875,4000.988037109375
245.75,14004.5234375,34006.953125,13996.064453125,18004.5625,26008.279296875,37013.46484375,15002.9755859375,4000.980224609375
246.0,14004.5185546875,34006.953125,13996.06640625,18004.5625,26008.1328125,37013.10546875,15002.9658203125,3999.941162109375
246.25,14004.5166015625,34006.953125,13996.068359375,18004.556640625,26008.2578125,37013.43359375,15002.9599609375,3999.856689453125
246.5,18005.80859375,32015.84375,13006.9423828125,17009.232421875,28008.650390625,31010.9375,16003.158203125,8001.95458984375
246.75,18005.818359375,32015.84765625,13006.9326171875,17009.244140625,28008.728515625,31010.953125,16003.1943359375,8001.96728515625
247.0,18002.03515625,32015.84765625,13006.93359375,17009.2421875,28008.931640625,31011.111328125,16003.150390625,8001.96142578125
247.25,18005.814453125,32015.84765625,13006.9365234375,17009.23828125,28008.7734375,31011.076171875,16003.158203125,8001.96044921875
247.5,18005.8203125,32015.84765625,13006.9365234375,17009.23828125,28008.56640625,31011.2578125,16003.1572265625,8001.9619140625
247.75,18005.80859375,32015.84765625,13006.9375,17009.23828125,28002.876953125,31011.248046875,16003.044921875,8001.94775390625
248.0,18005.814453125,32015.845703125,13006.9384765625,17009.236328125,28008.693359375,31011.0546875,16003.173828125,8001.9599609375
248.25,18005.80078125,32015.84765625,13006.94140625,17009.232421875,28009.033203125,31010.978515625,16003.1279296875,7999.701171875
248.5,16005.1630859375,31013.0390625,13005.978515625,15001.41796875,28008.7578125,30010.73046875,20003.947265625,7999.71337890625
248.75,15977.998046875,31012.923828125,12985.6337890625,14976.1015625,27964.62109375,29941.740234375,20003.8671875,7996.8037109375
249.0,16001.8076171875,31013.041015625,13005.9697265625,15001.4267578125,28008.95703125,30010.806640625,20003.90625,8001.96240234375
249.25,16005.1484375,31013.041015625,13005.970703125,15001.42578125,28008.87109375,30010.837890625,20003.958984375,8001.95751953125
249.5,16005.1669921875,31013.041015625,13005.9716796875,15001.423828125,28008.810546875,30010.796875,20003.947265625,8001.96044921875
249.75,16005.1630859375,31013.041015625,13005.974609375,15001.421875,28002.505859375,30010.673828125,20003.79296875,8001.94677734375
250.0,16005.16796875,31013.0390625,13005.9755859375,15001.419921875,28008.7109375,30010.609375,20003.962890625,8001.95849609375
250.25,16977.6171875,31010.62890625,13979.77734375,11128.07421875,33763.31640625,26158.150390625,17992.072265625,10963.97265625
250.5,17005.478515625,31010.66796875,14005.37109375,11008.49609375,34011.0625,26009.298828125,18003.525390625,10999.8232421875
250.75,16976.619140625,31010.548828125,13983.470703125,10989.9130859375,33957.5078125,25949.587890625,18003.478515625,10995.5947265625
251.0,17001.927734375,31010.669921875,14005.361328125,11008.5029296875,34010.4375,26009.25,18003.515625,11002.701171875
251.25,16999.8828125,31010.669921875,14005.3623046875,11008.501953125,34010.609375,26009.138671875,18003.55859375,11002.6943359375
251.5,17005.466796875,31010.66796875,14005.36328125,11008.5009765625,34010.68359375,26009.337890625,18003.5625,11002.6923828125
251.75,17005.498046875,31010.66796875,14005.365234375,11008.4990234375,33999.6171875,26009.423828125,18003.5546875,11002.69921875
252.0,17005.482421875,31010.66796875,14005.3681640625,11008.498046875,34010.57421875,26009.20703125,18003.408203125,11002.67578125
252.25,20914.13671875,29014.38671875,12060.837890625,11981.779296875,34969.296875,23112.177734375,17002.564453125,12978.3681640625
252.5,21006.78125,29014.40625,12007.34375,12004.7041015625,35011.17578125,23008.19921875,17003.369140625,13003.1806640625
252.75,21006.7734375,29014.404296875,12007.345703125,12004.7109375,35010.9140625,23008.29296875,17003.35546875,12999.5302734375
253.0,20971.11328125,29014.29296875,11988.568359375,11984.447265625,34955.71484375,22955.384765625,17003.28515625,12994.7939453125
253.25,21002.37890625,29014.40625,12007.3369140625,12004.7197265625,35011.046875,23008.337890625,17003.3203125,13003.1923828125
253.5,21002.37109375,29014.40625,12007.3369140625,12004.71875,35010.81640625,23008.2109375,17003.34765625,13003.1884765625
253.75,21006.783203125,29014.40625,12007.3388671875,12004.708984375,35010.953125,23008.080078125,17003.35546875,13003.1865234375
254.0,21006.78125,29014.40625,12007.3408203125,12004.7158203125,34999.77734375,23008.140625,17003.35546875,13003.185546875
254.25,19096.59375,29010.169921875,17795.12109375,10087.306640625,35942.44140625,28728.55859375,14003.57421875,14979.94140625
254.5,19006.13671875,29010.234375,18000.208984375,10006.2900390625,36011.03515625,29010.193359375,14002.7822265625,15003.6875
254.75,19006.12109375,29010.232421875,18000.2109375,10006.2900390625,36011.19921875,29010.43359375,14002.7421875,14999.759765625
255.0,19006.12890625,29010.232421875,18000.212890625,10006.2890625,36011.03125,29010.490234375,14002.7587890625,15003.666015625
255.25,18973.86328125,29010.12109375,17972.064453125,9989.3984375,35954.9765625,28943.578125,14002.7080078125,14993.9970703125
255.5,18973.87109375,29010.123046875,17972.056640625,9989.40234375,35954.46875,28943.8203125,14002.7080078125,14994.00390625
255.75,18999.873046875,29010.234375,18000.201171875,10006.2880859375,36011.36328125,29010.591796875,14002.767578125,15003.6748046875
256.0,19006.13671875,29010.234375,18000.205078125,10006.2861328125,36011.515625,29010.4765625,14002.763671875,15003.67578125
256.25,21895.380859375,27013.548828125,18007.994140625,10970.330078125,26683.908203125,33781.421875,15013.9736328125,12055.6337890625
256.5,22007.09765625,27013.478515625,18008.306640625,11004.3466796875,26002.35546875,34012.1796875,15002.9521484375,12002.9248046875
256.75,22007.1015625,27013.478515625,18008.30859375,11004.345703125,26008.056640625,34012.12890625,15002.96484375,12002.9384765625
257.0,22007.08984375,27013.478515625,18008.310546875,11004.3447265625,26008.21484375,34012.23828125,15002.9326171875,11999.5537109375
257.25,22007.095703125,27013.478515625,18008.3125,11004.34375,26008.048828125,34012.27734375,15002.955078125,12002.93359375
257.5,21969.72265625,27013.375,17980.15234375,10985.7666015625,25967.318359375,33934.1875,15002.869140625,11995.2001953125
257.75,22007.111328125,27013.48046875,18008.298828125,11004.3515625,26008.1953125,34012.1796875,15002.9345703125,12002.94140625
258.0,22007.123046875,27013.48046875,18008.298828125,11004.3515625,26007.91015625,34012.08203125,15002.931640625,12002.943359375
258.25,20108.798828125,26011.517578125,21799.955078125,9110.91015625,19622.595703125,41513.0390625,16010.0927734375,10041.697265625
258.5,20006.4296875,26011.0625,22003.509765625,9005.630859375,19005.919921875,42015.140625,16003.1689453125,10002.4453125
258.75,20006.453125,26011.0625,22003.513671875,9005.6298828125,19001.75390625,42014.984375,16003.1513671875,10002.4384765625
259.0,20006.455078125,26011.0625,22003.517578125,9005.62890625,19005.970703125,42015.2109375,16003.1640625,10002.44921875
259.25,20006.455078125,26011.0625,22003.517578125,9005.62890625,19005.970703125,42014.89453125,16003.16796875,9999.853515625
259.5,20006.44921875,26011.060546875,22003.521484375,9005.626953125,19005.818359375,42015.16796875,16003.154296875,10002.4453125
259.75,19972.466796875,26010.9609375,21969.11328125,8990.42578125,18976.189453125,41918.66015625,16003.060546875,9996.0
260.0,20006.46484375,26011.0625,22003.505859375,9005.6328125,19005.97265625,42015.09765625,16003.193359375,10002.458984375
260.25,-8149.6005859375,-6040.765625,6429.12939453125,-9973.3173828125,-1471.548583984375,3755.721923828125,-2130.987060546875,-17125.912109375
260.5,-7002.2587890625,-6016.23779296875,4007.00390625,-10018.3134765625,-4999.98828125,-7002.5185546875,-2000.392578125,-16999.71875
260.75,-7002.26123046875,-6016.23828125,4007.00439453125,-10018.294921875,-4999.9453125,-7002.50244140625,-2000.3963623046875,-17004.150390625
261.0,-7002.25927734375,-6016.23828125,4007.004638671875,-10018.298828125,-5001.552734375,-7002.48876953125,-2000.3955078125,-17004.142578125
261.25,-7002.2587890625,-6016.23828125,4007.005126953125,-10018.33203125,-5001.55078125,-7002.44384765625,-2000.3955078125,-17004.140625
261.5,-7000.775390625,-6016.23828125,4007.00537109375,-10018.326171875,-5001.5146484375,-7002.4921875,-2000.39501953125,-17004.13671875
261.75,-6999.95654296875,-6016.23828125,4007.005859375,-10018.3232421875,-5001.57080078125,-7002.47412109375,-2000.399658203125,-17004.140625
262.0,-7002.25732421875,-6016.23828125,4007.006103515625,-10018.3076171875,-5001.587890625,-6999.77685546875,-2000.399169921875,-17004.142578125
262.25,-7961.77392578125,-5001.81640625,3060.50439453125,-10005.318359375,-3185.600341796875,-8888.302734375,-1001.4324340820312,-17003.57421875
262.5,-8002.58544921875,-5001.35302734375,3000.03662109375,-10004.71875,-3000.942626953125,-9003.1962890625,-1000.1978759765625,-17004.150390625
262.75,-8002.58349609375,-5001.35302734375,3000.037109375,-10004.73046875,-3000.9091796875,-9003.162109375,-1000.197509765625,-16999.724609375
263.0,-8002.583984375,-5001.35302734375,3000.037353515625,-10004.70703125,-2999.964111328125,-9003.1748046875,-1000.1981811523438,-17004.150390625
263.25,-8002.58251953125,-5001.35302734375,3000.037841796875,-10004.71875,-3000.948974609375,-9003.1962890625,-1000.19775390625,-17004.142578125
263.5,-8002.58154296875,-5001.35302734375,3000.0380859375,-10004.6982421875,-3000.929443359375,-9003.220703125,-1000.1976928710938,-17004.140625
263.75,-8000.88525390625,-5001.3525390625,3000.03857421875,-10004.68359375,-3000.9384765625,-9003.224609375,-999.6553955078125,-17004.126953125
264.0,-7999.94970703125,-5001.3525390625,3000.038818359375,-10004.708984375,-3000.99365234375,-9003.240234375,-1000.1997680664062,-17004.140625
264.25,-9002.0400390625,-10007.2158203125,2001.052001953125,-14010.66015625,2000.5902099609375,-12004.322265625,1000.1592407226562,-14000.705078125
264.5,-9002.908203125,-10007.1552734375,2001.05322265625,-14010.689453125,2000.64892578125,-12004.2958984375,1000.19775390625,-14003.4169921875
264.75,-9002.90625,-10007.1552734375,2001.0535888671875,-14010.6767578125,2000.6251220703125,-12004.3046875,1000.1976928710938,-14003.4140625
265.0,-9002.90625,-10007.1552734375,2001.0537109375,-14010.7197265625,2000.1729736328125,-12004.2109375,1000.1978759765625,-13999.4931640625
265.25,-9002.904296875,-10007.1552734375,2001.0540771484375,-14010.6962890625,2000.6104736328125,-12004.3466796875,1000.1976928710938,-14003.4111328125
265.5,-9000.99609375,-10007.154296875,2001.054443359375,-14010.6884765625,2000.638427734375,-12004.2685546875,1000.19775390625,-14003.408203125
265.75,-8999.9453125,-10007.1552734375,2001.0545654296875,-14010.7109375,2000.6507568359375,-12004.3193359375,999.6569213867188,-14003.404296875
266.0,-9002.9052734375,-10007.154296875,2001.0545654296875,-14010.6796875,2000.6044921875,-12004.3291015625,999.6567993164062,-14003.4052734375
266.25,-8987.69140625,-10003.4814453125,998.9785766601562,-8980.94921875,1997.510986328125,-10978.6328125,-1000.1834106445312,-15993.8515625
266.5,-9002.9072265625,-10003.5224609375,1000.5430908203125,-8996.142578125,2000.6279296875,-11003.94921875,-1000.1975708007812,-16003.9013671875
266.75,-9002.9072265625,-10003.5224609375,1000.5431518554688,-8996.1484375,2000.6318359375,-11003.9375,-1000.1976928710938,-16003.9033203125
267.0,-9002.90625,-10003.5224609375,1000.5431518554688,-8996.1552734375,1999.9879150390625,-11003.8681640625,-1000.1973876953125,-15999.7392578125
267.25,-9002.90625,-10003.5224609375,1000.5433349609375,-8996.1298828125,2000.1962890625,-11003.90625,-1000.1981811523438,-16003.904296875
267.5,-9002.904296875,-10003.5224609375,1000.54345703125,-8996.1533203125,2000.61865234375,-11003.95703125,-1000.19775390625,-16003.8984375
267.75,-9002.904296875,-10003.5224609375,1000.5435180664062,-8996.1318359375,2000.6273193359375,-11003.8916015625,-1000.1976928710938,-16003.896484375
268.0,-9000.9970703125,-10003.5224609375,1000.5435791015625,-8996.1669921875,2000.61376953125,-11003.9501953125,-1000.1973266601562,-16003.8935546875
268.25,-13004.1064453125,-4999.9052734375,-2001.3985595703125,-4000.4111328125,-2000.629150390625,-9999.6455078125,1000.1909790039062,-19004.61328125
268.5,-12982.18359375,-4999.86279296875,-1998.269287109375,-3993.65576171875,-1997.4957275390625,-9980.599609375,1000.192626953125,-18992.744140625
268.75,-13004.2001953125,-4999.88232421875,-2001.398681640625,-4000.412841796875,-2000.624267578125,-10003.544921875,1000.19775390625,-19004.63671875
269.0,-13004.2001953125,-4999.88232421875,-2001.398681640625,-4000.412109375,-2000.602783203125,-10003.5712890625,1000.19775390625,-19004.63671875
269.25,-13004.197265625,-4999.88232421875,-2001.3990478515625,-4000.413330078125,-2000.6231689453125,-10003.578125,1000.1975708007812,-18999.69140625
269.5,-13004.1982421875,-4999.88232421875,-2001.3992919921875,-4000.41162109375,-2000.1854248046875,-10003.55078125,1000.1982421875,-19004.638671875
269.75,-13004.1953125,-4999.88232421875,-2001.3994140625,-4000.410888671875,-2000.6201171875,-10003.5546875,1000.19775390625,-19004.630859375
270.0,-13001.4375,-4999.8818359375,-2001.3997802734375,-4000.409423828125,-2000.6336669921875,-10003.5947265625,1000.197509765625,-19004.623046875
270.25,-6999.90771484375,-8004.55517578125,-3001.59716796875,-6003.7001953125,-1000.3114013671875,-14004.9501953125,0.0,-14003.3896484375
270.5,-6990.40087890625,-8004.51708984375,-2996.90283203125,-5993.5654296875,-998.7421875,-13972.8115234375,0.0,-13994.650390625
270.75,-7002.2626953125,-8004.54833984375,-3001.594482421875,-6003.7080078125,-1000.3124389648438,-14005.0390625,0.0,-14003.41796875
271.0,-7002.26025390625,-8004.54833984375,-3001.594970703125,-6003.712890625,-1000.3112182617188,-14005.03125,0.0,-13999.771484375
271.25,-7002.2607421875,-8004.54833984375,-3001.59521484375,-6003.70068359375,-1000.3074951171875,-14005.033203125,0.0,-13999.7744140625
271.5,-7002.26123046875,-8004.54833984375,-3001.59521484375,-6003.7119140625,-999.9886474609375,-14004.99609375,0.0,-13999.494140625
271.75,-7002.25927734375,-8004.5478515625,-3001.595703125,-6003.705078125,-1000.3212280273438,-14005.0380859375,0.0,-14003.4111328125
272.0,-7002.2587890625,-8004.54833984375,-3001.59619140625,-6003.70458984375,-1000.3108520507812,-14005.017578125,0.0,-14003.41015625
272.25,-14001.705078125,-1999.8092041015625,-1000.32568359375,-2000.36474609375,2000.6297607421875,-11003.9345703125,0.0,-17004.119140625
272.5,-13999.9140625,-1999.812744140625,-1000.326171875,-2000.3668212890625,2000.6231689453125,-11004.0009765625,0.0,-17004.125
272.75,-13980.80859375,-1999.8050537109375,-998.7618408203125,-1996.992919921875,1997.494873046875,-10978.634765625,0.0,-16993.505859375
273.0,-14004.5244140625,-1999.8128662109375,-1000.3255004882812,-2000.37109375,2000.62255859375,-11003.921875,0.0,-17004.150390625
273.25,-14004.5244140625,-1999.8128662109375,-1000.3255004882812,-2000.364013671875,2000.61865234375,-11003.9296875,0.0,-17004.1484375
273.5,-14004.5224609375,-1999.812744140625,-1000.325927734375,-2000.364990234375,2000.6207275390625,-11003.8896484375,0.0,-17004.146484375
273.75,-14004.521484375,-1999.812744140625,-1000.3257446289062,-2000.365966796875,1999.99169921875,-11003.8056640625,0.0,-17004.1484375
274.0,-14004.5185546875,-1999.812744140625,-1000.3258666992188,-2000.3673095703125,2000.63720703125,-11003.8955078125,0.0,-17004.142578125
274.25,-13004.2109375,-3001.244140625,-3001.818359375,-6004.59423828125,-1000.3190307617188,-9003.25,3000.64013671875,-13003.197265625
274.5,-13001.439453125,-3001.245849609375,-3001.820556640625,-6004.583984375,-1000.3148803710938,-9003.23828125,3000.593505859375,-13003.1650390625
274.75,-13004.1962890625,-3001.24560546875,-3001.821044921875,-6004.59130859375,-1000.3119506835938,-9003.228515625,3000.593994140625,-13003.1669921875
275.0,-13004.19140625,-3001.245849609375,-3001.821044921875,-6004.59228515625,-1000.3145751953125,-8999.6328125,3000.59326171875,-13003.1650390625
275.25,-13004.201171875,-3001.245849609375,-3001.81884765625,-6004.59033203125,-1000.3118896484375,-9003.259765625,3000.59326171875,-13003.1728515625
275.5,-13004.19921875,-3001.245849609375,-3001.819091796875,-6004.58447265625,-1000.3123779296875,-9003.1669921875,3000.5927734375,-13003.169921875
275.75,-13004.1982421875,-3001.245849609375,-3001.8193359375,-6004.57666015625,-1000.3099365234375,-9003.2333984375,3000.593017578125,-12999.7900390625
276.0,-13004.1982421875,-3001.245849609375,-3001.81982421875,-6004.591796875,-1000.2262573242188,-9003.19921875,3000.59423828125,-13003.171875
276.25,-12003.923828125,-1000.192138671875,-3001.383544921875,-10007.7490234375,-2000.638916015625,-6002.142578125,-1000.1895751953125,-7001.70703125
276.5,-12003.8720703125,-1000.193115234375,-3001.3828125,-10007.7509765625,-2000.6246337890625,-6002.15185546875,-1000.1976928710938,-7001.705078125
276.75,-12001.326171875,-1000.193115234375,-3001.382568359375,-10007.7333984375,-2000.609375,-6002.1416015625,-999.6561279296875,-7001.7001953125
277.0,-11999.9267578125,-1000.1930541992188,-3001.3828125,-10007.7666015625,-2000.6279296875,-6002.14306640625,-1000.19970703125,-7001.7060546875
277.25,-11983.5537109375,-1000.1892700195312,-2996.689697265625,-9990.8603515625,-1997.49072265625,-5988.3349609375,-1000.1927490234375,-6997.32275390625
277.5,-12003.8779296875,-1000.1931762695312,-3001.380615234375,-10007.7431640625,-2000.6112060546875,-6002.11328125,-1000.1978759765625,-7001.70849609375
277.75,-12003.8759765625,-1000.193115234375,-3001.381103515625,-10007.7392578125,-2000.619140625,-6002.16943359375,-1000.1975708007812,-7001.70654296875
278.0,-12003.8759765625,-1000.193115234375,-3001.38134765625,-10007.74609375,-2000.626708984375,-6002.1279296875,-1000.19775390625,-7001.70751953125
278.25,-8002.56640625,-0.0,-5003.0673828125,-10004.72265625,-999.9950561523438,-8002.88232421875,-4000.836181640625,-7999.7314453125
278.5,-8002.58203125,-0.0,-5003.06982421875,-10004.69140625,-1000.3201293945312,-8002.88818359375,-4000.791015625,-8001.94970703125
278.75,-8002.58203125,0.0,-5003.06982421875,-10004.701171875,-1000.3201904296875,-8002.83349609375,-4000.790771484375,-8001.94921875
279.0,-8000.884765625,0.0,-5003.0703125,-10004.6923828125,-1000.3147583007812,-8002.85107421875,-4000.7900390625,-8001.94677734375
279.25,-8002.58251953125,0.0,-5003.0712890625,-10004.69921875,-1000.3114013671875,-8002.84521484375,-4000.795654296875,-8001.94970703125
279.5,-8002.580078125,0.0,-5003.07177734375,-10004.7060546875,-1000.3082275390625,-7999.66796875,-4000.791259765625,-8001.94873046875
279.75,-8002.58544921875,0.0,-5003.06787109375,-10004.703125,-1000.3134155273438,-8002.8544921875,-4000.791259765625,-8001.953125
280.0,-8002.583984375,0.0,-5003.06787109375,-10004.697265625,-1000.3071899414062,-8002.8369140625,-4000.790283203125,-8001.951171875
280.25,-11003.6484375,4000.18359375,-6000.09375,-10004.7802734375,-2000.6187744140625,-7002.54345703125,-1000.2017822265625,-10002.4638671875
280.5,-11003.55078125,4000.18798828125,-6000.09228515625,-10004.7666015625,-1999.985107421875,-7002.50341796875,-1000.1976928710938,-9999.837890625
280.75,-11003.548828125,4000.18798828125,-6000.0947265625,-10004.7333984375,-2000.6041259765625,-7002.44921875,-1000.1976928710938,-10002.4365234375
281.0,-10999.9326171875,4000.18798828125,-6000.09521484375,-10004.7314453125,-2000.62841796875,-7002.4755859375,-1000.1980590820312,-10002.435546875
281.25,-10999.9326171875,4000.18798828125,-6000.095703125,-10004.74609375,-2000.627197265625,-7002.46728515625,-1000.1971435546875,-10002.431640625
281.5,-11003.5478515625,4000.18798828125,-6000.09619140625,-10004.7490234375,-2000.629638671875,-7002.5107421875,-1000.19873046875,-10002.4365234375
281.75,-11003.5546875,4000.188232421875,-6000.09130859375,-10004.775390625,-2000.6251220703125,-7002.505859375,-1000.19775390625,-10002.4423828125
282.0,-11003.5537109375,4000.188232421875,-6000.091796875,-10004.7587890625,-2000.6263427734375,-7002.5341796875,-1000.19775390625,-10002.44140625
282.25,-10003.296875,-1000.7268676757812,-6000.08447265625,-6001.0126953125,-2000.6319580078125,-10003.5927734375,-1000.2000122070312,-10002.4765625
282.5,-10003.228515625,-1000.726806640625,-6000.0869140625,-6001.0205078125,-2000.6158447265625,-10003.5908203125,-1000.197509765625,-9999.837890625
282.75,-10003.228515625,-1000.726806640625,-6000.087890625,-6001.01708984375,-2000.193115234375,-10003.607421875,-1000.197998046875,-10002.439453125
283.0,-10003.2265625,-1000.726806640625,-6000.08837890625,-6001.00927734375,-2000.6395263671875,-10003.5595703125,-1000.19775390625,-10002.4365234375
283.25,-10003.2265625,-1000.726806640625,-6000.0888671875,-6001.005859375,-2000.6522216796875,-10003.59765625,-1000.19775390625,-10002.4365234375
283.5,-9999.9384765625,-1000.726806640625,-6000.09375,-6001.0146484375,-2000.6273193359375,-10003.4873046875,-999.6558227539062,-10002.4287109375
283.75,-10003.224609375,-1000.726806640625,-6000.0908203125,-6001.02685546875,-2000.62646484375,-9999.5361328125,-1000.1978149414062,-10002.435546875
284.0,-10003.2314453125,-1000.7268676757812,-6000.08544921875,-6001.0087890625,-2000.6197509765625,-10003.5302734375,-1000.19775390625,-10002.44140625
284.25,26005.96875,25957.53515625,11990.0615234375,13979.1455078125,20006.220703125,32011.64453125,18004.9765625,24007.30078125
284.5,25999.853515625,25957.71484375,11990.103515625,13979.12109375,20006.34375,32011.318359375,18003.5546875,24005.892578125
284.75,26008.396484375,25957.712890625,11990.1064453125,13979.1279296875,20006.2109375,32011.474609375,18003.552734375,24005.880859375
285.0,26008.412109375,25957.712890625,11990.107421875,13979.126953125,20001.861328125,32011.189453125,18003.41015625,24005.849609375
285.25,26008.41015625,25957.712890625,11990.107421875,13979.1259765625,20001.791015625,32011.61328125,18003.41015625,24005.849609375
285.5,26008.388671875,25957.712890625,11990.1083984375,13979.125,20006.13671875,32011.4375,18003.57421875,24005.890625
285.75,26008.3828125,25957.712890625,11990.109375,13979.123046875,20006.15234375,32011.541015625,18003.537109375,23999.625
286.0,26008.384765625,25957.712890625,11990.1123046875,13979.12109375,20006.27734375,31998.744140625,18003.583984375,24005.876953125
286.25,24007.7890625,27007.3203125,13005.0625,15005.9775390625,18005.595703125,32011.416015625,19003.587890625,21005.125
286.5,24007.7578125,27007.322265625,13005.060546875,15005.9765625,18005.62890625,32011.3203125,19003.71875,21005.1484375
286.75,23999.828125,27007.3203125,13005.0625,15005.9736328125,18005.58984375,32011.349609375,19003.755859375,21005.142578125
287.0,24007.751953125,27007.322265625,13005.064453125,15005.970703125,18005.427734375,32011.400390625,19003.748046875,21005.14453125
287.25,24007.75,27007.3203125,13005.064453125,15005.970703125,18000.03125,32011.498046875,19003.75,21005.14453125
287.5,24007.763671875,27007.3203125,13005.06640625,15005.96875,18001.7265625,32011.328125,19003.599609375,21005.119140625
287.75,24007.74609375,27007.3203125,13005.068359375,15005.966796875,18005.7265625,32011.4375,19003.763671875,20999.693359375
288.0,24007.744140625,27007.3203125,13005.0693359375,15005.9658203125,18005.498046875,32011.375,19003.75,20999.240234375
288.25,22007.193359375,28007.58203125,13006.0244140625,14007.6728515625,21006.478515625,36012.953125,16003.083984375,23005.607421875
288.5,21969.732421875,28007.482421875,12985.6865234375,13984.0283203125,20973.572265625,35929.9921875,16003.0908203125,22990.794921875
288.75,22002.48828125,28007.591796875,13006.015625,14007.6826171875,21006.427734375,36013.04296875,16003.154296875,23005.646484375
289.0,21999.87109375,28007.591796875,13006.0166015625,14007.671875,21006.603515625,36012.73828125,16003.154296875,23005.642578125
289.25,22007.103515625,28007.591796875,13006.0185546875,14007.6787109375,21006.490234375,36012.88671875,16003.1591796875,23005.634765625
289.5,22007.103515625,28007.591796875,13006.01953125,14007.6787109375,20999.833984375,36012.9140625,15994.54296875,23005.646484375
289.75,22007.099609375,28007.591796875,13006.0205078125,14007.677734375,21002.09765625,36012.81640625,16003.033203125,23005.595703125
290.0,22007.1015625,28007.591796875,13006.0234375,14007.6748046875,21006.591796875,36012.8828125,16003.1708984375,22999.66796875
290.25,20006.4609375,25014.431640625,15004.6640625,15005.9384765625,23007.427734375,35012.5078125,18003.421875,21999.630859375
290.5,20006.44921875,25014.4140625,15004.671875,15005.939453125,23007.404296875,35012.5859375,18003.54296875,22005.369140625
290.75,20006.46484375,25014.416015625,15004.6591796875,15005.9501953125,23007.3984375,35012.47265625,18003.5234375,22005.392578125
291.0,19999.859375,25014.416015625,15004.6630859375,15005.947265625,23007.212890625,35012.42578125,18003.55859375,22005.388671875
291.25,20006.435546875,25014.416015625,15004.6630859375,15005.947265625,23007.310546875,35012.50390625,18003.564453125,22005.3828125
291.5,20006.451171875,25014.416015625,15004.6630859375,15005.9365234375,22999.79296875,35012.62109375,18003.55859375,22005.388671875
291.75,20006.46875,25014.416015625,15004.666015625,15005.9443359375,23002.138671875,35012.53125,18003.41796875,22005.36328125
292.0,20006.455078125,25014.416015625,15004.6689453125,15005.9306640625,23007.203125,35012.48828125,18003.55859375,22005.38671875
292.25,53002.40625,64831.0,37955.25390625,39947.1953125,62019.8359375,90032.09375,40002.515625,52992.07421875
292.5,53017.0234375,64831.15234375,37955.109375,39947.12890625,62019.078125,90032.7109375,40007.91796875,52998.140625
292.75,53017.08984375,64831.1484375,37955.11328125,39947.09375,62019.0,90019.484375,40008.08203125,53013.11328125
293.0,53017.12109375,64831.15625,37955.08203125,39947.15234375,62019.40234375,90032.5625,40007.69921875,53013.0703125
293.25,53017.12109375,64831.15234375,37955.0859375,39947.08984375,62019.5,90031.390625,40007.8515625,53013.0546875
293.5,53017.20703125,64831.15234375,37955.0859375,39947.12109375,62019.36328125,90032.1171875,40007.87890625,53013.12890625
293.75,53017.1328125,64831.15234375,37955.09375,39947.140625,62019.52734375,90032.6484375,40007.078125,53012.88671875
294.0,53017.23046875,64831.15234375,37955.1015625,39947.13671875,62006.0,90032.5078125,40007.99609375,53013.234375
294.25,52016.92578125,63030.703125,38017.44140625,42013.21484375,66006.0,87030.8828125,38007.328125,56013.9921875
294.5,52005.87109375,63030.66796875,38017.44140625,42013.203125,66020.7578125,87031.1640625,38007.34375,55999.22265625
294.75,52016.75,63030.6640625,38017.44921875,42013.19921875,66021.1796875,87031.2265625,38007.41796875,56013.73828125
295.0,52016.76953125,63030.6640625,38017.453125,42013.1953125,66020.71875,87018.546875,38007.68359375,56013.85546875
295.25,51928.15625,63030.421875,37958.00390625,41942.28125,65917.203125,86831.1796875,38007.40234375,55976.29296875
295.5,52016.80078125,63030.66796875,38017.421875,42013.2265625,66021.078125,87030.765625,38007.46484375,56013.7890625
295.75,52016.765625,63030.66796875,38017.4296875,42013.21875,66020.46875,87030.765625,37987.77734375,56014.15625
296.0,52016.7734375,63030.66796875,38017.4296875,42013.1875,66020.25,87031.0703125,38006.7265625,56013.59375
296.25,56018.34765625,58042.34765625,42006.55078125,41022.37890625,61999.33984375,87031.296875,40008.1796875,57014.3125
296.5,56018.12109375,58042.3125,42006.5234375,41022.3671875,62019.30859375,87030.5859375,40007.7421875,56999.22265625
296.75,55999.53515625,58042.3125,42006.53125,41022.359375,62019.4765625,87031.0078125,40007.8359375,57013.9296875
297.0,55999.5078125,58042.3125,42006.53125,41022.36328125,62018.86328125,87031.0078125,40007.828125,57013.9375
297.25,56018.0625,58042.3125,42006.5390625,41022.32421875,62019.81640625,87019.296875,40007.87109375,57014.01953125
297.5,56018.109375,58042.31640625,42006.50390625,41022.38671875,62019.2890625,87030.9921875,40007.703125,57014.0546875
297.75,56018.08984375,58042.31640625,42006.50390625,41022.38671875,62019.1640625,87030.6171875,40007.703125,57014.05078125
298.0,56018.16796875,58042.31640625,42006.5078125,41022.3515625,62019.09375,87030.65625,39987.12890625,57014.4765625
298.25,54017.4375,58020.3828125,41000.640625,44010.8359375,63019.625,84030.40625,41007.8203125,53012.9296875
298.5,54017.4765625,58020.39453125,41000.65625,44010.79296875,63019.85546875,84029.8515625,41008.20703125,53013.19140625
298.75,54017.44921875,58020.39453125,41000.65625,44010.8203125,63005.92578125,84029.9765625,41008.1015625,53013.0859375
299.0,53999.56640625,58020.39453125,41000.6640625,44010.81640625,63019.6640625,84030.0546875,41008.1171875,52998.125
299.25,54017.34375,58020.39453125,41000.66796875,44010.80859375,63020.125,84029.296875,41008.09375,53013.015625
299.5,54017.4140625,58020.390625,41000.671875,44010.8046875,63019.42578125,84018.1875,41008.06640625,53013.03515625
299.75,53925.36328125,58020.171875,40936.5546875,43936.51953125,62921.69140625,83836.875,41007.984375,52977.58984375
300.0,54017.4453125,58020.3984375,41000.640625,44010.83984375,63020.140625,84030.40625,41007.8984375,53013.06640625
300.25,43013.11328125,55030.55859375,32036.0234375,38034.4921875,60018.7265625,70024.90625,38008.00390625,44999.23046875
300.5,43013.875,55030.55859375,32036.080078125,38034.51171875,60019.20703125,70025.0703125,38007.41796875,45011.03125
300.75,43013.9453125,55030.55859375,32036.08203125,38034.5078125,59999.57421875,70024.9453125,38007.4765625,45011.109375
301.0,43004.88671875,55030.55859375,32036.083984375,38034.5078125,60005.453125,70024.921875,38007.46875,45011.1015625
301.25,43013.875,55030.5546875,32036.08984375,38034.50390625,60018.75390625,70025.0078125,38007.484375,45011.06640625
301.5,43013.87109375,55030.5546875,32036.09375,38034.5,60019.08984375,70024.859375,38007.484375,45011.0625
301.75,43013.8671875,55030.5546875,32036.09765625,38034.49609375,60018.5546875,70015.640625,38007.48046875,45011.05859375
302.0,43013.9453125,55030.55859375,32036.0703125,38034.52734375,60018.4921875,70025.2265625,38007.49609375,45011.1328125
302.25,42013.484375,58006.9375,32014.8984375,36003.6796875,56017.7890625,71025.1015625,39986.703125,41010.35546875
302.5,42013.56640625,58006.9375,32014.90234375,36003.6875,56017.7109375,71025.5234375,40007.80078125,40998.4375
302.75,42013.5546875,58006.9375,32014.90234375,36003.68359375,56017.82421875,71025.1875,40007.8125,41010.03515625
303.0,42004.76953125,58006.9375,32014.90625,36003.6796875,55999.3515625,71025.1171875,40007.859375,41010.1171875
303.25,42013.5546875,58006.9375,32014.91015625,36003.6796875,56017.7109375,71025.5625,40007.875,41010.0859375
303.5,42013.55078125,58006.9375,32014.912109375,36003.671875,56017.4609375,71025.4765625,40007.875,41010.0859375
303.75,41942.08203125,58006.71484375,31964.85546875,35942.89453125,55930.2421875,70861.953125,40007.59765625,40982.82421875
304.0,41942.1015625,58006.71484375,31964.83984375,35942.91015625,55929.734375,70862.28125,40007.6015625,40982.84375
304.25,47015.1875,54035.17578125,32014.736328125,38012.0078125,53016.359375,73026.1796875,37006.90625,45999.39453125
304.5,47015.16796875,54035.15625,32014.73828125,38012.0234375,53016.73046875,73026.09375,37007.68359375,46011.5078125
304.75,47015.14453125,54035.15234375,32014.740234375,38012.0234375,53016.95703125,73025.8203125,37006.96484375,45998.1796875
305.0,47015.2421875,54035.15234375,32014.74609375,38012.015625,52999.1328125,73025.609375,37007.27734375,46011.3515625
305.25,47015.015625,54035.15234375,32014.751953125,38012.0078125,53016.640625,73025.890625,37007.3359375,46011.265625
305.5,46999.61328125,54035.15234375,32014.75,38012.0078125,53016.640625,73026.2421875,37007.3046875,46011.29296875
305.75,47015.16796875,54035.15234375,32014.75390625,38012.0078125,53016.51171875,73026.015625,37007.28515625,46011.30859375
306.0,47015.1640625,54035.15234375,32014.7578125,38012.00390625,53016.17578125,73025.953125,37007.2890625,46011.3125
306.25,46935.19140625,54018.62890625,31964.681640625,37953.78515625,50935.91015625,74854.578125,38007.265625,45980.78125
306.5,47015.25390625,54018.83984375,32014.734375,38017.97265625,51016.1328125,75026.8359375,38007.48828125,46011.37890625
306.75,47015.171875,54018.8359375,32014.740234375,38017.96484375,51015.83984375,75026.921875,38006.91015625,45999.26953125
307.0,47015.16796875,54018.83984375,32014.744140625,38017.9609375,51016.02734375,75026.625,38007.41796875,46011.2578125
307.25,47015.2421875,54018.8359375,32014.74609375,38017.9609375,50999.99609375,75026.3359375,38007.4765625,46011.3515625
307.5,47005.37109375,54018.83984375,32014.748046875,38017.95703125,51004.6640625,75026.3984375,38007.45703125,46011.359375
307.75,46999.62890625,54018.8359375,32014.751953125,38017.953125,51016.1171875,75026.7109375,38007.50390625,46011.29296875
308.0,47015.16015625,54018.8359375,32014.759765625,38017.9453125,51015.5546875,75026.671875,38007.48046875,46011.30859375
308.25,45014.5859375,52026.046875,32014.7578125,40012.78515625,49015.33203125,76027.1328125,39007.62890625,43010.640625
308.5,45014.515625,52026.046875,32014.763671875,40012.76953125,49015.171875,75996.375,39007.6796875,43010.56640625
308.75,45014.52734375,52026.05078125,32014.73828125,40012.796875,49014.91015625,76026.6640625,38986.81640625,43010.6484375
309.0,45014.51953125,52026.05078125,32014.7421875,40012.79296875,49015.6328125,76027.3046875,39006.890625,42998.26953125
309.25,45014.51953125,52026.05078125,32014.74609375,40012.7890625,49015.0703125,76027.859375,39007.43359375,43010.46875
309.5,45014.53125,52026.05078125,32014.74609375,40012.7890625,49015.4375,76027.484375,39007.52734375,43010.5703125
309.75,45005.10546875,52026.046875,32014.751953125,40012.77734375,49004.6015625,76027.390625,39007.65234375,43010.60546875
310.0,44999.640625,52026.05078125,32014.75390625,40012.78125,49014.90625,76027.15625,39007.71484375,43010.5546875
310.25,45014.5703125,53014.2734375,29020.015625,40018.7734375,52016.20703125,72026.0390625,40007.87109375,45011.08203125
310.5,45014.515625,53014.265625,29020.013671875,40018.76953125,52016.22265625,71997.3046875,40007.87890625,45011.05859375
310.75,45014.51171875,53014.26171875,29020.013671875,40018.73828125,52015.94921875,71996.6015625,40007.87890625,45011.05859375
311.0,45014.60546875,53014.265625,29019.98828125,40018.80078125,52016.20703125,72025.46875,40007.8828125,45011.1328125
311.25,45014.52734375,53014.265625,29019.994140625,40018.79296875,52017.02734375,72025.4375,40007.26171875,44999.28125
311.5,45014.50390625,53014.265625,29019.994140625,40018.7890625,52016.84765625,72025.5234375,40007.8671875,44998.2734375
311.75,45014.515625,53014.265625,29019.998046875,40018.78515625,52015.9765625,72025.25,40007.80078125,45011.015625
312.0,45005.109375,53014.265625,29020.001953125,40018.78125,52005.0234375,72025.84375,40007.84765625,45011.1015625
312.25,46014.76953125,51025.453125,30011.58984375,40018.72265625,52016.34765625,73026.2421875,39007.640625,47011.515625
312.5,46014.8359375,51025.4609375,30011.59375,40018.71875,52015.9765625,73026.2578125,39007.6796875,47011.55859375
312.75,46014.8359375,51025.4609375,30011.59765625,40018.71484375,52016.58984375,72996.953125,39007.6796875,47011.55078125
313.0,46014.8359375,51025.4609375,30011.599609375,40018.71484375,52015.96875,72996.6875,39007.6796875,47011.55078125
313.25,46014.83984375,51025.46484375,30011.576171875,40018.7421875,52016.26953125,73025.96875,38987.375,47011.84765625
313.5,46014.80859375,51025.46484375,30011.580078125,40018.73828125,52016.359375,73026.421875,39007.203125,46998.15234375
313.75,46014.83984375,51025.46484375,30011.58203125,40018.734375,52015.984375,73025.765625,39007.48046875,47011.51953125
314.0,46014.85546875,51025.4609375,30011.583984375,40018.734375,52016.31640625,73025.9765625,39007.65625,47011.5390625
314.25,47005.2734375,52014.3125,31012.1015625,41016.3828125,53016.5078125,73026.4765625,36007.01171875,47011.57421875
314.5,47015.015625,52014.30859375,31012.107421875,41016.3515625,53016.23046875,73026.6875,36007.140625,47011.5078125
314.75,47015.09765625,52014.30859375,31012.109375,41016.37890625,53016.828125,73026.3984375,36007.109375,47011.5390625
315.0,47015.16015625,52014.3046875,31012.111328125,41016.37890625,53016.4453125,73026.0390625,36007.08984375,47011.5546875
315.25,46935.11328125,52014.109375,30963.60546875,40947.15625,52933.31640625,72858.40625,36006.83984375,46980.33984375
315.5,47015.28125,52014.30859375,31012.087890625,41016.40625,53015.921875,73026.078125,36007.19921875,47011.72265625
315.75,47015.19921875,52014.30859375,31012.091796875,41016.3984375,53016.38671875,73026.2734375,36006.5390625,46999.296875
316.0,47015.19140625,52014.30859375,31012.095703125,41016.39453125,53016.53125,73026.375,36007.2109375,46998.3125
316.25,48015.50390625,52014.2421875,31012.0625,40021.90234375,54999.72265625,71025.0546875,36007.0703125,47011.5703125
316.5,48015.55859375,52014.2421875,31012.0625,40021.89453125,54999.54296875,71025.1328125,36007.07421875,47011.59375
316.75,47999.75,52014.24609375,31012.06640625,40021.890625,55017.2109375,71025.6171875,36007.0625,47011.58203125
317.0,48015.41796875,52014.2421875,31012.0703125,40021.88671875,55016.92578125,71025.46875,36007.109375,47011.5390625
317.25,48015.48046875,52014.2421875,31012.076171875,40021.87890625,55017.796875,70996.8984375,36007.08984375,47011.55078125
317.5,48015.484375,52014.2421875,31012.076171875,40021.87890625,55017.04296875,70997.140625,36007.08984375,47011.55078125
317.75,48015.4921875,52014.24609375,31012.052734375,40021.90625,55017.52734375,71025.6171875,35988.328125,47011.84375
318.0,48015.44140625,52014.24609375,31012.056640625,40021.90625,55017.21875,71025.4296875,36007.09375,46998.1796875
318.25,47015.1796875,52017.9921875,32012.326171875,38023.734375,54016.9296875,73026.3125,35006.6796875,47011.515625
318.5,47015.234375,52017.99609375,32012.330078125,38023.72265625,53999.515625,73025.953125,35006.875,47011.59375
318.75,47005.3359375,52017.99609375,32012.333984375,38023.71484375,54004.828125,73025.7890625,35006.875,47011.59375
319.0,47015.1015625,52017.99609375,32012.337890625,38023.6875,54016.42578125,73026.109375,35006.89453125,47011.5546875
319.25,47015.1640625,52017.99609375,32012.341796875,38023.70703125,54016.86328125,73025.828125,35006.89453125,47011.5546875
319.5,47015.16015625,52017.9921875,32012.34375,38023.70703125,54016.6796875,72996.4296875,35006.89453125,47011.55078125
319.75,47015.19140625,52017.99609375,32012.318359375,38023.73046875,54016.625,73025.9375,34988.73046875,47011.9296875
320.0,47015.14453125,52017.99609375,32012.32421875,38023.73046875,54017.203125,73026.0390625,35006.3359375,46999.1875
320.25,47015.11328125,55006.6875,33012.86328125,37001.0390625,52016.36328125,77027.671875,33006.44140625,46998.19140625
320.5,47015.171875,55006.671875,33012.87109375,37001.02734375,52016.23828125,77027.1171875,33006.4375,47011.5078125
320.75,47005.37890625,55006.671875,33012.875,37001.01953125,52004.30078125,77027.2578125,33006.48828125,47011.609375
321.0,47005.34375,55006.671875,33012.87890625,37001.01953125,52016.32421875,77027.7109375,33006.47265625,47011.58984375
321.25,47015.01171875,55006.671875,33012.87890625,37001.015625,52016.12890625,77027.53125,33006.54296875,47011.5078125
321.5,47015.1640625,55006.671875,33012.88671875,37001.01171875,52016.48046875,77027.171875,33006.5,47011.5546875
321.75,46935.09375,55006.45703125,32961.265625,36938.55078125,51934.875,76850.7421875,33006.2734375,46980.32421875
322.0,46935.1640625,55006.4609375,32961.25,36938.56640625,51935.34765625,76850.484375,33006.27734375,46980.375
322.25,45014.4921875,56015.46484375,34013.34375,40009.93359375,51015.8125,80028.1953125,34006.72265625,45999.29296875
322.5,45014.50390625,56015.46484375,34013.34765625,40009.94140625,51015.7890625,80028.4609375,34006.69140625,45998.25
322.75,45014.53515625,56015.4609375,34013.3515625,40009.93359375,51015.9453125,80028.140625,34006.6953125,46011.32421875
323.0,45014.53125,56015.46484375,34013.35546875,40009.93359375,50999.85546875,80028.5,34006.6953125,46011.32421875
323.25,45005.109375,56015.4609375,34013.359375,40009.90234375,51004.8046875,80028.3828125,34006.66796875,46011.34375
323.5,45014.515625,56015.4609375,34013.3671875,40009.91796875,51016.1015625,80028.8359375,34006.6953125,46011.30859375
323.75,45014.5078125,56015.4609375,34013.37109375,40009.9140625,51015.81640625,79996.390625,34006.69921875,46011.3046875
324.0,45014.48828125,56015.46484375,34013.34375,40009.9140625,51015.86328125,80028.5390625,34006.71875,45999.27734375
324.25,50016.171875,53030.21484375,33017.54296875,38023.453125,47014.90234375,81029.0,32989.3671875,48012.16796875
324.5,50016.14453125,53030.2109375,33017.546875,38023.45703125,47015.1640625,81028.8671875,33006.86328125,48012.01171875
324.75,50016.140625,53030.2109375,33017.55078125,38023.42578125,47015.30859375,81028.7734375,33006.33203125,48011.75390625
325.0,50016.1328125,53030.2109375,33017.5546875,38023.44921875,47014.2734375,81028.625,33006.4375,48011.75390625
325.25,50016.140625,53030.2109375,33017.55859375,38023.4453125,46999.55859375,81028.2734375,33006.49609375,48011.81640625
325.5,50005.68359375,53030.2109375,33017.5625,38023.44140625,47014.96484375,81029.09375,33006.4765625,48011.83984375
325.75,50016.06640625,53030.20703125,33017.56640625,38023.4375,47014.54296875,81028.4140625,33006.515625,48011.78125
326.0,50016.1328125,53030.2109375,33017.56640625,38023.43359375,47014.91015625,81028.75,33006.5,48011.80078125
326.25,50929.5546875,55010.65625,33960.06640625,36957.90234375,49937.54296875,75852.5,33006.26953125,49979.0703125
326.5,50929.63671875,55010.66015625,33960.05078125,36957.92578125,49937.3984375,75852.3203125,33006.27734375,49979.12109375
326.75,51016.484375,55010.875,34013.2265625,37020.421875,50015.4765625,76027.328125,33005.96484375,50012.16796875
327.0,51016.44140625,55010.875,34013.23046875,37020.41796875,50015.421875,76027.109375,33006.49609375,49998.0859375
327.25,51016.47265625,55010.87109375,34013.234375,37020.4140625,50015.83984375,76027.171875,33006.5,50012.30859375
327.5,51016.53515625,55010.87109375,34013.23828125,37020.40625,50004.43359375,76027.46875,33006.49609375,50012.3359375
327.75,51005.796875,55010.87109375,34013.2421875,37020.40625,50004.28515625,76026.6328125,33006.47265625,50012.33203125
328.0,50999.6015625,55010.87109375,34013.2421875,37020.37890625,50016.171875,76027.171875,33006.51953125,50012.2734375
328.25,20006.435546875,19057.154296875,13025.5830078125,13028.6220703125,21006.80859375,26009.125,13002.349609375,19004.71484375
328.5,19972.4921875,19057.07421875,13005.21875,13006.6611328125,20973.578125,25949.482421875,13002.4892578125,18992.443359375
328.75,20002.265625,19057.1484375,13025.5771484375,13028.6640625,21006.599609375,26009.451171875,13002.564453125,19004.6640625
329.0,20002.26171875,19057.1484375,13025.5771484375,13028.6630859375,21006.40625,26009.408203125,13002.5849609375,19004.66796875
329.25,20006.458984375,19057.1484375,13025.580078125,13028.65234375,21006.46875,26009.25390625,12995.6259765625,19004.685546875
329.5,20006.47265625,19057.1484375,13025.5810546875,13028.66015625,21001.87109375,26009.21484375,13002.5009765625,19004.6484375
329.75,20006.455078125,19057.1484375,13025.58203125,13028.66015625,20999.783203125,26009.37109375,13002.5634765625,19004.634765625
330.0,20006.4453125,19057.1484375,13025.5830078125,13028.658203125,21006.5078125,26009.265625,13002.552734375,18999.3046875
330.25,19006.130859375,21004.171875,12006.4912109375,12006.59765625,22006.939453125,26009.3125,12002.365234375,18004.40234375
330.5,19006.12890625,21004.171875,12006.4912109375,12006.5986328125,22007.04296875,26009.201171875,12002.3681640625,18004.400390625
330.75,18973.87109375,21004.091796875,11987.7177734375,11986.330078125,21972.27734375,25949.427734375,12002.2998046875,17992.84375
331.0,18973.87890625,21004.091796875,11987.7119140625,11986.3349609375,21972.458984375,25949.515625,12002.298828125,17992.8515625
331.25,19006.119140625,21004.173828125,12006.484375,12006.59765625,22006.9375,26009.236328125,12002.357421875,18004.400390625
331.5,19006.119140625,21004.173828125,12006.4853515625,12006.60546875,22006.943359375,26009.287109375,12002.357421875,18004.400390625
331.75,19006.146484375,21004.173828125,12006.486328125,12006.603515625,22006.779296875,26009.212890625,12002.2978515625,18004.392578125
332.0,19006.130859375,21004.173828125,12006.4873046875,12006.6025390625,21999.759765625,26009.263671875,12002.3671875,18004.390625
332.25,25008.072265625,20008.447265625,12005.546875,12005.6533203125,16004.9638671875,27009.623046875,12002.3662109375,20004.884765625
332.5,25008.0625,20008.447265625,12005.5478515625,12005.64453125,16004.947265625,27009.625,12002.3623046875,20004.88671875
332.75,25008.064453125,20008.447265625,12005.5498046875,12005.6513671875,16005.099609375,27009.734375,12002.3681640625,20004.88671875
333.0,25008.0625,20008.447265625,12005.5498046875,12005.6513671875,16004.9443359375,26998.958984375,12002.3681640625,20004.88671875
333.25,25008.09375,20008.44921875,12005.541015625,12005.66015625,16005.0078125,27009.681640625,12002.3671875,20004.90625
333.5,24999.8515625,20008.447265625,12005.5419921875,12005.6591796875,16005.04296875,27009.546875,12002.349609375,20004.900390625
333.75,25008.056640625,20008.447265625,12005.5439453125,12005.6494140625,16004.93359375,27009.453125,11995.962890625,20004.927734375
334.0,25008.091796875,20008.447265625,12005.544921875,12005.658203125,15999.8427734375,27009.625,12002.3095703125,20004.892578125
334.25,20006.447265625,21005.802734375,12998.255859375,14004.5556640625,16001.5625,29010.2890625,14002.7490234375,14999.763671875
334.5,20006.453125,21005.802734375,12998.2568359375,14004.5517578125,16004.8134765625,29010.353515625,14002.759765625,15003.6640625
334.75,20006.453125,21005.802734375,12998.259765625,14004.548828125,16004.8427734375,29010.4140625,14002.763671875,15003.666015625
335.0,20006.44921875,21005.80078125,12998.2607421875,14004.5478515625,16005.1640625,28998.85546875,14002.763671875,15003.6640625
335.25,20006.46484375,21005.8046875,12998.25,14004.55859375,16005.0712890625,29010.345703125,14002.7646484375,15003.6767578125
335.5,20002.267578125,21005.802734375,12998.25,14004.55859375,16005.0224609375,29010.369140625,14002.7607421875,15003.6806640625
335.75,19999.888671875,21005.802734375,12998.251953125,14004.5478515625,16004.9580078125,29010.287109375,14002.7412109375,15003.6748046875
336.0,20006.4609375,21005.802734375,12998.2529296875,14004.5458984375,16004.9619140625,29010.33203125,13995.2861328125,15003.6982421875
336.25,18005.794921875,25999.119140625,13006.0107421875,9007.677734375,19001.73828125,31011.068359375,12002.3505859375,13003.162109375
336.5,18005.80859375,25999.1171875,13006.0107421875,9007.67578125,19001.615234375,31011.20703125,12002.3759765625,12999.8095703125
336.75,18005.810546875,25999.119140625,13006.01171875,9007.6748046875,19005.923828125,31011.34765625,12002.37109375,12999.5361328125
337.0,18005.806640625,25999.1171875,13006.013671875,9007.673828125,19005.828125,31011.19921875,12002.369140625,13003.1787109375
337.25,18005.806640625,25999.1171875,13006.015625,9007.6728515625,19006.0,31011.123046875,12002.3681640625,13003.1767578125
337.5,17975.248046875,25999.017578125,12985.6787109375,8992.466796875,18976.28515625,30939.763671875,12002.2978515625,12994.8232421875
337.75,18002.03515625,25999.119140625,13006.005859375,9007.6796875,19005.826171875,31010.888671875,12002.38671875,13003.1962890625
338.0,18005.798828125,25999.119140625,13006.0068359375,9007.6708984375,19006.021484375,31010.98046875,12002.3564453125,13003.1787109375
338.25,15004.849609375,28005.404296875,10006.900390625,8999.501953125,24999.916015625,27009.748046875,10996.3037109375,13003.212890625
338.5,15004.8427734375,28005.40234375,10006.90234375,8999.5068359375,24999.80078125,27009.58203125,11002.103515625,13003.166015625
338.75,15004.8427734375,28005.400390625,10006.9033203125,8999.5068359375,25002.34375,27009.7109375,11002.1748046875,13003.18359375
339.0,15004.8369140625,28005.400390625,10006.904296875,8999.505859375,25007.744140625,27009.546875,11002.15625,12999.5234375
339.25,15004.837890625,28005.400390625,10006.9052734375,8999.5048828125,25007.693359375,27009.818359375,11002.16796875,13003.17578125
339.5,15004.8369140625,28005.400390625,10006.9072265625,8999.4970703125,25007.935546875,26999.029296875,11002.171875,13003.1767578125
339.75,14979.375,28005.29296875,9991.2587890625,8984.3115234375,24968.841796875,26947.4921875,11002.1064453125,12994.8193359375
340.0,15001.6943359375,28005.40234375,10006.8984375,8999.509765625,25007.857421875,27009.7265625,11002.189453125,13003.1953125
340.25,16005.1708984375,28009.791015625,10004.65625,11003.5478515625,24007.453125,28010.060546875,11002.1640625,12002.9375
340.5,16005.16796875,28009.79296875,10004.65625,11003.541015625,24007.3828125,28009.958984375,11002.171875,12002.939453125
340.75,16005.1630859375,28009.791015625,10004.658203125,11003.54296875,24002.08203125,28009.908203125,11002.1708984375,12002.927734375
341.0,16005.1591796875,28009.79296875,10004.6591796875,11003.5458984375,24007.6171875,28009.763671875,11002.1591796875,11999.810546875
341.25,16005.1640625,28009.791015625,10004.6591796875,11003.544921875,24007.486328125,28009.85546875,11002.173828125,11999.5712890625
341.5,16005.1611328125,28009.791015625,10004.6611328125,11003.5439453125,24007.6328125,28009.94140625,11002.1669921875,12002.93359375
341.75,16005.16015625,28009.791015625,10004.662109375,11003.54296875,24007.390625,28010.048828125,11002.171875,12002.9326171875
342.0,15977.994140625,28009.68359375,9989.0185546875,10984.9677734375,23969.82421875,27945.69921875,11002.1064453125,11995.2197265625
342.25,20002.296875,17020.1328125,14002.1748046875,15002.458984375,23007.2421875,29010.443359375,11002.2275390625,16003.953125
342.5,20002.265625,17020.12890625,14002.173828125,15002.46484375,23007.080078125,29010.439453125,11002.15234375,16003.9228515625
342.75,20006.431640625,17020.12890625,14002.1748046875,15002.453125,22999.740234375,29010.33203125,10996.294921875,16003.9345703125
343.0,20006.46875,17020.12890625,14002.1767578125,15002.4619140625,22999.78515625,29010.3984375,11002.1708984375,16003.91015625
343.25,20006.455078125,17020.12890625,14002.1806640625,15002.45703125,23007.134765625,29010.2734375,11002.171875,16003.9111328125
343.5,20006.455078125,17020.12890625,14002.1806640625,15002.4580078125,23007.423828125,29010.435546875,11002.171875,16003.912109375
343.75,20006.45703125,17020.12890625,14002.1767578125,15002.4609375,22999.998046875,29010.353515625,11002.1748046875,15999.755859375
344.0,19006.12890625,15007.390625,12007.27734375,12008.294921875,26008.19140625,23008.177734375,13995.29296875,15003.697265625
344.25,19006.126953125,15007.390625,12007.27734375,12008.294921875,26008.30859375,23008.20703125,13995.29296875,15003.697265625
344.5,19006.12890625,15007.3896484375,12007.283203125,12008.296875,26008.1796875,22998.919921875,14002.7626953125,15003.6640625
344.75,19006.126953125,15007.3896484375,12007.2841796875,12008.2880859375,26008.08203125,22999.0546875,14002.763671875,15003.6640625
345.0,17005.501953125,17003.48828125,17001.5703125,13005.28125,17005.2265625,30010.5546875,16003.0830078125,11002.689453125
345.25,17005.470703125,17003.48828125,17001.568359375,13005.2841796875,17005.265625,30010.771484375,15994.5966796875,11002.70703125
345.5,16999.900390625,17003.48828125,17001.568359375,13005.28515625,17005.25,30010.50390625,16003.181640625,11002.7001953125
345.75,17005.484375,17003.486328125,17001.578125,13005.283203125,17005.255859375,30010.83203125,16003.1572265625,11002.6875
346.0,17005.49609375,17003.48828125,17001.56640625,13005.287109375,17005.267578125,30010.638671875,16003.1591796875,11002.6962890625
346.25,17005.486328125,17003.486328125,17001.578125,13005.2783203125,17005.27734375,30010.65625,16003.158203125,11002.6875
346.5,16114.990234375,14286.2294921875,17006.01171875,17530.224609375,15665.9482421875,30010.85546875,17817.908203125,11971.916015625
346.75,16005.1611328125,14008.099609375,17007.912109375,18001.69921875,15004.7265625,30010.59375,18003.546875,12002.9326171875
347.0,16005.171875,14008.1005859375,17007.904296875,18001.70703125,15004.59765625,30010.583984375,18003.5546875,12002.94140625
347.25,15999.9052734375,14008.099609375,17007.90625,18001.703125,15004.6484375,30011.001953125,18003.578125,12002.9462890625
347.5,16001.8134765625,14008.099609375,17007.90625,18001.705078125,15004.572265625,30010.7734375,18003.548828125,12002.9443359375
347.75,16005.1630859375,14008.099609375,17007.916015625,18001.6953125,15004.5986328125,30010.88671875,18003.552734375,12002.9326171875
348.0,23007.419921875,15003.9775390625,17007.767578125,12011.05859375,13999.8798828125,30010.75390625,13002.4326171875,16003.9345703125
348.25,23007.404296875,15003.9833984375,17007.767578125,12011.0654296875,14004.3232421875,30010.962890625,13002.5,16003.890625
348.5,23007.419921875,15003.9833984375,17007.7734375,12011.0693359375,14004.408203125,30010.78515625,13002.568359375,16003.912109375
348.75,23007.435546875,15003.984375,17007.763671875,12011.076171875,14004.4287109375,30010.720703125,13002.5673828125,16003.9208984375
349.0,22999.86328125,15003.9833984375,17007.765625,12011.07421875,14004.3271484375,30010.64453125,12995.59765625,16003.947265625
349.25,23007.421875,15003.9833984375,17007.771484375,12011.0703125,14004.3544921875,30010.8046875,13002.568359375,15999.4267578125
349.5,23007.42578125,15005.2314453125,17997.5234375,12005.6875,14004.3818359375,29010.375,14002.7451171875,15003.6650390625
349.75,23007.421875,15005.23046875,17997.5234375,12005.6875,14004.3544921875,29010.515625,14002.7578125,15003.6640625
350.0,23007.4375,15005.23046875,17997.51953125,12005.689453125,14004.408203125,29010.333984375,14002.7001953125,15003.66796875
350.25,23002.607421875,15005.2314453125,17997.515625,12005.6923828125,14004.404296875,29010.328125,14002.783203125,15003.6865234375
350.5,23007.421875,15005.23046875,17997.525390625,12005.6865234375,14004.3818359375,29010.46875,14002.7626953125,15003.6669921875
350.75,22968.353515625,15005.1728515625,17969.376953125,11985.421875,13982.669921875,28943.56640625,14002.6826171875,14994.0498046875
351.0,22007.111328125,19000.859375,16009.8662109375,12005.705078125,14004.451171875,32011.48046875,12002.369140625,14003.4306640625
351.25,22007.09375,19000.857421875,16009.8720703125,12005.701171875,14001.3662109375,32011.44921875,12002.357421875,13999.7783203125
351.5,22007.12109375,19000.859375,16009.87109375,12005.7021484375,14004.2890625,32011.2890625,12002.3173828125,14003.427734375
351.75,22007.11328125,19000.857421875,16009.87109375,12005.7021484375,13999.90234375,32011.2265625,12002.3681640625,14003.4208984375
352.0,21999.87109375,19000.859375,16009.8681640625,12005.6962890625,14004.4306640625,32011.365234375,12002.3876953125,14003.4384765625
352.25,22007.11328125,19000.857421875,16009.87109375,12005.7021484375,13999.90625,32011.458984375,12002.3681640625,14003.421875
352.5,-9002.904296875,-6013.11962890625,0.0,-2001.8829345703125,-9002.7216796875,-7002.52099609375,-1000.1976928710938,-16003.896484375
352.75,-9002.9072265625,-6013.11962890625,0.0,-2001.884765625,-9002.84375,-6999.734375,-1000.197998046875,-16003.9013671875
353.0,-9000.9951171875,-6013.11962890625,0.0,-2001.8824462890625,-9002.7763671875,-7002.50927734375,-999.659912109375,-16003.8994140625
353.25,-9002.9072265625,-6013.11962890625,0.0,-2001.8831787109375,-9002.880859375,-6999.69873046875,-1000.1978149414062,-16003.89453125
353.5,-9002.90625,-6013.11962890625,0.0,-2001.884765625,-9000.0146484375,-7002.513671875,-1000.1976928710938,-16003.8994140625
353.75,-8999.4375,-8003.97021484375,0.0,-1000.3961181640625,-10003.2548828125,-7002.50537109375,2000.239990234375,-16002.4267578125
354.0,-9002.90234375,-8003.98046875,0.0,-1000.3944091796875,-10003.103515625,-7002.4873046875,2000.3985595703125,-16003.896484375
354.25,-9002.904296875,-8003.98095703125,0.0,-1000.3953247070312,-10002.9921875,-7002.50146484375,2000.3953857421875,-16003.8974609375
354.5,-8999.943359375,-8003.98046875,0.0,-1000.3939819335938,-10003.1884765625,-7002.4609375,2000.39892578125,-16003.8955078125
354.75,-9002.908203125,-8003.98095703125,0.0,-1000.3952026367188,-10003.107421875,-7002.4736328125,2000.39501953125,-16003.9013671875
355.0,-8999.935546875,-10004.9296875,-2001.2178955078125,-3001.8544921875,-9002.8056640625,-8002.84326171875,2000.4169921875,-14003.4345703125
355.25,-9002.9072265625,-10004.9228515625,-2001.215576171875,-3001.85107421875,-8999.96875,-8002.82421875,2000.3963623046875,-14003.4169921875
355.5,-9000.9951171875,-10004.921875,-2001.21630859375,-3001.85546875,-9002.71484375,-8002.8583984375,1999.3111572265625,-14003.3984375
355.75,-8999.9453125,-10004.921875,-2001.2164306640625,-3001.853759765625,-9002.802734375,-8002.86767578125,2000.3983154296875,-14003.41015625
356.0,-9000.9951171875,-10004.921875,-2001.21630859375,-3001.849609375,-9002.865234375,-8002.80517578125,1999.3111572265625,-14003.3974609375
356.25,-9002.90625,-10004.921875,-2001.215576171875,-3001.85546875,-8999.9013671875,-8002.876953125,2000.3953857421875,-13999.490234375
356.5,-9002.9072265625,-10004.9228515625,-2001.21533203125,-3001.8515625,-9002.853515625,-8002.84033203125,2000.3948974609375,-13999.771484375
356.75,-11003.5498046875,-9002.4775390625,1000.2390747070312,-4002.195068359375,-10003.2685546875,-4001.423095703125,-2000.395751953125,-15003.65234375
357.0,-11003.5556640625,-9002.4775390625,1000.238525390625,-4002.203857421875,-10003.0634765625,-4001.45263671875,-2000.395263671875,-15003.6591796875
357.25,-11001.216796875,-9002.4775390625,1000.2391357421875,-4002.202392578125,-10003.2255859375,-4001.43017578125,-1999.3101806640625,-15003.6376953125
357.5,-10984.9208984375,-9002.443359375,998.6747436523438,-3995.447265625,-9987.478515625,-3992.20703125,-2000.3856201171875,-14994.2841796875
357.75,-11003.5546875,-9002.4775390625,1000.2385864257812,-4002.206298828125,-10003.0986328125,-4001.427490234375,-2000.3955078125,-15003.6591796875
358.0,-11003.55078125,-7001.3623046875,-3002.2978515625,-3001.182373046875,-6001.31982421875,-6002.14501953125,-1000.19775390625,-17004.142578125
358.25,-11003.55078125,-7001.3623046875,-3002.2978515625,-3001.18505859375,-6000.59814453125,-6002.171875,-1000.19775390625,-17004.142578125
358.5,-11003.5537109375,-7001.3623046875,-3002.297607421875,-3001.18408203125,-6000.01416015625,-6002.09619140625,-1000.1981811523438,-17004.1484375
358.75,-11003.5478515625,-7001.36181640625,-3002.299072265625,-3001.191650390625,-6001.86962890625,-5999.73046875,-1000.1979370117188,-17004.142578125
359.0,-12003.8779296875,-12007.8037109375,1000.3099365234375,-3001.189697265625,-3000.93603515625,-8002.853515625,-5000.98876953125,-7001.70751953125
359.25,-12003.873046875,-12007.802734375,1000.310302734375,-3001.18896484375,-3000.9287109375,-8002.87939453125,-5000.98876953125,-7001.705078125
359.5,-12003.8759765625,-12007.802734375,1000.31005859375,-3001.185302734375,-3000.9033203125,-8002.8349609375,-5000.98876953125,-6999.74560546875
359.75,-12003.8740234375,-12007.802734375,1000.3102416992188,-3001.188232421875,-3000.9541015625,-8002.8017578125,-5000.98876953125,-7001.70556640625
360.0,-12003.8740234375,-12007.802734375,1000.3102416992188,-3001.1875,-3000.286865234375,-8002.90966796875,-5000.98876953125,-7001.705078125
360.25,-12003.873046875,-12007.802734375,1000.3103637695312,-3001.1904296875,-3000.947998046875,-8002.85595703125,-5000.97802734375,-7001.69970703125
360.5,-12999.9111328125,-5999.3583984375,-5001.96630859375,-2000.7958984375,1000.315185546875,-12004.3291015625,-1999.3104248046875,-6001.45458984375
360.75,-13004.19921875,-5999.35791015625,-5001.96728515625,-2000.7987060546875,1000.3103637695312,-12004.2861328125,-2000.3961181640625,-6001.46240234375
361.0,-12982.1845703125,-5999.3349609375,-4994.14599609375,-1997.419189453125,998.7457275390625,-11973.6357421875,-2000.385498046875,-5997.70849609375
361.25,-13004.201171875,-5999.3583984375,-5001.9677734375,-2000.797119140625,1000.316650390625,-12004.3134765625,-2000.3956298828125,-6001.46435546875
361.5,-13004.2001953125,-5999.3583984375,-5001.9638671875,-2000.8037109375,1000.3001708984375,-12004.2529296875,-2000.3955078125,-6001.46337890625
361.75,-13004.2001953125,-5999.3583984375,-5001.96435546875,-2000.804931640625,1000.31396484375,-12004.23046875,-2000.3963623046875,-5999.78369140625
362.0,-13004.1982421875,-5999.3583984375,-5001.96484375,-2000.7978515625,999.9944458007812,-12004.30859375,-2000.3958740234375,-6001.462890625
362.25,-13004.1962890625,-5999.35791015625,-5001.9658203125,-2000.79443359375,1000.3118896484375,-12004.2275390625,-2000.3955078125,-6001.4619140625
362.5,-8002.587890625,-7002.9580078125,-5002.310546875,-2000.9383544921875,-4001.2275390625,-11003.912109375,-2000.394775390625,-6001.4619140625
362.75,-8000.88525390625,-7002.9580078125,-5002.3115234375,-2000.9393310546875,-4001.250732421875,-11003.9365234375,-1999.3109130859375,-6001.4560546875
363.0,-7999.95068359375,-7002.9580078125,-5002.3125,-2000.9456787109375,-4001.25732421875,-11003.9150390625,-2000.396728515625,-6001.4609375
363.25,-8002.5869140625,-7002.95849609375,-5002.30810546875,-2000.9420166015625,-4001.268798828125,-11003.9228515625,-2000.3956298828125,-6001.46484375
363.5,-8002.58447265625,-7002.95849609375,-5002.30859375,-2000.9488525390625,-4001.26806640625,-11003.9599609375,-2000.3948974609375,-6001.46240234375
363.75,-8002.58447265625,-7002.95849609375,-5002.30517578125,-2000.9468994140625,-4001.251708984375,-11003.9345703125,-2000.3955078125,-6001.46337890625
364.0,-8002.5849609375,-7002.9580078125,-5002.30908203125,-2000.94091796875,-4001.279541015625,-11003.9423828125,-2000.396240234375,-5999.78369140625
364.25,-8002.58251953125,-7002.9580078125,-5002.31005859375,-2000.9407958984375,-4000.401611328125,-11003.9677734375,-2000.3955078125,-6001.4619140625
364.5,-10003.2265625,-8003.38818359375,-6003.2353515625,-0.0,-4001.28076171875,-11003.88671875,-1000.197998046875,-4000.974365234375
364.75,-10003.2265625,-8003.388671875,-6003.2353515625,-0.0,-4001.246337890625,-11003.958984375,-1000.19775390625,-4000.97412109375
365.0,-10001.10546875,-8003.38818359375,-6003.23681640625,0.0,-4001.22021484375,-11003.91796875,-999.655029296875,-4000.97021484375
365.25,-10003.224609375,-8003.38818359375,-6003.23779296875,0.0,-4001.276123046875,-10999.568359375,-1000.19775390625,-4000.973388671875
365.5,-9986.2890625,-8003.357421875,-5993.85009765625,0.0,-3994.955810546875,-10978.6611328125,-1000.1927490234375,-3998.47314453125
365.75,-10003.232421875,-8003.38916015625,-6003.23291015625,0.0,-4001.231201171875,-11003.9453125,-1000.1978149414062,-4000.97607421875
366.0,-10003.23046875,-8003.388671875,-6003.22998046875,0.0,-4001.288818359375,-11003.9365234375,-1000.1976928710938,-4000.9755859375
366.25,-10003.23046875,-8003.38916015625,-6003.234375,0.0,-4000.00048828125,-11003.8994140625,-1000.1981811523438,-3999.855712890625
366.5,-10003.224609375,-1999.788818359375,-5001.947265625,-5004.2744140625,-4999.9775390625,-7002.501953125,-4000.7919921875,-8001.94921875
366.75,-10003.2275390625,-1999.78857421875,-5001.947265625,-5004.27685546875,-5000.47021484375,-7002.47998046875,-4000.791015625,-8001.94921875
367.0,-10003.2265625,-1999.78857421875,-5001.94775390625,-5004.27734375,-5001.55322265625,-7002.48828125,-4000.791015625,-8001.9482421875
367.25,-10003.2294921875,-1999.7884521484375,-5001.94873046875,-5004.26806640625,-5001.5439453125,-7002.49951171875,-4000.799560546875,-8001.95068359375
367.5,-10003.2294921875,-1999.7884521484375,-5001.94921875,-5004.27587890625,-5001.56884765625,-7002.46875,-4000.79150390625,-8001.94970703125
367.75,-9986.29296875,-1999.78076171875,-4994.1279296875,-4995.826171875,-4993.71630859375,-6986.4130859375,-4000.77099609375,-7996.9423828125
368.0,-10003.2314453125,-1999.78857421875,-5001.9453125,-5004.2783203125,-5001.5654296875,-7002.46435546875,-4000.791259765625,-8001.95263671875
368.25,-10003.23046875,-1999.7886962890625,-5001.94580078125,-5004.2685546875,-5001.5517578125,-7002.4921875,-4000.790283203125,-8001.9501953125
368.5,-8002.58349609375,2000.08740234375,-6003.23779296875,-8005.58935546875,-4001.234375,-8002.865234375,-6001.1875,-8999.8544921875
368.75,-8002.5830078125,2000.087158203125,-6003.2333984375,-8005.6181640625,-3999.9736328125,-8002.80224609375,-6001.18798828125,-9002.1953125
369.0,-8002.58203125,2000.087158203125,-6003.234375,-8005.60693359375,-4000.36962890625,-8002.8623046875,-6001.1865234375,-9002.193359375
369.25,-8002.5810546875,2000.087158203125,-6003.23486328125,-8005.61083984375,-4001.2509765625,-8002.837890625,-6001.1865234375,-9002.1923828125
369.5,-8002.583984375,2000.087158203125,-6003.23583984375,-8005.6025390625,-4001.227783203125,-8002.85205078125,-6001.1982421875,-9002.1943359375
369.75,-8002.58349609375,2000.087158203125,-6003.236328125,-8005.59765625,-4001.215087890625,-8002.82177734375,-6001.185546875,-9002.193359375
370.0,-8002.58349609375,2000.0872802734375,-6003.23291015625,-8005.611328125,-4001.276611328125,-8002.88232421875,-6001.185546875,-8999.8544921875
370.25,-8002.58544921875,2000.0872802734375,-6003.2314453125,-8005.60498046875,-4001.28076171875,-8002.8896484375,-6001.18701171875,-9002.197265625
370.5,14004.572265625,26959.982421875,10991.68359375,8993.29296875,20006.326171875,30010.5625,15002.8876953125,15003.5234375
370.75,14004.521484375,26959.97265625,10991.681640625,8993.2822265625,20006.2421875,30010.78125,15002.9619140625,15003.6748046875
371.0,14004.517578125,26959.97265625,10991.6826171875,8993.2880859375,20000.0546875,30010.70703125,14994.9619140625,15003.703125
371.25,14004.5166015625,26959.97265625,10991.6845703125,8993.287109375,20006.30859375,30010.833984375,15002.9580078125,15003.658203125
371.5,14004.513671875,26959.97265625,10991.685546875,8993.2861328125,20006.275390625,30010.80078125,15002.9423828125,14999.451171875
371.75,14004.5166015625,26959.970703125,10991.6875,8993.2841796875,20006.19921875,30010.568359375,15002.9609375,15003.6669921875
372.0,14004.5146484375,26959.97265625,10991.6884765625,8993.283203125,20006.4296875,29998.67578125,15002.9609375,15003.6650390625
372.25,13980.7509765625,26959.8671875,10974.501953125,8978.1025390625,19975.146484375,29941.546875,15002.87109375,14994.017578125
372.5,16001.8193359375,25012.416015625,10005.380859375,12002.927734375,21006.724609375,30010.755859375,12002.3857421875,15003.69140625
372.75,15999.888671875,25012.41796875,10005.3818359375,12002.91796875,21006.732421875,30010.68359375,12002.353515625,15003.6708984375
373.0,16005.1689453125,25012.41796875,10005.3837890625,12002.9169921875,21006.62890625,30010.603515625,12002.369140625,15003.673828125
373.25,16005.16796875,25012.416015625,10005.384765625,12002.9228515625,21001.8828125,30010.642578125,12002.306640625,15003.6640625
373.5,16005.162109375,25012.416015625,10005.3857421875,12002.9228515625,21001.994140625,30010.71875,12002.369140625,15003.6591796875
373.75,16005.158203125,25012.416015625,10005.38671875,12002.9208984375,21006.583984375,30010.84765625,12002.3544921875,14999.451171875
374.0,16005.162109375,25012.416015625,10005.388671875,12002.919921875,21006.529296875,30010.8515625,12002.369140625,15003.6669921875
374.25,16005.16015625,25012.416015625,10005.3896484375,12002.9189453125,21006.50390625,29998.69140625,12002.3681640625,15003.6650390625
374.5,15004.8564453125,23011.5703125,12003.7578125,14004.5107421875,20006.208984375,29010.5078125,12002.37109375,17004.169921875
374.75,14999.91015625,23011.568359375,12003.759765625,14004.509765625,20006.18359375,29010.23046875,12002.3876953125,17004.17578125
375.0,15004.841796875,23011.568359375,12003.7607421875,14004.5078125,20006.42578125,29010.275390625,12002.369140625,17004.158203125
375.25,15004.8544921875,23011.568359375,12003.7626953125,14004.5068359375,20006.443359375,29010.265625,12002.3125,17004.16015625
375.5,15004.845703125,23011.568359375,12003.7626953125,14004.505859375,19999.7734375,29010.396484375,12002.3125,17004.154296875
375.75,15004.841796875,23011.568359375,12003.7646484375,14004.50390625,20006.193359375,29010.177734375,12002.3720703125,16999.38671875
376.0,15004.8388671875,23011.568359375,12003.7666015625,14004.5029296875,20006.34765625,29010.376953125,12002.369140625,17004.15625
376.25,15004.837890625,23011.56640625,12003.7685546875,14004.5009765625,20006.140625,28998.771484375,12002.3681640625,17004.154296875
376.5,19006.126953125,23007.859375,11005.8681640625,10007.705078125,22006.92578125,27998.734375,9001.7763671875,17004.15234375
376.75,19006.150390625,23007.861328125,11005.859375,10007.7119140625,22006.7890625,28009.998046875,9001.7763671875,17004.169921875
377.0,18999.89453125,23007.861328125,11005.8603515625,10007.7099609375,22006.916015625,28010.05859375,9001.7900390625,17004.17578125
377.25,19006.13671875,23007.861328125,11005.8623046875,10007.7099609375,22007.05859375,28010.208984375,8996.970703125,17004.1953125
377.5,19006.150390625,23007.861328125,11005.8623046875,10007.708984375,22006.939453125,28009.9765625,9001.734375,17004.16015625
377.75,19006.1328125,23007.859375,11005.86328125,10007.7080078125,22002.017578125,28010.04296875,9001.77734375,16999.734375
378.0,19006.134765625,23007.859375,11005.8642578125,10007.7080078125,22006.896484375,28009.994140625,9001.779296875,16999.39453125
378.25,19006.12890625,23007.859375,11005.8662109375,10007.7060546875,22007.02734375,28009.951171875,9001.7763671875,17004.15625
378.5,48015.3984375,54890.20703125,32945.97265625,36945.1875,51016.046875,77027.5,32006.134765625,43010.62109375
378.75,47933.77734375,54890.0390625,32894.453125,36882.84765625,50936.0859375,76850.109375,32006.0859375,42982.05078125
379.0,47933.703125,54890.03515625,32894.46875,36882.83203125,50936.05859375,76850.4140625,32006.080078125,42982.0
379.25,48015.51953125,54890.25,32945.9609375,36945.22265625,51015.9765625,77027.1328125,32005.822265625,42999.35546875
379.5,48015.51171875,54890.25,32945.96484375,36945.22265625,51015.828125,77027.9921875,32006.421875,42998.4609375
379.75,48015.5078125,54890.25,32945.96875,36945.21484375,51016.2265625,77027.7578125,32006.287109375,43010.5625
380.0,48005.4609375,54890.24609375,32945.97265625,36945.2109375,51004.7734375,77026.890625,32006.287109375,43010.609375
380.25,47999.609375,54890.24609375,32945.9765625,36945.18359375,51016.1015625,77027.375,32006.32421875,43010.5546875
380.5,51016.38671875,54021.99609375,31018.71484375,34023.41796875,57018.08984375,74025.9453125,31006.103515625,50012.26953125
380.75,51016.44921875,54021.9921875,31018.71875,34023.4140625,57017.734375,74026.2578125,31006.107421875,50012.29296875
381.0,51016.44921875,54021.9921875,31018.720703125,34023.41015625,57017.71875,73997.0546875,31006.10546875,50012.2890625
381.25,51016.5078125,54021.99609375,31018.697265625,34023.43359375,57017.9609375,74026.34375,31005.6640625,50012.2578125
381.5,51016.48046875,54021.99609375,31018.697265625,34023.43359375,57017.9375,74026.3515625,31005.830078125,50012.23046875
381.75,51016.4375,54021.99609375,31018.701171875,34023.4296875,57017.20703125,74026.2109375,31005.890625,49998.1328125
382.0,51016.45703125,54021.99609375,31018.705078125,34023.42578125,57017.47265625,74026.8515625,31006.064453125,50012.26953125
382.25,51016.53125,54021.99609375,31018.708984375,34023.421875,56999.4296875,74026.09375,31006.099609375,50012.3359375
382.5,42999.65625,52026.31640625,37000.38671875,33998.375,54016.72265625,78027.84375,35006.91796875,44010.80078125
382.75,43013.8203125,52026.3125,37000.39453125,33998.37109375,54016.35546875,78027.953125,35006.91015625,44010.8046875
383.0,43013.87109375,52026.3125,37000.3984375,33998.3671875,54016.94921875,78027.84375,35006.89453125,44010.81640625
383.25,43013.8671875,52026.3125,37000.40234375,33998.36328125,54017.05859375,77996.4375,35006.89453125,44010.8125
383.5,43013.89453125,52026.31640625,37000.37109375,33998.390625,54017.06640625,78027.6875,34988.73046875,44011.171875
383.75,43013.8671875,52026.31640625,37000.37890625,33998.38671875,54017.2109375,78027.5546875,35006.93359375,43998.40625
384.0,43013.875,52026.31640625,37000.375,33998.38671875,54017.171875,78027.4609375,35006.75,43999.265625
384.25,43013.88671875,52026.31640625,37000.3828125,33998.37890625,54017.80859375,78027.5078125,35006.8671875,44010.8046875
384.5,47015.23046875,52018.109375,36019.37890625,35013.84375,53004.8359375,77027.953125,34006.6953125,48011.83984375
384.75,47005.3359375,52018.109375,36019.3828125,35013.85546875,53016.61328125,77027.4453125,34006.67578125,48011.83203125
385.0,47015.1015625,52018.109375,36019.38671875,35013.8359375,53016.64453125,77027.3828125,34006.71484375,48011.78515625
385.25,47015.1640625,52018.109375,36019.390625,35013.83203125,53016.44921875,77027.7890625,34006.69921875,48011.80078125
385.5,47015.16015625,52018.10546875,36019.39453125,35013.8046875,53016.95703125,76996.75,34006.6953125,48011.79296875
385.75,47015.265625,52018.11328125,36019.36328125,35013.85546875,53016.33203125,77027.6015625,33989.05078125,48012.23046875
386.0,47015.140625,52018.109375,36019.3671875,35013.8515625,53016.78125,77027.5546875,34006.5625,47999.19140625
386.25,47015.19140625,52018.109375,36019.37109375,35013.84765625,53016.5390625,77027.796875,34006.86328125,47998.38671875
386.5,53017.0703125,65953.8828125,36017.63671875,42995.23046875,63020.18359375,84030.2578125,43007.5390625,55013.375
386.75,53017.23046875,65953.90625,36017.64453125,42995.23046875,63019.796875,84030.1796875,43008.58984375,55013.7265625
387.0,53017.23046875,65953.90625,36017.64453125,42995.2265625,63019.42578125,84030.03125,43008.59375,55013.73046875
387.25,53017.03125,65953.90625,36017.65234375,42995.22265625,63019.671875,84029.6328125,43008.50390625,54998.04296875
387.5,53017.0078125,65953.90625,36017.65234375,42995.21875,63019.77734375,84030.03125,43008.41796875,55013.45703125
387.75,53017.09375,65953.90625,36017.65625,42995.21484375,63019.8984375,83996.0,43008.6953125,55013.609375
388.0,53017.13671875,65953.90625,36017.625,42995.25,63019.640625,84029.7734375,43008.26953125,55013.5625
388.25,53017.1328125,65953.90625,36017.62890625,42995.24609375,63019.8671875,84030.234375,43008.46484375,55013.58203125
388.5,53017.0703125,68013.1796875,36016.8515625,45014.53125,61018.93359375,85030.5078125,42986.18359375,53013.39453125
388.75,53017.125,68013.171875,36016.85546875,45014.52734375,60999.51171875,85030.21875,43007.79296875,53012.890625
389.0,53017.109375,68013.171875,36016.85546875,45014.5234375,60999.921875,85030.5234375,43008.37890625,53012.91796875
389.25,53006.00390625,68013.171875,36016.86328125,45014.515625,61019.12109375,85030.4296875,43008.31640625,52999.28125
389.5,53017.03125,68013.171875,36016.8671875,45014.51171875,61019.51171875,85030.2890625,43008.50390625,52998.11328125
389.75,53017.09375,68013.171875,36016.87109375,45014.5078125,61019.3984375,84996.34375,43008.4609375,53013.03515625
390.0,52926.78125,68012.9140625,35960.5390625,44938.5390625,60923.296875,84835.53125,43008.375,52977.5625
390.25,53017.1328125,68013.171875,36016.84375,45014.5390625,61018.56640625,85030.5859375,43008.43359375,53013.046875
390.5,55017.85546875,67028.21875,36016.578125,44024.0234375,59018.21484375,86030.734375,42008.2734375,55013.62109375
390.75,55017.71484375,67028.2265625,36016.58203125,44024.0234375,59018.5859375,86031.0,41986.5,55013.90234375
391.0,55017.7578125,67028.21875,36016.5859375,44024.01953125,58999.89453125,86030.8671875,42008.19140625,55013.41015625
391.25,55017.87890625,67028.21875,36016.58984375,44024.015625,59018.171875,86031.0390625,42008.38671875,55013.72265625
391.5,55006.2265625,67028.21875,36016.59375,44024.0078125,59018.25390625,86030.828125,42008.1171875,54999.25
391.75,55017.6484375,67028.21875,36016.59765625,44024.00390625,59018.234375,86030.7265625,42008.23046875,55013.4609375
392.0,55017.765625,67028.2265625,36016.57421875,44024.03515625,59018.6171875,86030.8984375,42008.08203125,55013.5625
392.25,55017.734375,65032.6796875,37014.359375,46014.765625,57017.71875,86030.3828125,43007.60546875,54013.10546875
392.5,55017.72265625,65032.6796875,37014.35546875,46014.76953125,57017.37890625,86030.8046875,42986.171875,54013.6484375
392.75,55017.73828125,65032.67578125,37014.375,46014.74609375,57017.5859375,85996.7734375,43008.45703125,54013.28125
393.0,55017.62890625,65032.67578125,37014.37109375,46014.75390625,57017.2265625,86030.6796875,43008.41796875,54013.21484375
393.25,54999.51171875,65032.67578125,37014.37109375,46014.75390625,57017.859375,86031.046875,43008.4375,54013.20703125
393.5,54017.33984375,62035.71875,37017.0546875,47018.4453125,55017.5,85030.46875,48009.47265625,53012.984375
393.75,54017.39453125,62035.7265625,37017.0390625,47018.46875,55017.5078125,85030.890625,47983.79296875,53013.12890625
394.0,53999.484375,62035.72265625,37017.05078125,47018.45703125,55017.64453125,85029.7890625,48009.31640625,52997.98046875
394.25,53925.359375,62035.484375,36959.1796875,46939.078125,54931.31640625,84835.65625,48009.07421875,52977.46484375
394.5,54017.31640625,62035.72265625,37017.0546875,47018.453125,55017.3671875,85030.2734375,48009.38671875,53012.9765625
394.75,55017.6953125,61025.69921875,36000.3671875,46025.03125,55017.1328125,86030.640625,47008.76953125,55013.51953125
395.0,55017.8828125,61025.72265625,36000.3828125,46025.05859375,55004.7265625,86030.7421875,47009.37890625,55013.71875
395.25,55006.30078125,61025.72265625,36000.3828125,46025.0546875,55017.79296875,86030.40625,47009.3125,54999.4296875
395.5,54923.9765625,61025.484375,35944.1015625,45947.3515625,54930.6640625,85833.0234375,47009.140625,54976.703125
395.75,54924.0078125,61025.48828125,35944.0859375,45947.37109375,54930.48828125,85833.0546875,47009.14453125,54976.73046875
396.0,55021.3671875,61021.37109375,36016.6953125,48015.58203125,57017.22265625,87030.015625,46011.69921875,54016.3203125
396.25,55017.734375,61021.3671875,36016.734375,48015.453125,57017.828125,86995.8671875,46009.04296875,54013.28125
396.5,55017.75390625,61021.37109375,36016.71875,48015.47265625,57005.6953125,87031.4609375,46008.9609375,54013.16015625
396.75,55017.71875,61021.37109375,36016.71484375,48015.47265625,57018.42578125,87030.828125,46009.57421875,54013.53515625
397.0,55006.30078125,61021.37109375,36016.72265625,48015.46484375,57017.68359375,87030.9453125,46009.11328125,53999.4375
397.25,55017.8515625,61021.37109375,36016.72265625,48015.46875,57005.18359375,87030.90625,46009.0625,54013.359375
397.5,58918.9140625,60025.203125,35960.3125,47916.375,56928.84375,86831.15625,41009.2734375,58975.2734375
397.75,58999.47265625,60025.3828125,36016.640625,47997.3828125,57018.17578125,87030.75,41008.02734375,59014.43359375
398.0,59018.9296875,60025.3828125,36016.640625,47997.37890625,57018.20703125,86995.8515625,41008.0859375,59014.48046875
398.25,59019.06640625,60025.38671875,36016.61328125,47997.4140625,57017.75,87030.640625,41007.8984375,59014.54296875
398.5,58918.44140625,60025.15234375,35960.30859375,47916.37109375,56928.2890625,86831.2265625,41007.98046875,58975.06640625
398.75,59019.0625,60025.38671875,36016.61328125,47997.41796875,57017.65625,87031.2109375,41007.89453125,59014.55078125
399.0,60019.43359375,61016.54296875,37014.3125,46028.66796875,57017.0546875,85030.5625,40007.7578125,56999.2421875
399.25,60019.46484375,61016.54296875,37014.31640625,46028.63671875,57017.60546875,85030.5390625,40007.86328125,56998.0546875
399.5,60019.3828125,61016.54296875,37014.30859375,46028.63671875,57000.0859375,85030.09375,40007.8984375,57014.0625
399.75,60019.3984375,61016.546875,37014.296875,46028.6875,57017.8515625,85030.875,40007.84375,57014.03125
400.0,60019.4296875,61016.54296875,37014.3125,46028.66796875,57017.3515625,85030.6171875,40007.75390625,56999.23828125
400.25,58300.6015625,61016.43359375,38840.671875,44285.9453125,57615.64453125,86510.203125,39285.3046875,57004.9140625
400.5,58018.84375,61016.6171875,40009.40234375,44027.58203125,58005.6484375,87030.9375,39007.73828125,56999.39453125
400.75,58006.62109375,61016.62109375,40009.40625,44027.578125,58018.21875,87030.71875,39007.66796875,56998.0390625
401.0,58018.6171875,61016.6171875,40009.4140625,44027.5703125,58018.25390625,87030.625,39007.69921875,57013.99609375
401.25,58018.71875,61016.62109375,40009.39453125,44027.58984375,58018.56640625,87031.1875,39006.921875,57013.83984375
401.5,58018.703125,61016.62109375,40009.39453125,44027.5859375,58017.6953125,87031.3359375,39007.0625,57013.84375
401.75,58018.71875,61016.62109375,40009.39453125,44027.58984375,58018.56640625,87030.7109375,39006.91796875,57013.8359375
402.0,57018.38671875,64007.56640625,38023.44140625,44020.8515625,58017.921875,88996.1015625,39007.67578125,56013.7734375
402.25,56921.2109375,64007.32421875,37963.97265625,43946.55859375,57927.3984375,88827.1015625,39007.59375,55976.32421875
402.5,57018.4296875,64007.57421875,38023.41015625,44020.88671875,58017.89453125,89031.7890625,39007.5,56013.80859375
402.75,57018.3828125,64007.56640625,38023.44140625,44020.84765625,58018.109375,88996.8984375,39007.67578125,56013.7734375
403.0,57018.5078125,64007.5703125,38023.41796875,44020.87890625,58018.65625,89031.4921875,39007.6875,56013.8671875
403.25,57018.42578125,64007.5703125,38023.4140625,44020.87890625,58018.1796875,89031.59375,39007.6796875,56013.82421875
403.5,56018.12109375,67007.9453125,39015.1953125,42026.36328125,58999.88671875,92032.9453125,38007.609375,55013.69140625
403.75,56018.08203125,67007.953125,39015.19140625,42026.3671875,59018.546875,92033.03125,38007.4140625,55013.4140625
404.0,56018.09375,67007.953125,39015.17578125,42026.3828125,59018.453125,92032.90625,38007.3125,55013.5625
404.25,55922.5859375,67007.6875,38954.20703125,41955.40625,58926.18359375,91821.453125,38007.40234375,54976.7109375
404.5,55922.58984375,67007.6875,38954.20703125,41955.40625,58925.89453125,91821.421875,38007.40234375,54976.71484375
404.75,56018.1015625,67007.953125,39015.1796875,42026.37890625,59018.65625,92032.71875,38007.453125,55013.5390625
405.0,59019.02734375,66027.6875,38020.3515625,41022.375,55017.0625,90032.3671875,39006.89453125,59014.3203125
405.25,59019.05078125,66027.6875,38020.35546875,41022.375,54999.796875,90032.296875,39007.6015625,59014.38671875
405.5,59006.671875,66027.6875,38020.36328125,41022.36328125,55017.16015625,90032.3671875,39007.54296875,58999.1875
405.75,58918.45703125,66027.4296875,37960.91015625,40953.12109375,54930.97265625,89825.296875,39007.2109375,58974.91796875
406.0,58918.43359375,66027.4296875,37960.92578125,40953.10546875,54931.46875,89825.03125,39007.58984375,58974.99609375
406.25,59019.0625,64032.17578125,39015.12890625,43013.8203125,54017.125,91032.140625,42008.2421875,57014.04296875
406.5,59019.02734375,64032.171875,39015.16015625,43013.7890625,54016.97265625,90996.2734375,42008.484375,57014.1015625
406.75,59019.046875,64032.171875,39015.14453125,43013.8046875,54004.734375,91033.1796875,42008.203125,57013.92578125
407.0,59019.01953125,64032.171875,39015.140625,43013.80859375,54017.09375,91032.140625,42008.77734375,57014.296875
407.25,59019.02734375,64032.171875,39015.140625,43013.84375,54016.57421875,91032.359375,42007.40234375,57013.83203125
407.5,59019.046875,64032.171875,39015.14453125,43013.8046875,54004.66015625,91031.7890625,42008.203125,57013.92578125
407.75,22002.484375,26082.0703125,15024.9150390625,16038.7998046875,24007.505859375,33011.75390625,17003.392578125,24005.900390625
408.0,22007.095703125,26082.06640625,15024.919921875,16038.7939453125,24007.57421875,33011.6796875,17003.345703125,24005.84765625
408.25,22007.1015625,26082.06640625,15024.91796875,16038.796875,24002.216796875,33011.90625,16994.310546875,24005.9375
408.5,22007.111328125,26082.068359375,15024.9130859375,16038.80078125,24007.564453125,33011.72265625,17003.328125,24005.8828125
408.75,22007.103515625,26082.064453125,15024.921875,16038.79296875,24007.5234375,33011.96484375,17003.369140625,23999.65625
409.0,24007.7734375,24012.142578125,16006.2109375,17006.77734375,19001.7265625,32011.46484375,20992.947265625,20004.95703125
409.25,23966.966796875,24012.04296875,15981.19140625,16978.056640625,18976.337890625,31937.77734375,21004.015625,19991.98828125
409.5,23966.966796875,24012.044921875,15981.19140625,16978.05859375,18976.232421875,31937.951171875,21004.015625,19991.98828125
409.75,23966.9765625,24012.044921875,15981.1845703125,16978.064453125,18976.169921875,31937.697265625,21004.0546875,19992.0078125
410.0,24007.748046875,24012.13671875,16006.2109375,17006.775390625,18999.787109375,32011.44140625,20992.9765625,20004.94921875
410.25,24999.849609375,27003.263671875,16007.44140625,16008.8193359375,17005.533203125,34012.15625,20003.986328125,16003.9267578125
410.5,25008.087890625,27003.27734375,16007.447265625,16008.8134765625,17001.43359375,34011.9140625,20003.794921875,16003.900390625
410.75,25002.837890625,27003.27734375,16007.44140625,16008.8193359375,17005.23828125,34012.0625,20003.9375,16003.92578125
411.0,25008.07421875,27003.27734375,16007.4453125,16008.81640625,16999.83203125,34012.03125,20003.9453125,16003.9189453125
411.25,25008.0859375,27003.27734375,16007.447265625,16008.814453125,17001.6015625,34011.9765625,20003.794921875,16003.900390625
411.5,25008.07421875,27003.27734375,16007.4453125,16008.8154296875,17005.45703125,34012.14453125,20003.9453125,16003.9189453125
411.75,26008.3828125,30003.578125,15008.11328125,15008.2333984375,15004.623046875,38998.08203125,19003.7421875,14003.4189453125
412.0,26008.390625,30003.578125,15008.111328125,15008.244140625,15004.6748046875,39013.8828125,19003.751953125,13999.5
412.25,26008.40625,30003.578125,15008.1064453125,15008.25,15000.009765625,39013.69140625,18993.52734375,14003.44140625
412.5,26008.359375,30003.580078125,15008.1044921875,15008.2412109375,15004.6689453125,39014.0,19003.763671875,14003.4248046875
412.75,26008.404296875,30003.580078125,15008.107421875,15008.2490234375,15000.03515625,39013.7890625,18993.638671875,14003.466796875
413.0,26008.396484375,30003.578125,15008.1083984375,15008.248046875,15004.7255859375,39013.8046875,19003.666015625,14003.4208984375
413.25,23007.3984375,33004.19140625,14007.654296875,19003.3359375,13003.927734375,42014.78125,18003.640625,9999.63671875
413.5,23007.421875,33004.1328125,14007.6552734375,19003.3359375,13004.0126953125,42015.01953125,18003.421875,10002.4345703125
413.75,23007.423828125,33004.1328125,14007.6572265625,19003.33203125,13003.9736328125,42015.1875,18003.560546875,9999.8525390625
414.0,23007.412109375,33004.1328125,14007.6591796875,19003.330078125,13004.154296875,42015.0703125,18003.5234375,9999.6318359375
414.25,23007.43359375,33004.13671875,14007.6494140625,19003.34375,13004.087890625,42015.02734375,18003.51953125,10002.451171875
414.5,23007.435546875,33004.13671875,14007.6484375,19003.34375,13004.103515625,42014.90234375,18003.59375,10002.458984375
414.75,21006.826171875,28020.486328125,15005.7880859375,22005.33203125,18005.59765625,37013.29296875,19003.857421875,8001.97314453125
415.0,21006.771484375,28020.3828125,15005.796875,22005.3203125,18005.671875,36998.3828125,19003.744140625,8001.95654296875
415.25,21006.77734375,28020.384765625,15005.7939453125,22005.328125,18005.75390625,37013.21875,19003.767578125,8001.95849609375
415.5,21006.783203125,28020.384765625,15005.7900390625,22005.330078125,18005.66796875,37013.20703125,19003.748046875,8001.95947265625
415.75,21006.802734375,28020.384765625,15005.787109375,22005.3359375,18005.48046875,37013.0390625,19003.708984375,8001.962890625
416.0,21009.404296875,28009.7890625,18004.310546875,20012.482421875,18001.515625,39013.578125,18996.03125,7002.44287109375
416.25,21002.375,28009.79296875,18004.2421875,20012.515625,18005.701171875,39013.78515625,19003.734375,7001.71533203125
416.5,20999.8828125,28009.79296875,18004.2421875,20012.513671875,18005.7890625,39013.8828125,19003.740234375,7001.71533203125
416.75,21006.7890625,28009.79296875,18004.24609375,20012.51171875,17999.8671875,39014.078125,18993.625,7001.7314453125
417.0,21006.775390625,28009.791015625,18004.24609375,20012.51171875,18001.736328125,39014.01953125,18993.623046875,7001.72900390625
417.25,21006.76953125,28009.791015625,18004.25,20012.505859375,18005.6328125,39013.68359375,19003.71875,6999.88671875
417.5,20006.4453125,26012.916015625,19007.310546875,19010.375,20001.970703125,37013.1875,21003.998046875,7001.69580078125
417.75,20006.46484375,26012.943359375,19007.294921875,19010.38671875,20006.34765625,37013.2265625,21004.189453125,7001.720703125
418.0,20006.478515625,26012.9453125,19007.294921875,19010.38671875,20006.111328125,37012.8125,21004.1015625,7001.71728515625
418.25,20006.4296875,26012.943359375,19007.298828125,19010.3828125,20006.43359375,37013.203125,21004.158203125,7001.71142578125
418.5,20006.466796875,26012.943359375,19007.30078125,19010.380859375,19999.826171875,37013.40625,20992.958984375,7001.73193359375
418.75,20006.451171875,26012.943359375,19007.30859375,19010.373046875,20006.30078125,36998.4296875,21004.14453125,7001.7119140625
419.0,26962.8203125,30001.16015625,16983.86328125,16981.90625,16978.623046875,36928.03125,12002.294921875,12994.8017578125
419.25,27008.728515625,30001.275390625,17010.455078125,17010.630859375,17005.1328125,37013.203125,12002.3447265625,13003.1865234375
419.5,27008.677734375,30001.2734375,17010.458984375,17010.625,17005.443359375,37013.25390625,12002.376953125,13003.1787109375
419.75,26999.806640625,30001.275390625,17010.458984375,17010.626953125,17005.47265625,37013.29296875,12002.373046875,13003.1826171875
420.0,27008.73046875,30001.2734375,17010.4609375,17010.625,16999.984375,37013.2578125,11995.96875,13003.21484375
420.25,27008.71484375,30001.2734375,17010.462890625,17010.623046875,17005.599609375,37013.07421875,12002.2900390625,13003.166015625
420.5,27008.716796875,30001.2734375,17010.462890625,17010.623046875,17005.171875,37013.1015625,12002.3798828125,13003.1826171875
420.75,27008.703125,30001.2734375,17010.466796875,17010.619140625,17005.251953125,37013.390625,12002.3486328125,12999.521484375
421.0,23007.423828125,33003.92578125,15001.3642578125,17008.052734375,17005.29296875,36012.640625,18003.560546875,12002.935546875
421.25,22968.3515625,33003.796875,14977.904296875,16979.345703125,16978.70703125,35930.16015625,18003.478515625,11995.201171875
421.5,23007.44921875,33003.92578125,15001.353515625,17008.064453125,17005.333984375,36012.9765625,18003.517578125,12002.9453125
421.75,22999.865234375,33003.92578125,15001.35546875,17008.0625,17005.431640625,36012.7109375,18003.548828125,12002.9443359375
422.0,22999.841796875,33003.92578125,15001.3564453125,17008.05859375,17005.26953125,36013.1875,18003.55859375,12002.9384765625
422.25,23007.42578125,33003.92578125,15001.359375,17008.060546875,16999.671875,36012.734375,18003.552734375,12002.9404296875
422.5,23007.419921875,33003.921875,15001.3603515625,17008.05859375,17001.6875,36012.72265625,18003.630859375,12002.9560546875
422.75,23007.421875,33003.921875,15001.3623046875,17008.044921875,17005.142578125,36012.9921875,18003.56640625,12002.935546875
423.0,31009.998046875,26022.681640625,13007.8740234375,18006.953125,22006.716796875,31011.087890625,16003.1630859375,17999.73046875
423.25,31009.99609375,26022.67578125,13007.8759765625,18006.94921875,22006.888671875,31010.984375,16003.1494140625,18004.3984375
423.5,30957.34375,26022.576171875,12987.5322265625,17976.556640625,21972.486328125,30939.90625,16003.087890625,17992.80859375
423.75,31010.03515625,26022.677734375,13007.8662109375,18006.962890625,22006.8125,31011.20703125,16003.15234375,18004.416015625
424.0,30999.818359375,26022.677734375,13007.8671875,18006.9609375,22006.912109375,31011.12109375,16003.154296875,18004.416015625
424.25,31009.990234375,26022.677734375,13007.869140625,18006.958984375,22007.0625,31011.123046875,16003.162109375,18004.40625
424.5,31010.005859375,26022.677734375,13007.8701171875,18006.95703125,22000.05078125,31011.32421875,15994.650390625,18004.455078125
424.75,31010.025390625,26022.677734375,13007.8720703125,18006.955078125,22002.021484375,31011.06640625,16003.1494140625,18004.39453125
425.0,24007.748046875,28005.69140625,23991.201171875,11011.1337890625,24007.80078125,37013.1328125,12002.36328125,11002.6943359375
425.25,24002.720703125,28005.693359375,23991.185546875,11011.138671875,24007.435546875,37013.25,12002.36328125,11002.6982421875
425.5,24007.740234375,28005.69140625,23991.203125,11011.130859375,24007.529296875,36998.41015625,12002.3642578125,11002.689453125
425.75,23966.974609375,28005.5859375,23953.681640625,10992.5458984375,23970.080078125,36928.1328125,12002.3232421875,10995.60546875
426.0,24007.7578125,28005.693359375,23991.185546875,11011.138671875,24007.533203125,37013.09765625,12002.3466796875,11002.6962890625
426.25,23999.857421875,28005.693359375,23991.1875,11011.1376953125,24007.509765625,37013.24609375,12002.3671875,11002.6982421875
426.5,24007.72265625,28005.693359375,23991.19140625,11011.13671875,24007.681640625,37013.16796875,11995.978515625,11002.71484375
426.75,24007.76171875,28005.693359375,23991.193359375,11011.1357421875,23999.87890625,37013.375,12002.2890625,11002.68359375
427.0,28009.03515625,24015.490234375,25009.45703125,8005.5478515625,22006.986328125,35012.4765625,13002.583984375,14003.4404296875
427.25,28009.04296875,24015.490234375,25009.458984375,8005.54150390625,22006.830078125,35012.38671875,13002.57421875,13999.7958984375
427.5,28009.037109375,24015.490234375,25009.4609375,8005.54638671875,22006.736328125,35012.58203125,13002.5673828125,13999.4951171875
427.75,28009.033203125,24015.490234375,25009.462890625,8005.54541015625,22006.900390625,35012.4375,13002.564453125,14003.4228515625
428.0,27961.455078125,24015.3984375,24970.3515625,7992.03271484375,21972.2265625,34932.140625,13002.515625,13994.4111328125
428.25,28009.05078125,24015.4921875,25009.4453125,8005.55078125,22007.00390625,35012.62109375,13002.54296875,14003.431640625
428.5,28003.177734375,24015.4921875,25009.44921875,8005.55029296875,22006.76171875,35012.33203125,13002.5625,14003.4375
428.75,27999.8046875,24015.4921875,25009.451171875,8005.54931640625,22006.76953125,35012.43359375,12995.6396484375,14003.458984375
429.0,24007.765625,27003.419921875,28006.76171875,8003.84521484375,18999.990234375,41014.765625,14002.669921875,9002.1943359375
429.25,24007.7421875,27003.41796875,28006.763671875,8003.84423828125,19005.92578125,41014.5703125,14002.763671875,9002.2021484375
429.5,24007.748046875,27003.41796875,28006.767578125,8003.84326171875,19005.927734375,41014.52734375,14002.7685546875,9002.2041015625
429.75,24007.734375,27003.416015625,28006.76953125,8003.8427734375,19006.1015625,41014.484375,14002.736328125,8999.6669921875
430.0,24007.7421875,27003.41796875,28006.771484375,8003.841796875,19006.08203125,41014.72265625,14002.7587890625,9002.19921875
430.25,23966.970703125,27003.314453125,27962.970703125,7990.32958984375,18976.068359375,40920.234375,14002.6796875,8996.4013671875
430.5,24007.7578125,27003.419921875,28006.75,8003.84765625,19006.076171875,41014.76171875,14002.7373046875,9002.2060546875
430.75,24002.708984375,27003.41796875,28006.75390625,8003.8466796875,19005.66796875,41014.7578125,14002.7568359375,9002.2060546875
431.0,-5001.6298828125,0.0,5010.67236328125,-10017.56640625,2000.607666015625,-12004.2529296875,-8001.46728515625,-22999.01171875
431.25,-5001.61474609375,0.0,5010.67431640625,-10017.5830078125,1999.996337890625,-12004.267578125,-8001.58740234375,-23005.615234375
431.5,-5001.61376953125,0.0,5010.6748046875,-10017.5693359375,2000.6212158203125,-12004.314453125,-8001.58203125,-23005.603515625
431.75,-5001.61328125,0.0,5010.67529296875,-10017.576171875,2000.611083984375,-12004.3037109375,-8001.58251953125,-23005.6015625
432.0,-5000.552734375,0.0,5010.67578125,-10017.5556640625,2000.6429443359375,-12004.28125,-8001.59912109375,-23005.60546875
432.25,-5001.61376953125,0.0,5010.67626953125,-10017.5595703125,2000.6353759765625,-11999.5107421875,-8001.5810546875,-23005.603515625
432.5,-5001.615234375,0.0,5010.67626953125,-10017.560546875,2000.6094970703125,-11999.4375,-8001.58056640625,-23005.6015625
432.75,-5001.6162109375,0.0,5010.67236328125,-10017.5712890625,2000.617919921875,-12004.32421875,-8001.58251953125,-23005.61328125
433.0,2000.6455078125,-10011.0322265625,11000.03125,-10004.6767578125,-6001.859375,-9003.2158203125,-12002.3564453125,-17999.701171875
433.25,2000.6461181640625,-10011.0341796875,11000.03125,-10004.6796875,-6001.90576171875,-9003.240234375,-12002.373046875,-17999.345703125
433.5,2000.646240234375,-10011.0341796875,11000.03125,-10004.66796875,-6002.4990234375,-9003.2373046875,-12002.37890625,-18004.392578125
433.75,2000.645751953125,-10011.0341796875,11000.0341796875,-10004.666015625,-6001.88671875,-9003.1875,-12002.373046875,-18004.384765625
434.0,2000.6455078125,-10011.0341796875,11000.03515625,-10004.66015625,-6001.884765625,-9003.2138671875,-11995.853515625,-18004.3671875
434.25,2000.2208251953125,-10011.0341796875,11000.037109375,-10004.6689453125,-6001.89599609375,-9003.212890625,-12002.37109375,-18004.376953125
434.5,1999.9873046875,-10011.033203125,11000.037109375,-10004.6591796875,-6001.82421875,-9003.201171875,-12002.3759765625,-18004.376953125
434.75,1997.2574462890625,-10010.9951171875,10982.833984375,-9987.7705078125,-5992.4326171875,-8982.498046875,-12002.3134765625,-17993.140625
435.0,-3000.97021484375,-10003.4462890625,9005.509765625,-10004.7294921875,-4001.2509765625,-7002.4814453125,-10001.9873046875,-16003.9091796875
435.25,-3000.96923828125,-10003.4462890625,9005.51171875,-10004.71484375,-4001.264892578125,-7002.52587890625,-10001.978515625,-16003.9033203125
435.5,-3000.968994140625,-10003.4462890625,9005.51171875,-10004.716796875,-4001.21923828125,-7002.5234375,-10001.974609375,-15999.7392578125
435.75,-3000.968994140625,-10003.4462890625,9005.513671875,-10004.7119140625,-4000.885009765625,-7002.49462890625,-10001.982421875,-16003.904296875
436.0,-3000.968505859375,-10003.4453125,9005.5146484375,-10004.7041015625,-4001.210693359375,-7002.49853515625,-10001.978515625,-16003.8984375
436.25,-3000.968017578125,-10003.4453125,9005.515625,-10004.697265625,-4001.2578125,-7002.5419921875,-9996.5478515625,-16003.8828125
436.5,-3000.33203125,-10003.4453125,9005.5166015625,-10004.71875,-4001.25537109375,-7002.45751953125,-10002.001953125,-16003.8994140625
436.75,-2999.981201171875,-10003.4453125,9005.517578125,-10004.71484375,-4001.218017578125,-7002.52099609375,-10001.98046875,-16003.8955078125
437.0,-10984.9228515625,-10003.4501953125,10986.2314453125,-10987.466796875,-2996.251220703125,-9980.5947265625,-2000.387451171875,-20991.98046875
437.25,-11003.5537109375,-10003.48828125,11003.43359375,-11006.0546875,-3000.9521484375,-10003.5458984375,-2000.3953857421875,-21005.123046875
437.5,-11003.5537109375,-10003.48828125,11003.43359375,-11006.068359375,-3000.957275390625,-10003.6103515625,-2000.3953857421875,-21005.123046875
437.75,-11003.5517578125,-10003.48828125,11003.4345703125,-11006.05859375,-3000.957275390625,-10003.5771484375,-2000.3948974609375,-20999.65625
438.0,-11003.552734375,-10003.48828125,11003.435546875,-11006.0537109375,-3000.641845703125,-10003.5224609375,-2000.3966064453125,-21005.126953125
438.25,-11003.5498046875,-10003.48828125,11003.4375,-11006.0517578125,-3000.92138671875,-10003.5869140625,-2000.3953857421875,-21005.1171875
438.5,-11003.5498046875,-10003.48828125,11003.4375,-11006.0595703125,-3000.9453125,-10003.619140625,-2000.3955078125,-21005.115234375
438.75,-11001.216796875,-10003.48828125,11003.439453125,-11006.0439453125,-3000.926025390625,-10003.6015625,-2000.3955078125,-21005.111328125
439.0,-13004.197265625,-17014.83984375,13003.9697265625,-11005.12109375,-6001.85986328125,-11999.53515625,8996.919921875,-18004.380859375
439.25,-13004.2021484375,-17014.84375,13003.9599609375,-11005.12890625,-6001.8779296875,-12004.2646484375,9001.779296875,-18004.396484375
439.5,-13004.19921875,-17014.84375,13003.9609375,-11005.1201171875,-6001.85009765625,-12004.2158203125,9001.779296875,-18004.392578125
439.75,-13004.1982421875,-17014.84375,13003.9609375,-11005.12890625,-6001.8076171875,-12004.3125,9001.77734375,-18004.388671875
440.0,-13004.1962890625,-17014.84375,13003.962890625,-11005.126953125,-6001.85009765625,-12004.265625,9001.775390625,-17999.705078125
440.25,-13004.1962890625,-17014.84375,13003.9638671875,-11005.125,-6000.52001953125,-12004.251953125,9001.7783203125,-17999.345703125
440.5,-13004.1953125,-17014.84375,13003.9658203125,-11005.1171875,-6001.908203125,-12004.2705078125,9001.7783203125,-18004.38671875
440.75,-13004.1943359375,-17014.84375,13003.966796875,-11005.115234375,-6001.87109375,-12004.2470703125,9001.779296875,-18004.384765625
441.0,-14999.9130859375,-7997.373046875,10006.9873046875,-11005.2734375,2000.6168212890625,-17006.162109375,6001.185546875,-19004.625
441.25,-15004.833984375,-7997.37158203125,10006.98828125,-11005.2744140625,2000.614501953125,-16999.30078125,5997.93994140625,-19004.619140625
441.5,-14979.4501953125,-7997.3408203125,9991.337890625,-10986.697265625,1997.5045166015625,-16967.01953125,6001.1552734375,-18992.7265625
441.75,-15004.8466796875,-7997.3720703125,10006.98046875,-11005.2744140625,2000.6241455078125,-17006.09765625,6001.1865234375,-19004.638671875
442.0,-15004.845703125,-7997.3720703125,10006.9814453125,-11005.2958984375,2000.6087646484375,-17006.140625,6001.1865234375,-19004.638671875
442.25,-15004.841796875,-7997.37158203125,10006.982421875,-11005.2841796875,2000.638427734375,-17006.08203125,6001.18359375,-18999.689453125
442.5,-15004.8427734375,-7997.3720703125,10006.984375,-11005.2587890625,1999.9813232421875,-17006.10546875,6001.185546875,-18999.30859375
442.75,-15004.8408203125,-7997.37158203125,10006.9853515625,-11005.28125,2000.6260986328125,-17005.947265625,6001.18603515625,-19004.630859375
443.0,-22002.431640625,-8002.8232421875,11004.3154296875,-8002.00634765625,12003.8740234375,-18006.6015625,0.0,-19004.62109375
443.25,-22007.111328125,-8002.8232421875,11004.3173828125,-8001.98876953125,12003.7255859375,-18006.482421875,0.0,-19004.62890625
443.5,-22007.111328125,-8002.82373046875,11004.30859375,-8001.9853515625,12003.74609375,-18003.865234375,0.0,-19004.640625
443.75,-21969.861328125,-8002.79248046875,10987.1083984375,-7988.4892578125,11984.85546875,-17965.08984375,0.0,-18992.73046875
444.0,-22007.109375,-8002.82373046875,11004.3095703125,-8001.99365234375,12003.755859375,-18006.482421875,0.0,-19004.638671875
444.25,-22007.10546875,-8002.8232421875,11004.3115234375,-8001.9912109375,12003.8203125,-18006.349609375,0.0,-19004.634765625
444.5,-22002.4296875,-8002.8232421875,11004.3154296875,-8001.98779296875,12003.7275390625,-18006.505859375,0.0,-19004.625
444.75,-22007.1015625,-8002.8232421875,11004.3125,-8001.99462890625,12003.806640625,-18006.365234375,0.0,-18999.689453125
445.0,-13004.19140625,-12007.7294921875,0.0,999.7822265625,20006.173828125,-28009.998046875,-2000.3944091796875,-12002.9208984375
445.25,-13001.439453125,-12007.7294921875,0.0,999.7822875976562,20006.322265625,-28009.990234375,-2000.3956298828125,-12002.9208984375
445.5,-13004.1923828125,-12007.7294921875,0.0,999.7808227539062,20006.185546875,-27998.796875,-2000.395751953125,-12002.9228515625
445.75,-13004.193359375,-12007.7294921875,0.0,999.779541015625,20006.28515625,-28009.95703125,-2000.3994140625,-12002.9248046875
446.0,-13004.201171875,-12007.73046875,0.0,999.7815551757812,20006.453125,-28010.0390625,-2000.3955078125,-12002.9287109375
446.25,-13004.201171875,-12007.73046875,0.0,999.7807006835938,20006.236328125,-28009.994140625,-2000.3955078125,-12002.9287109375
446.5,-13004.2001953125,-12007.73046875,0.0,999.7839965820312,20006.205078125,-28009.98046875,-2000.3953857421875,-12002.927734375
446.75,-13004.1982421875,-12007.7294921875,0.0,999.7827758789062,19999.89453125,-28010.11328125,-2000.3961181640625,-12002.927734375
447.0,-18005.814453125,-14006.97265625,3000.702392578125,-1000.6214599609375,20001.931640625,-28009.890625,-3000.59375,-10002.4404296875
447.25,-18005.80859375,-14006.97265625,3000.702392578125,-1000.622802734375,20006.14453125,-28009.939453125,-3000.593505859375,-10002.4365234375
447.5,-18001.98828125,-14006.97265625,3000.70263671875,-1000.6259765625,20006.3671875,-28010.095703125,-3000.59375,-10002.43359375
447.75,-17999.890625,-14006.97265625,3000.703125,-1000.6224365234375,20006.583984375,-28010.1171875,-2998.966064453125,-10002.4267578125
448.0,-18005.802734375,-14006.97265625,3000.703369140625,-1000.6251220703125,20006.388671875,-28010.06640625,-3000.59375,-10002.435546875
448.25,-17975.3359375,-14006.9189453125,2996.01025390625,-998.9329833984375,19974.921875,-27945.537109375,-3000.578125,-9996.1787109375
448.5,-18005.81640625,-14006.9736328125,3000.701171875,-1000.6258544921875,20006.021484375,-28009.90234375,-3000.593505859375,-10002.4404296875
448.75,-18005.814453125,-14006.97265625,3000.701416015625,-1000.6268310546875,20005.99609375,-28009.9453125,-3000.593017578125,-10002.4384765625
449.0,-18005.806640625,-8999.7021484375,9000.046875,-13017.9736328125,15004.7734375,-22007.765625,-0.0,-13003.169921875
449.25,-18005.810546875,-8999.7021484375,9000.0498046875,-13017.95703125,14999.697265625,-22007.912109375,-0.0,-12999.52734375
449.5,-18005.810546875,-8999.7021484375,9000.05078125,-13017.9541015625,15004.6845703125,-22007.814453125,0.0,-13003.1708984375
449.75,-18001.984375,-8999.7021484375,9000.0517578125,-13017.9482421875,15004.6982421875,-22007.75,0.0,-13003.1640625
450.0,-17999.888671875,-8999.7021484375,9000.0517578125,-13017.95703125,15004.6728515625,-22007.775390625,0.0,-13003.1640625
450.25,-18005.8046875,-8999.7021484375,9000.0537109375,-13017.953125,15004.68359375,-22007.96484375,0.0,-13003.1669921875
450.5,-17975.34765625,-8999.6669921875,8985.9775390625,-12995.986328125,14981.0673828125,-21957.27734375,0.0,-12995.0185546875
450.75,-18005.814453125,-8999.7021484375,9000.0478515625,-13017.9677734375,15004.701171875,-22007.751953125,0.0,-13003.1728515625
451.0,-23007.427734375,-2999.69482421875,6004.18115234375,-11003.6005859375,21006.595703125,-22007.80859375,-2000.3955078125,-18004.39453125
451.25,-23007.4296875,-2999.695068359375,6004.181640625,-11003.568359375,21006.59375,-22007.802734375,-2000.395751953125,-18004.392578125
451.5,-23007.421875,-2999.69482421875,6004.1826171875,-11003.607421875,20999.888671875,-22007.904296875,-2000.3944091796875,-17999.703125
451.75,-23007.42578125,-2999.69482421875,6004.18310546875,-11003.580078125,21006.576171875,-22007.671875,-2000.396484375,-18004.392578125
452.0,-23002.544921875,-2999.69482421875,6004.18310546875,-11003.5849609375,21006.59765625,-22007.90234375,-2000.3966064453125,-18004.390625
452.25,-23007.439453125,-2999.69482421875,6004.18408203125,-11003.5849609375,21006.619140625,-22007.912109375,-1999.3109130859375,-18004.376953125
452.5,-22968.494140625,-2999.68310546875,5994.7978515625,-10984.95703125,20973.8046875,-21957.337890625,-2000.385498046875,-17993.091796875
452.75,-22968.5,-2999.683349609375,5994.794921875,-10985.0107421875,20973.724609375,-21957.30859375,-2000.38525390625,-17993.095703125
453.0,-23007.431640625,1999.93017578125,0.0,-12006.537109375,18005.623046875,-20007.189453125,-4000.78857421875,-19004.638671875
453.25,-23007.4296875,1999.9302978515625,0.0,-12006.5390625,18005.732421875,-20007.142578125,-4000.791015625,-19004.638671875
453.5,-23007.42578125,1999.9302978515625,0.0,-12006.5302734375,18005.607421875,-20007.126953125,-4000.791259765625,-19004.63671875
453.75,-23007.421875,1999.93017578125,0.0,-12006.5634765625,17999.89453125,-20007.0703125,-4000.78955078125,-18999.689453125
454.0,-23007.419921875,1999.93017578125,0.0,-12006.5361328125,18005.599609375,-20007.26171875,-4000.7900390625,-18999.3046875
454.25,-22999.85546875,1999.93017578125,0.0,-12006.5048828125,18005.876953125,-20007.1328125,-4000.792236328125,-19004.62890625
454.5,-23007.4375,1999.93017578125,0.0,-12006.5390625,18005.650390625,-20007.142578125,-4000.78857421875,-19004.630859375
