Time,Node 611.V3_rms,Node 632.V2_rms,Node 632.V1_rms,Node 632.V3_rms,Node 633.V1_rms,Node 633.V2_rms,Node 633.V3_rms,Node 645.V2_rms,Node 645.V3_rms,UpperBound,LowerBound
0.0,2336.060791015625,2460.8935546875,2460.8935546875,2460.8935546875,2460.5625,2460.52392578125,2460.48486328125,2447.47802734375,2457.568603515625,2522.0,2282.0
0.25,2337.415771484375,2460.8935546875,2462.223388671875,2460.8935546875,2460.56201171875,2460.525146484375,2460.485595703125,2447.49365234375,2457.59130859375,2522.0,2282.0
0.5,2336.15087890625,2460.8935546875,2460.8935546875,2462.223388671875,2460.56201171875,2460.525390625,2461.8154296875,2447.494873046875,2457.5927734375,2522.0,2282.0
0.75,2336.14892578125,2462.223388671875,2460.8935546875,2460.8935546875,2460.56201171875,2461.85498046875,2460.48583984375,2447.49609375,2457.59423828125,2522.0,2282.0
1.0,2336.148193359375,2460.8935546875,2460.8935546875,2460.8935546875,2460.561767578125,2460.525390625,2460.48583984375,2448.8193359375,2457.5947265625,2522.0,2282.0
1.25,2337.409912109375,2460.8935546875,2462.223388671875,2460.8935546875,2460.561767578125,2460.525390625,2460.48583984375,2447.49658203125,2457.5947265625,2522.0,2282.0
1.5,2337.41015625,2460.8935546875,2462.223388671875,2460.8935546875,2461.8916015625,2460.525390625,2460.48583984375,2447.496826171875,2457.5947265625,2522.0,2282.0
1.75,2336.14794921875,2460.8935546875,2460.8935546875,2460.8935546875,2460.561767578125,2460.525390625,2460.48583984375,2447.496826171875,2457.594970703125,2522.0,2282.0
2.0,2336.147705078125,2460.8935546875,2460.8935546875,2460.8935546875,2460.561767578125,2460.525390625,2460.48583984375,2447.496826171875,2458.923095703125,2522.0,2282.0
2.25,2336.147705078125,2460.8935546875,2460.8935546875,2460.8935546875,2460.561767578125,2460.525390625,2460.48583984375,2448.8193359375,2457.594970703125,2522.0,2282.0
2.5,2336.1474609375,2460.8935546875,2460.8935546875,2460.8935546875,2460.56201171875,2460.525390625,2460.48583984375,2447.49658203125,2457.594970703125,2522.0,2282.0
2.75,2336.147705078125,2460.8935546875,2460.8935546875,2460.8935546875,2460.561767578125,2460.525390625,2460.48583984375,2447.496826171875,2457.594970703125,2522.0,2282.0
3.0,2336.147705078125,2462.223388671875,2460.8935546875,2460.8935546875,2460.56201171875,2461.855224609375,2460.48583984375,2447.496826171875,2457.594970703125,2522.0,2282.0
3.25,2336.14794921875,2460.8935546875,2460.8935546875,2460.8935546875,2460.561767578125,2460.525390625,2460.48583984375,2447.496826171875,2457.594970703125,2522.0,2282.0
3.5,2337.41015625,2460.8935546875,2462.223388671875,2460.8935546875,2460.56201171875,2460.525390625,2460.48583984375,2447.496826171875,2457.594970703125,2522.0,2282.0
3.75,2336.1474609375,2460.8935546875,2460.8935546875,2460.8935546875,2460.561767578125,2460.525390625,2460.48583984375,2447.496826171875,2457.594970703125,2522.0,2282.0
4.0,2336.147705078125,2460.8935546875,2460.8935546875,2460.8935546875,2460.561767578125,2460.525390625,2460.48583984375,2447.496826171875,2458.923095703125,2522.0,2282.0
4.25,2336.147705078125,2460.8935546875,2460.8935546875,2460.8935546875,2460.561767578125,2460.525390625,2460.48583984375,2447.496826171875,2458.923095703125,2522.0,2282.0
4.5,2336.147705078125,2460.8935546875,2460.8935546875,2460.8935546875,2460.561767578125,2460.525390625,2460.48583984375,2448.8193359375,2457.594970703125,2522.0,2282.0
4.75,2336.14794921875,2460.8935546875,2460.8935546875,2460.8935546875,2460.561767578125,2460.525390625,2460.48583984375,2447.49658203125,2457.594970703125,2522.0,2282.0
5.0,2336.147216796875,2462.223388671875,2460.8935546875,2460.8935546875,2460.561767578125,2460.525390625,2460.48583984375,2447.496826171875,2457.594970703125,2522.0,2282.0
5.25,2336.147705078125,2460.8935546875,2460.8935546875,2460.8935546875,2460.561767578125,2460.525390625,2460.48583984375,2447.496826171875,2457.594970703125,2522.0,2282.0
5.5,2336.147705078125,2460.8935546875,2460.8935546875,2460.8935546875,2460.561767578125,2460.525390625,2460.48583984375,2447.49658203125,2457.594970703125,2522.0,2282.0
5.75,2336.14794921875,2460.8935546875,2460.8935546875,2460.8935546875,2461.8916015625,2460.525390625,2460.48583984375,2447.49658203125,2457.594970703125,2522.0,2282.0
6.0,2336.1474609375,2460.8935546875,2460.8935546875,2460.8935546875,2460.561767578125,2460.525390625,2460.48583984375,2447.49658203125,2457.594970703125,2522.0,2282.0
6.25,2336.147705078125,2460.8935546875,2460.8935546875,2460.8935546875,2460.561767578125,2460.525390625,2460.48583984375,2447.496826171875,2458.923095703125,2522.0,2282.0
6.5,2336.147705078125,2460.8935546875,2460.8935546875,2460.8935546875,2460.561767578125,2460.525390625,2460.48583984375,2447.49658203125,2458.923095703125,2522.0,2282.0
6.75,2336.1474609375,2460.8935546875,2460.8935546875,2460.8935546875,2460.561767578125,2460.525390625,2460.48583984375,2448.8193359375,2457.594970703125,2522.0,2282.0
7.0,2336.14794921875,2460.8935546875,2460.8935546875,2462.223388671875,2460.561767578125,2460.525390625,2461.8154296875,2447.496826171875,2457.594970703125,2522.0,2282.0
7.25,2336.147705078125,2462.223388671875,2460.8935546875,2460.8935546875,2460.561767578125,2460.525390625,2460.48583984375,2447.496826171875,2457.594970703125,2522.0,2282.0
7.5,2337.41015625,2460.8935546875,2460.8935546875,2460.8935546875,2460.561767578125,2460.525390625,2460.48583984375,2447.49658203125,2457.594970703125,2522.0,2282.0
7.75,2336.1474609375,2462.223388671875,2460.8935546875,2460.8935546875,2460.561767578125,2461.85498046875,2460.48583984375,2447.49658203125,2457.594970703125,2522.0,2282.0
8.0,2336.147705078125,2460.8935546875,2460.8935546875,2460.8935546875,2460.561767578125,2460.525390625,2460.48583984375,2448.8193359375,2457.594970703125,2522.0,2282.0
8.25,2336.1474609375,2460.8935546875,2460.8935546875,2460.8935546875,2460.561767578125,2460.525390625,2460.48583984375,2447.49658203125,2457.594970703125,2522.0,2282.0
8.5,2336.147705078125,2462.223388671875,2460.8935546875,2460.8935546875,2460.561767578125,2460.525390625,2460.48583984375,2447.496826171875,2457.594970703125,2522.0,2282.0
8.75,2336.147705078125,2460.8935546875,2460.8935546875,2460.8935546875,2460.561767578125,2460.525390625,2460.48583984375,2447.49658203125,2457.594970703125,2522.0,2282.0
9.0,2336.147705078125,2460.8935546875,2460.8935546875,2460.8935546875,2460.561767578125,2460.525390625,2460.48583984375,2447.496826171875,2457.594970703125,2522.0,2282.0
9.25,2337.40966796875,2460.8935546875,2462.223388671875,2460.8935546875,2460.56201171875,2460.525390625,2460.48583984375,2447.496826171875,2457.594970703125,2522.0,2282.0
9.5,2336.147705078125,2460.8935546875,2460.8935546875,2460.8935546875,2460.561767578125,2460.525390625,2460.48583984375,2447.496826171875,2457.594970703125,2522.0,2282.0
9.75,2453.611328125,2460.8935546875,2460.8935546875,2460.8935546875,2460.91064453125,2460.875,2460.829345703125,2460.8935546875,2460.8935546875,2522.0,2282.0
10.0,2453.611328125,2460.8935546875,2460.8935546875,2460.8935546875,2460.91064453125,2460.874755859375,2460.829345703125,2460.8935546875,2460.8935546875,2522.0,2282.0
10.25,2453.611328125,2460.8935546875,2460.8935546875,2460.8935546875,2460.91064453125,2460.874755859375,2460.829345703125,2460.8935546875,2460.8935546875,2522.0,2282.0
10.5,2453.611328125,2460.8935546875,2460.8935546875,2462.223388671875,2460.91064453125,2460.874755859375,2462.1591796875,2460.8935546875,2462.223388671875,2522.0,2282.0
10.75,2453.611328125,2462.223388671875,2460.8935546875,2460.8935546875,2460.91064453125,2460.874755859375,2460.829345703125,2462.223388671875,2460.8935546875,2522.0,2282.0
11.0,2453.611328125,2460.8935546875,2460.8935546875,2460.8935546875,2460.91064453125,2460.874755859375,2460.829345703125,2460.8935546875,2460.8935546875,2522.0,2282.0
11.25,2453.611328125,2460.8935546875,2460.8935546875,2460.8935546875,2460.91064453125,2460.874755859375,2460.829345703125,2460.8935546875,2460.8935546875,2522.0,2282.0
11.5,2454.937255859375,2460.8935546875,2462.223388671875,2460.8935546875,2460.91064453125,2460.874755859375,2460.829345703125,2460.8935546875,2460.8935546875,2522.0,2282.0
11.75,2453.611328125,2460.8935546875,2460.8935546875,2460.8935546875,2460.91064453125,2460.874755859375,2460.829345703125,2460.8935546875,2460.8935546875,2522.0,2282.0
12.0,2453.611328125,2460.8935546875,2460.8935546875,2460.8935546875,2460.91064453125,2460.874755859375,2460.829345703125,2460.8935546875,2460.8935546875,2522.0,2282.0
12.25,2453.611328125,2460.8935546875,2460.8935546875,2460.8935546875,2460.91064453125,2460.874755859375,2460.829345703125,2460.8935546875,2460.8935546875,2522.0,2282.0
12.5,2453.611328125,2460.8935546875,2460.8935546875,2460.8935546875,2460.91064453125,2460.874755859375,2460.829345703125,2460.8935546875,2460.8935546875,2522.0,2282.0
12.75,2453.611328125,2460.8935546875,2460.8935546875,2460.8935546875,2460.91064453125,2460.874755859375,2460.829345703125,2460.8935546875,2460.8935546875,2522.0,2282.0
13.0,2453.611328125,2462.223388671875,2460.8935546875,2460.8935546875,2460.91064453125,2460.874755859375,2460.829345703125,2462.223388671875,2460.8935546875,2522.0,2282.0
13.25,2453.611328125,2460.8935546875,2460.8935546875,2460.8935546875,2460.91064453125,2460.874755859375,2460.829345703125,2460.8935546875,2460.8935546875,2522.0,2282.0
13.5,2453.611328125,2460.8935546875,2460.8935546875,2460.8935546875,2460.91064453125,2460.874755859375,2460.829345703125,2460.8935546875,2460.8935546875,2522.0,2282.0
13.75,2421.1240234375,2460.8935546875,2462.223388671875,2460.8935546875,2459.604248046875,2460.33837890625,2460.20703125,2456.774658203125,2459.89306640625,2522.0,2282.0
14.0,2421.127197265625,2460.8935546875,2460.8935546875,2460.8935546875,2459.604248046875,2460.33837890625,2460.20703125,2456.77490234375,2459.8935546875,2522.0,2282.0
14.25,2421.123046875,2460.8935546875,2460.8935546875,2460.8935546875,2459.604248046875,2460.33837890625,2460.20703125,2456.774658203125,2459.89306640625,2522.0,2282.0
14.5,2421.123291015625,2460.8935546875,2460.8935546875,2460.8935546875,2459.604248046875,2460.33837890625,2460.20703125,2456.77490234375,2459.89306640625,2522.0,2282.0
14.75,2421.123291015625,2460.8935546875,2460.8935546875,2460.8935546875,2459.604248046875,2460.33837890625,2460.20703125,2456.77490234375,2461.22265625,2522.0,2282.0
15.0,2421.123291015625,2460.8935546875,2460.8935546875,2462.223388671875,2459.604248046875,2460.33837890625,2461.536376953125,2456.77490234375,2461.222412109375,2522.0,2282.0
15.25,2421.1279296875,2462.223388671875,2460.8935546875,2460.8935546875,2459.604248046875,2460.33837890625,2460.20703125,2456.77490234375,2459.893310546875,2522.0,2282.0
15.5,2421.12353515625,2462.223388671875,2460.8935546875,2460.8935546875,2459.604248046875,2461.66796875,2460.20703125,2458.10400390625,2459.89306640625,2522.0,2282.0
15.75,2419.28857421875,2460.8935546875,2460.8935546875,2460.8935546875,2459.689208984375,2460.36376953125,2460.13623046875,2457.053955078125,2459.894775390625,2522.0,2282.0
16.0,2419.290771484375,2460.8935546875,2462.223388671875,2460.8935546875,2459.689453125,2460.36376953125,2460.13623046875,2457.053955078125,2459.894775390625,2522.0,2282.0
16.25,2419.291748046875,2460.8935546875,2460.8935546875,2460.8935546875,2459.689208984375,2460.36376953125,2460.13623046875,2457.05322265625,2459.894775390625,2522.0,2282.0
16.5,2419.291748046875,2460.8935546875,2460.8935546875,2460.8935546875,2459.689453125,2460.36376953125,2460.13623046875,2457.053955078125,2459.89501953125,2522.0,2282.0
16.75,2419.28857421875,2460.8935546875,2460.8935546875,2460.8935546875,2459.689453125,2460.36376953125,2460.13623046875,2457.053955078125,2459.894775390625,2522.0,2282.0
17.0,2419.28857421875,2460.8935546875,2460.8935546875,2460.8935546875,2459.689453125,2460.36376953125,2460.13623046875,2457.053955078125,2461.22412109375,2522.0,2282.0
17.25,2419.28857421875,2460.8935546875,2460.8935546875,2462.223388671875,2459.689453125,2460.36376953125,2461.4658203125,2457.0537109375,2461.22412109375,2522.0,2282.0
17.5,2420.602294921875,2462.223388671875,2460.8935546875,2460.8935546875,2459.689453125,2460.36376953125,2460.13623046875,2457.05517578125,2459.89453125,2522.0,2282.0
17.75,2418.988037109375,2460.8935546875,2460.8935546875,2460.8935546875,2459.68359375,2460.3896484375,2460.161865234375,2457.194091796875,2459.814208984375,2522.0,2282.0
18.0,2418.98779296875,2460.8935546875,2460.8935546875,2460.8935546875,2459.68359375,2460.3896484375,2460.161865234375,2457.194091796875,2459.814208984375,2522.0,2282.0
18.25,2418.989990234375,2460.8935546875,2462.223388671875,2460.8935546875,2459.68359375,2460.3896484375,2460.161865234375,2457.194091796875,2459.814208984375,2522.0,2282.0
18.5,2418.988037109375,2460.8935546875,2460.8935546875,2460.8935546875,2459.68359375,2460.3896484375,2460.161865234375,2457.193603515625,2459.814208984375,2522.0,2282.0
18.75,2418.987548828125,2460.8935546875,2460.8935546875,2460.8935546875,2459.68359375,2460.3896484375,2460.161865234375,2457.194091796875,2459.814208984375,2522.0,2282.0
19.0,2418.98779296875,2460.8935546875,2460.8935546875,2460.8935546875,2459.68359375,2460.3896484375,2460.161865234375,2457.194091796875,2459.814208984375,2522.0,2282.0
19.25,2418.988037109375,2460.8935546875,2460.8935546875,2460.8935546875,2459.68359375,2460.3896484375,2460.161865234375,2457.194091796875,2461.1435546875,2522.0,2282.0
19.5,2418.98779296875,2460.8935546875,2460.8935546875,2462.223388671875,2459.68359375,2460.3896484375,2461.4912109375,2457.194091796875,2461.1435546875,2522.0,2282.0
19.75,2419.589599609375,2462.223388671875,2460.8935546875,2460.8935546875,2459.69873046875,2460.309326171875,2460.113525390625,2457.247314453125,2459.647705078125,2522.0,2282.0
20.0,2419.583984375,2462.223388671875,2460.8935546875,2460.8935546875,2459.69873046875,2461.638671875,2460.11328125,2457.248291015625,2459.647705078125,2522.0,2282.0
20.25,2419.578857421875,2460.8935546875,2460.8935546875,2460.8935546875,2459.69873046875,2460.309326171875,2460.113525390625,2457.2470703125,2459.647705078125,2522.0,2282.0
20.5,2419.5810546875,2460.8935546875,2462.223388671875,2460.8935546875,2459.69873046875,2460.30908203125,2460.11328125,2457.2470703125,2459.647705078125,2522.0,2282.0
20.75,2419.581787109375,2460.8935546875,2460.8935546875,2460.8935546875,2459.69873046875,2460.309326171875,2460.113525390625,2457.246337890625,2459.647705078125,2522.0,2282.0
21.0,2419.581787109375,2460.8935546875,2460.8935546875,2460.8935546875,2459.69873046875,2460.30908203125,2460.113525390625,2457.247802734375,2459.64794921875,2522.0,2282.0
21.25,2419.5791015625,2460.8935546875,2460.8935546875,2460.8935546875,2459.69873046875,2460.309326171875,2460.113525390625,2457.2470703125,2459.647705078125,2522.0,2282.0
21.5,2419.578857421875,2460.8935546875,2460.8935546875,2460.8935546875,2459.69873046875,2460.30908203125,2460.113525390625,2457.2470703125,2460.976806640625,2522.0,2282.0
21.75,2418.41748046875,2460.8935546875,2460.8935546875,2462.223388671875,2459.750732421875,2460.424560546875,2461.3671875,2457.32666015625,2461.10986328125,2522.0,2282.0
22.0,2419.73095703125,2462.223388671875,2460.8935546875,2460.8935546875,2459.750732421875,2460.424560546875,2460.037841796875,2457.32666015625,2459.78076171875,2522.0,2282.0
22.25,2418.41796875,2460.8935546875,2460.8935546875,2460.8935546875,2459.750732421875,2460.424560546875,2460.037841796875,2458.654541015625,2459.78076171875,2522.0,2282.0
22.5,2418.417724609375,2460.8935546875,2460.8935546875,2460.8935546875,2459.750732421875,2460.424560546875,2460.037841796875,2457.32666015625,2459.78076171875,2522.0,2282.0
22.75,2418.417724609375,2460.8935546875,2462.223388671875,2460.8935546875,2459.750732421875,2460.424560546875,2460.037841796875,2457.32666015625,2459.78076171875,2522.0,2282.0
23.0,2418.417724609375,2460.8935546875,2460.8935546875,2460.8935546875,2459.750732421875,2460.424560546875,2460.037841796875,2457.325927734375,2459.78076171875,2522.0,2282.0
23.25,2418.41748046875,2460.8935546875,2460.8935546875,2460.8935546875,2459.750732421875,2460.424560546875,2460.037841796875,2457.32666015625,2459.78076171875,2522.0,2282.0
23.5,2418.417724609375,2460.8935546875,2460.8935546875,2460.8935546875,2459.750732421875,2460.424560546875,2460.037841796875,2457.32666015625,2459.78076171875,2522.0,2282.0
23.75,2418.221923828125,2460.8935546875,2460.8935546875,2460.8935546875,2459.75390625,2460.39599609375,2460.040771484375,2457.356201171875,2459.755126953125,2522.0,2282.0
24.0,2418.221923828125,2460.8935546875,2460.8935546875,2462.223388671875,2459.753662109375,2460.39599609375,2461.3701171875,2457.356201171875,2461.08447265625,2522.0,2282.0
24.25,2418.233154296875,2462.223388671875,2460.8935546875,2460.8935546875,2459.75390625,2460.39599609375,2460.040771484375,2457.3564453125,2459.755126953125,2522.0,2282.0
24.5,2418.22216796875,2460.8935546875,2460.8935546875,2460.8935546875,2459.753662109375,2460.39599609375,2460.040771484375,2458.68408203125,2459.755126953125,2522.0,2282.0
24.75,2418.221923828125,2460.8935546875,2460.8935546875,2460.8935546875,2459.75390625,2460.39599609375,2460.040771484375,2457.3564453125,2459.755126953125,2522.0,2282.0
25.0,2418.221923828125,2460.8935546875,2460.8935546875,2460.8935546875,2459.75390625,2460.39599609375,2460.040771484375,2457.356201171875,2459.755126953125,2522.0,2282.0
25.25,2418.224365234375,2460.8935546875,2460.8935546875,2460.8935546875,2459.75390625,2460.39599609375,2460.040771484375,2457.35693359375,2459.755126953125,2522.0,2282.0
25.5,2418.221923828125,2460.8935546875,2460.8935546875,2460.8935546875,2459.75390625,2460.39599609375,2460.040771484375,2457.356201171875,2459.755126953125,2522.0,2282.0
25.75,2418.251220703125,2460.8935546875,2460.8935546875,2460.8935546875,2459.750732421875,2460.4248046875,2460.037841796875,2457.283203125,2459.737548828125,2522.0,2282.0
26.0,2418.251220703125,2460.8935546875,2460.8935546875,2460.8935546875,2459.750732421875,2460.4248046875,2460.037841796875,2457.282958984375,2461.06689453125,2522.0,2282.0
26.25,2419.564453125,2460.8935546875,2460.8935546875,2460.8935546875,2459.750732421875,2460.4248046875,2460.037841796875,2457.283203125,2459.737548828125,2522.0,2282.0
26.5,2418.25634765625,2462.223388671875,2460.8935546875,2460.8935546875,2459.750732421875,2460.4248046875,2460.037841796875,2457.282958984375,2459.737548828125,2522.0,2282.0
26.75,2418.251220703125,2460.8935546875,2460.8935546875,2460.8935546875,2459.750732421875,2460.4248046875,2460.037841796875,2457.282958984375,2459.737548828125,2522.0,2282.0
27.0,2418.251220703125,2460.8935546875,2460.8935546875,2460.8935546875,2459.750732421875,2460.4248046875,2460.037841796875,2457.282958984375,2459.73779296875,2522.0,2282.0
27.25,2418.253662109375,2460.8935546875,2460.8935546875,2460.8935546875,2459.750732421875,2460.4248046875,2460.037841796875,2457.282958984375,2459.738037109375,2522.0,2282.0
27.5,2418.253662109375,2460.8935546875,2460.8935546875,2460.8935546875,2459.750732421875,2460.4248046875,2460.037841796875,2457.2822265625,2459.73779296875,2522.0,2282.0
27.75,2418.87548828125,2460.8935546875,2460.8935546875,2460.8935546875,2459.72509765625,2460.4306640625,2460.01220703125,2457.18798828125,2459.69873046875,2522.0,2282.0
28.0,2418.87548828125,2460.8935546875,2460.8935546875,2460.8935546875,2459.724853515625,2460.4306640625,2460.01220703125,2457.18798828125,2459.69873046875,2522.0,2282.0
28.25,2418.87548828125,2460.8935546875,2460.8935546875,2460.8935546875,2459.72509765625,2460.4306640625,2460.01220703125,2457.18798828125,2461.02783203125,2522.0,2282.0
28.5,2418.87548828125,2460.8935546875,2460.8935546875,2460.8935546875,2459.724853515625,2460.4306640625,2460.01220703125,2457.18798828125,2459.69873046875,2522.0,2282.0
28.75,2418.880615234375,2460.8935546875,2460.8935546875,2460.8935546875,2459.724853515625,2461.76025390625,2460.01220703125,2458.51708984375,2459.69873046875,2522.0,2282.0
29.0,2418.87548828125,2460.8935546875,2460.8935546875,2460.8935546875,2459.724853515625,2460.4306640625,2460.01220703125,2457.18798828125,2459.69873046875,2522.0,2282.0
29.25,2418.87548828125,2460.8935546875,2460.8935546875,2460.8935546875,2459.724853515625,2460.4306640625,2460.01220703125,2457.18798828125,2459.69873046875,2522.0,2282.0
29.5,2418.87548828125,2460.8935546875,2462.223388671875,2460.8935546875,2461.05419921875,2460.4306640625,2460.01220703125,2457.18798828125,2459.69873046875,2522.0,2282.0
29.75,2418.654052734375,2460.8935546875,2460.8935546875,2460.8935546875,2459.7568359375,2460.3994140625,2460.011962890625,2457.261962890625,2459.716552734375,2522.0,2282.0
30.0,2418.652099609375,2460.8935546875,2460.8935546875,2460.8935546875,2459.7568359375,2460.3994140625,2460.011962890625,2457.26123046875,2459.716064453125,2522.0,2282.0
30.25,2418.65185546875,2460.8935546875,2460.8935546875,2460.8935546875,2459.7568359375,2460.3994140625,2460.011962890625,2457.26123046875,2459.716064453125,2522.0,2282.0
30.5,2418.65185546875,2460.8935546875,2460.8935546875,2460.8935546875,2459.7568359375,2460.3994140625,2460.011962890625,2457.26123046875,2461.04541015625,2522.0,2282.0
30.75,2419.96533203125,2460.8935546875,2460.8935546875,2460.8935546875,2459.7568359375,2460.3994140625,2460.011962890625,2457.26123046875,2459.716064453125,2522.0,2282.0
31.0,2419.96533203125,2462.223388671875,2460.8935546875,2460.8935546875,2459.7568359375,2460.3994140625,2460.011962890625,2457.26123046875,2459.716064453125,2522.0,2282.0
31.25,2418.652099609375,2460.8935546875,2460.8935546875,2460.8935546875,2459.7568359375,2460.3994140625,2460.011962890625,2457.26123046875,2459.716064453125,2522.0,2282.0
31.5,2418.65185546875,2460.8935546875,2460.8935546875,2460.8935546875,2459.7568359375,2460.3994140625,2460.011962890625,2457.26123046875,2459.716064453125,2522.0,2282.0
31.75,2419.340576171875,2460.8935546875,2460.8935546875,2460.8935546875,2459.701904296875,2460.34423828125,2460.052734375,2457.209716796875,2459.720458984375,2522.0,2282.0
32.0,2419.337890625,2460.8935546875,2460.8935546875,2460.8935546875,2459.701904296875,2460.34423828125,2460.052734375,2457.21044921875,2459.720458984375,2522.0,2282.0
32.25,2419.33837890625,2460.8935546875,2460.8935546875,2460.8935546875,2459.701904296875,2460.34423828125,2460.052734375,2457.209716796875,2459.72021484375,2522.0,2282.0
32.5,2419.33837890625,2460.8935546875,2460.8935546875,2460.8935546875,2459.701904296875,2460.34423828125,2460.052734375,2457.209716796875,2459.72021484375,2522.0,2282.0
32.75,2420.645751953125,2460.8935546875,2460.8935546875,2460.8935546875,2459.701904296875,2460.34423828125,2460.052734375,2457.209716796875,2459.72021484375,2522.0,2282.0
33.0,2420.65185546875,2460.8935546875,2460.8935546875,2460.8935546875,2459.701904296875,2460.34423828125,2460.052734375,2457.209716796875,2459.719970703125,2522.0,2282.0
33.25,2419.33837890625,2460.8935546875,2460.8935546875,2460.8935546875,2459.701904296875,2460.34423828125,2460.052734375,2457.209716796875,2459.72021484375,2522.0,2282.0
33.5,2419.338134765625,2460.8935546875,2460.8935546875,2460.8935546875,2459.701904296875,2460.34423828125,2460.052734375,2457.2099609375,2459.72021484375,2522.0,2282.0
33.75,2420.96142578125,2460.8935546875,2460.8935546875,2460.8935546875,2459.611572265625,2460.349853515625,2460.0908203125,2457.092041015625,2459.65966796875,2522.0,2282.0
34.0,2420.962646484375,2460.8935546875,2460.8935546875,2460.8935546875,2459.611572265625,2460.349853515625,2460.0908203125,2457.0927734375,2459.659912109375,2522.0,2282.0
34.25,2420.9599609375,2460.8935546875,2460.8935546875,2460.8935546875,2459.611572265625,2460.349853515625,2460.0908203125,2457.0927734375,2459.65966796875,2522.0,2282.0
34.5,2420.959716796875,2460.8935546875,2460.8935546875,2460.8935546875,2459.611572265625,2460.349853515625,2460.0908203125,2457.093017578125,2459.65966796875,2522.0,2282.0
34.75,2420.9599609375,2460.8935546875,2460.8935546875,2460.8935546875,2459.611572265625,2460.349853515625,2460.0908203125,2457.0927734375,2459.65966796875,2522.0,2282.0
35.0,2420.9599609375,2460.8935546875,2460.8935546875,2462.223388671875,2459.611572265625,2460.349853515625,2461.420166015625,2457.093017578125,2459.65966796875,2522.0,2282.0
35.25,2420.964599609375,2462.223388671875,2460.8935546875,2460.8935546875,2459.611572265625,2461.679443359375,2460.0908203125,2457.09423828125,2459.65966796875,2522.0,2282.0
35.5,2420.9599609375,2460.8935546875,2460.8935546875,2460.8935546875,2459.611572265625,2460.349853515625,2460.0908203125,2457.093017578125,2459.65966796875,2522.0,2282.0
35.75,2420.420166015625,2460.8935546875,2460.8935546875,2460.8935546875,2459.67236328125,2460.219482421875,2460.1826171875,2457.078857421875,2459.591064453125,2522.0,2282.0
36.0,2420.41943359375,2460.8935546875,2460.8935546875,2460.8935546875,2459.67236328125,2460.219482421875,2460.1826171875,2457.07958984375,2459.591064453125,2522.0,2282.0
36.25,2420.417724609375,2460.8935546875,2460.8935546875,2460.8935546875,2459.67236328125,2460.219482421875,2460.1826171875,2457.078857421875,2459.591064453125,2522.0,2282.0
36.5,2420.417724609375,2460.8935546875,2460.8935546875,2460.8935546875,2459.67236328125,2460.219482421875,2460.1826171875,2457.078857421875,2459.591064453125,2522.0,2282.0
36.75,2420.417724609375,2460.8935546875,2460.8935546875,2460.8935546875,2459.67236328125,2460.219482421875,2460.1826171875,2457.078857421875,2459.591064453125,2522.0,2282.0
37.0,2420.417724609375,2460.8935546875,2460.8935546875,2462.223388671875,2459.67236328125,2460.219482421875,2461.511962890625,2457.078857421875,2460.920166015625,2522.0,2282.0
37.25,2420.42822265625,2462.223388671875,2460.8935546875,2460.8935546875,2459.67236328125,2460.219482421875,2460.1826171875,2457.078857421875,2459.591064453125,2522.0,2282.0
37.5,2420.41748046875,2460.8935546875,2460.8935546875,2460.8935546875,2459.67236328125,2460.219482421875,2460.1826171875,2458.40673828125,2459.591064453125,2522.0,2282.0
37.75,2419.372802734375,2460.8935546875,2460.8935546875,2460.8935546875,2459.733642578125,2460.216552734375,2460.14794921875,2457.174072265625,2459.630126953125,2522.0,2282.0
38.0,2419.374755859375,2460.8935546875,2460.8935546875,2460.8935546875,2459.733642578125,2460.216552734375,2460.14794921875,2457.173828125,2459.630126953125,2522.0,2282.0
38.25,2419.37548828125,2460.8935546875,2460.8935546875,2460.8935546875,2459.733642578125,2460.216552734375,2460.14794921875,2457.173828125,2459.630615234375,2522.0,2282.0
38.5,2419.37451171875,2460.8935546875,2460.8935546875,2460.8935546875,2459.733642578125,2460.216552734375,2460.14794921875,2457.174560546875,2459.63037109375,2522.0,2282.0
38.75,2419.37255859375,2460.8935546875,2460.8935546875,2460.8935546875,2459.733642578125,2460.216552734375,2460.14794921875,2457.173828125,2459.630126953125,2522.0,2282.0
39.0,2419.37255859375,2460.8935546875,2460.8935546875,2460.8935546875,2459.733642578125,2460.216552734375,2460.14794921875,2457.173828125,2459.630126953125,2522.0,2282.0
39.25,2419.37255859375,2460.8935546875,2460.8935546875,2460.8935546875,2459.733642578125,2460.216552734375,2460.14794921875,2457.173828125,2459.630126953125,2522.0,2282.0
39.5,2419.37255859375,2460.8935546875,2460.8935546875,2460.8935546875,2459.733642578125,2460.216552734375,2460.14794921875,2457.173828125,2459.630126953125,2522.0,2282.0
39.75,2418.660400390625,2460.8935546875,2460.8935546875,2460.8935546875,2459.666748046875,2460.27685546875,2460.1767578125,2458.69970703125,2459.6611328125,2522.0,2282.0
40.0,2418.6552734375,2460.8935546875,2460.8935546875,2460.8935546875,2459.666748046875,2460.27685546875,2460.1767578125,2457.371826171875,2459.6611328125,2522.0,2282.0
40.25,2418.6572265625,2460.8935546875,2462.223388671875,2460.8935546875,2460.995849609375,2460.27685546875,2460.1767578125,2457.371826171875,2459.6611328125,2522.0,2282.0
40.5,2418.657958984375,2460.8935546875,2460.8935546875,2460.8935546875,2459.666748046875,2460.27685546875,2460.1767578125,2457.37109375,2459.6611328125,2522.0,2282.0
40.75,2418.655029296875,2460.8935546875,2460.8935546875,2460.8935546875,2459.666748046875,2460.27685546875,2460.1767578125,2457.371826171875,2459.6611328125,2522.0,2282.0
41.0,2418.655029296875,2460.8935546875,2460.8935546875,2460.8935546875,2459.666748046875,2460.27685546875,2460.1767578125,2457.371826171875,2459.6611328125,2522.0,2282.0
41.25,2418.655029296875,2460.8935546875,2460.8935546875,2460.8935546875,2459.666748046875,2460.27685546875,2460.1767578125,2457.371826171875,2460.990234375,2522.0,2282.0
41.5,2418.658203125,2460.8935546875,2460.8935546875,2460.8935546875,2460.02587890625,2460.51025390625,2460.177001953125,2458.69873046875,2459.661865234375,2522.0,2282.0
41.75,2441.725830078125,2460.8935546875,2460.8935546875,2460.8935546875,2460.511962890625,2461.999755859375,2460.56396484375,2460.995849609375,2460.502685546875,2522.0,2282.0
42.0,2441.725830078125,2460.8935546875,2460.8935546875,2460.8935546875,2460.51171875,2460.669921875,2460.56396484375,2459.666748046875,2460.502685546875,2522.0,2282.0
42.25,2441.725830078125,2460.8935546875,2460.8935546875,2460.8935546875,2460.511962890625,2460.669921875,2460.56396484375,2459.666748046875,2460.502685546875,2522.0,2282.0
42.5,2441.725830078125,2460.8935546875,2462.223388671875,2460.8935546875,2461.841552734375,2460.669921875,2460.56396484375,2459.666748046875,2460.5029296875,2522.0,2282.0
42.75,2441.725830078125,2460.8935546875,2460.8935546875,2460.8935546875,2460.511962890625,2460.670166015625,2460.56396484375,2459.6669921875,2460.5029296875,2522.0,2282.0
43.0,2443.04541015625,2460.8935546875,2460.8935546875,2460.8935546875,2460.511962890625,2460.669921875,2460.56396484375,2459.666748046875,2460.502685546875,2522.0,2282.0
43.25,2441.72607421875,2460.8935546875,2460.8935546875,2460.8935546875,2460.511962890625,2460.670166015625,2460.56396484375,2459.666748046875,2460.502685546875,2522.0,2282.0
43.5,2441.726806640625,2460.8935546875,2460.8935546875,2460.8935546875,2460.4892578125,2460.669921875,2460.56396484375,2459.666748046875,2460.502685546875,2522.0,2282.0
43.75,2441.604248046875,2460.8935546875,2460.8935546875,2460.8935546875,2460.457763671875,2460.67919921875,2460.541748046875,2459.572021484375,2460.4638671875,2522.0,2282.0
44.0,2441.6044921875,2462.223388671875,2460.8935546875,2460.8935546875,2460.457763671875,2460.67919921875,2460.541748046875,2459.57177734375,2460.4638671875,2522.0,2282.0
44.25,2441.604248046875,2460.8935546875,2460.8935546875,2460.8935546875,2460.457763671875,2460.67919921875,2460.541748046875,2459.57177734375,2460.4638671875,2522.0,2282.0
44.5,2441.604248046875,2460.8935546875,2460.8935546875,2460.8935546875,2460.457763671875,2460.67919921875,2460.541748046875,2459.57177734375,2460.4638671875,2522.0,2282.0
44.75,2441.6044921875,2460.8935546875,2462.223388671875,2460.8935546875,2461.787353515625,2460.67919921875,2460.541748046875,2459.57177734375,2460.4638671875,2522.0,2282.0
45.0,2441.604248046875,2460.8935546875,2460.8935546875,2460.8935546875,2460.457763671875,2460.67919921875,2460.541748046875,2459.572021484375,2460.4638671875,2522.0,2282.0
45.25,2441.608154296875,2460.8935546875,2460.8935546875,2460.8935546875,2460.457763671875,2460.67919921875,2460.541748046875,2459.57177734375,2460.4638671875,2522.0,2282.0
45.5,2441.38427734375,2460.8935546875,2460.8935546875,2460.8935546875,2460.45751953125,2460.67919921875,2460.541748046875,2459.54150390625,2460.468017578125,2522.0,2282.0
45.75,2441.37890625,2460.8935546875,2460.8935546875,2460.8935546875,2460.45751953125,2460.67919921875,2460.541748046875,2459.5205078125,2460.4677734375,2522.0,2282.0
46.0,2441.3779296875,2462.223388671875,2460.8935546875,2460.8935546875,2460.45751953125,2462.009033203125,2460.541748046875,2460.85009765625,2460.4677734375,2522.0,2282.0
46.25,2441.3779296875,2460.8935546875,2460.8935546875,2460.8935546875,2460.457763671875,2460.67919921875,2460.541748046875,2459.5205078125,2460.4677734375,2522.0,2282.0
46.5,2441.377685546875,2460.8935546875,2460.8935546875,2460.8935546875,2460.45751953125,2460.67919921875,2460.541748046875,2459.5205078125,2460.468017578125,2522.0,2282.0
46.75,2441.3779296875,2460.8935546875,2460.8935546875,2460.8935546875,2460.457763671875,2460.67919921875,2460.541748046875,2459.5205078125,2460.4677734375,2522.0,2282.0
47.0,2441.3779296875,2460.8935546875,2462.223388671875,2460.8935546875,2461.787109375,2460.67919921875,2460.541748046875,2459.5205078125,2460.468017578125,2522.0,2282.0
47.25,2441.3779296875,2460.8935546875,2460.8935546875,2460.8935546875,2460.45751953125,2460.67919921875,2460.541748046875,2459.5205078125,2460.468017578125,2522.0,2282.0
47.5,2443.8505859375,2460.8935546875,2460.8935546875,2460.8935546875,2460.3095703125,2460.595458984375,2460.6806640625,2459.3603515625,2460.364501953125,2522.0,2282.0
47.75,2444.01416015625,2460.8935546875,2460.8935546875,2460.8935546875,2460.3095703125,2460.595458984375,2460.680419921875,2459.360107421875,2460.364501953125,2522.0,2282.0
48.0,2444.013916015625,2460.8935546875,2460.8935546875,2462.223388671875,2460.3095703125,2460.595458984375,2462.01025390625,2459.3603515625,2461.694091796875,2522.0,2282.0
48.25,2444.013427734375,2462.223388671875,2460.8935546875,2460.8935546875,2460.3095703125,2461.92529296875,2460.680419921875,2460.689697265625,2460.364501953125,2522.0,2282.0
48.5,2444.013427734375,2460.8935546875,2460.8935546875,2460.8935546875,2460.3095703125,2461.92529296875,2460.6806640625,2460.689208984375,2460.364501953125,2522.0,2282.0
48.75,2444.01318359375,2460.8935546875,2460.8935546875,2460.8935546875,2460.3095703125,2460.595458984375,2460.680419921875,2459.3603515625,2460.364501953125,2522.0,2282.0
49.0,2444.013427734375,2460.8935546875,2462.223388671875,2460.8935546875,2461.63916015625,2460.595458984375,2460.680419921875,2459.3603515625,2460.364501953125,2522.0,2282.0
49.25,2444.013427734375,2460.8935546875,2460.8935546875,2460.8935546875,2460.3095703125,2460.595458984375,2460.680419921875,2459.360595703125,2460.36474609375,2522.0,2282.0
49.5,2443.028076171875,2460.8935546875,2460.8935546875,2460.8935546875,2460.393310546875,2460.647216796875,2460.636962890625,2459.616943359375,2460.344482421875,2522.0,2282.0
49.75,2443.029296875,2460.8935546875,2460.8935546875,2460.8935546875,2460.393310546875,2460.64697265625,2460.636962890625,2459.616943359375,2460.344482421875,2522.0,2282.0
50.0,2441.708251953125,2460.8935546875,2460.8935546875,2460.8935546875,2460.393310546875,2460.647216796875,2460.636962890625,2459.616943359375,2460.344482421875,2522.0,2282.0
50.25,2441.707763671875,2460.8935546875,2460.8935546875,2460.8935546875,2460.393310546875,2460.64697265625,2460.636962890625,2459.616943359375,2460.344482421875,2522.0,2282.0
50.5,2441.707763671875,2460.8935546875,2460.8935546875,2460.8935546875,2460.393310546875,2460.647216796875,2460.636962890625,2459.616943359375,2460.344482421875,2522.0,2282.0
50.75,2441.70751953125,2460.8935546875,2460.8935546875,2460.8935546875,2460.393310546875,2460.64697265625,2460.636962890625,2459.616943359375,2460.344482421875,2522.0,2282.0
51.0,2441.70751953125,2460.8935546875,2460.8935546875,2460.8935546875,2460.393310546875,2460.647216796875,2460.636962890625,2459.616943359375,2460.344482421875,2522.0,2282.0
51.25,2441.707763671875,2460.8935546875,2460.8935546875,2460.8935546875,2460.393310546875,2460.647216796875,2460.636962890625,2459.616943359375,2460.344482421875,2522.0,2282.0
51.5,2441.345703125,2460.8935546875,2460.8935546875,2460.8935546875,2460.300537109375,2460.713623046875,2460.64013671875,2459.800537109375,2460.30712890625,2522.0,2282.0
51.75,2442.664794921875,2460.8935546875,2460.8935546875,2460.8935546875,2460.30029296875,2460.713623046875,2460.640380859375,2459.800537109375,2460.306884765625,2522.0,2282.0
52.0,2441.34765625,2460.8935546875,2460.8935546875,2460.8935546875,2460.300537109375,2460.713623046875,2460.640380859375,2459.800537109375,2460.306884765625,2522.0,2282.0
52.25,2441.346923828125,2460.8935546875,2460.8935546875,2462.223388671875,2460.300537109375,2460.713623046875,2461.969970703125,2459.800537109375,2461.636474609375,2522.0,2282.0
52.5,2441.345703125,2460.8935546875,2460.8935546875,2460.8935546875,2460.300537109375,2460.713623046875,2460.640380859375,2459.800537109375,2460.306884765625,2522.0,2282.0
52.75,2441.345458984375,2460.8935546875,2460.8935546875,2460.8935546875,2460.300537109375,2460.713623046875,2460.640380859375,2459.800537109375,2460.30712890625,2522.0,2282.0
53.0,2441.34521484375,2460.8935546875,2460.8935546875,2460.8935546875,2460.300537109375,2460.713623046875,2460.640380859375,2459.80078125,2460.306884765625,2522.0,2282.0
53.25,2441.345458984375,2460.8935546875,2460.8935546875,2460.8935546875,2460.300537109375,2460.713623046875,2460.640380859375,2459.800537109375,2460.306884765625,2522.0,2282.0
53.5,2440.869140625,2460.8935546875,2460.8935546875,2460.8935546875,2460.474609375,2460.6005859375,2460.716552734375,2459.85205078125,2460.302978515625,2522.0,2282.0
53.75,2440.868896484375,2460.8935546875,2460.8935546875,2460.8935546875,2460.474365234375,2460.6005859375,2460.716552734375,2459.852294921875,2460.30322265625,2522.0,2282.0
54.0,2442.187744140625,2460.8935546875,2460.8935546875,2460.8935546875,2460.474609375,2460.6005859375,2460.716552734375,2459.85205078125,2460.302978515625,2522.0,2282.0
54.25,2440.869140625,2460.8935546875,2460.8935546875,2460.8935546875,2460.474365234375,2460.6005859375,2460.716552734375,2459.85205078125,2460.302978515625,2522.0,2282.0
54.5,2440.869384765625,2460.8935546875,2460.8935546875,2462.223388671875,2460.474609375,2460.6005859375,2460.716552734375,2459.85205078125,2461.632568359375,2522.0,2282.0
54.75,2440.869384765625,2462.223388671875,2460.8935546875,2460.8935546875,2460.474365234375,2460.6005859375,2460.716552734375,2459.85205078125,2460.302978515625,2522.0,2282.0
55.0,2440.868896484375,2460.8935546875,2460.8935546875,2460.8935546875,2460.474609375,2460.6005859375,2460.716552734375,2459.85205078125,2460.302978515625,2522.0,2282.0
55.25,2440.86865234375,2460.8935546875,2460.8935546875,2460.8935546875,2460.474365234375,2460.6005859375,2460.716552734375,2459.85205078125,2460.302978515625,2522.0,2282.0
55.5,2440.7236328125,2460.8935546875,2460.8935546875,2460.8935546875,2460.579833984375,2460.51416015625,2460.63037109375,2460.116455078125,2460.236083984375,2522.0,2282.0
55.75,2440.723876953125,2460.8935546875,2460.8935546875,2460.8935546875,2460.579833984375,2460.514404296875,2460.63037109375,2460.116455078125,2460.236328125,2522.0,2282.0
56.0,2440.7236328125,2460.8935546875,2460.8935546875,2460.8935546875,2460.579833984375,2460.514404296875,2460.63037109375,2460.116455078125,2460.236328125,2522.0,2282.0
56.25,2440.728515625,2460.8935546875,2460.8935546875,2460.8935546875,2460.579833984375,2460.514404296875,2460.63037109375,2460.116455078125,2460.236083984375,2522.0,2282.0
56.5,2440.7255859375,2460.8935546875,2460.8935546875,2460.8935546875,2460.57958984375,2460.51416015625,2460.63037109375,2460.116455078125,2460.236083984375,2522.0,2282.0
56.75,2440.725341796875,2460.8935546875,2460.8935546875,2462.223388671875,2460.579833984375,2460.514404296875,2460.63037109375,2460.116455078125,2461.565673828125,2522.0,2282.0
57.0,2440.724365234375,2462.223388671875,2460.8935546875,2460.8935546875,2460.57958984375,2460.51416015625,2460.63037109375,2460.116455078125,2460.236083984375,2522.0,2282.0
57.25,2440.7236328125,2462.223388671875,2460.8935546875,2460.8935546875,2460.57958984375,2461.843994140625,2460.63037109375,2461.44580078125,2460.236083984375,2522.0,2282.0
57.5,2441.033447265625,2460.8935546875,2460.8935546875,2460.8935546875,2460.55078125,2460.51708984375,2460.63330078125,2459.881591796875,2460.277587890625,2522.0,2282.0
57.75,2441.034423828125,2460.8935546875,2460.8935546875,2460.8935546875,2460.55078125,2460.51708984375,2460.63330078125,2459.881591796875,2460.277587890625,2522.0,2282.0
58.0,2441.034423828125,2460.8935546875,2460.8935546875,2460.8935546875,2460.55078125,2460.51708984375,2460.63330078125,2459.881591796875,2460.277587890625,2522.0,2282.0
58.25,2441.034423828125,2460.8935546875,2460.8935546875,2460.8935546875,2460.55078125,2460.51708984375,2460.63330078125,2459.881591796875,2460.27783203125,2522.0,2282.0
58.5,2442.353515625,2460.8935546875,2460.8935546875,2460.8935546875,2460.55078125,2460.51708984375,2460.63330078125,2459.881591796875,2460.277587890625,2522.0,2282.0
58.75,2441.035888671875,2460.8935546875,2460.8935546875,2460.8935546875,2460.55078125,2460.51708984375,2460.63330078125,2459.881591796875,2460.277587890625,2522.0,2282.0
59.0,2441.035888671875,2460.8935546875,2460.8935546875,2462.223388671875,2460.55078125,2460.51708984375,2460.63330078125,2459.881591796875,2461.60693359375,2522.0,2282.0
59.25,2441.03515625,2460.8935546875,2460.8935546875,2460.8935546875,2460.55078125,2460.51708984375,2460.63330078125,2459.8818359375,2460.277587890625,2522.0,2282.0
59.5,2440.0859375,2460.8935546875,2460.8935546875,2460.8935546875,2460.576904296875,2460.54296875,2460.627197265625,2459.94677734375,2460.342041015625,2522.0,2282.0
59.75,2440.08544921875,2460.8935546875,2460.8935546875,2460.8935546875,2460.576904296875,2460.54296875,2460.627197265625,2459.94677734375,2460.342041015625,2522.0,2282.0
60.0,2440.08544921875,2460.8935546875,2460.8935546875,2460.8935546875,2460.576904296875,2460.54296875,2460.627197265625,2459.94677734375,2460.342041015625,2522.0,2282.0
60.25,2440.08544921875,2460.8935546875,2460.8935546875,2460.8935546875,2460.576904296875,2460.54296875,2460.627197265625,2459.947265625,2460.342041015625,2522.0,2282.0
60.5,2440.085693359375,2460.8935546875,2460.8935546875,2460.8935546875,2460.576904296875,2460.54296875,2460.627197265625,2459.94677734375,2460.342041015625,2522.0,2282.0
60.75,2440.09033203125,2460.8935546875,2460.8935546875,2460.8935546875,2460.576904296875,2460.54296875,2460.627197265625,2459.94677734375,2460.342041015625,2522.0,2282.0
61.0,2440.0869140625,2460.8935546875,2460.8935546875,2460.8935546875,2460.576904296875,2460.54296875,2460.627197265625,2459.94677734375,2460.342041015625,2522.0,2282.0
61.25,2440.086181640625,2460.8935546875,2460.8935546875,2460.8935546875,2460.576904296875,2460.54296875,2461.95703125,2459.94677734375,2460.342041015625,2522.0,2282.0
61.5,2439.9990234375,2462.223388671875,2460.8935546875,2460.8935546875,2460.57373046875,2461.901611328125,2460.624267578125,2461.1796875,2460.46533203125,2522.0,2282.0
61.75,2439.998779296875,2460.8935546875,2460.8935546875,2460.8935546875,2460.57373046875,2460.572021484375,2460.624267578125,2459.850341796875,2460.46533203125,2522.0,2282.0
62.0,2439.99853515625,2460.8935546875,2460.8935546875,2460.8935546875,2460.57373046875,2460.57177734375,2460.624267578125,2459.850341796875,2460.46533203125,2522.0,2282.0
62.25,2439.998779296875,2460.8935546875,2462.223388671875,2460.8935546875,2461.903564453125,2460.57177734375,2460.624267578125,2459.850341796875,2460.46533203125,2522.0,2282.0
62.5,2439.998779296875,2460.8935546875,2460.8935546875,2460.8935546875,2460.57373046875,2460.57177734375,2460.624267578125,2459.850341796875,2460.46533203125,2522.0,2282.0
62.75,2441.3173828125,2460.8935546875,2460.8935546875,2460.8935546875,2460.57373046875,2460.57177734375,2460.624267578125,2459.850341796875,2460.46533203125,2522.0,2282.0
63.0,2440.003662109375,2460.8935546875,2460.8935546875,2460.8935546875,2460.57373046875,2460.57177734375,2460.624267578125,2459.850341796875,2460.46533203125,2522.0,2282.0
63.25,2440.000244140625,2460.8935546875,2460.8935546875,2460.8935546875,2460.57373046875,2460.57177734375,2460.624267578125,2459.850341796875,2460.46533203125,2522.0,2282.0
63.5,2439.26416015625,2460.8935546875,2460.8935546875,2460.8935546875,2460.637939453125,2460.44482421875,2462.01708984375,2459.93115234375,2460.435791015625,2522.0,2282.0
63.75,2439.26318359375,2462.223388671875,2460.8935546875,2460.8935546875,2460.637939453125,2461.7744140625,2460.687255859375,2461.260498046875,2460.435791015625,2522.0,2282.0
64.0,2439.262939453125,2460.8935546875,2460.8935546875,2460.8935546875,2460.637939453125,2460.44482421875,2460.687255859375,2459.93115234375,2460.435791015625,2522.0,2282.0
64.25,2439.26318359375,2460.8935546875,2462.223388671875,2460.8935546875,2461.967529296875,2460.44482421875,2460.687255859375,2459.93115234375,2460.435791015625,2522.0,2282.0
64.5,2439.26318359375,2460.8935546875,2460.8935546875,2460.8935546875,2460.637939453125,2460.44482421875,2460.687255859375,2459.93115234375,2460.435791015625,2522.0,2282.0
64.75,2439.26318359375,2460.8935546875,2460.8935546875,2460.8935546875,2460.637939453125,2460.44482421875,2460.687255859375,2459.931396484375,2460.43603515625,2522.0,2282.0
65.0,2440.581298828125,2460.8935546875,2460.8935546875,2460.8935546875,2460.637939453125,2460.44482421875,2460.687255859375,2459.93115234375,2460.435791015625,2522.0,2282.0
65.25,2439.26416015625,2460.8935546875,2460.8935546875,2462.223388671875,2460.637939453125,2460.44482421875,2460.687255859375,2459.93115234375,2461.765380859375,2522.0,2282.0
65.5,2437.92626953125,2460.8935546875,2460.8935546875,2460.8935546875,2460.686767578125,2460.461669921875,2460.735595703125,2460.166015625,2460.394287109375,2522.0,2282.0
65.75,2437.92236328125,2460.8935546875,2460.8935546875,2460.8935546875,2460.686767578125,2460.461669921875,2460.7353515625,2460.166015625,2460.394287109375,2522.0,2282.0
66.0,2437.921630859375,2462.223388671875,2460.8935546875,2460.8935546875,2460.686767578125,2461.791259765625,2460.735595703125,2461.49560546875,2460.394287109375,2522.0,2282.0
66.25,2437.921630859375,2460.8935546875,2460.8935546875,2460.8935546875,2460.686767578125,2460.461669921875,2460.7353515625,2460.166015625,2460.394287109375,2522.0,2282.0
66.5,2437.921630859375,2460.8935546875,2462.223388671875,2460.8935546875,2462.0166015625,2460.461669921875,2460.735595703125,2460.166015625,2460.394287109375,2522.0,2282.0
66.75,2437.921630859375,2460.8935546875,2460.8935546875,2460.8935546875,2460.686767578125,2460.461669921875,2460.7353515625,2460.166015625,2460.394287109375,2522.0,2282.0
67.0,2437.921630859375,2460.8935546875,2460.8935546875,2460.8935546875,2460.686767578125,2460.461669921875,2460.7353515625,2460.166259765625,2460.39453125,2522.0,2282.0
67.25,2437.921630859375,2460.8935546875,2460.8935546875,2460.8935546875,2460.686767578125,2460.461669921875,2460.7353515625,2460.166015625,2460.394287109375,2522.0,2282.0
67.5,2440.56494140625,2460.8935546875,2460.8935546875,2460.8935546875,2460.43994140625,2460.565185546875,2460.808349609375,2459.733642578125,2460.40478515625,2522.0,2282.0
67.75,2440.56103515625,2460.8935546875,2460.8935546875,2462.223388671875,2460.43994140625,2460.565185546875,2462.13818359375,2459.733642578125,2461.734375,2522.0,2282.0
68.0,2440.560546875,2460.8935546875,2460.8935546875,2460.8935546875,2460.43994140625,2460.565185546875,2460.808349609375,2459.733642578125,2460.40478515625,2522.0,2282.0
68.25,2440.560546875,2460.8935546875,2460.8935546875,2460.8935546875,2460.43994140625,2460.565185546875,2460.808349609375,2459.733642578125,2460.40478515625,2522.0,2282.0
68.5,2440.560302734375,2460.8935546875,2460.8935546875,2460.8935546875,2460.43994140625,2460.565185546875,2460.808349609375,2459.733642578125,2460.40478515625,2522.0,2282.0
68.75,2440.560546875,2460.8935546875,2462.223388671875,2460.8935546875,2461.76953125,2460.565185546875,2460.808349609375,2459.733642578125,2460.40478515625,2522.0,2282.0
69.0,2440.560546875,2460.8935546875,2460.8935546875,2460.8935546875,2460.43994140625,2460.5654296875,2460.808349609375,2459.733642578125,2460.40478515625,2522.0,2282.0
69.25,2440.560546875,2460.8935546875,2460.8935546875,2460.8935546875,2460.43994140625,2460.565185546875,2460.80859375,2459.73388671875,2460.405029296875,2522.0,2282.0
69.5,2459.659423828125,2460.8935546875,2460.8935546875,2460.8935546875,2460.9697265625,2460.99658203125,2461.171142578125,2461.0439453125,2461.20556640625,2522.0,2282.0
69.75,2459.6611328125,2460.8935546875,2460.8935546875,2462.223388671875,2460.9697265625,2460.99658203125,2461.171142578125,2461.0439453125,2462.53466796875,2522.0,2282.0
70.0,2459.660888671875,2460.8935546875,2460.8935546875,2462.223388671875,2460.9697265625,2460.99658203125,2462.501220703125,2461.0439453125,2462.53564453125,2522.0,2282.0
70.25,2459.661376953125,2460.8935546875,2460.8935546875,2460.8935546875,2460.9697265625,2460.99658203125,2461.171142578125,2461.0439453125,2461.20556640625,2522.0,2282.0
70.5,2459.661376953125,2462.223388671875,2460.8935546875,2460.8935546875,2460.9697265625,2462.326416015625,2461.171142578125,2461.0439453125,2461.20556640625,2522.0,2282.0
70.75,2459.658935546875,2460.8935546875,2460.8935546875,2460.8935546875,2460.9697265625,2460.99658203125,2461.171142578125,2461.0439453125,2461.20556640625,2522.0,2282.0
71.0,2459.6591796875,2460.8935546875,2462.223388671875,2460.8935546875,2462.299560546875,2460.99658203125,2461.171142578125,2461.0439453125,2461.20556640625,2522.0,2282.0
71.25,2459.660888671875,2460.8935546875,2460.8935546875,2460.8935546875,2460.9697265625,2460.99658203125,2461.171142578125,2461.0439453125,2461.205810546875,2522.0,2282.0
71.5,2458.724609375,2460.8935546875,2460.8935546875,2460.8935546875,2460.99853515625,2461.056884765625,2461.104736328125,2461.16015625,2461.265869140625,2522.0,2282.0
71.75,2458.724853515625,2460.8935546875,2460.8935546875,2460.8935546875,2460.99853515625,2461.056884765625,2461.104736328125,2461.160400390625,2461.26611328125,2522.0,2282.0
72.0,2458.724609375,2460.8935546875,2460.8935546875,2460.8935546875,2460.99853515625,2461.056884765625,2461.104736328125,2461.160400390625,2461.26611328125,2522.0,2282.0
72.25,2458.724853515625,2460.8935546875,2460.8935546875,2460.8935546875,2460.99853515625,2461.056884765625,2461.104736328125,2461.160400390625,2461.265869140625,2522.0,2282.0
72.5,2458.72509765625,2462.223388671875,2460.8935546875,2460.8935546875,2460.99853515625,2462.386962890625,2461.104736328125,2462.490478515625,2461.26611328125,2522.0,2282.0
72.75,2458.724853515625,2460.8935546875,2460.8935546875,2460.8935546875,2460.99853515625,2461.056884765625,2461.104736328125,2461.160400390625,2461.26611328125,2522.0,2282.0
73.0,2460.053466796875,2460.8935546875,2460.8935546875,2460.8935546875,2460.99853515625,2461.056884765625,2461.104736328125,2461.160400390625,2461.26611328125,2522.0,2282.0
73.25,2458.724609375,2460.8935546875,2460.8935546875,2460.8935546875,2460.99853515625,2461.056884765625,2461.104736328125,2461.160400390625,2461.26611328125,2522.0,2282.0
73.5,2457.251708984375,2460.8935546875,2460.8935546875,2460.8935546875,2461.22509765625,2461.02880859375,2460.88623046875,2461.30615234375,2461.30078125,2522.0,2282.0
73.75,2457.251953125,2460.8935546875,2460.8935546875,2460.8935546875,2461.22509765625,2461.02880859375,2460.88623046875,2461.306396484375,2461.301025390625,2522.0,2282.0
74.0,2457.251708984375,2460.8935546875,2460.8935546875,2460.8935546875,2461.22509765625,2461.02880859375,2460.88623046875,2461.306396484375,2461.30078125,2522.0,2282.0
74.25,2457.251708984375,2460.8935546875,2460.8935546875,2462.223388671875,2461.22509765625,2461.02880859375,2460.88623046875,2461.306396484375,2461.301025390625,2522.0,2282.0
74.5,2457.251953125,2460.8935546875,2460.8935546875,2460.8935546875,2461.22509765625,2461.02880859375,2460.88623046875,2462.636474609375,2461.30078125,2522.0,2282.0
74.75,2457.251953125,2460.8935546875,2460.8935546875,2460.8935546875,2461.22509765625,2461.02880859375,2460.88623046875,2461.306396484375,2461.30078125,2522.0,2282.0
75.0,2458.57958984375,2460.8935546875,2460.8935546875,2460.8935546875,2461.22509765625,2461.02880859375,2460.88623046875,2461.306396484375,2461.30078125,2522.0,2282.0
75.25,2457.251708984375,2460.8935546875,2462.223388671875,2460.8935546875,2462.55517578125,2461.02880859375,2460.88623046875,2461.306396484375,2461.301025390625,2522.0,2282.0
75.5,2457.743408203125,2460.8935546875,2460.8935546875,2460.8935546875,2461.404541015625,2460.921875,2460.9052734375,2461.203857421875,2461.308837890625,2522.0,2282.0
75.75,2457.74365234375,2460.8935546875,2460.8935546875,2460.8935546875,2461.404541015625,2460.922119140625,2460.9052734375,2461.20361328125,2461.308837890625,2522.0,2282.0
76.0,2457.743408203125,2460.8935546875,2460.8935546875,2460.8935546875,2461.404541015625,2460.921875,2460.9052734375,2461.203857421875,2461.308837890625,2522.0,2282.0
76.25,2457.74365234375,2460.8935546875,2460.8935546875,2462.223388671875,2461.404541015625,2460.922119140625,2462.235107421875,2461.203857421875,2462.638916015625,2522.0,2282.0
76.5,2457.743408203125,2460.8935546875,2460.8935546875,2462.223388671875,2461.404541015625,2460.921875,2460.9052734375,2461.203857421875,2461.308837890625,2522.0,2282.0
76.75,2457.74365234375,2460.8935546875,2460.8935546875,2460.8935546875,2461.404541015625,2460.922119140625,2460.9052734375,2462.533935546875,2461.31005859375,2522.0,2282.0
77.0,2459.07177734375,2460.8935546875,2460.8935546875,2460.8935546875,2461.404541015625,2460.921875,2460.9052734375,2461.203857421875,2461.308837890625,2522.0,2282.0
77.25,2459.071533203125,2460.8935546875,2460.8935546875,2460.8935546875,2461.404541015625,2460.921875,2460.9052734375,2461.203857421875,2461.308837890625,2522.0,2282.0
77.5,2456.865478515625,2460.8935546875,2460.8935546875,2460.8935546875,2461.3203125,2460.77490234375,2461.043701171875,2461.227294921875,2461.168212890625,2522.0,2282.0
77.75,2456.864013671875,2460.8935546875,2460.8935546875,2460.8935546875,2461.3203125,2460.77490234375,2461.043701171875,2461.227294921875,2461.168212890625,2522.0,2282.0
78.0,2456.865234375,2460.8935546875,2460.8935546875,2460.8935546875,2461.3203125,2460.77490234375,2461.043701171875,2461.227294921875,2461.168212890625,2522.0,2282.0
78.25,2456.864990234375,2460.8935546875,2460.8935546875,2460.8935546875,2461.3203125,2460.77490234375,2461.043701171875,2461.227294921875,2461.168212890625,2522.0,2282.0
78.5,2456.865234375,2460.8935546875,2460.8935546875,2460.8935546875,2461.3203125,2460.77490234375,2461.043701171875,2461.227294921875,2461.168212890625,2522.0,2282.0
78.75,2456.865234375,2460.8935546875,2460.8935546875,2460.8935546875,2461.3203125,2460.77490234375,2462.37353515625,2461.227294921875,2461.168212890625,2522.0,2282.0
79.0,2456.865478515625,2460.8935546875,2460.8935546875,2460.8935546875,2461.3203125,2460.77490234375,2461.043701171875,2462.557373046875,2461.168212890625,2522.0,2282.0
79.25,2456.864990234375,2460.8935546875,2460.8935546875,2460.8935546875,2461.3203125,2460.77490234375,2461.043701171875,2461.227294921875,2461.168212890625,2522.0,2282.0
79.5,2457.76220703125,2460.8935546875,2460.8935546875,2460.8935546875,2461.45458984375,2460.654052734375,2460.986083984375,2461.154296875,2461.15087890625,2522.0,2282.0
79.75,2459.09033203125,2460.8935546875,2462.223388671875,2460.8935546875,2462.78466796875,2460.654296875,2460.986083984375,2461.154296875,2461.15087890625,2522.0,2282.0
80.0,2457.760498046875,2460.8935546875,2460.8935546875,2460.8935546875,2461.45458984375,2460.654052734375,2460.986083984375,2461.154296875,2461.150634765625,2522.0,2282.0
80.25,2457.761962890625,2460.8935546875,2460.8935546875,2460.8935546875,2461.45458984375,2460.654052734375,2460.986083984375,2461.154296875,2461.150634765625,2522.0,2282.0
80.5,2457.761962890625,2460.8935546875,2460.8935546875,2460.8935546875,2461.45458984375,2460.654052734375,2460.986083984375,2461.154296875,2461.15087890625,2522.0,2282.0
80.75,2457.761962890625,2460.8935546875,2460.8935546875,2460.8935546875,2461.45458984375,2460.654296875,2460.986083984375,2461.154296875,2461.15087890625,2522.0,2282.0
81.0,2457.761962890625,2460.8935546875,2460.8935546875,2460.8935546875,2461.45458984375,2460.654052734375,2462.31591796875,2461.154296875,2461.151123046875,2522.0,2282.0
81.25,2457.761962890625,2460.8935546875,2460.8935546875,2460.8935546875,2461.45458984375,2460.654052734375,2460.986083984375,2462.484375,2461.150146484375,2522.0,2282.0
81.5,2458.841552734375,2460.8935546875,2460.8935546875,2460.8935546875,2461.425537109375,2460.5615234375,2461.083740234375,2461.19775390625,2461.193603515625,2522.0,2282.0
81.75,2458.841064453125,2460.8935546875,2460.8935546875,2460.8935546875,2461.425537109375,2460.5615234375,2461.083740234375,2461.19775390625,2461.193603515625,2522.0,2282.0
82.0,2460.170166015625,2460.8935546875,2460.8935546875,2460.8935546875,2461.425537109375,2460.5615234375,2461.083740234375,2461.19775390625,2461.193603515625,2522.0,2282.0
82.25,2458.8408203125,2460.8935546875,2460.8935546875,2460.8935546875,2461.425537109375,2460.5615234375,2461.083740234375,2461.19775390625,2461.193603515625,2522.0,2282.0
82.5,2458.84130859375,2460.8935546875,2460.8935546875,2460.8935546875,2461.425537109375,2460.5615234375,2461.083740234375,2461.197509765625,2461.193603515625,2522.0,2282.0
82.75,2458.84130859375,2460.8935546875,2460.8935546875,2460.8935546875,2461.425537109375,2460.5615234375,2461.083740234375,2461.19775390625,2461.193603515625,2522.0,2282.0
83.0,2458.841064453125,2460.8935546875,2460.8935546875,2460.8935546875,2461.425537109375,2460.5615234375,2461.083740234375,2461.19775390625,2461.193603515625,2522.0,2282.0
83.25,2458.84130859375,2460.8935546875,2460.8935546875,2460.8935546875,2461.425537109375,2460.5615234375,2462.413818359375,2461.19775390625,2461.193603515625,2522.0,2282.0
83.5,2458.52490234375,2460.8935546875,2460.8935546875,2460.8935546875,2461.425537109375,2460.656982421875,2460.989013671875,2462.7763671875,2461.220458984375,2522.0,2282.0
83.75,2458.524658203125,2460.8935546875,2460.8935546875,2460.8935546875,2461.425537109375,2460.656982421875,2460.989013671875,2461.4462890625,2461.220458984375,2522.0,2282.0
84.0,2458.524658203125,2460.8935546875,2460.8935546875,2460.8935546875,2461.425537109375,2460.656982421875,2460.989013671875,2461.4462890625,2461.220458984375,2522.0,2282.0
84.25,2458.524169921875,2460.8935546875,2462.223388671875,2460.8935546875,2462.755615234375,2460.656982421875,2460.989013671875,2461.4462890625,2461.220458984375,2522.0,2282.0
84.5,2458.5244140625,2460.8935546875,2460.8935546875,2460.8935546875,2461.425537109375,2460.656982421875,2460.989013671875,2461.4462890625,2461.220458984375,2522.0,2282.0
84.75,2458.524658203125,2460.8935546875,2460.8935546875,2460.8935546875,2461.425537109375,2460.656982421875,2460.989013671875,2461.4462890625,2461.220458984375,2522.0,2282.0
85.0,2458.524658203125,2460.8935546875,2460.8935546875,2460.8935546875,2461.425537109375,2460.656982421875,2460.989013671875,2461.4462890625,2461.220458984375,2522.0,2282.0
85.25,2458.5244140625,2460.8935546875,2460.8935546875,2460.8935546875,2461.425537109375,2460.656982421875,2460.989013671875,2461.4462890625,2461.220458984375,2522.0,2282.0
85.5,2459.818115234375,2460.8935546875,2460.8935546875,2460.8935546875,2461.387451171875,2460.778076171875,2462.281494140625,2461.219482421875,2461.215087890625,2522.0,2282.0
85.75,2459.818115234375,2460.8935546875,2460.8935546875,2460.8935546875,2461.387451171875,2460.778076171875,2460.95166015625,2462.549560546875,2461.215087890625,2522.0,2282.0
86.0,2459.817138671875,2460.8935546875,2460.8935546875,2460.893310546875,2461.387451171875,2460.778076171875,2460.95166015625,2461.219482421875,2461.215087890625,2522.0,2282.0
86.25,2461.146484375,2460.8935546875,2460.8935546875,2460.8935546875,2461.387451171875,2460.778076171875,2460.95166015625,2461.219482421875,2461.215087890625,2522.0,2282.0
86.5,2459.81494140625,2460.8935546875,2460.8935546875,2460.8935546875,2461.387451171875,2460.778076171875,2460.95166015625,2461.219482421875,2461.215087890625,2522.0,2282.0
86.75,2459.817138671875,2460.8935546875,2460.8935546875,2460.8935546875,2461.387451171875,2460.778076171875,2460.95166015625,2461.219482421875,2461.215087890625,2522.0,2282.0
87.0,2459.8173828125,2460.8935546875,2460.8935546875,2460.8935546875,2461.387451171875,2460.778076171875,2460.95166015625,2461.21923828125,2461.215087890625,2522.0,2282.0
87.25,2459.8173828125,2460.8935546875,2460.8935546875,2460.8935546875,2461.387451171875,2460.778076171875,2460.95166015625,2461.219482421875,2461.215087890625,2522.0,2282.0
87.5,2461.152099609375,2460.8935546875,2460.8935546875,2460.8935546875,2461.025390625,2461.020751953125,2460.91064453125,2461.093505859375,2461.36376953125,2522.0,2282.0
87.75,2461.15185546875,2460.8935546875,2460.8935546875,2460.8935546875,2461.025390625,2461.020751953125,2462.240478515625,2461.093505859375,2462.69384765625,2522.0,2282.0
88.0,2461.15234375,2460.8935546875,2460.8935546875,2460.8935546875,2461.025390625,2461.020751953125,2460.91064453125,2462.423583984375,2461.36376953125,2522.0,2282.0
88.25,2462.482177734375,2460.8935546875,2460.8935546875,2460.8935546875,2461.025390625,2461.020751953125,2460.91064453125,2461.093505859375,2461.36376953125,2522.0,2282.0
88.5,2462.482177734375,2460.8935546875,2460.8935546875,2460.8935546875,2461.025390625,2461.020751953125,2460.91064453125,2461.093505859375,2461.36376953125,2522.0,2282.0
88.75,2461.15185546875,2460.8935546875,2462.223388671875,2460.8935546875,2462.355224609375,2461.020751953125,2460.91064453125,2461.093505859375,2461.36376953125,2522.0,2282.0
89.0,2461.15185546875,2460.8935546875,2460.8935546875,2460.8935546875,2461.025390625,2461.020751953125,2460.91064453125,2461.093505859375,2461.36376953125,2522.0,2282.0
89.25,2461.15234375,2460.8935546875,2460.8935546875,2460.8935546875,2461.025390625,2461.020751953125,2460.91064453125,2461.093505859375,2461.36376953125,2522.0,2282.0
89.5,2459.914794921875,2460.8935546875,2460.8935546875,2460.8935546875,2461.013427734375,2461.072021484375,2460.9619140625,2461.07763671875,2461.45751953125,2522.0,2282.0
89.75,2459.914794921875,2460.8935546875,2460.8935546875,2460.8935546875,2461.013427734375,2461.072021484375,2460.9619140625,2461.07763671875,2461.45751953125,2522.0,2282.0
90.0,2459.91455078125,2460.8935546875,2460.8935546875,2460.8935546875,2461.013427734375,2461.072021484375,2462.291748046875,2461.077880859375,2462.78955078125,2522.0,2282.0
90.25,2459.9150390625,2462.223388671875,2460.8935546875,2460.8935546875,2461.013427734375,2462.402099609375,2460.9619140625,2461.07763671875,2461.45751953125,2522.0,2282.0
90.5,2461.244140625,2460.8935546875,2460.8935546875,2460.8935546875,2461.013427734375,2461.072021484375,2460.9619140625,2461.07763671875,2461.45751953125,2522.0,2282.0
90.75,2459.91259765625,2460.8935546875,2460.8935546875,2460.8935546875,2461.013427734375,2461.072021484375,2460.9619140625,2461.07763671875,2461.45751953125,2522.0,2282.0
91.0,2459.914794921875,2460.8935546875,2462.223388671875,2460.8935546875,2462.34326171875,2461.072021484375,2460.9619140625,2461.07763671875,2461.45751953125,2522.0,2282.0
91.25,2459.91455078125,2460.8935546875,2460.8935546875,2460.8935546875,2461.013427734375,2461.072021484375,2460.9619140625,2461.077392578125,2461.45751953125,2522.0,2282.0
91.5,2459.41650390625,2460.8935546875,2460.8935546875,2460.8935546875,2461.21923828125,2460.8955078125,2461.069580078125,2461.026123046875,2461.46142578125,2522.0,2282.0
91.75,2459.416748046875,2460.8935546875,2460.8935546875,2460.8935546875,2461.21923828125,2460.895751953125,2461.069580078125,2461.0263671875,2461.461669921875,2522.0,2282.0
92.0,2459.41650390625,2460.8935546875,2460.8935546875,2460.8935546875,2461.21923828125,2460.8955078125,2461.069580078125,2461.0263671875,2461.461669921875,2522.0,2282.0
92.25,2459.416748046875,2460.8935546875,2460.8935546875,2460.8935546875,2461.21923828125,2460.895751953125,2461.069580078125,2461.026611328125,2461.461669921875,2522.0,2282.0
92.5,2459.416748046875,2462.223388671875,2460.8935546875,2460.8935546875,2461.21923828125,2462.225341796875,2461.069580078125,2461.0263671875,2461.461669921875,2522.0,2282.0
92.75,2459.414306640625,2460.8935546875,2460.8935546875,2460.8935546875,2461.21923828125,2460.895751953125,2461.069580078125,2461.0263671875,2461.461669921875,2522.0,2282.0
93.0,2459.41650390625,2460.8935546875,2460.8935546875,2460.8935546875,2461.21923828125,2460.8955078125,2461.069580078125,2461.0263671875,2461.461669921875,2522.0,2282.0
93.25,2459.41650390625,2460.8935546875,2460.8935546875,2460.8935546875,2461.21923828125,2460.895751953125,2461.069580078125,2461.0263671875,2461.461669921875,2522.0,2282.0
93.5,2442.5302734375,2460.8935546875,2460.8935546875,2460.8935546875,2460.391845703125,2460.453369140625,2460.85498046875,2459.477294921875,2460.425048828125,2522.0,2282.0
93.75,2442.530517578125,2460.8935546875,2460.8935546875,2460.8935546875,2460.391845703125,2460.453369140625,2460.85498046875,2459.47705078125,2460.4248046875,2522.0,2282.0
94.0,2442.530517578125,2460.8935546875,2460.893310546875,2460.8935546875,2460.391845703125,2460.453369140625,2460.85498046875,2459.47705078125,2460.4248046875,2522.0,2282.0
94.25,2442.53125,2460.8935546875,2460.8935546875,2462.223388671875,2460.391845703125,2460.453369140625,2462.184814453125,2459.47705078125,2461.75439453125,2522.0,2282.0
94.5,2442.531494140625,2460.8935546875,2460.8935546875,2460.8935546875,2460.391845703125,2460.453369140625,2462.184814453125,2459.477294921875,2460.4248046875,2522.0,2282.0
94.75,2442.530517578125,2462.223388671875,2460.8935546875,2460.8935546875,2460.391845703125,2461.783203125,2460.85498046875,2460.80615234375,2460.4248046875,2522.0,2282.0
95.0,2442.5302734375,2460.8935546875,2460.8935546875,2460.8935546875,2460.391845703125,2460.453369140625,2460.85498046875,2459.47705078125,2460.4248046875,2522.0,2282.0
95.25,2442.5302734375,2460.8935546875,2462.223388671875,2460.8935546875,2461.721435546875,2460.45361328125,2460.85498046875,2459.47705078125,2460.4248046875,2522.0,2282.0
95.5,2444.694580078125,2460.8935546875,2462.223388671875,2460.8935546875,2461.61962890625,2460.352294921875,2460.8505859375,2459.61865234375,2460.18212890625,2522.0,2282.0
95.75,2446.015380859375,2460.8935546875,2460.8935546875,2460.8935546875,2460.2900390625,2460.3525390625,2460.8505859375,2459.619140625,2460.182373046875,2522.0,2282.0
96.0,2444.695068359375,2460.8935546875,2460.8935546875,2460.8935546875,2460.2900390625,2460.352294921875,2460.8505859375,2459.61865234375,2460.18212890625,2522.0,2282.0
96.25,2444.694580078125,2460.8935546875,2460.8935546875,2460.8935546875,2460.2900390625,2460.3525390625,2460.8505859375,2459.61865234375,2460.18212890625,2522.0,2282.0
96.5,2444.69482421875,2460.8935546875,2460.8935546875,2460.8935546875,2460.2900390625,2460.352294921875,2460.8505859375,2459.61865234375,2460.18212890625,2522.0,2282.0
96.75,2444.694580078125,2460.8935546875,2460.8935546875,2460.8935546875,2460.2900390625,2460.3525390625,2460.8505859375,2459.61865234375,2460.18212890625,2522.0,2282.0
97.0,2444.6943359375,2462.223388671875,2460.8935546875,2460.8935546875,2460.2900390625,2461.681884765625,2460.8505859375,2460.94775390625,2460.18212890625,2522.0,2282.0
97.25,2444.694091796875,2460.8935546875,2460.8935546875,2460.8935546875,2460.2900390625,2460.3525390625,2460.8505859375,2459.61865234375,2460.18212890625,2522.0,2282.0
97.5,2443.928955078125,2460.8935546875,2460.8935546875,2460.8935546875,2460.3125,2460.406982421875,2460.841796875,2459.530029296875,2460.258544921875,2522.0,2282.0
97.75,2443.92919921875,2460.8935546875,2460.8935546875,2460.8935546875,2460.3125,2460.406982421875,2460.841796875,2459.530029296875,2460.258544921875,2522.0,2282.0
98.0,2445.249755859375,2460.8935546875,2460.8935546875,2460.8935546875,2460.3125,2460.406982421875,2460.841796875,2459.5302734375,2460.2587890625,2522.0,2282.0
98.25,2443.93212890625,2460.8935546875,2460.8935546875,2460.8935546875,2460.3125,2460.406982421875,2460.841796875,2459.530029296875,2460.258544921875,2522.0,2282.0
98.5,2443.929443359375,2460.8935546875,2460.8935546875,2460.8935546875,2460.3125,2460.406982421875,2460.841796875,2459.530029296875,2460.258544921875,2522.0,2282.0
98.75,2443.9306640625,2460.8935546875,2460.8935546875,2462.223388671875,2460.3125,2460.406982421875,2462.171630859375,2459.530029296875,2461.588134765625,2522.0,2282.0
99.0,2443.929443359375,2460.8935546875,2460.8935546875,2460.8935546875,2460.3125,2460.406982421875,2460.841796875,2459.530029296875,2460.258544921875,2522.0,2282.0
99.25,2443.92919921875,2462.223388671875,2460.8935546875,2460.8935546875,2460.3125,2461.736572265625,2460.841796875,2460.85888671875,2460.258544921875,2522.0,2282.0
99.5,2445.657470703125,2460.8935546875,2460.8935546875,2460.8935546875,2459.96923828125,2460.637939453125,2460.883544921875,2459.56103515625,2460.07080078125,2522.0,2282.0
99.75,2445.657470703125,2460.8935546875,2462.223388671875,2460.8935546875,2461.298583984375,2460.637939453125,2460.883544921875,2459.56103515625,2460.07080078125,2522.0,2282.0
100.0,2445.657470703125,2460.8935546875,2460.8935546875,2460.8935546875,2459.96923828125,2460.637939453125,2460.883544921875,2459.5615234375,2460.07080078125,2522.0,2282.0
100.25,2445.65966796875,2460.8935546875,2460.8935546875,2460.8935546875,2459.96923828125,2460.637939453125,2460.883544921875,2459.5615234375,2460.071044921875,2522.0,2282.0
100.5,2445.657470703125,2460.8935546875,2460.8935546875,2460.8935546875,2459.96923828125,2460.637939453125,2460.883544921875,2459.56103515625,2460.07080078125,2522.0,2282.0
100.75,2445.65771484375,2460.8935546875,2460.8935546875,2460.8935546875,2459.96923828125,2460.637939453125,2460.883544921875,2459.56103515625,2460.07080078125,2522.0,2282.0
101.0,2445.657470703125,2460.8935546875,2460.8935546875,2462.223388671875,2459.96923828125,2460.637939453125,2462.21337890625,2459.56103515625,2461.400146484375,2522.0,2282.0
101.25,2445.657470703125,2462.223388671875,2460.8935546875,2460.8935546875,2459.96923828125,2460.637939453125,2460.88330078125,2460.890380859375,2460.07080078125,2522.0,2282.0
101.5,2423.43603515625,2462.223388671875,2460.8935546875,2460.8935546875,2459.38037109375,2461.48095703125,2460.33837890625,2458.513671875,2459.2578125,2522.0,2282.0
101.75,2423.429443359375,2460.8935546875,2460.8935546875,2460.8935546875,2459.38037109375,2460.1513671875,2460.33837890625,2457.184814453125,2459.2578125,2522.0,2282.0
102.0,2423.4306640625,2460.8935546875,2462.223388671875,2460.8935546875,2460.70947265625,2460.151611328125,2460.33837890625,2457.184814453125,2459.25830078125,2522.0,2282.0
102.25,2423.43115234375,2460.8935546875,2460.8935546875,2460.8935546875,2459.38037109375,2460.1513671875,2460.33837890625,2457.185791015625,2459.25830078125,2522.0,2282.0
102.5,2423.429931640625,2460.8935546875,2460.8935546875,2460.8935546875,2459.38037109375,2460.151611328125,2460.33837890625,2457.185791015625,2459.25830078125,2522.0,2282.0
102.75,2423.429443359375,2460.8935546875,2460.8935546875,2460.8935546875,2459.38037109375,2460.151611328125,2460.33837890625,2457.184814453125,2459.2578125,2522.0,2282.0
103.0,2423.429443359375,2460.8935546875,2460.8935546875,2460.8935546875,2459.38037109375,2460.151611328125,2460.33837890625,2457.184814453125,2459.2578125,2522.0,2282.0
103.25,2423.429443359375,2460.8935546875,2460.8935546875,2462.223388671875,2459.38037109375,2460.151611328125,2461.66796875,2457.184814453125,2459.2578125,2522.0,2282.0
103.5,2423.451904296875,2460.8935546875,2460.8935546875,2460.8935546875,2459.543212890625,2460.250732421875,2461.608154296875,2456.90283203125,2459.58154296875,2522.0,2282.0
103.75,2422.143310546875,2462.223388671875,2460.8935546875,2460.8935546875,2459.543212890625,2461.580078125,2460.278564453125,2458.231689453125,2459.58154296875,2522.0,2282.0
104.0,2422.14306640625,2460.8935546875,2460.8935546875,2460.8935546875,2459.543212890625,2460.250732421875,2460.278564453125,2456.90283203125,2459.58154296875,2522.0,2282.0
104.25,2422.14306640625,2460.8935546875,2460.8935546875,2460.8935546875,2459.543212890625,2460.250732421875,2460.278564453125,2456.90283203125,2459.58203125,2522.0,2282.0
104.5,2422.14501953125,2460.8935546875,2462.223388671875,2460.8935546875,2460.872314453125,2460.250732421875,2460.278564453125,2456.90283203125,2459.58203125,2522.0,2282.0
104.75,2422.142578125,2460.8935546875,2460.8935546875,2460.8935546875,2459.543212890625,2460.250732421875,2460.278564453125,2456.902587890625,2459.58203125,2522.0,2282.0
105.0,2422.14306640625,2460.8935546875,2460.8935546875,2460.8935546875,2459.543212890625,2460.250732421875,2460.278564453125,2456.90283203125,2459.58154296875,2522.0,2282.0
105.25,2422.14306640625,2460.8935546875,2460.8935546875,2460.8935546875,2459.543212890625,2460.250732421875,2460.278564453125,2456.902587890625,2459.58154296875,2522.0,2282.0
105.5,2423.24755859375,2460.8935546875,2460.8935546875,2460.8935546875,2459.67822265625,2460.1298828125,2460.220947265625,2456.770263671875,2460.9443359375,2522.0,2282.0
105.75,2424.56201171875,2460.8935546875,2460.8935546875,2460.8935546875,2459.67822265625,2460.129638671875,2460.22119140625,2456.770263671875,2459.614990234375,2522.0,2282.0
106.0,2423.247802734375,2462.223388671875,2460.8935546875,2460.8935546875,2459.67822265625,2461.459228515625,2460.22119140625,2458.09912109375,2459.614990234375,2522.0,2282.0
106.25,2423.2470703125,2460.8935546875,2460.8935546875,2460.8935546875,2459.67822265625,2460.129638671875,2460.22119140625,2456.770263671875,2459.614990234375,2522.0,2282.0
106.5,2423.248779296875,2460.8935546875,2460.8935546875,2460.8935546875,2459.67822265625,2460.129638671875,2460.220947265625,2456.770263671875,2459.615478515625,2522.0,2282.0
106.75,2423.249267578125,2460.8935546875,2460.8935546875,2460.8935546875,2459.67822265625,2460.129638671875,2460.22119140625,2456.77099609375,2459.615478515625,2522.0,2282.0
107.0,2423.2470703125,2460.8935546875,2460.8935546875,2460.8935546875,2459.67822265625,2460.129638671875,2460.220947265625,2456.77099609375,2459.614990234375,2522.0,2282.0
107.25,2423.247314453125,2460.8935546875,2460.8935546875,2460.8935546875,2459.67822265625,2460.129638671875,2460.22119140625,2456.77001953125,2459.615234375,2522.0,2282.0
107.5,2421.57861328125,2460.8935546875,2460.8935546875,2460.8935546875,2459.710693359375,2460.161376953125,2460.156982421875,2457.01171875,2459.689208984375,2522.0,2282.0
107.75,2421.57861328125,2460.8935546875,2460.8935546875,2462.223388671875,2459.710693359375,2460.161376953125,2461.486572265625,2457.01171875,2461.018310546875,2522.0,2282.0
108.0,2422.89306640625,2462.223388671875,2460.8935546875,2460.8935546875,2459.710693359375,2460.161376953125,2460.156982421875,2457.01318359375,2459.68896484375,2522.0,2282.0
108.25,2421.578857421875,2460.8935546875,2460.8935546875,2460.8935546875,2459.710693359375,2460.161376953125,2460.156982421875,2457.01171875,2459.689208984375,2522.0,2282.0
108.5,2421.5810546875,2460.8935546875,2460.8935546875,2460.8935546875,2459.710693359375,2460.161376953125,2460.156982421875,2457.01171875,2459.689208984375,2522.0,2282.0
108.75,2421.580810546875,2460.8935546875,2462.223388671875,2460.8935546875,2461.039794921875,2460.161376953125,2460.156982421875,2457.012451171875,2459.689453125,2522.0,2282.0
109.0,2421.582275390625,2460.8935546875,2460.8935546875,2460.8935546875,2459.710693359375,2460.161376953125,2460.156982421875,2457.012451171875,2459.689453125,2522.0,2282.0
109.25,2421.57861328125,2460.8935546875,2460.8935546875,2460.8935546875,2459.710693359375,2460.161376953125,2460.156982421875,2457.01171875,2459.689208984375,2522.0,2282.0
109.5,2361.7431640625,2460.8935546875,2460.8935546875,2460.8935546875,2457.7412109375,2459.22509765625,2459.012939453125,2451.024658203125,2457.73388671875,2522.0,2282.0
109.75,2361.73291015625,2460.8935546875,2460.8935546875,2462.223388671875,2457.7412109375,2459.225341796875,2460.341796875,2451.024658203125,2457.733642578125,2522.0,2282.0
110.0,2361.7314453125,2460.8935546875,2460.8935546875,2460.8935546875,2457.7412109375,2459.225341796875,2459.012939453125,2451.024658203125,2457.73486328125,2522.0,2282.0
110.25,2361.751220703125,2462.223388671875,2460.8935546875,2460.8935546875,2457.7412109375,2459.225341796875,2459.012939453125,2451.024658203125,2457.733642578125,2522.0,2282.0
110.5,2361.732421875,2460.8935546875,2460.8935546875,2460.8935546875,2457.7412109375,2459.225341796875,2459.012939453125,2452.352294921875,2457.733642578125,2522.0,2282.0
110.75,2361.73193359375,2460.8935546875,2460.8935546875,2460.8935546875,2457.7412109375,2459.225341796875,2459.012939453125,2451.024658203125,2457.733642578125,2522.0,2282.0
111.0,2361.73291015625,2460.8935546875,2460.8935546875,2460.8935546875,2457.7412109375,2459.225341796875,2459.012939453125,2451.024658203125,2457.73388671875,2522.0,2282.0
111.25,2361.73291015625,2460.8935546875,2460.8935546875,2460.8935546875,2457.7412109375,2459.225341796875,2459.012939453125,2451.024658203125,2457.733642578125,2522.0,2282.0
111.5,2360.875,2460.8935546875,2460.8935546875,2460.8935546875,2457.686279296875,2459.313720703125,2458.97216796875,2451.1357421875,2457.6787109375,2522.0,2282.0
111.75,2360.868896484375,2460.8935546875,2460.8935546875,2460.8935546875,2457.6865234375,2459.313720703125,2458.97216796875,2451.1357421875,2457.678466796875,2522.0,2282.0
112.0,2360.88525390625,2460.8935546875,2460.8935546875,2462.223388671875,2457.686279296875,2459.313720703125,2460.301025390625,2451.1357421875,2457.6787109375,2522.0,2282.0
112.25,2362.14990234375,2460.8935546875,2460.8935546875,2460.8935546875,2457.6865234375,2459.313720703125,2458.971923828125,2451.1357421875,2457.678466796875,2522.0,2282.0
112.5,2360.887451171875,2462.223388671875,2460.8935546875,2460.8935546875,2457.686279296875,2459.313720703125,2458.97216796875,2451.135498046875,2457.678466796875,2522.0,2282.0
112.75,2360.868408203125,2460.8935546875,2460.8935546875,2460.8935546875,2457.6865234375,2459.313720703125,2458.97216796875,2452.463623046875,2457.678466796875,2522.0,2282.0
113.0,2360.867431640625,2460.8935546875,2460.8935546875,2460.8935546875,2457.6865234375,2459.313720703125,2458.97216796875,2451.1357421875,2457.6787109375,2522.0,2282.0
113.25,2360.868896484375,2460.8935546875,2460.8935546875,2460.8935546875,2457.6865234375,2459.313720703125,2458.97216796875,2451.1376953125,2457.679443359375,2522.0,2282.0
113.5,2359.25146484375,2460.8935546875,2460.8935546875,2460.8935546875,2457.7724609375,2459.39794921875,2458.895751953125,2451.262939453125,2457.693359375,2522.0,2282.0
113.75,2359.256591796875,2460.8935546875,2460.8935546875,2460.8935546875,2457.7724609375,2459.398193359375,2458.895751953125,2451.260986328125,2457.6923828125,2522.0,2282.0
114.0,2360.529052734375,2460.8935546875,2460.8935546875,2460.8935546875,2457.7724609375,2459.39794921875,2458.895751953125,2451.260986328125,2457.692138671875,2522.0,2282.0
114.25,2359.25,2460.8935546875,2460.8935546875,2462.223388671875,2457.7724609375,2459.398193359375,2460.224609375,2451.260986328125,2457.692138671875,2522.0,2282.0
114.5,2359.251220703125,2460.8935546875,2460.8935546875,2460.8935546875,2457.7724609375,2459.39794921875,2458.895751953125,2451.260986328125,2457.692138671875,2522.0,2282.0
114.75,2359.250732421875,2460.8935546875,2460.8935546875,2460.8935546875,2457.7724609375,2460.72705078125,2458.895751953125,2451.26416015625,2457.692138671875,2522.0,2282.0
115.0,2359.249267578125,2460.8935546875,2460.8935546875,2460.8935546875,2457.7724609375,2459.39794921875,2458.895751953125,2451.260986328125,2457.6923828125,2522.0,2282.0
115.25,2359.249755859375,2460.8935546875,2462.223388671875,2460.8935546875,2459.1005859375,2459.39794921875,2458.895751953125,2451.260986328125,2457.692138671875,2522.0,2282.0
115.5,2358.736572265625,2460.8935546875,2460.8935546875,2460.8935546875,2457.8037109375,2459.36669921875,2458.8955078125,2451.423583984375,2457.633056640625,2522.0,2282.0
115.75,2358.741455078125,2460.8935546875,2460.8935546875,2460.8935546875,2457.8037109375,2459.36669921875,2458.895263671875,2451.423583984375,2457.633056640625,2522.0,2282.0
116.0,2358.7373046875,2460.8935546875,2460.8935546875,2460.8935546875,2457.8037109375,2459.36669921875,2458.8955078125,2451.423583984375,2458.961181640625,2522.0,2282.0
116.25,2358.73486328125,2460.8935546875,2460.8935546875,2462.223388671875,2457.8037109375,2459.366943359375,2460.22412109375,2451.423828125,2457.633056640625,2522.0,2282.0
116.5,2358.75146484375,2460.8935546875,2460.8935546875,2460.8935546875,2457.8037109375,2459.36669921875,2458.8955078125,2451.423583984375,2457.633056640625,2522.0,2282.0
116.75,2358.754150390625,2462.223388671875,2460.8935546875,2460.8935546875,2457.8037109375,2460.69580078125,2458.895263671875,2451.423583984375,2457.6328125,2522.0,2282.0
117.0,2358.734375,2460.8935546875,2460.8935546875,2460.8935546875,2457.8037109375,2459.36669921875,2458.8955078125,2452.748291015625,2457.633056640625,2522.0,2282.0
117.25,2358.733642578125,2460.8935546875,2462.223388671875,2460.8935546875,2459.1318359375,2459.36669921875,2458.895263671875,2451.423583984375,2457.634033203125,2522.0,2282.0
117.5,2357.8681640625,2460.8935546875,2462.223388671875,2460.8935546875,2459.123046875,2459.42138671875,2458.918212890625,2451.491455078125,2457.698974609375,2522.0,2282.0
117.75,2357.869873046875,2460.8935546875,2460.8935546875,2460.8935546875,2457.794921875,2459.42138671875,2458.918212890625,2451.489501953125,2457.697998046875,2522.0,2282.0
118.0,2357.874755859375,2460.8935546875,2460.8935546875,2460.8935546875,2457.794921875,2459.42138671875,2458.918212890625,2451.489501953125,2457.697998046875,2522.0,2282.0
118.25,2357.870361328125,2460.8935546875,2460.8935546875,2460.8935546875,2457.794921875,2459.42138671875,2458.918212890625,2451.489501953125,2459.026123046875,2522.0,2282.0
118.5,2357.87060546875,2460.8935546875,2460.8935546875,2460.8935546875,2457.794921875,2459.42138671875,2458.918212890625,2451.489501953125,2459.026123046875,2522.0,2282.0
118.75,2359.143798828125,2460.8935546875,2460.8935546875,2460.8935546875,2457.794921875,2459.42138671875,2458.918212890625,2451.489501953125,2457.697998046875,2522.0,2282.0
119.0,2357.8876953125,2462.223388671875,2460.8935546875,2460.8935546875,2457.794921875,2460.75048828125,2458.918212890625,2451.489501953125,2457.69775390625,2522.0,2282.0
119.25,2357.86767578125,2460.8935546875,2460.8935546875,2460.8935546875,2457.794921875,2459.42138671875,2458.918212890625,2452.814208984375,2457.697998046875,2522.0,2282.0
119.5,2357.763427734375,2460.8935546875,2460.8935546875,2460.8935546875,2457.826904296875,2459.390869140625,2458.918212890625,2451.51904296875,2457.67236328125,2522.0,2282.0
119.75,2357.764404296875,2460.8935546875,2460.8935546875,2460.8935546875,2457.826904296875,2459.390869140625,2458.918212890625,2451.51904296875,2457.67333984375,2522.0,2282.0
120.0,2357.765869140625,2460.8935546875,2460.8935546875,2460.8935546875,2457.826904296875,2459.390869140625,2458.918212890625,2451.519287109375,2457.67236328125,2522.0,2282.0
120.25,2357.770751953125,2460.8935546875,2460.8935546875,2460.8935546875,2457.826904296875,2459.390869140625,2458.918212890625,2451.519287109375,2457.67236328125,2522.0,2282.0
120.5,2357.764892578125,2460.8935546875,2460.8935546875,2460.8935546875,2457.826904296875,2459.390869140625,2458.918212890625,2451.519287109375,2457.67236328125,2522.0,2282.0
120.75,2357.763916015625,2460.8935546875,2460.8935546875,2462.223388671875,2457.826904296875,2459.390869140625,2460.246826171875,2451.51904296875,2457.67236328125,2522.0,2282.0
121.0,2359.039794921875,2460.8935546875,2460.8935546875,2460.8935546875,2457.826904296875,2459.390869140625,2458.918212890625,2451.51904296875,2457.672119140625,2522.0,2282.0
121.25,2357.783935546875,2462.223388671875,2460.8935546875,2460.8935546875,2457.826904296875,2460.719970703125,2458.918212890625,2451.519287109375,2457.67236328125,2522.0,2282.0
121.5,2357.994873046875,2460.8935546875,2460.8935546875,2460.8935546875,2457.80126953125,2459.36376953125,2458.92431640625,2452.7109375,2457.705810546875,2522.0,2282.0
121.75,2357.994140625,2460.8935546875,2460.8935546875,2460.8935546875,2457.80126953125,2459.36376953125,2458.92431640625,2451.38623046875,2457.706787109375,2522.0,2282.0
122.0,2357.9951171875,2460.8935546875,2462.223388671875,2460.8935546875,2459.12939453125,2459.36376953125,2458.92431640625,2451.38623046875,2457.705810546875,2522.0,2282.0
122.25,2357.99560546875,2460.8935546875,2460.8935546875,2460.8935546875,2457.80126953125,2459.36376953125,2458.92431640625,2451.38623046875,2457.705810546875,2522.0,2282.0
122.5,2358.001953125,2460.8935546875,2460.8935546875,2460.8935546875,2457.80126953125,2459.36376953125,2458.92431640625,2451.38623046875,2457.705810546875,2522.0,2282.0
122.75,2357.995849609375,2460.8935546875,2460.8935546875,2460.8935546875,2457.80126953125,2459.36376953125,2458.92431640625,2451.38623046875,2457.7060546875,2522.0,2282.0
123.0,2357.995361328125,2460.8935546875,2460.8935546875,2460.8935546875,2457.80126953125,2459.36376953125,2458.92431640625,2451.38623046875,2459.033935546875,2522.0,2282.0
123.25,2359.27099609375,2460.8935546875,2460.8935546875,2460.8935546875,2457.80126953125,2459.36376953125,2458.92431640625,2451.38623046875,2457.705810546875,2522.0,2282.0
123.5,2359.528076171875,2462.223388671875,2460.8935546875,2460.8935546875,2457.710205078125,2460.73046875,2458.9306640625,2451.10595703125,2457.7041015625,2522.0,2282.0
123.75,2359.5078125,2460.8935546875,2460.8935546875,2460.8935546875,2457.710205078125,2459.4013671875,2458.9306640625,2451.10595703125,2457.7041015625,2522.0,2282.0
124.0,2359.50830078125,2460.8935546875,2460.8935546875,2460.8935546875,2457.710205078125,2459.4013671875,2458.9306640625,2451.10595703125,2457.704345703125,2522.0,2282.0
124.25,2359.5087890625,2460.8935546875,2462.223388671875,2460.8935546875,2459.038330078125,2459.4013671875,2458.9306640625,2451.10595703125,2457.7041015625,2522.0,2282.0
124.5,2359.509033203125,2460.8935546875,2460.8935546875,2460.8935546875,2457.710205078125,2459.4013671875,2458.9306640625,2451.10595703125,2457.7041015625,2522.0,2282.0
124.75,2359.50927734375,2460.8935546875,2460.8935546875,2460.8935546875,2457.710205078125,2459.4013671875,2458.9306640625,2451.10595703125,2457.7041015625,2522.0,2282.0
125.0,2359.51123046875,2460.8935546875,2460.8935546875,2460.8935546875,2457.710205078125,2459.4013671875,2458.9306640625,2451.10595703125,2459.0322265625,2522.0,2282.0
125.25,2359.509033203125,2460.8935546875,2460.8935546875,2460.8935546875,2457.710205078125,2459.4013671875,2458.9306640625,2451.10595703125,2459.0322265625,2522.0,2282.0
125.5,2359.10888671875,2460.8935546875,2460.8935546875,2460.8935546875,2457.71630859375,2459.407470703125,2458.873046875,2451.239013671875,2457.670654296875,2522.0,2282.0
125.75,2359.11181640625,2462.223388671875,2460.8935546875,2460.8935546875,2457.71630859375,2460.736572265625,2458.873046875,2451.2421875,2457.670654296875,2522.0,2282.0
126.0,2359.092529296875,2460.8935546875,2460.8935546875,2460.8935546875,2457.71630859375,2459.407470703125,2458.873046875,2452.563720703125,2457.670654296875,2522.0,2282.0
126.25,2359.09228515625,2460.8935546875,2460.8935546875,2460.8935546875,2457.71630859375,2459.407470703125,2458.873046875,2451.239013671875,2457.671630859375,2522.0,2282.0
126.5,2359.09423828125,2460.8935546875,2462.223388671875,2460.8935546875,2459.04443359375,2459.407470703125,2458.873046875,2451.240966796875,2457.671630859375,2522.0,2282.0
126.75,2359.092529296875,2460.8935546875,2460.8935546875,2460.8935546875,2457.71630859375,2459.407470703125,2458.873046875,2451.239013671875,2457.670654296875,2522.0,2282.0
127.0,2359.09912109375,2460.8935546875,2460.8935546875,2460.8935546875,2457.71630859375,2459.407470703125,2458.873046875,2451.239013671875,2457.670654296875,2522.0,2282.0
127.25,2359.092529296875,2460.8935546875,2460.8935546875,2460.8935546875,2457.71630859375,2459.407470703125,2458.873046875,2451.239013671875,2458.998779296875,2522.0,2282.0
127.5,2359.736572265625,2460.8935546875,2460.8935546875,2462.223388671875,2457.68017578125,2459.404296875,2460.26220703125,2451.15771484375,2457.7001953125,2522.0,2282.0
127.75,2361.000732421875,2460.8935546875,2460.8935546875,2460.8935546875,2457.68017578125,2459.404296875,2458.93359375,2451.15771484375,2457.699951171875,2522.0,2282.0
128.0,2359.739013671875,2462.223388671875,2460.8935546875,2460.8935546875,2457.68017578125,2460.7333984375,2458.93359375,2451.15771484375,2457.699951171875,2522.0,2282.0
128.25,2359.718994140625,2460.8935546875,2460.8935546875,2460.8935546875,2457.68017578125,2459.404296875,2458.93359375,2452.482177734375,2457.7001953125,2522.0,2282.0
128.5,2359.718505859375,2460.8935546875,2460.8935546875,2460.8935546875,2457.68017578125,2459.404296875,2458.93359375,2451.157470703125,2457.701171875,2522.0,2282.0
128.75,2359.719482421875,2460.8935546875,2462.223388671875,2460.8935546875,2459.00830078125,2459.404541015625,2458.933349609375,2451.15771484375,2457.7001953125,2522.0,2282.0
129.0,2359.7216796875,2460.8935546875,2460.8935546875,2460.8935546875,2457.68017578125,2459.404296875,2458.93359375,2451.15771484375,2457.7001953125,2522.0,2282.0
129.25,2359.726318359375,2460.8935546875,2460.8935546875,2460.8935546875,2457.68017578125,2459.404541015625,2458.93359375,2451.15771484375,2457.7001953125,2522.0,2282.0
129.5,2359.979736328125,2460.8935546875,2460.8935546875,2460.8935546875,2457.708984375,2459.337646484375,2458.994384765625,2451.16552734375,2458.981201171875,2522.0,2282.0
129.75,2359.979736328125,2460.8935546875,2460.8935546875,2460.8935546875,2457.708984375,2459.337646484375,2458.994384765625,2451.16552734375,2458.98095703125,2522.0,2282.0
130.0,2359.99365234375,2460.8935546875,2460.8935546875,2460.8935546875,2457.708984375,2459.337646484375,2458.994384765625,2451.16552734375,2457.653076171875,2522.0,2282.0
130.25,2359.996826171875,2462.223388671875,2460.8935546875,2460.8935546875,2457.708984375,2460.666748046875,2458.994384765625,2451.162353515625,2457.65283203125,2522.0,2282.0
130.5,2359.976806640625,2460.8935546875,2460.8935546875,2460.8935546875,2457.708984375,2459.337646484375,2458.994384765625,2452.489990234375,2457.653076171875,2522.0,2282.0
130.75,2359.976806640625,2460.8935546875,2460.8935546875,2460.8935546875,2457.708984375,2459.337646484375,2458.994384765625,2451.165283203125,2457.653076171875,2522.0,2282.0
131.0,2359.977783203125,2460.8935546875,2462.223388671875,2460.8935546875,2459.037109375,2459.337646484375,2458.994384765625,2451.165283203125,2457.653076171875,2522.0,2282.0
131.25,2359.9775390625,2460.8935546875,2460.8935546875,2460.8935546875,2457.708984375,2459.337646484375,2458.994384765625,2451.16552734375,2457.653076171875,2522.0,2282.0
131.5,2361.052734375,2460.8935546875,2460.8935546875,2460.8935546875,2457.62353515625,2459.31396484375,2459.03564453125,2451.12939453125,2457.5625,2522.0,2282.0
131.75,2361.046630859375,2460.8935546875,2460.8935546875,2460.8935546875,2457.623779296875,2459.31396484375,2459.03564453125,2451.12939453125,2457.5625,2522.0,2282.0
132.0,2361.046142578125,2460.8935546875,2460.8935546875,2460.8935546875,2457.62353515625,2459.31396484375,2459.03564453125,2451.129150390625,2458.890625,2522.0,2282.0
132.25,2362.32763671875,2460.8935546875,2460.8935546875,2460.8935546875,2457.623779296875,2459.31396484375,2459.03564453125,2451.12939453125,2457.5625,2522.0,2282.0
132.5,2361.059326171875,2462.223388671875,2460.8935546875,2460.8935546875,2457.62353515625,2460.64306640625,2459.03564453125,2451.12939453125,2457.5625,2522.0,2282.0
132.75,2361.04541015625,2460.8935546875,2460.8935546875,2460.8935546875,2457.623779296875,2459.31396484375,2459.03564453125,2452.453857421875,2457.5625,2522.0,2282.0
133.0,2361.04541015625,2460.8935546875,2460.8935546875,2460.8935546875,2457.62353515625,2459.31396484375,2459.03564453125,2451.12939453125,2457.5625,2522.0,2282.0
133.25,2361.047607421875,2460.8935546875,2462.223388671875,2460.8935546875,2458.95166015625,2459.31396484375,2459.03564453125,2451.13134765625,2457.5634765625,2522.0,2282.0
133.5,2360.20458984375,2460.8935546875,2460.8935546875,2460.8935546875,2457.7529296875,2459.221435546875,2458.97509765625,2451.31396484375,2457.525146484375,2522.0,2282.0
133.75,2360.21142578125,2460.8935546875,2460.8935546875,2460.8935546875,2457.7529296875,2459.221435546875,2458.97509765625,2451.313720703125,2457.525146484375,2522.0,2282.0
134.0,2360.207763671875,2460.8935546875,2460.8935546875,2460.8935546875,2457.7529296875,2459.221435546875,2458.97509765625,2451.31396484375,2457.525146484375,2522.0,2282.0
134.25,2360.2041015625,2460.8935546875,2460.8935546875,2462.223388671875,2457.7529296875,2459.221435546875,2460.3037109375,2451.31396484375,2457.525146484375,2522.0,2282.0
134.5,2360.22509765625,2460.8935546875,2460.8935546875,2460.8935546875,2457.7529296875,2459.221435546875,2458.97509765625,2451.31396484375,2457.52490234375,2522.0,2282.0
134.75,2361.4853515625,2462.223388671875,2460.8935546875,2460.8935546875,2457.7529296875,2460.550537109375,2458.97509765625,2451.31396484375,2457.52490234375,2522.0,2282.0
135.0,2360.217529296875,2460.8935546875,2460.8935546875,2460.8935546875,2457.7529296875,2459.2216796875,2458.97509765625,2452.638671875,2457.52490234375,2522.0,2282.0
135.25,2360.20458984375,2460.8935546875,2462.223388671875,2460.8935546875,2459.0810546875,2459.221435546875,2458.97509765625,2451.313720703125,2457.526123046875,2522.0,2282.0
135.5,2358.913330078125,2460.8935546875,2460.8935546875,2460.8935546875,2457.8447265625,2459.2470703125,2458.90478515625,2451.46875,2457.51416015625,2522.0,2282.0
135.75,2358.9189453125,2460.8935546875,2460.8935546875,2460.8935546875,2457.8447265625,2459.2470703125,2458.90478515625,2451.46875,2457.51318359375,2522.0,2282.0
136.0,2358.91259765625,2460.8935546875,2460.8935546875,2460.8935546875,2457.8447265625,2459.2470703125,2458.90478515625,2451.46875,2457.51318359375,2522.0,2282.0
136.25,2358.912353515625,2460.8935546875,2460.8935546875,2460.8935546875,2457.8447265625,2459.2470703125,2458.90478515625,2451.46875,2458.841064453125,2522.0,2282.0
136.5,2358.912109375,2460.8935546875,2460.8935546875,2460.8935546875,2457.8447265625,2459.2470703125,2458.90478515625,2451.468994140625,2458.841064453125,2522.0,2282.0
136.75,2358.911865234375,2460.8935546875,2460.8935546875,2460.8935546875,2457.8447265625,2459.2470703125,2458.90478515625,2451.46875,2457.51318359375,2522.0,2282.0
137.0,2360.194091796875,2462.223388671875,2460.8935546875,2460.8935546875,2457.8447265625,2460.576171875,2458.90478515625,2451.46875,2457.512939453125,2522.0,2282.0
137.25,2358.911865234375,2460.8935546875,2460.8935546875,2460.8935546875,2457.8447265625,2459.2470703125,2458.90478515625,2452.793701171875,2457.51318359375,2522.0,2282.0
137.5,2413.953125,2460.8935546875,2460.8935546875,2460.8935546875,2459.412353515625,2460.127197265625,2459.99560546875,2456.75146484375,2459.26806640625,2522.0,2282.0
137.75,2413.953857421875,2460.8935546875,2460.8935546875,2460.8935546875,2459.412353515625,2460.127197265625,2459.99560546875,2456.75146484375,2459.268798828125,2522.0,2282.0
138.0,2413.955322265625,2460.8935546875,2460.8935546875,2460.8935546875,2459.412353515625,2460.127197265625,2459.99560546875,2456.75244140625,2459.268798828125,2522.0,2282.0
138.25,2413.95654296875,2460.8935546875,2460.8935546875,2460.8935546875,2459.412353515625,2460.127197265625,2459.99560546875,2456.75146484375,2459.268310546875,2522.0,2282.0
138.5,2413.95751953125,2460.8935546875,2460.8935546875,2460.8935546875,2459.412353515625,2460.127197265625,2459.99560546875,2456.75146484375,2459.268310546875,2522.0,2282.0
138.75,2413.953857421875,2460.8935546875,2460.8935546875,2462.223388671875,2459.412353515625,2460.127197265625,2461.324951171875,2456.75146484375,2459.268310546875,2522.0,2282.0
139.0,2413.953857421875,2460.8935546875,2460.8935546875,2460.8935546875,2459.412353515625,2460.127197265625,2459.99560546875,2456.75146484375,2459.268310546875,2522.0,2282.0
139.25,2415.265625,2462.223388671875,2460.8935546875,2460.8935546875,2459.412353515625,2461.45654296875,2459.99560546875,2458.080322265625,2459.268310546875,2522.0,2282.0
139.5,2411.749267578125,2460.8935546875,2460.8935546875,2460.8935546875,2459.504150390625,2460.0849609375,2460.049560546875,2457.12548828125,2459.308837890625,2522.0,2282.0
139.75,2411.749267578125,2460.8935546875,2462.223388671875,2460.8935546875,2460.833251953125,2460.084716796875,2460.049560546875,2457.12548828125,2459.308837890625,2522.0,2282.0
140.0,2411.7490234375,2460.8935546875,2460.8935546875,2460.8935546875,2459.504150390625,2460.0849609375,2460.049560546875,2457.12548828125,2459.309326171875,2522.0,2282.0
140.25,2411.748779296875,2460.8935546875,2460.8935546875,2460.8935546875,2459.504150390625,2460.084716796875,2460.049560546875,2457.12646484375,2459.309326171875,2522.0,2282.0
140.5,2411.74853515625,2460.8935546875,2460.8935546875,2460.8935546875,2459.504150390625,2460.0849609375,2460.049560546875,2457.12548828125,2459.308837890625,2522.0,2282.0
140.75,2411.749267578125,2460.8935546875,2460.8935546875,2460.8935546875,2459.504150390625,2460.084716796875,2460.049560546875,2457.12548828125,2459.308837890625,2522.0,2282.0
141.0,2411.749267578125,2460.8935546875,2460.8935546875,2462.223388671875,2459.504150390625,2460.084716796875,2461.37890625,2457.12548828125,2459.308837890625,2522.0,2282.0
141.25,2411.7490234375,2460.8935546875,2460.8935546875,2460.8935546875,2459.50390625,2460.084716796875,2460.049560546875,2457.12548828125,2459.308837890625,2522.0,2282.0
141.5,2414.961669921875,2462.223388671875,2460.8935546875,2460.8935546875,2459.417236328125,2461.359130859375,2460.122802734375,2458.175537109375,2459.307373046875,2522.0,2282.0
141.75,2413.65625,2460.8935546875,2460.8935546875,2460.8935546875,2459.417236328125,2460.02978515625,2460.122802734375,2456.846435546875,2459.307373046875,2522.0,2282.0
142.0,2413.650390625,2460.8935546875,2460.8935546875,2460.8935546875,2459.417236328125,2460.029541015625,2460.122802734375,2456.846435546875,2459.307373046875,2522.0,2282.0
142.25,2413.650146484375,2460.8935546875,2462.223388671875,2460.8935546875,2460.74609375,2460.02978515625,2460.122802734375,2456.8466796875,2459.307861328125,2522.0,2282.0
142.5,2413.6513671875,2460.8935546875,2460.8935546875,2460.8935546875,2459.417236328125,2460.029541015625,2460.122802734375,2456.847412109375,2459.307861328125,2522.0,2282.0
142.75,2413.652587890625,2460.8935546875,2460.8935546875,2460.8935546875,2459.417236328125,2460.02978515625,2460.122802734375,2456.846435546875,2459.307373046875,2522.0,2282.0
143.0,2413.653564453125,2460.8935546875,2460.8935546875,2460.8935546875,2459.417236328125,2460.029541015625,2460.122802734375,2456.846435546875,2459.307373046875,2522.0,2282.0
143.25,2413.650146484375,2460.8935546875,2460.8935546875,2460.8935546875,2459.417236328125,2460.02978515625,2460.122802734375,2456.846435546875,2460.63623046875,2522.0,2282.0
143.5,2411.899169921875,2460.8935546875,2460.8935546875,2460.8935546875,2459.562255859375,2459.98291015625,2461.46826171875,2457.05224609375,2459.291259765625,2522.0,2282.0
143.75,2411.899169921875,2460.8935546875,2460.8935546875,2460.8935546875,2459.562255859375,2459.98291015625,2460.138671875,2457.05224609375,2459.291259765625,2522.0,2282.0
144.0,2413.202392578125,2460.8935546875,2460.8935546875,2460.8935546875,2459.562255859375,2461.312255859375,2460.138671875,2458.380126953125,2459.29150390625,2522.0,2282.0
144.25,2411.8994140625,2460.8935546875,2460.8935546875,2460.8935546875,2459.562255859375,2459.98291015625,2460.138671875,2457.05224609375,2459.291259765625,2522.0,2282.0
144.5,2411.89892578125,2460.8935546875,2462.223388671875,2460.8935546875,2460.891357421875,2459.98291015625,2460.138671875,2457.05224609375,2459.291259765625,2522.0,2282.0
144.75,2411.898681640625,2460.8935546875,2460.8935546875,2460.8935546875,2459.562255859375,2459.98291015625,2460.138671875,2457.05322265625,2459.291748046875,2522.0,2282.0
145.0,2411.90185546875,2460.8935546875,2460.8935546875,2460.8935546875,2459.562255859375,2459.98291015625,2460.138671875,2457.05224609375,2459.29150390625,2522.0,2282.0
145.25,2411.9052734375,2460.8935546875,2460.8935546875,2460.8935546875,2459.562255859375,2459.98291015625,2460.138671875,2457.05224609375,2459.291259765625,2522.0,2282.0
145.5,2412.337890625,2460.8935546875,2460.8935546875,2462.223388671875,2459.513671875,2460.02978515625,2461.356689453125,2457.030517578125,2459.269775390625,2522.0,2282.0
145.75,2412.3369140625,2460.8935546875,2460.8935546875,2460.8935546875,2459.513671875,2460.02978515625,2460.027099609375,2457.030517578125,2459.269775390625,2522.0,2282.0
146.0,2412.3369140625,2462.223388671875,2460.8935546875,2460.8935546875,2459.513671875,2461.359130859375,2460.027099609375,2458.358154296875,2459.269775390625,2522.0,2282.0
146.25,2412.3505859375,2460.8935546875,2460.8935546875,2460.8935546875,2459.513671875,2460.02978515625,2460.027099609375,2457.030517578125,2459.269775390625,2522.0,2282.0
146.5,2412.337158203125,2460.8935546875,2460.8935546875,2460.8935546875,2459.513671875,2460.02978515625,2460.027099609375,2457.030517578125,2459.269775390625,2522.0,2282.0
146.75,2412.336669921875,2460.8935546875,2460.8935546875,2460.8935546875,2459.513671875,2460.02978515625,2460.027099609375,2457.030517578125,2459.270263671875,2522.0,2282.0
147.0,2412.33642578125,2460.8935546875,2460.8935546875,2460.8935546875,2459.513671875,2460.02978515625,2460.027099609375,2457.030517578125,2459.270263671875,2522.0,2282.0
147.25,2412.33935546875,2460.8935546875,2460.8935546875,2460.8935546875,2459.513671875,2460.02978515625,2460.027099609375,2457.030517578125,2459.269775390625,2522.0,2282.0
147.5,2412.033447265625,2460.8935546875,2460.8935546875,2460.8935546875,2459.64501953125,2459.778076171875,2460.124267578125,2456.99462890625,2459.1796875,2522.0,2282.0
147.75,2412.03271484375,2460.8935546875,2460.8935546875,2462.223388671875,2459.64501953125,2459.7783203125,2461.453857421875,2456.99462890625,2459.1796875,2522.0,2282.0
148.0,2412.03271484375,2460.8935546875,2460.8935546875,2460.8935546875,2459.64501953125,2459.778076171875,2461.453857421875,2456.99462890625,2459.1796875,2522.0,2282.0
148.25,2412.03271484375,2462.223388671875,2460.8935546875,2460.8935546875,2459.64501953125,2461.107421875,2460.124267578125,2456.99560546875,2459.1796875,2522.0,2282.0
148.5,2412.0322265625,2460.8935546875,2460.8935546875,2460.8935546875,2459.64501953125,2459.778076171875,2460.124267578125,2456.99462890625,2459.18017578125,2522.0,2282.0
148.75,2412.039306640625,2460.8935546875,2462.223388671875,2460.8935546875,2460.97412109375,2459.7783203125,2460.124267578125,2456.99462890625,2459.1796875,2522.0,2282.0
149.0,2412.032470703125,2460.8935546875,2460.8935546875,2460.8935546875,2459.64501953125,2459.778076171875,2460.12451171875,2456.99462890625,2459.180419921875,2522.0,2282.0
149.25,2412.0322265625,2460.8935546875,2460.8935546875,2460.8935546875,2459.64501953125,2459.778076171875,2460.124267578125,2456.99560546875,2459.18017578125,2522.0,2282.0
149.5,2415.872802734375,2460.8935546875,2460.8935546875,2460.8935546875,2459.355712890625,2459.64697265625,2460.313720703125,2456.930419921875,2458.95263671875,2522.0,2282.0
149.75,2415.872802734375,2460.8935546875,2460.8935546875,2460.8935546875,2459.355712890625,2459.64697265625,2460.313720703125,2456.930419921875,2458.952392578125,2522.0,2282.0
150.0,2415.872802734375,2460.8935546875,2460.8935546875,2462.223388671875,2459.355712890625,2459.64697265625,2461.643310546875,2456.930419921875,2458.95263671875,2522.0,2282.0
150.25,2415.87255859375,2462.223388671875,2460.8935546875,2460.8935546875,2459.355712890625,2459.64697265625,2460.313720703125,2456.930419921875,2458.952392578125,2522.0,2282.0
150.5,2415.87255859375,2460.8935546875,2460.8935546875,2460.8935546875,2459.355712890625,2459.64697265625,2460.313720703125,2458.25830078125,2458.952392578125,2522.0,2282.0
150.75,2415.878662109375,2460.8935546875,2460.8935546875,2460.8935546875,2459.355712890625,2459.64697265625,2460.313720703125,2456.930419921875,2458.952392578125,2522.0,2282.0
151.0,2415.872314453125,2460.8935546875,2462.223388671875,2460.8935546875,2460.684814453125,2459.64697265625,2460.313720703125,2456.9306640625,2458.95263671875,2522.0,2282.0
151.25,2415.87353515625,2460.8935546875,2460.8935546875,2460.8935546875,2459.355712890625,2459.64697265625,2460.313720703125,2456.931640625,2458.953125,2522.0,2282.0
151.5,2415.083984375,2460.8935546875,2460.8935546875,2460.8935546875,2459.3857421875,2459.5830078125,2460.345703125,2456.879150390625,2458.95654296875,2522.0,2282.0
151.75,2415.087646484375,2460.8935546875,2460.8935546875,2460.8935546875,2459.3857421875,2459.5830078125,2460.345703125,2456.879150390625,2458.95654296875,2522.0,2282.0
152.0,2415.084228515625,2460.8935546875,2460.8935546875,2460.8935546875,2459.3857421875,2459.5830078125,2461.67529296875,2456.879150390625,2458.95654296875,2522.0,2282.0
152.25,2415.084228515625,2460.8935546875,2460.8935546875,2460.8935546875,2459.3857421875,2459.5830078125,2460.345703125,2456.879150390625,2458.95654296875,2522.0,2282.0
152.5,2415.083984375,2462.223388671875,2460.8935546875,2460.8935546875,2459.3857421875,2459.5830078125,2460.345703125,2456.879150390625,2458.956298828125,2522.0,2282.0
152.75,2415.083984375,2460.8935546875,2460.8935546875,2460.8935546875,2459.3857421875,2459.5830078125,2460.345703125,2458.206787109375,2458.95654296875,2522.0,2282.0
153.0,2415.096923828125,2460.8935546875,2460.8935546875,2460.8935546875,2459.3857421875,2459.5830078125,2460.345703125,2456.879150390625,2458.95654296875,2522.0,2282.0
153.25,2415.090087890625,2460.8935546875,2462.223388671875,2460.8935546875,2460.714599609375,2459.5830078125,2460.345703125,2456.879150390625,2458.95654296875,2522.0,2282.0
153.5,2415.538330078125,2460.8935546875,2460.8935546875,2460.8935546875,2459.332763671875,2459.529541015625,2460.610107421875,2456.763427734375,2458.896484375,2522.0,2282.0
153.75,2415.538330078125,2460.8935546875,2460.8935546875,2460.8935546875,2459.332763671875,2459.529296875,2460.610107421875,2456.76220703125,2458.896484375,2522.0,2282.0
154.0,2415.53759765625,2460.8935546875,2460.8935546875,2460.8935546875,2459.332763671875,2459.529541015625,2460.60986328125,2456.76220703125,2458.895751953125,2522.0,2282.0
154.25,2415.537841796875,2460.8935546875,2460.8935546875,2462.223388671875,2459.332763671875,2459.529541015625,2460.610107421875,2456.76220703125,2460.224609375,2522.0,2282.0
154.5,2415.536865234375,2460.8935546875,2460.8935546875,2460.8935546875,2459.332763671875,2459.529541015625,2460.610107421875,2456.76220703125,2458.895751953125,2522.0,2282.0
154.75,2415.536865234375,2462.223388671875,2460.8935546875,2460.8935546875,2459.332763671875,2459.529541015625,2460.610107421875,2456.76220703125,2458.895751953125,2522.0,2282.0
155.0,2415.536865234375,2460.8935546875,2460.8935546875,2460.8935546875,2459.332763671875,2459.529541015625,2460.60986328125,2458.08984375,2458.895751953125,2522.0,2282.0
155.25,2415.54345703125,2460.8935546875,2460.8935546875,2460.8935546875,2459.332763671875,2459.529541015625,2460.610107421875,2456.76220703125,2458.895751953125,2522.0,2282.0
155.5,2413.93896484375,2460.8935546875,2460.8935546875,2460.8935546875,2459.22705078125,2459.584716796875,2460.728271484375,2456.562744140625,2459.028076171875,2522.0,2282.0
155.75,2413.93896484375,2460.8935546875,2460.8935546875,2460.8935546875,2459.22705078125,2459.58447265625,2460.728271484375,2456.563720703125,2459.028076171875,2522.0,2282.0
156.0,2413.941162109375,2460.8935546875,2460.8935546875,2460.8935546875,2459.22705078125,2459.584716796875,2460.728271484375,2456.562744140625,2459.02734375,2522.0,2282.0
156.25,2413.939697265625,2460.8935546875,2460.8935546875,2460.8935546875,2459.22705078125,2459.58447265625,2460.728271484375,2456.562744140625,2459.027587890625,2522.0,2282.0
156.5,2413.939208984375,2460.8935546875,2460.8935546875,2462.223388671875,2459.22705078125,2459.584716796875,2460.728271484375,2456.562744140625,2460.356201171875,2522.0,2282.0
156.75,2413.93994140625,2460.8935546875,2460.8935546875,2462.223388671875,2459.22705078125,2459.58447265625,2462.05810546875,2456.562744140625,2459.027587890625,2522.0,2282.0
157.0,2413.93896484375,2462.223388671875,2460.8935546875,2460.8935546875,2459.227294921875,2459.58447265625,2460.728271484375,2456.56396484375,2459.02734375,2522.0,2282.0
157.25,2415.243408203125,2460.8935546875,2460.8935546875,2460.8935546875,2459.22705078125,2459.58447265625,2460.728271484375,2457.89013671875,2459.027587890625,2522.0,2282.0
157.5,2414.635009765625,2460.8935546875,2460.8935546875,2460.8935546875,2459.361572265625,2459.2392578125,2460.89208984375,2456.621826171875,2458.976318359375,2522.0,2282.0
157.75,2414.62841796875,2460.8935546875,2460.8935546875,2460.8935546875,2459.361572265625,2459.2392578125,2460.89208984375,2456.621826171875,2458.9765625,2522.0,2282.0
158.0,2414.630126953125,2460.8935546875,2460.8935546875,2460.8935546875,2459.361572265625,2459.2392578125,2460.89208984375,2456.623046875,2458.97705078125,2522.0,2282.0
158.25,2414.630859375,2460.8935546875,2460.8935546875,2460.8935546875,2459.361328125,2459.2392578125,2460.89208984375,2456.621826171875,2458.9765625,2522.0,2282.0
158.5,2414.628662109375,2460.8935546875,2460.8935546875,2460.8935546875,2459.361572265625,2459.2392578125,2460.89208984375,2456.621826171875,2458.976318359375,2522.0,2282.0
158.75,2414.6318359375,2460.8935546875,2460.8935546875,2460.8935546875,2459.361328125,2459.2392578125,2460.89208984375,2456.621826171875,2458.976318359375,2522.0,2282.0
159.0,2414.628662109375,2460.8935546875,2460.8935546875,2460.8935546875,2459.361572265625,2459.2392578125,2460.89208984375,2456.621826171875,2458.976318359375,2522.0,2282.0
159.25,2414.628662109375,2462.223388671875,2460.8935546875,2460.8935546875,2459.361328125,2459.2392578125,2460.89208984375,2456.623046875,2458.976318359375,2522.0,2282.0
159.5,2416.482177734375,2460.8935546875,2460.8935546875,2460.8935546875,2459.4736328125,2459.029541015625,2460.87548828125,2457.54541015625,2458.961181640625,2522.0,2282.0
159.75,2416.482177734375,2460.8935546875,2460.8935546875,2460.8935546875,2459.4736328125,2459.029541015625,2460.87548828125,2456.218017578125,2458.961181640625,2522.0,2282.0
160.0,2416.487060546875,2460.8935546875,2462.223388671875,2460.8935546875,2460.802734375,2459.029541015625,2460.87548828125,2456.21923828125,2458.9619140625,2522.0,2282.0
160.25,2416.4833984375,2460.8935546875,2460.8935546875,2460.8935546875,2459.4736328125,2459.029541015625,2460.87548828125,2456.21923828125,2458.9619140625,2522.0,2282.0
160.5,2416.482177734375,2460.8935546875,2460.8935546875,2460.8935546875,2459.4736328125,2459.029541015625,2460.87548828125,2456.218017578125,2458.961181640625,2522.0,2282.0
160.75,2416.482177734375,2460.8935546875,2460.8935546875,2460.8935546875,2459.4736328125,2459.029541015625,2460.87548828125,2456.218017578125,2458.961181640625,2522.0,2282.0
161.0,2416.485595703125,2460.8935546875,2460.8935546875,2460.8935546875,2459.4736328125,2459.029541015625,2460.87548828125,2456.218017578125,2458.961181640625,2522.0,2282.0
161.25,2416.482177734375,2460.8935546875,2460.8935546875,2460.8935546875,2459.4736328125,2459.029541015625,2460.87548828125,2456.218017578125,2458.961181640625,2522.0,2282.0
161.5,2419.491455078125,2460.8935546875,2460.8935546875,2460.8935546875,2459.559326171875,2458.922119140625,2460.73779296875,2456.063720703125,2458.97314453125,2522.0,2282.0
161.75,2419.4912109375,2460.8935546875,2460.8935546875,2460.8935546875,2459.559326171875,2458.922119140625,2460.73779296875,2457.390869140625,2458.97314453125,2522.0,2282.0
162.0,2420.805908203125,2460.8935546875,2460.8935546875,2460.8935546875,2459.559326171875,2458.922119140625,2460.73779296875,2456.063720703125,2458.97314453125,2522.0,2282.0
162.25,2419.4921875,2460.8935546875,2462.223388671875,2460.8935546875,2460.888427734375,2458.922119140625,2460.73779296875,2456.06494140625,2458.97314453125,2522.0,2282.0
162.5,2419.492919921875,2460.8935546875,2460.893310546875,2460.8935546875,2459.559326171875,2458.922119140625,2460.73779296875,2456.064697265625,2458.973876953125,2522.0,2282.0
162.75,2419.4921875,2460.8935546875,2460.8935546875,2460.8935546875,2459.559326171875,2458.922119140625,2460.73779296875,2456.0634765625,2458.97314453125,2522.0,2282.0
163.0,2419.491943359375,2460.8935546875,2460.8935546875,2460.8935546875,2459.559326171875,2458.922119140625,2460.73779296875,2456.063720703125,2458.97314453125,2522.0,2282.0
163.25,2419.49169921875,2460.8935546875,2460.8935546875,2462.223388671875,2459.559326171875,2458.922119140625,2460.73779296875,2456.063720703125,2460.302001953125,2522.0,2282.0
163.5,2416.866943359375,2460.8935546875,2460.8935546875,2462.223388671875,2459.599609375,2459.18505859375,2461.948486328125,2456.4443359375,2459.129638671875,2522.0,2282.0
163.75,2416.86669921875,2462.223388671875,2460.8935546875,2460.8935546875,2459.599609375,2459.18505859375,2460.61865234375,2456.445556640625,2459.12939453125,2522.0,2282.0
164.0,2416.86669921875,2460.8935546875,2460.8935546875,2460.8935546875,2459.599609375,2459.18505859375,2460.618896484375,2457.771728515625,2459.129638671875,2522.0,2282.0
164.25,2416.86669921875,2460.8935546875,2460.8935546875,2460.8935546875,2459.599609375,2459.18505859375,2460.61865234375,2456.4443359375,2459.129638671875,2522.0,2282.0
164.5,2416.86669921875,2460.8935546875,2462.223388671875,2460.8935546875,2460.9287109375,2459.18505859375,2460.618896484375,2456.4443359375,2459.130126953125,2522.0,2282.0
164.75,2416.867919921875,2460.8935546875,2460.8935546875,2460.8935546875,2459.599609375,2459.18505859375,2460.618896484375,2456.4453125,2459.130126953125,2522.0,2282.0
165.0,2416.86669921875,2460.8935546875,2460.8935546875,2460.8935546875,2459.599609375,2459.18505859375,2460.618896484375,2456.4443359375,2459.129638671875,2522.0,2282.0
165.25,2416.867431640625,2460.8935546875,2460.8935546875,2460.8935546875,2459.599609375,2459.18505859375,2460.618896484375,2456.4443359375,2459.129638671875,2522.0,2282.0
165.5,2457.0791015625,2460.8935546875,2460.8935546875,2460.8935546875,2460.88525390625,2460.08203125,2461.594482421875,2460.374267578125,2460.818359375,2522.0,2282.0
165.75,2457.07958984375,2460.8935546875,2460.8935546875,2460.8935546875,2460.88525390625,2460.08203125,2461.594482421875,2460.374267578125,2460.818115234375,2522.0,2282.0
166.0,2457.07958984375,2460.8935546875,2460.8935546875,2460.8935546875,2460.88525390625,2461.41162109375,2461.594482421875,2460.374267578125,2460.818115234375,2522.0,2282.0
166.25,2457.079345703125,2460.8935546875,2460.8935546875,2460.8935546875,2460.88525390625,2460.08203125,2461.594482421875,2460.374267578125,2460.818115234375,2522.0,2282.0
166.5,2458.4072265625,2460.8935546875,2460.8935546875,2460.8935546875,2460.88525390625,2460.08203125,2461.594482421875,2460.374267578125,2460.818359375,2522.0,2282.0
166.75,2457.080078125,2460.8935546875,2462.223388671875,2460.8935546875,2462.215087890625,2460.08203125,2461.594482421875,2460.374267578125,2460.818115234375,2522.0,2282.0
167.0,2457.07861328125,2460.8935546875,2460.8935546875,2460.8935546875,2460.88525390625,2460.08203125,2461.594482421875,2460.374267578125,2460.818359375,2522.0,2282.0
167.25,2457.07958984375,2460.8935546875,2460.8935546875,2460.8935546875,2460.88525390625,2460.08203125,2461.594482421875,2460.374267578125,2460.818115234375,2522.0,2282.0
167.5,2459.464599609375,2460.8935546875,2460.8935546875,2460.8935546875,2460.529052734375,2460.142333984375,2461.68310546875,2460.109619140625,2460.88525390625,2522.0,2282.0
167.75,2459.464599609375,2460.8935546875,2460.8935546875,2462.223388671875,2460.529052734375,2460.142333984375,2461.68310546875,2460.109619140625,2460.88525390625,2522.0,2282.0
168.0,2459.46484375,2460.8935546875,2460.8935546875,2460.8935546875,2460.529052734375,2460.142333984375,2461.68310546875,2460.110107421875,2460.88525390625,2522.0,2282.0
168.25,2459.464599609375,2462.223388671875,2460.8935546875,2460.8935546875,2460.529052734375,2460.142333984375,2461.68310546875,2461.439453125,2460.88525390625,2522.0,2282.0
168.5,2459.464599609375,2462.223388671875,2460.8935546875,2460.8935546875,2460.529052734375,2461.471923828125,2461.682861328125,2461.439208984375,2460.885009765625,2522.0,2282.0
168.75,2459.46240234375,2460.8935546875,2460.8935546875,2460.8935546875,2460.529052734375,2460.142333984375,2461.68310546875,2460.109619140625,2460.88525390625,2522.0,2282.0
169.0,2459.464599609375,2460.8935546875,2462.223388671875,2460.8935546875,2461.858642578125,2460.142333984375,2461.68310546875,2460.109619140625,2460.88525390625,2522.0,2282.0
169.25,2459.464111328125,2460.8935546875,2460.8935546875,2460.8935546875,2460.529052734375,2460.142333984375,2461.68310546875,2460.109619140625,2460.88525390625,2522.0,2282.0
169.5,2457.040283203125,2460.8935546875,2460.8935546875,2460.8935546875,2460.9443359375,2459.888916015625,2461.52392578125,2460.476806640625,2460.81005859375,2522.0,2282.0
169.75,2457.041015625,2460.8935546875,2460.8935546875,2460.8935546875,2460.9443359375,2459.888916015625,2461.52392578125,2460.476806640625,2460.810302734375,2522.0,2282.0
170.0,2457.041015625,2460.8935546875,2460.8935546875,2460.8935546875,2460.9443359375,2459.888916015625,2461.52392578125,2460.476806640625,2460.810302734375,2522.0,2282.0
170.25,2457.041259765625,2460.8935546875,2460.8935546875,2460.8935546875,2460.9443359375,2459.888916015625,2461.52392578125,2460.47705078125,2460.810302734375,2522.0,2282.0
170.5,2457.041015625,2462.223388671875,2460.8935546875,2460.8935546875,2460.9443359375,2459.888916015625,2461.52392578125,2461.806640625,2460.81005859375,2522.0,2282.0
170.75,2457.041015625,2460.8935546875,2460.8935546875,2460.8935546875,2460.9443359375,2459.888916015625,2461.52392578125,2460.476806640625,2460.810302734375,2522.0,2282.0
171.0,2457.04150390625,2460.8935546875,2460.8935546875,2460.8935546875,2460.9443359375,2459.888916015625,2461.52392578125,2460.476806640625,2460.81005859375,2522.0,2282.0
171.25,2457.039794921875,2460.8935546875,2460.8935546875,2460.8935546875,2460.9443359375,2459.888916015625,2461.52392578125,2460.476806640625,2460.810302734375,2522.0,2282.0
171.5,2456.298583984375,2460.8935546875,2460.8935546875,2460.8935546875,2460.91845703125,2459.894287109375,2461.49853515625,2461.07861328125,2460.69384765625,2522.0,2282.0
171.75,2456.29931640625,2460.8935546875,2460.8935546875,2460.8935546875,2460.91845703125,2459.894287109375,2461.49853515625,2461.07861328125,2460.69384765625,2522.0,2282.0
172.0,2456.299072265625,2460.8935546875,2460.8935546875,2460.8935546875,2460.91845703125,2459.894287109375,2461.49853515625,2461.07861328125,2460.69384765625,2522.0,2282.0
172.25,2456.29931640625,2460.8935546875,2460.8935546875,2460.8935546875,2460.91845703125,2459.894287109375,2461.49853515625,2461.07861328125,2462.0234375,2522.0,2282.0
172.5,2456.29931640625,2460.8935546875,2460.8935546875,2460.8935546875,2460.91845703125,2459.894287109375,2461.49853515625,2461.078369140625,2460.69384765625,2522.0,2282.0
172.75,2456.29931640625,2460.8935546875,2460.8935546875,2460.8935546875,2460.91845703125,2461.2236328125,2461.49853515625,2461.07861328125,2460.69384765625,2522.0,2282.0
173.0,2456.29931640625,2460.8935546875,2460.8935546875,2460.8935546875,2460.91845703125,2459.894287109375,2461.49853515625,2461.07861328125,2460.69384765625,2522.0,2282.0
173.25,2456.299560546875,2460.8935546875,2460.8935546875,2460.8935546875,2460.91845703125,2459.894287109375,2461.498779296875,2461.07861328125,2460.69384765625,2522.0,2282.0
173.5,2457.62158203125,2460.8935546875,2460.8935546875,2460.8935546875,2460.842529296875,2459.9462890625,2461.613037109375,2460.683837890625,2460.6318359375,2522.0,2282.0
173.75,2457.622802734375,2460.8935546875,2460.8935546875,2460.8935546875,2460.842529296875,2459.9462890625,2461.61328125,2460.683837890625,2460.632080078125,2522.0,2282.0
174.0,2457.622802734375,2460.8935546875,2460.8935546875,2460.8935546875,2460.842529296875,2459.9462890625,2461.613037109375,2460.683837890625,2460.6318359375,2522.0,2282.0
174.25,2457.622802734375,2460.8935546875,2460.8935546875,2460.8935546875,2460.842529296875,2459.9462890625,2461.61328125,2460.683837890625,2460.632080078125,2522.0,2282.0
174.5,2457.622802734375,2460.8935546875,2460.8935546875,2460.8935546875,2460.842529296875,2459.9462890625,2461.61328125,2460.683837890625,2461.961669921875,2522.0,2282.0
174.75,2457.622802734375,2460.8935546875,2460.8935546875,2460.8935546875,2460.842529296875,2459.9462890625,2461.61328125,2460.68359375,2460.632080078125,2522.0,2282.0
175.0,2457.622802734375,2460.8935546875,2460.8935546875,2460.8935546875,2460.842529296875,2461.275634765625,2461.613037109375,2460.683837890625,2460.6318359375,2522.0,2282.0
175.25,2457.623291015625,2460.8935546875,2460.8935546875,2460.8935546875,2460.842529296875,2459.9462890625,2461.61328125,2460.683837890625,2460.632080078125,2522.0,2282.0
175.5,2456.221923828125,2460.8935546875,2460.8935546875,2460.8935546875,2460.926025390625,2460.31640625,2461.25390625,2460.56982421875,2461.01123046875,2522.0,2282.0
175.75,2456.222900390625,2460.8935546875,2460.8935546875,2460.8935546875,2460.926025390625,2460.31640625,2461.254150390625,2460.56982421875,2461.01123046875,2522.0,2282.0
176.0,2456.22265625,2460.8935546875,2460.8935546875,2460.8935546875,2460.926025390625,2460.31640625,2461.25390625,2460.56982421875,2461.01123046875,2522.0,2282.0
176.25,2456.222900390625,2460.8935546875,2460.8935546875,2460.8935546875,2460.926025390625,2460.31640625,2461.25390625,2460.56982421875,2461.01123046875,2522.0,2282.0
176.5,2456.222900390625,2460.8935546875,2460.8935546875,2460.8935546875,2460.926025390625,2460.31640625,2461.25390625,2460.56982421875,2461.01123046875,2522.0,2282.0
176.75,2456.222900390625,2460.8935546875,2460.8935546875,2462.223388671875,2460.926025390625,2460.31640625,2462.583984375,2460.56982421875,2462.34130859375,2522.0,2282.0
177.0,2456.222900390625,2460.8935546875,2460.8935546875,2460.8935546875,2460.926025390625,2460.31640625,2461.25390625,2460.570068359375,2461.01123046875,2522.0,2282.0
177.25,2456.222900390625,2460.8935546875,2460.8935546875,2460.8935546875,2460.926025390625,2461.64599609375,2461.25390625,2460.56982421875,2461.01123046875,2522.0,2282.0
177.5,2456.31982421875,2460.8935546875,2460.8935546875,2460.8935546875,2460.947021484375,2460.1787109375,2461.211669921875,2460.76123046875,2460.927001953125,2522.0,2282.0
177.75,2456.319580078125,2460.8935546875,2460.8935546875,2460.8935546875,2460.947021484375,2460.178955078125,2461.211669921875,2460.76123046875,2460.927001953125,2522.0,2282.0
178.0,2456.31982421875,2460.8935546875,2460.8935546875,2460.8935546875,2460.947021484375,2460.178955078125,2461.211669921875,2460.76123046875,2460.927001953125,2522.0,2282.0
178.25,2456.31982421875,2460.8935546875,2460.8935546875,2460.8935546875,2460.947021484375,2460.178955078125,2461.211669921875,2460.76123046875,2460.927001953125,2522.0,2282.0
178.5,2456.31982421875,2460.8935546875,2460.8935546875,2460.8935546875,2460.947021484375,2460.178955078125,2461.211669921875,2460.76123046875,2460.927001953125,2522.0,2282.0
178.75,2456.31982421875,2460.8935546875,2460.8935546875,2460.8935546875,2460.947021484375,2460.178955078125,2461.211669921875,2460.76123046875,2460.9267578125,2522.0,2282.0
179.0,2456.31982421875,2460.8935546875,2460.8935546875,2462.223388671875,2460.947021484375,2460.178955078125,2462.541748046875,2460.76123046875,2462.2568359375,2522.0,2282.0
179.25,2456.31982421875,2462.223388671875,2460.8935546875,2460.8935546875,2460.947021484375,2461.50830078125,2461.211669921875,2462.091064453125,2460.9267578125,2522.0,2282.0
179.5,2453.440673828125,2460.8935546875,2460.8935546875,2460.8935546875,2461.207763671875,2461.577392578125,2461.089599609375,2460.818603515625,2461.0380859375,2522.0,2282.0
179.75,2453.43994140625,2460.8935546875,2460.8935546875,2460.8935546875,2461.207763671875,2460.247802734375,2461.089599609375,2460.818603515625,2461.0380859375,2522.0,2282.0
180.0,2453.4404296875,2460.8935546875,2460.8935546875,2460.8935546875,2461.207763671875,2460.247802734375,2461.089599609375,2460.818603515625,2461.0380859375,2522.0,2282.0
180.25,2453.4404296875,2460.8935546875,2460.8935546875,2460.8935546875,2461.207763671875,2460.247802734375,2461.089599609375,2460.818603515625,2461.0380859375,2522.0,2282.0
180.5,2453.440673828125,2460.8935546875,2460.8935546875,2460.8935546875,2461.207763671875,2460.247802734375,2461.089599609375,2460.818603515625,2461.0380859375,2522.0,2282.0
180.75,2453.440673828125,2460.8935546875,2460.8935546875,2460.8935546875,2461.207763671875,2460.247802734375,2461.089599609375,2460.818603515625,2461.0380859375,2522.0,2282.0
181.0,2453.440673828125,2460.8935546875,2460.8935546875,2460.8935546875,2461.207763671875,2460.247802734375,2461.089599609375,2460.818603515625,2461.0380859375,2522.0,2282.0
181.25,2453.440673828125,2460.8935546875,2460.8935546875,2462.223388671875,2461.207763671875,2460.247802734375,2462.419677734375,2460.81884765625,2462.3681640625,2522.0,2282.0
181.5,2451.54736328125,2462.223388671875,2460.8935546875,2460.8935546875,2461.17431640625,2461.86279296875,2461.088623046875,2461.917724609375,2461.35693359375,2522.0,2282.0
181.75,2451.54736328125,2460.8935546875,2460.8935546875,2460.8935546875,2461.174560546875,2461.86279296875,2461.088623046875,2460.588134765625,2461.35693359375,2522.0,2282.0
182.0,2452.871826171875,2460.8935546875,2460.8935546875,2460.8935546875,2461.17431640625,2460.532958984375,2461.088623046875,2460.588134765625,2461.35693359375,2522.0,2282.0
182.25,2451.547119140625,2460.8935546875,2462.223388671875,2460.8935546875,2462.50439453125,2460.533203125,2461.088623046875,2460.588134765625,2461.35693359375,2522.0,2282.0
182.5,2451.547119140625,2460.8935546875,2460.8935546875,2460.8935546875,2461.17431640625,2460.532958984375,2461.088623046875,2460.587890625,2461.35693359375,2522.0,2282.0
182.75,2451.547119140625,2460.8935546875,2460.8935546875,2460.8935546875,2461.174560546875,2460.532958984375,2461.088623046875,2460.588134765625,2461.35693359375,2522.0,2282.0
183.0,2451.54736328125,2460.8935546875,2460.8935546875,2460.8935546875,2461.17431640625,2460.532958984375,2461.088623046875,2460.588134765625,2461.357177734375,2522.0,2282.0
183.25,2451.547119140625,2460.8935546875,2460.8935546875,2462.223388671875,2461.17431640625,2460.532958984375,2462.418701171875,2460.588134765625,2462.687255859375,2522.0,2282.0
183.5,2449.277099609375,2460.8935546875,2460.8935546875,2460.8935546875,2461.237060546875,2460.7548828125,2461.055908203125,2460.756103515625,2461.413330078125,2522.0,2282.0
183.75,2449.277099609375,2462.223388671875,2460.8935546875,2460.8935546875,2461.237060546875,2462.084716796875,2461.0556640625,2462.085693359375,2461.413330078125,2522.0,2282.0
184.0,2449.27734375,2460.8935546875,2460.8935546875,2460.8935546875,2461.237060546875,2460.7548828125,2461.055908203125,2460.755859375,2461.413330078125,2522.0,2282.0
184.25,2449.277587890625,2460.8935546875,2460.8935546875,2460.8935546875,2461.237060546875,2460.7548828125,2461.0556640625,2460.755859375,2461.413330078125,2522.0,2282.0
184.5,2449.277587890625,2460.8935546875,2462.223388671875,2460.8935546875,2462.567138671875,2460.7548828125,2461.055908203125,2460.756103515625,2461.413330078125,2522.0,2282.0
184.75,2449.277099609375,2460.8935546875,2460.8935546875,2460.8935546875,2461.237060546875,2460.7548828125,2461.0556640625,2460.755615234375,2461.4130859375,2522.0,2282.0
185.0,2449.27734375,2460.8935546875,2460.8935546875,2460.8935546875,2461.237060546875,2460.7548828125,2461.055908203125,2460.755859375,2461.413330078125,2522.0,2282.0
185.25,2449.277587890625,2460.8935546875,2460.8935546875,2460.8935546875,2461.237060546875,2460.7548828125,2461.0556640625,2460.755859375,2461.413330078125,2522.0,2282.0
185.5,2451.078125,2460.8935546875,2460.8935546875,2460.8935546875,2461.08740234375,2460.701171875,2460.93994140625,2461.138671875,2461.24462890625,2522.0,2282.0
185.75,2451.078125,2460.8935546875,2460.8935546875,2460.8935546875,2461.08740234375,2460.701171875,2460.93994140625,2461.138671875,2461.24462890625,2522.0,2282.0
186.0,2451.078125,2462.223388671875,2460.8935546875,2460.8935546875,2461.087158203125,2462.031005859375,2460.93994140625,2462.468505859375,2461.24462890625,2522.0,2282.0
186.25,2451.078369140625,2460.8935546875,2460.8935546875,2460.8935546875,2461.087158203125,2460.701171875,2460.93994140625,2461.138671875,2461.24462890625,2522.0,2282.0
186.5,2453.429443359375,2460.8935546875,2460.8935546875,2460.8935546875,2461.114501953125,2460.31494140625,2461.093017578125,2461.0908203125,2460.92431640625,2522.0,2282.0
186.75,2453.42919921875,2460.8935546875,2460.8935546875,2460.8935546875,2461.114501953125,2460.31494140625,2461.093017578125,2461.090576171875,2460.92431640625,2522.0,2282.0
187.0,2453.429443359375,2460.8935546875,2460.8935546875,2460.8935546875,2461.11474609375,2460.31494140625,2461.093017578125,2461.0908203125,2460.92431640625,2522.0,2282.0
187.25,2453.429443359375,2462.223388671875,2460.8935546875,2460.8935546875,2461.114501953125,2461.64453125,2461.093017578125,2462.420654296875,2460.92431640625,2522.0,2282.0
187.5,2453.4296875,2460.8935546875,2460.8935546875,2460.8935546875,2461.114501953125,2460.31494140625,2461.093017578125,2461.0908203125,2460.92431640625,2522.0,2282.0
187.75,2453.429443359375,2460.8935546875,2462.223388671875,2460.8935546875,2462.444580078125,2460.31494140625,2461.093017578125,2461.0908203125,2460.92431640625,2522.0,2282.0
188.0,2453.429443359375,2460.8935546875,2460.8935546875,2460.8935546875,2461.114501953125,2460.31494140625,2461.093017578125,2461.0908203125,2460.92431640625,2522.0,2282.0
188.25,2453.429443359375,2460.8935546875,2460.8935546875,2460.8935546875,2461.11474609375,2460.31494140625,2461.093017578125,2461.0908203125,2460.92431640625,2522.0,2282.0
188.5,2410.37451171875,2460.8935546875,2460.8935546875,2460.8935546875,2459.67919921875,2459.806640625,2460.343505859375,2456.57373046875,2459.42138671875,2522.0,2282.0
188.75,2410.37890625,2460.8935546875,2460.8935546875,2460.8935546875,2459.67919921875,2459.806640625,2460.343505859375,2456.57373046875,2459.42138671875,2522.0,2282.0
189.0,2410.3779296875,2460.8935546875,2460.8935546875,2462.223388671875,2459.679443359375,2459.806640625,2461.673095703125,2456.57373046875,2460.75048828125,2522.0,2282.0
189.25,2410.376220703125,2460.8935546875,2460.8935546875,2460.8935546875,2459.67919921875,2459.806640625,2460.343505859375,2456.57373046875,2459.42138671875,2522.0,2282.0
189.5,2410.3759765625,2462.223388671875,2460.8935546875,2460.8935546875,2459.679443359375,2461.135986328125,2460.343505859375,2456.5751953125,2459.42138671875,2522.0,2282.0
189.75,2411.685302734375,2460.8935546875,2460.8935546875,2460.8935546875,2459.67919921875,2459.806640625,2460.343505859375,2456.57373046875,2459.42138671875,2522.0,2282.0
190.0,2410.375,2460.8935546875,2460.8935546875,2460.8935546875,2459.679443359375,2459.806640625,2460.343505859375,2456.57470703125,2459.421875,2522.0,2282.0
190.25,2410.375,2460.8935546875,2460.8935546875,2460.8935546875,2459.67919921875,2459.806640625,2460.343505859375,2456.57470703125,2459.421875,2522.0,2282.0
190.5,2410.925537109375,2460.8935546875,2460.8935546875,2460.8935546875,2459.501220703125,2459.984375,2460.426025390625,2456.6103515625,2459.511962890625,2522.0,2282.0
190.75,2410.927490234375,2460.8935546875,2460.8935546875,2460.8935546875,2459.501220703125,2459.984375,2460.426025390625,2456.609619140625,2459.511474609375,2522.0,2282.0
191.0,2410.927734375,2460.8935546875,2460.8935546875,2460.8935546875,2459.501220703125,2459.984375,2460.426025390625,2456.609619140625,2459.511474609375,2522.0,2282.0
191.25,2410.92578125,2460.8935546875,2460.8935546875,2460.8935546875,2459.501220703125,2459.984375,2460.426025390625,2456.609619140625,2459.511474609375,2522.0,2282.0
191.5,2410.92822265625,2460.8935546875,2460.8935546875,2462.223388671875,2459.501220703125,2459.984375,2461.755615234375,2456.609619140625,2459.511474609375,2522.0,2282.0
191.75,2412.2353515625,2462.223388671875,2460.8935546875,2460.8935546875,2459.501220703125,2461.313720703125,2460.426025390625,2457.9384765625,2459.511474609375,2522.0,2282.0
192.0,2410.939208984375,2460.8935546875,2460.8935546875,2460.8935546875,2459.501220703125,2461.313720703125,2460.426025390625,2457.93701171875,2459.511474609375,2522.0,2282.0
192.25,2410.92578125,2460.8935546875,2460.8935546875,2460.8935546875,2459.501220703125,2459.984375,2460.426025390625,2456.609619140625,2459.511474609375,2522.0,2282.0
192.5,2412.506103515625,2460.8935546875,2462.223388671875,2460.8935546875,2460.623046875,2459.874267578125,2460.60302734375,2456.83251953125,2459.23876953125,2522.0,2282.0
192.75,2412.506103515625,2460.8935546875,2460.8935546875,2460.8935546875,2459.294189453125,2459.874267578125,2460.60302734375,2456.83251953125,2459.2392578125,2522.0,2282.0
193.0,2412.5078125,2460.893310546875,2460.8935546875,2460.8935546875,2459.2939453125,2459.874267578125,2460.60302734375,2456.832275390625,2459.23876953125,2522.0,2282.0
193.25,2412.507080078125,2460.8935546875,2460.8935546875,2460.8935546875,2459.294189453125,2459.874267578125,2460.60302734375,2456.83251953125,2459.23876953125,2522.0,2282.0
193.5,2412.506103515625,2460.8935546875,2460.8935546875,2462.223388671875,2459.294189453125,2459.874267578125,2461.932861328125,2456.83251953125,2459.23876953125,2522.0,2282.0
193.75,2412.5087890625,2460.8935546875,2460.8935546875,2460.8935546875,2459.294189453125,2459.874267578125,2460.60302734375,2456.83251953125,2459.23876953125,2522.0,2282.0
194.0,2412.5087890625,2462.223388671875,2460.8935546875,2460.8935546875,2459.294189453125,2461.20361328125,2460.60302734375,2456.833740234375,2459.23876953125,2522.0,2282.0
194.25,2412.513427734375,2460.8935546875,2460.8935546875,2460.8935546875,2459.294189453125,2459.874267578125,2460.60302734375,2456.83251953125,2459.23876953125,2522.0,2282.0
194.5,2411.126953125,2460.8935546875,2460.893310546875,2460.8935546875,2459.12841796875,2460.18798828125,2460.7265625,2456.904296875,2459.4189453125,2522.0,2282.0
194.75,2411.126708984375,2460.8935546875,2462.223388671875,2460.8935546875,2460.45751953125,2460.18798828125,2460.7265625,2456.904296875,2459.4189453125,2522.0,2282.0
195.0,2411.126708984375,2460.8935546875,2460.8935546875,2460.8935546875,2459.12841796875,2460.18798828125,2460.7265625,2456.904296875,2459.41943359375,2522.0,2282.0
195.25,2411.12646484375,2460.8935546875,2460.8935546875,2460.8935546875,2459.12841796875,2460.18798828125,2460.7265625,2456.904296875,2459.4189453125,2522.0,2282.0
195.5,2411.12890625,2460.8935546875,2460.8935546875,2460.8935546875,2459.12841796875,2460.18798828125,2460.7265625,2456.904296875,2459.4189453125,2522.0,2282.0
195.75,2411.12646484375,2460.8935546875,2460.8935546875,2462.223388671875,2459.12841796875,2460.18798828125,2462.056396484375,2456.904296875,2460.748046875,2522.0,2282.0
196.0,2412.4365234375,2460.8935546875,2460.8935546875,2462.223388671875,2459.128662109375,2460.18798828125,2462.056396484375,2456.904296875,2459.4189453125,2522.0,2282.0
196.25,2411.126708984375,2462.223388671875,2460.8935546875,2460.8935546875,2459.128662109375,2461.517578125,2460.7265625,2456.905517578125,2459.4189453125,2522.0,2282.0
196.5,2355.220947265625,2460.8935546875,2460.8935546875,2460.8935546875,2457.44580078125,2459.287109375,2459.490966796875,2452.55517578125,2457.275146484375,2522.0,2282.0
196.75,2355.2294921875,2460.8935546875,2460.8935546875,2460.8935546875,2457.44580078125,2459.287109375,2459.490966796875,2451.2275390625,2457.275390625,2522.0,2282.0
197.0,2355.21630859375,2460.8935546875,2460.8935546875,2460.8935546875,2457.44580078125,2459.287109375,2459.490966796875,2451.229736328125,2457.2763671875,2522.0,2282.0
197.25,2355.216064453125,2460.8935546875,2460.8935546875,2460.8935546875,2457.44580078125,2459.287109375,2459.490966796875,2451.2275390625,2457.275390625,2522.0,2282.0
197.5,2355.218505859375,2460.8935546875,2460.8935546875,2460.8935546875,2457.44580078125,2459.287109375,2459.490966796875,2451.2275390625,2457.275390625,2522.0,2282.0
197.75,2355.218017578125,2460.8935546875,2460.8935546875,2460.8935546875,2457.44580078125,2459.287109375,2459.490966796875,2451.2275390625,2458.603271484375,2522.0,2282.0
198.0,2355.218017578125,2460.8935546875,2460.8935546875,2462.223388671875,2457.44580078125,2459.287109375,2460.820068359375,2451.2275390625,2457.275390625,2522.0,2282.0
198.25,2355.23095703125,2460.8935546875,2460.8935546875,2460.8935546875,2457.44580078125,2459.287109375,2459.490966796875,2451.2275390625,2457.275390625,2522.0,2282.0
198.5,2357.354248046875,2462.223388671875,2460.8935546875,2460.8935546875,2457.41357421875,2460.566162109375,2459.40869140625,2450.869140625,2457.302978515625,2522.0,2282.0
198.75,2357.355224609375,2460.8935546875,2460.8935546875,2460.8935546875,2457.41357421875,2459.2373046875,2459.40869140625,2452.193603515625,2457.302978515625,2522.0,2282.0
199.0,2357.35009765625,2460.8935546875,2460.8935546875,2460.8935546875,2457.41357421875,2459.2373046875,2459.40869140625,2452.1904296875,2457.30322265625,2522.0,2282.0
199.25,2357.34814453125,2460.8935546875,2462.223388671875,2460.8935546875,2458.74169921875,2459.2373046875,2459.40869140625,2450.86572265625,2457.30419921875,2522.0,2282.0
199.5,2357.348876953125,2460.8935546875,2460.8935546875,2460.8935546875,2457.41357421875,2459.2373046875,2459.40869140625,2450.865966796875,2457.30322265625,2522.0,2282.0
199.75,2357.34912109375,2460.8935546875,2460.8935546875,2460.8935546875,2457.41357421875,2459.2373046875,2459.40869140625,2450.865966796875,2457.302978515625,2522.0,2282.0
200.0,2357.350830078125,2460.8935546875,2460.8935546875,2460.8935546875,2457.41357421875,2459.2373046875,2459.40869140625,2450.865966796875,2457.30322265625,2522.0,2282.0
200.25,2357.35009765625,2460.8935546875,2460.8935546875,2462.223388671875,2457.41357421875,2459.2373046875,2460.73779296875,2450.86572265625,2457.30322265625,2522.0,2282.0
200.5,2358.134033203125,2460.8935546875,2460.8935546875,2462.223388671875,2457.876953125,2459.026611328125,2460.398193359375,2450.4306640625,2457.313232421875,2522.0,2282.0
200.75,2358.136474609375,2462.223388671875,2460.8935546875,2460.8935546875,2457.876953125,2460.35546875,2459.0693359375,2450.4306640625,2457.313232421875,2522.0,2282.0
201.0,2358.15380859375,2460.8935546875,2460.8935546875,2460.8935546875,2457.876953125,2459.026611328125,2459.0693359375,2451.75830078125,2457.313232421875,2522.0,2282.0
201.25,2358.133544921875,2460.8935546875,2462.223388671875,2460.8935546875,2457.877197265625,2459.026611328125,2459.0693359375,2450.4306640625,2457.314453125,2522.0,2282.0
201.5,2358.13427734375,2460.8935546875,2462.223388671875,2460.8935546875,2459.205322265625,2459.026611328125,2459.0693359375,2450.4306640625,2457.314453125,2522.0,2282.0
201.75,2358.134521484375,2460.8935546875,2460.8935546875,2460.8935546875,2457.876953125,2459.026611328125,2459.0693359375,2450.430419921875,2457.313232421875,2522.0,2282.0
202.0,2358.134521484375,2460.8935546875,2460.8935546875,2460.8935546875,2457.877197265625,2459.026611328125,2459.0693359375,2450.4306640625,2457.313232421875,2522.0,2282.0
202.25,2358.13427734375,2460.8935546875,2460.8935546875,2460.8935546875,2457.876953125,2459.026611328125,2459.0693359375,2450.4306640625,2457.313232421875,2522.0,2282.0
202.5,2356.50048828125,2460.8935546875,2460.8935546875,2462.223388671875,2457.56689453125,2459.25390625,2460.4345703125,2450.5029296875,2457.494140625,2522.0,2282.0
202.75,2356.501953125,2462.223388671875,2460.8935546875,2460.8935546875,2457.56689453125,2459.25390625,2459.105712890625,2450.5029296875,2457.494140625,2522.0,2282.0
203.0,2356.50048828125,2460.8935546875,2460.8935546875,2460.8935546875,2457.56689453125,2459.25390625,2459.105712890625,2451.8271484375,2457.494140625,2522.0,2282.0
203.25,2356.50048828125,2460.8935546875,2460.8935546875,2460.8935546875,2457.56689453125,2459.25390625,2459.105712890625,2450.5029296875,2457.494140625,2522.0,2282.0
203.5,2356.499755859375,2460.8935546875,2462.223388671875,2460.8935546875,2457.56689453125,2459.254150390625,2459.105712890625,2450.5029296875,2457.4951171875,2522.0,2282.0
203.75,2356.50048828125,2460.8935546875,2460.8935546875,2460.8935546875,2457.566650390625,2459.25390625,2459.105712890625,2450.5029296875,2457.494140625,2522.0,2282.0
204.0,2356.5009765625,2460.8935546875,2460.8935546875,2460.8935546875,2457.56689453125,2459.254150390625,2459.105712890625,2450.5029296875,2457.494140625,2522.0,2282.0
204.25,2356.50244140625,2460.8935546875,2460.8935546875,2460.8935546875,2457.56689453125,2459.25390625,2459.105712890625,2450.5029296875,2457.494140625,2522.0,2282.0
204.5,2406.37158203125,2460.8935546875,2460.8935546875,2460.8935546875,2459.11474609375,2460.311767578125,2460.150390625,2455.69091796875,2459.536376953125,2522.0,2282.0
204.75,2406.37353515625,2460.8935546875,2460.8935546875,2462.223388671875,2459.11474609375,2460.311767578125,2461.479736328125,2455.69091796875,2460.865478515625,2522.0,2282.0
205.0,2406.370361328125,2462.223388671875,2460.8935546875,2460.8935546875,2459.11474609375,2460.311767578125,2460.150146484375,2455.69091796875,2459.5361328125,2522.0,2282.0
205.25,2406.3779296875,2460.8935546875,2460.8935546875,2460.8935546875,2459.11474609375,2460.311767578125,2460.150390625,2457.017822265625,2459.536376953125,2522.0,2282.0
205.5,2406.3779296875,2460.8935546875,2460.8935546875,2460.8935546875,2459.11474609375,2460.311767578125,2460.150390625,2455.69091796875,2459.536376953125,2522.0,2282.0
205.75,2406.37353515625,2460.8935546875,2462.223388671875,2460.8935546875,2459.11474609375,2460.311767578125,2460.150390625,2455.69091796875,2459.536865234375,2522.0,2282.0
206.0,2406.370361328125,2460.8935546875,2460.8935546875,2460.8935546875,2459.11474609375,2460.311767578125,2460.150390625,2455.69189453125,2459.536865234375,2522.0,2282.0
206.25,2406.3701171875,2460.8935546875,2460.8935546875,2460.8935546875,2459.11474609375,2460.311767578125,2460.150390625,2455.69091796875,2459.536376953125,2522.0,2282.0
206.5,2407.345703125,2460.8935546875,2460.8935546875,2460.8935546875,2459.027099609375,2460.376953125,2460.1845703125,2455.631591796875,2459.58740234375,2522.0,2282.0
206.75,2407.348876953125,2460.8935546875,2460.8935546875,2460.8935546875,2459.02685546875,2460.376953125,2460.1845703125,2455.631591796875,2460.91650390625,2522.0,2282.0
207.0,2407.348876953125,2460.8935546875,2460.8935546875,2462.223388671875,2459.027099609375,2460.376953125,2461.513916015625,2455.631591796875,2460.91650390625,2522.0,2282.0
207.25,2407.353515625,2460.8935546875,2460.8935546875,2460.8935546875,2459.02685546875,2460.376953125,2460.1845703125,2455.631591796875,2459.58740234375,2522.0,2282.0
207.5,2407.353515625,2462.223388671875,2460.8935546875,2460.8935546875,2459.027099609375,2461.70654296875,2460.1845703125,2455.633544921875,2459.58740234375,2522.0,2282.0
207.75,2407.345947265625,2460.8935546875,2460.8935546875,2460.8935546875,2459.02685546875,2460.376953125,2460.1845703125,2455.631591796875,2459.58740234375,2522.0,2282.0
208.0,2407.345703125,2460.8935546875,2462.223388671875,2460.8935546875,2459.02685546875,2460.376953125,2460.1845703125,2455.63232421875,2459.587890625,2522.0,2282.0
208.25,2407.348876953125,2460.8935546875,2460.8935546875,2460.8935546875,2459.02685546875,2460.376953125,2460.1845703125,2455.631591796875,2459.587890625,2522.0,2282.0
208.5,2406.922119140625,2460.8935546875,2460.8935546875,2460.8935546875,2459.00048828125,2460.31982421875,2460.22216796875,2455.85400390625,2459.477783203125,2522.0,2282.0
208.75,2406.921875,2460.8935546875,2460.8935546875,2460.8935546875,2459.00048828125,2460.31982421875,2460.22216796875,2455.853271484375,2459.477294921875,2522.0,2282.0
209.0,2406.92529296875,2460.8935546875,2460.8935546875,2460.8935546875,2459.00048828125,2460.31982421875,2460.22216796875,2455.85302734375,2460.806396484375,2522.0,2282.0
209.25,2406.92529296875,2460.8935546875,2460.8935546875,2462.223388671875,2459.000244140625,2460.31982421875,2461.5517578125,2455.85302734375,2460.806396484375,2522.0,2282.0
209.5,2406.92333984375,2462.223388671875,2460.8935546875,2460.8935546875,2459.00048828125,2460.31982421875,2460.22216796875,2455.853271484375,2459.477294921875,2522.0,2282.0
209.75,2406.928955078125,2460.8935546875,2460.8935546875,2460.8935546875,2459.000244140625,2460.31982421875,2460.22216796875,2457.18017578125,2459.477294921875,2522.0,2282.0
210.0,2406.922119140625,2460.8935546875,2460.8935546875,2460.8935546875,2459.00048828125,2460.31982421875,2460.22216796875,2455.85302734375,2459.477294921875,2522.0,2282.0
210.25,2406.922119140625,2460.8935546875,2462.223388671875,2460.8935546875,2459.00048828125,2460.31982421875,2460.22216796875,2455.85302734375,2459.477783203125,2522.0,2282.0
210.5,2406.117919921875,2460.8935546875,2460.8935546875,2460.8935546875,2459.11083984375,2460.30126953125,2460.267333984375,2455.867919921875,2459.54638671875,2522.0,2282.0
210.75,2406.116455078125,2460.8935546875,2460.8935546875,2460.8935546875,2459.11083984375,2460.30126953125,2460.267333984375,2455.8671875,2459.5458984375,2522.0,2282.0
211.0,2406.1162109375,2460.8935546875,2460.8935546875,2460.8935546875,2459.110595703125,2460.30126953125,2460.267333984375,2455.8671875,2459.5458984375,2522.0,2282.0
211.25,2406.115966796875,2460.8935546875,2460.8935546875,2460.8935546875,2459.11083984375,2460.30126953125,2460.267333984375,2455.8671875,2459.5458984375,2522.0,2282.0
211.5,2406.11962890625,2460.8935546875,2460.8935546875,2462.223388671875,2459.11083984375,2460.30126953125,2461.596923828125,2455.8671875,2460.875,2522.0,2282.0
211.75,2407.42431640625,2462.223388671875,2460.8935546875,2460.8935546875,2459.11083984375,2460.30126953125,2460.267333984375,2455.8671875,2459.545654296875,2522.0,2282.0
212.0,2407.42431640625,2460.8935546875,2460.8935546875,2460.8935546875,2459.11083984375,2460.30126953125,2460.267333984375,2457.1943359375,2459.5458984375,2522.0,2282.0
212.25,2406.11669921875,2460.8935546875,2460.8935546875,2460.8935546875,2459.11083984375,2460.30126953125,2460.267333984375,2455.8671875,2459.5458984375,2522.0,2282.0
212.5,2404.784912109375,2460.8935546875,2462.223388671875,2460.8935546875,2459.160400390625,2460.445556640625,2460.189697265625,2455.88818359375,2459.73046875,2522.0,2282.0
212.75,2404.785888671875,2460.8935546875,2460.8935546875,2460.8935546875,2459.160400390625,2460.445556640625,2460.189453125,2455.887451171875,2459.73046875,2522.0,2282.0
213.0,2404.784912109375,2460.8935546875,2460.8935546875,2460.8935546875,2459.160400390625,2460.445556640625,2460.189697265625,2455.887451171875,2459.72998046875,2522.0,2282.0
213.25,2404.784912109375,2460.8935546875,2460.8935546875,2460.8935546875,2459.160400390625,2460.445556640625,2460.189453125,2455.887451171875,2459.72998046875,2522.0,2282.0
213.5,2404.78466796875,2460.8935546875,2460.8935546875,2460.8935546875,2459.160400390625,2460.445556640625,2460.189697265625,2455.887451171875,2459.72998046875,2522.0,2282.0
213.75,2404.787353515625,2460.8935546875,2460.8935546875,2462.223388671875,2459.160400390625,2460.445556640625,2461.51904296875,2455.887451171875,2461.059326171875,2522.0,2282.0
214.0,2404.784912109375,2460.8935546875,2460.8935546875,2460.8935546875,2459.160400390625,2460.445556640625,2460.189697265625,2455.887451171875,2459.72998046875,2522.0,2282.0
214.25,2404.78515625,2460.8935546875,2460.8935546875,2460.8935546875,2459.160400390625,2460.445556640625,2460.189697265625,2455.887451171875,2459.72998046875,2522.0,2282.0
214.5,2406.21728515625,2460.8935546875,2460.8935546875,2460.8935546875,2459.325439453125,2460.1640625,2460.0341796875,2455.934326171875,2459.44775390625,2522.0,2282.0
214.75,2406.21337890625,2460.8935546875,2462.223388671875,2460.8935546875,2459.325439453125,2460.1640625,2460.033935546875,2455.934326171875,2459.4482421875,2522.0,2282.0
215.0,2406.21142578125,2460.8935546875,2460.8935546875,2460.8935546875,2459.325439453125,2460.1640625,2460.0341796875,2455.935302734375,2459.4482421875,2522.0,2282.0
215.25,2406.210205078125,2460.8935546875,2460.8935546875,2460.8935546875,2459.325439453125,2460.1640625,2460.0341796875,2455.934326171875,2459.44775390625,2522.0,2282.0
215.5,2406.2099609375,2460.8935546875,2460.8935546875,2460.8935546875,2459.325439453125,2460.1640625,2460.0341796875,2455.934326171875,2459.44775390625,2522.0,2282.0
215.75,2406.21044921875,2460.8935546875,2460.8935546875,2460.8935546875,2459.325439453125,2460.1640625,2460.033935546875,2455.934326171875,2459.44775390625,2522.0,2282.0
216.0,2406.2138671875,2460.8935546875,2460.8935546875,2462.223388671875,2459.325439453125,2460.1640625,2461.363525390625,2455.934326171875,2460.77685546875,2522.0,2282.0
216.25,2406.21142578125,2462.223388671875,2460.8935546875,2460.8935546875,2459.325439453125,2460.1640625,2460.033935546875,2455.93603515625,2459.44775390625,2522.0,2282.0
216.5,2405.63720703125,2462.223388671875,2460.8935546875,2460.8935546875,2459.325927734375,2461.556640625,2459.97021484375,2456.068603515625,2459.414306640625,2522.0,2282.0
216.75,2405.635498046875,2460.8935546875,2460.8935546875,2460.8935546875,2459.325927734375,2460.22705078125,2459.97021484375,2456.06689453125,2459.414306640625,2522.0,2282.0
217.0,2405.6318359375,2460.8935546875,2462.223388671875,2460.8935546875,2459.325927734375,2460.22705078125,2459.97021484375,2456.06787109375,2459.414794921875,2522.0,2282.0
217.25,2405.629638671875,2460.8935546875,2460.8935546875,2460.8935546875,2459.325927734375,2460.22705078125,2459.97021484375,2456.06689453125,2459.414794921875,2522.0,2282.0
217.5,2405.628662109375,2460.8935546875,2460.8935546875,2460.8935546875,2459.325927734375,2460.22705078125,2459.97021484375,2456.06787109375,2459.414794921875,2522.0,2282.0
217.75,2405.628173828125,2460.8935546875,2460.8935546875,2460.8935546875,2459.325927734375,2460.22705078125,2459.97021484375,2456.06689453125,2459.414306640625,2522.0,2282.0
218.0,2405.62841796875,2460.8935546875,2460.8935546875,2460.8935546875,2459.325927734375,2460.22705078125,2459.97021484375,2456.06689453125,2459.414306640625,2522.0,2282.0
218.25,2405.6318359375,2460.8935546875,2460.8935546875,2462.223388671875,2459.325927734375,2460.22705078125,2461.299560546875,2456.06689453125,2460.743408203125,2522.0,2282.0
218.5,2406.715576171875,2460.8935546875,2460.8935546875,2460.8935546875,2459.212646484375,2460.2421875,2459.95361328125,2455.868896484375,2459.38330078125,2522.0,2282.0
218.75,2406.71533203125,2460.8935546875,2460.8935546875,2460.8935546875,2459.212646484375,2460.241943359375,2459.95361328125,2457.19580078125,2459.383056640625,2522.0,2282.0
219.0,2406.72216796875,2460.8935546875,2460.8935546875,2460.8935546875,2459.212646484375,2460.2421875,2459.95361328125,2455.868896484375,2459.383056640625,2522.0,2282.0
219.25,2406.7158203125,2460.8935546875,2462.223388671875,2460.8935546875,2459.212646484375,2460.2421875,2459.95361328125,2455.868896484375,2459.38330078125,2522.0,2282.0
219.5,2406.716552734375,2460.8935546875,2460.8935546875,2460.8935546875,2459.212646484375,2460.2421875,2459.95361328125,2455.86865234375,2459.3837890625,2522.0,2282.0
219.75,2406.715087890625,2460.8935546875,2460.8935546875,2460.8935546875,2459.212646484375,2460.2421875,2459.95361328125,2455.86865234375,2459.38330078125,2522.0,2282.0
220.0,2406.71533203125,2460.8935546875,2460.8935546875,2460.8935546875,2459.212646484375,2460.2421875,2459.95361328125,2455.86865234375,2459.383056640625,2522.0,2282.0
220.25,2406.718505859375,2460.8935546875,2460.8935546875,2460.8935546875,2459.212646484375,2460.2421875,2459.95361328125,2455.86865234375,2460.712158203125,2522.0,2282.0
220.5,2406.10498046875,2460.8935546875,2460.8935546875,2462.223388671875,2459.230224609375,2460.2587890625,2461.363037109375,2455.918701171875,2460.870849609375,2522.0,2282.0
220.75,2406.10302734375,2462.223388671875,2460.8935546875,2460.8935546875,2459.230224609375,2460.2587890625,2460.03369140625,2455.92041015625,2459.541748046875,2522.0,2282.0
221.0,2406.110107421875,2460.8935546875,2460.8935546875,2460.8935546875,2459.230224609375,2460.2587890625,2460.03369140625,2457.245849609375,2459.541748046875,2522.0,2282.0
221.25,2406.10498046875,2460.8935546875,2460.8935546875,2460.8935546875,2459.230224609375,2460.2587890625,2460.03369140625,2455.918701171875,2459.5419921875,2522.0,2282.0
221.5,2406.102294921875,2460.8935546875,2462.223388671875,2460.8935546875,2459.230224609375,2460.2587890625,2460.03369140625,2455.918701171875,2459.542236328125,2522.0,2282.0
221.75,2406.101806640625,2460.8935546875,2460.8935546875,2460.8935546875,2459.230224609375,2460.2587890625,2460.03369140625,2455.91943359375,2459.542236328125,2522.0,2282.0
222.0,2406.101806640625,2460.8935546875,2460.8935546875,2460.8935546875,2459.230224609375,2460.2587890625,2460.03369140625,2455.918701171875,2459.542236328125,2522.0,2282.0
222.25,2406.101318359375,2460.8935546875,2460.8935546875,2460.8935546875,2459.230224609375,2460.2587890625,2460.03369140625,2455.918701171875,2459.5419921875,2522.0,2282.0
222.5,2405.597900390625,2460.8935546875,2460.8935546875,2460.8935546875,2459.135986328125,2460.293701171875,2460.06884765625,2455.88134765625,2460.943603515625,2522.0,2282.0
222.75,2405.595703125,2460.8935546875,2460.8935546875,2460.8935546875,2459.135986328125,2460.29345703125,2460.06884765625,2455.881103515625,2459.614501953125,2522.0,2282.0
223.0,2405.595458984375,2460.8935546875,2460.8935546875,2460.8935546875,2459.135986328125,2461.623046875,2460.06884765625,2457.20849609375,2459.6142578125,2522.0,2282.0
223.25,2406.896240234375,2460.8935546875,2460.8935546875,2460.8935546875,2459.135986328125,2460.29345703125,2460.069091796875,2457.208251953125,2459.614501953125,2522.0,2282.0
223.5,2405.598876953125,2460.8935546875,2460.8935546875,2460.8935546875,2459.135986328125,2460.293701171875,2460.06884765625,2455.881103515625,2459.614501953125,2522.0,2282.0
223.75,2405.595703125,2460.8935546875,2460.8935546875,2460.8935546875,2460.46484375,2460.293701171875,2460.069091796875,2455.88037109375,2459.614501953125,2522.0,2282.0
224.0,2405.595703125,2460.8935546875,2460.8935546875,2460.8935546875,2459.135986328125,2460.293701171875,2460.06884765625,2455.882080078125,2459.61474609375,2522.0,2282.0
224.25,2405.595458984375,2460.8935546875,2460.8935546875,2460.8935546875,2459.135986328125,2460.29345703125,2460.069091796875,2455.881103515625,2459.614501953125,2522.0,2282.0
224.5,2405.868408203125,2460.8935546875,2460.8935546875,2460.8935546875,2459.138427734375,2460.264892578125,2460.072021484375,2455.9482421875,2459.516357421875,2522.0,2282.0
224.75,2405.868896484375,2460.8935546875,2460.8935546875,2462.223388671875,2459.138427734375,2460.264892578125,2461.401611328125,2455.9482421875,2459.516357421875,2522.0,2282.0
225.0,2405.86962890625,2460.8935546875,2460.8935546875,2460.8935546875,2459.138427734375,2460.264892578125,2460.072021484375,2455.9501953125,2459.516357421875,2522.0,2282.0
225.25,2407.177001953125,2460.8935546875,2460.8935546875,2460.8935546875,2459.138427734375,2461.594482421875,2460.072021484375,2457.275390625,2459.516357421875,2522.0,2282.0
225.5,2407.177001953125,2460.8935546875,2460.8935546875,2460.8935546875,2459.138427734375,2460.264892578125,2460.072021484375,2457.275390625,2459.516357421875,2522.0,2282.0
225.75,2405.8720703125,2460.8935546875,2460.8935546875,2460.8935546875,2459.138427734375,2460.264892578125,2460.072021484375,2455.9482421875,2459.516357421875,2522.0,2282.0
226.0,2405.868408203125,2460.8935546875,2460.8935546875,2460.8935546875,2459.138427734375,2460.264892578125,2460.072021484375,2455.9482421875,2459.516357421875,2522.0,2282.0
226.25,2405.868896484375,2460.8935546875,2460.8935546875,2460.8935546875,2459.138427734375,2460.264892578125,2460.072021484375,2455.9482421875,2459.516357421875,2522.0,2282.0
226.5,2406.33740234375,2460.8935546875,2460.8935546875,2460.8935546875,2459.173583984375,2460.236572265625,2460.043212890625,2455.904541015625,2459.473388671875,2522.0,2282.0
226.75,2406.337158203125,2460.8935546875,2460.8935546875,2460.8935546875,2459.173583984375,2460.236572265625,2460.043212890625,2455.904541015625,2459.473388671875,2522.0,2282.0
227.0,2406.340576171875,2460.8935546875,2460.8935546875,2460.8935546875,2459.173583984375,2460.236572265625,2460.043212890625,2455.904541015625,2460.802490234375,2522.0,2282.0
227.25,2406.338623046875,2460.8935546875,2460.8935546875,2460.8935546875,2459.173583984375,2460.236572265625,2460.043212890625,2455.904541015625,2459.473388671875,2522.0,2282.0
227.5,2406.337646484375,2462.223388671875,2460.8935546875,2460.8935546875,2459.173583984375,2460.236572265625,2460.043212890625,2455.904541015625,2459.47314453125,2522.0,2282.0
227.75,2406.33935546875,2460.8935546875,2460.8935546875,2460.8935546875,2459.173583984375,2460.236572265625,2460.043212890625,2455.904541015625,2459.4736328125,2522.0,2282.0
228.0,2406.339111328125,2460.8935546875,2462.223388671875,2460.8935546875,2460.50244140625,2460.236572265625,2460.043212890625,2455.904541015625,2459.473388671875,2522.0,2282.0
228.25,2406.337646484375,2460.8935546875,2460.8935546875,2460.8935546875,2459.173583984375,2460.236572265625,2460.043212890625,2455.90380859375,2459.473388671875,2522.0,2282.0
228.5,2406.025146484375,2460.8935546875,2460.8935546875,2460.8935546875,2459.147705078125,2460.2099609375,2460.049072265625,2455.810302734375,2459.434814453125,2522.0,2282.0
228.75,2406.024658203125,2460.8935546875,2460.8935546875,2460.8935546875,2459.147705078125,2460.210205078125,2460.049072265625,2455.8095703125,2459.43408203125,2522.0,2282.0
229.0,2406.025146484375,2460.8935546875,2460.8935546875,2460.8935546875,2459.147705078125,2460.2099609375,2460.049072265625,2455.809326171875,2459.434326171875,2522.0,2282.0
229.25,2406.028076171875,2460.8935546875,2460.8935546875,2460.8935546875,2459.147705078125,2460.210205078125,2460.049072265625,2455.8095703125,2460.76318359375,2522.0,2282.0
229.5,2406.02587890625,2460.8935546875,2460.8935546875,2460.8935546875,2459.147705078125,2460.2099609375,2460.049072265625,2455.8095703125,2459.434326171875,2522.0,2282.0
229.75,2406.025146484375,2460.8935546875,2460.8935546875,2460.8935546875,2459.147705078125,2461.53955078125,2460.049072265625,2457.138427734375,2459.43408203125,2522.0,2282.0
230.0,2406.032958984375,2460.8935546875,2460.8935546875,2460.8935546875,2459.147705078125,2460.2099609375,2460.049072265625,2455.809326171875,2459.434326171875,2522.0,2282.0
230.25,2406.033203125,2460.8935546875,2460.8935546875,2460.8935546875,2459.147705078125,2460.210205078125,2460.049072265625,2455.8095703125,2459.43408203125,2522.0,2282.0
230.5,2407.216064453125,2460.8935546875,2460.8935546875,2460.8935546875,2460.4150390625,2460.276611328125,2460.021240234375,2455.9951171875,2459.234130859375,2522.0,2282.0
230.75,2407.21484375,2460.8935546875,2460.8935546875,2460.8935546875,2459.086181640625,2460.276611328125,2460.021240234375,2455.9951171875,2459.23388671875,2522.0,2282.0
231.0,2407.218017578125,2460.8935546875,2460.8935546875,2460.8935546875,2459.086181640625,2460.276611328125,2460.021484375,2455.9951171875,2460.56298828125,2522.0,2282.0
231.25,2407.217041015625,2460.8935546875,2460.8935546875,2460.8935546875,2459.086181640625,2460.276611328125,2460.021240234375,2455.9951171875,2459.234130859375,2522.0,2282.0
231.5,2407.218017578125,2460.8935546875,2460.8935546875,2460.8935546875,2459.086181640625,2460.276611328125,2460.021484375,2455.9951171875,2460.56298828125,2522.0,2282.0
231.75,2407.21484375,2460.8935546875,2460.8935546875,2460.8935546875,2459.086181640625,2460.276611328125,2460.021240234375,2455.9951171875,2459.23388671875,2522.0,2282.0
232.0,2407.215087890625,2460.8935546875,2460.8935546875,2460.8935546875,2459.086181640625,2461.60595703125,2460.021484375,2457.322265625,2459.234130859375,2522.0,2282.0
232.25,2408.5234375,2460.8935546875,2460.8935546875,2460.8935546875,2459.086181640625,2460.276611328125,2460.021240234375,2457.322265625,2459.234130859375,2522.0,2282.0
232.5,2434.4296875,2460.8935546875,2460.8935546875,2460.8935546875,2460.135498046875,2460.679443359375,2460.60693359375,2459.0302734375,2460.3671875,2522.0,2282.0
232.75,2434.428955078125,2460.8935546875,2460.8935546875,2460.8935546875,2461.46484375,2460.679443359375,2460.60693359375,2459.0302734375,2460.3671875,2522.0,2282.0
233.0,2434.428955078125,2460.8935546875,2460.8935546875,2460.8935546875,2460.135498046875,2460.679443359375,2460.60693359375,2459.03076171875,2460.3671875,2522.0,2282.0
233.25,2434.4287109375,2460.8935546875,2460.8935546875,2460.8935546875,2460.135498046875,2460.679443359375,2460.60693359375,2459.0302734375,2460.366943359375,2522.0,2282.0
233.5,2434.428955078125,2460.8935546875,2460.8935546875,2460.8935546875,2460.135498046875,2460.679443359375,2460.60693359375,2459.0302734375,2460.3671875,2522.0,2282.0
233.75,2434.4287109375,2460.8935546875,2460.8935546875,2462.223388671875,2460.135498046875,2460.679443359375,2461.9365234375,2459.0302734375,2460.366943359375,2522.0,2282.0
234.0,2434.428955078125,2460.8935546875,2460.8935546875,2460.8935546875,2460.135498046875,2460.679443359375,2460.60693359375,2459.031005859375,2460.366943359375,2522.0,2282.0
234.25,2434.43017578125,2462.223388671875,2460.8935546875,2460.8935546875,2460.135498046875,2460.679443359375,2460.60693359375,2459.031005859375,2460.366943359375,2522.0,2282.0
234.5,2435.537353515625,2460.8935546875,2460.8935546875,2460.8935546875,2460.217041015625,2460.599609375,2460.495361328125,2459.000732421875,2460.392578125,2522.0,2282.0
234.75,2435.537353515625,2460.8935546875,2460.8935546875,2460.8935546875,2460.216796875,2460.599609375,2460.495361328125,2459.000732421875,2460.392578125,2522.0,2282.0
235.0,2435.537841796875,2460.8935546875,2460.8935546875,2460.8935546875,2461.54638671875,2460.599609375,2460.495361328125,2459.000732421875,2460.392578125,2522.0,2282.0
235.25,2435.53759765625,2460.8935546875,2460.8935546875,2460.8935546875,2460.216796875,2460.599609375,2460.495361328125,2459.000732421875,2460.392578125,2522.0,2282.0
235.5,2435.53759765625,2460.8935546875,2460.8935546875,2460.8935546875,2460.217041015625,2460.599609375,2460.495361328125,2459.000732421875,2460.392578125,2522.0,2282.0
235.75,2435.537841796875,2460.8935546875,2460.8935546875,2460.8935546875,2460.216796875,2460.599609375,2460.495361328125,2459.000732421875,2460.392578125,2522.0,2282.0
236.0,2435.53759765625,2460.8935546875,2460.8935546875,2460.8935546875,2460.217041015625,2460.599609375,2460.495361328125,2459.000732421875,2461.72216796875,2522.0,2282.0
236.25,2435.537353515625,2460.8935546875,2460.8935546875,2460.8935546875,2460.216796875,2460.599609375,2460.495361328125,2459.000732421875,2460.392578125,2522.0,2282.0
236.5,2436.16259765625,2460.8935546875,2460.8935546875,2460.8935546875,2460.12109375,2461.960693359375,2460.558837890625,2460.24853515625,2460.421875,2522.0,2282.0
236.75,2436.162109375,2460.8935546875,2460.8935546875,2460.8935546875,2460.120849609375,2460.631103515625,2460.558837890625,2458.919677734375,2460.421875,2522.0,2282.0
237.0,2436.162109375,2460.8935546875,2460.8935546875,2460.8935546875,2460.12109375,2460.631103515625,2460.558837890625,2458.919921875,2460.421875,2522.0,2282.0
237.25,2436.161376953125,2460.8935546875,2460.8935546875,2460.8935546875,2461.450439453125,2460.631103515625,2460.558837890625,2458.919677734375,2460.421875,2522.0,2282.0
237.5,2436.1611328125,2460.8935546875,2460.8935546875,2460.8935546875,2460.12109375,2460.631103515625,2460.558837890625,2458.920166015625,2460.422119140625,2522.0,2282.0
237.75,2437.480712890625,2460.8935546875,2460.8935546875,2460.8935546875,2460.120849609375,2460.631103515625,2460.558837890625,2458.919677734375,2460.421875,2522.0,2282.0
238.0,2436.16650390625,2460.8935546875,2460.8935546875,2460.8935546875,2460.12109375,2460.631103515625,2460.558837890625,2458.919921875,2460.421875,2522.0,2282.0
238.25,2436.1611328125,2460.8935546875,2460.8935546875,2460.8935546875,2460.12109375,2460.631103515625,2460.558837890625,2458.919677734375,2460.421875,2522.0,2282.0
238.5,2437.174072265625,2460.8935546875,2460.8935546875,2460.8935546875,2460.089111328125,2460.662841796875,2460.558837890625,2458.91357421875,2460.306640625,2522.0,2282.0
238.75,2437.175048828125,2462.223388671875,2460.8935546875,2460.8935546875,2460.089111328125,2460.662841796875,2460.55908203125,2458.914306640625,2460.306640625,2522.0,2282.0
239.0,2437.17333984375,2460.8935546875,2460.8935546875,2460.8935546875,2460.08935546875,2460.662841796875,2460.55908203125,2458.91357421875,2460.306640625,2522.0,2282.0
239.25,2437.17333984375,2460.8935546875,2460.8935546875,2460.8935546875,2460.089111328125,2460.662841796875,2460.55908203125,2458.91357421875,2460.306640625,2522.0,2282.0
239.5,2437.173583984375,2460.8935546875,2460.8935546875,2460.8935546875,2461.418701171875,2460.662841796875,2460.55908203125,2458.91357421875,2460.306640625,2522.0,2282.0
239.75,2437.173583984375,2460.8935546875,2460.8935546875,2460.8935546875,2460.089111328125,2460.662841796875,2460.55908203125,2458.91357421875,2460.306884765625,2522.0,2282.0
240.0,2437.173583984375,2460.8935546875,2460.8935546875,2460.8935546875,2460.08935546875,2460.662841796875,2460.55908203125,2458.91357421875,2460.306640625,2522.0,2282.0
240.25,2437.173828125,2460.8935546875,2460.8935546875,2460.8935546875,2460.089111328125,2460.662841796875,2460.55908203125,2458.91357421875,2460.306640625,2522.0,2282.0
240.5,2437.6416015625,2460.8935546875,2460.8935546875,2462.223388671875,2460.056640625,2460.59912109375,2461.983642578125,2458.7890625,2460.293212890625,2522.0,2282.0
240.75,2437.642333984375,2460.8935546875,2460.8935546875,2460.8935546875,2460.056640625,2460.59912109375,2460.654052734375,2458.7890625,2460.293212890625,2522.0,2282.0
241.0,2437.64306640625,2462.223388671875,2460.8935546875,2460.8935546875,2460.056640625,2460.59912109375,2460.654052734375,2458.789794921875,2460.29296875,2522.0,2282.0
241.25,2437.642822265625,2460.8935546875,2460.8935546875,2460.8935546875,2460.056640625,2460.59912109375,2460.654052734375,2458.7890625,2460.293212890625,2522.0,2282.0
241.5,2437.6416015625,2460.8935546875,2460.8935546875,2460.8935546875,2460.056640625,2460.59912109375,2460.654052734375,2458.7890625,2460.293212890625,2522.0,2282.0
241.75,2437.641845703125,2460.8935546875,2460.8935546875,2460.8935546875,2461.385986328125,2460.59912109375,2460.654052734375,2458.7890625,2460.293212890625,2522.0,2282.0
242.0,2437.6416015625,2460.8935546875,2460.8935546875,2460.8935546875,2460.056640625,2460.59912109375,2460.654052734375,2458.7890625,2460.293212890625,2522.0,2282.0
242.25,2438.962158203125,2460.8935546875,2460.8935546875,2460.8935546875,2460.056640625,2460.59912109375,2460.654052734375,2458.7890625,2460.293212890625,2522.0,2282.0
242.5,2436.596923828125,2460.8935546875,2460.8935546875,2460.8935546875,2460.0595703125,2460.697509765625,2460.530517578125,2458.862060546875,2460.310546875,2522.0,2282.0
242.75,2436.5947265625,2460.8935546875,2460.8935546875,2460.8935546875,2460.0595703125,2460.697509765625,2460.530517578125,2458.8623046875,2461.64013671875,2522.0,2282.0
243.0,2436.59423828125,2460.8935546875,2460.8935546875,2460.8935546875,2460.0595703125,2460.697509765625,2460.530517578125,2458.8623046875,2460.310546875,2522.0,2282.0
243.25,2436.59423828125,2460.8935546875,2460.8935546875,2460.8935546875,2460.0595703125,2462.02734375,2460.530517578125,2460.19091796875,2460.310546875,2522.0,2282.0
243.5,2436.59423828125,2460.8935546875,2460.8935546875,2460.8935546875,2460.0595703125,2460.697509765625,2460.530517578125,2458.862060546875,2460.310546875,2522.0,2282.0
243.75,2436.59521484375,2460.8935546875,2460.8935546875,2460.8935546875,2460.0595703125,2460.697509765625,2460.530517578125,2458.8623046875,2460.310546875,2522.0,2282.0
244.0,2436.5947265625,2460.8935546875,2460.8935546875,2460.8935546875,2461.388916015625,2460.697509765625,2460.530517578125,2458.8623046875,2460.310546875,2522.0,2282.0
244.25,2436.594482421875,2460.8935546875,2460.8935546875,2460.8935546875,2460.0595703125,2460.697509765625,2460.530517578125,2458.862548828125,2460.310791015625,2522.0,2282.0
244.5,2438.834228515625,2460.8935546875,2460.8935546875,2460.8935546875,2460.01953125,2460.62646484375,2460.45947265625,2458.753173828125,2460.203125,2522.0,2282.0
244.75,2438.8388671875,2460.8935546875,2460.8935546875,2460.8935546875,2460.01953125,2460.62646484375,2460.45947265625,2458.75341796875,2460.203125,2522.0,2282.0
245.0,2438.83447265625,2460.8935546875,2460.8935546875,2460.8935546875,2460.01953125,2460.62646484375,2460.45947265625,2458.75341796875,2461.53271484375,2522.0,2282.0
245.25,2438.83544921875,2460.8935546875,2460.8935546875,2460.8935546875,2460.01953125,2460.62646484375,2460.45947265625,2458.75341796875,2460.203125,2522.0,2282.0
245.5,2438.83447265625,2462.223388671875,2460.8935546875,2460.8935546875,2460.01953125,2460.62646484375,2460.45947265625,2458.754150390625,2460.203125,2522.0,2282.0
245.75,2438.834228515625,2460.8935546875,2460.8935546875,2460.8935546875,2460.01953125,2460.62646484375,2460.45947265625,2458.75341796875,2460.203125,2522.0,2282.0
246.0,2438.835205078125,2460.8935546875,2460.8935546875,2460.8935546875,2460.01953125,2460.62646484375,2460.45947265625,2458.75341796875,2460.203125,2522.0,2282.0
246.25,2438.834228515625,2460.8935546875,2460.8935546875,2460.8935546875,2461.348876953125,2460.62646484375,2460.45947265625,2458.75341796875,2460.203369140625,2522.0,2282.0
246.5,2437.29150390625,2460.8935546875,2460.8935546875,2460.8935546875,2460.071533203125,2460.64599609375,2460.47900390625,2458.78125,2460.34033203125,2522.0,2282.0
246.75,2437.29150390625,2460.8935546875,2460.8935546875,2460.8935546875,2460.071533203125,2460.64599609375,2460.47900390625,2458.78125,2460.340087890625,2522.0,2282.0
247.0,2438.611572265625,2460.8935546875,2460.8935546875,2460.8935546875,2460.071533203125,2460.64599609375,2460.47900390625,2458.78125,2460.340087890625,2522.0,2282.0
247.25,2437.291259765625,2460.8935546875,2460.8935546875,2462.223388671875,2460.071533203125,2460.64599609375,2461.80859375,2458.78125,2461.669677734375,2522.0,2282.0
247.5,2437.2919921875,2460.8935546875,2460.8935546875,2460.8935546875,2460.071533203125,2460.64599609375,2460.47900390625,2458.78125,2460.340087890625,2522.0,2282.0
247.75,2437.29150390625,2460.8935546875,2460.8935546875,2460.8935546875,2460.071533203125,2461.975830078125,2460.47900390625,2460.110107421875,2460.340087890625,2522.0,2282.0
248.0,2437.291259765625,2460.8935546875,2460.8935546875,2460.8935546875,2460.071533203125,2460.64599609375,2460.47900390625,2458.78125,2460.340087890625,2522.0,2282.0
248.25,2437.29150390625,2460.8935546875,2462.223388671875,2460.8935546875,2461.40087890625,2460.64599609375,2460.47900390625,2458.78125,2460.340087890625,2522.0,2282.0
248.5,2437.10205078125,2460.8935546875,2460.8935546875,2460.8935546875,2461.424072265625,2460.636962890625,2460.533447265625,2458.802978515625,2460.36181640625,2522.0,2282.0
248.75,2437.10205078125,2460.8935546875,2460.8935546875,2460.8935546875,2460.0947265625,2460.636962890625,2460.533447265625,2458.803466796875,2460.36181640625,2522.0,2282.0
249.0,2438.422607421875,2460.8935546875,2460.8935546875,2460.8935546875,2460.094482421875,2460.636962890625,2460.533447265625,2458.802978515625,2460.361572265625,2522.0,2282.0
249.25,2437.10205078125,2460.8935546875,2460.8935546875,2462.223388671875,2460.0947265625,2460.636962890625,2461.863037109375,2458.802978515625,2461.691162109375,2522.0,2282.0
249.5,2437.102783203125,2460.8935546875,2460.8935546875,2460.8935546875,2460.0947265625,2460.636962890625,2460.533447265625,2458.802978515625,2460.361572265625,2522.0,2282.0
249.75,2437.103271484375,2460.8935546875,2460.8935546875,2460.8935546875,2460.0947265625,2460.636962890625,2460.533447265625,2458.802978515625,2460.361572265625,2522.0,2282.0
250.0,2437.10205078125,2460.8935546875,2460.8935546875,2460.8935546875,2460.094482421875,2460.636962890625,2460.533447265625,2458.802978515625,2460.361572265625,2522.0,2282.0
250.25,2436.498046875,2460.8935546875,2462.223388671875,2460.8935546875,2460.085693359375,2460.59619140625,2460.65087890625,2458.58203125,2460.471435546875,2522.0,2282.0
250.5,2436.496337890625,2460.8935546875,2462.223388671875,2460.8935546875,2461.4150390625,2460.59619140625,2460.65087890625,2458.581787109375,2460.471435546875,2522.0,2282.0
250.75,2436.49609375,2460.8935546875,2460.8935546875,2460.8935546875,2460.085693359375,2460.59619140625,2460.65087890625,2458.582275390625,2460.4716796875,2522.0,2282.0
251.0,2437.812744140625,2460.8935546875,2460.8935546875,2460.8935546875,2460.085693359375,2460.59619140625,2460.65087890625,2458.581787109375,2460.4716796875,2522.0,2282.0
251.25,2436.49609375,2460.8935546875,2460.8935546875,2460.8935546875,2460.085693359375,2460.595947265625,2460.65087890625,2458.581787109375,2460.471435546875,2522.0,2282.0
251.5,2436.49609375,2460.8935546875,2460.8935546875,2462.223388671875,2460.085693359375,2460.59619140625,2461.980712890625,2458.581787109375,2461.801025390625,2522.0,2282.0
251.75,2436.496826171875,2462.223388671875,2460.8935546875,2460.8935546875,2460.085693359375,2460.595947265625,2460.65087890625,2458.582763671875,2460.471435546875,2522.0,2282.0
252.0,2436.49609375,2460.8935546875,2460.8935546875,2460.8935546875,2460.085693359375,2460.59619140625,2460.65087890625,2458.581787109375,2460.471435546875,2522.0,2282.0
252.25,2436.06396484375,2460.8935546875,2460.8935546875,2460.8935546875,2460.140625,2460.614990234375,2460.627197265625,2458.583251953125,2460.51611328125,2522.0,2282.0
252.5,2435.773681640625,2460.8935546875,2460.8935546875,2460.8935546875,2460.140625,2460.65087890625,2460.6103515625,2458.595947265625,2460.5400390625,2522.0,2282.0
252.75,2435.77294921875,2460.8935546875,2460.8935546875,2460.8935546875,2460.140625,2460.65087890625,2460.6103515625,2458.595703125,2460.5400390625,2522.0,2282.0
253.0,2435.772705078125,2460.8935546875,2460.8935546875,2460.8935546875,2460.140869140625,2460.65087890625,2460.6103515625,2458.595947265625,2460.5400390625,2522.0,2282.0
253.25,2435.7783203125,2460.8935546875,2460.8935546875,2460.8935546875,2460.140625,2460.65087890625,2460.6103515625,2458.595703125,2460.5400390625,2522.0,2282.0
253.5,2435.775390625,2460.8935546875,2460.8935546875,2460.8935546875,2460.140869140625,2460.65087890625,2460.6103515625,2458.595947265625,2460.539794921875,2522.0,2282.0
253.75,2435.772705078125,2460.8935546875,2460.8935546875,2462.223388671875,2460.140625,2460.65087890625,2461.93994140625,2458.595703125,2461.86962890625,2522.0,2282.0
254.0,2435.772705078125,2462.223388671875,2460.8935546875,2460.8935546875,2460.140869140625,2460.65087890625,2460.610107421875,2458.596923828125,2460.539794921875,2522.0,2282.0
254.25,2437.04638671875,2462.223388671875,2460.8935546875,2460.8935546875,2460.15283203125,2461.916015625,2460.656005859375,2459.86962890625,2460.4619140625,2522.0,2282.0
254.5,2437.865234375,2460.8935546875,2460.8935546875,2460.8935546875,2460.153076171875,2460.47216796875,2460.685302734375,2458.413818359375,2460.4150390625,2522.0,2282.0
254.75,2437.864990234375,2460.8935546875,2462.223388671875,2460.8935546875,2460.15283203125,2460.471923828125,2460.685302734375,2458.413818359375,2460.4150390625,2522.0,2282.0
255.0,2437.865234375,2460.8935546875,2460.8935546875,2460.8935546875,2460.153076171875,2460.471923828125,2460.685302734375,2458.413818359375,2460.4150390625,2522.0,2282.0
255.25,2437.865234375,2460.8935546875,2460.8935546875,2460.8935546875,2460.15283203125,2460.471923828125,2460.685302734375,2458.4140625,2460.415283203125,2522.0,2282.0
255.5,2439.1826171875,2460.8935546875,2460.8935546875,2460.8935546875,2460.15283203125,2460.47216796875,2460.685302734375,2458.413818359375,2460.4150390625,2522.0,2282.0
255.75,2437.865234375,2460.8935546875,2460.8935546875,2460.8935546875,2460.153076171875,2460.471923828125,2460.685302734375,2458.413818359375,2460.4150390625,2522.0,2282.0
256.0,2437.865234375,2460.8935546875,2460.8935546875,2462.223388671875,2460.153076171875,2460.471923828125,2462.014892578125,2458.413818359375,2461.74462890625,2522.0,2282.0
256.25,2437.052001953125,2460.8935546875,2460.8935546875,2460.8935546875,2460.214111328125,2460.46875,2460.66650390625,2458.562255859375,2460.31884765625,2522.0,2282.0
256.5,2436.421142578125,2462.223388671875,2460.8935546875,2460.8935546875,2460.214111328125,2461.798583984375,2460.650390625,2460.148193359375,2460.267578125,2522.0,2282.0
256.75,2436.420166015625,2460.8935546875,2460.8935546875,2460.8935546875,2460.214111328125,2460.468994140625,2460.650634765625,2458.818603515625,2460.267578125,2522.0,2282.0
257.0,2436.420166015625,2460.8935546875,2462.223388671875,2460.8935546875,2460.214111328125,2460.468994140625,2460.650634765625,2458.818603515625,2460.267578125,2522.0,2282.0
257.25,2436.420166015625,2460.8935546875,2460.8935546875,2460.8935546875,2460.214111328125,2460.468994140625,2460.650634765625,2458.818603515625,2460.267578125,2522.0,2282.0
257.5,2436.420166015625,2460.8935546875,2460.8935546875,2460.8935546875,2460.214111328125,2460.468994140625,2460.650634765625,2458.819091796875,2460.267822265625,2522.0,2282.0
257.75,2436.420166015625,2460.8935546875,2460.8935546875,2460.8935546875,2460.214111328125,2460.468994140625,2460.650634765625,2458.818603515625,2460.267578125,2522.0,2282.0
258.0,2437.739990234375,2460.8935546875,2460.8935546875,2460.8935546875,2460.214111328125,2460.468994140625,2460.650634765625,2458.818603515625,2460.267578125,2522.0,2282.0
258.25,2436.81005859375,2460.8935546875,2460.8935546875,2460.8935546875,2460.2490234375,2460.3447265625,2460.716552734375,2459.00390625,2460.06787109375,2522.0,2282.0
258.5,2436.81201171875,2460.8935546875,2460.8935546875,2460.8935546875,2460.249267578125,2460.3447265625,2460.716552734375,2459.00390625,2460.067626953125,2522.0,2282.0
258.75,2436.81201171875,2460.8935546875,2460.8935546875,2460.8935546875,2460.249267578125,2460.3447265625,2460.716552734375,2459.00390625,2460.06787109375,2522.0,2282.0
259.0,2436.81201171875,2460.8935546875,2460.8935546875,2460.8935546875,2460.249267578125,2460.3447265625,2460.716552734375,2459.00390625,2460.067626953125,2522.0,2282.0
259.25,2436.81103515625,2460.8935546875,2460.8935546875,2460.8935546875,2460.249267578125,2460.3447265625,2460.716552734375,2459.00390625,2460.06787109375,2522.0,2282.0
259.5,2436.81103515625,2460.8935546875,2460.8935546875,2460.8935546875,2460.249267578125,2460.3447265625,2460.716552734375,2459.00390625,2460.067626953125,2522.0,2282.0
259.75,2436.81103515625,2460.8935546875,2460.8935546875,2460.8935546875,2460.249267578125,2460.3447265625,2460.716552734375,2459.00390625,2460.06787109375,2522.0,2282.0
260.0,2436.81103515625,2460.8935546875,2460.8935546875,2460.8935546875,2460.249267578125,2460.3447265625,2460.716552734375,2459.00390625,2460.067626953125,2522.0,2282.0
260.25,2450.156494140625,2460.8935546875,2460.8935546875,2460.8935546875,2461.06640625,2460.46484375,2460.94384765625,2459.711181640625,2460.648193359375,2522.0,2282.0
260.5,2457.89208984375,2460.8935546875,2460.8935546875,2462.223388671875,2461.06689453125,2460.711669921875,2462.43896484375,2461.302001953125,2462.353515625,2522.0,2282.0
260.75,2457.89208984375,2462.223388671875,2460.8935546875,2460.8935546875,2461.06689453125,2460.711669921875,2461.109130859375,2462.632080078125,2461.0234375,2522.0,2282.0
261.0,2457.89208984375,2460.8935546875,2460.8935546875,2460.8935546875,2461.06689453125,2460.71142578125,2461.10888671875,2461.302001953125,2461.0234375,2522.0,2282.0
261.25,2457.89208984375,2460.8935546875,2460.8935546875,2460.8935546875,2461.06689453125,2460.711669921875,2461.10888671875,2461.302001953125,2461.025390625,2522.0,2282.0
261.5,2459.22021484375,2460.8935546875,2462.223388671875,2460.8935546875,2461.06689453125,2460.711669921875,2461.109130859375,2461.302001953125,2461.0234375,2522.0,2282.0
261.75,2457.8916015625,2460.8935546875,2460.8935546875,2460.8935546875,2461.06689453125,2460.711669921875,2461.109130859375,2461.302001953125,2461.0234375,2522.0,2282.0
262.0,2457.8916015625,2460.8935546875,2460.8935546875,2460.8935546875,2461.06689453125,2460.711669921875,2461.109130859375,2461.302001953125,2461.0234375,2522.0,2282.0
262.25,2458.298583984375,2460.8935546875,2460.8935546875,2460.8935546875,2461.03466796875,2460.723876953125,2461.10791015625,2461.279541015625,2461.05419921875,2522.0,2282.0
262.5,2458.606201171875,2460.8935546875,2460.8935546875,2460.8935546875,2461.034423828125,2460.74365234375,2461.108642578125,2461.242919921875,2461.074462890625,2522.0,2282.0
262.75,2458.60595703125,2460.8935546875,2460.8935546875,2462.223388671875,2461.034423828125,2460.74365234375,2462.438720703125,2461.242919921875,2462.404296875,2522.0,2282.0
263.0,2458.60595703125,2462.223388671875,2460.8935546875,2460.8935546875,2461.034423828125,2460.74365234375,2461.108642578125,2462.572998046875,2461.074462890625,2522.0,2282.0
263.25,2458.60595703125,2462.223388671875,2460.8935546875,2460.8935546875,2461.03466796875,2462.073486328125,2461.108642578125,2462.572998046875,2461.074462890625,2522.0,2282.0
263.5,2458.60595703125,2460.8935546875,2460.8935546875,2460.8935546875,2461.034423828125,2460.74365234375,2461.108642578125,2461.242919921875,2461.074462890625,2522.0,2282.0
263.75,2458.6044921875,2460.8935546875,2462.223388671875,2460.8935546875,2461.03466796875,2460.74365234375,2461.108642578125,2461.242919921875,2461.074462890625,2522.0,2282.0
264.0,2458.6044921875,2460.8935546875,2460.8935546875,2460.8935546875,2461.034423828125,2460.74365234375,2461.108642578125,2461.242919921875,2461.074462890625,2522.0,2282.0
264.25,2457.690185546875,2460.8935546875,2460.8935546875,2460.8935546875,2461.164306640625,2460.74560546875,2461.204833984375,2461.0517578125,2461.15869140625,2522.0,2282.0
264.5,2457.69091796875,2460.8935546875,2460.8935546875,2460.8935546875,2461.164306640625,2460.74560546875,2461.204833984375,2461.0517578125,2461.15869140625,2522.0,2282.0
264.75,2457.69091796875,2460.8935546875,2460.8935546875,2462.223388671875,2461.164306640625,2460.74560546875,2462.534912109375,2461.0517578125,2462.48876953125,2522.0,2282.0
265.0,2457.690673828125,2460.8935546875,2460.8935546875,2460.8935546875,2461.164306640625,2460.74560546875,2461.204833984375,2461.0517578125,2461.15869140625,2522.0,2282.0
265.25,2457.69091796875,2460.8935546875,2460.8935546875,2460.8935546875,2461.164306640625,2462.075439453125,2461.204833984375,2461.0517578125,2461.15869140625,2522.0,2282.0
265.5,2459.01904296875,2460.8935546875,2460.8935546875,2460.8935546875,2461.164306640625,2460.74560546875,2461.204833984375,2461.0517578125,2461.15869140625,2522.0,2282.0
265.75,2457.69091796875,2460.8935546875,2462.223388671875,2460.8935546875,2462.494384765625,2460.74560546875,2461.204833984375,2461.0517578125,2461.15869140625,2522.0,2282.0
266.0,2457.690673828125,2460.8935546875,2460.8935546875,2460.8935546875,2462.494384765625,2460.74560546875,2461.204833984375,2461.0517578125,2461.15869140625,2522.0,2282.0
266.25,2457.154541015625,2460.8935546875,2460.8935546875,2460.8935546875,2461.17626953125,2460.78955078125,2461.058837890625,2461.030029296875,2461.13720703125,2522.0,2282.0
266.5,2457.155029296875,2460.8935546875,2460.8935546875,2460.8935546875,2461.17626953125,2460.78955078125,2461.058837890625,2461.030029296875,2461.137451171875,2522.0,2282.0
266.75,2457.15478515625,2460.8935546875,2460.8935546875,2460.8935546875,2461.17626953125,2460.78955078125,2461.05859375,2461.030029296875,2461.137451171875,2522.0,2282.0
267.0,2457.154541015625,2460.8935546875,2460.8935546875,2462.223388671875,2461.17626953125,2460.78955078125,2462.388671875,2461.030029296875,2462.46728515625,2522.0,2282.0
267.25,2457.155029296875,2462.223388671875,2460.8935546875,2460.8935546875,2461.17626953125,2462.119384765625,2461.05859375,2462.35986328125,2461.137451171875,2522.0,2282.0
267.5,2457.155029296875,2460.8935546875,2460.8935546875,2460.8935546875,2461.17626953125,2460.78955078125,2461.058837890625,2461.030029296875,2461.137451171875,2522.0,2282.0
267.75,2457.155029296875,2460.8935546875,2460.8935546875,2460.8935546875,2461.17626953125,2460.78955078125,2461.05859375,2461.030029296875,2461.137451171875,2522.0,2282.0
268.0,2457.15380859375,2460.8935546875,2460.8935546875,2460.8935546875,2461.17626953125,2460.78955078125,2461.058837890625,2461.030029296875,2461.137451171875,2522.0,2282.0
268.25,2458.78076171875,2460.8935546875,2460.8935546875,2460.8935546875,2461.037353515625,2460.905517578125,2460.92236328125,2461.213134765625,2461.099853515625,2522.0,2282.0
268.5,2458.781494140625,2460.8935546875,2460.8935546875,2460.8935546875,2461.037353515625,2460.905517578125,2460.92236328125,2461.21337890625,2461.099853515625,2522.0,2282.0
268.75,2458.78125,2460.8935546875,2460.8935546875,2460.8935546875,2461.037353515625,2460.905517578125,2460.92236328125,2461.21337890625,2461.099853515625,2522.0,2282.0
269.0,2458.781494140625,2460.8935546875,2460.8935546875,2460.8935546875,2461.037353515625,2460.905517578125,2460.92236328125,2461.21337890625,2461.099853515625,2522.0,2282.0
269.25,2458.781005859375,2460.8935546875,2460.8935546875,2460.8935546875,2461.037353515625,2460.905517578125,2460.92236328125,2461.21337890625,2461.099853515625,2522.0,2282.0
269.5,2458.781494140625,2462.223388671875,2460.8935546875,2460.8935546875,2461.037353515625,2462.235595703125,2460.92236328125,2462.54345703125,2461.099853515625,2522.0,2282.0
269.75,2458.78125,2460.8935546875,2460.8935546875,2460.8935546875,2461.037353515625,2460.905517578125,2460.92236328125,2461.21337890625,2461.099853515625,2522.0,2282.0
270.0,2460.110107421875,2460.8935546875,2462.223388671875,2460.8935546875,2461.037353515625,2460.905517578125,2460.92236328125,2461.21337890625,2461.099853515625,2522.0,2282.0
270.25,2456.677734375,2460.8935546875,2460.8935546875,2460.8935546875,2461.115234375,2460.91943359375,2460.967529296875,2461.2490234375,2461.189697265625,2522.0,2282.0
270.5,2456.67822265625,2460.8935546875,2460.8935546875,2460.8935546875,2461.115234375,2460.91943359375,2460.967529296875,2461.248779296875,2461.189453125,2522.0,2282.0
270.75,2456.678466796875,2460.8935546875,2460.8935546875,2460.8935546875,2461.115234375,2460.91943359375,2460.967529296875,2461.2490234375,2461.189697265625,2522.0,2282.0
271.0,2456.67822265625,2460.8935546875,2460.8935546875,2460.8935546875,2461.115234375,2460.91943359375,2460.967529296875,2461.2490234375,2461.189697265625,2522.0,2282.0
271.25,2456.67822265625,2460.8935546875,2460.8935546875,2460.8935546875,2461.115234375,2460.91943359375,2460.967529296875,2461.2490234375,2461.189697265625,2522.0,2282.0
271.5,2456.67822265625,2460.8935546875,2460.8935546875,2462.223388671875,2461.115234375,2460.91943359375,2462.29736328125,2461.2490234375,2462.51953125,2522.0,2282.0
271.75,2456.678466796875,2462.223388671875,2460.8935546875,2460.8935546875,2461.115234375,2462.24951171875,2460.967529296875,2462.5791015625,2461.189697265625,2522.0,2282.0
272.0,2456.678466796875,2460.8935546875,2460.8935546875,2460.8935546875,2461.115234375,2460.91943359375,2460.967529296875,2461.2490234375,2461.189697265625,2522.0,2282.0
272.25,2459.7841796875,2460.8935546875,2462.223388671875,2460.8935546875,2460.95947265625,2460.8916015625,2460.87744140625,2461.030029296875,2461.13623046875,2522.0,2282.0
272.5,2459.7861328125,2460.8935546875,2462.223388671875,2460.8935546875,2462.28955078125,2460.8916015625,2460.877197265625,2461.030029296875,2461.13720703125,2522.0,2282.0
272.75,2459.78662109375,2460.8935546875,2460.8935546875,2460.8935546875,2460.95947265625,2460.8916015625,2460.87744140625,2461.030029296875,2461.13720703125,2522.0,2282.0
273.0,2459.78662109375,2460.8935546875,2460.8935546875,2460.8935546875,2460.95947265625,2460.8916015625,2460.87744140625,2461.030029296875,2461.13720703125,2522.0,2282.0
273.25,2459.78662109375,2460.8935546875,2460.8935546875,2460.8935546875,2460.95947265625,2460.8916015625,2460.87744140625,2461.030029296875,2461.137451171875,2522.0,2282.0
273.5,2459.78662109375,2460.8935546875,2460.8935546875,2462.223388671875,2460.95947265625,2460.891845703125,2462.207275390625,2461.030029296875,2462.46728515625,2522.0,2282.0
273.75,2459.78662109375,2462.223388671875,2460.8935546875,2460.8935546875,2460.95947265625,2460.8916015625,2460.87744140625,2462.35986328125,2461.137451171875,2522.0,2282.0
274.0,2459.78662109375,2460.8935546875,2460.8935546875,2460.8935546875,2460.95947265625,2460.891845703125,2460.87744140625,2461.030029296875,2461.13720703125,2522.0,2282.0
274.25,2459.416015625,2460.8935546875,2460.8935546875,2460.8935546875,2460.970458984375,2460.93408203125,2460.98291015625,2461.140380859375,2461.08251953125,2522.0,2282.0
274.5,2459.414306640625,2460.8935546875,2460.8935546875,2460.8935546875,2460.970703125,2460.93408203125,2460.98291015625,2461.140380859375,2461.08251953125,2522.0,2282.0
274.75,2459.41552734375,2460.8935546875,2460.8935546875,2460.8935546875,2460.970458984375,2460.93408203125,2460.98291015625,2461.140380859375,2461.08251953125,2522.0,2282.0
275.0,2459.41552734375,2460.8935546875,2460.8935546875,2460.8935546875,2460.970703125,2460.93408203125,2460.98291015625,2461.140380859375,2461.082275390625,2522.0,2282.0
275.25,2459.416015625,2460.8935546875,2460.8935546875,2460.8935546875,2460.970458984375,2460.93408203125,2460.98291015625,2461.140380859375,2461.08251953125,2522.0,2282.0
275.5,2459.416015625,2460.8935546875,2460.8935546875,2460.8935546875,2460.970703125,2460.93408203125,2460.98291015625,2461.140380859375,2461.08251953125,2522.0,2282.0
275.75,2459.416015625,2460.8935546875,2460.8935546875,2462.223388671875,2460.970458984375,2460.93408203125,2462.312744140625,2461.140380859375,2462.412353515625,2522.0,2282.0
276.0,2459.416015625,2460.8935546875,2460.8935546875,2460.8935546875,2460.970703125,2460.93408203125,2460.98291015625,2461.140380859375,2461.08251953125,2522.0,2282.0
276.25,2460.48876953125,2462.223388671875,2460.8935546875,2460.8935546875,2460.900634765625,2462.2578125,2461.103515625,2462.45654296875,2461.01416015625,2522.0,2282.0
276.5,2460.48876953125,2460.8935546875,2460.8935546875,2460.8935546875,2460.900634765625,2460.927978515625,2461.103271484375,2461.12646484375,2461.01513671875,2522.0,2282.0
276.75,2460.486328125,2460.8935546875,2460.8935546875,2460.8935546875,2460.900634765625,2460.927978515625,2461.103515625,2461.12646484375,2461.01416015625,2522.0,2282.0
277.0,2460.48828125,2460.8935546875,2462.223388671875,2460.8935546875,2462.23046875,2460.927978515625,2461.103271484375,2461.12646484375,2461.01416015625,2522.0,2282.0
277.25,2460.48876953125,2460.8935546875,2460.8935546875,2460.8935546875,2460.900634765625,2460.927978515625,2461.103515625,2461.12646484375,2461.01416015625,2522.0,2282.0
277.5,2460.48876953125,2460.8935546875,2460.8935546875,2460.8935546875,2460.900634765625,2460.927978515625,2461.103271484375,2461.12646484375,2461.01416015625,2522.0,2282.0
277.75,2460.48876953125,2460.8935546875,2460.8935546875,2460.8935546875,2460.900634765625,2460.927978515625,2461.103515625,2461.12646484375,2461.01416015625,2522.0,2282.0
278.0,2460.48876953125,2460.8935546875,2460.8935546875,2462.223388671875,2460.900634765625,2460.927978515625,2462.433349609375,2461.12646484375,2462.343994140625,2522.0,2282.0
278.25,2459.620849609375,2460.8935546875,2460.8935546875,2460.8935546875,2460.86572265625,2460.98828125,2461.1005859375,2461.11865234375,2461.06103515625,2522.0,2282.0
278.5,2459.62109375,2462.223388671875,2460.8935546875,2460.8935546875,2460.86572265625,2462.318359375,2461.100341796875,2462.44873046875,2461.06103515625,2522.0,2282.0
278.75,2459.62060546875,2460.8935546875,2460.8935546875,2460.8935546875,2460.86572265625,2460.98828125,2461.100341796875,2461.11865234375,2461.06103515625,2522.0,2282.0
279.0,2459.618408203125,2460.8935546875,2460.8935546875,2460.8935546875,2460.86572265625,2460.98828125,2461.1005859375,2461.11865234375,2461.06103515625,2522.0,2282.0
279.25,2459.6201171875,2460.8935546875,2460.8935546875,2460.8935546875,2460.86572265625,2460.98828125,2461.100341796875,2461.11865234375,2461.06103515625,2522.0,2282.0
279.5,2459.6201171875,2460.8935546875,2460.8935546875,2460.8935546875,2460.86572265625,2460.98828125,2461.100341796875,2461.11865234375,2461.06103515625,2522.0,2282.0
279.75,2459.62060546875,2460.8935546875,2460.8935546875,2460.8935546875,2460.86572265625,2460.98828125,2461.100341796875,2461.11865234375,2461.06103515625,2522.0,2282.0
280.0,2459.62060546875,2460.8935546875,2460.8935546875,2460.8935546875,2460.86572265625,2460.98828125,2461.100341796875,2461.11865234375,2461.06103515625,2522.0,2282.0
280.25,2461.046875,2460.8935546875,2460.8935546875,2460.8935546875,2460.746826171875,2461.02880859375,2461.10986328125,2461.148193359375,2461.035400390625,2522.0,2282.0
280.5,2461.047119140625,2462.223388671875,2460.8935546875,2460.8935546875,2460.746826171875,2461.02880859375,2461.10986328125,2462.47802734375,2461.03564453125,2522.0,2282.0
280.75,2461.047119140625,2460.8935546875,2460.8935546875,2460.8935546875,2460.746826171875,2461.02880859375,2461.10986328125,2461.148193359375,2461.035400390625,2522.0,2282.0
281.0,2461.04443359375,2460.8935546875,2460.8935546875,2460.8935546875,2460.746826171875,2461.02880859375,2461.10986328125,2461.148193359375,2461.03564453125,2522.0,2282.0
281.25,2461.046630859375,2460.8935546875,2462.223388671875,2460.8935546875,2460.746826171875,2461.02880859375,2461.10986328125,2461.148193359375,2461.035400390625,2522.0,2282.0
281.5,2461.047119140625,2460.8935546875,2460.8935546875,2460.8935546875,2460.746826171875,2461.02880859375,2461.10986328125,2461.148193359375,2461.035400390625,2522.0,2282.0
281.75,2461.047119140625,2460.8935546875,2460.8935546875,2460.8935546875,2460.746826171875,2461.02880859375,2461.10986328125,2461.148193359375,2461.035400390625,2522.0,2282.0
282.0,2461.047119140625,2460.8935546875,2460.8935546875,2460.8935546875,2460.746826171875,2461.02880859375,2461.10986328125,2461.148193359375,2461.03564453125,2522.0,2282.0
282.25,2459.434814453125,2460.8935546875,2460.8935546875,2460.8935546875,2460.903564453125,2461.026123046875,2460.97998046875,2461.21337890625,2461.098388671875,2522.0,2282.0
282.5,2459.434814453125,2460.8935546875,2460.8935546875,2462.223388671875,2460.903564453125,2461.026123046875,2462.31005859375,2461.21337890625,2462.429931640625,2522.0,2282.0
282.75,2459.43505859375,2460.8935546875,2460.8935546875,2460.8935546875,2460.903564453125,2462.356201171875,2460.97998046875,2461.21337890625,2461.101806640625,2522.0,2282.0
283.0,2459.43505859375,2460.8935546875,2460.8935546875,2460.8935546875,2460.903564453125,2461.026123046875,2460.97998046875,2461.21337890625,2461.099853515625,2522.0,2282.0
283.25,2460.76416015625,2460.8935546875,2460.8935546875,2460.8935546875,2460.90380859375,2461.026123046875,2460.97998046875,2461.21337890625,2461.099853515625,2522.0,2282.0
283.5,2459.433837890625,2460.8935546875,2462.223388671875,2460.8935546875,2460.903564453125,2461.026123046875,2460.97998046875,2461.21337890625,2461.099853515625,2522.0,2282.0
283.75,2459.4345703125,2460.8935546875,2460.8935546875,2460.8935546875,2460.90380859375,2461.026123046875,2460.97998046875,2461.21337890625,2461.099853515625,2522.0,2282.0
284.0,2459.43505859375,2460.8935546875,2460.8935546875,2460.8935546875,2460.903564453125,2461.026123046875,2460.980224609375,2461.21337890625,2461.099853515625,2522.0,2282.0
284.25,2436.0810546875,2460.8935546875,2460.8935546875,2460.8935546875,2460.235595703125,2460.6484375,2460.544189453125,2459.17041015625,2460.28662109375,2522.0,2282.0
284.5,2434.76904296875,2460.8935546875,2460.8935546875,2460.8935546875,2460.235595703125,2460.6484375,2460.544189453125,2459.17041015625,2460.28662109375,2522.0,2282.0
284.75,2434.768798828125,2460.8935546875,2460.8935546875,2460.8935546875,2460.235595703125,2460.6484375,2460.544189453125,2459.17041015625,2460.28662109375,2522.0,2282.0
285.0,2434.76953125,2462.223388671875,2460.8935546875,2460.8935546875,2460.235595703125,2460.6484375,2460.544189453125,2459.1708984375,2460.28662109375,2522.0,2282.0
285.25,2434.77001953125,2460.8935546875,2460.8935546875,2460.8935546875,2460.235595703125,2460.648193359375,2460.544189453125,2459.17041015625,2460.28662109375,2522.0,2282.0
285.5,2434.769775390625,2460.8935546875,2460.8935546875,2460.8935546875,2460.235595703125,2460.6484375,2460.544189453125,2459.17041015625,2460.28662109375,2522.0,2282.0
285.75,2434.76904296875,2460.8935546875,2462.223388671875,2460.8935546875,2460.235595703125,2460.648193359375,2460.544189453125,2459.17041015625,2460.28662109375,2522.0,2282.0
286.0,2434.768798828125,2460.8935546875,2460.8935546875,2460.8935546875,2460.235595703125,2460.648193359375,2460.544189453125,2459.17041015625,2460.286865234375,2522.0,2282.0
286.25,2434.6513671875,2460.8935546875,2460.8935546875,2460.8935546875,2460.211181640625,2460.625244140625,2460.52099609375,2459.273193359375,2460.278564453125,2522.0,2282.0
286.5,2435.967041015625,2460.8935546875,2460.8935546875,2460.8935546875,2460.211181640625,2460.625244140625,2460.52099609375,2459.273193359375,2460.278564453125,2522.0,2282.0
286.75,2434.654296875,2460.8935546875,2460.8935546875,2460.8935546875,2460.211181640625,2460.625244140625,2460.52099609375,2459.273193359375,2460.278564453125,2522.0,2282.0
287.0,2434.6513671875,2460.8935546875,2460.8935546875,2460.8935546875,2460.211181640625,2460.625244140625,2460.52099609375,2459.273193359375,2460.278564453125,2522.0,2282.0
287.25,2434.652587890625,2462.223388671875,2460.8935546875,2460.8935546875,2460.211181640625,2460.625244140625,2460.52099609375,2459.273681640625,2460.278564453125,2522.0,2282.0
287.5,2434.652587890625,2460.8935546875,2460.8935546875,2460.8935546875,2460.211181640625,2460.625244140625,2460.52099609375,2459.273193359375,2460.278564453125,2522.0,2282.0
287.75,2434.651611328125,2460.8935546875,2460.8935546875,2460.8935546875,2460.211181640625,2460.625244140625,2460.52099609375,2459.273193359375,2460.278564453125,2522.0,2282.0
288.0,2434.65185546875,2460.8935546875,2462.223388671875,2460.8935546875,2461.54052734375,2460.625244140625,2460.52099609375,2459.273193359375,2460.278564453125,2522.0,2282.0
288.25,2435.81396484375,2460.8935546875,2460.8935546875,2460.8935546875,2460.178955078125,2460.625244140625,2460.552734375,2459.031982421875,2460.20458984375,2522.0,2282.0
288.5,2435.814208984375,2460.8935546875,2460.8935546875,2460.8935546875,2460.178955078125,2460.625244140625,2460.552734375,2459.031982421875,2460.20458984375,2522.0,2282.0
288.75,2437.133544921875,2460.8935546875,2460.8935546875,2460.8935546875,2460.178955078125,2460.625244140625,2460.552734375,2459.031982421875,2460.20458984375,2522.0,2282.0
289.0,2435.81982421875,2460.8935546875,2460.8935546875,2460.8935546875,2460.178955078125,2460.625244140625,2460.552734375,2459.031982421875,2460.20458984375,2522.0,2282.0
289.25,2435.814208984375,2460.8935546875,2460.8935546875,2460.8935546875,2460.178955078125,2460.625244140625,2460.552734375,2459.031982421875,2460.20458984375,2522.0,2282.0
289.5,2435.815185546875,2462.223388671875,2460.8935546875,2460.8935546875,2460.178955078125,2460.625244140625,2460.552734375,2459.032470703125,2460.20458984375,2522.0,2282.0
289.75,2435.814208984375,2460.8935546875,2460.8935546875,2460.8935546875,2460.178955078125,2460.625244140625,2460.552734375,2459.031982421875,2460.20458984375,2522.0,2282.0
290.0,2435.815185546875,2460.8935546875,2460.8935546875,2460.8935546875,2460.178955078125,2460.625244140625,2460.552734375,2459.031982421875,2460.20458984375,2522.0,2282.0
290.25,2436.43603515625,2460.8935546875,2460.8935546875,2460.8935546875,2460.275146484375,2460.561767578125,2460.520751953125,2458.950927734375,2460.234130859375,2522.0,2282.0
290.5,2436.435791015625,2460.8935546875,2460.8935546875,2460.8935546875,2460.275146484375,2460.561767578125,2460.520751953125,2458.951171875,2460.234130859375,2522.0,2282.0
290.75,2436.435791015625,2460.8935546875,2460.8935546875,2460.8935546875,2460.275146484375,2460.561767578125,2460.520751953125,2458.950927734375,2460.234130859375,2522.0,2282.0
291.0,2436.438232421875,2460.8935546875,2460.8935546875,2460.8935546875,2460.275146484375,2460.561767578125,2460.520751953125,2458.951171875,2460.234130859375,2522.0,2282.0
291.25,2436.43603515625,2460.8935546875,2460.8935546875,2460.8935546875,2460.275146484375,2460.561767578125,2460.520751953125,2458.950927734375,2460.234130859375,2522.0,2282.0
291.5,2436.435791015625,2460.8935546875,2460.8935546875,2462.223388671875,2460.275146484375,2460.561767578125,2461.850341796875,2458.95166015625,2461.563720703125,2522.0,2282.0
291.75,2436.4365234375,2462.223388671875,2460.8935546875,2460.8935546875,2460.275146484375,2460.561767578125,2460.520751953125,2458.95166015625,2460.234130859375,2522.0,2282.0
292.0,2436.436767578125,2460.8935546875,2460.8935546875,2460.8935546875,2460.275146484375,2460.561767578125,2460.520751953125,2458.951171875,2460.234130859375,2522.0,2282.0
292.25,2409.2333984375,2460.8935546875,2460.8935546875,2460.8935546875,2459.258544921875,2460.092529296875,2459.99560546875,2455.74560546875,2459.20703125,2522.0,2282.0
292.5,2409.245361328125,2460.8935546875,2460.8935546875,2460.8935546875,2459.2587890625,2460.092529296875,2459.99560546875,2455.745361328125,2459.20703125,2522.0,2282.0
292.75,2409.244140625,2460.8935546875,2460.8935546875,2460.8935546875,2459.258544921875,2460.092529296875,2459.99560546875,2455.74658203125,2459.20751953125,2522.0,2282.0
293.0,2409.24365234375,2460.8935546875,2460.8935546875,2460.8935546875,2459.2587890625,2460.092529296875,2459.99560546875,2455.745361328125,2459.20703125,2522.0,2282.0
293.25,2409.24365234375,2460.8935546875,2460.8935546875,2460.8935546875,2459.258544921875,2460.092529296875,2459.99560546875,2455.745361328125,2459.20703125,2522.0,2282.0
293.5,2409.248046875,2460.8935546875,2460.8935546875,2460.8935546875,2459.258544921875,2460.092529296875,2459.99560546875,2455.745361328125,2460.535888671875,2522.0,2282.0
293.75,2409.243896484375,2460.8935546875,2460.8935546875,2460.8935546875,2459.258544921875,2460.092529296875,2459.99560546875,2455.74560546875,2459.20703125,2522.0,2282.0
294.0,2409.243896484375,2460.8935546875,2460.8935546875,2460.8935546875,2459.2587890625,2461.421875,2459.99560546875,2457.07421875,2459.206787109375,2522.0,2282.0
294.25,2410.956298828125,2460.8935546875,2460.8935546875,2460.8935546875,2459.317626953125,2460.091796875,2459.9306640625,2456.93212890625,2459.28759765625,2522.0,2282.0
294.5,2409.6513671875,2460.8935546875,2460.8935546875,2460.8935546875,2459.317626953125,2460.091796875,2459.9306640625,2455.60498046875,2459.28759765625,2522.0,2282.0
294.75,2409.643798828125,2460.8935546875,2462.223388671875,2460.8935546875,2460.646728515625,2460.091796875,2459.9306640625,2455.60498046875,2459.28759765625,2522.0,2282.0
295.0,2409.643798828125,2460.8935546875,2460.8935546875,2460.8935546875,2459.317626953125,2460.091796875,2459.9306640625,2455.606201171875,2459.2880859375,2522.0,2282.0
295.25,2409.643798828125,2460.8935546875,2460.8935546875,2460.8935546875,2459.317626953125,2460.091796875,2459.9306640625,2455.60498046875,2459.2880859375,2522.0,2282.0
295.5,2409.6455078125,2460.8935546875,2460.8935546875,2460.8935546875,2459.317626953125,2460.091796875,2459.9306640625,2455.60498046875,2459.28759765625,2522.0,2282.0
295.75,2409.64794921875,2460.8935546875,2460.8935546875,2460.8935546875,2459.317626953125,2460.091796875,2459.9306640625,2455.60498046875,2460.616455078125,2522.0,2282.0
296.0,2409.643798828125,2460.8935546875,2460.8935546875,2462.223388671875,2459.317626953125,2460.091796875,2461.260009765625,2455.60498046875,2460.616455078125,2522.0,2282.0
296.25,2408.678955078125,2462.223388671875,2460.8935546875,2460.8935546875,2459.472412109375,2459.95849609375,2459.95556640625,2455.81103515625,2459.271484375,2522.0,2282.0
296.5,2408.6796875,2460.8935546875,2460.8935546875,2460.8935546875,2459.472412109375,2459.95849609375,2459.95556640625,2457.13818359375,2459.271484375,2522.0,2282.0
296.75,2408.679931640625,2460.8935546875,2460.8935546875,2460.8935546875,2459.472412109375,2459.95849609375,2459.95556640625,2455.81103515625,2459.271484375,2522.0,2282.0
297.0,2408.679931640625,2460.8935546875,2460.8935546875,2460.8935546875,2459.472412109375,2459.95849609375,2459.95556640625,2455.81103515625,2459.271484375,2522.0,2282.0
297.25,2408.6796875,2460.8935546875,2460.8935546875,2460.8935546875,2459.472412109375,2459.95849609375,2459.95556640625,2455.81103515625,2459.27197265625,2522.0,2282.0
297.5,2408.6796875,2460.8935546875,2460.8935546875,2460.8935546875,2459.472412109375,2459.95849609375,2459.95556640625,2455.81103515625,2459.271484375,2522.0,2282.0
297.75,2408.68115234375,2460.8935546875,2460.8935546875,2460.8935546875,2459.47265625,2459.958740234375,2459.95556640625,2455.81103515625,2459.271484375,2522.0,2282.0
298.0,2408.6826171875,2460.8935546875,2460.8935546875,2460.8935546875,2459.472412109375,2459.95849609375,2459.95556640625,2455.81103515625,2460.6005859375,2522.0,2282.0
298.25,2408.686279296875,2460.8935546875,2460.8935546875,2460.8935546875,2459.47900390625,2459.996826171875,2459.866455078125,2455.8251953125,2459.340087890625,2522.0,2282.0
298.5,2408.68603515625,2462.223388671875,2460.8935546875,2460.8935546875,2459.47900390625,2459.996826171875,2459.866455078125,2455.8251953125,2459.340087890625,2522.0,2282.0
298.75,2408.686279296875,2460.8935546875,2460.8935546875,2460.8935546875,2459.479248046875,2459.996826171875,2459.866455078125,2457.15234375,2459.340087890625,2522.0,2282.0
299.0,2408.6865234375,2460.8935546875,2460.8935546875,2460.8935546875,2459.47900390625,2459.996826171875,2459.866455078125,2455.824951171875,2459.340087890625,2522.0,2282.0
299.25,2408.686279296875,2460.8935546875,2462.223388671875,2460.8935546875,2460.80810546875,2459.996826171875,2459.866455078125,2455.8251953125,2459.340087890625,2522.0,2282.0
299.5,2408.68603515625,2460.8935546875,2460.8935546875,2460.8935546875,2459.47900390625,2459.996826171875,2459.866455078125,2455.826171875,2459.340576171875,2522.0,2282.0
299.75,2408.68603515625,2460.8935546875,2460.8935546875,2460.8935546875,2459.479248046875,2459.996826171875,2459.866455078125,2455.8251953125,2459.340576171875,2522.0,2282.0
300.0,2408.685791015625,2460.8935546875,2460.8935546875,2460.8935546875,2459.47900390625,2459.996826171875,2459.866455078125,2455.824951171875,2459.340087890625,2522.0,2282.0
300.25,2415.35498046875,2460.8935546875,2460.8935546875,2460.8935546875,2459.521240234375,2460.228759765625,2460.002685546875,2456.28515625,2460.958740234375,2522.0,2282.0
300.5,2415.349853515625,2460.8935546875,2460.8935546875,2460.8935546875,2459.521240234375,2460.228759765625,2460.002685546875,2456.28515625,2459.629638671875,2522.0,2282.0
300.75,2416.661865234375,2462.223388671875,2460.8935546875,2460.8935546875,2459.521484375,2460.228759765625,2460.002685546875,2456.286865234375,2459.62939453125,2522.0,2282.0
301.0,2416.662109375,2460.8935546875,2460.8935546875,2460.8935546875,2459.521240234375,2460.228759765625,2460.002685546875,2457.612548828125,2459.62939453125,2522.0,2282.0
301.25,2415.349609375,2460.8935546875,2460.8935546875,2460.8935546875,2459.521240234375,2460.228759765625,2460.002685546875,2456.28515625,2459.62939453125,2522.0,2282.0
301.5,2415.349609375,2460.8935546875,2462.223388671875,2460.8935546875,2460.850341796875,2460.228759765625,2460.002685546875,2456.28515625,2459.629638671875,2522.0,2282.0
301.75,2415.349609375,2460.8935546875,2460.8935546875,2460.8935546875,2459.521240234375,2460.228759765625,2460.002685546875,2456.28515625,2459.6298828125,2522.0,2282.0
302.0,2415.351318359375,2460.8935546875,2460.8935546875,2460.8935546875,2459.521240234375,2460.228759765625,2460.002685546875,2456.28515625,2459.629638671875,2522.0,2282.0
302.25,2415.4609375,2460.8935546875,2460.8935546875,2460.8935546875,2459.42822265625,2460.232177734375,2460.070068359375,2456.46923828125,2459.592041015625,2522.0,2282.0
302.5,2415.46044921875,2460.8935546875,2460.8935546875,2462.223388671875,2459.42822265625,2460.232177734375,2461.399658203125,2456.46923828125,2459.592041015625,2522.0,2282.0
302.75,2416.764892578125,2460.8935546875,2460.8935546875,2460.8935546875,2459.42822265625,2460.232177734375,2460.070068359375,2456.46923828125,2459.592041015625,2522.0,2282.0
303.0,2415.46484375,2460.8935546875,2460.8935546875,2460.8935546875,2459.42822265625,2461.5615234375,2460.070068359375,2457.79833984375,2459.592041015625,2522.0,2282.0
303.25,2415.45947265625,2460.8935546875,2460.8935546875,2460.8935546875,2459.42822265625,2460.23193359375,2460.070068359375,2456.46923828125,2459.592041015625,2522.0,2282.0
303.5,2415.45947265625,2460.8935546875,2460.8935546875,2460.8935546875,2459.42822265625,2460.232177734375,2460.070068359375,2456.46923828125,2459.592041015625,2522.0,2282.0
303.75,2415.46142578125,2460.8935546875,2460.8935546875,2460.8935546875,2459.42822265625,2460.23193359375,2460.070068359375,2456.46923828125,2459.592041015625,2522.0,2282.0
304.0,2415.461181640625,2460.8935546875,2460.8935546875,2460.8935546875,2459.42822265625,2460.232177734375,2460.0703125,2456.46923828125,2459.592529296875,2522.0,2282.0
304.25,2414.3115234375,2460.8935546875,2460.8935546875,2460.8935546875,2459.55029296875,2460.226318359375,2460.0,2456.579833984375,2460.8662109375,2522.0,2282.0
304.5,2414.3134765625,2460.8935546875,2460.8935546875,2460.8935546875,2459.55029296875,2460.2265625,2460.0,2456.579833984375,2459.536865234375,2522.0,2282.0
304.75,2414.310302734375,2460.8935546875,2460.8935546875,2462.223388671875,2459.55029296875,2460.2265625,2461.32958984375,2456.579833984375,2459.536865234375,2522.0,2282.0
305.0,2415.6220703125,2462.223388671875,2460.8935546875,2460.8935546875,2459.55029296875,2461.555908203125,2460.0,2456.58154296875,2459.536865234375,2522.0,2282.0
305.25,2414.310302734375,2460.8935546875,2460.8935546875,2460.8935546875,2459.55029296875,2460.226318359375,2460.0,2456.579833984375,2459.536865234375,2522.0,2282.0
305.5,2414.31591796875,2460.8935546875,2460.8935546875,2460.8935546875,2459.55029296875,2460.2265625,2460.0,2456.580078125,2459.536865234375,2522.0,2282.0
305.75,2414.310302734375,2460.8935546875,2460.8935546875,2460.8935546875,2459.55029296875,2460.2265625,2460.0,2456.580078125,2459.536865234375,2522.0,2282.0
306.0,2414.310302734375,2460.8935546875,2462.223388671875,2460.8935546875,2460.87939453125,2460.2265625,2460.0,2456.580078125,2459.536865234375,2522.0,2282.0
306.25,2414.11279296875,2460.8935546875,2460.8935546875,2460.8935546875,2459.55078125,2460.226318359375,2459.999755859375,2456.63916015625,2459.486328125,2522.0,2282.0
306.5,2414.112548828125,2460.8935546875,2460.8935546875,2460.8935546875,2459.55078125,2460.2265625,2459.999755859375,2456.639404296875,2459.48583984375,2522.0,2282.0
306.75,2414.111328125,2460.8935546875,2460.8935546875,2460.8935546875,2459.55078125,2460.226318359375,2460.0,2456.63916015625,2459.48583984375,2522.0,2282.0
307.0,2414.111083984375,2460.8935546875,2460.8935546875,2462.223388671875,2459.55078125,2460.2265625,2461.3291015625,2456.639404296875,2459.48583984375,2522.0,2282.0
307.25,2414.111328125,2460.8935546875,2460.8935546875,2460.8935546875,2459.55078125,2460.226318359375,2460.0,2456.63916015625,2459.48583984375,2522.0,2282.0
307.5,2414.12353515625,2460.8935546875,2460.8935546875,2460.8935546875,2459.55078125,2461.555908203125,2459.999755859375,2457.966796875,2459.48583984375,2522.0,2282.0
307.75,2414.111328125,2460.8935546875,2460.8935546875,2460.8935546875,2459.55078125,2460.226318359375,2460.0,2456.63916015625,2459.48583984375,2522.0,2282.0
308.0,2414.111083984375,2460.8935546875,2460.8935546875,2460.8935546875,2459.55078125,2460.2265625,2459.999755859375,2456.63916015625,2459.48583984375,2522.0,2282.0
308.25,2414.00390625,2460.8935546875,2462.223388671875,2460.8935546875,2460.944091796875,2460.2265625,2459.936279296875,2456.72021484375,2459.456787109375,2522.0,2282.0
308.5,2414.005615234375,2460.8935546875,2460.8935546875,2460.8935546875,2459.614990234375,2460.2265625,2459.936279296875,2456.72119140625,2459.456787109375,2522.0,2282.0
308.75,2414.009521484375,2460.8935546875,2460.8935546875,2460.8935546875,2459.614990234375,2460.2265625,2459.936279296875,2456.72021484375,2459.45654296875,2522.0,2282.0
309.0,2414.005126953125,2460.8935546875,2460.8935546875,2460.8935546875,2459.614990234375,2460.2265625,2459.936279296875,2456.72021484375,2459.45654296875,2522.0,2282.0
309.25,2414.004150390625,2460.8935546875,2460.8935546875,2462.223388671875,2459.614990234375,2460.2265625,2461.265625,2456.72021484375,2459.45654296875,2522.0,2282.0
309.5,2414.004150390625,2460.8935546875,2460.8935546875,2460.8935546875,2459.614990234375,2460.2265625,2459.936279296875,2456.72021484375,2459.45654296875,2522.0,2282.0
309.75,2414.009765625,2460.8935546875,2460.8935546875,2460.8935546875,2459.614990234375,2460.2265625,2459.936279296875,2456.72021484375,2459.45654296875,2522.0,2282.0
310.0,2414.00439453125,2460.8935546875,2460.8935546875,2460.8935546875,2459.614990234375,2460.2265625,2459.936279296875,2456.720458984375,2459.45654296875,2522.0,2282.0
310.25,2414.052490234375,2460.8935546875,2462.223388671875,2460.8935546875,2460.90625,2460.316162109375,2459.930419921875,2456.6533203125,2459.5546875,2522.0,2282.0
310.5,2414.052490234375,2460.8935546875,2460.8935546875,2460.8935546875,2459.5771484375,2460.316162109375,2459.930419921875,2456.6533203125,2459.554931640625,2522.0,2282.0
310.75,2414.05419921875,2460.8935546875,2460.8935546875,2460.8935546875,2459.576904296875,2460.316162109375,2459.930419921875,2456.654052734375,2459.554931640625,2522.0,2282.0
311.0,2414.05615234375,2460.8935546875,2460.8935546875,2460.8935546875,2459.5771484375,2460.31591796875,2459.930419921875,2456.6533203125,2459.554443359375,2522.0,2282.0
311.25,2414.052734375,2460.8935546875,2460.8935546875,2460.8935546875,2459.576904296875,2460.316162109375,2459.930419921875,2456.6533203125,2459.554443359375,2522.0,2282.0
311.5,2414.0537109375,2460.8935546875,2460.8935546875,2460.8935546875,2459.576904296875,2460.31591796875,2459.930419921875,2456.6533203125,2460.883544921875,2522.0,2282.0
311.75,2414.052490234375,2460.8935546875,2460.8935546875,2460.8935546875,2459.576904296875,2460.316162109375,2459.930419921875,2456.6533203125,2459.554443359375,2522.0,2282.0
312.0,2414.05810546875,2460.8935546875,2460.8935546875,2460.8935546875,2459.576904296875,2461.6455078125,2459.930419921875,2457.980712890625,2459.554443359375,2522.0,2282.0
312.25,2413.64453125,2460.8935546875,2460.8935546875,2460.8935546875,2459.63818359375,2460.281494140625,2459.927001953125,2456.63134765625,2459.532958984375,2522.0,2282.0
312.5,2413.64404296875,2460.8935546875,2462.223388671875,2460.8935546875,2460.96728515625,2460.281494140625,2459.927001953125,2456.63134765625,2459.532958984375,2522.0,2282.0
312.75,2413.64404296875,2460.8935546875,2460.8935546875,2460.8935546875,2459.637939453125,2460.281494140625,2459.927001953125,2456.63134765625,2459.533447265625,2522.0,2282.0
313.0,2413.643798828125,2460.8935546875,2460.8935546875,2460.8935546875,2459.637939453125,2460.281494140625,2459.927001953125,2456.63232421875,2459.533447265625,2522.0,2282.0
313.25,2413.64990234375,2460.8935546875,2460.8935546875,2460.8935546875,2459.637939453125,2460.281494140625,2459.927001953125,2456.63134765625,2459.532958984375,2522.0,2282.0
313.5,2413.645263671875,2460.8935546875,2460.8935546875,2460.8935546875,2459.637939453125,2460.281494140625,2459.927001953125,2456.63134765625,2459.532958984375,2522.0,2282.0
313.75,2413.64404296875,2460.8935546875,2460.8935546875,2462.223388671875,2459.637939453125,2460.281494140625,2461.25634765625,2456.63134765625,2459.532958984375,2522.0,2282.0
314.0,2413.64404296875,2460.8935546875,2460.8935546875,2460.8935546875,2459.637939453125,2460.281494140625,2459.927001953125,2456.631591796875,2459.532958984375,2522.0,2282.0
314.25,2415.1005859375,2460.8935546875,2460.8935546875,2460.8935546875,2459.615234375,2461.588134765625,2459.904296875,2457.907470703125,2459.536865234375,2522.0,2282.0
314.5,2413.78955078125,2460.8935546875,2460.8935546875,2460.8935546875,2459.615234375,2460.258544921875,2459.904296875,2456.580078125,2459.536865234375,2522.0,2282.0
314.75,2413.788818359375,2460.8935546875,2460.8935546875,2460.8935546875,2459.615234375,2460.258544921875,2459.904296875,2456.580078125,2459.536865234375,2522.0,2282.0
315.0,2413.788818359375,2460.8935546875,2462.223388671875,2460.8935546875,2460.9443359375,2460.258544921875,2459.904541015625,2456.580078125,2459.537353515625,2522.0,2282.0
315.25,2413.78857421875,2460.8935546875,2460.8935546875,2460.8935546875,2459.615234375,2460.258544921875,2459.904296875,2456.580078125,2459.537353515625,2522.0,2282.0
315.5,2413.790283203125,2460.8935546875,2460.8935546875,2460.8935546875,2459.615234375,2460.258544921875,2459.904541015625,2456.580078125,2459.536865234375,2522.0,2282.0
315.75,2413.7900390625,2460.8935546875,2460.8935546875,2460.8935546875,2459.615234375,2460.2587890625,2459.904296875,2456.580078125,2459.536865234375,2522.0,2282.0
316.0,2413.7890625,2460.8935546875,2460.8935546875,2462.223388671875,2459.615234375,2460.258544921875,2461.233642578125,2456.580078125,2459.536865234375,2522.0,2282.0
316.25,2413.69580078125,2462.223388671875,2460.8935546875,2460.8935546875,2459.6123046875,2461.585205078125,2459.93310546875,2456.522216796875,2459.587890625,2522.0,2282.0
316.5,2413.69580078125,2460.8935546875,2460.8935546875,2460.8935546875,2459.6123046875,2461.585205078125,2459.93310546875,2457.849853515625,2459.587890625,2522.0,2282.0
316.75,2413.696533203125,2460.8935546875,2460.8935546875,2460.8935546875,2459.6123046875,2460.255615234375,2459.93310546875,2456.520751953125,2459.587890625,2522.0,2282.0
317.0,2413.69580078125,2460.8935546875,2460.8935546875,2460.8935546875,2459.6123046875,2460.255615234375,2459.93310546875,2456.520751953125,2459.588134765625,2522.0,2282.0
317.25,2413.69580078125,2460.8935546875,2460.8935546875,2460.8935546875,2459.6123046875,2460.255615234375,2459.93310546875,2456.521728515625,2459.58837890625,2522.0,2282.0
317.5,2413.69580078125,2460.8935546875,2460.8935546875,2460.8935546875,2459.6123046875,2460.255615234375,2459.93310546875,2456.521484375,2459.58837890625,2522.0,2282.0
317.75,2413.701904296875,2460.8935546875,2460.8935546875,2460.8935546875,2459.6123046875,2460.255615234375,2459.93310546875,2456.520751953125,2459.587890625,2522.0,2282.0
318.0,2413.697265625,2460.8935546875,2460.8935546875,2460.8935546875,2459.6123046875,2460.255615234375,2459.93310546875,2456.520751953125,2459.588134765625,2522.0,2282.0
318.25,2414.158203125,2460.8935546875,2460.8935546875,2462.223388671875,2459.609130859375,2460.220703125,2461.322998046875,2456.528564453125,2459.541015625,2522.0,2282.0
318.5,2414.157958984375,2462.223388671875,2460.8935546875,2460.8935546875,2459.609130859375,2461.550048828125,2459.99365234375,2456.530029296875,2459.541015625,2522.0,2282.0
318.75,2414.163818359375,2460.8935546875,2460.8935546875,2460.8935546875,2459.609130859375,2460.220703125,2459.993408203125,2456.528564453125,2459.541015625,2522.0,2282.0
319.0,2414.157958984375,2460.8935546875,2460.8935546875,2460.8935546875,2459.609130859375,2460.220703125,2459.99365234375,2456.528564453125,2459.541015625,2522.0,2282.0
319.25,2414.157958984375,2460.8935546875,2462.223388671875,2460.8935546875,2460.938232421875,2460.220458984375,2459.993408203125,2456.528564453125,2459.541015625,2522.0,2282.0
319.5,2414.157958984375,2460.8935546875,2460.8935546875,2460.8935546875,2459.609130859375,2460.220703125,2459.99365234375,2456.529296875,2459.54150390625,2522.0,2282.0
319.75,2414.1611328125,2460.8935546875,2460.8935546875,2460.8935546875,2459.609130859375,2460.220458984375,2459.993408203125,2456.528564453125,2459.541015625,2522.0,2282.0
320.0,2414.158203125,2460.8935546875,2460.8935546875,2460.8935546875,2459.609130859375,2460.220703125,2459.993408203125,2456.528564453125,2459.541015625,2522.0,2282.0
320.25,2414.79296875,2460.8935546875,2460.8935546875,2462.223388671875,2459.521728515625,2460.197265625,2461.364501953125,2456.544189453125,2460.77587890625,2522.0,2282.0
320.5,2414.793212890625,2460.8935546875,2460.8935546875,2462.223388671875,2459.521728515625,2460.197509765625,2461.364501953125,2456.544189453125,2459.447021484375,2522.0,2282.0
320.75,2416.09814453125,2462.223388671875,2460.8935546875,2460.8935546875,2459.52197265625,2460.197509765625,2460.03515625,2456.545654296875,2459.44677734375,2522.0,2282.0
321.0,2416.104736328125,2460.8935546875,2460.8935546875,2460.8935546875,2459.521728515625,2461.52685546875,2460.03515625,2457.87158203125,2459.44677734375,2522.0,2282.0
321.25,2414.793212890625,2460.8935546875,2460.8935546875,2460.8935546875,2459.521728515625,2460.197265625,2460.03515625,2456.5439453125,2459.44677734375,2522.0,2282.0
321.5,2414.793212890625,2460.8935546875,2462.223388671875,2460.8935546875,2460.85107421875,2460.197509765625,2460.03515625,2456.544189453125,2459.44677734375,2522.0,2282.0
321.75,2414.79296875,2460.8935546875,2460.8935546875,2460.8935546875,2459.521728515625,2460.197509765625,2460.03515625,2456.544189453125,2459.447265625,2522.0,2282.0
322.0,2414.794677734375,2460.8935546875,2460.8935546875,2460.8935546875,2459.521728515625,2460.197509765625,2460.03515625,2456.544189453125,2459.447265625,2522.0,2282.0
322.25,2415.309814453125,2460.8935546875,2460.8935546875,2460.8935546875,2459.50439453125,2460.1806640625,2459.95458984375,2456.530029296875,2459.37841796875,2522.0,2282.0
322.5,2415.3095703125,2460.8935546875,2460.8935546875,2462.223388671875,2459.50439453125,2460.1806640625,2461.283935546875,2456.530029296875,2460.707275390625,2522.0,2282.0
322.75,2415.3095703125,2460.8935546875,2460.8935546875,2460.8935546875,2459.50439453125,2460.1806640625,2459.95458984375,2456.530029296875,2459.37841796875,2522.0,2282.0
323.0,2415.3095703125,2462.223388671875,2460.8935546875,2460.8935546875,2459.50439453125,2460.1806640625,2459.95458984375,2456.531494140625,2459.378173828125,2522.0,2282.0
323.25,2415.315185546875,2460.8935546875,2460.8935546875,2460.8935546875,2459.50439453125,2460.1806640625,2459.95458984375,2456.530029296875,2459.37841796875,2522.0,2282.0
323.5,2415.3095703125,2460.8935546875,2462.223388671875,2460.8935546875,2460.83349609375,2460.1806640625,2459.95458984375,2456.530029296875,2459.378662109375,2522.0,2282.0
323.75,2415.31103515625,2460.8935546875,2460.8935546875,2460.8935546875,2459.50439453125,2460.1806640625,2459.95458984375,2456.531005859375,2459.378662109375,2522.0,2282.0
324.0,2415.310546875,2460.8935546875,2460.8935546875,2460.8935546875,2459.50439453125,2460.1806640625,2459.95458984375,2456.530029296875,2460.707275390625,2522.0,2282.0
324.25,2413.7666015625,2460.8935546875,2460.8935546875,2460.8935546875,2459.58251953125,2460.194580078125,2459.999755859375,2456.714111328125,2459.3408203125,2522.0,2282.0
324.5,2413.769287109375,2460.8935546875,2460.8935546875,2460.8935546875,2459.582763671875,2460.194580078125,2459.999755859375,2456.714111328125,2459.3408203125,2522.0,2282.0
324.75,2413.763427734375,2460.8935546875,2460.8935546875,2460.8935546875,2459.58251953125,2460.194580078125,2459.999755859375,2456.714111328125,2459.3408203125,2522.0,2282.0
325.0,2413.763427734375,2460.8935546875,2460.8935546875,2462.223388671875,2459.582763671875,2460.194580078125,2461.3291015625,2456.714111328125,2459.3408203125,2522.0,2282.0
325.25,2413.76318359375,2462.223388671875,2460.8935546875,2460.8935546875,2459.582763671875,2460.194580078125,2459.999755859375,2456.71533203125,2459.3408203125,2522.0,2282.0
325.5,2413.76953125,2460.8935546875,2460.8935546875,2460.8935546875,2459.582763671875,2460.194580078125,2459.999755859375,2456.714111328125,2459.3408203125,2522.0,2282.0
325.75,2413.763671875,2460.8935546875,2460.8935546875,2460.8935546875,2459.58251953125,2460.194580078125,2459.999755859375,2456.714111328125,2459.3408203125,2522.0,2282.0
326.0,2413.76318359375,2460.8935546875,2462.223388671875,2460.8935546875,2460.911865234375,2460.194580078125,2459.999755859375,2456.714111328125,2459.3408203125,2522.0,2282.0
326.25,2413.96630859375,2460.8935546875,2460.8935546875,2460.8935546875,2459.52490234375,2460.16845703125,2460.03759765625,2456.669677734375,2459.4609375,2522.0,2282.0
326.5,2413.969482421875,2460.8935546875,2460.8935546875,2460.8935546875,2459.52490234375,2460.168701171875,2460.03759765625,2456.6689453125,2459.46044921875,2522.0,2282.0
326.75,2413.967041015625,2460.8935546875,2460.8935546875,2460.8935546875,2459.52490234375,2460.16845703125,2460.03759765625,2456.6689453125,2459.46044921875,2522.0,2282.0
327.0,2413.968017578125,2460.8935546875,2460.8935546875,2460.8935546875,2459.52490234375,2460.16845703125,2460.03759765625,2456.6689453125,2459.46044921875,2522.0,2282.0
327.25,2413.966552734375,2460.8935546875,2460.8935546875,2460.8935546875,2459.52490234375,2460.168701171875,2460.03759765625,2456.6689453125,2459.46044921875,2522.0,2282.0
327.5,2413.966552734375,2462.223388671875,2460.8935546875,2460.8935546875,2459.52490234375,2460.16845703125,2460.03759765625,2456.670166015625,2459.46044921875,2522.0,2282.0
327.75,2413.972900390625,2460.8935546875,2460.8935546875,2460.8935546875,2459.52490234375,2460.16845703125,2460.03759765625,2456.6689453125,2459.46044921875,2522.0,2282.0
328.0,2413.966796875,2460.8935546875,2460.8935546875,2460.8935546875,2459.52490234375,2460.16845703125,2460.03759765625,2456.6689453125,2459.46044921875,2522.0,2282.0
328.25,2438.64697265625,2460.8935546875,2460.8935546875,2460.8935546875,2460.436279296875,2460.59521484375,2460.55322265625,2459.249755859375,2460.41943359375,2522.0,2282.0
328.5,2438.645263671875,2460.8935546875,2460.8935546875,2460.8935546875,2460.436279296875,2460.59521484375,2460.55322265625,2459.25,2460.419677734375,2522.0,2282.0
328.75,2439.963134765625,2460.8935546875,2460.8935546875,2460.8935546875,2460.436279296875,2460.59521484375,2460.55322265625,2459.249755859375,2460.41943359375,2522.0,2282.0
329.0,2438.647705078125,2460.8935546875,2460.8935546875,2460.8935546875,2460.436279296875,2460.59521484375,2460.55322265625,2459.249755859375,2460.41943359375,2522.0,2282.0
329.25,2438.645751953125,2460.8935546875,2460.8935546875,2462.223388671875,2460.436279296875,2460.59521484375,2460.55322265625,2459.249755859375,2461.7490234375,2522.0,2282.0
329.5,2438.64599609375,2460.8935546875,2460.8935546875,2460.8935546875,2460.436279296875,2460.59521484375,2460.55322265625,2459.250244140625,2460.41943359375,2522.0,2282.0
329.75,2438.645263671875,2462.223388671875,2460.8935546875,2460.8935546875,2460.436279296875,2461.925048828125,2460.55322265625,2460.579345703125,2460.41943359375,2522.0,2282.0
330.0,2438.645263671875,2460.8935546875,2460.8935546875,2460.8935546875,2460.436279296875,2460.59521484375,2460.55322265625,2459.249755859375,2460.41943359375,2522.0,2282.0
330.25,2439.686279296875,2460.8935546875,2460.8935546875,2460.8935546875,2460.37353515625,2460.627197265625,2460.58544921875,2459.198486328125,2460.42333984375,2522.0,2282.0
330.5,2439.686279296875,2460.8935546875,2462.223388671875,2460.8935546875,2461.703125,2460.627197265625,2460.58544921875,2459.198486328125,2460.42333984375,2522.0,2282.0
330.75,2439.6865234375,2460.8935546875,2460.8935546875,2460.8935546875,2460.37353515625,2460.627197265625,2460.58544921875,2459.19873046875,2460.423583984375,2522.0,2282.0
331.0,2441.0048828125,2460.8935546875,2460.8935546875,2460.8935546875,2460.37353515625,2460.627197265625,2460.58544921875,2459.198486328125,2460.42333984375,2522.0,2282.0
331.25,2439.686767578125,2460.8935546875,2460.8935546875,2460.8935546875,2460.37353515625,2460.62744140625,2460.58544921875,2459.198486328125,2460.42333984375,2522.0,2282.0
331.5,2439.686767578125,2460.8935546875,2460.8935546875,2460.8935546875,2460.37353515625,2460.627197265625,2460.58544921875,2459.198486328125,2460.42333984375,2522.0,2282.0
331.75,2439.6875,2460.8935546875,2460.8935546875,2460.8935546875,2460.37353515625,2460.62744140625,2460.58544921875,2459.198486328125,2460.42333984375,2522.0,2282.0
332.0,2439.6865234375,2462.223388671875,2460.8935546875,2460.8935546875,2460.37353515625,2461.95703125,2460.58544921875,2460.52783203125,2460.42333984375,2522.0,2282.0
332.25,2437.617431640625,2460.8935546875,2460.8935546875,2460.893310546875,2460.402587890625,2460.62451171875,2460.58251953125,2459.48486328125,2460.3779296875,2522.0,2282.0
332.5,2437.617431640625,2460.8935546875,2460.8935546875,2460.8935546875,2460.402587890625,2460.624267578125,2460.58251953125,2459.48486328125,2460.376220703125,2522.0,2282.0
332.75,2437.617431640625,2460.8935546875,2462.223388671875,2460.8935546875,2461.732177734375,2460.62451171875,2460.58251953125,2459.48486328125,2460.3779296875,2522.0,2282.0
333.0,2437.617431640625,2460.8935546875,2460.8935546875,2460.8935546875,2460.402587890625,2460.62451171875,2460.58251953125,2459.485107421875,2460.378173828125,2522.0,2282.0
333.25,2437.617431640625,2460.8935546875,2460.8935546875,2460.8935546875,2460.402587890625,2460.62451171875,2460.58251953125,2459.48486328125,2460.3779296875,2522.0,2282.0
333.5,2437.623046875,2460.8935546875,2460.8935546875,2460.8935546875,2460.402587890625,2460.62451171875,2460.58251953125,2459.484619140625,2460.3779296875,2522.0,2282.0
333.75,2437.617431640625,2460.8935546875,2460.8935546875,2460.8935546875,2460.402587890625,2460.62451171875,2461.912109375,2459.48486328125,2460.3779296875,2522.0,2282.0
334.0,2437.619384765625,2460.8935546875,2460.8935546875,2460.8935546875,2460.402587890625,2460.62451171875,2460.58251953125,2459.485107421875,2460.3779296875,2522.0,2282.0
334.25,2439.0849609375,2460.8935546875,2460.8935546875,2460.8935546875,2460.382568359375,2460.604736328125,2460.53125,2459.441162109375,2460.3349609375,2522.0,2282.0
334.5,2439.0849609375,2460.8935546875,2460.8935546875,2460.8935546875,2460.382568359375,2460.604736328125,2460.53125,2459.441162109375,2460.3349609375,2522.0,2282.0
334.75,2439.0849609375,2460.8935546875,2462.223388671875,2460.8935546875,2461.712158203125,2460.604736328125,2460.53125,2459.441162109375,2460.3349609375,2522.0,2282.0
335.0,2439.0849609375,2460.8935546875,2460.8935546875,2460.8935546875,2460.382568359375,2460.604736328125,2460.53125,2459.441162109375,2460.335205078125,2522.0,2282.0
335.25,2439.0849609375,2460.8935546875,2460.8935546875,2460.8935546875,2460.382568359375,2460.604736328125,2460.53125,2459.441162109375,2460.3349609375,2522.0,2282.0
335.5,2440.403076171875,2460.8935546875,2460.8935546875,2460.8935546875,2460.382568359375,2460.604736328125,2460.53125,2459.441162109375,2460.335205078125,2522.0,2282.0
335.75,2439.085205078125,2460.8935546875,2460.8935546875,2460.8935546875,2460.382568359375,2460.604736328125,2460.53125,2459.441162109375,2460.3349609375,2522.0,2282.0
336.0,2439.085205078125,2460.8935546875,2460.8935546875,2462.223388671875,2460.382568359375,2460.604736328125,2460.53125,2459.441162109375,2461.66455078125,2522.0,2282.0
336.25,2440.229736328125,2460.8935546875,2460.8935546875,2460.8935546875,2460.222412109375,2460.60400390625,2460.689697265625,2459.244140625,2460.303955078125,2522.0,2282.0
336.5,2440.229736328125,2462.223388671875,2460.8935546875,2460.8935546875,2460.222412109375,2460.60400390625,2460.689697265625,2460.572998046875,2460.303955078125,2522.0,2282.0
336.75,2440.228515625,2460.8935546875,2460.8935546875,2460.8935546875,2460.222412109375,2460.60400390625,2460.689697265625,2459.24365234375,2460.303955078125,2522.0,2282.0
337.0,2440.228759765625,2460.8935546875,2460.8935546875,2460.8935546875,2460.222412109375,2460.60400390625,2460.68994140625,2459.24365234375,2460.30419921875,2522.0,2282.0
337.25,2440.228759765625,2460.8935546875,2460.8935546875,2460.8935546875,2460.222412109375,2460.60400390625,2460.689697265625,2459.24365234375,2460.303955078125,2522.0,2282.0
337.5,2440.228759765625,2460.8935546875,2460.8935546875,2460.8935546875,2460.222412109375,2460.60400390625,2460.689697265625,2459.243896484375,2460.30419921875,2522.0,2282.0
337.75,2440.23291015625,2460.8935546875,2460.8935546875,2460.8935546875,2460.222412109375,2460.60400390625,2460.689697265625,2459.24365234375,2460.303955078125,2522.0,2282.0
338.0,2440.228759765625,2460.8935546875,2460.8935546875,2460.8935546875,2460.222412109375,2460.60400390625,2460.689697265625,2459.24365234375,2460.303955078125,2522.0,2282.0
338.25,2441.061767578125,2460.8935546875,2460.8935546875,2460.8935546875,2460.155029296875,2460.6962890625,2462.01708984375,2459.023193359375,2460.4140625,2522.0,2282.0
338.5,2441.061767578125,2460.8935546875,2460.8935546875,2460.8935546875,2460.155029296875,2460.6962890625,2460.687255859375,2459.023193359375,2460.413818359375,2522.0,2282.0
338.75,2441.06103515625,2460.8935546875,2460.8935546875,2460.8935546875,2460.155029296875,2462.026123046875,2460.687255859375,2459.0224609375,2460.4140625,2522.0,2282.0
339.0,2441.060791015625,2460.8935546875,2460.8935546875,2460.8935546875,2460.155029296875,2460.6962890625,2460.687255859375,2459.0224609375,2460.4140625,2522.0,2282.0
339.25,2441.060791015625,2460.8935546875,2460.8935546875,2460.8935546875,2460.155029296875,2460.6962890625,2460.687255859375,2459.0224609375,2460.4140625,2522.0,2282.0
339.5,2441.060791015625,2460.8935546875,2460.8935546875,2460.8935546875,2460.155029296875,2460.6962890625,2460.687255859375,2459.0224609375,2460.4140625,2522.0,2282.0
339.75,2441.06103515625,2460.8935546875,2460.8935546875,2460.8935546875,2460.155029296875,2460.6962890625,2460.687255859375,2459.0224609375,2460.4140625,2522.0,2282.0
340.0,2442.38232421875,2460.8935546875,2460.8935546875,2460.8935546875,2460.155029296875,2460.6962890625,2460.687255859375,2459.0224609375,2460.4140625,2522.0,2282.0
340.25,2440.503662109375,2460.8935546875,2460.8935546875,2460.8935546875,2460.160888671875,2460.70263671875,2460.6298828125,2459.052001953125,2460.388427734375,2522.0,2282.0
340.5,2440.503662109375,2460.8935546875,2460.8935546875,2462.223388671875,2460.160888671875,2460.70263671875,2460.6298828125,2459.05224609375,2461.718017578125,2522.0,2282.0
340.75,2440.5048828125,2460.8935546875,2460.8935546875,2460.8935546875,2460.160888671875,2460.70263671875,2460.6298828125,2459.052734375,2460.388427734375,2522.0,2282.0
341.0,2440.503662109375,2460.8935546875,2460.8935546875,2460.8935546875,2460.160888671875,2462.0322265625,2460.6298828125,2459.05224609375,2460.388427734375,2522.0,2282.0
341.25,2440.503662109375,2460.8935546875,2460.8935546875,2460.8935546875,2460.160888671875,2460.70263671875,2460.6298828125,2459.052001953125,2460.388427734375,2522.0,2282.0
341.5,2440.503662109375,2460.8935546875,2460.8935546875,2460.8935546875,2460.160888671875,2460.70263671875,2460.6298828125,2459.05224609375,2460.388427734375,2522.0,2282.0
341.75,2440.503662109375,2460.8935546875,2460.8935546875,2460.8935546875,2460.160888671875,2460.70263671875,2460.6298828125,2459.052001953125,2460.388671875,2522.0,2282.0
342.0,2440.503662109375,2460.8935546875,2460.8935546875,2460.8935546875,2460.160888671875,2460.70263671875,2460.6298828125,2459.05224609375,2460.388427734375,2522.0,2282.0
342.25,2439.7705078125,2460.8935546875,2460.8935546875,2460.8935546875,2460.504150390625,2460.567138671875,2460.493408203125,2459.081787109375,2460.363037109375,2522.0,2282.0
342.5,2439.7705078125,2460.8935546875,2460.8935546875,2460.8935546875,2460.50439453125,2460.567138671875,2460.493408203125,2459.081787109375,2460.363037109375,2522.0,2282.0
342.75,2438.453369140625,2460.8935546875,2460.8935546875,2460.8935546875,2460.504150390625,2460.567138671875,2461.822998046875,2459.082275390625,2460.363037109375,2522.0,2282.0
343.0,2438.45361328125,2460.8935546875,2460.8935546875,2460.8935546875,2460.50439453125,2460.567138671875,2460.493408203125,2459.082275390625,2460.363037109375,2522.0,2282.0
343.25,2438.452880859375,2460.8935546875,2460.8935546875,2460.8935546875,2460.504150390625,2460.567138671875,2460.493408203125,2459.081787109375,2460.363037109375,2522.0,2282.0
343.5,2438.45263671875,2460.8935546875,2460.8935546875,2460.8935546875,2460.50439453125,2460.567138671875,2460.493408203125,2459.081787109375,2460.363037109375,2522.0,2282.0
343.75,2438.45458984375,2460.8935546875,2460.8935546875,2460.8935546875,2460.504150390625,2460.567138671875,2460.4931640625,2459.081787109375,2460.363037109375,2522.0,2282.0
344.0,2438.241455078125,2460.8935546875,2460.8935546875,2462.223388671875,2460.5478515625,2460.609619140625,2460.567138671875,2459.058349609375,2461.83349609375,2522.0,2282.0
344.25,2438.2412109375,2460.8935546875,2460.8935546875,2460.8935546875,2460.547607421875,2460.609619140625,2461.896728515625,2459.05810546875,2460.50390625,2522.0,2282.0
344.5,2438.2412109375,2460.8935546875,2460.8935546875,2460.8935546875,2460.547607421875,2460.609619140625,2460.567138671875,2459.058349609375,2460.50390625,2522.0,2282.0
344.75,2438.2412109375,2460.8935546875,2460.8935546875,2460.8935546875,2460.547607421875,2460.609619140625,2460.567138671875,2459.058349609375,2460.504150390625,2522.0,2282.0
345.0,2439.31396484375,2460.8935546875,2460.8935546875,2460.8935546875,2460.5078125,2460.474609375,2461.88916015625,2459.3681640625,2460.317626953125,2522.0,2282.0
345.25,2439.313720703125,2460.8935546875,2460.8935546875,2460.8935546875,2460.5078125,2460.474609375,2460.559326171875,2459.367919921875,2460.317626953125,2522.0,2282.0
345.5,2439.318115234375,2460.8935546875,2460.8935546875,2460.8935546875,2460.5078125,2460.474609375,2460.559326171875,2459.3681640625,2460.317626953125,2522.0,2282.0
345.75,2439.313232421875,2460.8935546875,2460.8935546875,2460.8935546875,2460.5078125,2460.474609375,2460.559326171875,2459.3681640625,2460.317626953125,2522.0,2282.0
346.0,2440.63134765625,2460.8935546875,2460.8935546875,2460.8935546875,2460.5078125,2460.474609375,2460.559326171875,2459.3681640625,2460.317626953125,2522.0,2282.0
346.25,2439.313232421875,2460.8935546875,2462.223388671875,2460.8935546875,2461.83740234375,2460.474609375,2460.559326171875,2459.3681640625,2460.317626953125,2522.0,2282.0
346.5,2438.73779296875,2460.8935546875,2460.8935546875,2460.8935546875,2460.60400390625,2460.48095703125,2461.736572265625,2459.470703125,2460.3095703125,2522.0,2282.0
346.75,2438.734619140625,2462.223388671875,2460.8935546875,2460.8935546875,2460.609619140625,2461.810546875,2460.406982421875,2460.7998046875,2460.3095703125,2522.0,2282.0
347.0,2438.734619140625,2460.8935546875,2460.8935546875,2460.8935546875,2460.609619140625,2460.48095703125,2460.406982421875,2459.470703125,2460.3095703125,2522.0,2282.0
347.25,2438.739501953125,2460.8935546875,2460.8935546875,2460.8935546875,2460.609619140625,2460.480712890625,2460.406982421875,2459.470703125,2460.3095703125,2522.0,2282.0
347.5,2440.052490234375,2460.8935546875,2460.8935546875,2460.8935546875,2460.609619140625,2460.480712890625,2460.406982421875,2459.470703125,2460.3095703125,2522.0,2282.0
347.75,2438.734619140625,2460.8935546875,2462.223388671875,2460.8935546875,2461.939453125,2460.480712890625,2460.406982421875,2459.470703125,2460.3095703125,2522.0,2282.0
348.0,2438.467041015625,2460.8935546875,2460.8935546875,2460.8935546875,2460.56298828125,2460.465576171875,2460.581787109375,2459.5224609375,2460.305419921875,2522.0,2282.0
348.25,2438.466552734375,2460.8935546875,2460.8935546875,2462.223388671875,2460.56298828125,2460.465576171875,2460.581787109375,2459.522216796875,2461.635009765625,2522.0,2282.0
348.5,2438.4658203125,2460.8935546875,2460.8935546875,2460.8935546875,2460.56298828125,2460.465576171875,2460.581787109375,2459.522216796875,2460.305419921875,2522.0,2282.0
348.75,2439.783935546875,2460.8935546875,2460.8935546875,2460.8935546875,2460.56298828125,2460.465576171875,2460.581787109375,2459.522216796875,2460.305419921875,2522.0,2282.0
349.0,2438.4716796875,2460.8935546875,2460.8935546875,2460.8935546875,2460.56298828125,2460.465576171875,2460.581787109375,2459.522216796875,2460.305419921875,2522.0,2282.0
349.25,2438.46630859375,2460.8935546875,2460.8935546875,2460.8935546875,2460.56298828125,2460.465576171875,2460.581787109375,2459.52197265625,2460.305419921875,2522.0,2282.0
349.5,2437.772705078125,2460.8935546875,2460.8935546875,2460.8935546875,2460.56591796875,2461.7666015625,2460.584716796875,2459.5439453125,2460.326904296875,2522.0,2282.0
349.75,2437.7724609375,2460.8935546875,2460.8935546875,2460.8935546875,2460.56591796875,2460.43701171875,2460.5849609375,2459.5439453125,2460.3271484375,2522.0,2282.0
350.0,2437.774169921875,2460.8935546875,2460.8935546875,2460.8935546875,2460.565673828125,2460.43701171875,2460.584716796875,2459.5439453125,2460.326904296875,2522.0,2282.0
350.25,2439.090087890625,2460.8935546875,2460.8935546875,2460.8935546875,2460.56591796875,2460.43701171875,2460.584716796875,2459.5439453125,2460.326904296875,2522.0,2282.0
350.5,2437.772216796875,2460.8935546875,2460.8935546875,2460.8935546875,2460.565673828125,2460.43701171875,2460.584716796875,2459.5439453125,2460.326904296875,2522.0,2282.0
350.75,2437.7724609375,2460.8935546875,2460.8935546875,2460.8935546875,2460.56591796875,2460.43701171875,2460.584716796875,2459.5439453125,2460.3271484375,2522.0,2282.0
351.0,2439.106689453125,2460.8935546875,2460.8935546875,2460.8935546875,2460.44384765625,2460.506103515625,2460.59130859375,2459.478515625,2460.262451171875,2522.0,2282.0
351.25,2439.10693359375,2462.223388671875,2460.8935546875,2460.8935546875,2460.44384765625,2461.835693359375,2460.59130859375,2460.8076171875,2460.262451171875,2522.0,2282.0
351.5,2439.107177734375,2460.8935546875,2460.8935546875,2460.8935546875,2460.44384765625,2460.506103515625,2461.9208984375,2459.478515625,2460.262451171875,2522.0,2282.0
351.75,2439.1083984375,2460.8935546875,2460.8935546875,2460.8935546875,2460.44384765625,2460.506103515625,2460.59130859375,2459.478515625,2460.262451171875,2522.0,2282.0
352.0,2439.111572265625,2460.8935546875,2460.8935546875,2460.8935546875,2460.44384765625,2460.506103515625,2460.59130859375,2459.478515625,2460.262451171875,2522.0,2282.0
352.25,2439.1083984375,2460.8935546875,2460.8935546875,2460.8935546875,2460.44384765625,2460.506103515625,2460.59130859375,2459.47900390625,2460.262451171875,2522.0,2282.0
352.5,2459.4814453125,2460.8935546875,2460.8935546875,2460.8935546875,2461.07861328125,2460.85107421875,2460.8681640625,2461.507080078125,2461.007568359375,2522.0,2282.0
352.75,2459.48095703125,2460.8935546875,2460.8935546875,2460.8935546875,2461.07861328125,2460.85107421875,2460.8681640625,2461.507080078125,2461.007568359375,2522.0,2282.0
353.0,2459.4794921875,2460.8935546875,2462.223388671875,2460.8935546875,2462.40869140625,2460.85107421875,2460.8681640625,2461.507080078125,2461.007568359375,2522.0,2282.0
353.25,2459.48095703125,2460.8935546875,2460.8935546875,2460.8935546875,2461.07861328125,2460.851318359375,2460.867919921875,2461.50732421875,2461.00732421875,2522.0,2282.0
353.5,2459.4814453125,2460.8935546875,2460.8935546875,2460.8935546875,2461.07861328125,2460.85107421875,2460.8681640625,2461.507080078125,2461.007568359375,2522.0,2282.0
353.75,2459.141845703125,2460.8935546875,2462.223388671875,2460.8935546875,2462.46923828125,2460.848388671875,2460.833251953125,2461.558349609375,2461.00341796875,2522.0,2282.0
354.0,2459.1435546875,2460.8935546875,2460.8935546875,2460.8935546875,2461.13916015625,2460.848388671875,2460.833251953125,2461.558349609375,2461.00341796875,2522.0,2282.0
354.25,2459.14404296875,2460.8935546875,2460.8935546875,2460.8935546875,2461.139404296875,2460.848388671875,2460.833251953125,2461.558349609375,2461.00341796875,2522.0,2282.0
354.5,2459.142333984375,2460.8935546875,2462.223388671875,2460.8935546875,2462.46923828125,2460.848388671875,2460.833251953125,2461.55859375,2461.00341796875,2522.0,2282.0
354.75,2459.14404296875,2460.8935546875,2460.8935546875,2460.8935546875,2461.139404296875,2460.848388671875,2460.833251953125,2461.55859375,2461.00341796875,2522.0,2282.0
355.0,2459.29541015625,2460.8935546875,2462.223388671875,2460.8935546875,2462.51513671875,2460.89404296875,2460.87841796875,2461.52880859375,2461.02880859375,2522.0,2282.0
355.25,2459.297119140625,2460.8935546875,2460.8935546875,2460.8935546875,2461.18505859375,2460.89404296875,2462.208251953125,2461.52880859375,2461.029052734375,2522.0,2282.0
355.5,2460.6259765625,2460.8935546875,2460.8935546875,2460.8935546875,2461.18505859375,2460.89404296875,2460.87841796875,2461.52880859375,2461.029052734375,2522.0,2282.0
355.75,2459.29541015625,2460.8935546875,2462.223388671875,2460.8935546875,2462.51513671875,2460.89404296875,2460.87841796875,2461.52880859375,2461.029052734375,2522.0,2282.0
356.0,2460.6259765625,2460.8935546875,2460.8935546875,2460.8935546875,2461.18505859375,2460.89404296875,2460.878662109375,2461.52880859375,2461.029052734375,2522.0,2282.0
356.25,2459.296875,2460.8935546875,2460.8935546875,2462.223388671875,2461.18505859375,2460.89404296875,2462.208251953125,2461.528564453125,2462.35888671875,2522.0,2282.0
356.5,2459.296875,2460.8935546875,2460.8935546875,2460.8935546875,2461.185302734375,2460.89404296875,2460.87841796875,2461.52880859375,2461.029052734375,2522.0,2282.0
356.75,2459.68701171875,2460.8935546875,2460.8935546875,2460.8935546875,2461.162109375,2460.8076171875,2460.9189453125,2461.4931640625,2460.939208984375,2522.0,2282.0
357.0,2459.68701171875,2460.8935546875,2460.8935546875,2460.8935546875,2461.162109375,2460.8076171875,2460.9189453125,2461.4931640625,2460.939208984375,2522.0,2282.0
357.25,2459.68505859375,2460.8935546875,2460.8935546875,2460.8935546875,2461.162109375,2460.8076171875,2460.9189453125,2461.4931640625,2460.939208984375,2522.0,2282.0
357.5,2459.687255859375,2460.8935546875,2460.8935546875,2460.8935546875,2461.162109375,2460.8076171875,2460.919189453125,2461.4931640625,2460.939208984375,2522.0,2282.0
357.75,2459.68701171875,2460.8935546875,2460.8935546875,2460.8935546875,2461.162109375,2460.8076171875,2460.919189453125,2461.4931640625,2460.939208984375,2522.0,2282.0
358.0,2459.185302734375,2462.223388671875,2460.8935546875,2460.8935546875,2461.09521484375,2460.931640625,2460.884765625,2462.66162109375,2460.998046875,2522.0,2282.0
358.25,2459.185546875,2462.223388671875,2460.8935546875,2460.8935546875,2461.09521484375,2462.261474609375,2460.884765625,2462.66162109375,2460.998046875,2522.0,2282.0
358.5,2459.185302734375,2460.8935546875,2460.8935546875,2460.8935546875,2461.09521484375,2460.931640625,2460.884765625,2461.33154296875,2460.998046875,2522.0,2282.0
358.75,2459.185302734375,2460.8935546875,2460.8935546875,2460.8935546875,2461.095458984375,2460.931640625,2460.884765625,2461.33154296875,2460.998046875,2522.0,2282.0
359.0,2460.281005859375,2460.8935546875,2460.8935546875,2460.8935546875,2461.252197265625,2460.8017578125,2460.881103515625,2461.22119140625,2461.052978515625,2522.0,2282.0
359.25,2460.28125,2460.8935546875,2460.8935546875,2460.8935546875,2461.251953125,2460.8017578125,2460.881103515625,2461.22119140625,2461.052978515625,2522.0,2282.0
359.5,2460.28125,2460.8935546875,2460.8935546875,2462.223388671875,2461.252197265625,2460.8017578125,2460.881103515625,2461.22119140625,2462.3828125,2522.0,2282.0
359.75,2460.28125,2460.8935546875,2460.8935546875,2460.8935546875,2461.251953125,2460.8017578125,2460.88134765625,2461.22119140625,2461.052978515625,2522.0,2282.0
360.0,2460.28125,2462.223388671875,2460.8935546875,2460.8935546875,2461.252197265625,2462.131591796875,2460.881103515625,2462.551025390625,2461.052978515625,2522.0,2282.0
360.25,2461.61083984375,2460.8935546875,2460.8935546875,2460.8935546875,2461.252197265625,2460.8017578125,2460.88134765625,2461.22119140625,2461.052978515625,2522.0,2282.0
360.5,2460.434326171875,2460.8935546875,2460.8935546875,2460.8935546875,2461.063232421875,2460.994873046875,2460.853271484375,2461.10302734375,2461.15478515625,2522.0,2282.0
360.75,2460.434326171875,2460.8935546875,2460.8935546875,2460.8935546875,2461.063232421875,2460.994873046875,2460.853271484375,2461.10302734375,2461.15478515625,2522.0,2282.0
361.0,2460.434326171875,2460.8935546875,2460.8935546875,2460.8935546875,2461.063232421875,2460.994873046875,2460.853271484375,2461.102783203125,2461.15478515625,2522.0,2282.0
361.25,2460.4345703125,2460.8935546875,2460.8935546875,2460.8935546875,2461.063232421875,2460.994873046875,2460.853271484375,2461.10302734375,2461.15478515625,2522.0,2282.0
361.5,2460.4345703125,2460.8935546875,2460.8935546875,2460.8935546875,2461.063232421875,2460.994873046875,2460.853271484375,2461.10302734375,2461.15478515625,2522.0,2282.0
361.75,2460.434326171875,2460.8935546875,2460.8935546875,2462.223388671875,2461.063232421875,2460.9951171875,2460.853271484375,2461.10302734375,2461.15478515625,2522.0,2282.0
362.0,2460.4345703125,2460.8935546875,2460.8935546875,2460.8935546875,2461.063232421875,2460.994873046875,2460.853271484375,2461.10302734375,2461.15478515625,2522.0,2282.0
362.25,2460.4345703125,2460.8935546875,2460.8935546875,2460.8935546875,2461.063232421875,2462.324951171875,2460.853271484375,2461.10302734375,2461.15478515625,2522.0,2282.0
362.5,2458.58154296875,2460.8935546875,2460.8935546875,2460.8935546875,2461.09228515625,2460.991943359375,2460.850341796875,2461.337646484375,2461.11328125,2522.0,2282.0
362.75,2459.909912109375,2460.8935546875,2460.8935546875,2460.8935546875,2461.09228515625,2460.991943359375,2460.85009765625,2461.337646484375,2461.11328125,2522.0,2282.0
363.0,2458.57958984375,2460.8935546875,2460.8935546875,2460.8935546875,2461.09228515625,2460.991943359375,2460.850341796875,2461.337646484375,2461.11328125,2522.0,2282.0
363.25,2458.58154296875,2460.8935546875,2460.8935546875,2460.8935546875,2461.09228515625,2460.9921875,2460.85009765625,2461.337646484375,2461.11328125,2522.0,2282.0
363.5,2458.58154296875,2460.8935546875,2460.8935546875,2460.8935546875,2461.09228515625,2460.991943359375,2460.85009765625,2461.337646484375,2461.11328125,2522.0,2282.0
363.75,2458.5810546875,2460.8935546875,2460.8935546875,2460.8935546875,2461.09228515625,2460.9921875,2460.85009765625,2461.337646484375,2461.11328125,2522.0,2282.0
364.0,2458.581298828125,2460.8935546875,2460.893310546875,2462.223388671875,2461.09228515625,2460.9921875,2460.85009765625,2461.337646484375,2462.443359375,2522.0,2282.0
364.25,2458.58154296875,2460.8935546875,2460.8935546875,2460.8935546875,2461.09228515625,2460.9921875,2460.85009765625,2462.667724609375,2461.11328125,2522.0,2282.0
364.5,2458.964111328125,2460.8935546875,2460.8935546875,2460.8935546875,2461.124267578125,2462.35400390625,2460.786865234375,2461.337646484375,2461.11328125,2522.0,2282.0
364.75,2460.292724609375,2460.8935546875,2460.8935546875,2460.8935546875,2461.124267578125,2461.02392578125,2460.786865234375,2461.337890625,2461.11328125,2522.0,2282.0
365.0,2460.292724609375,2460.8935546875,2460.8935546875,2460.8935546875,2461.124267578125,2461.02392578125,2460.786865234375,2461.337646484375,2461.11328125,2522.0,2282.0
365.25,2458.963623046875,2460.8935546875,2460.8935546875,2460.893310546875,2461.124267578125,2461.02392578125,2460.786865234375,2461.337890625,2461.113037109375,2522.0,2282.0
365.5,2458.963623046875,2460.8935546875,2460.8935546875,2460.8935546875,2461.124267578125,2461.02392578125,2460.786865234375,2461.337646484375,2461.11328125,2522.0,2282.0
365.75,2458.964111328125,2460.8935546875,2460.8935546875,2460.8935546875,2461.124267578125,2461.02392578125,2460.786865234375,2461.337890625,2461.11328125,2522.0,2282.0
366.0,2458.963623046875,2460.8935546875,2460.8935546875,2460.8935546875,2461.124267578125,2461.02392578125,2460.786865234375,2461.337646484375,2461.11328125,2522.0,2282.0
366.25,2458.964111328125,2460.8935546875,2460.8935546875,2460.8935546875,2461.124267578125,2461.02392578125,2462.11669921875,2461.337646484375,2461.11328125,2522.0,2282.0
366.5,2460.724365234375,2460.8935546875,2460.8935546875,2460.8935546875,2460.9384765625,2460.99755859375,2460.951416015625,2461.302001953125,2461.0234375,2522.0,2282.0
366.75,2460.72412109375,2460.8935546875,2460.8935546875,2460.8935546875,2460.9384765625,2462.32763671875,2460.951416015625,2461.302001953125,2461.0234375,2522.0,2282.0
367.0,2460.72314453125,2460.8935546875,2460.8935546875,2460.8935546875,2460.9384765625,2460.99755859375,2460.951416015625,2461.302001953125,2461.0234375,2522.0,2282.0
367.25,2460.722900390625,2460.8935546875,2462.223388671875,2460.8935546875,2462.2685546875,2460.99755859375,2460.951416015625,2461.302001953125,2461.0234375,2522.0,2282.0
367.5,2460.722900390625,2460.8935546875,2460.8935546875,2460.8935546875,2460.9384765625,2460.99755859375,2460.951416015625,2461.302001953125,2461.0234375,2522.0,2282.0
367.75,2460.72314453125,2460.8935546875,2460.8935546875,2460.8935546875,2460.9384765625,2460.99755859375,2460.951416015625,2461.302001953125,2461.0234375,2522.0,2282.0
368.0,2460.723388671875,2460.8935546875,2460.8935546875,2460.8935546875,2460.9384765625,2460.99755859375,2460.951416015625,2461.302001953125,2461.023681640625,2522.0,2282.0
368.25,2460.722900390625,2460.8935546875,2460.8935546875,2460.8935546875,2460.9384765625,2460.99755859375,2460.951416015625,2461.302001953125,2461.0234375,2522.0,2282.0
368.5,2460.44921875,2460.8935546875,2460.8935546875,2460.8935546875,2460.810791015625,2461.029052734375,2462.37646484375,2461.2724609375,2461.049072265625,2522.0,2282.0
368.75,2460.449462890625,2460.8935546875,2460.8935546875,2460.8935546875,2460.810791015625,2461.029052734375,2461.046630859375,2461.2724609375,2461.049072265625,2522.0,2282.0
369.0,2460.449462890625,2460.8935546875,2460.8935546875,2460.8935546875,2460.810791015625,2462.35888671875,2461.046630859375,2461.2724609375,2461.049072265625,2522.0,2282.0
369.25,2460.449462890625,2460.8935546875,2460.8935546875,2460.8935546875,2460.810791015625,2461.029052734375,2461.046630859375,2461.2724609375,2461.049072265625,2522.0,2282.0
369.5,2460.448974609375,2460.8935546875,2460.8935546875,2460.8935546875,2460.810791015625,2461.029052734375,2461.046630859375,2461.2724609375,2461.049072265625,2522.0,2282.0
369.75,2460.448974609375,2460.8935546875,2460.8935546875,2460.8935546875,2460.810791015625,2461.029052734375,2461.046630859375,2461.2724609375,2461.049072265625,2522.0,2282.0
370.0,2460.44921875,2460.8935546875,2460.8935546875,2460.8935546875,2460.810791015625,2461.029052734375,2461.046630859375,2461.2724609375,2461.049072265625,2522.0,2282.0
370.25,2460.449462890625,2460.8935546875,2460.8935546875,2460.8935546875,2460.810791015625,2461.029052734375,2461.046630859375,2461.2724609375,2461.05078125,2522.0,2282.0
370.5,2440.441650390625,2460.8935546875,2460.8935546875,2460.8935546875,2460.1884765625,2460.664794921875,2460.687255859375,2459.214111328125,2460.32958984375,2522.0,2282.0
370.75,2440.44140625,2460.8935546875,2460.8935546875,2462.223388671875,2460.1884765625,2460.664794921875,2460.687255859375,2459.2138671875,2461.657470703125,2522.0,2282.0
371.0,2440.442626953125,2460.8935546875,2460.8935546875,2460.8935546875,2460.1884765625,2460.664794921875,2460.687255859375,2459.214599609375,2460.32958984375,2522.0,2282.0
371.25,2440.44140625,2460.8935546875,2460.8935546875,2460.8935546875,2460.1884765625,2461.99462890625,2460.687255859375,2459.2138671875,2460.32958984375,2522.0,2282.0
371.5,2440.44140625,2460.8935546875,2460.8935546875,2460.8935546875,2460.1884765625,2460.664794921875,2460.687255859375,2459.214111328125,2460.32958984375,2522.0,2282.0
371.75,2440.44140625,2460.8935546875,2462.223388671875,2460.8935546875,2461.517822265625,2460.664794921875,2460.687255859375,2459.2138671875,2460.32958984375,2522.0,2282.0
372.0,2440.44140625,2460.8935546875,2460.8935546875,2460.8935546875,2460.1884765625,2460.664794921875,2460.687255859375,2459.214111328125,2460.32958984375,2522.0,2282.0
372.25,2441.76025390625,2460.8935546875,2460.8935546875,2460.8935546875,2460.188232421875,2460.664794921875,2460.687255859375,2459.214111328125,2460.32958984375,2522.0,2282.0
372.5,2440.871826171875,2460.8935546875,2460.8935546875,2460.8935546875,2460.2509765625,2460.69677734375,2460.592041015625,2459.16259765625,2460.33349609375,2522.0,2282.0
372.75,2439.555419921875,2460.8935546875,2460.8935546875,2460.8935546875,2460.2509765625,2460.69677734375,2460.592041015625,2459.16259765625,2460.33349609375,2522.0,2282.0
373.0,2439.553466796875,2460.8935546875,2460.8935546875,2462.223388671875,2460.2509765625,2460.69677734375,2460.592041015625,2459.16259765625,2461.6630859375,2522.0,2282.0
373.25,2439.553466796875,2460.8935546875,2460.8935546875,2460.8935546875,2460.2509765625,2460.69677734375,2460.592041015625,2459.1630859375,2460.33349609375,2522.0,2282.0
373.5,2439.554443359375,2462.223388671875,2460.8935546875,2460.8935546875,2460.2509765625,2460.69677734375,2460.592041015625,2460.4921875,2460.33349609375,2522.0,2282.0
373.75,2439.55322265625,2460.8935546875,2460.8935546875,2460.8935546875,2460.2509765625,2460.69677734375,2460.592041015625,2459.16259765625,2460.33349609375,2522.0,2282.0
374.0,2439.553466796875,2460.8935546875,2462.223388671875,2460.8935546875,2461.58056640625,2460.69677734375,2460.592041015625,2459.16259765625,2460.33349609375,2522.0,2282.0
374.25,2439.553466796875,2460.8935546875,2460.8935546875,2460.8935546875,2460.2509765625,2460.69677734375,2460.592041015625,2459.16259765625,2460.333740234375,2522.0,2282.0
374.5,2440.0048828125,2460.8935546875,2460.8935546875,2460.8935546875,2460.3212890625,2460.639404296875,2460.534423828125,2459.23583984375,2460.350830078125,2522.0,2282.0
374.75,2440.00927734375,2460.8935546875,2460.8935546875,2460.8935546875,2460.3212890625,2460.639404296875,2460.534423828125,2459.23583984375,2460.35107421875,2522.0,2282.0
375.0,2440.005126953125,2460.8935546875,2460.8935546875,2460.8935546875,2460.3212890625,2460.639404296875,2460.534423828125,2459.23583984375,2460.35107421875,2522.0,2282.0
375.25,2440.0068359375,2460.8935546875,2460.8935546875,2460.8935546875,2460.3212890625,2460.639404296875,2460.534423828125,2459.23583984375,2460.35107421875,2522.0,2282.0
375.5,2440.005859375,2460.8935546875,2460.8935546875,2460.8935546875,2460.3212890625,2460.639404296875,2460.534423828125,2459.236328125,2460.35107421875,2522.0,2282.0
375.75,2440.00537109375,2460.8935546875,2460.8935546875,2460.8935546875,2460.3212890625,2461.968994140625,2460.534423828125,2459.23583984375,2460.35107421875,2522.0,2282.0
376.0,2440.0048828125,2460.8935546875,2460.8935546875,2460.8935546875,2460.3212890625,2460.639404296875,2460.534423828125,2459.23583984375,2460.35107421875,2522.0,2282.0
376.25,2440.005126953125,2460.8935546875,2460.8935546875,2460.8935546875,2460.3212890625,2460.639404296875,2460.534423828125,2459.23583984375,2460.351318359375,2522.0,2282.0
376.5,2439.495849609375,2460.8935546875,2460.8935546875,2460.8935546875,2460.306396484375,2460.656005859375,2460.64599609375,2459.15478515625,2460.380615234375,2522.0,2282.0
376.75,2440.816650390625,2460.8935546875,2460.8935546875,2460.8935546875,2460.306396484375,2460.656005859375,2460.64599609375,2459.15478515625,2460.380615234375,2522.0,2282.0
377.0,2439.49609375,2460.8935546875,2460.8935546875,2460.8935546875,2460.306396484375,2460.656005859375,2460.64599609375,2459.15478515625,2460.380615234375,2522.0,2282.0
377.25,2439.496337890625,2460.8935546875,2460.8935546875,2462.223388671875,2460.306396484375,2460.656005859375,2461.975830078125,2459.15478515625,2461.710205078125,2522.0,2282.0
377.5,2439.49658203125,2460.8935546875,2460.8935546875,2460.8935546875,2460.306396484375,2460.656005859375,2461.975830078125,2459.15478515625,2460.380615234375,2522.0,2282.0
377.75,2439.497802734375,2462.223388671875,2460.8935546875,2460.8935546875,2460.306396484375,2461.985595703125,2460.64599609375,2460.483642578125,2460.380615234375,2522.0,2282.0
378.0,2439.495849609375,2460.8935546875,2460.8935546875,2460.8935546875,2460.306396484375,2460.656005859375,2460.64599609375,2459.15478515625,2460.380615234375,2522.0,2282.0
378.25,2439.495849609375,2460.8935546875,2460.8935546875,2460.8935546875,2460.306396484375,2460.656005859375,2460.64599609375,2459.15478515625,2460.380615234375,2522.0,2282.0
378.5,2414.638427734375,2460.8935546875,2462.223388671875,2460.8935546875,2460.85400390625,2460.19873046875,2460.0361328125,2456.595458984375,2459.44287109375,2522.0,2282.0
378.75,2414.63916015625,2460.8935546875,2460.8935546875,2460.8935546875,2459.52490234375,2460.19873046875,2460.0361328125,2456.596435546875,2459.443359375,2522.0,2282.0
379.0,2414.638916015625,2460.8935546875,2460.8935546875,2460.8935546875,2459.52490234375,2460.19873046875,2460.0361328125,2456.595458984375,2459.44287109375,2522.0,2282.0
379.25,2414.638916015625,2460.8935546875,2460.8935546875,2460.8935546875,2459.52490234375,2460.19873046875,2460.0361328125,2456.595458984375,2459.44287109375,2522.0,2282.0
379.5,2414.638671875,2460.8935546875,2460.8935546875,2460.8935546875,2459.52490234375,2460.19873046875,2460.0361328125,2456.595458984375,2460.77197265625,2522.0,2282.0
379.75,2414.637451171875,2460.8935546875,2460.8935546875,2460.8935546875,2459.52490234375,2460.19873046875,2460.0361328125,2456.595458984375,2459.44287109375,2522.0,2282.0
380.0,2415.94921875,2462.223388671875,2460.8935546875,2460.8935546875,2459.52490234375,2461.5283203125,2460.0361328125,2457.924560546875,2459.44287109375,2522.0,2282.0
380.25,2414.6435546875,2460.8935546875,2460.8935546875,2460.8935546875,2459.52490234375,2460.19873046875,2460.0361328125,2456.595458984375,2459.44287109375,2522.0,2282.0
380.5,2414.43701171875,2460.8935546875,2460.8935546875,2460.8935546875,2459.53564453125,2460.242919921875,2460.11181640625,2456.352294921875,2459.531494140625,2522.0,2282.0
380.75,2414.436767578125,2460.8935546875,2462.223388671875,2460.8935546875,2460.86474609375,2460.242919921875,2460.11181640625,2456.352294921875,2459.531494140625,2522.0,2282.0
381.0,2414.436767578125,2460.8935546875,2460.8935546875,2460.8935546875,2459.53564453125,2460.242919921875,2460.11181640625,2456.352294921875,2459.531982421875,2522.0,2282.0
381.25,2414.438720703125,2460.8935546875,2460.8935546875,2460.8935546875,2459.53564453125,2460.2431640625,2460.11181640625,2456.352294921875,2459.531494140625,2522.0,2282.0
381.5,2414.442138671875,2460.8935546875,2460.8935546875,2460.8935546875,2459.53564453125,2460.242919921875,2460.11181640625,2456.352294921875,2459.531494140625,2522.0,2282.0
381.75,2414.436767578125,2460.8935546875,2460.8935546875,2462.223388671875,2459.53564453125,2460.2431640625,2461.441162109375,2456.352294921875,2459.531494140625,2522.0,2282.0
382.0,2414.436767578125,2460.8935546875,2460.8935546875,2460.8935546875,2459.53564453125,2460.242919921875,2460.11181640625,2456.352294921875,2459.53125,2522.0,2282.0
382.25,2414.436767578125,2460.8935546875,2460.8935546875,2460.8935546875,2459.53564453125,2460.2431640625,2460.11181640625,2456.352294921875,2459.53125,2522.0,2282.0
382.5,2416.57861328125,2460.8935546875,2460.8935546875,2460.8935546875,2459.61181640625,2461.3935546875,2460.1240234375,2457.746826171875,2459.433349609375,2522.0,2282.0
382.75,2416.5732421875,2460.8935546875,2460.8935546875,2460.8935546875,2459.61181640625,2460.064208984375,2460.1240234375,2456.41943359375,2459.433349609375,2522.0,2282.0
383.0,2416.5732421875,2460.8935546875,2462.223388671875,2460.8935546875,2460.94091796875,2460.064208984375,2460.1240234375,2456.41943359375,2459.433837890625,2522.0,2282.0
383.25,2416.5732421875,2460.8935546875,2460.8935546875,2460.8935546875,2459.61181640625,2460.064208984375,2460.124267578125,2456.42041015625,2459.433837890625,2522.0,2282.0
383.5,2416.576416015625,2460.8935546875,2460.8935546875,2460.8935546875,2459.61181640625,2460.064208984375,2460.124267578125,2456.41943359375,2459.433349609375,2522.0,2282.0
383.75,2416.574462890625,2460.8935546875,2460.8935546875,2460.8935546875,2459.61181640625,2460.064208984375,2460.1240234375,2456.41943359375,2459.433349609375,2522.0,2282.0
384.0,2416.57421875,2460.8935546875,2460.8935546875,2460.8935546875,2459.61181640625,2460.064208984375,2460.1240234375,2456.41943359375,2460.762451171875,2522.0,2282.0
384.25,2416.5732421875,2460.8935546875,2460.8935546875,2460.8935546875,2459.61181640625,2460.064208984375,2461.45361328125,2456.41943359375,2459.433349609375,2522.0,2282.0
384.5,2415.1943359375,2460.8935546875,2460.8935546875,2460.8935546875,2459.612060546875,2460.095703125,2460.092041015625,2456.494140625,2459.450927734375,2522.0,2282.0
384.75,2415.2001953125,2460.8935546875,2460.8935546875,2460.8935546875,2459.6123046875,2460.095703125,2460.092041015625,2456.49267578125,2459.450927734375,2522.0,2282.0
385.0,2415.1943359375,2460.8935546875,2460.8935546875,2460.8935546875,2459.6123046875,2460.095703125,2460.092041015625,2456.49267578125,2459.450927734375,2522.0,2282.0
385.25,2415.1943359375,2460.8935546875,2462.223388671875,2460.8935546875,2460.94140625,2460.095703125,2460.092041015625,2456.49267578125,2459.450927734375,2522.0,2282.0
385.5,2415.1943359375,2460.8935546875,2460.8935546875,2460.8935546875,2459.6123046875,2460.095703125,2460.092041015625,2456.49365234375,2459.451416015625,2522.0,2282.0
385.75,2415.198974609375,2460.8935546875,2460.8935546875,2460.8935546875,2459.6123046875,2460.095703125,2460.092041015625,2456.49267578125,2459.450927734375,2522.0,2282.0
386.0,2415.194580078125,2460.8935546875,2460.8935546875,2460.8935546875,2459.6123046875,2460.095703125,2460.092041015625,2456.49267578125,2459.450927734375,2522.0,2282.0
386.25,2415.194580078125,2460.8935546875,2460.8935546875,2462.223388671875,2459.6123046875,2460.095703125,2461.42138671875,2456.49267578125,2459.450927734375,2522.0,2282.0
386.5,2408.395263671875,2460.8935546875,2460.8935546875,2460.8935546875,2459.22900390625,2460.1611328125,2461.23486328125,2455.824951171875,2459.340087890625,2522.0,2282.0
386.75,2408.39501953125,2462.223388671875,2460.8935546875,2460.8935546875,2459.22900390625,2461.49072265625,2459.905517578125,2457.152099609375,2459.340087890625,2522.0,2282.0
387.0,2408.39501953125,2460.8935546875,2460.8935546875,2460.8935546875,2459.22900390625,2460.1611328125,2459.905517578125,2455.824951171875,2459.340087890625,2522.0,2282.0
387.25,2408.396484375,2460.8935546875,2462.223388671875,2460.8935546875,2460.55810546875,2460.1611328125,2459.905517578125,2455.824951171875,2459.340087890625,2522.0,2282.0
387.5,2408.3955078125,2460.8935546875,2462.223388671875,2460.8935546875,2460.55810546875,2460.1611328125,2459.905517578125,2455.8251953125,2459.340087890625,2522.0,2282.0
387.75,2408.395263671875,2460.8935546875,2460.8935546875,2460.8935546875,2459.22900390625,2460.1611328125,2459.905517578125,2455.825927734375,2459.340576171875,2522.0,2282.0
388.0,2408.394775390625,2460.8935546875,2460.8935546875,2460.8935546875,2459.22900390625,2460.1611328125,2459.905517578125,2455.824951171875,2459.340087890625,2522.0,2282.0
388.25,2408.397216796875,2460.8935546875,2460.8935546875,2460.8935546875,2459.22900390625,2460.1611328125,2459.905517578125,2455.824951171875,2459.340087890625,2522.0,2282.0
388.5,2408.125244140625,2460.8935546875,2460.8935546875,2462.223388671875,2459.175048828125,2460.173583984375,2461.18310546875,2455.90625,2459.310546875,2522.0,2282.0
388.75,2408.1240234375,2462.223388671875,2460.8935546875,2460.8935546875,2459.175048828125,2460.17333984375,2459.853759765625,2455.907958984375,2459.310546875,2522.0,2282.0
389.0,2408.123779296875,2462.223388671875,2460.8935546875,2460.8935546875,2459.175048828125,2461.5029296875,2459.853759765625,2457.235107421875,2459.310546875,2522.0,2282.0
389.25,2409.433837890625,2460.8935546875,2460.8935546875,2460.8935546875,2459.1748046875,2460.173583984375,2459.853759765625,2455.90625,2459.310546875,2522.0,2282.0
389.5,2408.125244140625,2460.8935546875,2462.223388671875,2460.8935546875,2460.50390625,2460.173583984375,2459.853759765625,2455.90625,2459.310546875,2522.0,2282.0
389.75,2408.1240234375,2460.8935546875,2460.8935546875,2460.8935546875,2459.1748046875,2460.173583984375,2459.853759765625,2455.9072265625,2459.31103515625,2522.0,2282.0
390.0,2408.123779296875,2460.8935546875,2460.8935546875,2460.8935546875,2459.175048828125,2460.173583984375,2459.853759765625,2455.90625,2459.310546875,2522.0,2282.0
390.25,2408.12353515625,2460.8935546875,2460.8935546875,2460.8935546875,2459.1748046875,2460.173583984375,2459.853759765625,2455.90625,2459.310546875,2522.0,2282.0
390.5,2407.626220703125,2460.8935546875,2460.8935546875,2460.8935546875,2459.20068359375,2460.16748046875,2459.879150390625,2455.9873046875,2459.281005859375,2522.0,2282.0
390.75,2407.6240234375,2460.8935546875,2460.8935546875,2460.8935546875,2459.20068359375,2460.16748046875,2459.879150390625,2455.9873046875,2459.281005859375,2522.0,2282.0
391.0,2407.6240234375,2462.223388671875,2460.8935546875,2460.8935546875,2459.20068359375,2460.16748046875,2459.879150390625,2455.989013671875,2459.281005859375,2522.0,2282.0
391.25,2407.6240234375,2462.223388671875,2460.8935546875,2460.8935546875,2459.20068359375,2461.4970703125,2459.879150390625,2457.314453125,2459.281005859375,2522.0,2282.0
391.5,2408.93359375,2460.8935546875,2460.8935546875,2460.8935546875,2459.20068359375,2460.16748046875,2459.879150390625,2455.9873046875,2459.281005859375,2522.0,2282.0
391.75,2407.62451171875,2460.8935546875,2462.223388671875,2460.8935546875,2460.52978515625,2460.16748046875,2459.879150390625,2455.9873046875,2459.281005859375,2522.0,2282.0
392.0,2407.62353515625,2460.8935546875,2460.8935546875,2460.8935546875,2459.20068359375,2460.16748046875,2459.879150390625,2455.9873046875,2459.281005859375,2522.0,2282.0
392.25,2406.98974609375,2460.8935546875,2460.8935546875,2460.8935546875,2459.26806640625,2460.138916015625,2459.818603515625,2456.09033203125,2459.27294921875,2522.0,2282.0
392.5,2406.993896484375,2460.8935546875,2460.8935546875,2462.223388671875,2459.268310546875,2460.138916015625,2461.14794921875,2456.09033203125,2459.273193359375,2522.0,2282.0
392.75,2406.98974609375,2460.8935546875,2460.8935546875,2460.8935546875,2459.26806640625,2460.138916015625,2459.818603515625,2456.09033203125,2459.273681640625,2522.0,2282.0
393.0,2406.98974609375,2460.8935546875,2462.223388671875,2460.8935546875,2460.59716796875,2460.138916015625,2459.818603515625,2456.090087890625,2459.273681640625,2522.0,2282.0
393.25,2406.99658203125,2460.8935546875,2462.223388671875,2460.8935546875,2459.26806640625,2460.138916015625,2459.818603515625,2456.090087890625,2459.273193359375,2522.0,2282.0
393.5,2406.057373046875,2460.8935546875,2460.8935546875,2460.8935546875,2459.35888671875,2460.1328125,2459.780517578125,2456.21484375,2459.28662109375,2522.0,2282.0
393.75,2406.057373046875,2460.8935546875,2460.8935546875,2460.8935546875,2459.35888671875,2460.133056640625,2461.109619140625,2456.215087890625,2459.28662109375,2522.0,2282.0
394.0,2406.065185546875,2460.8935546875,2460.8935546875,2460.8935546875,2459.35888671875,2460.133056640625,2459.780517578125,2456.215087890625,2459.28662109375,2522.0,2282.0
394.25,2406.05712890625,2460.8935546875,2460.8935546875,2460.8935546875,2459.35888671875,2460.133056640625,2459.780517578125,2456.216064453125,2459.287109375,2522.0,2282.0
394.5,2406.0576171875,2460.8935546875,2462.223388671875,2460.8935546875,2460.687744140625,2460.133056640625,2459.780517578125,2456.215087890625,2459.28662109375,2522.0,2282.0
394.75,2406.20458984375,2460.8935546875,2460.8935546875,2462.223388671875,2459.38232421875,2460.15625,2459.802978515625,2456.193115234375,2460.593994140625,2522.0,2282.0
395.0,2406.20068359375,2460.8935546875,2460.8935546875,2460.8935546875,2459.38232421875,2460.156494140625,2459.802978515625,2457.5205078125,2459.26513671875,2522.0,2282.0
395.25,2407.5126953125,2460.8935546875,2460.8935546875,2460.8935546875,2459.38232421875,2460.156494140625,2459.802978515625,2456.193359375,2459.26513671875,2522.0,2282.0
395.5,2406.200927734375,2460.8935546875,2460.8935546875,2460.8935546875,2459.38232421875,2460.15625,2459.802978515625,2456.193115234375,2459.26513671875,2522.0,2282.0
395.75,2406.200927734375,2460.8935546875,2460.8935546875,2460.8935546875,2459.38232421875,2460.156494140625,2459.802978515625,2456.194091796875,2459.265625,2522.0,2282.0
396.0,2406.637451171875,2460.8935546875,2460.8935546875,2460.8935546875,2459.388427734375,2460.161865234375,2459.74560546875,2456.068359375,2459.251708984375,2522.0,2282.0
396.25,2406.64208984375,2460.8935546875,2460.8935546875,2460.8935546875,2459.388427734375,2460.161865234375,2459.74560546875,2456.0693359375,2459.252197265625,2522.0,2282.0
396.5,2406.64208984375,2462.223388671875,2460.8935546875,2460.8935546875,2459.388427734375,2461.491455078125,2459.74560546875,2456.068359375,2459.251708984375,2522.0,2282.0
396.75,2406.64208984375,2460.8935546875,2460.8935546875,2460.8935546875,2459.388427734375,2460.161865234375,2459.74560546875,2456.068359375,2459.25146484375,2522.0,2282.0
397.0,2407.9541015625,2460.8935546875,2460.8935546875,2460.8935546875,2459.388427734375,2460.161865234375,2459.74560546875,2457.395751953125,2459.25146484375,2522.0,2282.0
397.25,2406.64501953125,2460.8935546875,2460.8935546875,2460.8935546875,2459.388427734375,2460.161865234375,2459.74560546875,2456.068359375,2459.25146484375,2522.0,2282.0
397.5,2406.0419921875,2460.8935546875,2460.8935546875,2460.8935546875,2459.41748046875,2460.158935546875,2459.7431640625,2456.068359375,2459.25146484375,2522.0,2282.0
397.75,2406.04833984375,2460.8935546875,2462.223388671875,2460.8935546875,2459.41748046875,2460.158935546875,2459.7431640625,2456.068359375,2459.25146484375,2522.0,2282.0
398.0,2406.041259765625,2460.8935546875,2460.8935546875,2460.8935546875,2459.41748046875,2460.158935546875,2459.7431640625,2456.068359375,2459.252197265625,2522.0,2282.0
398.25,2406.040283203125,2460.8935546875,2460.8935546875,2460.8935546875,2459.41748046875,2460.158935546875,2459.7431640625,2456.068359375,2459.251708984375,2522.0,2282.0
398.5,2406.040771484375,2460.8935546875,2460.8935546875,2460.8935546875,2459.41748046875,2460.158935546875,2459.7431640625,2456.068359375,2459.25146484375,2522.0,2282.0
398.75,2406.04052734375,2460.8935546875,2460.8935546875,2460.8935546875,2459.41748046875,2460.158935546875,2459.7431640625,2456.068359375,2459.251708984375,2522.0,2282.0
399.0,2405.876708984375,2460.8935546875,2460.8935546875,2460.8935546875,2459.385498046875,2460.126953125,2459.805908203125,2456.112060546875,2459.294677734375,2522.0,2282.0
399.25,2407.18505859375,2460.8935546875,2460.8935546875,2460.8935546875,2459.385498046875,2460.126953125,2459.805908203125,2456.112060546875,2459.294677734375,2522.0,2282.0
399.5,2405.87939453125,2460.8935546875,2460.893310546875,2460.8935546875,2459.385498046875,2461.45654296875,2459.805908203125,2457.44091796875,2459.294677734375,2522.0,2282.0
399.75,2405.87890625,2460.8935546875,2460.8935546875,2460.8935546875,2459.385498046875,2460.126953125,2459.805908203125,2456.112060546875,2459.294677734375,2522.0,2282.0
400.0,2405.876708984375,2460.8935546875,2460.8935546875,2460.8935546875,2459.385498046875,2460.127197265625,2459.805908203125,2457.439453125,2459.294677734375,2522.0,2282.0
400.25,2406.43115234375,2460.8935546875,2460.8935546875,2460.8935546875,2459.3837890625,2460.12646484375,2459.838623046875,2457.439453125,2459.275146484375,2522.0,2282.0
400.5,2408.467041015625,2460.8935546875,2460.8935546875,2460.8935546875,2459.388671875,2460.034423828125,2459.872314453125,2456.016845703125,2459.255615234375,2522.0,2282.0
400.75,2408.466796875,2460.8935546875,2460.8935546875,2460.8935546875,2459.388671875,2460.0341796875,2459.872314453125,2456.016845703125,2459.255615234375,2522.0,2282.0
401.0,2407.1572265625,2460.8935546875,2460.8935546875,2460.8935546875,2460.717529296875,2460.0341796875,2459.872314453125,2456.016845703125,2459.255615234375,2522.0,2282.0
401.25,2407.16015625,2460.8935546875,2460.8935546875,2462.223388671875,2459.388671875,2460.0341796875,2461.20166015625,2456.016845703125,2459.255615234375,2522.0,2282.0
401.5,2407.156982421875,2460.8935546875,2460.8935546875,2460.8935546875,2459.388671875,2460.0341796875,2459.872314453125,2456.016845703125,2459.255615234375,2522.0,2282.0
401.75,2407.156982421875,2460.8935546875,2460.8935546875,2460.8935546875,2459.388671875,2460.0341796875,2459.872314453125,2456.016845703125,2459.255615234375,2522.0,2282.0
402.0,2407.29736328125,2460.8935546875,2460.8935546875,2460.8935546875,2459.295166015625,2460.1005859375,2459.8759765625,2455.974365234375,2459.213134765625,2522.0,2282.0
402.25,2407.29736328125,2460.8935546875,2460.8935546875,2460.8935546875,2459.295166015625,2460.1005859375,2459.8759765625,2455.974365234375,2459.212890625,2522.0,2282.0
402.5,2407.29736328125,2460.8935546875,2460.8935546875,2460.8935546875,2459.295166015625,2460.1005859375,2459.8759765625,2455.97314453125,2459.21240234375,2522.0,2282.0
402.75,2407.29736328125,2460.8935546875,2460.8935546875,2460.8935546875,2459.295166015625,2460.1005859375,2459.8759765625,2455.974365234375,2459.212890625,2522.0,2282.0
403.0,2407.29931640625,2460.8935546875,2460.8935546875,2460.8935546875,2459.295166015625,2460.1005859375,2459.875732421875,2455.973388671875,2459.21240234375,2522.0,2282.0
403.25,2407.300537109375,2460.8935546875,2460.8935546875,2460.8935546875,2459.295166015625,2460.1005859375,2459.8759765625,2455.97314453125,2460.54150390625,2522.0,2282.0
403.5,2408.218994140625,2460.8935546875,2460.8935546875,2460.8935546875,2459.204345703125,2461.404052734375,2459.945556640625,2457.18505859375,2459.15185546875,2522.0,2282.0
403.75,2408.216064453125,2462.223388671875,2460.8935546875,2460.8935546875,2459.20458984375,2460.07470703125,2459.945556640625,2455.856201171875,2459.15185546875,2522.0,2282.0
404.0,2408.215576171875,2460.8935546875,2460.8935546875,2460.8935546875,2459.204345703125,2460.07470703125,2459.945556640625,2455.856201171875,2459.15185546875,2522.0,2282.0
404.25,2408.216064453125,2460.8935546875,2460.8935546875,2460.8935546875,2459.204345703125,2460.07470703125,2459.945556640625,2455.857421875,2459.15234375,2522.0,2282.0
404.5,2408.216064453125,2460.8935546875,2460.8935546875,2460.8935546875,2459.20458984375,2460.07470703125,2459.945556640625,2455.856201171875,2459.15234375,2522.0,2282.0
404.75,2408.215576171875,2460.8935546875,2460.8935546875,2460.8935546875,2459.204345703125,2460.07470703125,2459.945556640625,2455.856201171875,2459.15185546875,2522.0,2282.0
405.0,2407.10546875,2460.8935546875,2460.8935546875,2460.8935546875,2459.22705078125,2460.097412109375,2461.2978515625,2456.10595703125,2459.178955078125,2522.0,2282.0
405.25,2407.105224609375,2462.223388671875,2460.8935546875,2460.8935546875,2459.22705078125,2460.097412109375,2459.968505859375,2456.107421875,2459.178955078125,2522.0,2282.0
405.5,2407.11376953125,2460.8935546875,2460.8935546875,2460.8935546875,2459.22705078125,2460.097412109375,2459.968505859375,2456.105712890625,2459.178955078125,2522.0,2282.0
405.75,2407.105224609375,2460.8935546875,2460.8935546875,2460.8935546875,2459.22705078125,2460.097412109375,2459.968505859375,2456.105712890625,2459.179443359375,2522.0,2282.0
406.0,2407.10546875,2460.8935546875,2460.8935546875,2460.8935546875,2459.22705078125,2460.097412109375,2459.968505859375,2456.105712890625,2459.179443359375,2522.0,2282.0
406.25,2406.713134765625,2460.8935546875,2460.8935546875,2460.8935546875,2459.29443359375,2460.06884765625,2459.907958984375,2456.135498046875,2459.153564453125,2522.0,2282.0
406.5,2406.7138671875,2460.8935546875,2460.8935546875,2460.8935546875,2459.29443359375,2460.06884765625,2459.907958984375,2456.135498046875,2459.154052734375,2522.0,2282.0
406.75,2406.7138671875,2460.8935546875,2460.8935546875,2460.8935546875,2459.29443359375,2460.06884765625,2459.907958984375,2456.136962890625,2459.1533203125,2522.0,2282.0
407.0,2406.717529296875,2460.8935546875,2460.8935546875,2462.223388671875,2459.29443359375,2460.06884765625,2461.2373046875,2456.135498046875,2459.1533203125,2522.0,2282.0
407.25,2406.713623046875,2460.8935546875,2460.8935546875,2460.8935546875,2459.29443359375,2460.06884765625,2461.2373046875,2456.135498046875,2459.153564453125,2522.0,2282.0
407.5,2406.713623046875,2462.223388671875,2460.8935546875,2460.8935546875,2459.29443359375,2461.3984375,2459.907958984375,2456.135498046875,2459.1533203125,2522.0,2282.0
407.75,2435.75146484375,2460.893310546875,2460.8935546875,2460.8935546875,2460.2470703125,2460.5673828125,2460.49462890625,2458.943115234375,2460.281005859375,2522.0,2282.0
408.0,2435.75,2460.8935546875,2460.8935546875,2460.8935546875,2460.2470703125,2460.5673828125,2460.49462890625,2458.943115234375,2460.281005859375,2522.0,2282.0
408.25,2435.749267578125,2460.8935546875,2460.8935546875,2460.8935546875,2460.2470703125,2460.5673828125,2460.494384765625,2458.94384765625,2460.281005859375,2522.0,2282.0
408.5,2435.748779296875,2460.8935546875,2460.8935546875,2460.8935546875,2460.247314453125,2460.5673828125,2460.49462890625,2458.943115234375,2460.281005859375,2522.0,2282.0
408.75,2435.749755859375,2460.8935546875,2460.8935546875,2460.8935546875,2460.2470703125,2460.5673828125,2460.49462890625,2458.943115234375,2460.281005859375,2522.0,2282.0
409.0,2434.681640625,2462.223388671875,2460.8935546875,2460.8935546875,2460.313232421875,2461.86572265625,2460.46337890625,2460.55078125,2460.28271484375,2522.0,2282.0
409.25,2434.680419921875,2460.8935546875,2460.8935546875,2460.8935546875,2460.313232421875,2460.5361328125,2460.46337890625,2459.221923828125,2460.28271484375,2522.0,2282.0
409.5,2434.680419921875,2460.8935546875,2460.8935546875,2460.8935546875,2460.313232421875,2460.5361328125,2460.46337890625,2459.2216796875,2460.28271484375,2522.0,2282.0
409.75,2434.680419921875,2460.8935546875,2460.8935546875,2460.8935546875,2460.313232421875,2460.5361328125,2460.46337890625,2459.22216796875,2460.28271484375,2522.0,2282.0
410.0,2434.680908203125,2462.223388671875,2460.8935546875,2460.8935546875,2460.313232421875,2460.5361328125,2460.46337890625,2459.222412109375,2460.28271484375,2522.0,2282.0
410.25,2434.949462890625,2460.8935546875,2460.8935546875,2460.8935546875,2460.223388671875,2460.541748046875,2460.501220703125,2459.281005859375,2460.231689453125,2522.0,2282.0
410.5,2434.944091796875,2460.8935546875,2460.8935546875,2460.8935546875,2460.223388671875,2461.871337890625,2460.501220703125,2460.60986328125,2460.231689453125,2522.0,2282.0
410.75,2436.259033203125,2460.8935546875,2460.8935546875,2460.8935546875,2460.223388671875,2460.541748046875,2460.501220703125,2459.281005859375,2460.231689453125,2522.0,2282.0
411.0,2434.944580078125,2460.8935546875,2460.8935546875,2460.8935546875,2460.223388671875,2460.541748046875,2460.501220703125,2459.281494140625,2460.231689453125,2522.0,2282.0
411.25,2434.9443359375,2460.8935546875,2460.8935546875,2460.8935546875,2460.223388671875,2461.871337890625,2460.501220703125,2460.60986328125,2460.231689453125,2522.0,2282.0
411.5,2434.944580078125,2460.8935546875,2460.8935546875,2460.8935546875,2460.223388671875,2460.541748046875,2460.501220703125,2459.281005859375,2460.231689453125,2522.0,2282.0
411.75,2435.308349609375,2460.8935546875,2460.8935546875,2460.8935546875,2460.130126953125,2460.576416015625,2460.5361328125,2459.275146484375,2460.116455078125,2522.0,2282.0
412.0,2435.30810546875,2460.8935546875,2462.223388671875,2460.8935546875,2461.45947265625,2460.576416015625,2460.5361328125,2459.274658203125,2460.1162109375,2522.0,2282.0
412.25,2435.30908203125,2460.8935546875,2460.8935546875,2460.8935546875,2460.130126953125,2460.576416015625,2460.5361328125,2459.274658203125,2460.1162109375,2522.0,2282.0
412.5,2435.30859375,2460.8935546875,2460.8935546875,2462.223388671875,2460.130126953125,2460.576416015625,2460.5361328125,2459.274658203125,2461.44580078125,2522.0,2282.0
412.75,2435.309326171875,2460.8935546875,2460.8935546875,2460.8935546875,2460.130126953125,2460.576416015625,2460.5361328125,2459.274658203125,2460.1162109375,2522.0,2282.0
413.0,2435.309326171875,2460.8935546875,2460.8935546875,2460.8935546875,2460.130126953125,2460.576416015625,2460.5361328125,2459.274658203125,2460.1162109375,2522.0,2282.0
413.25,2435.644287109375,2460.8935546875,2460.8935546875,2460.8935546875,2461.381103515625,2460.626220703125,2460.427734375,2459.31201171875,2460.043701171875,2522.0,2282.0
413.5,2435.645263671875,2460.8935546875,2460.8935546875,2460.8935546875,2460.0517578125,2460.626220703125,2460.427734375,2459.31201171875,2460.043701171875,2522.0,2282.0
413.75,2435.64453125,2460.8935546875,2460.8935546875,2460.8935546875,2460.0517578125,2460.626220703125,2460.427734375,2459.31201171875,2460.043701171875,2522.0,2282.0
414.0,2435.64404296875,2460.8935546875,2462.223388671875,2460.8935546875,2461.381103515625,2460.626220703125,2460.427734375,2459.312255859375,2460.043701171875,2522.0,2282.0
414.25,2435.644287109375,2460.8935546875,2460.8935546875,2460.8935546875,2460.0517578125,2460.626220703125,2460.427734375,2459.31201171875,2460.043701171875,2522.0,2282.0
414.5,2435.644287109375,2460.8935546875,2460.8935546875,2460.8935546875,2460.0517578125,2460.626220703125,2460.427978515625,2459.31201171875,2460.043701171875,2522.0,2282.0
414.75,2435.43310546875,2460.893310546875,2460.8935546875,2460.8935546875,2460.208740234375,2460.591796875,2460.329345703125,2459.1640625,2460.171142578125,2522.0,2282.0
415.0,2435.43310546875,2460.8935546875,2460.8935546875,2460.8935546875,2460.208740234375,2460.591796875,2460.329345703125,2459.16455078125,2460.17138671875,2522.0,2282.0
415.25,2435.43310546875,2460.8935546875,2460.8935546875,2460.8935546875,2460.208740234375,2460.591796875,2460.329345703125,2459.164306640625,2460.171142578125,2522.0,2282.0
415.5,2435.43310546875,2460.8935546875,2460.8935546875,2460.8935546875,2460.208740234375,2460.591796875,2460.329345703125,2459.164306640625,2460.171142578125,2522.0,2282.0
415.75,2435.433349609375,2460.8935546875,2460.8935546875,2460.8935546875,2460.208740234375,2460.591796875,2460.329345703125,2459.164306640625,2460.171142578125,2522.0,2282.0
416.0,2436.2705078125,2462.223388671875,2460.8935546875,2460.8935546875,2460.212158203125,2461.828857421875,2460.395263671875,2460.44970703125,2460.128173828125,2522.0,2282.0
416.25,2437.5927734375,2460.8935546875,2460.8935546875,2460.8935546875,2460.212158203125,2460.499267578125,2460.395263671875,2459.12060546875,2460.128173828125,2522.0,2282.0
416.5,2436.273193359375,2460.8935546875,2460.8935546875,2462.223388671875,2460.212158203125,2460.499267578125,2461.724853515625,2459.12060546875,2461.457763671875,2522.0,2282.0
416.75,2436.273681640625,2462.223388671875,2460.8935546875,2460.8935546875,2460.212158203125,2460.499267578125,2460.395263671875,2459.12109375,2460.128173828125,2522.0,2282.0
417.0,2436.272705078125,2462.223388671875,2460.8935546875,2460.8935546875,2460.212158203125,2461.828857421875,2460.395263671875,2460.449462890625,2460.128173828125,2522.0,2282.0
417.25,2436.27294921875,2460.8935546875,2460.8935546875,2460.8935546875,2460.212158203125,2460.499267578125,2460.395263671875,2459.12060546875,2460.128173828125,2522.0,2282.0
417.5,2435.864990234375,2460.8935546875,2460.8935546875,2460.8935546875,2460.27001953125,2461.791015625,2460.4208984375,2460.390380859375,2460.17919921875,2522.0,2282.0
417.75,2435.864013671875,2460.8935546875,2460.8935546875,2460.8935546875,2460.27001953125,2460.46142578125,2460.4208984375,2459.0615234375,2460.17919921875,2522.0,2282.0
418.0,2437.18408203125,2460.8935546875,2460.8935546875,2460.8935546875,2460.27001953125,2460.46142578125,2460.4208984375,2459.0615234375,2460.17919921875,2522.0,2282.0
418.25,2435.8642578125,2460.8935546875,2460.8935546875,2462.223388671875,2460.27001953125,2460.46142578125,2461.75048828125,2459.0615234375,2461.508544921875,2522.0,2282.0
418.5,2435.864990234375,2462.223388671875,2460.8935546875,2460.8935546875,2460.270263671875,2460.46142578125,2460.4208984375,2459.06201171875,2460.17919921875,2522.0,2282.0
418.75,2435.864013671875,2460.8935546875,2460.8935546875,2460.8935546875,2460.27001953125,2460.46142578125,2460.4208984375,2459.06201171875,2460.179443359375,2522.0,2282.0
419.0,2434.6181640625,2460.8935546875,2460.8935546875,2460.8935546875,2460.14208984375,2460.524658203125,2460.484619140625,2459.216064453125,2460.16748046875,2522.0,2282.0
419.25,2434.6181640625,2460.8935546875,2460.8935546875,2460.8935546875,2460.14208984375,2460.524658203125,2460.484619140625,2459.215576171875,2460.167236328125,2522.0,2282.0
419.5,2434.618408203125,2460.8935546875,2460.8935546875,2462.223388671875,2460.14208984375,2460.524658203125,2461.814208984375,2459.215576171875,2460.167236328125,2522.0,2282.0
419.75,2434.621337890625,2460.8935546875,2460.8935546875,2462.223388671875,2460.14208984375,2460.524658203125,2461.814208984375,2459.215576171875,2461.49658203125,2522.0,2282.0
420.0,2434.619140625,2462.223388671875,2460.8935546875,2460.8935546875,2460.14208984375,2460.524658203125,2460.484619140625,2459.216064453125,2460.167236328125,2522.0,2282.0
420.25,2434.618896484375,2462.223388671875,2460.8935546875,2460.8935546875,2460.14208984375,2461.8544921875,2460.484619140625,2460.544677734375,2460.167236328125,2522.0,2282.0
420.5,2434.619140625,2460.8935546875,2460.8935546875,2460.8935546875,2460.14208984375,2460.524658203125,2460.484619140625,2459.215576171875,2460.167236328125,2522.0,2282.0
420.75,2434.618408203125,2460.8935546875,2462.223388671875,2460.8935546875,2460.14208984375,2460.524658203125,2460.484619140625,2459.215576171875,2460.167236328125,2522.0,2282.0
421.0,2434.9033203125,2460.8935546875,2460.8935546875,2460.8935546875,2460.048828125,2460.591552734375,2460.488037109375,2459.2373046875,2460.188720703125,2522.0,2282.0
421.25,2434.9033203125,2460.8935546875,2460.8935546875,2460.8935546875,2460.048828125,2460.591552734375,2460.488037109375,2459.237548828125,2460.188720703125,2522.0,2282.0
421.5,2434.903564453125,2460.8935546875,2460.8935546875,2460.8935546875,2460.048828125,2460.591552734375,2460.488037109375,2459.2373046875,2460.188720703125,2522.0,2282.0
421.75,2434.90966796875,2460.8935546875,2460.8935546875,2460.8935546875,2460.048828125,2460.591552734375,2460.488037109375,2459.237548828125,2460.188720703125,2522.0,2282.0
422.0,2434.903564453125,2460.8935546875,2460.8935546875,2462.223388671875,2460.048583984375,2460.591552734375,2461.817626953125,2459.2373046875,2461.51806640625,2522.0,2282.0
422.25,2434.9033203125,2462.223388671875,2460.8935546875,2460.8935546875,2460.048828125,2460.591552734375,2460.488037109375,2459.23779296875,2460.188720703125,2522.0,2282.0
422.5,2434.90478515625,2462.223388671875,2460.8935546875,2460.8935546875,2460.048828125,2461.921142578125,2460.488037109375,2460.56689453125,2460.188720703125,2522.0,2282.0
422.75,2434.9033203125,2460.8935546875,2460.8935546875,2460.8935546875,2460.048828125,2460.591552734375,2460.488037109375,2459.2373046875,2460.188720703125,2522.0,2282.0
423.0,2433.68115234375,2460.8935546875,2460.8935546875,2460.8935546875,2460.248779296875,2460.63134765625,2460.431884765625,2459.08935546875,2460.316162109375,2522.0,2282.0
423.25,2433.6806640625,2460.8935546875,2460.8935546875,2460.8935546875,2460.248779296875,2460.63134765625,2460.431884765625,2459.08935546875,2460.316162109375,2522.0,2282.0
423.5,2433.6806640625,2460.8935546875,2460.8935546875,2460.8935546875,2460.248779296875,2460.63134765625,2460.431884765625,2459.089599609375,2460.31640625,2522.0,2282.0
423.75,2433.6806640625,2460.8935546875,2460.8935546875,2460.8935546875,2460.248779296875,2460.63134765625,2460.431884765625,2459.089599609375,2460.316162109375,2522.0,2282.0
424.0,2433.687255859375,2460.8935546875,2460.8935546875,2460.8935546875,2460.248779296875,2460.63134765625,2460.431884765625,2459.089599609375,2460.316162109375,2522.0,2282.0
424.25,2433.680908203125,2460.8935546875,2460.8935546875,2462.223388671875,2460.248779296875,2460.63134765625,2461.761474609375,2459.089599609375,2461.6455078125,2522.0,2282.0
424.5,2433.68115234375,2460.8935546875,2460.8935546875,2460.8935546875,2460.248779296875,2460.63134765625,2460.431884765625,2459.089599609375,2460.316162109375,2522.0,2282.0
424.75,2433.681640625,2460.8935546875,2460.8935546875,2460.8935546875,2460.248779296875,2460.63134765625,2460.431884765625,2459.08935546875,2460.316162109375,2522.0,2282.0
425.0,2437.83056640625,2460.8935546875,2460.8935546875,2460.8935546875,2460.203125,2460.29931640625,2460.671142578125,2458.85595703125,2460.195068359375,2522.0,2282.0
425.25,2439.146484375,2460.8935546875,2460.8935546875,2460.8935546875,2460.203369140625,2460.29931640625,2460.671142578125,2458.85595703125,2460.195068359375,2522.0,2282.0
425.5,2437.8291015625,2460.8935546875,2460.8935546875,2460.8935546875,2460.203369140625,2460.29931640625,2460.671142578125,2458.8564453125,2460.1953125,2522.0,2282.0
425.75,2437.8291015625,2460.893310546875,2460.8935546875,2460.8935546875,2460.203125,2460.29931640625,2460.671142578125,2458.85595703125,2460.195068359375,2522.0,2282.0
426.0,2437.8291015625,2460.8935546875,2460.8935546875,2460.8935546875,2460.203369140625,2460.29931640625,2460.671142578125,2458.85595703125,2460.195068359375,2522.0,2282.0
426.25,2437.833984375,2460.8935546875,2460.8935546875,2460.8935546875,2460.203369140625,2460.29931640625,2460.671142578125,2458.85595703125,2460.195068359375,2522.0,2282.0
426.5,2437.82958984375,2460.8935546875,2460.8935546875,2462.223388671875,2460.203369140625,2460.29931640625,2462.000732421875,2458.85595703125,2461.524658203125,2522.0,2282.0
426.75,2437.82958984375,2462.223388671875,2460.8935546875,2460.8935546875,2460.203125,2460.29931640625,2460.671142578125,2458.856689453125,2460.195068359375,2522.0,2282.0
427.0,2436.07275390625,2460.8935546875,2460.8935546875,2460.8935546875,2460.313232421875,2460.2490234375,2460.748046875,2459.00244140625,2460.230224609375,2522.0,2282.0
427.25,2436.07275390625,2460.8935546875,2460.893310546875,2460.8935546875,2460.313232421875,2460.2490234375,2460.748046875,2459.00244140625,2460.230224609375,2522.0,2282.0
427.5,2436.0712890625,2460.8935546875,2462.223388671875,2460.8935546875,2461.642822265625,2460.2490234375,2460.747802734375,2459.00244140625,2460.22998046875,2522.0,2282.0
427.75,2436.0712890625,2460.8935546875,2460.8935546875,2460.8935546875,2460.313232421875,2460.2490234375,2460.748046875,2459.00244140625,2460.230224609375,2522.0,2282.0
428.0,2436.0712890625,2460.8935546875,2460.8935546875,2460.8935546875,2460.313232421875,2460.2490234375,2460.747802734375,2459.00244140625,2460.230224609375,2522.0,2282.0
428.25,2436.0712890625,2460.8935546875,2460.8935546875,2460.8935546875,2460.313232421875,2460.2490234375,2460.748046875,2459.00244140625,2460.230224609375,2522.0,2282.0
428.5,2437.3876953125,2460.8935546875,2460.8935546875,2460.8935546875,2460.313232421875,2460.2490234375,2460.747802734375,2459.00244140625,2460.230224609375,2522.0,2282.0
428.75,2436.074951171875,2460.8935546875,2460.8935546875,2462.223388671875,2460.313232421875,2460.2490234375,2462.07763671875,2459.00244140625,2461.5595703125,2522.0,2282.0
429.0,2438.197265625,2462.223388671875,2460.8935546875,2460.8935546875,2460.235595703125,2460.17138671875,2460.76611328125,2459.0263671875,2460.089111328125,2522.0,2282.0
429.25,2438.196533203125,2462.223388671875,2460.8935546875,2460.8935546875,2460.235595703125,2461.500732421875,2460.76611328125,2460.3544921875,2460.089111328125,2522.0,2282.0
429.5,2438.197998046875,2460.8935546875,2460.8935546875,2460.8935546875,2460.235595703125,2460.17138671875,2460.76611328125,2459.02587890625,2460.089111328125,2522.0,2282.0
429.75,2438.196533203125,2460.8935546875,2462.223388671875,2460.8935546875,2461.56494140625,2460.17138671875,2460.76611328125,2459.025634765625,2460.089111328125,2522.0,2282.0
430.0,2438.196533203125,2460.8935546875,2460.8935546875,2460.8935546875,2460.235595703125,2460.17138671875,2460.76611328125,2459.02587890625,2460.089111328125,2522.0,2282.0
430.25,2438.196533203125,2460.8935546875,2460.8935546875,2460.8935546875,2460.235595703125,2460.17138671875,2460.76611328125,2459.025634765625,2460.089599609375,2522.0,2282.0
430.5,2438.196533203125,2460.8935546875,2460.8935546875,2460.8935546875,2460.235595703125,2460.17138671875,2460.76611328125,2459.02587890625,2460.089111328125,2522.0,2282.0
430.75,2438.199462890625,2460.8935546875,2460.8935546875,2460.8935546875,2460.235595703125,2460.17138671875,2460.76611328125,2459.02587890625,2461.418701171875,2522.0,2282.0
431.0,2459.6435546875,2460.8935546875,2460.8935546875,2460.8935546875,2460.895751953125,2460.700439453125,2461.13037109375,2461.0517578125,2461.15869140625,2522.0,2282.0
431.25,2459.6435546875,2460.8935546875,2460.8935546875,2460.8935546875,2460.895751953125,2460.700439453125,2461.13037109375,2461.0517578125,2461.158935546875,2522.0,2282.0
431.5,2459.642822265625,2462.223388671875,2460.8935546875,2460.8935546875,2460.895751953125,2462.030029296875,2461.13037109375,2462.381591796875,2461.158935546875,2522.0,2282.0
431.75,2459.64306640625,2460.8935546875,2460.8935546875,2460.8935546875,2460.895751953125,2460.700439453125,2461.13037109375,2461.0517578125,2461.158935546875,2522.0,2282.0
432.0,2460.97216796875,2460.8935546875,2462.223388671875,2460.8935546875,2460.895751953125,2460.700439453125,2461.13037109375,2461.0517578125,2461.15869140625,2522.0,2282.0
432.25,2459.642578125,2460.8935546875,2460.8935546875,2460.8935546875,2460.895751953125,2460.700439453125,2461.13037109375,2461.0517578125,2461.15869140625,2522.0,2282.0
432.5,2459.64306640625,2460.8935546875,2460.8935546875,2460.8935546875,2460.895751953125,2460.7001953125,2461.13037109375,2461.051513671875,2461.15869140625,2522.0,2282.0
432.75,2459.64306640625,2460.8935546875,2460.8935546875,2460.8935546875,2460.895751953125,2460.700439453125,2461.13037109375,2461.0517578125,2461.158935546875,2522.0,2282.0
433.0,2458.576416015625,2460.8935546875,2460.8935546875,2460.8935546875,2461.20361328125,2460.49853515625,2461.1171875,2461.396728515625,2461.0625,2522.0,2282.0
433.25,2458.576171875,2460.8935546875,2460.8935546875,2460.8935546875,2461.20361328125,2460.49853515625,2461.1171875,2461.396728515625,2461.0625,2522.0,2282.0
433.5,2458.576171875,2460.8935546875,2460.8935546875,2460.8935546875,2461.20361328125,2460.49853515625,2461.1171875,2461.39697265625,2461.0625,2522.0,2282.0
433.75,2458.576171875,2460.8935546875,2460.8935546875,2460.8935546875,2461.20361328125,2460.49853515625,2461.1171875,2461.396728515625,2461.0625,2522.0,2282.0
434.0,2458.576171875,2460.8935546875,2460.8935546875,2460.8935546875,2461.20361328125,2460.49853515625,2461.1171875,2461.396728515625,2461.0625,2522.0,2282.0
434.25,2459.904541015625,2460.8935546875,2460.8935546875,2460.8935546875,2461.20361328125,2460.49853515625,2461.1171875,2461.396728515625,2461.0625,2522.0,2282.0
434.5,2458.57470703125,2460.8935546875,2460.8935546875,2460.8935546875,2461.203369140625,2460.49853515625,2461.1171875,2461.396728515625,2461.0625,2522.0,2282.0
434.75,2458.576171875,2460.8935546875,2460.8935546875,2460.8935546875,2461.20361328125,2460.49853515625,2461.116943359375,2461.396728515625,2461.062255859375,2522.0,2282.0
435.0,2458.81103515625,2460.8935546875,2460.8935546875,2460.8935546875,2461.197265625,2460.55615234375,2461.111083984375,2461.250732421875,2461.027587890625,2522.0,2282.0
435.25,2458.81103515625,2460.8935546875,2460.8935546875,2460.8935546875,2461.197265625,2460.55615234375,2461.111083984375,2461.250732421875,2461.027587890625,2522.0,2282.0
435.5,2458.810791015625,2460.8935546875,2460.8935546875,2462.223388671875,2461.197265625,2460.55615234375,2462.441162109375,2461.250732421875,2462.357421875,2522.0,2282.0
435.75,2458.81103515625,2462.223388671875,2460.8935546875,2460.8935546875,2461.197265625,2460.55615234375,2461.111083984375,2462.580810546875,2461.027587890625,2522.0,2282.0
436.0,2458.81103515625,2460.8935546875,2460.8935546875,2460.8935546875,2461.197265625,2460.55615234375,2461.111083984375,2461.250732421875,2461.027587890625,2522.0,2282.0
436.25,2458.810791015625,2460.8935546875,2460.8935546875,2460.8935546875,2461.197265625,2460.55615234375,2461.111083984375,2461.250732421875,2461.027587890625,2522.0,2282.0
436.5,2458.809326171875,2460.8935546875,2462.223388671875,2460.8935546875,2462.52734375,2460.55615234375,2461.111083984375,2461.250732421875,2461.027587890625,2522.0,2282.0
436.75,2458.809326171875,2460.8935546875,2460.8935546875,2460.8935546875,2461.197265625,2460.55615234375,2461.111083984375,2461.250732421875,2461.027587890625,2522.0,2282.0
437.0,2458.722412109375,2460.8935546875,2460.8935546875,2460.8935546875,2461.200439453125,2460.49560546875,2461.145751953125,2461.2646484375,2461.095703125,2522.0,2282.0
437.25,2458.722412109375,2460.8935546875,2460.8935546875,2460.8935546875,2461.200439453125,2460.49560546875,2461.145751953125,2461.2646484375,2461.095947265625,2522.0,2282.0
437.5,2458.72216796875,2460.8935546875,2460.8935546875,2460.8935546875,2461.200439453125,2460.49560546875,2461.145751953125,2461.2646484375,2461.095947265625,2522.0,2282.0
437.75,2458.72216796875,2460.8935546875,2460.8935546875,2462.223388671875,2461.200439453125,2460.49560546875,2462.4755859375,2461.2646484375,2462.42578125,2522.0,2282.0
438.0,2458.72216796875,2460.8935546875,2460.8935546875,2460.8935546875,2461.200439453125,2460.49560546875,2461.145751953125,2461.264892578125,2461.095947265625,2522.0,2282.0
438.25,2458.72216796875,2460.8935546875,2460.8935546875,2460.8935546875,2461.200439453125,2460.49560546875,2461.145751953125,2461.2646484375,2461.095947265625,2522.0,2282.0
438.5,2458.72216796875,2460.8935546875,2460.8935546875,2460.8935546875,2461.200439453125,2460.49560546875,2461.145751953125,2461.2646484375,2461.095947265625,2522.0,2282.0
438.75,2460.05078125,2460.8935546875,2462.223388671875,2460.8935546875,2462.530517578125,2460.49560546875,2461.145751953125,2461.2646484375,2461.095947265625,2522.0,2282.0
439.0,2458.0849609375,2460.8935546875,2460.8935546875,2460.8935546875,2461.408935546875,2460.41748046875,2461.130126953125,2461.4619140625,2461.126708984375,2522.0,2282.0
439.25,2458.085205078125,2460.8935546875,2460.8935546875,2460.8935546875,2461.408935546875,2460.41748046875,2461.130126953125,2461.4619140625,2461.126708984375,2522.0,2282.0
439.5,2458.085205078125,2460.8935546875,2460.8935546875,2460.8935546875,2461.408935546875,2460.41748046875,2461.130126953125,2461.4619140625,2461.126708984375,2522.0,2282.0
439.75,2458.085205078125,2460.8935546875,2460.8935546875,2460.8935546875,2461.408935546875,2460.41748046875,2461.130126953125,2461.4619140625,2461.126708984375,2522.0,2282.0
440.0,2458.0849609375,2460.8935546875,2460.8935546875,2462.223388671875,2461.408935546875,2460.41748046875,2462.460205078125,2461.4619140625,2462.456787109375,2522.0,2282.0
440.25,2458.084716796875,2462.223388671875,2460.8935546875,2460.8935546875,2461.408935546875,2460.417236328125,2461.130126953125,2462.7919921875,2461.126708984375,2522.0,2282.0
440.5,2458.085205078125,2462.223388671875,2460.8935546875,2460.8935546875,2461.408935546875,2461.7470703125,2461.130126953125,2462.792236328125,2461.126708984375,2522.0,2282.0
440.75,2459.41357421875,2460.8935546875,2460.8935546875,2460.8935546875,2461.408935546875,2460.417236328125,2461.130126953125,2461.4619140625,2461.126708984375,2522.0,2282.0
441.0,2459.036865234375,2460.8935546875,2462.223388671875,2460.8935546875,2462.46923828125,2460.530029296875,2461.14892578125,2461.160400390625,2461.26611328125,2522.0,2282.0
441.25,2459.036865234375,2460.8935546875,2460.8935546875,2460.8935546875,2461.139404296875,2460.530029296875,2461.14892578125,2461.16015625,2461.265869140625,2522.0,2282.0
441.5,2459.037109375,2460.8935546875,2460.8935546875,2460.8935546875,2461.139404296875,2460.530029296875,2461.14892578125,2461.16015625,2461.265869140625,2522.0,2282.0
441.75,2459.037109375,2460.8935546875,2460.8935546875,2460.8935546875,2461.139404296875,2460.530029296875,2461.14892578125,2461.160400390625,2461.26611328125,2522.0,2282.0
442.0,2459.037109375,2460.8935546875,2460.8935546875,2460.8935546875,2461.139404296875,2460.530029296875,2461.14892578125,2461.160400390625,2461.26611328125,2522.0,2282.0
442.25,2459.03662109375,2460.8935546875,2460.8935546875,2460.8935546875,2461.139404296875,2460.530029296875,2461.14892578125,2461.160400390625,2461.26611328125,2522.0,2282.0
442.5,2459.036865234375,2462.223388671875,2460.8935546875,2460.8935546875,2461.139404296875,2460.530029296875,2461.14892578125,2462.490478515625,2461.26611328125,2522.0,2282.0
442.75,2459.037109375,2462.223388671875,2460.8935546875,2460.8935546875,2461.139404296875,2461.85986328125,2461.14892578125,2462.490478515625,2461.26611328125,2522.0,2282.0
443.0,2463.46337890625,2460.8935546875,2460.8935546875,2460.8935546875,2461.1513671875,2460.510498046875,2461.06591796875,2460.6689453125,2461.32763671875,2522.0,2282.0
443.25,2462.132080078125,2460.8935546875,2462.223388671875,2460.8935546875,2461.1513671875,2460.510498046875,2461.066162109375,2460.6689453125,2461.32763671875,2522.0,2282.0
443.5,2462.13232421875,2460.8935546875,2460.8935546875,2460.8935546875,2461.1513671875,2460.510498046875,2461.06591796875,2460.6689453125,2461.32763671875,2522.0,2282.0
443.75,2462.13232421875,2460.8935546875,2460.8935546875,2460.8935546875,2461.1513671875,2460.510498046875,2461.06591796875,2460.6689453125,2461.327392578125,2522.0,2282.0
444.0,2462.13232421875,2460.8935546875,2460.8935546875,2460.8935546875,2461.1513671875,2460.510498046875,2461.06591796875,2460.669189453125,2461.32763671875,2522.0,2282.0
