Time,Node 634.V1_rms,Node 634.V2_rms,Node 634.V3_rms,UpperBound,LowerBound
0.0,283.6258850097656,283.62322998046875,283.6247863769531,263.0,291.0
0.25,283.6255187988281,283.6238098144531,283.6258239746094,263.0,291.0
0.5,283.6254577636719,283.6239013671875,283.7791442871094,263.0,291.0
0.75,283.62542724609375,283.7772216796875,283.62591552734375,263.0,291.0
1.0,283.6253967285156,283.62396240234375,283.6259460449219,263.0,291.0
1.25,283.6253967285156,283.6239929199219,283.6259460449219,263.0,291.0
1.5,283.7786560058594,283.6239929199219,283.6259460449219,263.0,291.0
1.75,283.6253967285156,283.6239929199219,283.6259460449219,263.0,291.0
2.0,283.6253967285156,283.6239929199219,283.6259460449219,263.0,291.0
2.25,283.6253967285156,283.6239929199219,283.6259460449219,263.0,291.0
2.5,283.6253967285156,283.6239929199219,283.6259460449219,263.0,291.0
2.75,283.6253967285156,283.6239929199219,283.6259765625,263.0,291.0
3.0,283.6253967285156,283.7772521972656,283.6259460449219,263.0,291.0
3.25,283.6253967285156,283.6239929199219,283.6259765625,263.0,291.0
3.5,283.6253967285156,283.6239929199219,283.6259460449219,263.0,291.0
3.75,283.6253967285156,283.6239929199219,283.6259460449219,263.0,291.0
4.0,283.6253967285156,283.6239929199219,283.6259460449219,263.0,291.0
4.25,283.6253967285156,283.6239929199219,283.6259765625,263.0,291.0
4.5,283.6253967285156,283.6239929199219,283.6259460449219,263.0,291.0
4.75,283.6253967285156,283.6239929199219,283.6259765625,263.0,291.0
5.0,283.6253967285156,283.6239929199219,283.6259460449219,263.0,291.0
5.25,283.6253967285156,283.6239929199219,283.6259765625,263.0,291.0
5.5,283.6253967285156,283.6239929199219,283.6259460449219,263.0,291.0
5.75,283.7786560058594,283.6239929199219,283.6259460449219,263.0,291.0
6.0,283.6253967285156,283.62396240234375,283.6259460449219,263.0,291.0
6.25,283.6253967285156,283.6239929199219,283.6259460449219,263.0,291.0
6.5,283.6253967285156,283.62396240234375,283.6259460449219,263.0,291.0
6.75,283.6253967285156,283.6239929199219,283.6259460449219,263.0,291.0
7.0,283.6253967285156,283.6239929199219,283.77923583984375,263.0,291.0
7.25,283.6253967285156,283.6239929199219,283.6259460449219,263.0,291.0
7.5,283.6253967285156,283.62396240234375,283.6259460449219,263.0,291.0
7.75,283.6253967285156,283.7772521972656,283.6259460449219,263.0,291.0
8.0,283.6253967285156,283.6239929199219,283.6259460449219,263.0,291.0
8.25,283.6253967285156,283.6239929199219,283.6259460449219,263.0,291.0
8.5,283.6253967285156,283.6239929199219,283.6259460449219,263.0,291.0
8.75,283.6253967285156,283.6239929199219,283.6259460449219,263.0,291.0
9.0,283.6253967285156,283.6239929199219,283.6259460449219,263.0,291.0
9.25,283.6253967285156,283.6239929199219,283.6259460449219,263.0,291.0
9.5,283.6253967285156,283.6239929199219,283.6259460449219,263.0,291.0
9.75,283.9383850097656,283.9370422363281,283.9383544921875,263.0,291.0
10.0,283.9383850097656,283.9370422363281,283.9383544921875,263.0,291.0
10.25,283.93841552734375,283.9370422363281,283.9383544921875,263.0,291.0
10.5,283.9383850097656,283.9370422363281,283.9383544921875,263.0,291.0
10.75,283.93841552734375,283.9370422363281,284.091796875,263.0,291.0
11.0,283.9383850097656,284.0904846191406,283.9383544921875,263.0,291.0
11.25,283.93841552734375,283.9370422363281,283.9383544921875,263.0,291.0
11.5,283.9383850097656,283.9370422363281,283.9383544921875,263.0,291.0
11.75,284.0918273925781,283.9370422363281,283.9383544921875,263.0,291.0
12.0,283.9383850097656,283.9370422363281,283.9383544921875,263.0,291.0
12.25,283.9383850097656,283.9370422363281,283.9383544921875,263.0,291.0
12.5,283.9383850097656,283.9370422363281,283.9383544921875,263.0,291.0
12.75,283.9383850097656,283.9370422363281,283.9383544921875,263.0,291.0
13.0,283.9383850097656,283.9370422363281,284.0917663574219,263.0,291.0
13.25,283.9383850097656,284.0904846191406,283.9383544921875,263.0,291.0
13.5,283.9383850097656,284.0904846191406,283.9383544921875,263.0,291.0
13.75,282.87481689453125,283.3918762207031,283.3295593261719,263.0,291.0
14.0,283.0276794433594,283.3918762207031,283.3295593261719,263.0,291.0
14.25,282.87481689453125,283.3918762207031,283.3295593261719,263.0,291.0
14.5,282.87481689453125,283.3918762207031,283.3295593261719,263.0,291.0
14.75,282.87481689453125,283.3918762207031,283.3295593261719,263.0,291.0
15.0,282.87481689453125,283.3918762207031,283.3295593261719,263.0,291.0
15.25,282.87481689453125,283.3918762207031,283.3295593261719,263.0,291.0
15.5,282.87481689453125,283.3918762207031,283.3295593261719,263.0,291.0
15.75,282.9350891113281,283.41180419921875,283.2843933105469,263.0,291.0
16.0,282.9350891113281,283.41180419921875,283.28436279296875,263.0,291.0
16.25,282.9350891113281,283.41180419921875,283.2843933105469,263.0,291.0
16.5,282.9350891113281,283.4118347167969,283.28436279296875,263.0,291.0
16.75,282.9350891113281,283.41180419921875,283.2843933105469,263.0,291.0
17.0,282.9350891113281,283.41180419921875,283.28436279296875,263.0,291.0
17.25,282.9350891113281,283.41180419921875,283.2843933105469,263.0,291.0
17.5,282.9350891113281,283.41180419921875,283.4374694824219,263.0,291.0
17.75,282.93463134765625,283.5859375,283.30517578125,263.0,291.0
18.0,282.93463134765625,283.4327697753906,283.30517578125,263.0,291.0
18.25,282.93463134765625,283.4327697753906,283.30517578125,263.0,291.0
18.5,283.0875244140625,283.4327697753906,283.30517578125,263.0,291.0
18.75,282.93463134765625,283.4327697753906,283.30517578125,263.0,291.0
19.0,282.93463134765625,283.4327697753906,283.30517578125,263.0,291.0
19.25,282.93463134765625,283.4327697753906,283.30517578125,263.0,291.0
19.5,282.93463134765625,283.4327392578125,283.30517578125,263.0,291.0
19.75,282.93634033203125,283.3697204589844,283.2637634277344,263.0,291.0
20.0,282.93634033203125,283.3697204589844,283.2637634277344,263.0,291.0
20.25,282.93634033203125,283.3697204589844,283.2637634277344,263.0,291.0
20.5,282.93634033203125,283.3697204589844,283.2637634277344,263.0,291.0
20.75,282.93634033203125,283.3697204589844,283.2637634277344,263.0,291.0
21.0,282.93634033203125,283.3697204589844,283.2637634277344,263.0,291.0
21.25,282.93634033203125,283.3697204589844,283.2637634277344,263.0,291.0
21.5,282.93634033203125,283.3697204589844,283.2637634277344,263.0,291.0
21.75,282.9783020019531,283.45465087890625,283.21905517578125,263.0,291.0
22.0,282.9783020019531,283.45465087890625,283.37213134765625,263.0,291.0
22.25,282.9783020019531,283.60784912109375,283.21905517578125,263.0,291.0
22.5,282.9783020019531,283.45465087890625,283.2190856933594,263.0,291.0
22.75,282.9783020019531,283.45465087890625,283.21905517578125,263.0,291.0
23.0,283.1311950683594,283.45465087890625,283.21905517578125,263.0,291.0
23.25,282.9783020019531,283.45465087890625,283.21905517578125,263.0,291.0
23.5,282.9783020019531,283.45465087890625,283.21905517578125,263.0,291.0
23.75,282.9786376953125,283.4335632324219,283.2193908691406,263.0,291.0
24.0,282.9786376953125,283.4335632324219,283.21942138671875,263.0,291.0
24.25,282.9786376953125,283.4335632324219,283.2193908691406,263.0,291.0
24.5,282.9786376953125,283.58673095703125,283.21942138671875,263.0,291.0
24.75,282.9786376953125,283.4335632324219,283.2193908691406,263.0,291.0
25.0,282.9786376953125,283.4335632324219,283.21942138671875,263.0,291.0
25.25,283.1315612792969,283.4335632324219,283.21942138671875,263.0,291.0
25.5,282.9786376953125,283.4335632324219,283.21942138671875,263.0,291.0
25.75,282.9783020019531,283.45477294921875,283.21905517578125,263.0,291.0
26.0,282.9783020019531,283.45477294921875,283.21905517578125,263.0,291.0
26.25,282.9783020019531,283.45477294921875,283.3721008300781,263.0,291.0
26.5,282.9783020019531,283.45477294921875,283.21905517578125,263.0,291.0
26.75,282.9783020019531,283.45477294921875,283.21905517578125,263.0,291.0
27.0,282.9783020019531,283.45477294921875,283.21905517578125,263.0,291.0
27.25,283.1312255859375,283.45477294921875,283.21905517578125,263.0,291.0
27.5,283.1312255859375,283.45477294921875,283.2190856933594,263.0,291.0
27.75,282.9574890136719,283.4554748535156,283.19805908203125,263.0,291.0
28.0,282.95745849609375,283.4554748535156,283.19805908203125,263.0,291.0
28.25,282.9574890136719,283.4554748535156,283.19805908203125,263.0,291.0
28.5,282.9574890136719,283.4554748535156,283.19805908203125,263.0,291.0
28.75,282.9574890136719,283.4554748535156,283.19805908203125,263.0,291.0
29.0,282.9574890136719,283.4554748535156,283.19805908203125,263.0,291.0
29.25,282.9574890136719,283.4554748535156,283.19805908203125,263.0,291.0
29.5,282.9574890136719,283.4554748535156,283.19805908203125,263.0,291.0
29.75,282.97906494140625,283.4341735839844,283.1980285644531,263.0,291.0
30.0,282.97906494140625,283.4342041015625,283.1980285644531,263.0,291.0
30.25,282.97906494140625,283.4341735839844,283.1980285644531,263.0,291.0
30.5,282.97906494140625,283.4342041015625,283.1980285644531,263.0,291.0
30.75,282.97906494140625,283.4341735839844,283.35107421875,263.0,291.0
31.0,282.97906494140625,283.4342041015625,283.1980285644531,263.0,291.0
31.25,282.97906494140625,283.4341735839844,283.1980285644531,263.0,291.0
31.5,282.97906494140625,283.4342041015625,283.1980285644531,263.0,291.0
31.75,283.0897521972656,283.3916931152344,283.2206115722656,263.0,291.0
32.0,282.9368591308594,283.3916931152344,283.22064208984375,263.0,291.0
32.25,282.9368591308594,283.3916931152344,283.22064208984375,263.0,291.0
32.5,282.9368591308594,283.3916931152344,283.2206115722656,263.0,291.0
32.75,282.9368591308594,283.3916931152344,283.3736877441406,263.0,291.0
33.0,282.9368591308594,283.3916931152344,283.3736572265625,263.0,291.0
33.25,282.9368591308594,283.5448303222656,283.22064208984375,263.0,291.0
33.5,282.9368591308594,283.3916931152344,283.2206115722656,263.0,291.0
33.75,283.0252685546875,283.39227294921875,283.2430114746094,263.0,291.0
34.0,283.0252685546875,283.39227294921875,283.2430114746094,263.0,291.0
34.25,282.8724060058594,283.39227294921875,283.2430114746094,263.0,291.0
34.5,282.8724060058594,283.39227294921875,283.2430114746094,263.0,291.0
34.75,282.8724060058594,283.39227294921875,283.2430114746094,263.0,291.0
35.0,282.8724060058594,283.39227294921875,283.2430114746094,263.0,291.0
35.25,282.8724060058594,283.39227294921875,283.2430114746094,263.0,291.0
35.5,282.8724060058594,283.54541015625,283.2430114746094,263.0,291.0
35.75,282.9151611328125,283.3055114746094,283.3074951171875,263.0,291.0
36.0,283.06805419921875,283.3055114746094,283.3074951171875,263.0,291.0
36.25,282.9151611328125,283.3055114746094,283.3074951171875,263.0,291.0
36.5,282.9151611328125,283.3055114746094,283.3074951171875,263.0,291.0
36.75,282.9151611328125,283.3055114746094,283.3074951171875,263.0,291.0
37.0,282.9151611328125,283.3055114746094,283.3074951171875,263.0,291.0
37.25,282.9151611328125,283.3055114746094,283.3074951171875,263.0,291.0
37.5,282.9151611328125,283.4586181640625,283.3074951171875,263.0,291.0
37.75,282.9582824707031,283.30517578125,283.2856750488281,263.0,291.0
38.0,282.9582824707031,283.30517578125,283.2856750488281,263.0,291.0
38.25,282.9582824707031,283.30517578125,283.2856750488281,263.0,291.0
38.5,282.9582824707031,283.30517578125,283.2856750488281,263.0,291.0
38.75,282.9582824707031,283.30517578125,283.2856750488281,263.0,291.0
39.0,282.9582824707031,283.30517578125,283.2856750488281,263.0,291.0
39.25,282.9582824707031,283.30517578125,283.2856750488281,263.0,291.0
39.5,282.9582824707031,283.30517578125,283.4387512207031,263.0,291.0
39.75,282.9147644042969,283.5009460449219,283.3069152832031,263.0,291.0
40.0,282.9147644042969,283.34783935546875,283.3069152832031,263.0,291.0
40.25,282.914794921875,283.34783935546875,283.3069152832031,263.0,291.0
40.5,282.9147644042969,283.34783935546875,283.3069152832031,263.0,291.0
40.75,282.914794921875,283.34783935546875,283.3069152832031,263.0,291.0
41.0,282.9147644042969,283.34783935546875,283.3069152832031,263.0,291.0
41.25,282.9147644042969,283.34783935546875,283.306884765625,263.0,291.0
41.5,283.20819091796875,283.5859680175781,283.30694580078125,263.0,291.0
41.75,283.6051025390625,283.73406982421875,283.69244384765625,263.0,291.0
42.0,283.6051025390625,283.88739013671875,283.69244384765625,263.0,291.0
42.25,283.6051025390625,283.73406982421875,283.69244384765625,263.0,291.0
42.5,283.6051025390625,283.73406982421875,283.69244384765625,263.0,291.0
42.75,283.75836181640625,283.73406982421875,283.69244384765625,263.0,291.0
43.0,283.6051025390625,283.73406982421875,283.69244384765625,263.0,291.0
43.25,283.6051025390625,283.73406982421875,283.69244384765625,263.0,291.0
43.5,283.58746337890625,283.73406982421875,283.69244384765625,263.0,291.0
43.75,283.5635681152344,283.7353515625,283.8255615234375,263.0,291.0
44.0,283.5635681152344,283.7353515625,283.6722717285156,263.0,291.0
44.25,283.5635681152344,283.7353515625,283.6722717285156,263.0,291.0
44.5,283.5635681152344,283.7353515625,283.6722717285156,263.0,291.0
44.75,283.5635681152344,283.7353515625,283.6722717285156,263.0,291.0
45.0,283.716796875,283.7353515625,283.6722717285156,263.0,291.0
45.25,283.5635681152344,283.7353515625,283.6722717285156,263.0,291.0
45.5,283.56353759765625,283.7353515625,283.6722717285156,263.0,291.0
45.75,283.5635070800781,283.7353515625,283.8255615234375,263.0,291.0
46.0,283.5635070800781,283.7353515625,283.6722717285156,263.0,291.0
46.25,283.5635070800781,283.8887023925781,283.6722717285156,263.0,291.0
46.5,283.5635070800781,283.7353515625,283.6722717285156,263.0,291.0
46.75,283.5635070800781,283.7353515625,283.6722717285156,263.0,291.0
47.0,283.5635070800781,283.7353515625,283.6722717285156,263.0,291.0
47.25,283.5635070800781,283.7353515625,283.6722717285156,263.0,291.0
47.5,283.4568176269531,283.6720886230469,283.75994873046875,263.0,291.0
47.75,283.4568176269531,283.6720886230469,283.75994873046875,263.0,291.0
48.0,283.4568176269531,283.6720886230469,283.75994873046875,263.0,291.0
48.25,283.4568176269531,283.6720886230469,283.91326904296875,263.0,291.0
48.5,283.4568176269531,283.6720886230469,283.75994873046875,263.0,291.0
48.75,283.4568176269531,283.6720886230469,283.75994873046875,263.0,291.0
49.0,283.4568176269531,283.6720886230469,283.75994873046875,263.0,291.0
49.25,283.6099853515625,283.6720886230469,283.75994873046875,263.0,291.0
49.5,283.5201110839844,283.7137145996094,283.7370300292969,263.0,291.0
49.75,283.5201110839844,283.7137145996094,283.7370300292969,263.0,291.0
50.0,283.5201110839844,283.7137145996094,283.7370300292969,263.0,291.0
50.25,283.5201110839844,283.7137145996094,283.890380859375,263.0,291.0
50.5,283.5201110839844,283.7137145996094,283.890380859375,263.0,291.0
50.75,283.5201110839844,283.8670349121094,283.7370300292969,263.0,291.0
51.0,283.5201110839844,283.7137145996094,283.7370300292969,263.0,291.0
51.25,283.5201110839844,283.7137145996094,283.7370300292969,263.0,291.0
51.5,283.60888671875,283.7572326660156,283.7375183105469,263.0,291.0
51.75,283.4556884765625,283.7572326660156,283.7375183105469,263.0,291.0
52.0,283.4556884765625,283.7572326660156,283.7375183105469,263.0,291.0
52.25,283.4556884765625,283.7572326660156,283.7375183105469,263.0,291.0
52.5,283.4556884765625,283.7572326660156,283.8908386230469,263.0,291.0
52.75,283.4556884765625,283.9105529785156,283.7375183105469,263.0,291.0
53.0,283.4556884765625,283.7572326660156,283.7375183105469,263.0,291.0
53.25,283.4556884765625,283.7572326660156,283.7375183105469,263.0,291.0
53.5,283.583251953125,283.69049072265625,283.7999572753906,263.0,291.0
53.75,283.583251953125,283.69049072265625,283.7999572753906,263.0,291.0
54.0,283.583251953125,283.69049072265625,283.7999572753906,263.0,291.0
54.25,283.583251953125,283.69049072265625,283.7999572753906,263.0,291.0
54.5,283.583251953125,283.69049072265625,283.7999572753906,263.0,291.0
54.75,283.583251953125,283.69049072265625,283.95330810546875,263.0,291.0
55.0,283.583251953125,283.8437805175781,283.7999572753906,263.0,291.0
55.25,283.583251953125,283.8437805175781,283.7999572753906,263.0,291.0
55.5,283.6493225097656,283.6267395019531,283.7362976074219,263.0,291.0
55.75,283.6493225097656,283.6267395019531,283.736328125,263.0,291.0
56.0,283.8025817871094,283.6267395019531,283.7362976074219,263.0,291.0
56.25,283.6492919921875,283.6267395019531,283.7362976074219,263.0,291.0
56.5,283.6492919921875,283.6267395019531,283.7362976074219,263.0,291.0
56.75,283.6492919921875,283.6267395019531,283.7362976074219,263.0,291.0
57.0,283.6493225097656,283.6267395019531,283.8896484375,263.0,291.0
57.25,283.6492919921875,283.6267395019531,283.7362976074219,263.0,291.0
57.5,283.62811279296875,283.7802734375,283.7366027832031,263.0,291.0
57.75,283.62811279296875,283.62701416015625,283.7366027832031,263.0,291.0
58.0,283.62811279296875,283.6269836425781,283.73663330078125,263.0,291.0
58.25,283.62811279296875,283.6269836425781,283.7366027832031,263.0,291.0
58.5,283.62811279296875,283.62701416015625,283.7366027832031,263.0,291.0
58.75,283.62811279296875,283.62701416015625,283.7366027832031,263.0,291.0
59.0,283.62811279296875,283.62701416015625,283.7366027832031,263.0,291.0
59.25,283.62811279296875,283.62701416015625,283.88995361328125,263.0,291.0
59.5,283.649169921875,283.8011779785156,283.7359313964844,263.0,291.0
59.75,283.649169921875,283.6479187011719,283.73590087890625,263.0,291.0
60.0,283.649169921875,283.64788818359375,283.7359313964844,263.0,291.0
60.25,283.8024597167969,283.6479187011719,283.73590087890625,263.0,291.0
60.5,283.649169921875,283.64788818359375,283.7359313964844,263.0,291.0
60.75,283.649169921875,283.6479187011719,283.73590087890625,263.0,291.0
61.0,283.649169921875,283.64788818359375,283.7359313964844,263.0,291.0
61.25,283.649169921875,283.6479187011719,283.73590087890625,263.0,291.0
61.5,283.648681640625,283.6691589355469,283.7355651855469,263.0,291.0
61.75,283.648681640625,283.8224792480469,283.7355651855469,263.0,291.0
62.0,283.648681640625,283.6691589355469,283.7355651855469,263.0,291.0
62.25,283.648681640625,283.6691589355469,283.7355651855469,263.0,291.0
62.5,283.8019714355469,283.6691589355469,283.7355651855469,263.0,291.0
62.75,283.648681640625,283.6691589355469,283.7355651855469,263.0,291.0
63.0,283.648681640625,283.6691589355469,283.735595703125,263.0,291.0
63.25,283.648681640625,283.6691589355469,283.7355651855469,263.0,291.0
63.5,283.69189453125,283.5828552246094,283.7786865234375,263.0,291.0
63.75,283.69189453125,283.5828552246094,283.7786560058594,263.0,291.0
64.0,283.69189453125,283.5828552246094,283.7786865234375,263.0,291.0
64.25,283.69189453125,283.5828552246094,283.7786560058594,263.0,291.0
64.5,283.84521484375,283.5828552246094,283.7786865234375,263.0,291.0
64.75,283.69189453125,283.5828552246094,283.7786560058594,263.0,291.0
65.0,283.69189453125,283.5828552246094,283.7786865234375,263.0,291.0
65.25,283.69189453125,283.5828552246094,283.7786560058594,263.0,291.0
65.5,283.7334289550781,283.602783203125,283.820068359375,263.0,291.0
65.75,283.7334289550781,283.602783203125,283.97344970703125,263.0,291.0
66.0,283.7334289550781,283.602783203125,283.820068359375,263.0,291.0
66.25,283.7334289550781,283.602783203125,283.820068359375,263.0,291.0
66.5,283.7334289550781,283.602783203125,283.820068359375,263.0,291.0
66.75,283.8867492675781,283.602783203125,283.820068359375,263.0,291.0
67.0,283.7334289550781,283.602783203125,283.820068359375,263.0,291.0
67.25,283.7334289550781,283.602783203125,283.820068359375,263.0,291.0
67.5,283.5616760253906,283.6683654785156,283.86431884765625,263.0,291.0
67.75,283.5616760253906,283.6683654785156,283.86431884765625,263.0,291.0
68.0,283.5616760253906,283.6683654785156,284.0177001953125,263.0,291.0
68.25,283.5616455078125,283.8216552734375,283.86431884765625,263.0,291.0
68.5,283.5616760253906,283.6683654785156,283.86431884765625,263.0,291.0
68.75,283.5616760253906,283.6683654785156,283.86431884765625,263.0,291.0
69.0,283.71490478515625,283.66839599609375,283.86431884765625,263.0,291.0
69.25,283.5616760253906,283.6683654785156,283.86431884765625,263.0,291.0
69.5,284.01690673828125,284.05859375,284.2104187011719,263.0,291.0
69.75,284.01690673828125,284.05859375,284.2104187011719,263.0,291.0
70.0,284.01690673828125,284.05859375,284.2104187011719,263.0,291.0
70.25,284.01690673828125,284.05859375,284.364013671875,263.0,291.0
70.5,284.01690673828125,284.05859375,284.2104187011719,263.0,291.0
70.75,284.01690673828125,284.05859375,284.2104187011719,263.0,291.0
71.0,284.01690673828125,284.05859375,284.2104187011719,263.0,291.0
71.25,284.1703796386719,284.05859375,284.2104187011719,263.0,291.0
71.5,284.0379943847656,284.1011962890625,284.1668395996094,263.0,291.0
71.75,284.0379943847656,284.1011962890625,284.1668395996094,263.0,291.0
72.0,284.0379943847656,284.1011962890625,284.1668395996094,263.0,291.0
72.25,284.0379943847656,284.1011962890625,284.3204040527344,263.0,291.0
72.5,284.0379943847656,284.1011962890625,284.1668395996094,263.0,291.0
72.75,284.0379943847656,284.1011962890625,284.1668395996094,263.0,291.0
73.0,284.0379943847656,284.1011962890625,284.1668395996094,263.0,291.0
73.25,284.0379943847656,284.1011962890625,284.1668395996094,263.0,291.0
73.5,284.18939208984375,284.0800476074219,284.0164489746094,263.0,291.0
73.75,284.18939208984375,284.0800476074219,284.0164489746094,263.0,291.0
74.0,284.18939208984375,284.0800476074219,284.0164489746094,263.0,291.0
74.25,284.18939208984375,284.0800476074219,284.0164489746094,263.0,291.0
74.5,284.18939208984375,284.0800476074219,284.169921875,263.0,291.0
74.75,284.18939208984375,284.2335510253906,284.0164489746094,263.0,291.0
75.0,284.18939208984375,284.0800476074219,284.0164489746094,263.0,291.0
75.25,284.18939208984375,284.0800476074219,284.0164489746094,263.0,291.0
75.5,284.3172912597656,284.0140380859375,284.0365905761719,263.0,291.0
75.75,284.3172912597656,284.0140380859375,284.0365905761719,263.0,291.0
76.0,284.3172912597656,284.0140380859375,284.0365905761719,263.0,291.0
76.25,284.3172912597656,284.0140380859375,284.0365905761719,263.0,291.0
76.5,284.3172912597656,284.0140380859375,284.0365905761719,263.0,291.0
76.75,284.3172912597656,284.0140380859375,284.0365905761719,263.0,291.0
77.0,284.3172912597656,284.0140380859375,284.0365905761719,263.0,291.0
77.25,284.3172912597656,284.0140380859375,284.0365905761719,263.0,291.0
77.5,284.253662109375,283.9076232910156,284.1241455078125,263.0,291.0
77.75,284.4072570800781,283.9076232910156,284.1241149902344,263.0,291.0
78.0,284.253662109375,283.9076232910156,284.1241455078125,263.0,291.0
78.25,284.253662109375,283.9076232910156,284.1241149902344,263.0,291.0
78.5,284.253662109375,283.9076232910156,284.1241455078125,263.0,291.0
78.75,284.253662109375,283.9076232910156,284.1241455078125,263.0,291.0
79.0,284.253662109375,283.9076232910156,284.1241149902344,263.0,291.0
79.25,284.253662109375,284.0610656738281,284.1241149902344,263.0,291.0
79.5,284.3408508300781,283.82208251953125,284.0816345214844,263.0,291.0
79.75,284.3408508300781,283.82208251953125,284.0816345214844,263.0,291.0
80.0,284.4945068359375,283.82208251953125,284.0816345214844,263.0,291.0
80.25,284.3408508300781,283.82208251953125,284.0816345214844,263.0,291.0
80.5,284.3408508300781,283.82208251953125,284.0816345214844,263.0,291.0
80.75,284.3408508300781,283.82208251953125,284.0816345214844,263.0,291.0
81.0,284.3408508300781,283.82208251953125,284.0816650390625,263.0,291.0
81.25,284.3408508300781,283.82208251953125,284.0816345214844,263.0,291.0
81.5,284.31951904296875,283.9110107421875,284.1466369628906,263.0,291.0
81.75,284.31951904296875,283.7576599121094,284.1466369628906,263.0,291.0
82.0,284.31951904296875,283.7576599121094,284.1466369628906,263.0,291.0
82.25,284.31951904296875,283.7576599121094,284.1466369628906,263.0,291.0
82.5,284.31951904296875,283.7576599121094,284.1466369628906,263.0,291.0
82.75,284.31951904296875,283.7576599121094,284.1466369628906,263.0,291.0
83.0,284.31951904296875,283.7576599121094,284.1466369628906,263.0,291.0
83.25,284.31951904296875,283.7576599121094,284.1466064453125,263.0,291.0
83.5,284.3195495605469,283.8224182128906,284.0820007324219,263.0,291.0
83.75,284.3195495605469,283.9757995605469,284.0820007324219,263.0,291.0
84.0,284.3195495605469,283.8224182128906,284.0820007324219,263.0,291.0
84.25,284.3195495605469,283.8224182128906,284.0820007324219,263.0,291.0
84.5,284.4731750488281,283.8224182128906,284.0820007324219,263.0,291.0
84.75,284.3195495605469,283.8224182128906,284.0820007324219,263.0,291.0
85.0,284.3195495605469,283.8224182128906,284.0820007324219,263.0,291.0
85.25,284.3195495605469,283.8224182128906,284.0820007324219,263.0,291.0
85.5,284.2972717285156,283.9079895019531,284.059814453125,263.0,291.0
85.75,284.2972717285156,283.9079895019531,284.059814453125,263.0,291.0
86.0,284.2972717285156,284.0614013671875,284.059814453125,263.0,291.0
86.25,284.2972717285156,283.9079895019531,284.059814453125,263.0,291.0
86.5,284.29730224609375,283.9079895019531,284.059814453125,263.0,291.0
86.75,284.2972717285156,283.9079895019531,284.059814453125,263.0,291.0
87.0,284.29730224609375,283.9079895019531,284.059814453125,263.0,291.0
87.25,284.2972717285156,283.9079895019531,284.059814453125,263.0,291.0
87.5,284.041015625,284.0613098144531,284.0192565917969,263.0,291.0
87.75,284.041015625,284.061279296875,284.0192565917969,263.0,291.0
88.0,284.041015625,284.0613098144531,284.0192565917969,263.0,291.0
88.25,284.041015625,284.21478271484375,284.0192565917969,263.0,291.0
88.5,284.041015625,284.061279296875,284.0192565917969,263.0,291.0
88.75,284.041015625,284.061279296875,284.0192565917969,263.0,291.0
89.0,284.041015625,284.061279296875,284.0192565917969,263.0,291.0
89.25,284.041015625,284.061279296875,284.0192565917969,263.0,291.0
89.5,284.03973388671875,284.1029357910156,284.0610046386719,263.0,291.0
89.75,284.0397033691406,284.1029357910156,284.06103515625,263.0,291.0
90.0,284.03973388671875,284.1029357910156,284.0610046386719,263.0,291.0
90.25,284.0397033691406,284.1029357910156,284.06103515625,263.0,291.0
90.5,284.0397033691406,284.1029357910156,284.0610046386719,263.0,291.0
90.75,284.0397033691406,284.1029357910156,284.06103515625,263.0,291.0
91.0,284.03973388671875,284.1029357910156,284.0610046386719,263.0,291.0
91.25,284.1932067871094,284.1029357910156,284.06103515625,263.0,291.0
91.5,284.188720703125,283.99310302734375,284.1449890136719,263.0,291.0
91.75,284.1886901855469,283.99310302734375,284.1449890136719,263.0,291.0
92.0,284.1886901855469,283.99310302734375,284.1449890136719,263.0,291.0
92.25,284.188720703125,283.9931335449219,284.2985534667969,263.0,291.0
92.5,284.1886901855469,283.99310302734375,284.1449890136719,263.0,291.0
92.75,284.1886901855469,284.1465759277344,284.1449890136719,263.0,291.0
93.0,284.1886901855469,283.99310302734375,284.1449890136719,263.0,291.0
93.25,284.34228515625,283.99310302734375,284.1449890136719,263.0,291.0
93.5,283.674072265625,283.584228515625,283.8876647949219,263.0,291.0
93.75,283.5208740234375,283.5841979980469,283.8876647949219,263.0,291.0
94.0,283.5208740234375,283.5841979980469,283.8876647949219,263.0,291.0
94.25,283.5208740234375,283.5841979980469,283.8876647949219,263.0,291.0
94.5,283.5208740234375,283.5841979980469,283.8876647949219,263.0,291.0
94.75,283.5208740234375,283.584228515625,283.8876647949219,263.0,291.0
95.0,283.5208740234375,283.5841979980469,283.8876647949219,263.0,291.0
95.25,283.5208740234375,283.584228515625,283.8876647949219,263.0,291.0
95.5,283.4367980957031,283.50042724609375,283.86920166015625,263.0,291.0
95.75,283.4367980957031,283.50042724609375,283.86920166015625,263.0,291.0
96.0,283.4367980957031,283.50042724609375,283.86920166015625,263.0,291.0
96.25,283.4367980957031,283.50042724609375,283.86920166015625,263.0,291.0
96.5,283.4367980957031,283.50042724609375,283.86920166015625,263.0,291.0
96.75,283.4367980957031,283.50042724609375,284.0226135253906,263.0,291.0
97.0,283.4367980957031,283.50042724609375,283.86920166015625,263.0,291.0
97.25,283.4367980957031,283.65362548828125,283.86920166015625,263.0,291.0
97.5,283.45697021484375,283.54248046875,283.8681640625,263.0,291.0
97.75,283.6101379394531,283.54248046875,283.8681640625,263.0,291.0
98.0,283.45697021484375,283.54248046875,283.8681640625,263.0,291.0
98.25,283.45697021484375,283.54248046875,283.8681640625,263.0,291.0
98.5,283.45697021484375,283.54248046875,283.8681640625,263.0,291.0
98.75,283.45697021484375,283.54248046875,283.8681640625,263.0,291.0
99.0,283.45697021484375,283.54248046875,284.0215759277344,263.0,291.0
99.25,283.45697021484375,283.54248046875,283.8681640625,263.0,291.0
99.5,283.22015380859375,283.84796142578125,283.890869140625,263.0,291.0
99.75,283.22015380859375,283.69464111328125,283.890869140625,263.0,291.0
100.0,283.37322998046875,283.69464111328125,283.890869140625,263.0,291.0
100.25,283.37322998046875,283.69464111328125,283.890869140625,263.0,291.0
100.5,283.22015380859375,283.69464111328125,283.890869140625,263.0,291.0
100.75,283.22015380859375,283.69464111328125,283.890869140625,263.0,291.0
101.0,283.22015380859375,283.69464111328125,283.890869140625,263.0,291.0
101.25,283.22015380859375,283.69464111328125,283.890869140625,263.0,291.0
101.5,282.7030944824219,283.2448425292969,283.3983459472656,263.0,291.0
101.75,282.7030944824219,283.39788818359375,283.3983459472656,263.0,291.0
102.0,282.7030944824219,283.2448425292969,283.3983459472656,263.0,291.0
102.25,282.8558654785156,283.24481201171875,283.3983459472656,263.0,291.0
102.5,282.7030944824219,283.2448425292969,283.3983459472656,263.0,291.0
102.75,282.7030944824219,283.2448425292969,283.3983459472656,263.0,291.0
103.0,282.7030944824219,283.2448425292969,283.3983459472656,263.0,291.0
103.25,282.7030944824219,283.2448425292969,283.3983459472656,263.0,291.0
103.5,282.82781982421875,283.3267517089844,283.3726806640625,263.0,291.0
103.75,282.8277893066406,283.3267517089844,283.3726806640625,263.0,291.0
104.0,282.82781982421875,283.4798583984375,283.3726806640625,263.0,291.0
104.25,282.82781982421875,283.3267517089844,283.3726806640625,263.0,291.0
104.5,282.82781982421875,283.3267517089844,283.3726806640625,263.0,291.0
104.75,282.82781982421875,283.3267517089844,283.3726806640625,263.0,291.0
105.0,282.82781982421875,283.3267517089844,283.3726806640625,263.0,291.0
105.25,282.82781982421875,283.3267517089844,283.3726806640625,263.0,291.0
105.5,282.9156799316406,283.2412109375,283.3304138183594,263.0,291.0
105.75,282.9156799316406,283.2412109375,283.4835205078125,263.0,291.0
106.0,282.9156799316406,283.2412109375,283.3304138183594,263.0,291.0
106.25,282.9156799316406,283.3942565917969,283.3304138183594,263.0,291.0
106.5,282.9156799316406,283.2412109375,283.3304138183594,263.0,291.0
106.75,283.0685729980469,283.2412109375,283.3304138183594,263.0,291.0
107.0,283.0685729980469,283.2412109375,283.3304138183594,263.0,291.0
107.25,282.9156799316406,283.2412109375,283.3304138183594,263.0,291.0
107.5,282.93768310546875,283.26263427734375,283.2867736816406,263.0,291.0
107.75,282.93768310546875,283.26263427734375,283.2867736816406,263.0,291.0
108.0,282.93768310546875,283.2626037597656,283.4398498535156,263.0,291.0
108.25,282.93768310546875,283.4156799316406,283.2867736816406,263.0,291.0
108.5,282.93768310546875,283.2626037597656,283.2867736816406,263.0,291.0
108.75,282.93768310546875,283.2626037597656,283.2867736816406,263.0,291.0
109.0,283.090576171875,283.2626037597656,283.2867736816406,263.0,291.0
109.25,282.93768310546875,283.2626037597656,283.2867736816406,263.0,291.0
109.5,281.3094482421875,282.329345703125,282.2038269042969,263.0,291.0
109.75,281.3094177246094,282.329345703125,282.203857421875,263.0,291.0
110.0,281.3094482421875,282.329345703125,282.203857421875,263.0,291.0
110.25,281.3094177246094,282.329345703125,282.2038269042969,263.0,291.0
110.5,281.3094177246094,282.4819030761719,282.203857421875,263.0,291.0
110.75,281.3094177246094,282.329345703125,282.2038269042969,263.0,291.0
111.0,281.3094177246094,282.329345703125,282.203857421875,263.0,291.0
111.25,281.3094177246094,282.329345703125,282.203857421875,263.0,291.0
111.5,281.2719421386719,282.38885498046875,282.1752624511719,263.0,291.0
111.75,281.2719421386719,282.38885498046875,282.1752624511719,263.0,291.0
112.0,281.2719421386719,282.38885498046875,282.1752624511719,263.0,291.0
112.25,281.2719421386719,282.38885498046875,282.3277282714844,263.0,291.0
112.5,281.2719421386719,282.38885498046875,282.1752624511719,263.0,291.0
112.75,281.2719421386719,282.5414733886719,282.1752624511719,263.0,291.0
113.0,281.2719421386719,282.38885498046875,282.1752624511719,263.0,291.0
113.25,281.2719421386719,282.38885498046875,282.1752624511719,263.0,291.0
113.5,281.4889831542969,282.4528503417969,282.1302795410156,263.0,291.0
113.75,281.33697509765625,282.452880859375,282.1302795410156,263.0,291.0
114.0,281.3369445800781,282.452880859375,282.1302795410156,263.0,291.0
114.25,281.33697509765625,282.452880859375,282.1302795410156,263.0,291.0
114.5,281.3369445800781,282.4528503417969,282.2827453613281,263.0,291.0
114.75,281.33697509765625,282.4528503417969,282.1302795410156,263.0,291.0
115.0,281.3369445800781,282.452880859375,282.1302795410156,263.0,291.0
115.25,281.33697509765625,282.452880859375,282.1302795410156,263.0,291.0
115.5,281.510009765625,282.43157958984375,282.1299743652344,263.0,291.0
115.75,281.35797119140625,282.43157958984375,282.1299743652344,263.0,291.0
116.0,281.35797119140625,282.43157958984375,282.1299743652344,263.0,291.0
116.25,281.35797119140625,282.43157958984375,282.1299743652344,263.0,291.0
116.5,281.35797119140625,282.43157958984375,282.1299743652344,263.0,291.0
116.75,281.35797119140625,282.4315490722656,282.1299743652344,263.0,291.0
117.0,281.35797119140625,282.5841979980469,282.1299743652344,263.0,291.0
117.25,281.35797119140625,282.4315490722656,282.1299743652344,263.0,291.0
117.5,281.35711669921875,282.4737548828125,282.150634765625,263.0,291.0
117.75,281.35711669921875,282.4737548828125,282.150634765625,263.0,291.0
118.0,281.35711669921875,282.4737548828125,282.150634765625,263.0,291.0
118.25,281.35711669921875,282.4737548828125,282.150634765625,263.0,291.0
118.5,281.35711669921875,282.4737548828125,282.150634765625,263.0,291.0
118.75,281.35711669921875,282.4737548828125,282.3031005859375,263.0,291.0
119.0,281.35711669921875,282.4737548828125,282.150634765625,263.0,291.0
119.25,281.35711669921875,282.62640380859375,282.150634765625,263.0,291.0
119.5,281.3788757324219,282.453125,282.1507263183594,263.0,291.0
119.75,281.5309143066406,282.453125,282.1507263183594,263.0,291.0
120.0,281.3788757324219,282.453125,282.1507263183594,263.0,291.0
120.25,281.3788757324219,282.453125,282.1507263183594,263.0,291.0
120.5,281.3788757324219,282.453125,282.1507263183594,263.0,291.0
120.75,281.3788757324219,282.453125,282.1507263183594,263.0,291.0
121.0,281.3788757324219,282.453125,282.3031921386719,263.0,291.0
121.25,281.3788757324219,282.453125,282.1507263183594,263.0,291.0
121.5,281.3580017089844,282.5838317871094,282.15142822265625,263.0,291.0
121.75,281.3580017089844,282.43121337890625,282.15142822265625,263.0,291.0
122.0,281.3580017089844,282.43121337890625,282.15142822265625,263.0,291.0
122.25,281.5100402832031,282.43121337890625,282.15142822265625,263.0,291.0
122.5,281.3580017089844,282.43121337890625,282.15142822265625,263.0,291.0
122.75,281.3580017089844,282.43121337890625,282.15142822265625,263.0,291.0
123.0,281.3580017089844,282.43121337890625,282.15142822265625,263.0,291.0
123.25,281.3580017089844,282.43121337890625,282.3039245605469,263.0,291.0
123.5,281.29315185546875,282.4534606933594,282.15216064453125,263.0,291.0
123.75,281.29315185546875,282.45343017578125,282.15216064453125,263.0,291.0
124.0,281.29315185546875,282.45343017578125,282.15216064453125,263.0,291.0
124.25,281.29315185546875,282.45343017578125,282.1521911621094,263.0,291.0
124.5,281.4451599121094,282.4534606933594,282.15216064453125,263.0,291.0
124.75,281.29315185546875,282.45343017578125,282.1521911621094,263.0,291.0
125.0,281.29315185546875,282.45343017578125,282.15216064453125,263.0,291.0
125.25,281.29315185546875,282.45343017578125,282.1521911621094,263.0,291.0
125.5,281.2938537597656,282.4541320800781,282.1095275878906,263.0,291.0
125.75,281.2938537597656,282.4541320800781,282.1095275878906,263.0,291.0
126.0,281.2938537597656,282.6067810058594,282.1095275878906,263.0,291.0
126.25,281.2938537597656,282.4541320800781,282.1095275878906,263.0,291.0
126.5,281.2938537597656,282.4541320800781,282.1095275878906,263.0,291.0
126.75,281.44586181640625,282.4541320800781,282.1095275878906,263.0,291.0
127.0,281.2938537597656,282.4541320800781,282.1095275878906,263.0,291.0
127.25,281.2938537597656,282.4541320800781,282.1095275878906,263.0,291.0
127.5,281.2710876464844,282.45379638671875,282.15228271484375,263.0,291.0
127.75,281.2710876464844,282.45379638671875,282.30474853515625,263.0,291.0
128.0,281.2710876464844,282.45379638671875,282.15228271484375,263.0,291.0
128.25,281.2710876464844,282.6064453125,282.1522521972656,263.0,291.0
128.5,281.2710876464844,282.45379638671875,282.15228271484375,263.0,291.0
128.75,281.2710876464844,282.45379638671875,282.15228271484375,263.0,291.0
129.0,281.423095703125,282.45379638671875,282.15228271484375,263.0,291.0
129.25,281.2710876464844,282.45379638671875,282.1522521972656,263.0,291.0
129.5,281.29229736328125,282.41021728515625,282.195556640625,263.0,291.0
129.75,281.2923278808594,282.41021728515625,282.195556640625,263.0,291.0
130.0,281.2923278808594,282.41021728515625,282.195556640625,263.0,291.0
130.25,281.2923278808594,282.41021728515625,282.195556640625,263.0,291.0
130.5,281.2923278808594,282.5628356933594,282.195556640625,263.0,291.0
130.75,281.2923278808594,282.41021728515625,282.195556640625,263.0,291.0
131.0,281.2923278808594,282.41021728515625,282.195556640625,263.0,291.0
131.25,281.2923278808594,282.41021728515625,282.195556640625,263.0,291.0
131.5,281.2296447753906,282.3892822265625,282.21856689453125,263.0,291.0
131.75,281.2296447753906,282.3892822265625,282.21856689453125,263.0,291.0
132.0,281.2296447753906,282.3892822265625,282.21856689453125,263.0,291.0
132.25,281.22967529296875,282.3892822265625,282.3710632324219,263.0,291.0
132.5,281.2296447753906,282.3892822265625,282.21856689453125,263.0,291.0
132.75,281.2296447753906,282.5418701171875,282.21856689453125,263.0,291.0
133.0,281.2296447753906,282.3892822265625,282.21856689453125,263.0,291.0
133.25,281.2296447753906,282.3892822265625,282.21856689453125,263.0,291.0
133.5,281.3150939941406,282.32452392578125,282.1756896972656,263.0,291.0
133.75,281.31512451171875,282.32452392578125,282.1756896972656,263.0,291.0
134.0,281.3150939941406,282.32452392578125,282.1756896972656,263.0,291.0
134.25,281.3150939941406,282.32452392578125,282.1756896972656,263.0,291.0
134.5,281.3150939941406,282.32452392578125,282.3281555175781,263.0,291.0
134.75,281.3150939941406,282.32452392578125,282.1756896972656,263.0,291.0
135.0,281.3150939941406,282.4770812988281,282.1756896972656,263.0,291.0
135.25,281.3150939941406,282.32452392578125,282.1756896972656,263.0,291.0
135.5,281.53265380859375,282.34515380859375,282.1313171386719,263.0,291.0
135.75,281.53265380859375,282.3451232910156,282.1313171386719,263.0,291.0
136.0,281.3805847167969,282.34515380859375,282.1313171386719,263.0,291.0
136.25,281.3805847167969,282.34515380859375,282.1313171386719,263.0,291.0
136.5,281.3805847167969,282.34515380859375,282.1313171386719,263.0,291.0
136.75,281.3805847167969,282.34515380859375,282.1313171386719,263.0,291.0
137.0,281.3805847167969,282.34515380859375,282.1313171386719,263.0,291.0
137.25,281.3805847167969,282.4977111816406,282.1313171386719,263.0,291.0
137.5,282.69989013671875,283.2031555175781,283.1396179199219,263.0,291.0
137.75,282.8526306152344,283.203125,283.1396179199219,263.0,291.0
138.0,282.6998596191406,283.2031555175781,283.1396179199219,263.0,291.0
138.25,282.69989013671875,283.203125,283.1396179199219,263.0,291.0
138.5,282.69989013671875,283.2031555175781,283.1396179199219,263.0,291.0
138.75,282.6998596191406,283.203125,283.1396179199219,263.0,291.0
139.0,282.6998596191406,283.2031555175781,283.2926025390625,263.0,291.0
139.25,282.6998596191406,283.203125,283.1396179199219,263.0,291.0
139.5,282.76934814453125,283.1819152832031,283.1842346191406,263.0,291.0
139.75,282.76934814453125,283.1819152832031,283.1842346191406,263.0,291.0
140.0,282.9221496582031,283.1819152832031,283.1842346191406,263.0,291.0
140.25,282.9221496582031,283.1819152832031,283.1842346191406,263.0,291.0
140.5,282.76934814453125,283.1819152832031,283.1842346191406,263.0,291.0
140.75,282.76934814453125,283.1819152832031,283.1842346191406,263.0,291.0
141.0,282.76934814453125,283.1819152832031,283.1842346191406,263.0,291.0
141.25,282.76934814453125,283.1819152832031,283.3372802734375,263.0,291.0
141.5,282.7056579589844,283.1396179199219,283.22900390625,263.0,291.0
141.75,282.7056579589844,283.1396179199219,283.2290344238281,263.0,291.0
142.0,282.7056579589844,283.1396179199219,283.22900390625,263.0,291.0
142.25,282.7056579589844,283.1396179199219,283.2290344238281,263.0,291.0
142.5,282.8584289550781,283.1396179199219,283.22900390625,263.0,291.0
142.75,282.7056579589844,283.1396179199219,283.2290344238281,263.0,291.0
143.0,282.7056579589844,283.1396179199219,283.2290344238281,263.0,291.0
143.25,282.7056579589844,283.1396179199219,283.2290344238281,263.0,291.0
143.5,282.8120422363281,283.1161804199219,283.2485656738281,263.0,291.0
143.75,282.8120422363281,283.2691650390625,283.2485656738281,263.0,291.0
144.0,282.8120422363281,283.1161804199219,283.2485656738281,263.0,291.0
144.25,282.8120422363281,283.1161804199219,283.2485656738281,263.0,291.0
144.5,282.8120422363281,283.1161804199219,283.2485656738281,263.0,291.0
144.75,282.9648742675781,283.1161804199219,283.2485656738281,263.0,291.0
145.0,282.8120422363281,283.1161804199219,283.2485656738281,263.0,291.0
145.25,282.8120422363281,283.1161804199219,283.2485656738281,263.0,291.0
145.5,282.7708740234375,283.13946533203125,283.1639709472656,263.0,291.0
145.75,282.7708740234375,283.13946533203125,283.3169860839844,263.0,291.0
146.0,282.7708740234375,283.13946533203125,283.1639709472656,263.0,291.0
146.25,282.7708740234375,283.29248046875,283.1639709472656,263.0,291.0
146.5,282.7708740234375,283.13946533203125,283.1639709472656,263.0,291.0
146.75,282.9236755371094,283.13946533203125,283.1639709472656,263.0,291.0
147.0,282.9236755371094,283.13946533203125,283.1639709472656,263.0,291.0
147.25,282.7708740234375,283.13946533203125,283.1639709472656,263.0,291.0
147.5,282.8577575683594,282.9668884277344,283.22882080078125,263.0,291.0
147.75,282.8577575683594,282.9668884277344,283.22882080078125,263.0,291.0
148.0,282.8577575683594,282.9668884277344,283.22882080078125,263.0,291.0
148.25,282.8577575683594,282.9668884277344,283.22882080078125,263.0,291.0
148.5,282.8577575683594,282.9668884277344,283.22882080078125,263.0,291.0
148.75,282.8577575683594,282.9668884277344,283.22882080078125,263.0,291.0
149.0,283.0106201171875,282.9668884277344,283.22882080078125,263.0,291.0
149.25,283.0106201171875,282.9668884277344,283.22882080078125,263.0,291.0
149.5,282.64556884765625,282.8614501953125,283.3405456542969,263.0,291.0
149.75,282.6455993652344,282.8614501953125,283.34051513671875,263.0,291.0
150.0,282.64556884765625,282.8614501953125,283.3405456542969,263.0,291.0
150.25,282.6455993652344,282.8614501953125,283.34051513671875,263.0,291.0
150.5,282.64556884765625,283.0143127441406,283.3405456542969,263.0,291.0
150.75,282.6455993652344,282.8614501953125,283.34051513671875,263.0,291.0
151.0,282.64556884765625,282.8614501953125,283.34051513671875,263.0,291.0
151.25,282.7983093261719,282.8614501953125,283.34051513671875,263.0,291.0
151.5,282.66558837890625,282.8177795410156,283.3623962402344,263.0,291.0
151.75,282.66558837890625,282.8177795410156,283.3623962402344,263.0,291.0
152.0,282.66558837890625,282.8177795410156,283.3623962402344,263.0,291.0
152.25,282.66558837890625,282.8177795410156,283.5155029296875,263.0,291.0
152.5,282.66558837890625,282.8177795410156,283.3623962402344,263.0,291.0
152.75,282.66558837890625,282.9706115722656,283.3623962402344,263.0,291.0
153.0,282.66558837890625,282.8177795410156,283.3623962402344,263.0,291.0
153.25,282.66558837890625,282.8177795410156,283.3623962402344,263.0,291.0
153.5,282.7943115234375,282.7934875488281,283.5543212890625,263.0,291.0
153.75,282.6415710449219,282.7934875488281,283.5543212890625,263.0,291.0
154.0,282.6415710449219,282.7934875488281,283.5543212890625,263.0,291.0
154.25,282.6415710449219,282.7934875488281,283.5543212890625,263.0,291.0
154.5,282.6415710449219,282.7934875488281,283.7075500488281,263.0,291.0
154.75,282.6415710449219,282.7934875488281,283.70758056640625,263.0,291.0
155.0,282.6415710449219,282.9463195800781,283.5543212890625,263.0,291.0
155.25,282.6415710449219,282.7934875488281,283.5543212890625,263.0,291.0
155.5,282.5753479003906,282.8362121582031,283.6399230957031,263.0,291.0
155.75,282.7280578613281,282.8362121582031,283.6399230957031,263.0,291.0
156.0,282.5753479003906,282.8362121582031,283.6399230957031,263.0,291.0
156.25,282.5753479003906,282.8362121582031,283.6399230957031,263.0,291.0
156.5,282.5753479003906,282.8362121582031,283.6399230957031,263.0,291.0
156.75,282.5753479003906,282.8362121582031,283.6399230957031,263.0,291.0
157.0,282.5753479003906,282.8362121582031,283.7931823730469,263.0,291.0
157.25,282.5753479003906,282.9890441894531,283.6399230957031,263.0,291.0
157.5,282.6625061035156,282.5983581542969,283.7485046386719,263.0,291.0
157.75,282.81524658203125,282.5983581542969,283.7485046386719,263.0,291.0
158.0,282.8152770996094,282.5983581542969,283.7485046386719,263.0,291.0
158.25,282.6625061035156,282.5983581542969,283.7485046386719,263.0,291.0
158.5,282.6625061035156,282.5983581542969,283.7485046386719,263.0,291.0
158.75,282.6625061035156,282.5983581542969,283.7485046386719,263.0,291.0
159.0,282.6625061035156,282.5983581542969,283.9018249511719,263.0,291.0
159.25,282.6625061035156,282.5983581542969,283.7485046386719,263.0,291.0
159.5,282.729736328125,282.59991455078125,283.7288513183594,263.0,291.0
159.75,282.729736328125,282.4472961425781,283.7288513183594,263.0,291.0
160.0,282.729736328125,282.4472961425781,283.7288513183594,263.0,291.0
160.25,282.729736328125,282.4472961425781,283.7288513183594,263.0,291.0
160.5,282.7297058105469,282.4472961425781,283.7288513183594,263.0,291.0
160.75,282.729736328125,282.4472961425781,283.7288513183594,263.0,291.0
161.0,282.7297058105469,282.4472961425781,283.7288513183594,263.0,291.0
161.25,282.729736328125,282.4472961425781,283.8821716308594,263.0,291.0
161.5,282.77581787109375,282.36224365234375,283.77655029296875,263.0,291.0
161.75,282.77581787109375,282.5148010253906,283.623291015625,263.0,291.0
162.0,282.77581787109375,282.36224365234375,283.623291015625,263.0,291.0
162.25,282.77581787109375,282.36224365234375,283.623291015625,263.0,291.0
162.5,282.77581787109375,282.36224365234375,283.623291015625,263.0,291.0
162.75,282.77581787109375,282.36224365234375,283.623291015625,263.0,291.0
163.0,282.77581787109375,282.36224365234375,283.623291015625,263.0,291.0
163.25,282.77581787109375,282.36224365234375,283.623291015625,263.0,291.0
163.5,282.81658935546875,282.55413818359375,283.5556945800781,263.0,291.0
163.75,282.81658935546875,282.5541687011719,283.5556640625,263.0,291.0
164.0,282.81658935546875,282.70684814453125,283.5556945800781,263.0,291.0
164.25,282.81658935546875,282.5541687011719,283.5556945800781,263.0,291.0
164.5,282.81658935546875,282.55413818359375,283.5556945800781,263.0,291.0
164.75,282.96942138671875,282.5541687011719,283.5556945800781,263.0,291.0
165.0,282.81658935546875,282.55413818359375,283.5556945800781,263.0,291.0
165.25,282.81658935546875,282.55413818359375,283.5556945800781,263.0,291.0
165.5,283.91748046875,283.39593505859375,284.4568176269531,263.0,291.0
165.75,283.91748046875,283.39593505859375,284.456787109375,263.0,291.0
166.0,283.91748046875,283.39593505859375,284.456787109375,263.0,291.0
166.25,283.91748046875,283.549072265625,284.456787109375,263.0,291.0
166.5,283.91748046875,283.549072265625,284.456787109375,263.0,291.0
166.75,283.91748046875,283.3959045410156,284.456787109375,263.0,291.0
167.0,284.0708923339844,283.39593505859375,284.456787109375,263.0,291.0
167.25,283.91748046875,283.3959045410156,284.456787109375,263.0,291.0
167.5,283.6617431640625,283.4221496582031,284.5013732910156,263.0,291.0
167.75,283.6617431640625,283.4221496582031,284.5013732910156,263.0,291.0
168.0,283.6617431640625,283.4221496582031,284.6551208496094,263.0,291.0
168.25,283.6617431640625,283.4221496582031,284.5013732910156,263.0,291.0
168.5,283.6617431640625,283.4221496582031,284.5013732910156,263.0,291.0
168.75,283.6617431640625,283.4221496582031,284.5013732910156,263.0,291.0
169.0,283.6617431640625,283.4221496582031,284.5013732910156,263.0,291.0
169.25,283.6617431640625,283.4221496582031,284.5013732910156,263.0,291.0
169.5,283.9422607421875,283.2494812011719,284.3936462402344,263.0,291.0
169.75,283.9422607421875,283.2494812011719,284.3936462402344,263.0,291.0
170.0,283.9422607421875,283.2494812011719,284.3936462402344,263.0,291.0
170.25,283.9422607421875,283.2494812011719,284.3936462402344,263.0,291.0
170.5,283.9422607421875,283.2494812011719,284.3936462402344,263.0,291.0
170.75,283.9422607421875,283.2494812011719,284.3936462402344,263.0,291.0
171.0,283.9422607421875,283.2494812011719,284.3936462402344,263.0,291.0
171.25,283.9422607421875,283.2494812011719,284.3936462402344,263.0,291.0
171.5,283.92138671875,283.249755859375,284.37298583984375,263.0,291.0
171.75,283.92138671875,283.249755859375,284.37298583984375,263.0,291.0
172.0,283.92138671875,283.249755859375,284.37298583984375,263.0,291.0
172.25,283.92138671875,283.249755859375,284.37298583984375,263.0,291.0
172.5,283.92138671875,283.249755859375,284.37298583984375,263.0,291.0
172.75,283.92138671875,283.249755859375,284.37298583984375,263.0,291.0
173.0,283.92138671875,283.249755859375,284.37298583984375,263.0,291.0
173.25,283.92138671875,283.249755859375,284.37298583984375,263.0,291.0
173.5,283.8768310546875,283.29193115234375,284.4577331542969,263.0,291.0
173.75,283.8768005371094,283.29193115234375,284.4577331542969,263.0,291.0
174.0,283.8768005371094,283.29193115234375,284.4577331542969,263.0,291.0
174.25,283.8768005371094,283.2919006347656,284.4577331542969,263.0,291.0
174.5,283.8768005371094,283.29193115234375,284.4577331542969,263.0,291.0
174.75,283.8768005371094,283.29193115234375,284.6114501953125,263.0,291.0
175.0,283.8768005371094,283.29193115234375,284.4577331542969,263.0,291.0
175.25,283.8768005371094,283.29193115234375,284.4577331542969,263.0,291.0
175.5,283.9401550292969,283.5497131347656,284.2196044921875,263.0,291.0
175.75,284.0935974121094,283.5497131347656,284.2196350097656,263.0,291.0
176.0,283.9401550292969,283.5497131347656,284.2196044921875,263.0,291.0
176.25,283.9401550292969,283.5497131347656,284.2196350097656,263.0,291.0
176.5,283.9401550292969,283.5497131347656,284.2196044921875,263.0,291.0
176.75,283.9401550292969,283.5497131347656,284.2196044921875,263.0,291.0
177.0,283.9401550292969,283.5497131347656,284.3731994628906,263.0,291.0
177.25,283.9401550292969,283.5497131347656,284.2196044921875,263.0,291.0
177.5,283.9425964355469,283.4444885253906,284.1790771484375,263.0,291.0
177.75,283.9425964355469,283.44451904296875,284.1790771484375,263.0,291.0
178.0,283.94256591796875,283.44451904296875,284.1790771484375,263.0,291.0
178.25,283.9425964355469,283.44451904296875,284.1790466308594,263.0,291.0
178.5,283.94256591796875,283.44451904296875,284.1790771484375,263.0,291.0
178.75,283.9425964355469,283.44451904296875,284.1790771484375,263.0,291.0
179.0,283.94256591796875,283.44451904296875,284.1790771484375,263.0,291.0
179.25,283.9425964355469,283.44451904296875,284.3326416015625,263.0,291.0
179.5,284.1337585449219,283.506103515625,284.1114807128906,263.0,291.0
179.75,284.1337585449219,283.506103515625,284.1114501953125,263.0,291.0
180.0,284.28729248046875,283.506103515625,284.1114807128906,263.0,291.0
180.25,284.28729248046875,283.506103515625,284.1114501953125,263.0,291.0
180.5,284.1337585449219,283.506103515625,284.1114807128906,263.0,291.0
180.75,284.1337585449219,283.506103515625,284.1114501953125,263.0,291.0
181.0,284.1337585449219,283.506103515625,284.1114807128906,263.0,291.0
181.25,284.1337585449219,283.506103515625,284.1114807128906,263.0,291.0
181.5,284.1297912597656,283.7183532714844,284.1292724609375,263.0,291.0
181.75,284.1297912597656,283.7183532714844,284.1292724609375,263.0,291.0
182.0,284.1297912597656,283.7183532714844,284.1292724609375,263.0,291.0
182.25,284.1297912597656,283.7183532714844,284.1292724609375,263.0,291.0
182.5,284.2833557128906,283.7183532714844,284.1292724609375,263.0,291.0
182.75,284.1297912597656,283.7183532714844,284.1292724609375,263.0,291.0
183.0,284.1297912597656,283.7183532714844,284.1292724609375,263.0,291.0
183.25,284.1297912597656,283.7183532714844,284.1292724609375,263.0,291.0
183.5,284.1907043457031,283.88739013671875,284.2790222167969,263.0,291.0
183.75,284.1907043457031,283.88739013671875,284.2790222167969,263.0,291.0
184.0,284.1907043457031,284.0408020019531,284.12548828125,263.0,291.0
184.25,284.1907043457031,283.8873596191406,284.1254577636719,263.0,291.0
184.5,284.1907043457031,283.88739013671875,284.1254577636719,263.0,291.0
184.75,284.34429931640625,283.8873596191406,284.1254577636719,263.0,291.0
185.0,284.1907043457031,283.88739013671875,284.1254577636719,263.0,291.0
185.25,284.1907043457031,283.8873596191406,284.1254577636719,263.0,291.0
185.5,284.0660095214844,283.8275146484375,284.0226745605469,263.0,291.0
185.75,284.0660095214844,283.8275146484375,284.1761779785156,263.0,291.0
186.0,284.0660095214844,283.8275146484375,284.1761779785156,263.0,291.0
186.25,284.0660095214844,283.98089599609375,284.0226745605469,263.0,291.0
186.5,284.06927490234375,283.5501403808594,284.1119384765625,263.0,291.0
186.75,284.0692443847656,283.5501403808594,284.2654724121094,263.0,291.0
187.0,284.06927490234375,283.5501403808594,284.26544189453125,263.0,291.0
187.25,284.06927490234375,283.5501403808594,284.2654724121094,263.0,291.0
187.5,284.06927490234375,283.703369140625,284.1119384765625,263.0,291.0
187.75,284.0692443847656,283.5501403808594,284.1119384765625,263.0,291.0
188.0,284.2227783203125,283.5501403808594,284.1119384765625,263.0,291.0
188.25,284.2227783203125,283.5501403808594,284.1119384765625,263.0,291.0
188.5,282.9017639160156,283.00726318359375,283.3993225097656,263.0,291.0
188.75,282.9017639160156,283.0072326660156,283.3993225097656,263.0,291.0
189.0,282.9017639160156,283.0072326660156,283.3993225097656,263.0,291.0
189.25,282.9017639160156,283.0072326660156,283.5524597167969,263.0,291.0
189.5,282.9017639160156,283.0072326660156,283.3993225097656,263.0,291.0
189.75,282.9017639160156,283.1601867675781,283.3993225097656,263.0,291.0
190.0,283.0546569824219,283.00726318359375,283.3993225097656,263.0,291.0
190.25,283.0546569824219,283.0072326660156,283.3993225097656,263.0,291.0
190.5,282.9405212402344,283.1343078613281,283.46142578125,263.0,291.0
190.75,282.7877197265625,283.1343078613281,283.46142578125,263.0,291.0
191.0,282.7877197265625,283.1343078613281,283.46142578125,263.0,291.0
191.25,282.7877197265625,283.1343078613281,283.46142578125,263.0,291.0
191.5,282.7877197265625,283.1343078613281,283.46142578125,263.0,291.0
191.75,282.7877197265625,283.1343078613281,283.46142578125,263.0,291.0
192.0,282.7877197265625,283.1343078613281,283.46142578125,263.0,291.0
192.25,282.7877197265625,283.1343078613281,283.46142578125,263.0,291.0
192.5,282.6376037597656,283.0497741699219,283.57159423828125,263.0,291.0
192.75,282.79034423828125,283.0497741699219,283.57159423828125,263.0,291.0
193.0,282.6376037597656,283.0497741699219,283.57159423828125,263.0,291.0
193.25,282.6376037597656,283.0497741699219,283.57159423828125,263.0,291.0
193.5,282.6376037597656,283.0497741699219,283.57159423828125,263.0,291.0
193.75,282.6376037597656,283.0497741699219,283.7248229980469,263.0,291.0
194.0,282.6376037597656,283.0497741699219,283.57159423828125,263.0,291.0
194.25,282.6376037597656,283.2027282714844,283.57159423828125,263.0,291.0
194.5,282.5459899902344,283.28326416015625,283.67572021484375,263.0,291.0
194.75,282.5459899902344,283.28326416015625,283.67572021484375,263.0,291.0
195.0,282.5459899902344,283.28326416015625,283.67572021484375,263.0,291.0
195.25,282.5459899902344,283.28326416015625,283.67572021484375,263.0,291.0
195.5,282.5459899902344,283.28326416015625,283.67572021484375,263.0,291.0
195.75,282.5459899902344,283.28326416015625,283.6756896972656,263.0,291.0
196.0,282.5459899902344,283.28326416015625,283.67572021484375,263.0,291.0
196.25,282.5459899902344,283.28326416015625,283.6756896972656,263.0,291.0
196.5,281.1283264160156,282.5429992675781,282.5477294921875,263.0,291.0
196.75,281.1283264160156,282.3904113769531,282.5477294921875,263.0,291.0
197.0,281.2802429199219,282.3904113769531,282.5477294921875,263.0,291.0
197.25,281.1283264160156,282.3904113769531,282.5477294921875,263.0,291.0
197.5,281.1283264160156,282.3904113769531,282.5477294921875,263.0,291.0
197.75,281.1283264160156,282.3904113769531,282.5477294921875,263.0,291.0
198.0,281.1283264160156,282.3904113769531,282.5477294921875,263.0,291.0
198.25,281.1283264160156,282.3904113769531,282.7004089355469,263.0,291.0
198.5,281.0943603515625,282.3443603515625,282.4793395996094,263.0,291.0
198.75,281.0943603515625,282.4969177246094,282.4793395996094,263.0,291.0
199.0,281.0943603515625,282.3443603515625,282.4793395996094,263.0,291.0
199.25,281.0943603515625,282.3443603515625,282.4793395996094,263.0,291.0
199.5,281.2462463378906,282.3443603515625,282.4793395996094,263.0,291.0
199.75,281.0943603515625,282.3443603515625,282.4793395996094,263.0,291.0
200.0,281.0943603515625,282.3443603515625,282.4793395996094,263.0,291.0
200.25,281.0943603515625,282.3443603515625,282.4793395996094,263.0,291.0
200.5,281.4006652832031,282.19378662109375,282.2419738769531,263.0,291.0
200.75,281.4006652832031,282.19378662109375,282.241943359375,263.0,291.0
201.0,281.4006652832031,282.3462829589844,282.2419738769531,263.0,291.0
201.25,281.4006652832031,282.19378662109375,282.2419738769531,263.0,291.0
201.5,281.4006652832031,282.19378662109375,282.241943359375,263.0,291.0
201.75,281.4006652832031,282.19378662109375,282.241943359375,263.0,291.0
202.0,281.4006652832031,282.19378662109375,282.241943359375,263.0,291.0
202.25,281.4006652832031,282.19378662109375,282.241943359375,263.0,291.0
202.5,281.1878967285156,282.3453063964844,282.2629089355469,263.0,291.0
202.75,281.1878967285156,282.3453063964844,282.4154357910156,263.0,291.0
203.0,281.1878967285156,282.3453063964844,282.2629089355469,263.0,291.0
203.25,281.1878967285156,282.3453063964844,282.2629089355469,263.0,291.0
203.5,281.1878967285156,282.3453063964844,282.2629089355469,263.0,291.0
203.75,281.33984375,282.3453063964844,282.2629089355469,263.0,291.0
204.0,281.1878967285156,282.3453063964844,282.2629089355469,263.0,291.0
204.25,281.1878967285156,282.3453063964844,282.2629089355469,263.0,291.0
204.5,282.50213623046875,283.33209228515625,283.247802734375,263.0,291.0
204.75,282.50213623046875,283.33209228515625,283.247802734375,263.0,291.0
205.0,282.50213623046875,283.33209228515625,283.247802734375,263.0,291.0
205.25,282.50213623046875,283.4851989746094,283.247802734375,263.0,291.0
205.5,282.50213623046875,283.4851989746094,283.247802734375,263.0,291.0
205.75,282.50213623046875,283.33209228515625,283.247802734375,263.0,291.0
206.0,282.50213623046875,283.33209228515625,283.247802734375,263.0,291.0
206.25,282.50213623046875,283.33209228515625,283.247802734375,263.0,291.0
206.5,282.4437561035156,283.37738037109375,283.2718200683594,263.0,291.0
206.75,282.4437561035156,283.3773498535156,283.2718200683594,263.0,291.0
207.0,282.4437561035156,283.37738037109375,283.2718200683594,263.0,291.0
207.25,282.4437561035156,283.37738037109375,283.4248962402344,263.0,291.0
207.5,282.4437561035156,283.3773498535156,283.2718200683594,263.0,291.0
207.75,282.4437561035156,283.37738037109375,283.2718200683594,263.0,291.0
208.0,282.4437561035156,283.37738037109375,283.2718200683594,263.0,291.0
208.25,282.59637451171875,283.3773498535156,283.2718200683594,263.0,291.0
208.5,282.42242431640625,283.33526611328125,283.2941589355469,263.0,291.0
208.75,282.42242431640625,283.33526611328125,283.2941589355469,263.0,291.0
209.0,282.42242431640625,283.33526611328125,283.2941589355469,263.0,291.0
209.25,282.42242431640625,283.33526611328125,283.2941589355469,263.0,291.0
209.5,282.42242431640625,283.33526611328125,283.447265625,263.0,291.0
209.75,282.42242431640625,283.4883728027344,283.2941589355469,263.0,291.0
210.0,282.42242431640625,283.33526611328125,283.2941589355469,263.0,291.0
210.25,282.42242431640625,283.33526611328125,283.2941589355469,263.0,291.0
210.5,282.6596984863281,283.332763671875,283.3352966308594,263.0,291.0
210.75,282.5070495605469,283.332763671875,283.3352966308594,263.0,291.0
211.0,282.5070495605469,283.332763671875,283.3352966308594,263.0,291.0
211.25,282.5070495605469,283.332763671875,283.3352966308594,263.0,291.0
211.5,282.5070495605469,283.332763671875,283.3352966308594,263.0,291.0
211.75,282.5070495605469,283.3327941894531,283.3352966308594,263.0,291.0
212.0,282.5070495605469,283.48590087890625,283.3352966308594,263.0,291.0
212.25,282.5070495605469,283.3327941894531,283.3352966308594,263.0,291.0
212.5,282.54913330078125,283.4390869140625,283.29083251953125,263.0,291.0
212.75,282.54913330078125,283.4390869140625,283.29083251953125,263.0,291.0
213.0,282.54913330078125,283.4390869140625,283.29083251953125,263.0,291.0
213.25,282.54913330078125,283.4391174316406,283.29083251953125,263.0,291.0
213.5,282.54913330078125,283.4390869140625,283.29083251953125,263.0,291.0
213.75,282.54913330078125,283.4391174316406,283.29083251953125,263.0,291.0
214.0,282.54913330078125,283.4390869140625,283.4439392089844,263.0,291.0
214.25,282.54913330078125,283.59228515625,283.29083251953125,263.0,291.0
214.5,282.6402893066406,283.22747802734375,283.16485595703125,263.0,291.0
214.75,282.6402893066406,283.22747802734375,283.16485595703125,263.0,291.0
215.0,282.7929992675781,283.22747802734375,283.16485595703125,263.0,291.0
215.25,282.6402893066406,283.22747802734375,283.16485595703125,263.0,291.0
215.5,282.6402587890625,283.22747802734375,283.16485595703125,263.0,291.0
215.75,282.6402893066406,283.22747802734375,283.16485595703125,263.0,291.0
216.0,282.6402893066406,283.22747802734375,283.16485595703125,263.0,291.0
216.25,282.6402893066406,283.22747802734375,283.16485595703125,263.0,291.0
216.5,282.6407165527344,283.2701721191406,283.1213073730469,263.0,291.0
216.75,282.6407165527344,283.2701721191406,283.1213073730469,263.0,291.0
217.0,282.6407165527344,283.2701721191406,283.1213073730469,263.0,291.0
217.25,282.79345703125,283.2701721191406,283.1213073730469,263.0,291.0
217.5,282.6407165527344,283.2701721191406,283.1213073730469,263.0,291.0
217.75,282.6407165527344,283.2701721191406,283.1213073730469,263.0,291.0
218.0,282.6407165527344,283.2701721191406,283.1213073730469,263.0,291.0
218.25,282.6407165527344,283.2701721191406,283.1213073730469,263.0,291.0
218.5,282.5556945800781,283.27197265625,283.2543029785156,263.0,291.0
218.75,282.5556945800781,283.425048828125,283.101318359375,263.0,291.0
219.0,282.5556945800781,283.4250793457031,283.101318359375,263.0,291.0
219.25,282.5556945800781,283.2720031738281,283.101318359375,263.0,291.0
219.5,282.7084045410156,283.2720031738281,283.101318359375,263.0,291.0
219.75,282.5556945800781,283.2720031738281,283.101318359375,263.0,291.0
220.0,282.5556945800781,283.2720031738281,283.101318359375,263.0,291.0
220.25,282.5556945800781,283.2720031738281,283.101318359375,263.0,291.0
220.5,282.57598876953125,283.2918701171875,283.1643371582031,263.0,291.0
220.75,282.5759582519531,283.2918701171875,283.3173828125,263.0,291.0
221.0,282.57598876953125,283.4449768066406,283.16436767578125,263.0,291.0
221.25,282.57598876953125,283.2918701171875,283.16436767578125,263.0,291.0
221.5,282.57598876953125,283.2918701171875,283.1643371582031,263.0,291.0
221.75,282.7286682128906,283.2918701171875,283.16436767578125,263.0,291.0
222.0,282.57598876953125,283.2918701171875,283.16436767578125,263.0,291.0
222.25,282.57598876953125,283.2918701171875,283.16436767578125,263.0,291.0
222.5,282.5106201171875,283.3138732910156,283.1865234375,263.0,291.0
222.75,282.5106201171875,283.3138427734375,283.3395690917969,263.0,291.0
223.0,282.5106201171875,283.3138732910156,283.1865234375,263.0,291.0
223.25,282.5106201171875,283.4669494628906,283.1865234375,263.0,291.0
223.5,282.5106201171875,283.3138732910156,283.1865234375,263.0,291.0
223.75,282.5106201171875,283.3138427734375,283.1865234375,263.0,291.0
224.0,282.5106201171875,283.3138427734375,283.1865234375,263.0,291.0
224.25,282.5106201171875,283.3138732910156,283.1865234375,263.0,291.0
224.5,282.5106201171875,283.2926330566406,283.18695068359375,263.0,291.0
224.75,282.5106201171875,283.2926330566406,283.18695068359375,263.0,291.0
225.0,282.5106201171875,283.2926330566406,283.18695068359375,263.0,291.0
225.25,282.5106201171875,283.2926330566406,283.18695068359375,263.0,291.0
225.5,282.5106201171875,283.44573974609375,283.18695068359375,263.0,291.0
225.75,282.5106201171875,283.29266357421875,283.18695068359375,263.0,291.0
226.0,282.5106201171875,283.29266357421875,283.18695068359375,263.0,291.0
226.25,282.5106506347656,283.2926330566406,283.18695068359375,263.0,291.0
226.5,282.53265380859375,283.2716979980469,283.1656494140625,263.0,291.0
226.75,282.53265380859375,283.2716979980469,283.1656494140625,263.0,291.0
227.0,282.53265380859375,283.2716979980469,283.1656494140625,263.0,291.0
227.25,282.53265380859375,283.2716979980469,283.31866455078125,263.0,291.0
227.5,282.53265380859375,283.2716979980469,283.1656494140625,263.0,291.0
227.75,282.53265380859375,283.2716979980469,283.1656494140625,263.0,291.0
228.0,282.53265380859375,283.2716979980469,283.1656494140625,263.0,291.0
228.25,282.6853332519531,283.2716979980469,283.1656494140625,263.0,291.0
228.5,282.51177978515625,283.2503662109375,283.1662902832031,263.0,291.0
228.75,282.51177978515625,283.2503662109375,283.1662902832031,263.0,291.0
229.0,282.51177978515625,283.2503662109375,283.1662902832031,263.0,291.0
229.25,282.51177978515625,283.2503662109375,283.1662902832031,263.0,291.0
229.5,282.51177978515625,283.2503662109375,283.3193359375,263.0,291.0
229.75,282.51177978515625,283.2503662109375,283.1662902832031,263.0,291.0
230.0,282.51177978515625,283.2503662109375,283.1662902832031,263.0,291.0
230.25,282.51177978515625,283.2503662109375,283.1662902832031,263.0,291.0
230.5,282.4686279296875,283.29388427734375,283.1455078125,263.0,291.0
230.75,282.4686279296875,283.29388427734375,283.1455078125,263.0,291.0
231.0,282.4686279296875,283.2938537597656,283.1455078125,263.0,291.0
231.25,282.4686279296875,283.29388427734375,283.1455078125,263.0,291.0
231.5,282.4686279296875,283.29388427734375,283.1455078125,263.0,291.0
231.75,282.4686279296875,283.29388427734375,283.1455078125,263.0,291.0
232.0,282.4686279296875,283.29388427734375,283.1455078125,263.0,291.0
232.25,282.4686279296875,283.44696044921875,283.1455078125,263.0,291.0
232.5,283.3271789550781,283.7171936035156,283.6972961425781,263.0,291.0
232.75,283.3271789550781,283.7171936035156,283.6972961425781,263.0,291.0
233.0,283.3271789550781,283.7171936035156,283.6972961425781,263.0,291.0
233.25,283.3271789550781,283.7171936035156,283.6972961425781,263.0,291.0
233.5,283.3271789550781,283.7171936035156,283.6972961425781,263.0,291.0
233.75,283.3271789550781,283.7171936035156,283.6972961425781,263.0,291.0
234.0,283.3271789550781,283.7171936035156,283.6972961425781,263.0,291.0
234.25,283.3271789550781,283.7171936035156,283.6972961425781,263.0,291.0
234.5,283.3740234375,283.80780029296875,283.6131896972656,263.0,291.0
234.75,283.3740234375,283.6545104980469,283.6131896972656,263.0,291.0
235.0,283.3740234375,283.6545104980469,283.6131896972656,263.0,291.0
235.25,283.3740234375,283.6545104980469,283.6131896972656,263.0,291.0
235.5,283.3740234375,283.6545104980469,283.6131896972656,263.0,291.0
235.75,283.3740234375,283.6545104980469,283.6131896972656,263.0,291.0
236.0,283.3740234375,283.6545104980469,283.6131896972656,263.0,291.0
236.25,283.3740234375,283.6545104980469,283.6131896972656,263.0,291.0
236.5,283.3092346191406,283.6759948730469,283.65625,263.0,291.0
236.75,283.3092346191406,283.6759948730469,283.65625,263.0,291.0
237.0,283.3092346191406,283.6759948730469,283.65625,263.0,291.0
237.25,283.3092346191406,283.6759948730469,283.65625,263.0,291.0
237.5,283.3092346191406,283.6759948730469,283.65625,263.0,291.0
237.75,283.3092346191406,283.6759948730469,283.65625,263.0,291.0
238.0,283.3092346191406,283.6759948730469,283.65625,263.0,291.0
238.25,283.3092346191406,283.6759948730469,283.65625,263.0,291.0
238.5,283.2878112792969,283.6976013183594,283.65631103515625,263.0,291.0
238.75,283.2878112792969,283.6976013183594,283.65631103515625,263.0,291.0
239.0,283.2878112792969,283.8509216308594,283.65631103515625,263.0,291.0
239.25,283.2878112792969,283.6976013183594,283.65631103515625,263.0,291.0
239.5,283.2878112792969,283.6976013183594,283.65631103515625,263.0,291.0
239.75,283.2878112792969,283.6976013183594,283.65631103515625,263.0,291.0
240.0,283.2878112792969,283.6976013183594,283.65631103515625,263.0,291.0
240.25,283.2878112792969,283.6976013183594,283.65631103515625,263.0,291.0
240.5,283.2657775878906,283.6544494628906,283.7210388183594,263.0,291.0
240.75,283.2657775878906,283.6544494628906,283.7210388183594,263.0,291.0
241.0,283.2657775878906,283.6544494628906,283.7210388183594,263.0,291.0
241.25,283.2657775878906,283.6544494628906,283.7210388183594,263.0,291.0
241.5,283.2657775878906,283.6544494628906,283.7210388183594,263.0,291.0
241.75,283.2657775878906,283.6544494628906,283.7210388183594,263.0,291.0
242.0,283.2657775878906,283.6544494628906,283.7210388183594,263.0,291.0
242.25,283.2657775878906,283.6544494628906,283.7210388183594,263.0,291.0
242.5,283.26605224609375,283.7195129394531,283.63519287109375,263.0,291.0
242.75,283.26605224609375,283.7195129394531,283.63519287109375,263.0,291.0
243.0,283.26605224609375,283.7195129394531,283.63519287109375,263.0,291.0
243.25,283.26605224609375,283.7195129394531,283.63519287109375,263.0,291.0
243.5,283.26605224609375,283.7195129394531,283.63519287109375,263.0,291.0
243.75,283.26605224609375,283.7195129394531,283.63519287109375,263.0,291.0
244.0,283.26605224609375,283.7195129394531,283.63519287109375,263.0,291.0
244.25,283.26605224609375,283.7195129394531,283.63519287109375,263.0,291.0
244.5,283.2255554199219,283.6577453613281,283.5731506347656,263.0,291.0
244.75,283.2255554199219,283.6577453613281,283.5731506347656,263.0,291.0
245.0,283.2255554199219,283.6577453613281,283.5731506347656,263.0,291.0
245.25,283.2255554199219,283.6577453613281,283.72637939453125,263.0,291.0
245.5,283.2255554199219,283.6577453613281,283.5731506347656,263.0,291.0
245.75,283.2255554199219,283.6577453613281,283.5731506347656,263.0,291.0
246.0,283.2255554199219,283.6577453613281,283.5731506347656,263.0,291.0
246.25,283.2255554199219,283.6577453613281,283.5731506347656,263.0,291.0
246.5,283.4204406738281,283.677734375,283.59326171875,263.0,291.0
246.75,283.2673645019531,283.677734375,283.5932312011719,263.0,291.0
247.0,283.2673645019531,283.677734375,283.59326171875,263.0,291.0
247.25,283.2673645019531,283.677734375,283.5932312011719,263.0,291.0
247.5,283.2673645019531,283.677734375,283.59326171875,263.0,291.0
247.75,283.2673645019531,283.677734375,283.5932312011719,263.0,291.0
248.0,283.2673645019531,283.677734375,283.59326171875,263.0,291.0
248.25,283.2673645019531,283.677734375,283.5932312011719,263.0,291.0
248.5,283.2880554199219,283.6767272949219,283.6355285644531,263.0,291.0
248.75,283.2880554199219,283.6767272949219,283.6355285644531,263.0,291.0
249.0,283.2880554199219,283.6767272949219,283.63555908203125,263.0,291.0
249.25,283.2880554199219,283.6767272949219,283.6355285644531,263.0,291.0
249.5,283.2880554199219,283.6767272949219,283.788818359375,263.0,291.0
249.75,283.2880554199219,283.83001708984375,283.6355285644531,263.0,291.0
250.0,283.2880554199219,283.83001708984375,283.6355285644531,263.0,291.0
250.25,283.2870788574219,283.6540832519531,283.72064208984375,263.0,291.0
250.5,283.2870788574219,283.6540832519531,283.7206726074219,263.0,291.0
250.75,283.2870788574219,283.6540832519531,283.72064208984375,263.0,291.0
251.0,283.28704833984375,283.6540832519531,283.72064208984375,263.0,291.0
251.25,283.2870788574219,283.6540832519531,283.72064208984375,263.0,291.0
251.5,283.28704833984375,283.6540832519531,283.72064208984375,263.0,291.0
251.75,283.28704833984375,283.6540832519531,283.87396240234375,263.0,291.0
252.0,283.28704833984375,283.6540832519531,283.72064208984375,263.0,291.0
252.25,283.32928466796875,283.82330322265625,283.70751953125,263.0,291.0
252.5,283.32928466796875,283.6961975097656,283.6981201171875,263.0,291.0
252.75,283.4823913574219,283.6961975097656,283.6981201171875,263.0,291.0
253.0,283.32928466796875,283.6961975097656,283.6981201171875,263.0,291.0
253.25,283.32928466796875,283.6961975097656,283.6981201171875,263.0,291.0
253.5,283.32928466796875,283.6961975097656,283.6981201171875,263.0,291.0
253.75,283.32928466796875,283.6961975097656,283.6981201171875,263.0,291.0
254.0,283.32928466796875,283.6961975097656,283.8514099121094,263.0,291.0
254.25,283.33074951171875,283.64923095703125,283.72381591796875,263.0,291.0
254.5,283.3307800292969,283.72137451171875,283.7425842285156,263.0,291.0
254.75,283.3307800292969,283.568115234375,283.7425842285156,263.0,291.0
255.0,283.48388671875,283.568115234375,283.7425842285156,263.0,291.0
255.25,283.3307800292969,283.568115234375,283.7425842285156,263.0,291.0
255.5,283.3307800292969,283.5681457519531,283.7425842285156,263.0,291.0
255.75,283.3307800292969,283.568115234375,283.7425842285156,263.0,291.0
256.0,283.3307800292969,283.568115234375,283.7425842285156,263.0,291.0
256.25,283.3736877441406,283.56768798828125,283.8835144042969,263.0,291.0
256.5,283.37371826171875,283.567626953125,283.720703125,263.0,291.0
256.75,283.37371826171875,283.567626953125,283.720703125,263.0,291.0
257.0,283.37371826171875,283.567626953125,283.720703125,263.0,291.0
257.25,283.5268249511719,283.567626953125,283.720703125,263.0,291.0
257.5,283.37371826171875,283.567626953125,283.720703125,263.0,291.0
257.75,283.3736877441406,283.567626953125,283.720703125,263.0,291.0
258.0,283.37371826171875,283.567626953125,283.720703125,263.0,291.0
258.25,283.395751953125,283.4815979003906,283.7641296386719,263.0,291.0
258.5,283.3957824707031,283.4815979003906,283.9174499511719,263.0,291.0
258.75,283.3957824707031,283.6347961425781,283.7641296386719,263.0,291.0
259.0,283.3957824707031,283.4815979003906,283.7641296386719,263.0,291.0
259.25,283.3957824707031,283.4815979003906,283.7641296386719,263.0,291.0
259.5,283.5489196777344,283.4815979003906,283.7641296386719,263.0,291.0
259.75,283.3957824707031,283.4815979003906,283.7641296386719,263.0,291.0
260.0,283.3957824707031,283.4815979003906,283.7641296386719,263.0,291.0
260.25,284.0636901855469,283.6101989746094,283.9814147949219,263.0,291.0
260.5,284.06402587890625,283.84649658203125,284.14971923828125,263.0,291.0
260.75,284.06402587890625,283.84649658203125,284.14971923828125,263.0,291.0
261.0,284.06402587890625,283.9998779296875,284.14971923828125,263.0,291.0
261.25,284.06402587890625,283.9999084472656,284.14971923828125,263.0,291.0
261.5,284.06402587890625,283.84649658203125,284.14971923828125,263.0,291.0
261.75,284.217529296875,283.84649658203125,284.14971923828125,263.0,291.0
262.0,284.217529296875,283.84649658203125,284.14971923828125,263.0,291.0
262.25,284.0421447753906,283.8543701171875,284.1494445800781,263.0,291.0
262.5,284.0421447753906,283.86822509765625,284.1494445800781,263.0,291.0
262.75,284.0421447753906,283.86822509765625,284.1494445800781,263.0,291.0
263.0,284.0421447753906,283.86822509765625,284.3030090332031,263.0,291.0
263.25,284.0421447753906,283.86822509765625,284.1494445800781,263.0,291.0
263.5,284.0421447753906,284.0216369628906,284.1494445800781,263.0,291.0
263.75,284.0421447753906,283.86822509765625,284.1494445800781,263.0,291.0
264.0,284.1956481933594,283.86822509765625,284.1494445800781,263.0,291.0
264.25,284.1465759277344,283.8863220214844,284.2320861816406,263.0,291.0
264.5,284.1465759277344,283.8863220214844,284.2320861816406,263.0,291.0
264.75,284.1466064453125,283.8863525390625,284.2320861816406,263.0,291.0
265.0,284.1465759277344,283.8863220214844,284.2320861816406,263.0,291.0
265.25,284.1465759277344,283.8863220214844,284.2320861816406,263.0,291.0
265.5,284.1465759277344,283.8863220214844,284.2320861816406,263.0,291.0
265.75,284.1466064453125,283.8863525390625,284.2320861816406,263.0,291.0
266.0,284.1465759277344,283.8863220214844,284.2320861816406,263.0,291.0
266.25,284.14788818359375,283.9093017578125,284.12567138671875,263.0,291.0
266.5,284.14788818359375,283.9093017578125,284.12567138671875,263.0,291.0
266.75,284.14788818359375,283.9093017578125,284.12567138671875,263.0,291.0
267.0,284.14788818359375,283.9093017578125,284.12567138671875,263.0,291.0
267.25,284.14788818359375,283.9093017578125,284.2792053222656,263.0,291.0
267.5,284.14788818359375,284.0627136230469,284.12567138671875,263.0,291.0
267.75,284.14788818359375,283.9093017578125,284.12567138671875,263.0,291.0
268.0,284.14788818359375,283.9093017578125,284.12567138671875,263.0,291.0
268.25,284.1959533691406,283.9764099121094,284.0206298828125,263.0,291.0
268.5,284.0424499511719,283.9764099121094,284.0206298828125,263.0,291.0
268.75,284.0424499511719,283.9764099121094,284.0206298828125,263.0,291.0
269.0,284.0424499511719,283.9764099121094,284.0206298828125,263.0,291.0
269.25,284.0424499511719,283.9764099121094,284.17413330078125,263.0,291.0
269.5,284.0424499511719,283.9764099121094,284.17413330078125,263.0,291.0
269.75,284.0424499511719,284.1298522949219,284.0206298828125,263.0,291.0
270.0,284.0424499511719,283.9764099121094,284.0206298828125,263.0,291.0
270.25,284.2586669921875,283.9958801269531,284.0616455078125,263.0,291.0
270.5,284.10516357421875,283.9958801269531,284.0616760253906,263.0,291.0
270.75,284.10516357421875,283.9958801269531,284.0616455078125,263.0,291.0
271.0,284.10516357421875,283.99591064453125,284.0616455078125,263.0,291.0
271.25,284.1051330566406,283.9958801269531,284.0616455078125,263.0,291.0
271.5,284.10516357421875,283.99591064453125,284.0616455078125,263.0,291.0
271.75,284.1051330566406,283.9958801269531,284.0616760253906,263.0,291.0
272.0,284.10516357421875,284.1493835449219,284.0616455078125,263.0,291.0
272.25,283.97979736328125,283.9568786621094,283.97967529296875,263.0,291.0
272.5,283.9798278808594,283.9569091796875,283.97967529296875,263.0,291.0
272.75,283.97979736328125,283.9568786621094,283.97967529296875,263.0,291.0
273.0,283.9798278808594,283.9569091796875,283.97967529296875,263.0,291.0
273.25,283.9798278808594,283.9568786621094,283.97967529296875,263.0,291.0
273.5,283.9798278808594,283.9569091796875,283.97967529296875,263.0,291.0
273.75,283.9798278808594,283.9568786621094,284.1331481933594,263.0,291.0
274.0,283.9798278808594,284.1103515625,283.97967529296875,263.0,291.0
274.25,283.9989929199219,284.15106201171875,284.0634460449219,263.0,291.0
274.5,283.9989929199219,283.9975891113281,284.0634460449219,263.0,291.0
274.75,284.1524658203125,283.9975891113281,284.0634460449219,263.0,291.0
275.0,284.1524658203125,283.9975891113281,284.0634460449219,263.0,291.0
275.25,283.9989929199219,283.9975891113281,284.0634460449219,263.0,291.0
275.5,283.9989929199219,283.9975891113281,284.0634460449219,263.0,291.0
275.75,283.9989929199219,283.9975891113281,284.0634460449219,263.0,291.0
276.0,283.9989929199219,283.9975891113281,284.2169494628906,263.0,291.0
276.25,283.95513916015625,283.9968566894531,284.1488952636719,263.0,291.0
276.5,283.95513916015625,284.15032958984375,284.1488952636719,263.0,291.0
276.75,283.95513916015625,283.9968566894531,284.1488952636719,263.0,291.0
277.0,283.95513916015625,283.9968566894531,284.1488952636719,263.0,291.0
277.25,283.95513916015625,283.9968566894531,284.1488952636719,263.0,291.0
277.5,283.95513916015625,283.9968566894531,284.1488952636719,263.0,291.0
277.75,283.95513916015625,283.9968566894531,284.1488952636719,263.0,291.0
278.0,283.95513916015625,283.9968566894531,284.1488952636719,263.0,291.0
278.25,283.9331970214844,284.0396423339844,284.30206298828125,263.0,291.0
278.5,283.9331970214844,284.03961181640625,284.14849853515625,263.0,291.0
278.75,283.9331970214844,284.193115234375,284.14849853515625,263.0,291.0
279.0,283.9331970214844,284.03961181640625,284.14849853515625,263.0,291.0
279.25,284.0866394042969,284.0396423339844,284.14849853515625,263.0,291.0
279.5,284.0866394042969,284.0396423339844,284.14849853515625,263.0,291.0
279.75,283.9331970214844,284.0396423339844,284.14849853515625,263.0,291.0
280.0,283.9331970214844,284.0396423339844,284.14849853515625,263.0,291.0
280.25,283.847900390625,284.0621032714844,284.1495666503906,263.0,291.0
280.5,283.847900390625,284.0621032714844,284.3031311035156,263.0,291.0
280.75,283.847900390625,284.0621032714844,284.1495666503906,263.0,291.0
281.0,283.847900390625,284.0621032714844,284.1495666503906,263.0,291.0
281.25,283.847900390625,284.0621032714844,284.1495666503906,263.0,291.0
281.5,284.00128173828125,284.0621032714844,284.1495666503906,263.0,291.0
281.75,283.847900390625,284.0621032714844,284.1495666503906,263.0,291.0
282.0,283.847900390625,284.0621032714844,284.1495666503906,263.0,291.0
282.25,283.95550537109375,284.06182861328125,284.06304931640625,263.0,291.0
282.5,283.9554748535156,284.06182861328125,284.06304931640625,263.0,291.0
282.75,283.95550537109375,284.06182861328125,284.06304931640625,263.0,291.0
283.0,283.95550537109375,284.21533203125,284.06304931640625,263.0,291.0
283.25,283.95550537109375,284.06182861328125,284.06304931640625,263.0,291.0
283.5,283.95550537109375,284.06182861328125,284.06304931640625,263.0,291.0
283.75,283.95550537109375,284.06182861328125,284.06304931640625,263.0,291.0
284.0,283.95550537109375,284.06182861328125,284.06304931640625,263.0,291.0
284.25,283.3951416015625,283.69622802734375,283.65509033203125,263.0,291.0
284.5,283.3951416015625,283.69622802734375,283.65509033203125,263.0,291.0
284.75,283.3951416015625,283.69622802734375,283.65509033203125,263.0,291.0
285.0,283.3951416015625,283.69622802734375,283.6551208496094,263.0,291.0
285.25,283.3951416015625,283.8495178222656,283.65509033203125,263.0,291.0
285.5,283.3951416015625,283.69622802734375,283.6551208496094,263.0,291.0
285.75,283.3951416015625,283.69622802734375,283.65509033203125,263.0,291.0
286.0,283.3951416015625,283.69622802734375,283.6551208496094,263.0,291.0
286.25,283.37347412109375,283.67535400390625,283.6340026855469,263.0,291.0
286.5,283.37347412109375,283.6753845214844,283.634033203125,263.0,291.0
286.75,283.37347412109375,283.6753845214844,283.6340026855469,263.0,291.0
287.0,283.37347412109375,283.6753845214844,283.634033203125,263.0,291.0
287.25,283.37347412109375,283.6753845214844,283.6340026855469,263.0,291.0
287.5,283.37347412109375,283.82867431640625,283.6340026855469,263.0,291.0
287.75,283.37347412109375,283.67535400390625,283.6340026855469,263.0,291.0
288.0,283.37347412109375,283.6753845214844,283.6340026855469,263.0,291.0
288.25,283.5049133300781,283.67535400390625,283.65557861328125,263.0,291.0
288.5,283.351806640625,283.67535400390625,283.65557861328125,263.0,291.0
288.75,283.351806640625,283.67535400390625,283.65557861328125,263.0,291.0
289.0,283.351806640625,283.67535400390625,283.65557861328125,263.0,291.0
289.25,283.351806640625,283.67535400390625,283.65557861328125,263.0,291.0
289.5,283.351806640625,283.67535400390625,283.65557861328125,263.0,291.0
289.75,283.351806640625,283.8286437988281,283.65557861328125,263.0,291.0
290.0,283.351806640625,283.67535400390625,283.65557861328125,263.0,291.0
290.25,283.4166564941406,283.6322021484375,283.6340026855469,263.0,291.0
290.5,283.56982421875,283.6322021484375,283.6340026855469,263.0,291.0
290.75,283.4166564941406,283.6322021484375,283.6340026855469,263.0,291.0
291.0,283.4166564941406,283.6322021484375,283.63397216796875,263.0,291.0
291.25,283.4166564941406,283.6322021484375,283.6340026855469,263.0,291.0
291.5,283.4166564941406,283.6322021484375,283.6340026855469,263.0,291.0
291.75,283.4166564941406,283.6322021484375,283.6340026855469,263.0,291.0
292.0,283.4166564941406,283.6322021484375,283.6340026855469,263.0,291.0
292.25,282.58221435546875,283.1658935546875,283.1253967285156,263.0,291.0
292.5,282.58221435546875,283.1658935546875,283.1253967285156,263.0,291.0
292.75,282.5821838378906,283.1658935546875,283.1253967285156,263.0,291.0
293.0,282.58221435546875,283.1658935546875,283.1253967285156,263.0,291.0
293.25,282.5821838378906,283.1658935546875,283.1253967285156,263.0,291.0
293.5,282.58221435546875,283.1658935546875,283.1253967285156,263.0,291.0
293.75,282.5821838378906,283.1658935546875,283.1253967285156,263.0,291.0
294.0,282.58221435546875,283.1658935546875,283.1253967285156,263.0,291.0
294.25,282.6215515136719,283.3177185058594,283.0807189941406,263.0,291.0
294.5,282.6215515136719,283.1646728515625,283.0807189941406,263.0,291.0
294.75,282.6215515136719,283.1646728515625,283.08074951171875,263.0,291.0
295.0,282.6215515136719,283.1646728515625,283.0807189941406,263.0,291.0
295.25,282.6215515136719,283.1646728515625,283.0807189941406,263.0,291.0
295.5,282.62152099609375,283.1646728515625,283.0807189941406,263.0,291.0
295.75,282.6215515136719,283.1646728515625,283.0807189941406,263.0,291.0
296.0,282.62152099609375,283.1646728515625,283.0807189941406,263.0,291.0
296.25,282.7294616699219,283.0775146484375,283.1014404296875,263.0,291.0
296.5,282.7294616699219,283.2304992675781,283.1014404296875,263.0,291.0
296.75,282.7294616699219,283.0775146484375,283.1014404296875,263.0,291.0
297.0,282.7294616699219,283.0775146484375,283.1014404296875,263.0,291.0
297.25,282.7294616699219,283.0775146484375,283.1014404296875,263.0,291.0
297.5,282.7294616699219,283.0775146484375,283.1014404296875,263.0,291.0
297.75,282.7294616699219,283.0775146484375,283.1014404296875,263.0,291.0
298.0,282.7294616699219,283.0775146484375,283.1014404296875,263.0,291.0
298.25,282.7306213378906,283.10003662109375,283.037353515625,263.0,291.0
298.5,282.7306213378906,283.10003662109375,283.037353515625,263.0,291.0
298.75,282.73065185546875,283.2530212402344,283.037353515625,263.0,291.0
299.0,282.7306213378906,283.10003662109375,283.037353515625,263.0,291.0
299.25,282.73065185546875,283.10003662109375,283.037353515625,263.0,291.0
299.5,282.7306213378906,283.10003662109375,283.037353515625,263.0,291.0
299.75,282.73065185546875,283.10003662109375,283.037353515625,263.0,291.0
300.0,282.7306213378906,283.10003662109375,283.037353515625,263.0,291.0
300.25,282.7894287109375,283.2880554199219,283.1606140136719,263.0,291.0
300.5,282.7894287109375,283.2880554199219,283.1606140136719,263.0,291.0
300.75,282.7894287109375,283.2880554199219,283.1606140136719,263.0,291.0
301.0,282.7894287109375,283.4411315917969,283.1606140136719,263.0,291.0
301.25,282.7894287109375,283.2880554199219,283.1606140136719,263.0,291.0
301.5,282.7894287109375,283.2880554199219,283.1606140136719,263.0,291.0
301.75,282.7894287109375,283.2880554199219,283.1606140136719,263.0,291.0
302.0,282.7894287109375,283.2880554199219,283.1606140136719,263.0,291.0
302.25,282.7249755859375,283.288818359375,283.2049560546875,263.0,291.0
302.5,282.7249755859375,283.288818359375,283.2049560546875,263.0,291.0
302.75,282.7249755859375,283.288818359375,283.3580017089844,263.0,291.0
303.0,282.7249755859375,283.288818359375,283.2049560546875,263.0,291.0
303.25,282.7249755859375,283.288818359375,283.2049560546875,263.0,291.0
303.5,282.7249755859375,283.288818359375,283.2049560546875,263.0,291.0
303.75,282.7249755859375,283.288818359375,283.2049560546875,263.0,291.0
304.0,282.7249755859375,283.288818359375,283.2049560546875,263.0,291.0
304.25,282.81072998046875,283.28814697265625,283.1607360839844,263.0,291.0
304.5,282.81072998046875,283.2881774902344,283.1607360839844,263.0,291.0
304.75,282.81072998046875,283.2881774902344,283.1607360839844,263.0,291.0
305.0,282.81072998046875,283.28814697265625,283.1607360839844,263.0,291.0
305.25,282.81072998046875,283.28814697265625,283.1607360839844,263.0,291.0
305.5,282.81072998046875,283.2881774902344,283.1607360839844,263.0,291.0
305.75,282.81072998046875,283.2881774902344,283.1607360839844,263.0,291.0
306.0,282.81072998046875,283.2881774902344,283.1607360839844,263.0,291.0
306.25,282.8110656738281,283.28814697265625,283.1606140136719,263.0,291.0
306.5,282.8110656738281,283.28814697265625,283.16058349609375,263.0,291.0
306.75,282.8110656738281,283.28814697265625,283.1606140136719,263.0,291.0
307.0,282.8110656738281,283.28814697265625,283.1606140136719,263.0,291.0
307.25,282.8110656738281,283.28814697265625,283.3136291503906,263.0,291.0
307.5,282.81109619140625,283.2881774902344,283.1606140136719,263.0,291.0
307.75,282.8110656738281,283.28814697265625,283.1606140136719,263.0,291.0
308.0,282.9638977050781,283.2881774902344,283.1606140136719,263.0,291.0
308.25,282.85443115234375,283.2881774902344,283.11737060546875,263.0,291.0
308.5,283.0072937011719,283.2881774902344,283.11737060546875,263.0,291.0
308.75,282.85443115234375,283.2881774902344,283.11737060546875,263.0,291.0
309.0,282.85443115234375,283.2881774902344,283.11737060546875,263.0,291.0
309.25,282.85443115234375,283.2881774902344,283.11737060546875,263.0,291.0
309.5,282.85443115234375,283.2881774902344,283.11737060546875,263.0,291.0
309.75,282.85443115234375,283.4412536621094,283.11737060546875,263.0,291.0
310.0,282.85443115234375,283.2881774902344,283.11737060546875,263.0,291.0
310.25,282.8322448730469,283.3523254394531,283.1165771484375,263.0,291.0
310.5,282.9850769042969,283.3523254394531,283.1165771484375,263.0,291.0
310.75,282.9850769042969,283.3523254394531,283.1165771484375,263.0,291.0
311.0,282.8322448730469,283.3523254394531,283.1165771484375,263.0,291.0
311.25,282.8322448730469,283.3523254394531,283.1165771484375,263.0,291.0
311.5,282.8322448730469,283.3523254394531,283.1165771484375,263.0,291.0
311.75,282.8322448730469,283.3523254394531,283.2695617675781,263.0,291.0
312.0,282.8322448730469,283.3523254394531,283.1165771484375,263.0,291.0
312.25,282.8751525878906,283.33050537109375,283.1162109375,263.0,291.0
312.5,282.8751525878906,283.33050537109375,283.1162109375,263.0,291.0
312.75,283.0279846191406,283.33050537109375,283.1162109375,263.0,291.0
313.0,283.0279846191406,283.33050537109375,283.1162109375,263.0,291.0
313.25,282.8751220703125,283.33050537109375,283.1162109375,263.0,291.0
313.5,282.8751220703125,283.33050537109375,283.1162109375,263.0,291.0
313.75,282.8751220703125,283.33050537109375,283.1162109375,263.0,291.0
314.0,282.8751220703125,283.33050537109375,283.2691955566406,263.0,291.0
314.25,282.85467529296875,283.3099060058594,283.0956115722656,263.0,291.0
314.5,282.85467529296875,283.3099060058594,283.09564208984375,263.0,291.0
314.75,282.85467529296875,283.3099060058594,283.09564208984375,263.0,291.0
315.0,282.85467529296875,283.3099060058594,283.09564208984375,263.0,291.0
315.25,282.85467529296875,283.3099060058594,283.09564208984375,263.0,291.0
315.5,282.85467529296875,283.3099060058594,283.09564208984375,263.0,291.0
315.75,282.85467529296875,283.3099060058594,283.0956115722656,263.0,291.0
316.0,282.85467529296875,283.3099060058594,283.09564208984375,263.0,291.0
316.25,282.8543395996094,283.3095397949219,283.26983642578125,263.0,291.0
316.5,282.8543395996094,283.3095397949219,283.1168212890625,263.0,291.0
316.75,282.8543395996094,283.462646484375,283.1168212890625,263.0,291.0
317.0,282.8543395996094,283.3095397949219,283.1168212890625,263.0,291.0
317.25,283.0072021484375,283.3095397949219,283.1168212890625,263.0,291.0
317.5,283.0071716308594,283.3095397949219,283.1168518066406,263.0,291.0
317.75,282.8543395996094,283.3095397949219,283.1168212890625,263.0,291.0
318.0,282.8543395996094,283.3095397949219,283.1168518066406,263.0,291.0
318.25,282.8539123535156,283.28753662109375,283.1597595214844,263.0,291.0
318.5,282.8539123535156,283.28753662109375,283.31280517578125,263.0,291.0
318.75,282.8539123535156,283.44061279296875,283.1597595214844,263.0,291.0
319.0,282.8539123535156,283.28753662109375,283.1597900390625,263.0,291.0
319.25,282.8539123535156,283.28753662109375,283.1597595214844,263.0,291.0
319.5,283.0067443847656,283.28753662109375,283.1597595214844,263.0,291.0
319.75,282.8539123535156,283.28753662109375,283.1597595214844,263.0,291.0
320.0,282.8539123535156,283.28753662109375,283.1597595214844,263.0,291.0
320.25,282.7899169921875,283.2668762207031,283.1829833984375,263.0,291.0
320.5,282.7899169921875,283.2668762207031,283.1829833984375,263.0,291.0
320.75,282.7899169921875,283.2668762207031,283.1829833984375,263.0,291.0
321.0,282.7899169921875,283.2668762207031,283.1829833984375,263.0,291.0
321.25,282.7899169921875,283.2668762207031,283.1829833984375,263.0,291.0
321.5,282.7899169921875,283.2668762207031,283.1829833984375,263.0,291.0
321.75,282.7899169921875,283.2668762207031,283.1829833984375,263.0,291.0
322.0,282.7899169921875,283.2668762207031,283.1829833984375,263.0,291.0
322.25,282.76971435546875,283.2469482421875,283.1195373535156,263.0,291.0
322.5,282.76971435546875,283.2469482421875,283.1195373535156,263.0,291.0
322.75,282.76971435546875,283.2469482421875,283.2725524902344,263.0,291.0
323.0,282.76971435546875,283.2469482421875,283.2725524902344,263.0,291.0
323.25,282.76971435546875,283.4000244140625,283.1195373535156,263.0,291.0
323.5,282.76971435546875,283.2469482421875,283.1195373535156,263.0,291.0
323.75,282.9225158691406,283.2469482421875,283.1195373535156,263.0,291.0
324.0,282.76971435546875,283.2469482421875,283.1195373535156,263.0,291.0
324.25,282.83258056640625,283.2664489746094,283.1604919433594,263.0,291.0
324.5,282.83258056640625,283.2664489746094,283.1604919433594,263.0,291.0
324.75,282.83258056640625,283.2664489746094,283.1604919433594,263.0,291.0
325.0,282.8326110839844,283.2664489746094,283.1604919433594,263.0,291.0
325.25,282.83258056640625,283.2664489746094,283.1604919433594,263.0,291.0
325.5,282.8326110839844,283.4195251464844,283.1604919433594,263.0,291.0
325.75,282.83258056640625,283.2664489746094,283.1604919433594,263.0,291.0
326.0,282.8326110839844,283.2664489746094,283.1604919433594,263.0,291.0
326.25,282.7901916503906,283.24554443359375,283.18292236328125,263.0,291.0
326.5,282.7901916503906,283.24554443359375,283.1828918457031,263.0,291.0
326.75,282.7901916503906,283.24554443359375,283.1828918457031,263.0,291.0
327.0,282.7901916503906,283.24554443359375,283.1828918457031,263.0,291.0
327.25,282.7901916503906,283.24554443359375,283.3359375,263.0,291.0
327.5,282.7901916503906,283.24554443359375,283.1828918457031,263.0,291.0
327.75,282.7901916503906,283.39862060546875,283.18292236328125,263.0,291.0
328.0,282.7901916503906,283.24554443359375,283.1828918457031,263.0,291.0
328.25,283.5422058105469,283.6715393066406,283.6731872558594,263.0,291.0
328.5,283.5422058105469,283.6715393066406,283.6731872558594,263.0,291.0
328.75,283.5422058105469,283.6715393066406,283.6731872558594,263.0,291.0
329.0,283.54217529296875,283.6715393066406,283.6731872558594,263.0,291.0
329.25,283.5422058105469,283.6715393066406,283.6731872558594,263.0,291.0
329.5,283.5422058105469,283.6715393066406,283.82647705078125,263.0,291.0
329.75,283.5422058105469,283.6715393066406,283.6731872558594,263.0,291.0
330.0,283.54217529296875,283.8248291015625,283.6731872558594,263.0,291.0
330.25,283.5000305175781,283.6935119628906,283.6952209472656,263.0,291.0
330.5,283.5,283.6935119628906,283.6952209472656,263.0,291.0
330.75,283.6532287597656,283.6935119628906,283.6952209472656,263.0,291.0
331.0,283.5,283.6935119628906,283.6952209472656,263.0,291.0
331.25,283.5000305175781,283.6935119628906,283.6952209472656,263.0,291.0
331.5,283.5000305175781,283.6935119628906,283.6952209472656,263.0,291.0
331.75,283.5000305175781,283.6935119628906,283.8485412597656,263.0,291.0
332.0,283.5000305175781,283.6935119628906,283.6952209472656,263.0,291.0
332.25,283.521240234375,283.69317626953125,283.69488525390625,263.0,291.0
332.5,283.5212097167969,283.69317626953125,283.69488525390625,263.0,291.0
332.75,283.521240234375,283.69317626953125,283.69488525390625,263.0,291.0
333.0,283.6744384765625,283.69317626953125,283.69488525390625,263.0,291.0
333.25,283.521240234375,283.6932067871094,283.69488525390625,263.0,291.0
333.5,283.5212097167969,283.69317626953125,283.69488525390625,263.0,291.0
333.75,283.521240234375,283.69317626953125,283.69488525390625,263.0,291.0
334.0,283.5212097167969,283.69317626953125,283.69488525390625,263.0,291.0
334.25,283.50103759765625,283.6731262207031,283.65313720703125,263.0,291.0
334.5,283.5010070800781,283.6731262207031,283.65313720703125,263.0,291.0
334.75,283.50103759765625,283.6731262207031,283.65313720703125,263.0,291.0
335.0,283.5010070800781,283.6731262207031,283.6531677246094,263.0,291.0
335.25,283.50103759765625,283.6731262207031,283.65313720703125,263.0,291.0
335.5,283.5010070800781,283.6731262207031,283.6531677246094,263.0,291.0
335.75,283.50103759765625,283.6731262207031,283.65313720703125,263.0,291.0
336.0,283.5010070800781,283.6731262207031,283.65313720703125,263.0,291.0
336.25,283.39288330078125,283.67291259765625,283.760986328125,263.0,291.0
336.5,283.39288330078125,283.67291259765625,283.760986328125,263.0,291.0
336.75,283.39288330078125,283.67291259765625,283.760986328125,263.0,291.0
337.0,283.39288330078125,283.67291259765625,283.760986328125,263.0,291.0
337.25,283.39288330078125,283.67291259765625,283.760986328125,263.0,291.0
337.5,283.39288330078125,283.67291259765625,283.760986328125,263.0,291.0
337.75,283.39288330078125,283.67291259765625,283.760986328125,263.0,291.0
338.0,283.39288330078125,283.67291259765625,283.760986328125,263.0,291.0
338.25,283.34906005859375,283.7373046875,283.7608642578125,263.0,291.0
338.5,283.34906005859375,283.7373046875,283.9141845703125,263.0,291.0
338.75,283.34906005859375,283.7373046875,283.7608642578125,263.0,291.0
339.0,283.34906005859375,283.7373046875,283.7608337402344,263.0,291.0
339.25,283.34906005859375,283.7373046875,283.7608642578125,263.0,291.0
339.5,283.502197265625,283.7373046875,283.7608642578125,263.0,291.0
339.75,283.34906005859375,283.7373046875,283.7608642578125,263.0,291.0
340.0,283.34906005859375,283.7373046875,283.7608337402344,263.0,291.0
340.25,283.34967041015625,283.7380676269531,283.71832275390625,263.0,291.0
340.5,283.34967041015625,283.7380676269531,283.71832275390625,263.0,291.0
340.75,283.34967041015625,283.7380676269531,283.71832275390625,263.0,291.0
341.0,283.34967041015625,283.7380676269531,283.71832275390625,263.0,291.0
341.25,283.34967041015625,283.7380676269531,283.71832275390625,263.0,291.0
341.5,283.34967041015625,283.7380676269531,283.71832275390625,263.0,291.0
341.75,283.34967041015625,283.7380676269531,283.71832275390625,263.0,291.0
342.0,283.34967041015625,283.7380676269531,283.71832275390625,263.0,291.0
342.25,283.5865783691406,283.6507873535156,283.6308898925781,263.0,291.0
342.5,283.5865783691406,283.6507873535156,283.6308898925781,263.0,291.0
342.75,283.5865783691406,283.6507873535156,283.6308898925781,263.0,291.0
343.0,283.5865783691406,283.6507873535156,283.6308898925781,263.0,291.0
343.25,283.5865783691406,283.6507873535156,283.6308898925781,263.0,291.0
343.5,283.5865783691406,283.6507873535156,283.6308898925781,263.0,291.0
343.75,283.5865783691406,283.6507873535156,283.7841491699219,263.0,291.0
344.0,283.6277160644531,283.6914367675781,283.69305419921875,263.0,291.0
344.25,283.627685546875,283.6914367675781,283.69305419921875,263.0,291.0
344.5,283.7809753417969,283.6914367675781,283.69305419921875,263.0,291.0
344.75,283.7809753417969,283.6914367675781,283.69305419921875,263.0,291.0
345.0,283.5872802734375,283.5863342285156,283.67431640625,263.0,291.0
345.25,283.5872802734375,283.5863342285156,283.67431640625,263.0,291.0
345.5,283.5872802734375,283.5863342285156,283.67431640625,263.0,291.0
345.75,283.5873107910156,283.5863342285156,283.67431640625,263.0,291.0
346.0,283.5873107910156,283.5863342285156,283.67431640625,263.0,291.0
346.25,283.5872802734375,283.5863342285156,283.67431640625,263.0,291.0
346.5,283.64752197265625,283.5869140625,283.567138671875,263.0,291.0
346.75,283.65277099609375,283.5869140625,283.567138671875,263.0,291.0
347.0,283.65277099609375,283.5869140625,283.567138671875,263.0,291.0
347.25,283.65277099609375,283.5869140625,283.567138671875,263.0,291.0
347.5,283.65277099609375,283.5869140625,283.567138671875,263.0,291.0
347.75,283.65277099609375,283.5869140625,283.567138671875,263.0,291.0
348.0,283.6295166015625,283.5851745605469,283.6947021484375,263.0,291.0
348.25,283.6295166015625,283.5851745605469,283.6947326660156,263.0,291.0
348.5,283.6295166015625,283.5851745605469,283.6947021484375,263.0,291.0
348.75,283.6295166015625,283.5851745605469,283.6947021484375,263.0,291.0
349.0,283.6295166015625,283.5851745605469,283.6947021484375,263.0,291.0
349.25,283.6295166015625,283.7384033203125,283.6947021484375,263.0,291.0
349.5,283.62982177734375,283.5641174316406,283.6951599121094,263.0,291.0
349.75,283.62982177734375,283.5641174316406,283.6951599121094,263.0,291.0
350.0,283.62982177734375,283.5641174316406,283.8484802246094,263.0,291.0
350.25,283.62982177734375,283.5641174316406,283.6951599121094,263.0,291.0
350.5,283.62982177734375,283.5641174316406,283.6951599121094,263.0,291.0
350.75,283.62982177734375,283.5641174316406,283.6951599121094,263.0,291.0
351.0,283.5440673828125,283.6077575683594,283.6958923339844,263.0,291.0
351.25,283.5440673828125,283.60772705078125,283.6958923339844,263.0,291.0
351.5,283.5440673828125,283.6077575683594,283.6958923339844,263.0,291.0
351.75,283.5440673828125,283.60772705078125,283.8492126464844,263.0,291.0
352.0,283.5440673828125,283.60772705078125,283.6959228515625,263.0,291.0
352.25,283.5440673828125,283.60772705078125,283.8492126464844,263.0,291.0
352.5,284.0653381347656,283.934326171875,283.9786376953125,263.0,291.0
352.75,284.2188415527344,283.934326171875,283.9786376953125,263.0,291.0
353.0,284.0653381347656,283.934326171875,283.9786376953125,263.0,291.0
353.25,284.2188415527344,283.934326171875,283.9786376953125,263.0,291.0
353.5,284.0653381347656,283.934326171875,284.132080078125,263.0,291.0
353.75,284.10791015625,283.9339904785156,283.95672607421875,263.0,291.0
354.0,284.10791015625,283.9339904785156,283.9566955566406,263.0,291.0
354.25,284.10791015625,284.0874328613281,283.9566955566406,263.0,291.0
354.5,284.10791015625,283.9339904785156,283.9566955566406,263.0,291.0
354.75,284.10791015625,283.9339904785156,283.9566955566406,263.0,291.0
355.0,284.1489562988281,283.9750671386719,283.9977111816406,263.0,291.0
355.25,284.1489562988281,283.9750671386719,283.9977111816406,263.0,291.0
355.5,284.1489562988281,283.9750671386719,283.9977111816406,263.0,291.0
355.75,284.1489562988281,283.9750671386719,283.9977111816406,263.0,291.0
356.0,284.1489562988281,283.9750671386719,283.9977111816406,263.0,291.0
356.25,284.1489562988281,283.9750671386719,283.9977111816406,263.0,291.0
356.5,284.1489562988281,283.9750671386719,283.9977111816406,263.0,291.0
356.75,284.1283874511719,283.9114074707031,284.0202941894531,263.0,291.0
357.0,284.1283874511719,283.9114074707031,284.0202941894531,263.0,291.0
357.25,284.1283874511719,283.9114074707031,284.0202941894531,263.0,291.0
357.5,284.1283874511719,283.9114074707031,284.0202941894531,263.0,291.0
357.75,284.1283874511719,283.9114074707031,284.0202941894531,263.0,291.0
358.0,284.08489990234375,283.9972839355469,283.9984436035156,263.0,291.0
358.25,284.08489990234375,283.9972839355469,283.9984130859375,263.0,291.0
358.5,284.08489990234375,283.9972839355469,284.15191650390625,263.0,291.0
358.75,284.2384338378906,283.9972839355469,283.9984436035156,263.0,291.0
359.0,284.19244384765625,283.9107360839844,283.9980163574219,263.0,291.0
359.25,284.19244384765625,284.06414794921875,283.9980163574219,263.0,291.0
359.5,284.19244384765625,283.9107360839844,283.9980163574219,263.0,291.0
359.75,284.19244384765625,283.9107360839844,283.9980163574219,263.0,291.0
360.0,284.19244384765625,283.9107360839844,283.9980163574219,263.0,291.0
360.25,284.19244384765625,283.9107360839844,283.9980163574219,263.0,291.0
360.5,284.0633239746094,284.0403747558594,283.9768981933594,263.0,291.0
360.75,284.06329345703125,284.0403747558594,283.9769287109375,263.0,291.0
361.0,284.06329345703125,284.0403747558594,283.9768981933594,263.0,291.0
361.25,284.06329345703125,284.0403747558594,283.9768981933594,263.0,291.0
361.5,284.06329345703125,284.0403747558594,283.9768981933594,263.0,291.0
361.75,284.06329345703125,284.0403747558594,283.9768981933594,263.0,291.0
362.0,284.06329345703125,284.0403747558594,284.13037109375,263.0,291.0
362.25,284.06329345703125,284.0403747558594,283.9768981933594,263.0,291.0
362.5,284.0845947265625,284.1935119628906,283.9765625,263.0,291.0
362.75,284.0845947265625,284.0400390625,283.9765625,263.0,291.0
363.0,284.0845947265625,284.0400390625,283.9765625,263.0,291.0
363.25,284.0845947265625,284.0400390625,283.9765625,263.0,291.0
363.5,284.0845947265625,284.0400390625,283.9765625,263.0,291.0
363.75,284.0845947265625,284.0400390625,283.9765625,263.0,291.0
364.0,284.0845947265625,284.0400390625,283.9765625,263.0,291.0
364.25,284.0845947265625,284.0400390625,283.9765625,263.0,291.0
364.5,284.1061706542969,284.0616149902344,283.9334716796875,263.0,291.0
364.75,284.10614013671875,284.0616149902344,283.9334716796875,263.0,291.0
365.0,284.1061706542969,284.0616149902344,283.9334716796875,263.0,291.0
365.25,284.2596740722656,284.0616149902344,283.9334716796875,263.0,291.0
365.5,284.1061706542969,284.0616149902344,283.9334716796875,263.0,291.0
365.75,284.1061706542969,284.0616149902344,283.9334716796875,263.0,291.0
366.0,284.1061706542969,284.0616149902344,283.9334716796875,263.0,291.0
366.25,284.10614013671875,284.0616149902344,283.9334716796875,263.0,291.0
366.5,283.9773864746094,284.0406799316406,284.1954345703125,263.0,291.0
366.75,283.9773864746094,284.0406799316406,284.04193115234375,263.0,291.0
367.0,283.9773864746094,284.0406799316406,284.04193115234375,263.0,291.0
367.25,283.9773864746094,284.0406799316406,284.04193115234375,263.0,291.0
367.5,283.9773864746094,284.0406799316406,284.04193115234375,263.0,291.0
367.75,283.9773864746094,284.0406799316406,284.04193115234375,263.0,291.0
368.0,283.9773864746094,284.0406799316406,284.0419616699219,263.0,291.0
368.25,283.9773864746094,284.0406799316406,284.04193115234375,263.0,291.0
368.5,283.8910827636719,284.06219482421875,284.1065673828125,263.0,291.0
368.75,283.8910827636719,284.06219482421875,284.26007080078125,263.0,291.0
369.0,283.8910827636719,284.06219482421875,284.1065673828125,263.0,291.0
369.25,283.8910827636719,284.2156982421875,284.1065368652344,263.0,291.0
369.5,283.8910827636719,284.06219482421875,284.1065673828125,263.0,291.0
369.75,283.8910827636719,284.06219482421875,284.1065368652344,263.0,291.0
370.0,283.8910827636719,284.06219482421875,284.1065673828125,263.0,291.0
370.25,283.8910827636719,284.06219482421875,284.1065368652344,263.0,291.0
370.5,283.3717041015625,283.7160339355469,283.7609558105469,263.0,291.0
370.75,283.3717041015625,283.7160339355469,283.7609558105469,263.0,291.0
371.0,283.3717041015625,283.7160339355469,283.9142761230469,263.0,291.0
371.25,283.3717041015625,283.7160339355469,283.7609558105469,263.0,291.0
371.5,283.3717041015625,283.7160339355469,283.7609558105469,263.0,291.0
371.75,283.3717041015625,283.7160339355469,283.7609558105469,263.0,291.0
372.0,283.52484130859375,283.7160339355469,283.7609558105469,263.0,291.0
372.25,283.3717041015625,283.7160339355469,283.7609558105469,263.0,291.0
372.5,283.4139099121094,283.73736572265625,283.696044921875,263.0,291.0
372.75,283.4139099121094,283.73736572265625,283.696044921875,263.0,291.0
373.0,283.4139099121094,283.73736572265625,283.696044921875,263.0,291.0
373.25,283.4139099121094,283.73736572265625,283.696044921875,263.0,291.0
373.5,283.4139099121094,283.73736572265625,283.696044921875,263.0,291.0
373.75,283.4139099121094,283.73736572265625,283.696044921875,263.0,291.0
374.0,283.4139099121094,283.73736572265625,283.696044921875,263.0,291.0
374.25,283.56707763671875,283.73736572265625,283.696044921875,263.0,291.0
374.5,283.45794677734375,283.6949462890625,283.65350341796875,263.0,291.0
374.75,283.45794677734375,283.6949462890625,283.6535339355469,263.0,291.0
375.0,283.45794677734375,283.6949462890625,283.6535339355469,263.0,291.0
375.25,283.45794677734375,283.6949462890625,283.8067932128906,263.0,291.0
375.5,283.45794677734375,283.6949462890625,283.6535339355469,263.0,291.0
375.75,283.45794677734375,283.6949462890625,283.6535339355469,263.0,291.0
376.0,283.45794677734375,283.6949462890625,283.6535339355469,263.0,291.0
376.25,283.6111145019531,283.6949462890625,283.6535339355469,263.0,291.0
376.5,283.6094665527344,283.7147521972656,283.738037109375,263.0,291.0
376.75,283.456298828125,283.7147521972656,283.738037109375,263.0,291.0
377.0,283.456298828125,283.7147216796875,283.738037109375,263.0,291.0
377.25,283.456298828125,283.7147521972656,283.738037109375,263.0,291.0
377.5,283.456298828125,283.7147521972656,283.738037109375,263.0,291.0
377.75,283.456298828125,283.7147521972656,283.738037109375,263.0,291.0
378.0,283.456298828125,283.8680419921875,283.738037109375,263.0,291.0
378.25,283.456298828125,283.7147521972656,283.738037109375,263.0,291.0
378.5,282.7923583984375,283.2682189941406,283.1841125488281,263.0,291.0
378.75,282.7923889160156,283.2682189941406,283.1841125488281,263.0,291.0
379.0,282.7923889160156,283.2682189941406,283.1841125488281,263.0,291.0
379.25,282.7923889160156,283.2682189941406,283.1841125488281,263.0,291.0
379.5,282.7923583984375,283.2682189941406,283.1841125488281,263.0,291.0
379.75,282.7923889160156,283.2682189941406,283.3371276855469,263.0,291.0
380.0,282.7923583984375,283.2682189941406,283.1841125488281,263.0,291.0
380.25,282.7923889160156,283.4212951660156,283.18408203125,263.0,291.0
380.5,282.80926513671875,283.3079833984375,283.245361328125,263.0,291.0
380.75,282.80926513671875,283.3079833984375,283.245361328125,263.0,291.0
381.0,282.96209716796875,283.3079833984375,283.245361328125,263.0,291.0
381.25,282.80926513671875,283.3079833984375,283.245361328125,263.0,291.0
381.5,282.80926513671875,283.3079833984375,283.245361328125,263.0,291.0
381.75,282.80926513671875,283.3079833984375,283.245361328125,263.0,291.0
382.0,282.80926513671875,283.3079833984375,283.3984375,263.0,291.0
382.25,282.80926513671875,283.3079833984375,283.245361328125,263.0,291.0
382.5,282.85406494140625,283.1797790527344,283.24725341796875,263.0,291.0
382.75,282.85406494140625,283.1797790527344,283.24725341796875,263.0,291.0
383.0,282.85406494140625,283.1797790527344,283.24725341796875,263.0,291.0
383.25,283.0069274902344,283.1797790527344,283.24725341796875,263.0,291.0
383.5,282.85406494140625,283.1797790527344,283.24725341796875,263.0,291.0
383.75,282.85406494140625,283.1797790527344,283.24725341796875,263.0,291.0
384.0,282.85406494140625,283.1797790527344,283.24725341796875,263.0,291.0
384.25,282.85406494140625,283.1797790527344,283.24725341796875,263.0,291.0
384.5,282.854248046875,283.2010498046875,283.22528076171875,263.0,291.0
384.75,282.854248046875,283.3540954589844,283.22528076171875,263.0,291.0
385.0,282.854248046875,283.2010498046875,283.22528076171875,263.0,291.0
385.25,282.854248046875,283.2010498046875,283.22528076171875,263.0,291.0
385.5,283.0071105957031,283.2010498046875,283.22528076171875,263.0,291.0
385.75,282.854248046875,283.2010498046875,283.22528076171875,263.0,291.0
386.0,282.854248046875,283.2010498046875,283.22528076171875,263.0,291.0
386.25,282.854248046875,283.2010498046875,283.22528076171875,263.0,291.0
386.5,282.5585021972656,283.20867919921875,283.0601501464844,263.0,291.0
386.75,282.5585021972656,283.20867919921875,283.0601501464844,263.0,291.0
387.0,282.5585021972656,283.3617248535156,283.0601501464844,263.0,291.0
387.25,282.5585021972656,283.20867919921875,283.0601501464844,263.0,291.0
387.5,282.5585021972656,283.20867919921875,283.0601501464844,263.0,291.0
387.75,282.711181640625,283.20867919921875,283.0601501464844,263.0,291.0
388.0,282.5585021972656,283.20867919921875,283.0601501464844,263.0,291.0
388.25,282.5585021972656,283.20867919921875,283.0601501464844,263.0,291.0
388.5,282.5150451660156,283.2101135253906,283.017822265625,263.0,291.0
388.75,282.5150451660156,283.2101135253906,283.017822265625,263.0,291.0
389.0,282.5150451660156,283.2101135253906,283.017822265625,263.0,291.0
389.25,282.5150451660156,283.3631591796875,283.017822265625,263.0,291.0
389.5,282.5150451660156,283.2101135253906,283.017822265625,263.0,291.0
389.75,282.6676940917969,283.2101135253906,283.017822265625,263.0,291.0
390.0,282.5150451660156,283.2101135253906,283.017822265625,263.0,291.0
390.25,282.5150451660156,283.2101135253906,283.017822265625,263.0,291.0
390.5,282.53582763671875,283.2094421386719,283.0386047363281,263.0,291.0
390.75,282.53582763671875,283.2094421386719,283.1915588378906,263.0,291.0
391.0,282.53582763671875,283.2094421386719,283.03857421875,263.0,291.0
391.25,282.53582763671875,283.20941162109375,283.0386047363281,263.0,291.0
391.5,282.53582763671875,283.36248779296875,283.0386047363281,263.0,291.0
391.75,282.53582763671875,283.20941162109375,283.0386047363281,263.0,291.0
392.0,282.53582763671875,283.2094421386719,283.0386047363281,263.0,291.0
392.25,282.57965087890625,283.18817138671875,282.9957580566406,263.0,291.0
392.5,282.5796813964844,283.18817138671875,282.9957580566406,263.0,291.0
392.75,282.73236083984375,283.18817138671875,282.9957580566406,263.0,291.0
393.0,282.57965087890625,283.18817138671875,282.9957580566406,263.0,291.0
393.25,282.57965087890625,283.18817138671875,282.9957580566406,263.0,291.0
393.5,282.6442565917969,283.18743896484375,282.9732666015625,263.0,291.0
393.75,282.6442565917969,283.18743896484375,282.9732666015625,263.0,291.0
394.0,282.6442565917969,283.18743896484375,282.9732666015625,263.0,291.0
394.25,282.6442565917969,283.18743896484375,282.9732666015625,263.0,291.0
394.5,282.6442565917969,283.18743896484375,282.9732666015625,263.0,291.0
394.75,282.6651916503906,283.20843505859375,282.9937438964844,263.0,291.0
395.0,282.6651916503906,283.3614807128906,282.9937438964844,263.0,291.0
395.25,282.6651916503906,283.20843505859375,282.9937438964844,263.0,291.0
395.5,282.6651916503906,283.20843505859375,282.9937438964844,263.0,291.0
395.75,282.6651916503906,283.20843505859375,282.9937438964844,263.0,291.0
396.0,282.6659851074219,283.2087707519531,282.9512939453125,263.0,291.0
396.25,282.8187255859375,283.2087707519531,282.9512939453125,263.0,291.0
396.5,282.6659851074219,283.2087707519531,282.9512939453125,263.0,291.0
396.75,282.6659851074219,283.2087707519531,283.10418701171875,263.0,291.0
397.0,282.6659851074219,283.36181640625,282.9512634277344,263.0,291.0
397.25,282.6659851074219,283.36181640625,282.9512939453125,263.0,291.0
397.5,282.68731689453125,283.20843505859375,282.9512939453125,263.0,291.0
397.75,282.6873474121094,283.20843505859375,282.9512939453125,263.0,291.0
398.0,282.840087890625,283.20843505859375,282.9513244628906,263.0,291.0
398.25,282.6873474121094,283.20843505859375,282.9513244628906,263.0,291.0
398.5,282.68731689453125,283.20843505859375,282.9512939453125,263.0,291.0
398.75,282.68731689453125,283.20843505859375,282.9513244628906,263.0,291.0
399.0,282.6657409667969,283.1867980957031,282.9940185546875,263.0,291.0
399.25,282.665771484375,283.1867980957031,282.9940185546875,263.0,291.0
399.5,282.6657409667969,283.1867980957031,282.9940185546875,263.0,291.0
399.75,282.6657409667969,283.1867980957031,282.9940185546875,263.0,291.0
400.0,282.6657409667969,283.33984375,282.9940185546875,263.0,291.0
400.25,282.66552734375,283.3392333984375,283.01513671875,263.0,291.0
400.5,282.6661071777344,283.27520751953125,283.0377502441406,263.0,291.0
400.75,282.6661071777344,283.1221923828125,283.0377502441406,263.0,291.0
401.0,282.6661071777344,283.1222229003906,283.0377502441406,263.0,291.0
401.25,282.6661071777344,283.1222229003906,283.0377502441406,263.0,291.0
401.5,282.6661071777344,283.1221923828125,283.1907043457031,263.0,291.0
401.75,282.6661071777344,283.1222229003906,283.1907043457031,263.0,291.0
402.0,282.7540283203125,283.16558837890625,283.03826904296875,263.0,291.0
402.25,282.6012878417969,283.16558837890625,283.03826904296875,263.0,291.0
402.5,282.6012878417969,283.16558837890625,283.03826904296875,263.0,291.0
402.75,282.7540283203125,283.16558837890625,283.03826904296875,263.0,291.0
403.0,282.6012878417969,283.16558837890625,283.03826904296875,263.0,291.0
403.25,282.6012878417969,283.16558837890625,283.03826904296875,263.0,291.0
403.5,282.53662109375,283.144775390625,283.08221435546875,263.0,291.0
403.75,282.53662109375,283.144775390625,283.2351989746094,263.0,291.0
404.0,282.53662109375,283.144775390625,283.08221435546875,263.0,291.0
404.25,282.53662109375,283.144775390625,283.08221435546875,263.0,291.0
404.5,282.53662109375,283.144775390625,283.08221435546875,263.0,291.0
404.75,282.53662109375,283.144775390625,283.08221435546875,263.0,291.0
405.0,282.55694580078125,283.165283203125,283.1029357910156,263.0,291.0
405.25,282.55694580078125,283.165283203125,283.1029357910156,263.0,291.0
405.5,282.55694580078125,283.165283203125,283.1029357910156,263.0,291.0
405.75,282.55694580078125,283.165283203125,283.1029357910156,263.0,291.0
406.0,282.55694580078125,283.165283203125,283.1029357910156,263.0,291.0
406.25,282.60076904296875,283.14410400390625,283.0600891113281,263.0,291.0
406.5,282.75347900390625,283.14410400390625,283.0600891113281,263.0,291.0
406.75,282.60076904296875,283.14410400390625,283.0600891113281,263.0,291.0
407.0,282.60076904296875,283.14410400390625,283.0600891113281,263.0,291.0
407.25,282.60076904296875,283.14410400390625,283.0600891113281,263.0,291.0
407.5,282.60076904296875,283.14410400390625,283.0600891113281,263.0,291.0
407.75,283.3942565917969,283.6324768066406,283.6124572753906,263.0,291.0
408.0,283.3942565917969,283.7857666015625,283.6124572753906,263.0,291.0
408.25,283.3942565917969,283.63250732421875,283.76568603515625,263.0,291.0
408.5,283.3942565917969,283.63250732421875,283.6124572753906,263.0,291.0
408.75,283.3942565917969,283.63250732421875,283.6124572753906,263.0,291.0
409.0,283.4390563964844,283.61126708984375,283.59149169921875,263.0,291.0
409.25,283.4390563964844,283.61126708984375,283.59149169921875,263.0,291.0
409.5,283.4390563964844,283.61126708984375,283.59149169921875,263.0,291.0
409.75,283.4390563964844,283.61126708984375,283.59149169921875,263.0,291.0
410.0,283.4390563964844,283.61126708984375,283.7447204589844,263.0,291.0
410.25,283.3749694824219,283.6119079589844,283.6137390136719,263.0,291.0
410.5,283.3749694824219,283.6119079589844,283.6137390136719,263.0,291.0
410.75,283.3749694824219,283.6119079589844,283.6137390136719,263.0,291.0
411.0,283.3749694824219,283.6119079589844,283.6137390136719,263.0,291.0
411.25,283.3749694824219,283.6119079589844,283.6137390136719,263.0,291.0
411.5,283.3749694824219,283.6119079589844,283.6137390136719,263.0,291.0
411.75,283.46337890625,283.6338195800781,283.6357116699219,263.0,291.0
412.0,283.3102722167969,283.6338195800781,283.6357116699219,263.0,291.0
412.25,283.3102722167969,283.6338195800781,283.78900146484375,263.0,291.0
412.5,283.3102722167969,283.6338195800781,283.6357116699219,263.0,291.0
412.75,283.3102722167969,283.6338195800781,283.6357116699219,263.0,291.0
413.0,283.3102722167969,283.787109375,283.6357116699219,263.0,291.0
413.25,283.247314453125,283.6575012207031,283.55157470703125,263.0,291.0
413.5,283.2472839355469,283.810791015625,283.55157470703125,263.0,291.0
413.75,283.247314453125,283.6575012207031,283.55157470703125,263.0,291.0
414.0,283.247314453125,283.6575012207031,283.55157470703125,263.0,291.0
414.25,283.247314453125,283.6575012207031,283.55157470703125,263.0,291.0
414.5,283.247314453125,283.6575012207031,283.55157470703125,263.0,291.0
414.75,283.3550109863281,283.6356506347656,283.486328125,263.0,291.0
415.0,283.50811767578125,283.6356506347656,283.486328125,263.0,291.0
415.25,283.3550109863281,283.6356506347656,283.486328125,263.0,291.0
415.5,283.3550109863281,283.6356506347656,283.6395263671875,263.0,291.0
415.75,283.3550109863281,283.6356506347656,283.486328125,263.0,291.0
416.0,283.3555908203125,283.5711975097656,283.52972412109375,263.0,291.0
416.25,283.3555908203125,283.5711975097656,283.52972412109375,263.0,291.0
416.5,283.3555908203125,283.5711975097656,283.52972412109375,263.0,291.0
416.75,283.3555908203125,283.5711975097656,283.52972412109375,263.0,291.0
417.0,283.3555908203125,283.5711975097656,283.52972412109375,263.0,291.0
417.25,283.3555908203125,283.5711975097656,283.52972412109375,263.0,291.0
417.5,283.3981628417969,283.548828125,283.5506591796875,263.0,291.0
417.75,283.3981628417969,283.548828125,283.5506591796875,263.0,291.0
418.0,283.3981628417969,283.548828125,283.5506591796875,263.0,291.0
418.25,283.3981628417969,283.548828125,283.5506591796875,263.0,291.0
418.5,283.3981628417969,283.548828125,283.7038879394531,263.0,291.0
418.75,283.5513000488281,283.548828125,283.5506591796875,263.0,291.0
419.0,283.3117370605469,283.5919494628906,283.5938720703125,263.0,291.0
419.25,283.3117370605469,283.5919494628906,283.5938720703125,263.0,291.0
419.5,283.31170654296875,283.5919494628906,283.5938720703125,263.0,291.0
419.75,283.3117370605469,283.5919494628906,283.5938720703125,263.0,291.0
420.0,283.3117370605469,283.5919494628906,283.74713134765625,263.0,291.0
420.25,283.3117370605469,283.59197998046875,283.5938720703125,263.0,291.0
420.5,283.3117370605469,283.7452087402344,283.5938720703125,263.0,291.0
420.75,283.3117370605469,283.5919494628906,283.5938720703125,263.0,291.0
421.0,283.4000244140625,283.63568115234375,283.59429931640625,263.0,291.0
421.25,283.2469787597656,283.63568115234375,283.59429931640625,263.0,291.0
421.5,283.2469787597656,283.63568115234375,283.59429931640625,263.0,291.0
421.75,283.2469787597656,283.63568115234375,283.59429931640625,263.0,291.0
422.0,283.2469787597656,283.63568115234375,283.59429931640625,263.0,291.0
422.25,283.2469787597656,283.63568115234375,283.74755859375,263.0,291.0
422.5,283.2469787597656,283.63568115234375,283.5943298339844,263.0,291.0
422.75,283.2469787597656,283.7889709472656,283.59429931640625,263.0,291.0
423.0,283.3955078125,283.676025390625,283.5699157714844,263.0,291.0
423.25,283.5486755371094,283.676025390625,283.5699157714844,263.0,291.0
423.5,283.3955078125,283.676025390625,283.5699157714844,263.0,291.0
423.75,283.3955078125,283.676025390625,283.5699157714844,263.0,291.0
424.0,283.3955078125,283.676025390625,283.5699157714844,263.0,291.0
424.25,283.3955078125,283.676025390625,283.5699157714844,263.0,291.0
424.5,283.3955078125,283.676025390625,283.7231750488281,263.0,291.0
424.75,283.3955078125,283.8293151855469,283.5699157714844,263.0,291.0
425.0,283.3546447753906,283.440673828125,283.72296142578125,263.0,291.0
425.25,283.3546447753906,283.440673828125,283.72296142578125,263.0,291.0
425.5,283.50775146484375,283.440673828125,283.72296142578125,263.0,291.0
425.75,283.3546142578125,283.440673828125,283.72296142578125,263.0,291.0
426.0,283.3546447753906,283.440673828125,283.72296142578125,263.0,291.0
426.25,283.3546447753906,283.440673828125,283.72296142578125,263.0,291.0
426.5,283.3546447753906,283.440673828125,283.72296142578125,263.0,291.0
426.75,283.3546142578125,283.440673828125,283.87628173828125,263.0,291.0
427.0,283.4389953613281,283.5697326660156,283.78564453125,263.0,291.0
427.25,283.4389953613281,283.4165954589844,283.7856750488281,263.0,291.0
427.5,283.4389953613281,283.4165954589844,283.78564453125,263.0,291.0
427.75,283.5921630859375,283.4165954589844,283.7856750488281,263.0,291.0
428.0,283.4389953613281,283.4165954589844,283.78564453125,263.0,291.0
428.25,283.4389953613281,283.4165954589844,283.7856750488281,263.0,291.0
428.5,283.4389953613281,283.4165954589844,283.78564453125,263.0,291.0
428.75,283.4389953613281,283.4165954589844,283.7856750488281,263.0,291.0
429.0,283.3763732910156,283.3537902832031,283.9411315917969,263.0,291.0
429.25,283.3763732910156,283.3537902832031,283.78778076171875,263.0,291.0
429.5,283.3763732910156,283.3537902832031,283.78778076171875,263.0,291.0
429.75,283.3763732910156,283.3537902832031,283.78778076171875,263.0,291.0
430.0,283.5295104980469,283.3537902832031,283.78778076171875,263.0,291.0
430.25,283.3763732910156,283.3537902832031,283.78778076171875,263.0,291.0
430.5,283.3763732910156,283.3537902832031,283.78778076171875,263.0,291.0
430.75,283.3763732910156,283.3537902832031,283.78778076171875,263.0,291.0
431.0,283.9366760253906,283.8272399902344,284.1521911621094,263.0,291.0
431.25,283.9366760253906,283.8272399902344,284.3057556152344,263.0,291.0
431.5,283.9366760253906,283.8272399902344,284.1521911621094,263.0,291.0
431.75,283.9366760253906,283.8272399902344,284.1521911621094,263.0,291.0
432.0,283.9366760253906,283.8272399902344,284.1521911621094,263.0,291.0
432.25,284.0901184082031,283.8272399902344,284.1521911621094,263.0,291.0
432.5,284.0901184082031,283.8272399902344,284.1521911621094,263.0,291.0
432.75,283.9366760253906,283.8272399902344,284.1521911621094,263.0,291.0
433.0,284.15118408203125,283.6966552734375,284.1504211425781,263.0,291.0
433.25,284.15118408203125,283.6966857910156,284.1504211425781,263.0,291.0
433.5,284.15118408203125,283.6966857910156,284.3039855957031,263.0,291.0
433.75,284.15118408203125,283.8499755859375,284.1504211425781,263.0,291.0
434.0,284.1511535644531,283.6966857910156,284.1504211425781,263.0,291.0
434.25,284.15118408203125,283.6966857910156,284.1504211425781,263.0,291.0
434.5,284.3047180175781,283.6966857910156,284.1504211425781,263.0,291.0
434.75,284.15118408203125,283.6966857910156,284.1504211425781,263.0,291.0
435.0,284.1502990722656,283.7390441894531,284.1497497558594,263.0,291.0
435.25,284.15032958984375,283.7390441894531,284.1497497558594,263.0,291.0
435.5,284.15032958984375,283.7390441894531,284.1497497558594,263.0,291.0
435.75,284.15032958984375,283.7390441894531,284.30328369140625,263.0,291.0
436.0,284.1502990722656,283.8923645019531,284.1497497558594,263.0,291.0
436.25,284.15032958984375,283.7390441894531,284.14971923828125,263.0,291.0
436.5,284.15032958984375,283.7390441894531,284.1497497558594,263.0,291.0
436.75,284.3038635253906,283.7390441894531,284.1497497558594,263.0,291.0
437.0,284.1506652832031,283.6962585449219,284.1716003417969,263.0,291.0
437.25,284.1506652832031,283.6962585449219,284.1716003417969,263.0,291.0
437.5,284.1506652832031,283.6962585449219,284.1716003417969,263.0,291.0
437.75,284.1506652832031,283.6962585449219,284.1716003417969,263.0,291.0
438.0,284.1506652832031,283.6962585449219,284.3251647949219,263.0,291.0
438.25,284.1506652832031,283.8495788574219,284.1716003417969,263.0,291.0
438.5,284.1506652832031,283.8495788574219,284.1716003417969,263.0,291.0
438.75,284.1506652832031,283.6962585449219,284.1716003417969,263.0,291.0
439.0,284.4535827636719,283.6513671875,284.1697998046875,263.0,291.0
439.25,284.2999572753906,283.6513671875,284.1697998046875,263.0,291.0
439.5,284.2999572753906,283.6513671875,284.1697998046875,263.0,291.0
439.75,284.2999572753906,283.6513671875,284.1697998046875,263.0,291.0
440.0,284.2999572753906,283.6513671875,284.1697998046875,263.0,291.0
440.25,284.2999572753906,283.6513671875,284.3233642578125,263.0,291.0
440.5,284.2999267578125,283.6513671875,284.1697998046875,263.0,291.0
440.75,284.2999572753906,283.6513671875,284.1697998046875,263.0,291.0
441.0,284.1077880859375,283.7181091308594,284.1719665527344,263.0,291.0
441.25,284.2613220214844,283.7181091308594,284.1719665527344,263.0,291.0
441.5,284.1077880859375,283.7181091308594,284.1719665527344,263.0,291.0
441.75,284.1077880859375,283.7181091308594,284.1719665527344,263.0,291.0
442.0,284.1077880859375,283.7181091308594,284.1719665527344,263.0,291.0
442.25,284.1077880859375,283.71807861328125,284.1719665527344,263.0,291.0
442.5,284.1077880859375,283.7181091308594,284.3255310058594,263.0,291.0
442.75,284.1077880859375,283.7181091308594,284.1719665527344,263.0,291.0
443.0,284.1092834472656,283.85125732421875,284.1087341308594,263.0,291.0
443.25,284.1092834472656,283.6979675292969,284.1087341308594,263.0,291.0
443.5,284.1092834472656,283.6979675292969,284.1087646484375,263.0,291.0
443.75,284.1092834472656,283.6979675292969,284.1087341308594,263.0,291.0
444.0,284.1092834472656,283.6979675292969,284.1087341308594,263.0,291.0
444.25,284.1092834472656,283.6979675292969,284.1087341308594,263.0,291.0
444.5,284.1092834472656,283.6979675292969,284.1087341308594,263.0,291.0
444.75,284.1092834472656,283.6979675292969,284.26226806640625,263.0,291.0
445.0,284.1934814453125,283.933349609375,283.91290283203125,263.0,291.0
445.25,284.1934814453125,283.933349609375,283.91290283203125,263.0,291.0
445.5,284.3470458984375,283.933349609375,283.91290283203125,263.0,291.0
445.75,284.3470458984375,283.933349609375,283.91290283203125,263.0,291.0
446.0,284.1934814453125,283.933349609375,283.91290283203125,263.0,291.0
446.25,284.1934814453125,283.933349609375,283.91290283203125,263.0,291.0
446.5,284.1934814453125,283.933349609375,283.91290283203125,263.0,291.0
446.75,284.1934814453125,283.933349609375,283.91290283203125,263.0,291.0
447.0,284.2362060546875,283.8683166503906,283.95562744140625,263.0,291.0
447.25,284.2362060546875,284.0216979980469,283.95562744140625,263.0,291.0
447.5,284.2362060546875,284.0216979980469,283.95562744140625,263.0,291.0
447.75,284.2362060546875,283.8683166503906,283.95562744140625,263.0,291.0
448.0,284.3898010253906,283.8683166503906,283.95562744140625,263.0,291.0
448.25,284.2362060546875,283.8683166503906,283.95562744140625,263.0,291.0
448.5,284.2362060546875,283.8683166503906,283.95562744140625,263.0,291.0
448.75,284.2362060546875,283.8683166503906,283.95562744140625,263.0,291.0
449.0,284.12799072265625,283.7384338378906,284.2138366699219,263.0,291.0
449.25,284.12799072265625,283.7384338378906,284.2138366699219,263.0,291.0
449.5,284.12799072265625,283.7384338378906,284.2138366699219,263.0,291.0
