step,date_label,profile_time,v_632_A_rms_V,v_632_B_rms_V,v_632_C_rms_V,v_633_A_rms_V,v_633_B_rms_V,v_633_C_rms_V,v_634_A_rms_V,v_634_B_rms_V,v_634_C_rms_V,v_645_B_rms_V,v_645_C_rms_V,v_646_B_rms_V,v_646_C_rms_V,v_652_A_rms_V,v_671_A_rms_V,v_671_B_rms_V,v_671_C_rms_V,v_675_A_rms_V,v_675_B_rms_V,v_675_C_rms_V,v_680_A_rms_V,v_680_B_rms_V,v_680_C_rms_V,v_684_A_rms_V,v_684_C_rms_V,v_692_A_rms_V,v_692_B_rms_V,v_692_C_rms_V,v_611_C_rms_V
1,7-Jan-13,0:30,2460.8935546875,2460.8935546875,2460.8935546875,2459.71630859375,2460.397705078125,2460.288330078125,282.9690856933594,283.4507751464844,283.4039306640625,2457.2109375,2460.039794921875,2456.568115234375,2459.401123046875,2357.62255859375,2360.8271484375,2448.468505859375,2427.2119140625,2357.576904296875,2448.93212890625,2426.06787109375,2360.8271484375,2448.468505859375,2427.212158203125,2360.01904296875,2426.284912109375,2360.8271484375,2448.468505859375,2427.212158203125,2425.27880859375
2,7-Jan-13,1:00,2462.223388671875,2460.8935546875,2460.8935546875,2461.1875,2460.466552734375,2460.283203125,283.08001708984375,283.5124206542969,283.4157409667969,2457.63232421875,2460.097412109375,2457.040771484375,2459.50048828125,2363.85107421875,2367.203125,2449.009033203125,2427.224365234375,2364.109619140625,2449.48779296875,2425.982666015625,2367.203125,2449.009033203125,2427.224365234375,2366.356689453125,2426.276611328125,2367.203125,2449.009033203125,2427.2236328125,2425.246826171875
3,7-Jan-13,1:30,2460.8935546875,2460.8935546875,2460.8935546875,2459.978759765625,2460.562255859375,2460.348876953125,283.18206787109375,283.59814453125,283.4816589355469,2458.1337890625,2460.1494140625,2457.59326171875,2459.619873046875,2377.74560546875,2380.48486328125,2450.551025390625,2430.542724609375,2377.781005859375,2451.02490234375,2429.510498046875,2380.48486328125,2450.551025390625,2430.542724609375,2379.79931640625,2429.6533203125,2380.47705078125,2450.551025390625,2430.542724609375,2428.696044921875
4,7-Jan-13,2:00,2460.8935546875,2460.8935546875,2460.8935546875,2460.076171875,2460.530517578125,2460.34326171875,283.2522277832031,283.5808410644531,283.48236083984375,2458.408203125,2460.074951171875,2457.838134765625,2459.51904296875,2385.4609375,2387.770263671875,2449.85888671875,2432.694091796875,2385.3935546875,2451.50439453125,2431.764892578125,2387.769287109375,2449.85888671875,2432.694091796875,2387.193359375,2431.87646484375,2387.769287109375,2449.85888671875,2432.694091796875,2431.00146484375
5,7-Jan-13,2:30,2460.8935546875,2462.223388671875,2460.8935546875,2460.174072265625,2460.657470703125,2460.32275390625,283.3333740234375,283.83526611328125,283.4835205078125,2458.61474609375,2460.2568359375,2458.15576171875,2459.80078125,2387.824462890625,2390.625,2451.606689453125,2432.910400390625,2388.313232421875,2452.071533203125,2431.890625,2390.650390625,2451.606689453125,2432.910400390625,2389.940185546875,2432.185302734375,2390.650390625,2452.9326171875,2432.910400390625,2431.3916015625
6,7-Jan-13,3:00,2460.8935546875,2462.223388671875,2460.8935546875,2460.1748046875,2460.63330078125,2460.32470703125,283.3323059082031,283.66412353515625,283.4834289550781,2458.6640625,2460.224853515625,2458.189453125,2459.741455078125,2388.974609375,2391.66748046875,2451.261962890625,2433.1337890625,2389.39208984375,2451.690673828125,2432.118896484375,2391.66748046875,2451.261962890625,2433.135498046875,2390.98486328125,2432.407958984375,2391.66748046875,2451.261962890625,2433.135498046875,2431.6142578125
7,7-Jan-13,3:30,2460.8935546875,2460.8935546875,2460.8935546875,2460.173583984375,2460.664306640625,2460.318603515625,283.3333435058594,283.6867980957031,283.48095703125,2458.6728515625,2460.2392578125,2458.206787109375,2459.778076171875,2391.193115234375,2393.90234375,2451.546142578125,2433.56787109375,2391.661376953125,2451.99267578125,2432.544189453125,2393.90234375,2451.546142578125,2433.56787109375,2393.2119140625,2432.886962890625,2393.90234375,2451.546142578125,2433.56787109375,2432.1396484375
8,7-Jan-13,4:00,2460.8935546875,2460.8935546875,2460.8935546875,2460.186279296875,2460.642333984375,2460.306396484375,283.3402404785156,283.6703186035156,283.47113037109375,2458.60498046875,2461.52587890625,2458.111572265625,2459.7021484375,2393.836181640625,2396.046142578125,2451.046875,2434.248291015625,2393.8779296875,2451.428466796875,2433.33203125,2396.046142578125,2451.046875,2434.247802734375,2395.4931640625,2433.531494140625,2396.046142578125,2451.046875,2434.247802734375,2432.7607421875
9,7-Jan-13,4:30,2460.8935546875,2460.8935546875,2460.8935546875,2460.201171875,2460.646484375,2460.283447265625,283.3500061035156,283.6728210449219,283.45513916015625,2458.652587890625,2460.220458984375,2458.1748046875,2459.754150390625,2393.734130859375,2395.8173828125,2450.78125,2434.1064453125,2393.681884765625,2451.166748046875,2433.15625,2395.8173828125,2450.78125,2434.1064453125,2395.296875,2433.3837890625,2395.816650390625,2450.78125,2434.1064453125,2433.923828125
10,7-Jan-13,5:00,2460.8935546875,2460.8935546875,2460.8935546875,2460.1630859375,2460.609375,2460.337890625,283.3228454589844,283.6462707519531,283.4907531738281,2458.619140625,2460.22216796875,2458.140869140625,2459.740234375,2393.666015625,2395.778076171875,2450.54736328125,2435.01904296875,2393.657958984375,2450.864990234375,2434.16015625,2395.77734375,2450.54736328125,2435.01904296875,2395.24462890625,2434.347412109375,2395.77734375,2450.547607421875,2435.01904296875,2434.942138671875
11,7-Jan-13,5:30,2460.8935546875,2460.8935546875,2460.8935546875,2460.005859375,2460.547607421875,2460.3671875,283.3558044433594,283.5905456542969,283.4964599609375,2458.322265625,2460.10888671875,2457.766845703125,2459.559814453125,2388.30615234375,2390.417236328125,2450.05712890625,2434.681884765625,2388.15283203125,2450.380859375,2433.816650390625,2390.417236328125,2450.05712890625,2434.683349609375,2389.884033203125,2434.03369140625,2390.417236328125,2450.05712890625,2434.683349609375,2433.33154296875
12,7-Jan-13,6:00,2462.223388671875,2460.8935546875,2460.8935546875,2461.3740234375,2460.443115234375,2460.40869140625,283.22711181640625,283.5176696777344,283.523193359375,2458.284912109375,2460.01953125,2457.677734375,2459.419189453125,2386.255859375,2388.385986328125,2450.04345703125,2433.7333984375,2386.06298828125,2450.37646484375,2432.825439453125,2388.385986328125,2450.041259765625,2433.7333984375,2387.85302734375,2433.005859375,2388.385986328125,2450.041259765625,2433.7333984375,2432.225341796875
13,7-Jan-13,6:30,2460.8935546875,2460.8935546875,2460.8935546875,2460.10546875,2460.437255859375,2460.399658203125,283.2714538574219,283.51708984375,283.5204772949219,2458.418212890625,2460.044189453125,2457.830810546875,2459.44921875,2386.4267578125,2388.595703125,2450.224365234375,2433.052978515625,2386.26953125,2450.571533203125,2432.129150390625,2388.595703125,2450.224365234375,2433.052734375,2388.0546875,2432.22705078125,2388.595458984375,2450.224365234375,2433.052734375,2431.34716796875
14,7-Jan-13,7:00,2460.8935546875,2460.8935546875,2460.8935546875,2460.045166015625,2460.4580078125,2460.4111328125,283.2287292480469,283.6824645996094,283.5260314941406,2458.493408203125,2460.069580078125,2459.252197265625,2459.504638671875,2384.7060546875,2387.078125,2450.58935546875,2431.8037109375,2384.67333984375,2452.3154296875,2430.794189453125,2387.078125,2450.58935546875,2431.803466796875,2386.49365234375,2430.9052734375,2387.078125,2450.58935546875,2431.803466796875,2429.94873046875
15,7-Jan-13,7:30,2460.8935546875,2462.223388671875,2460.8935546875,2460.215087890625,2461.829833984375,2460.354248046875,283.3548889160156,283.56903076171875,283.4990234375,2460.048828125,2460.1611328125,2459.54052734375,2459.6552734375,2391.700439453125,2393.836181640625,2450.45947265625,2433.365966796875,2391.70751953125,2450.806884765625,2432.390869140625,2393.81494140625,2450.45947265625,2433.365966796875,2393.282958984375,2432.610107421875,2393.81494140625,2451.788330078125,2433.365966796875,2431.801513671875
16,7-Jan-13,8:00,2460.8935546875,2460.8935546875,2460.8935546875,2460.307861328125,2460.61865234375,2460.460693359375,283.4410400390625,283.6728210449219,283.7483825683594,2459.236572265625,2460.33203125,2458.847412109375,2459.9453125,2410.0341796875,2411.42138671875,2452.299560546875,2438.5087890625,2409.9033203125,2452.5712890625,2437.78759765625,2411.42138671875,2453.6259765625,2438.5087890625,2411.080810546875,2437.91015625,2411.42138671875,2453.6259765625,2438.510009765625,2437.27880859375
17,7-Jan-13,8:30,2460.8935546875,2460.8935546875,2460.8935546875,2460.442626953125,2460.683837890625,2460.56005859375,283.5539855957031,283.7391662597656,283.685302734375,2459.53857421875,2460.46826171875,2459.2392578125,2461.49169921875,2420.0830078125,2421.1376953125,2453.20556640625,2441.58447265625,2419.981689453125,2453.392333984375,2441.008544921875,2421.1376953125,2453.20556640625,2441.5849609375,2420.87890625,2441.12841796875,2421.1376953125,2453.20556640625,2441.5849609375,2440.646728515625
18,7-Jan-13,9:00,2460.8935546875,2460.8935546875,2460.8935546875,2460.401123046875,2460.65625,2460.75390625,283.53521728515625,283.7298889160156,283.82672119140625,2459.744140625,2460.499755859375,2459.471923828125,2460.227294921875,2428.88671875,2429.600830078125,2453.415283203125,2446.59228515625,2428.87548828125,2453.37451171875,2446.344482421875,2429.600830078125,2453.415283203125,2446.5908203125,2429.41943359375,2446.38427734375,2429.600830078125,2453.415283203125,2446.5908203125,2446.16259765625
19,7-Jan-13,9:30,2460.8935546875,2460.8935546875,2460.8935546875,2460.760986328125,2460.85693359375,2460.865966796875,283.82769775390625,283.91546630859375,283.9534606933594,2460.810791015625,2460.75244140625,2460.727783203125,2460.65966796875,2453.236083984375,2453.26220703125,2456.3388671875,2452.12255859375,2453.25439453125,2456.287841796875,2452.094482421875,2453.26220703125,2456.3388671875,2452.12255859375,2453.2578125,2452.077880859375,2453.26220703125,2456.3388671875,2452.12255859375,2452.034912109375
20,7-Jan-13,10:00,2460.8935546875,2460.8935546875,2460.8935546875,2460.896728515625,2461.017578125,2461.037841796875,284.10748291015625,284.05914306640625,284.1056213378906,2461.660400390625,2460.974609375,2461.739990234375,2461.071533203125,2472.599853515625,2471.9375,2458.702880859375,2457.5732421875,2472.47412109375,2458.642578125,2457.809326171875,2471.937744140625,2458.702880859375,2457.5732421875,2472.10693359375,2457.71337890625,2471.937744140625,2458.702880859375,2457.5732421875,2457.87158203125
21,7-Jan-13,10:30,2462.223388671875,2460.8935546875,2460.8935546875,2462.568603515625,2460.9814453125,2461.177734375,284.2174987792969,284.0672607421875,284.2345886230469,2462.2294921875,2461.14013671875,2462.427490234375,2461.33935546875,2483.293212890625,2482.773193359375,2460.151123046875,2461.02587890625,2483.7294921875,2459.9892578125,2461.41455078125,2482.773193359375,2460.150146484375,2461.02587890625,2482.8916015625,2461.36767578125,2482.773193359375,2460.150146484375,2461.02587890625,2461.728271484375
22,7-Jan-13,11:00,2460.8935546875,2460.8935546875,2460.8935546875,2461.5322265625,2460.988525390625,2461.247314453125,284.44293212890625,284.0989685058594,284.3097839355469,2463.080322265625,2461.298095703125,2463.404296875,2461.5927734375,2502.871826171875,2502.0419921875,2461.063720703125,2465.7158203125,2503.783203125,2460.746337890625,2466.165283203125,2502.040771484375,2461.063720703125,2465.7158203125,2502.22900390625,2466.32275390625,2502.040771484375,2461.061279296875,2465.7158203125,2468.288330078125
23,7-Jan-13,11:30,2460.8935546875,2460.8935546875,2460.8935546875,2461.66748046875,2461.12744140625,2461.379638671875,284.5643005371094,284.2233581542969,284.430419921875,2463.46337890625,2461.539306640625,2463.940673828125,2461.997314453125,2519.043212890625,2517.248046875,2462.794677734375,2471.26513671875,2519.3916015625,2462.38330078125,2472.1875,2517.248046875,2462.796875,2471.26513671875,2517.688232421875,2471.9951171875,2517.248046875,2462.796875,2471.26123046875,2472.76806640625
24,7-Jan-13,12:00,2460.8935546875,2460.8935546875,2460.8935546875,2461.68505859375,2462.45751953125,2461.367431640625,284.5765686035156,284.22381591796875,284.4224548339844,2463.495361328125,2461.610107421875,2464.013916015625,2462.1240234375,2520.02587890625,2518.14111328125,2462.684814453125,2471.72119140625,2520.30078125,2462.2880859375,2471.2373046875,2518.14111328125,2462.6845703125,2471.72119140625,2518.611083984375,2471.048828125,2518.14111328125,2462.6845703125,2470.38525390625,2471.7626953125
25,7-Jan-13,12:30,2460.8935546875,2460.8935546875,2460.8935546875,2461.71435546875,2461.17626953125,2462.740478515625,284.6053771972656,284.26593017578125,284.6144714355469,2463.501220703125,2461.739990234375,2465.425048828125,2462.314453125,2521.626220703125,2519.4638671875,2462.801513671875,2471.140869140625,2521.590576171875,2462.34912109375,2472.171875,2519.4638671875,2462.801513671875,2471.140869140625,2520.0126953125,2471.762451171875,2519.4638671875,2462.801513671875,2472.47607421875,2472.440185546875
26,7-Jan-13,13:00,2460.8935546875,2460.8935546875,2462.223388671875,2461.805908203125,2461.103271484375,2462.81884765625,284.6742858886719,284.2233581542969,284.52154541015625,2463.64892578125,2463.086181640625,2464.25634765625,2463.682373046875,2525.0546875,2522.67626953125,2463.046142578125,2471.243896484375,2524.909423828125,2462.617919921875,2472.23583984375,2522.67626953125,2463.046142578125,2471.2431640625,2523.28125,2471.840576171875,2522.67626953125,2463.046142578125,2471.2431640625,2472.4990234375
27,7-Jan-13,13:30,2460.8935546875,2460.8935546875,2460.8935546875,2461.889892578125,2461.13037109375,2461.554931640625,284.7440490722656,284.2548828125,284.5799560546875,2464.01513671875,2461.78662109375,2464.65625,2462.41552734375,2529.2451171875,2526.855224609375,2463.60546875,2471.544189453125,2529.19482421875,2463.17333984375,2472.571044921875,2526.85302734375,2463.60546875,2471.544189453125,2527.46484375,2472.079345703125,2526.85302734375,2463.607421875,2471.544189453125,2472.67578125
28,7-Jan-13,14:00,2460.8935546875,2460.8935546875,2460.8935546875,2461.720947265625,2461.248046875,2461.631591796875,284.6318664550781,284.3369140625,284.63385009765625,2463.77734375,2461.814208984375,2464.42333984375,2462.446044921875,2531.675537109375,2528.71630859375,2464.356201171875,2474.866943359375,2531.061767578125,2463.9130859375,2476.205322265625,2528.71630859375,2464.3544921875,2474.866943359375,2529.47119140625,2475.612060546875,2528.71630859375,2464.3544921875,2474.866943359375,2476.43115234375
29,7-Jan-13,14:30,2460.8935546875,2460.8935546875,2460.8935546875,2461.502685546875,2461.32958984375,2461.54638671875,284.4681701660156,284.3760070800781,284.5590515136719,2462.7900390625,2461.843017578125,2463.40966796875,2462.44287109375,2514.941650390625,2512.49169921875,2465.200927734375,2472.267578125,2514.18603515625,2464.990478515625,2473.586669921875,2512.49169921875,2465.200927734375,2472.267578125,2513.107421875,2473.018798828125,2512.49169921875,2465.200927734375,2472.267578125,2473.83203125
30,7-Jan-13,15:00,2462.223388671875,2460.8935546875,2460.8935546875,2461.437744140625,2461.293701171875,2461.376953125,284.55804443359375,284.3316650390625,284.42327880859375,2462.517333984375,2461.76171875,2463.078125,2462.315673828125,2503.643310546875,2501.736328125,2465.084716796875,2468.38671875,2503.0810546875,2465.067626953125,2469.4365234375,2501.723876953125,2465.084716796875,2468.38671875,2502.19921875,2469.03076171875,2501.723876953125,2465.084716796875,2468.38671875,2469.723388671875
31,7-Jan-13,15:30,2460.8935546875,2460.8935546875,2460.8935546875,2461.408447265625,2461.136962890625,2461.001220703125,284.34320068359375,284.18341064453125,284.1253662109375,2461.853515625,2461.496337890625,2462.234130859375,2461.862548828125,2483.03759765625,2481.472412109375,2461.276123046875,2461.0517578125,2482.227294921875,2461.33740234375,2461.57080078125,2481.472412109375,2461.276123046875,2459.722412109375,2481.8779296875,2459.970703125,2481.472412109375,2461.276123046875,2459.722412109375,2461.58740234375
32,7-Jan-13,16:00,2460.8935546875,2460.8935546875,2460.8935546875,2461.287109375,2460.896728515625,2460.830078125,284.2218933105469,283.9808349609375,283.9689636230469,2460.87646484375,2461.1884765625,2461.0419921875,2461.33740234375,2459.282958984375,2458.454833984375,2458.589599609375,2452.103759765625,2458.4765625,2458.72412109375,2452.2548828125,2458.451416015625,2458.589599609375,2452.103759765625,2458.6748046875,2452.0615234375,2458.451416015625,2458.589599609375,2452.103759765625,2452.039794921875
33,7-Jan-13,16:30,2460.8935546875,2462.223388671875,2460.8935546875,2461.058837890625,2461.9580078125,2460.86767578125,284.0339050292969,283.76507568359375,283.9604187011719,2461.6806640625,2460.858154296875,2461.636962890625,2460.803466796875,2449.32568359375,2448.228515625,2455.856689453125,2447.215576171875,2447.956787109375,2455.9716796875,2447.07470703125,2448.228515625,2455.85693359375,2447.215576171875,2448.542724609375,2446.82177734375,2448.228515625,2455.85693359375,2447.21533203125,2446.45361328125
34,7-Jan-13,17:00,2460.8935546875,2460.8935546875,2460.8935546875,2460.936279296875,2460.340087890625,2460.627197265625,283.9031982421875,283.5212097167969,283.9013977050781,2459.39111328125,2460.544189453125,2459.128173828125,2460.285400390625,2425.187744140625,2425.42724609375,2454.447509765625,2440.722412109375,2424.62548828125,2453.2705078125,2440.080322265625,2425.42724609375,2453.122802734375,2440.722412109375,2425.394287109375,2440.175048828125,2425.42724609375,2453.122802734375,2440.722412109375,2439.62255859375
35,7-Jan-13,17:30,2460.8935546875,2460.8935546875,2462.223388671875,2460.5400390625,2460.067626953125,2461.823974609375,283.5765075683594,283.27740478515625,283.5975036621094,2458.3359375,2461.514892578125,2457.82470703125,2459.6650390625,2385.8232421875,2388.465087890625,2450.60693359375,2432.485595703125,2386.5947265625,2450.940185546875,2429.860107421875,2388.465087890625,2450.60693359375,2432.485595703125,2387.79638671875,2430.465087890625,2388.465087890625,2450.60693359375,2431.171142578125,2431.0107421875
36,7-Jan-13,18:00,2460.8935546875,2460.8935546875,2460.8935546875,2460.03271484375,2459.907470703125,2460.06201171875,283.15289306640625,283.0876770019531,283.220458984375,2457.05517578125,2459.640380859375,2456.1806640625,2458.778564453125,2333.259033203125,2338.12890625,2446.814208984375,2416.74267578125,2334.576904296875,2447.405517578125,2414.811767578125,2338.12890625,2446.814208984375,2416.74267578125,2336.889404296875,2415.455810546875,2338.119140625,2446.814208984375,2416.74267578125,2414.052001953125
37,7-Jan-13,18:30,2460.8935546875,2460.8935546875,2460.8935546875,2459.7451171875,2459.83740234375,2459.86669921875,282.91802978515625,282.999267578125,283.0458068847656,2455.9638671875,2459.3291015625,2454.865966796875,2458.22509765625,2305.793212890625,2311.376220703125,2443.78173828125,2409.835205078125,2306.9267578125,2444.451171875,2407.522216796875,2311.376220703125,2443.78173828125,2409.835693359375,2309.957275390625,2408.39501953125,2311.376220703125,2443.78173828125,2409.835693359375,2406.8193359375
38,7-Jan-13,19:00,2460.8935546875,2460.8935546875,2460.8935546875,2459.19775390625,2460.024169921875,2459.68115234375,282.5082702636719,283.0863342285156,282.87799072265625,2455.262451171875,2459.28759765625,2454.11083984375,2458.141845703125,2282.577392578125,2288.999755859375,2444.52685546875,2406.044677734375,2283.67041015625,2445.59716796875,2403.49609375,2288.993408203125,2444.52685546875,2406.044677734375,2287.347900390625,2404.609375,2288.993408203125,2444.52978515625,2406.044677734375,2403.017822265625
39,7-Jan-13,19:30,2460.8935546875,2460.8935546875,2460.8935546875,2459.214599609375,2460.062255859375,2459.731201171875,282.52734375,283.1199645996094,282.9199523925781,2455.241455078125,2459.390869140625,2454.14697265625,2458.276123046875,2283.94140625,2290.071044921875,2444.8447265625,2405.927001953125,2284.61962890625,2445.912109375,2403.537841796875,2290.071044921875,2444.8447265625,2405.927001953125,2288.51220703125,2404.322021484375,2290.071044921875,2444.8447265625,2405.9248046875,2402.563720703125
40,7-Jan-13,20:00,2462.223388671875,2460.8935546875,2460.8935546875,2460.693115234375,2459.9208984375,2459.8427734375,282.63720703125,283.0328063964844,283.0052185058594,2455.178955078125,2459.383056640625,2454.07763671875,2458.291015625,2281.25,2287.878173828125,2445.510009765625,2404.837158203125,2282.32421875,2446.594482421875,2402.43505859375,2287.878173828125,2445.510009765625,2404.837158203125,2286.189453125,2403.149169921875,2287.878173828125,2445.510009765625,2404.836669921875,2401.2978515625
41,7-Jan-13,20:30,2460.8935546875,2460.8935546875,2460.8935546875,2459.196044921875,2459.8125,2460.058349609375,282.519287109375,283.108154296875,283.1474914550781,2455.67919921875,2459.076416015625,2455.753173828125,2457.8427734375,2289.206298828125,2295.481689453125,2445.69580078125,2407.481201171875,2290.273193359375,2446.77392578125,2405.052734375,2295.481689453125,2445.69580078125,2407.476806640625,2293.88037109375,2405.9189453125,2295.481689453125,2445.69580078125,2407.476806640625,2404.207763671875
42,7-Jan-13,21:00,2460.8935546875,2460.8935546875,2460.8935546875,2459.065673828125,2459.695556640625,2460.04052734375,282.4117736816406,283.00927734375,283.1155700683594,2457.048828125,2458.816162109375,2455.651123046875,2457.42724609375,2293.981689453125,2299.37158203125,2442.486328125,2410.533935546875,2294.459228515625,2443.252197265625,2406.904541015625,2299.37158203125,2442.486328125,2409.2412109375,2298.007568359375,2407.71435546875,2299.369140625,2442.486328125,2409.2412109375,2407.355712890625
43,7-Jan-13,21:30,2460.8935546875,2462.223388671875,2460.8935546875,2459.158203125,2459.78125,2460.079833984375,282.4902648925781,282.9305419921875,283.15863037109375,2455.885009765625,2458.947265625,2454.569091796875,2457.64892578125,2300.099365234375,2305.12646484375,2443.441650390625,2410.3974609375,2300.283935546875,2444.218017578125,2409.514892578125,2305.12646484375,2443.441650390625,2411.7001953125,2303.860595703125,2410.135986328125,2305.123046875,2443.441650390625,2411.7001953125,2407.14697265625
44,7-Jan-13,22:00,2460.8935546875,2460.8935546875,2460.8935546875,2458.7421875,2459.97705078125,2460.06494140625,282.1921081542969,283.0467529296875,283.2833557128906,2455.698974609375,2458.70654296875,2454.2392578125,2457.2509765625,2288.264892578125,2293.737060546875,2444.726806640625,2410.203125,2289.634765625,2445.7236328125,2409.353271484375,2293.737060546875,2444.726806640625,2410.203369140625,2292.346435546875,2408.765625,2293.737060546875,2444.726806640625,2410.203369140625,2407.19287109375
45,7-Jan-13,22:30,2460.8935546875,2460.8935546875,2460.8935546875,2458.98876953125,2459.9482421875,2461.427490234375,282.37713623046875,283.04534912109375,283.1719970703125,2456.007568359375,2460.1708984375,2454.637451171875,2457.4853515625,2306.481689453125,2311.206787109375,2443.553466796875,2414.073486328125,2306.583984375,2444.212646484375,2412.112548828125,2311.206787109375,2443.551025390625,2414.073486328125,2310.01220703125,2412.72900390625,2311.206787109375,2443.551025390625,2414.073974609375,2411.26806640625
46,7-Jan-13,23:00,2460.8935546875,2460.8935546875,2460.8935546875,2459.34375,2460.157958984375,2460.133056640625,282.660888671875,283.23162841796875,283.24072265625,2456.29150390625,2459.344970703125,2455.217041015625,2458.275634765625,2323.8916015625,2327.9130859375,2445.791259765625,2418.365478515625,2323.646240234375,2446.41796875,2416.787841796875,2327.9130859375,2445.796142578125,2418.365478515625,2326.903564453125,2417.099609375,2327.9130859375,2445.796142578125,2418.3681640625,2415.7373046875
47,7-Jan-13,23:30,2460.8935546875,2460.8935546875,2460.8935546875,2459.664794921875,2460.125,2460.18603515625,282.9028015136719,283.23406982421875,283.3025817871094,2456.68798828125,2459.605224609375,2455.777587890625,2458.691650390625,2347.544921875,2350.52099609375,2444.8564453125,2424.68310546875,2347.078369140625,2445.07177734375,2423.51171875,2350.52099609375,2444.8564453125,2424.68359375,2349.782470703125,2423.61572265625,2350.52099609375,2444.8564453125,2424.68359375,2422.474365234375
48,8-Jan-13,0:00,2460.8935546875,2460.8935546875,2460.8935546875,2459.798828125,2460.21826171875,2460.23193359375,283.16632080078125,283.3175048828125,283.3542785644531,2457.3359375,2459.8056640625,2456.56689453125,2459.048828125,2360.013671875,2362.867919921875,2446.523193359375,2427.060546875,2359.826904296875,2446.797119140625,2425.887939453125,2362.86669921875,2446.523193359375,2427.060546875,2362.155517578125,2426.06494140625,2362.86669921875,2446.5205078125,2427.060546875,2424.99951171875
49,8-Jan-13,0:30,2462.223388671875,2460.8935546875,2460.8935546875,2459.698974609375,2460.301025390625,2460.3515625,282.95361328125,283.38153076171875,283.4433898925781,2457.277587890625,2459.962158203125,2456.593994140625,2459.2958984375,2360.08349609375,2363.32421875,2447.908935546875,2428.702392578125,2360.253662109375,2448.24169921875,2427.609619140625,2363.32421875,2447.908935546875,2428.702392578125,2362.5029296875,2427.87255859375,2363.322998046875,2447.908935546875,2428.702392578125,2426.96435546875
50,8-Jan-13,1:00,2460.8935546875,2460.8935546875,2460.8935546875,2459.76123046875,2460.433837890625,2460.371337890625,283.01153564453125,283.48736572265625,283.4727783203125,2457.7529296875,2460.0205078125,2457.123291015625,2459.390869140625,2369.745361328125,2372.880615234375,2450.634765625,2430.50830078125,2370.079833984375,2451.0400390625,2429.409423828125,2372.90234375,2450.634765625,2430.50830078125,2372.1005859375,2429.7724609375,2372.90234375,2450.634765625,2430.50830078125,2428.96044921875
51,8-Jan-13,1:30,2460.8935546875,2460.8935546875,2460.8935546875,2459.937744140625,2460.5771484375,2460.37646484375,283.154541015625,283.60858154296875,283.5005187988281,2458.214111328125,2460.15673828125,2457.681396484375,2459.6181640625,2381.4267578125,2383.94775390625,2450.481689453125,2432.568115234375,2381.396240234375,2450.880859375,2431.674560546875,2383.94775390625,2450.481689453125,2432.56640625,2383.31494140625,2431.779052734375,2383.94775390625,2450.481689453125,2432.56640625,2430.92919921875
52,8-Jan-13,2:00,2460.8935546875,2462.223388671875,2460.8935546875,2460.02685546875,2460.574462890625,2460.37451171875,283.22100830078125,283.6127014160156,283.5054931640625,2459.8525390625,2460.15966796875,2459.333984375,2459.63818359375,2387.984619140625,2390.523193359375,2450.98486328125,2433.477294921875,2388.224609375,2451.3984375,2432.48583984375,2390.523193359375,2450.98486328125,2433.47900390625,2389.881591796875,2432.77001953125,2390.523193359375,2450.98486328125,2433.47900390625,2431.9990234375
53,8-Jan-13,2:30,2460.8935546875,2460.8935546875,2460.8935546875,2460.01904296875,2460.60107421875,2460.373779296875,283.21710205078125,283.6322021484375,283.5063171386719,2459.801513671875,2460.180419921875,2459.293212890625,2459.669189453125,2384.355712890625,2387.22607421875,2451.182373046875,2431.7060546875,2384.72509765625,2451.669677734375,2430.602783203125,2387.22607421875,2451.182373046875,2431.7060546875,2385.210205078125,2430.914794921875,2385.936767578125,2451.182373046875,2431.7060546875,2430.052978515625
54,8-Jan-13,3:00,2460.8935546875,2460.8935546875,2460.8935546875,2460.0615234375,2460.585693359375,2461.73974609375,283.2503662109375,283.62646484375,283.5360107421875,2458.616455078125,2460.189697265625,2458.119873046875,2459.680908203125,2387.343505859375,2390.141357421875,2451.36669921875,2432.62841796875,2389.08154296875,2451.824951171875,2431.5263671875,2391.432861328125,2451.36669921875,2432.62841796875,2390.72216796875,2431.89306640625,2391.432861328125,2451.36669921875,2432.62841796875,2431.089111328125
55,8-Jan-13,3:30,2460.8935546875,2460.8935546875,2460.8935546875,2460.04345703125,2460.586181640625,2460.4072265625,283.2366943359375,283.6252746582031,283.53240966796875,2458.431396484375,2460.2119140625,2457.938720703125,2461.05322265625,2384.528076171875,2387.257080078125,2451.3779296875,2432.2626953125,2384.775390625,2451.842529296875,2431.25439453125,2387.256103515625,2451.3779296875,2432.2626953125,2386.568603515625,2431.471435546875,2387.256103515625,2451.377685546875,2432.2626953125,2430.61279296875
56,8-Jan-13,4:00,2460.8935546875,2460.8935546875,2460.8935546875,2459.92919921875,2460.615478515625,2460.422607421875,283.1544189453125,283.64013671875,283.5376281738281,2458.17626953125,2460.21728515625,2457.676025390625,2461.04443359375,2386.22119140625,2388.4111328125,2450.973876953125,2434.146728515625,2385.969482421875,2451.38232421875,2433.29248046875,2388.412353515625,2450.973876953125,2434.146728515625,2387.86181640625,2433.458740234375,2388.412353515625,2450.97412109375,2434.146728515625,2432.7158203125
57,8-Jan-13,4:30,2460.8935546875,2460.8935546875,2460.8935546875,2459.9443359375,2460.618408203125,2460.363525390625,283.1617126464844,283.6390686035156,283.49432373046875,2458.28076171875,2460.17822265625,2457.762939453125,2459.6640625,2388.126708984375,2390.193115234375,2450.384765625,2433.51513671875,2387.849365234375,2450.773681640625,2433.886474609375,2390.193115234375,2450.384765625,2433.51513671875,2389.6806640625,2434.090087890625,2390.193115234375,2450.384765625,2434.83056640625,2431.984130859375
58,8-Jan-13,5:00,2460.8935546875,2460.8935546875,2460.8935546875,2459.90673828125,2460.609375,2460.430908203125,283.13787841796875,283.63458251953125,283.541748046875,2458.26953125,2460.22314453125,2457.776123046875,2459.7353515625,2387.970703125,2390.005859375,2450.8212890625,2434.49755859375,2387.617919921875,2451.218505859375,2433.6591796875,2390.005859375,2450.819091796875,2434.4990234375,2389.493896484375,2433.811767578125,2390.005859375,2450.819091796875,2434.4990234375,2433.0732421875
59,8-Jan-13,5:30,2460.8935546875,2460.8935546875,2460.8935546875,2459.9501953125,2460.551025390625,2460.46923828125,283.1689453125,283.5966491699219,283.5696716308594,2458.255859375,2460.173828125,2457.734375,2459.6484375,2388.118408203125,2390.173095703125,2450.63818359375,2436.015869140625,2387.822509765625,2450.983642578125,2433.890380859375,2390.173095703125,2450.63818359375,2436.015869140625,2389.658203125,2435.3173828125,2390.1728515625,2450.63818359375,2436.015869140625,2433.2529296875
60,8-Jan-13,6:00,2460.8935546875,2460.8935546875,2460.8935546875,2459.8193359375,2460.513671875,2460.49560546875,283.07012939453125,283.5611267089844,283.5771179199219,2458.091552734375,2460.053466796875,2457.494873046875,2459.461181640625,2384.480712890625,2386.5302734375,2450.27392578125,2434.52001953125,2384.081787109375,2450.606689453125,2433.729736328125,2386.5302734375,2450.27392578125,2434.52001953125,2386.017578125,2433.83740234375,2386.5302734375,2450.27392578125,2434.52001953125,2433.103759765625
61,8-Jan-13,6:30,2460.8935546875,2460.8935546875,2460.8935546875,2459.956298828125,2461.76171875,2460.43115234375,283.1617431640625,283.5047607421875,283.5325927734375,2459.54541015625,2459.971923828125,2457.580078125,2459.329833984375,2384.158935546875,2386.212158203125,2450.18310546875,2433.51123046875,2383.81201171875,2451.865966796875,2432.611572265625,2386.212158203125,2450.18310546875,2433.51123046875,2385.700927734375,2432.763671875,2386.18896484375,2450.18310546875,2433.51123046875,2431.965087890625
62,8-Jan-13,7:00,2460.8935546875,2460.8935546875,2460.8935546875,2460.023193359375,2460.443115234375,2460.36669921875,283.20794677734375,283.51300048828125,283.48968505859375,2458.4189453125,2459.96923828125,2457.789306640625,2459.343505859375,2384.4755859375,2386.6357421875,2449.6904296875,2432.37939453125,2384.302734375,2450.0029296875,2431.4169921875,2386.6357421875,2449.6904296875,2432.3779296875,2386.109375,2431.524658203125,2386.64306640625,2449.6904296875,2432.3779296875,2430.618408203125
63,8-Jan-13,7:30,2460.8935546875,2460.8935546875,2462.223388671875,2460.060791015625,2460.4892578125,2460.456787109375,283.24603271484375,283.5572814941406,283.5640563964844,2458.878662109375,2460.0263671875,2458.301513671875,2459.45849609375,2393.23388671875,2395.47265625,2450.988037109375,2435.3125,2393.487060546875,2451.28271484375,2434.403564453125,2395.47265625,2450.987060546875,2435.3125,2394.909423828125,2434.65673828125,2395.47265625,2450.987060546875,2435.312744140625,2433.947509765625
64,8-Jan-13,8:00,2460.8935546875,2460.8935546875,2462.223388671875,2460.28271484375,2460.48974609375,2461.8642578125,283.4180603027344,283.5796203613281,283.6397399902344,2459.532470703125,2460.152587890625,2459.05517578125,2459.688720703125,2402.898681640625,2405.0107421875,2452.182861328125,2436.63720703125,2403.3720703125,2452.46484375,2435.780029296875,2404.99365234375,2452.182861328125,2436.63720703125,2404.46435546875,2435.95556640625,2404.99365234375,2452.184814453125,2436.63720703125,2435.224365234375
65,8-Jan-13,8:30,2460.8935546875,2460.8935546875,2460.8935546875,2460.258056640625,2460.502685546875,2460.649658203125,283.4091491699219,283.5960998535156,283.8791809082031,2460.771240234375,2460.244873046875,2459.012939453125,2459.8134765625,2406.52783203125,2408.528564453125,2452.561767578125,2439.728515625,2407.110595703125,2452.752197265625,2439.027099609375,2408.525634765625,2452.561767578125,2439.728759765625,2408.01806640625,2440.586181640625,2409.8271484375,2452.561767578125,2441.047119140625,2438.76123046875
66,8-Jan-13,9:00,2460.8935546875,2460.8935546875,2460.8935546875,2460.532958984375,2460.5400390625,2460.79638671875,283.62847900390625,283.6551208496094,283.8602294921875,2460.163330078125,2460.3759765625,2459.839599609375,2460.05517578125,2422.375,2423.831298828125,2453.95556640625,2443.93115234375,2422.91162109375,2454.045654296875,2443.396484375,2423.831298828125,2453.95556640625,2442.611083984375,2423.464599609375,2442.13671875,2423.831298828125,2453.95556640625,2442.611083984375,2441.629150390625
67,8-Jan-13,9:30,2460.8935546875,2460.8935546875,2460.8935546875,2460.697998046875,2460.6787109375,2460.819580078125,283.7640686035156,283.77325439453125,283.9006042480469,2460.720703125,2460.598876953125,2460.54736328125,2460.430419921875,2440.7666015625,2441.864501953125,2456.130859375,2448.3642578125,2441.657470703125,2456.233154296875,2447.8984375,2441.864501953125,2456.130859375,2448.3642578125,2441.572021484375,2448.29345703125,2441.8623046875,2456.130859375,2448.3642578125,2449.523193359375
68,8-Jan-13,10:00,2460.8935546875,2460.8935546875,2460.8935546875,2460.95068359375,2460.491455078125,2460.9755859375,283.9508361816406,283.66241455078125,284.0237121582031,2461.1572265625,2460.654052734375,2461.033935546875,2460.5126953125,2454.746337890625,2454.69921875,2455.8544921875,2451.11279296875,2456.308349609375,2455.806640625,2450.863525390625,2454.69873046875,2455.854248046875,2451.113037109375,2454.711181640625,2451.04052734375,2454.70068359375,2455.854248046875,2451.113037109375,2450.970458984375
69,8-Jan-13,10:30,2460.8935546875,2462.223388671875,2460.8935546875,2460.431884765625,2460.222412109375,2461.060546875,283.5488586425781,283.4286193847656,284.029052734375,2460.37060546875,2460.167236328125,2459.93896484375,2459.738037109375,2433.001953125,2432.9384765625,2452.69775390625,2448.019287109375,2432.570068359375,2452.578369140625,2447.76611328125,2432.9384765625,2452.69775390625,2448.019287109375,2432.966796875,2447.8154296875,2432.9384765625,2452.69775390625,2448.01904296875,2447.6162109375
70,8-Jan-13,11:00,2460.8935546875,2462.223388671875,2460.8935546875,2460.442138671875,2460.185791015625,2461.031982421875,283.5517272949219,283.5527648925781,284.0055236816406,2460.27685546875,2460.15478515625,2459.834716796875,2459.722412109375,2433.397216796875,2433.236328125,2452.875,2447.15673828125,2431.570068359375,2452.823974609375,2446.818603515625,2431.922119140625,2452.875,2447.15673828125,2431.980224609375,2446.88916015625,2431.922119140625,2452.875,2447.15673828125,2446.62841796875
71,8-Jan-13,11:30,2460.8935546875,2462.223388671875,2460.8935546875,2460.295654296875,2461.3779296875,2461.27294921875,283.44976806640625,283.4569396972656,284.1666259765625,2459.78515625,2459.986572265625,2459.225341796875,2459.44189453125,2418.411376953125,2419.549072265625,2453.083251953125,2444.587158203125,2418.614990234375,2453.08935546875,2444.36181640625,2419.549072265625,2453.083251953125,2444.587158203125,2419.62109375,2444.126220703125,2419.549072265625,2453.083251953125,2444.587158203125,2443.67138671875
72,8-Jan-13,12:00,2460.8935546875,2460.8935546875,2460.8935546875,2460.245361328125,2460.160400390625,2461.40185546875,283.4300231933594,283.547119140625,284.2686462402344,2459.82568359375,2460.17822265625,2459.375732421875,2459.73779296875,2422.392822265625,2421.984619140625,2455.433837890625,2444.802001953125,2420.9658203125,2455.68359375,2444.569580078125,2420.687744140625,2455.43408203125,2444.80224609375,2420.8095703125,2444.371826171875,2420.676513671875,2455.43359375,2444.802001953125,2443.952392578125
73,8-Jan-13,12:30,2460.8935546875,2460.8935546875,2460.8935546875,2460.232666015625,2459.721435546875,2461.463623046875,283.392578125,283.0672607421875,284.28204345703125,2459.4248046875,2459.9677734375,2458.838623046875,2459.379150390625,2404.6005859375,2404.95361328125,2453.667724609375,2440.436279296875,2403.708740234375,2453.89990234375,2439.87353515625,2404.95361328125,2453.667724609375,2440.440185546875,2404.887939453125,2439.8984375,2404.953125,2453.668701171875,2440.440185546875,2439.351318359375
74,8-Jan-13,13:00,2460.8935546875,2460.8935546875,2460.8935546875,2460.20654296875,2459.42626953125,2461.34375,283.3423767089844,282.83428955078125,284.167724609375,2458.509033203125,2459.769775390625,2457.7705078125,2459.030029296875,2391.28515625,2391.7568359375,2451.90185546875,2437.600341796875,2390.285888671875,2452.220458984375,2436.689697265625,2391.7392578125,2451.90185546875,2437.600341796875,2391.640625,2437.144775390625,2391.7392578125,2451.9033203125,2437.600341796875,2436.681396484375
75,8-Jan-13,13:30,2460.8935546875,2460.8935546875,2460.8935546875,2460.2509765625,2459.301025390625,2461.195068359375,283.3553466796875,282.73199462890625,284.0492248535156,2458.236328125,2459.730712890625,2457.464599609375,2458.963134765625,2386.232177734375,2387.177490234375,2449.843505859375,2438.43310546875,2385.81787109375,2449.911376953125,2437.54736328125,2387.17236328125,2449.843505859375,2438.43310546875,2386.93212890625,2438.167236328125,2387.17236328125,2449.843505859375,2438.43310546875,2437.884521484375
76,8-Jan-13,14:00,2460.8935546875,2460.8935546875,2460.8935546875,2459.990966796875,2459.422119140625,2460.8681640625,283.14544677734375,282.77978515625,283.791259765625,2457.75146484375,2459.573486328125,2456.869873046875,2458.708740234375,2353.144775390625,2356.03955078125,2449.43017578125,2428.071044921875,2353.547607421875,2449.881591796875,2426.61865234375,2356.03955078125,2449.43017578125,2428.071044921875,2356.5595703125,2427.441650390625,2357.302978515625,2449.43017578125,2428.071044921875,2426.74755859375
77,8-Jan-13,14:30,2462.223388671875,2460.8935546875,2460.8935546875,2459.59521484375,2459.41552734375,2460.77197265625,282.99444580078125,282.7389221191406,283.6881408691406,2456.33837890625,2459.3837890625,2455.287353515625,2458.334716796875,2304.017822265625,2308.80908203125,2449.341064453125,2416.62451171875,2304.3857421875,2450.317138671875,2414.7861328125,2308.80908203125,2449.33642578125,2416.6240234375,2307.572021484375,2415.634033203125,2308.80908203125,2449.33642578125,2416.6240234375,2414.53076171875
78,8-Jan-13,15:00,2460.8935546875,2460.8935546875,2460.8935546875,2458.956298828125,2459.298583984375,2460.611572265625,282.3429260253906,282.5926208496094,283.5101623535156,2455.067138671875,2459.114013671875,2453.80908203125,2457.864501953125,2272.17236328125,2277.47216796875,2446.538330078125,2409.740478515625,2272.030517578125,2447.693359375,2408.916259765625,2277.471435546875,2446.53857421875,2411.042724609375,2276.113525390625,2408.493408203125,2277.46875,2446.53857421875,2409.7490234375,2407.10791015625
79,8-Jan-13,15:30,2460.8935546875,2460.8935546875,2460.8935546875,2459.215087890625,2458.907470703125,2460.3662109375,282.489501953125,282.4510192871094,283.315185546875,2454.89697265625,2458.8212890625,2454.79248046875,2457.39892578125,2257.569091796875,2264.43896484375,2444.258544921875,2402.38671875,2258.943359375,2445.3876953125,2399.6103515625,2264.43896484375,2444.258544921875,2402.384765625,2262.677490234375,2400.8369140625,2264.43896484375,2444.258544921875,2402.384765625,2399.12646484375
80,8-Jan-13,16:00,2460.8935546875,2460.8935546875,2460.8935546875,2459.0048828125,2458.841552734375,2460.24755859375,282.3184814453125,282.37713623046875,283.2047424316406,2456.36474609375,2458.53955078125,2453.455322265625,2456.9677734375,2241.64306640625,2249.882568359375,2442.15673828125,2397.182861328125,2244.07177734375,2443.227783203125,2394.05517578125,2249.882568359375,2442.15673828125,2397.1826171875,2247.766845703125,2395.39013671875,2249.8212890625,2442.15673828125,2397.1826171875,2393.4033203125
81,8-Jan-13,16:30,2460.8935546875,2460.8935546875,2462.223388671875,2458.6572265625,2458.741455078125,2461.52001953125,282.0467224121094,282.1199645996094,283.28106689453125,2453.813720703125,2458.191162109375,2451.9814453125,2456.377685546875,2212.578369140625,2220.922119140625,2440.024169921875,2391.082763671875,2213.924560546875,2441.145263671875,2388.09716796875,2220.923095703125,2440.024169921875,2391.082763671875,2218.8017578125,2388.87353515625,2220.923095703125,2440.024169921875,2391.082763671875,2386.4599609375
82,8-Jan-13,17:00,2460.8935546875,2460.8935546875,2460.8935546875,2458.251220703125,2458.838134765625,2459.482421875,281.8496398925781,282.110107421875,282.5688781738281,2452.111328125,2457.993896484375,2450.09326171875,2457.317626953125,2153.730712890625,2164.739013671875,2437.75341796875,2375.974853515625,2155.615478515625,2439.392333984375,2370.9912109375,2163.57080078125,2437.752197265625,2374.680908203125,2160.78662109375,2371.956787109375,2163.591796875,2437.74658203125,2374.67431640625,2368.95458984375
83,8-Jan-13,17:30,2460.8935546875,2460.8935546875,2460.8935546875,2457.88134765625,2458.50537109375,2459.135498046875,281.5223083496094,281.8067626953125,282.2540588378906,2450.962646484375,2457.45361328125,2448.590087890625,2455.109375,2102.9921875,2116.147216796875,2434.608154296875,2361.640380859375,2105.50537109375,2436.5400390625,2357.313232421875,2116.147216796875,2434.602294921875,2361.6416015625,2112.79345703125,2358.466064453125,2116.214111328125,2434.602294921875,2361.6416015625,2354.968994140625
84,8-Jan-13,18:00,2460.8935546875,2460.8935546875,2460.8935546875,2457.68310546875,2459.65380859375,2458.715087890625,281.1775207519531,281.7774658203125,281.9077453613281,2450.926513671875,2457.04833984375,2448.26611328125,2454.4208984375,2047.4658203125,2062.1298828125,2431.955078125,2345.008056640625,2049.40673828125,2435.68310546875,2340.079345703125,2062.118408203125,2431.9462890625,2345.007080078125,2058.39013671875,2341.061767578125,2062.104248046875,2431.94677734375,2345.006591796875,2336.759521484375
85,8-Jan-13,18:30,2460.8935546875,2460.8935546875,2460.8935546875,2457.2744140625,2458.4150390625,2458.460205078125,280.8593444824219,281.64410400390625,281.6906433105469,2448.203857421875,2456.942138671875,2445.423583984375,2454.2099609375,1990.0087890625,2006.125732421875,2432.3857421875,2331.617919921875,1991.01806640625,2435.406005859375,2326.443359375,2006.125732421875,2432.3857421875,2331.613525390625,2002.06103515625,2326.970947265625,2006.1435546875,2432.3857421875,2331.613525390625,2321.923095703125
86,8-Jan-13,19:00,2460.8935546875,2460.8935546875,2460.8935546875,2457.232177734375,2458.578369140625,2458.4150390625,280.83642578125,281.7605285644531,281.66534423828125,2448.07080078125,2456.9111328125,2445.267822265625,2454.138671875,1971.57568359375,1987.6533203125,2434.1591796875,2326.703369140625,1971.6043701171875,2437.38427734375,2321.560791015625,1987.6533203125,2434.159423828125,2326.703369140625,1984.402587890625,2321.727294921875,1987.6533203125,2434.159423828125,2326.7021484375,2316.3173828125
87,8-Jan-13,19:30,2460.8935546875,2460.8935546875,2460.8935546875,2458.255859375,2458.43701171875,2458.1630859375,280.57965087890625,281.61328125,281.4415283203125,2447.90576171875,2456.54736328125,2444.890869140625,2453.554443359375,1954.2293701171875,1972.3238525390625,2429.361083984375,2323.843017578125,1956.1697998046875,2432.338623046875,2316.950439453125,1972.3238525390625,2429.361083984375,2322.579833984375,1967.726806640625,2317.57177734375,1972.308349609375,2429.361083984375,2322.579833984375,2313.358642578125
88,8-Jan-13,20:00,2460.8935546875,2460.8935546875,2460.8935546875,2456.878173828125,2458.0263671875,2458.258544921875,280.51898193359375,281.30755615234375,281.4795837402344,2447.6181640625,2456.156005859375,2444.370361328125,2452.960693359375,1961.1866455078125,1977.680908203125,2424.337890625,2322.51220703125,1961.9534912109375,2426.989501953125,2316.7216796875,1977.6776123046875,2424.337890625,2322.524658203125,1973.5289306640625,2317.508544921875,1977.6776123046875,2424.326171875,2322.524658203125,2312.06005859375
89,8-Jan-13,20:30,2460.8935546875,2460.8935546875,2460.8935546875,2456.813232421875,2458.242919921875,2458.431884765625,280.49920654296875,281.47900390625,281.6218566894531,2447.527587890625,2456.205810546875,2444.30419921875,2453.022216796875,1964.452880859375,1980.025634765625,2424.041015625,2323.59375,1964.13916015625,2426.63720703125,2318.0205078125,1980.025634765625,2424.041015625,2323.595947265625,1976.1298828125,2318.48388671875,1980.057373046875,2424.041015625,2323.595947265625,2312.9775390625
90,8-Jan-13,21:00,2460.8935546875,2460.8935546875,2460.8935546875,2456.6982421875,2458.4697265625,2458.56689453125,280.43975830078125,281.6514587402344,281.7320556640625,2447.785400390625,2456.37548828125,2444.664794921875,2453.2802734375,1967.7691650390625,1984.6761474609375,2427.244140625,2326.897216796875,1967.5948486328125,2428.423828125,2321.830810546875,1983.60205078125,2425.9326171875,2326.883056640625,1979.7784423828125,2321.808349609375,1983.7457275390625,2425.92724609375,2326.882080078125,2316.339599609375
91,8-Jan-13,21:30,2460.8935546875,2460.8935546875,2460.8935546875,2456.7734375,2458.5,2458.938232421875,280.52587890625,281.70758056640625,282.02081298828125,2448.916259765625,2456.410888671875,2445.868408203125,2453.406982421875,2007.1348876953125,2021.184326171875,2426.501220703125,2338.0546875,2006.5284423828125,2428.577392578125,2333.574951171875,2021.184326171875,2426.4931640625,2338.0546875,2017.68310546875,2333.212890625,2021.184326171875,2426.4931640625,2338.05908203125,2328.011474609375
92,8-Jan-13,22:00,2460.8935546875,2460.8935546875,2460.8935546875,2456.7626953125,2458.9111328125,2459.14404296875,280.5635070800781,282.0317687988281,282.2060546875,2449.450439453125,2456.78759765625,2446.636962890625,2454.011962890625,2014.5792236328125,2028.5732421875,2431.854248046875,2341.32763671875,2013.8555908203125,2434.277099609375,2336.862060546875,2028.5960693359375,2431.8408203125,2341.332763671875,2024.801025390625,2336.83447265625,2028.6143798828125,2431.865234375,2341.327880859375,2331.946044921875
93,8-Jan-13,22:30,2460.8935546875,2460.8935546875,2460.8935546875,2457.239990234375,2459.210693359375,2459.369873046875,280.9595947265625,282.3087463378906,282.434814453125,2450.69384765625,2458.40283203125,2448.09716796875,2454.503173828125,2081.918212890625,2093.64453125,2436.3779296875,2359.219970703125,2081.024169921875,2438.59521484375,2354.255615234375,2093.64453125,2436.3779296875,2359.219970703125,2090.72998046875,2355.274169921875,2093.655029296875,2436.3779296875,2359.219970703125,2349.761474609375
94,8-Jan-13,23:00,2460.8935546875,2460.8935546875,2460.8935546875,2457.581787109375,2459.357666015625,2459.52197265625,281.237548828125,282.4556884765625,282.5865478515625,2451.37109375,2457.488037109375,2449.0361328125,2455.169189453125,2128.8798828125,2138.551513671875,2437.824462890625,2370.433349609375,2127.5283203125,2439.716796875,2367.314453125,2138.5625,2437.824462890625,2371.73583984375,2136.153564453125,2368.337890625,2138.56298828125,2437.824462890625,2371.73583984375,2363.417236328125
95,8-Jan-13,23:30,2460.8935546875,2460.8935546875,2460.8935546875,2458.55126953125,2459.380615234375,2459.49853515625,281.9632873535156,282.5412902832031,282.6435852050781,2452.53466796875,2458.067138671875,2450.576416015625,2456.125732421875,2202.206787109375,2209.251708984375,2438.11572265625,2387.19189453125,2202.22900390625,2439.48583984375,2382.90771484375,2209.251708984375,2438.110107421875,2385.910888671875,2207.50439453125,2383.35546875,2209.24951171875,2438.110107421875,2385.910888671875,2380.623046875
96,9-Jan-13,0:00,2462.223388671875,2460.8935546875,2460.8935546875,2458.42724609375,2459.721435546875,2459.677978515625,281.9088134765625,282.80242919921875,282.7951354980469,2453.224609375,2458.4755859375,2451.52685546875,2456.7958984375,2220.019775390625,2226.5732421875,2441.679931640625,2390.658447265625,2218.722900390625,2443.171875,2387.99853515625,2227.797119140625,2441.675048828125,2390.658447265625,2226.175048828125,2388.157958984375,2227.797119140625,2441.675048828125,2391.94580078125,2385.487060546875
97,9-Jan-13,0:30,2460.8935546875,2460.8935546875,2460.8935546875,2458.6865234375,2460.05078125,2459.84521484375,282.1395568847656,283.08160400390625,282.9654541015625,2454.237060546875,2459.0234375,2452.8916015625,2457.681640625,2243.2998046875,2249.88525390625,2445.804443359375,2396.2685546875,2242.604248046875,2447.32568359375,2393.952880859375,2249.89794921875,2445.800537109375,2396.2685546875,2248.260009765625,2393.9404296875,2249.89794921875,2445.800537109375,2396.2685546875,2391.4423828125
98,9-Jan-13,1:00,2460.8935546875,2460.8935546875,2460.8935546875,2458.62451171875,2460.18115234375,2459.92724609375,282.10888671875,283.18145751953125,283.0325012207031,2454.4208984375,2459.136962890625,2453.147705078125,2457.876953125,2247.124267578125,2254.125244140625,2447.113037109375,2398.923095703125,2246.864990234375,2448.677001953125,2396.6806640625,2254.125244140625,2447.11279296875,2398.923095703125,2252.35791015625,2396.866455078125,2254.125244140625,2447.11279296875,2398.93212890625,2394.62451171875
99,9-Jan-13,1:30,2460.8935546875,2462.223388671875,2460.8935546875,2458.746337890625,2460.2060546875,2460.078125,282.2132263183594,283.220458984375,283.1577453613281,2456.431396484375,2459.22021484375,2453.907958984375,2458.02099609375,2265.648681640625,2271.82763671875,2447.109130859375,2404.502197265625,2265.1689453125,2448.4384765625,2401.2880859375,2270.594482421875,2447.109130859375,2404.502197265625,2269.05126953125,2401.138427734375,2270.594482421875,2447.109130859375,2404.502197265625,2398.917724609375
100,9-Jan-13,2:00,2460.8935546875,2460.8935546875,2460.8935546875,2459.007080078125,2460.231689453125,2460.202392578125,282.4194641113281,283.2679443359375,283.2732238769531,2455.519775390625,2459.432861328125,2454.461181640625,2458.391357421875,2282.1689453125,2289.07080078125,2447.68896484375,2406.9140625,2282.984619140625,2448.88427734375,2406.409912109375,2287.834716796875,2447.69384765625,2406.915283203125,2287.654296875,2405.001953125,2287.834716796875,2447.69384765625,2406.915283203125,2402.946044921875
101,9-Jan-13,2:30,2460.8935546875,2460.8935546875,2460.8935546875,2459.063232421875,2460.3671875,2460.13037109375,282.4662170410156,283.3686218261719,283.38604736328125,2455.5791015625,2459.62158203125,2454.63134765625,2458.6728515625,2279.19970703125,2285.756103515625,2448.917724609375,2406.755126953125,2280.7919921875,2450.251708984375,2403.454833984375,2285.756103515625,2448.917724609375,2405.46044921875,2284.0966796875,2403.586181640625,2285.769287109375,2448.91650390625,2405.457763671875,2401.539306640625
102,9-Jan-13,3:00,2460.8935546875,2460.8935546875,2460.8935546875,2459.25439453125,2460.13330078125,2460.0,282.5823669433594,283.196533203125,283.1313781738281,2455.687255859375,2459.3583984375,2454.59375,2458.26025390625,2286.906005859375,2293.260498046875,2447.376708984375,2407.22607421875,2287.654541015625,2448.56787109375,2405.01318359375,2293.260498046875,2447.374267578125,2407.22607421875,2291.6455078125,2405.58203125,2293.260498046875,2447.374267578125,2407.22607421875,2403.78125
103,9-Jan-13,3:30,2460.8935546875,2460.8935546875,2460.8935546875,2460.671630859375,2460.233154296875,2460.004150390625,282.65618896484375,283.278564453125,283.148681640625,2456.175537109375,2459.438232421875,2455.1474609375,2458.422119140625,2298.653564453125,2304.55126953125,2447.875732421875,2409.678466796875,2299.319091796875,2449.001953125,2407.5732421875,2304.55126953125,2447.875732421875,2409.67822265625,2303.058837890625,2408.04833984375,2304.551025390625,2447.873291015625,2409.67822265625,2406.2724609375
104,9-Jan-13,4:00,2460.8935546875,2460.8935546875,2460.8935546875,2459.33203125,2460.304931640625,2460.01953125,282.80731201171875,283.3329162597656,283.16473388671875,2456.226318359375,2459.509033203125,2455.241455078125,2458.538330078125,2312.355712890625,2318.47119140625,2448.40869140625,2413.4453125,2313.663818359375,2449.52587890625,2411.474365234375,2317.21875,2448.41259765625,2413.446044921875,2315.993896484375,2412.0009765625,2317.21875,2448.408203125,2413.443603515625,2410.43212890625
105,9-Jan-13,4:30,2460.8935546875,2460.8935546875,2460.8935546875,2459.3984375,2460.367431640625,2460.13427734375,282.7174377441406,283.393310546875,283.2611999511719,2456.45849609375,2459.7431640625,2455.615966796875,2458.90576171875,2317.582275390625,2322.36962890625,2448.443603515625,2414.810791015625,2317.62939453125,2449.419189453125,2413.08154296875,2322.366943359375,2448.443359375,2414.806396484375,2321.162841796875,2413.317626953125,2322.366943359375,2448.443359375,2414.806396484375,2411.709228515625
106,9-Jan-13,5:00,2460.8935546875,2460.8935546875,2460.8935546875,2459.359375,2460.4140625,2460.225830078125,282.6983642578125,283.4324645996094,283.33087158203125,2456.5966796875,2459.865478515625,2455.829345703125,2459.09912109375,2322.61279296875,2326.96435546875,2450.062744140625,2415.920166015625,2322.256103515625,2451.001708984375,2414.349609375,2326.96435546875,2448.739501953125,2415.920166015625,2325.883544921875,2414.351806640625,2326.96435546875,2448.739501953125,2415.920166015625,2412.673583984375
107,9-Jan-13,5:30,2460.8935546875,2460.8935546875,2460.8935546875,2459.426025390625,2460.413330078125,2460.26611328125,282.7511901855469,283.4398193359375,283.3663635253906,2456.8564453125,2461.180908203125,2456.09228515625,2459.0849609375,2330.583740234375,2334.718505859375,2448.911376953125,2419.592529296875,2330.323486328125,2449.7578125,2416.80419921875,2334.718505859375,2448.911376953125,2418.292236328125,2333.684814453125,2416.831298828125,2334.717041015625,2448.911376953125,2418.292236328125,2416.571044921875
108,9-Jan-13,6:00,2460.8935546875,2460.8935546875,2460.8935546875,2459.573974609375,2461.762451171875,2460.32373046875,282.86767578125,283.46954345703125,283.4225769042969,2458.45263671875,2459.923583984375,2457.740478515625,2459.20849609375,2343.857421875,2347.092529296875,2449.1171875,2421.70947265625,2343.1015625,2449.8349609375,2420.463134765625,2347.092529296875,2449.1171875,2421.709228515625,2346.2998046875,2420.310791015625,2347.092529296875,2449.1171875,2421.709228515625,2418.82958984375
109,9-Jan-13,6:30,2460.8935546875,2460.8935546875,2460.8935546875,2459.66162109375,2460.4765625,2460.388916015625,282.94140625,283.5137939453125,283.48175048828125,2457.413818359375,2459.993896484375,2456.754150390625,2459.347900390625,2354.783447265625,2357.490966796875,2450.063720703125,2424.580810546875,2353.807373046875,2450.7587890625,2423.482666015625,2357.490966796875,2450.063720703125,2425.890869140625,2356.837646484375,2424.560302734375,2357.490234375,2450.06396484375,2425.890869140625,2421.851318359375
110,9-Jan-13,7:00,2460.8935546875,2460.8935546875,2460.8935546875,2459.547119140625,2460.5166015625,2460.32421875,282.853759765625,283.6838684082031,283.4269714355469,2457.47265625,2459.771240234375,2456.690185546875,2458.9990234375,2352.769287109375,2355.438232421875,2450.176513671875,2424.98046875,2351.77490234375,2450.92138671875,2423.869384765625,2355.435791015625,2450.17578125,2424.977783203125,2354.7890625,2423.732421875,2355.435791015625,2450.17578125,2426.288330078125,2422.41845703125
111,9-Jan-13,7:30,2460.8935546875,2462.223388671875,2460.8935546875,2459.83642578125,2461.850830078125,2460.420654296875,283.07781982421875,283.562255859375,283.5220947265625,2458.09375,2460.025146484375,2457.4814453125,2459.422119140625,2366.3818359375,2368.9638671875,2451.132080078125,2427.065673828125,2365.7197265625,2451.773681640625,2426.05078125,2368.93701171875,2451.13232421875,2427.06396484375,2368.306884765625,2425.84228515625,2368.93701171875,2451.13232421875,2427.06396484375,2424.5546875
112,9-Jan-13,8:00,2460.8935546875,2460.8935546875,2460.8935546875,2460.169921875,2460.571533203125,2460.442626953125,283.3328857421875,283.7794189453125,283.567626953125,2458.85400390625,2460.332763671875,2458.4482421875,2459.90576171875,2392.013916015625,2394.6357421875,2452.37060546875,2434.4609375,2392.564208984375,2452.801025390625,2433.475341796875,2394.628662109375,2452.368896484375,2434.461669921875,2393.96240234375,2435.101318359375,2394.626708984375,2452.368896484375,2435.776611328125,2433.048095703125
113,9-Jan-13,8:30,2460.8935546875,2460.8935546875,2462.223388671875,2460.189208984375,2460.653564453125,2460.562255859375,283.36224365234375,283.6982116699219,283.6656494140625,2460.437255859375,2460.4794921875,2458.7958984375,2460.15625,2401.1708984375,2403.24169921875,2452.605712890625,2437.95361328125,2401.454833984375,2452.88671875,2437.248779296875,2403.24169921875,2452.6044921875,2437.95458984375,2402.716552734375,2437.377685546875,2403.24169921875,2452.6044921875,2437.95458984375,2436.751220703125
114,9-Jan-13,9:00,2460.8935546875,2460.8935546875,2460.8935546875,2460.22265625,2460.718994140625,2460.693603515625,283.40179443359375,283.7596130371094,283.77227783203125,2459.43408203125,2461.8203125,2459.14306640625,2460.20361328125,2409.76025390625,2411.753662109375,2453.871826171875,2441.759765625,2410.354736328125,2454.09521484375,2441.196044921875,2411.75390625,2453.872802734375,2441.759765625,2411.233642578125,2441.4345703125,2411.75390625,2453.872802734375,2441.759033203125,2441.063720703125
115,9-Jan-13,9:30,2462.223388671875,2460.893310546875,2460.8935546875,2461.700927734375,2460.793212890625,2460.867919921875,283.6846923828125,283.8394470214844,283.9208984375,2459.8251953125,2460.673828125,2459.654541015625,2460.495849609375,2428.885498046875,2429.73876953125,2454.441162109375,2448.282958984375,2428.88818359375,2454.484130859375,2448.04248046875,2429.73876953125,2454.441162109375,2448.282958984375,2429.5205078125,2448.108642578125,2429.73876953125,2454.44091796875,2446.9609375,2446.595458984375
116,9-Jan-13,10:00,2460.8935546875,2460.8935546875,2460.8935546875,2460.58447265625,2460.954345703125,2460.875244140625,283.70343017578125,283.9768371582031,283.954345703125,2460.51513671875,2460.87548828125,2460.48828125,2460.83837890625,2447.095703125,2447.5361328125,2456.473876953125,2450.963623046875,2447.228271484375,2456.5361328125,2450.84814453125,2447.5361328125,2456.473876953125,2450.963623046875,2447.418212890625,2450.949951171875,2446.214599609375,2456.473876953125,2450.963623046875,2450.927734375
117,9-Jan-13,10:30,2460.8935546875,2460.8935546875,2460.8935546875,2460.578857421875,2462.2802734375,2460.863525390625,283.69805908203125,284.1259765625,283.94482421875,2460.5888671875,2460.876708984375,2460.56591796875,2460.858642578125,2454.653076171875,2454.6748046875,2456.234619140625,2454.3974609375,2454.767822265625,2456.181640625,2454.386962890625,2453.349853515625,2456.234619140625,2454.3974609375,2453.330810546875,2454.669189453125,2453.349853515625,2456.234619140625,2454.3974609375,2454.94384765625
118,9-Jan-13,11:00,2460.8935546875,2460.8935546875,2460.8935546875,2460.7958984375,2461.05224609375,2460.946533203125,283.8743591308594,284.0711669921875,284.0316162109375,2461.076171875,2461.157470703125,2461.234375,2461.32763671875,2465.586181640625,2465.306640625,2459.363525390625,2457.24853515625,2467.060791015625,2457.97216796875,2457.433837890625,2466.638916015625,2458.03515625,2457.24853515625,2465.36328125,2457.58984375,2465.3076171875,2458.03515625,2457.24853515625,2457.94091796875
119,9-Jan-13,11:30,2462.223388671875,2460.8935546875,2460.8935546875,2460.91064453125,2461.066162109375,2461.07666015625,283.9709167480469,284.0996398925781,284.1396484375,2461.39697265625,2461.25732421875,2461.624267578125,2461.490234375,2472.39453125,2472.199951171875,2459.022705078125,2459.2646484375,2472.819091796875,2458.932861328125,2459.51806640625,2472.199951171875,2459.022705078125,2459.2646484375,2472.22216796875,2459.760986328125,2472.199951171875,2460.3515625,2459.2646484375,2460.265625
120,9-Jan-13,12:00,2460.8935546875,2462.223388671875,2460.8935546875,2460.92431640625,2461.023681640625,2461.189453125,283.9862976074219,284.0771179199219,284.2228088378906,2461.165283203125,2461.367919921875,2461.44482421875,2461.65087890625,2471.708251953125,2471.275390625,2460.2314453125,2458.790283203125,2471.7265625,2460.327392578125,2459.018798828125,2471.27587890625,2460.23095703125,2458.792236328125,2471.364501953125,2459.25439453125,2471.275146484375,2460.231689453125,2458.792236328125,2459.729736328125
121,9-Jan-13,12:30,2460.8935546875,2460.8935546875,2460.8935546875,2461.00341796875,2462.467529296875,2461.182373046875,284.0534362792969,284.3216552734375,284.2318115234375,2461.370849609375,2461.526611328125,2461.75,2461.893798828125,2476.426513671875,2475.820556640625,2460.6728515625,2459.94580078125,2476.375,2460.69384765625,2460.344482421875,2475.821044921875,2460.672607421875,2459.943359375,2475.963134765625,2460.354248046875,2475.821044921875,2460.672607421875,2459.943359375,2460.78271484375
122,9-Jan-13,13:00,2460.8935546875,2460.8935546875,2460.8935546875,2461.148681640625,2461.027099609375,2461.35595703125,284.166748046875,284.1083984375,284.36590576171875,2461.5361328125,2461.542236328125,2461.93017578125,2461.9267578125,2488.608642578125,2487.2724609375,2460.157958984375,2465.080810546875,2488.28271484375,2459.885986328125,2465.867919921875,2488.61669921875,2460.157958984375,2465.080810546875,2488.943359375,2465.691162109375,2488.61669921875,2460.157958984375,2465.080810546875,2466.3369140625
123,9-Jan-13,13:30,2460.8935546875,2460.8935546875,2462.223388671875,2461.27099609375,2461.053955078125,2462.695068359375,284.2610168457031,284.1381530761719,284.3839111328125,2462.220947265625,2461.467041015625,2462.602783203125,2461.843017578125,2498.111083984375,2496.703857421875,2460.177490234375,2467.143310546875,2498.120849609375,2459.82080078125,2466.488525390625,2496.69873046875,2460.176513671875,2465.8076171875,2497.04833984375,2466.387451171875,2496.7041015625,2460.17578125,2465.807373046875,2467.005859375
124,9-Jan-13,14:00,2460.8935546875,2460.8935546875,2460.8935546875,2461.0771484375,2462.142822265625,2461.277587890625,284.09161376953125,284.089599609375,284.2854309082031,2461.678466796875,2461.03369140625,2461.7919921875,2461.153076171875,2481.546875,2480.801513671875,2457.595703125,2460.452880859375,2481.849853515625,2457.264892578125,2460.682373046875,2480.801513671875,2457.595703125,2460.452880859375,2480.980224609375,2460.849853515625,2480.802978515625,2457.595703125,2460.452880859375,2461.26904296875
125,9-Jan-13,14:30,2460.8935546875,2460.8935546875,2460.8935546875,2461.229248046875,2460.832763671875,2461.22607421875,284.2031555175781,283.958251953125,284.2594909667969,2461.9267578125,2461.23095703125,2462.162353515625,2461.4765625,2487.024658203125,2487.553955078125,2460.395751953125,2460.73876953125,2487.35986328125,2458.898193359375,2460.901611328125,2486.210205078125,2459.06689453125,2460.73876953125,2486.40576171875,2461.1611328125,2486.210205078125,2459.06689453125,2460.73876953125,2461.607177734375
126,9-Jan-13,15:00,2460.8935546875,2460.8935546875,2460.8935546875,2462.536376953125,2460.8173828125,2461.237060546875,284.33929443359375,283.9459228515625,284.2649230957031,2461.805419921875,2461.259765625,2462.052001953125,2461.519287109375,2483.97119140625,2483.338623046875,2458.524169921875,2461.10595703125,2484.440185546875,2458.2509765625,2461.390380859375,2483.338134765625,2459.852783203125,2461.10595703125,2483.482421875,2461.55908203125,2483.338134765625,2458.524658203125,2461.10595703125,2462.031982421875
127,9-Jan-13,15:30,2460.8935546875,2460.8935546875,2460.8935546875,2461.1982421875,2460.76708984375,2461.227783203125,284.1751708984375,283.90673828125,284.2536315917969,2461.163330078125,2461.198486328125,2461.34716796875,2461.395751953125,2468.656494140625,2468.673828125,2460.540283203125,2456.188720703125,2470.452880859375,2459.201171875,2456.236572265625,2470.009765625,2459.2109375,2456.189697265625,2468.65087890625,2456.49609375,2468.674560546875,2459.2109375,2456.189697265625,2456.80517578125
128,9-Jan-13,16:00,2460.8935546875,2460.8935546875,2460.8935546875,2460.916259765625,2460.668701171875,2460.91259765625,283.93353271484375,283.7886047363281,283.9866943359375,2460.267333984375,2460.890380859375,2460.23828125,2460.862060546875,2446.511474609375,2446.96923828125,2456.469482421875,2448.759521484375,2446.71484375,2456.63671875,2448.284423828125,2446.96728515625,2456.469482421875,2448.7607421875,2446.841064453125,2448.789306640625,2446.96728515625,2456.469482421875,2448.7607421875,2448.80859375
129,9-Jan-13,16:30,2460.8935546875,2462.223388671875,2460.8935546875,2460.695068359375,2460.7138671875,2460.7265625,283.7574768066406,283.7925109863281,283.8324890136719,2460.185302734375,2460.721923828125,2460.0576171875,2460.583984375,2437.88916015625,2439.084228515625,2455.171142578125,2447.1845703125,2438.720947265625,2455.30126953125,2446.559326171875,2439.084228515625,2455.171875,2447.18701171875,2438.75927734375,2447.194091796875,2439.083984375,2455.171875,2447.18701171875,2447.175048828125
130,9-Jan-13,17:00,2462.223388671875,2460.8935546875,2460.8935546875,2460.629638671875,2460.653076171875,2460.668212890625,283.69970703125,283.73773193359375,283.7789611816406,2459.75927734375,2460.65625,2459.57568359375,2460.46240234375,2424.501708984375,2426.0263671875,2454.71630859375,2441.671875,2425.109130859375,2454.994873046875,2440.84228515625,2426.013671875,2454.71630859375,2441.671875,2425.622802734375,2441.328125,2426.013671875,2454.717041015625,2441.671875,2442.2685546875
131,9-Jan-13,17:30,2460.8935546875,2460.8935546875,2460.8935546875,2460.32861328125,2460.517333984375,2460.476806640625,283.4500732421875,283.59918212890625,283.60137939453125,2460.33251953125,2460.424072265625,2459.98486328125,2460.0595703125,2409.28857421875,2411.321044921875,2451.788818359375,2439.61865234375,2410.122802734375,2451.959716796875,2438.7041015625,2411.318115234375,2451.788818359375,2439.617919921875,2410.78955078125,2439.31103515625,2411.318115234375,2451.789794921875,2439.6181640625,2438.957763671875
132,9-Jan-13,18:00,2460.8935546875,2460.8935546875,2460.8935546875,2459.9931640625,2460.40185546875,2460.34326171875,283.18060302734375,283.47796630859375,283.4665832519531,2458.015869140625,2459.981201171875,2457.37548828125,2459.33544921875,2375.4541015625,2378.825439453125,2449.10400390625,2430.316650390625,2376.531982421875,2449.345947265625,2429.05810546875,2378.826416015625,2449.1025390625,2430.316162109375,2377.96142578125,2429.574462890625,2378.826416015625,2450.430419921875,2430.316162109375,2428.754150390625
133,9-Jan-13,18:30,2460.8935546875,2460.8935546875,2460.8935546875,2459.618896484375,2460.226806640625,2460.209228515625,282.877685546875,283.3090515136719,283.32415771484375,2456.994140625,2459.535400390625,2456.057861328125,2458.609130859375,2340.847900390625,2344.833251953125,2446.094970703125,2421.6484375,2341.299560546875,2446.45556640625,2420.192138671875,2344.832275390625,2446.093017578125,2421.65771484375,2343.826416015625,2420.473876953125,2344.8310546875,2446.092529296875,2421.64892578125,2419.183349609375
134,9-Jan-13,19:00,2460.8935546875,2460.8935546875,2460.8935546875,2460.78857421875,2460.239501953125,2460.17138671875,282.75653076171875,283.3043518066406,283.28448486328125,2456.685302734375,2459.474365234375,2455.700927734375,2458.496826171875,2331.348876953125,2335.18359375,2446.05322265625,2419.050537109375,2331.12060546875,2446.598388671875,2417.53125,2335.1376953125,2446.05615234375,2419.049560546875,2334.1904296875,2417.692138671875,2335.134765625,2446.053466796875,2419.04931640625,2417.545654296875
135,9-Jan-13,19:30,2460.8935546875,2460.8935546875,2460.8935546875,2459.405517578125,2460.306884765625,2460.185302734375,282.72198486328125,283.50518798828125,283.2957763671875,2456.82763671875,2459.519775390625,2457.2021484375,2458.57373046875,2334.009521484375,2337.99462890625,2446.74951171875,2421.16650390625,2334.078857421875,2447.27001953125,2419.776123046875,2337.99462890625,2446.749755859375,2421.16650390625,2336.990966796875,2419.917236328125,2337.99462890625,2446.749755859375,2421.166259765625,2418.569580078125
136,9-Jan-13,20:00,2460.8935546875,2460.8935546875,2460.8935546875,2459.593505859375,2460.287841796875,2460.095458984375,282.85467529296875,283.3445739746094,283.2406311035156,2457.05859375,2459.604736328125,2456.1640625,2460.042236328125,2340.40234375,2344.338623046875,2446.44189453125,2422.144775390625,2340.710205078125,2446.957763671875,2419.22998046875,2344.3271484375,2446.439208984375,2420.843017578125,2343.34130859375,2419.629638671875,2344.32568359375,2446.439208984375,2420.843017578125,2419.627197265625
137,9-Jan-13,20:30,2460.8935546875,2460.8935546875,2462.223388671875,2459.597900390625,2460.28857421875,2461.431396484375,282.8584899902344,283.3460693359375,283.39910888671875,2457.11328125,2459.563232421875,2456.197998046875,2458.650390625,2333.509521484375,2337.5400390625,2447.40625,2418.628662109375,2333.49560546875,2448.104248046875,2415.689697265625,2337.5400390625,2447.406494140625,2418.628662109375,2336.542236328125,2417.079345703125,2337.5400390625,2447.406494140625,2418.628662109375,2414.125244140625
138,9-Jan-13,21:00,2460.8935546875,2460.8935546875,2462.223388671875,2459.572021484375,2460.27880859375,2461.41357421875,282.8371276855469,283.33538818359375,283.2297668457031,2457.180908203125,2460.857666015625,2456.248779296875,2458.608642578125,2333.462646484375,2337.65625,2447.172119140625,2417.010498046875,2333.67919921875,2447.903076171875,2416.521728515625,2337.65625,2447.172119140625,2417.010498046875,2336.61279296875,2415.5302734375,2337.65576171875,2447.172119140625,2417.010498046875,2413.9462890625
139,9-Jan-13,21:30,2460.8935546875,2460.8935546875,2460.8935546875,2459.553955078125,2460.29443359375,2460.14306640625,282.8291015625,283.3504333496094,283.27410888671875,2457.039306640625,2459.506591796875,2456.088623046875,2458.571533203125,2337.484130859375,2341.13818359375,2447.578857421875,2419.04736328125,2337.20166015625,2448.301025390625,2417.4423828125,2341.13818359375,2447.578857421875,2419.04736328125,2340.243896484375,2417.67724609375,2341.14892578125,2447.578857421875,2419.04736328125,2416.2158203125
140,9-Jan-13,22:00,2460.8935546875,2460.8935546875,2460.8935546875,2459.758056640625,2460.263916015625,2460.1708984375,282.9817810058594,283.3442077636719,283.3083801269531,2457.27587890625,2459.64404296875,2456.4130859375,2458.79150390625,2347.1875,2350.83740234375,2447.51513671875,2422.005859375,2347.330322265625,2448.07470703125,2420.502685546875,2350.83740234375,2447.51513671875,2422.005859375,2349.922119140625,2420.79638671875,2350.837158203125,2447.51513671875,2422.005859375,2419.496826171875
141,9-Jan-13,22:30,2460.8935546875,2460.8935546875,2462.223388671875,2459.633056640625,2460.2939453125,2460.226318359375,282.8945617675781,283.362060546875,283.3431701660156,2458.291015625,2459.613037109375,2457.395263671875,2458.718994140625,2344.508544921875,2347.9716796875,2447.50439453125,2423.534912109375,2344.30419921875,2448.025634765625,2422.2666015625,2348.00927734375,2447.501708984375,2423.531005859375,2347.1025390625,2422.4140625,2347.96923828125,2447.50341796875,2423.53125,2421.211181640625
142,9-Jan-13,23:00,2460.8935546875,2460.8935546875,2460.8935546875,2459.727294921875,2460.310302734375,2460.19921875,282.9641418457031,283.379150390625,283.33087158203125,2456.878662109375,2459.74169921875,2456.0537109375,2458.930419921875,2349.26318359375,2352.40625,2447.800048828125,2424.95947265625,2348.86865234375,2448.291259765625,2423.818603515625,2352.406005859375,2447.800048828125,2424.95947265625,2351.621337890625,2423.898193359375,2352.406005859375,2447.797607421875,2424.95947265625,2422.759521484375
143,9-Jan-13,23:30,2460.8935546875,2460.8935546875,2460.8935546875,2459.969482421875,2460.231689453125,2460.2880859375,283.1463317871094,283.3441467285156,283.4105224609375,2457.417236328125,2459.833251953125,2456.667236328125,2459.08349609375,2361.2626953125,2364.222412109375,2447.645263671875,2427.22119140625,2361.13427734375,2449.271484375,2426.160888671875,2364.191650390625,2447.645263671875,2427.22119140625,2363.455078125,2426.176513671875,2364.191650390625,2447.645263671875,2427.22119140625,2425.05908203125
144,10-Jan-13,0:00,2460.8935546875,2460.8935546875,2460.8935546875,2460.052978515625,2460.304443359375,2460.259521484375,283.2121276855469,283.40283203125,283.40057373046875,2457.6181640625,2459.981201171875,2456.960205078125,2459.32373046875,2369.84130859375,2372.672119140625,2448.028076171875,2429.10693359375,2369.906982421875,2449.624267578125,2427.99951171875,2372.672119140625,2448.028076171875,2429.10693359375,2371.931640625,2428.206298828125,2372.641357421875,2448.028076171875,2429.10693359375,2427.236328125
145,10-Jan-13,0:30,2460.8935546875,2462.223388671875,2460.8935546875,2459.973388671875,2460.474853515625,2460.3154296875,283.169189453125,283.6826171875,283.449462890625,2457.727783203125,2460.15234375,2458.4990234375,2459.584228515625,2373.3896484375,2376.38330078125,2449.73828125,2431.1474609375,2373.68798828125,2450.115234375,2430.0927734375,2376.38330078125,2451.062255859375,2431.1474609375,2375.620361328125,2430.428466796875,2376.38330078125,2451.062255859375,2431.1494140625,2429.638671875
146,10-Jan-13,1:00,2460.8935546875,2460.8935546875,2460.8935546875,2461.26708984375,2460.49658203125,2460.40869140625,283.1509704589844,283.55023193359375,283.5189514160156,2458.04150390625,2460.140380859375,2457.4912109375,2459.599853515625,2377.431640625,2380.571533203125,2450.42041015625,2433.914306640625,2378.0068359375,2450.8232421875,2431.538330078125,2380.57275390625,2450.420166015625,2432.6005859375,2379.765380859375,2431.98046875,2380.571533203125,2450.42041015625,2432.599609375,2431.285400390625
147,10-Jan-13,1:30,2460.8935546875,2460.8935546875,2460.8935546875,2460.150634765625,2460.554443359375,2460.40283203125,283.314208984375,283.60870361328125,283.5348205566406,2458.476318359375,2461.52392578125,2457.97607421875,2459.7001953125,2391.2568359375,2393.612548828125,2450.7666015625,2434.51123046875,2391.365478515625,2451.089111328125,2433.639892578125,2393.612548828125,2450.7666015625,2434.51123046875,2391.724853515625,2433.822998046875,2392.319580078125,2450.7666015625,2434.51123046875,2433.076416015625
148,10-Jan-13,2:00,2460.8935546875,2460.8935546875,2460.8935546875,2460.1630859375,2460.568115234375,2460.419189453125,283.3256530761719,283.6211853027344,283.7023010253906,2458.627685546875,2460.19287109375,2458.13330078125,2459.707763671875,2392.388427734375,2394.721923828125,2451.069580078125,2435.099365234375,2392.5634765625,2451.405029296875,2434.229248046875,2394.744873046875,2452.391845703125,2435.098388671875,2394.12890625,2434.446533203125,2394.72216796875,2451.06982421875,2435.098388671875,2433.73681640625
149,10-Jan-13,2:30,2460.8935546875,2460.8935546875,2460.8935546875,2460.20166015625,2460.562255859375,2460.320556640625,283.34686279296875,283.61212158203125,283.47698974609375,2458.662109375,2460.145751953125,2458.140869140625,2458.30419921875,2391.731689453125,2394.386474609375,2450.6640625,2434.60888671875,2392.309326171875,2451.00048828125,2433.570068359375,2394.387939453125,2450.6640625,2434.60888671875,2393.705810546875,2434.02880859375,2394.387939453125,2450.6640625,2434.60888671875,2433.384033203125
150,10-Jan-13,3:00,2460.8935546875,2460.8935546875,2460.8935546875,2460.224853515625,2460.65771484375,2460.386474609375,283.37615966796875,283.6907043457031,283.53564453125,2458.761962890625,2460.29443359375,2458.330810546875,2459.8681640625,2395.913818359375,2398.48388671875,2451.646484375,2435.995849609375,2396.46875,2451.988037109375,2435.094970703125,2398.48388671875,2451.646484375,2435.99658203125,2397.8291015625,2435.454833984375,2398.489501953125,2451.646484375,2435.99658203125,2434.850830078125
151,10-Jan-13,3:30,2460.8935546875,2460.8935546875,2460.8935546875,2460.28369140625,2460.634521484375,2461.6884765625,283.41656494140625,283.6753845214844,283.517578125,2458.723388671875,2460.281982421875,2458.28515625,2459.857666015625,2396.016357421875,2398.504638671875,2452.945068359375,2435.530029296875,2396.48193359375,2453.297119140625,2434.60546875,2398.487060546875,2451.620361328125,2435.529541015625,2397.8486328125,2434.958251953125,2398.487060546875,2451.620361328125,2435.529052734375,2434.32666015625
152,10-Jan-13,4:00,2462.223388671875,2460.8935546875,2460.8935546875,2460.2705078125,2460.650390625,2460.35888671875,283.40771484375,283.6864318847656,283.5176696777344,2458.733642578125,2460.290283203125,2458.299072265625,2459.86083984375,2400.283935546875,2402.279296875,2451.471435546875,2437.927490234375,2400.3798828125,2451.7919921875,2437.088134765625,2402.28515625,2451.471435546875,2437.927490234375,2401.781005859375,2437.35400390625,2402.28515625,2451.4716796875,2437.927490234375,2435.4150390625
153,10-Jan-13,4:30,2460.8935546875,2460.8935546875,2460.8935546875,2460.294677734375,2460.629150390625,2460.382568359375,283.426025390625,283.6739196777344,283.5359191894531,2458.6728515625,2460.337890625,2458.26220703125,2459.92529296875,2400.032470703125,2402.01171875,2451.306884765625,2436.550537109375,2400.09375,2451.590087890625,2435.751708984375,2402.017333984375,2451.306884765625,2436.550537109375,2401.5166015625,2435.949462890625,2402.017333984375,2451.30712890625,2437.867431640625,2435.299072265625
154,10-Jan-13,5:00,2460.8935546875,2460.8935546875,2462.223388671875,2460.302490234375,2460.61328125,2460.45166015625,283.43585205078125,283.667724609375,283.58758544921875,2458.793212890625,2460.33642578125,2458.386962890625,2459.922119140625,2403.057373046875,2404.884765625,2451.542236328125,2437.798095703125,2403.0400390625,2451.802490234375,2437.08642578125,2404.884765625,2451.546142578125,2437.79833984375,2404.426513671875,2437.244140625,2404.884765625,2451.546142578125,2437.79833984375,2436.64501953125
155,10-Jan-13,5:30,2460.8935546875,2460.8935546875,2460.8935546875,2460.162841796875,2460.540771484375,2460.45166015625,283.32598876953125,283.60302734375,283.7249755859375,2459.883056640625,2460.182861328125,2458.05126953125,2459.687744140625,2396.654052734375,2398.473876953125,2450.88037109375,2436.3916015625,2396.458984375,2452.47412109375,2435.63134765625,2398.473876953125,2452.208740234375,2436.39208984375,2398.020263671875,2435.75341796875,2398.473876953125,2452.208740234375,2436.39208984375,2435.06982421875
156,10-Jan-13,6:00,2460.8935546875,2460.8935546875,2460.8935546875,2460.12060546875,2460.518310546875,2460.377685546875,283.2871398925781,283.57745361328125,283.6641540527344,2458.460205078125,2460.073974609375,2459.218994140625,2459.505615234375,2394.1240234375,2396.124267578125,2451.942138671875,2436.04833984375,2394.11181640625,2450.8935546875,2435.20751953125,2396.12353515625,2450.619384765625,2436.0478515625,2395.62451171875,2435.44970703125,2396.12744140625,2450.619384765625,2436.04833984375,2434.7998046875
157,10-Jan-13,6:30,2460.8935546875,2460.8935546875,2460.8935546875,2460.095703125,2460.475341796875,2460.360595703125,283.26416015625,283.54217529296875,283.49298095703125,2458.417236328125,2461.281982421875,2457.7783203125,2460.643310546875,2385.8134765625,2387.91748046875,2450.387451171875,2432.53271484375,2385.54541015625,2450.773681640625,2431.546875,2387.91748046875,2450.387451171875,2432.539306640625,2387.400146484375,2431.6875,2389.20703125,2450.387451171875,2432.539306640625,2430.783447265625
158,10-Jan-13,7:00,2460.8935546875,2460.8935546875,2460.8935546875,2460.0517578125,2460.4423828125,2460.372802734375,283.2296142578125,283.51507568359375,283.4964294433594,2458.291259765625,2460.016357421875,2457.6826171875,2459.412109375,2383.04638671875,2385.198486328125,2450.149169921875,2432.05419921875,2382.721435546875,2450.51513671875,2432.469970703125,2385.198486328125,2450.149169921875,2433.368896484375,2384.67333984375,2432.44677734375,2385.198486328125,2450.149169921875,2433.368896484375,2430.15771484375
159,10-Jan-13,7:30,2460.8935546875,2460.8935546875,2460.8935546875,2460.1103515625,2460.45751953125,2460.342041015625,283.2723693847656,283.52838134765625,283.6318359375,2458.258544921875,2460.043701171875,2458.9912109375,2459.44384765625,2381.06884765625,2383.480224609375,2450.152099609375,2430.69873046875,2380.92822265625,2450.5615234375,2429.660400390625,2383.458740234375,2450.152099609375,2430.697021484375,2382.87353515625,2431.06982421875,2383.46044921875,2450.15185546875,2430.69775390625,2428.7578125
160,10-Jan-13,8:00,2460.8935546875,2460.8935546875,2460.8935546875,2461.5068359375,2460.4775390625,2460.467529296875,283.4864807128906,283.55767822265625,283.5802307128906,2458.5205078125,2460.190673828125,2458.020263671875,2459.685302734375,2390.9287109375,2392.996337890625,2450.341064453125,2434.286376953125,2390.8291015625,2450.576171875,2433.50439453125,2392.99658203125,2451.66845703125,2434.285888671875,2392.488037109375,2433.473388671875,2393.0,2450.343994140625,2435.601318359375,2432.610107421875
161,10-Jan-13,8:30,2460.8935546875,2460.8935546875,2460.8935546875,2460.273681640625,2460.54150390625,2460.513916015625,283.4136657714844,283.61639404296875,283.6271667480469,2459.093017578125,2460.24267578125,2458.6474609375,2459.794189453125,2399.53857421875,2401.204345703125,2451.406982421875,2435.115966796875,2399.293212890625,2451.66943359375,2434.359375,2401.2060546875,2452.734375,2435.1162109375,2400.80908203125,2434.2001953125,2401.2060546875,2451.407958984375,2435.115234375,2433.24072265625
162,10-Jan-13,9:00,2460.8935546875,2460.8935546875,2460.8935546875,2460.31298828125,2460.565673828125,2460.508056640625,283.4444580078125,283.636962890625,283.6275634765625,2459.20654296875,2460.252197265625,2458.771240234375,2459.812744140625,2403.59521484375,2405.397705078125,2451.26513671875,2437.47802734375,2403.76513671875,2451.418212890625,2436.7587890625,2405.397705078125,2451.26513671875,2437.47802734375,2404.949462890625,2436.809326171875,2405.3955078125,2451.266357421875,2437.47802734375,2436.09765625
163,10-Jan-13,9:30,2460.8935546875,2460.8935546875,2460.8935546875,2460.150634765625,2461.907958984375,2460.6611328125,283.33514404296875,283.7993469238281,283.7319030761719,2458.984619140625,2460.2177734375,2458.520263671875,2459.7548828125,2401.0673828125,2402.730712890625,2452.049072265625,2438.539794921875,2400.8984375,2452.247802734375,2437.974365234375,2402.730712890625,2452.049072265625,2438.540771484375,2402.31689453125,2437.9423828125,2402.730712890625,2452.049072265625,2438.540771484375,2437.3037109375
164,10-Jan-13,10:00,2460.8935546875,2460.8935546875,2460.8935546875,2460.217529296875,2460.719970703125,2460.738525390625,283.4013366699219,283.7634582519531,283.8061218261719,2460.524658203125,2460.45654296875,2460.20361328125,2460.134033203125,2412.466064453125,2413.561279296875,2454.521240234375,2442.65966796875,2412.06396484375,2453.34716796875,2442.328857421875,2413.561279296875,2453.195556640625,2442.660400390625,2413.290283203125,2442.255615234375,2413.561279296875,2453.195556640625,2442.660400390625,2441.824462890625
165,10-Jan-13,10:30,2460.8935546875,2460.8935546875,2462.223388671875,2460.405517578125,2460.83349609375,2460.78662109375,283.5541076660156,283.8660888671875,284.01837158203125,2459.732666015625,2460.66943359375,2459.555419921875,2460.488525390625,2429.8720703125,2430.446533203125,2454.952392578125,2446.86083984375,2429.568359375,2456.422607421875,2446.623779296875,2430.446533203125,2454.952392578125,2446.86083984375,2430.30517578125,2446.637939453125,2430.446533203125,2454.952392578125,2446.86083984375,2446.402099609375
166,10-Jan-13,11:00,2460.8935546875,2460.8935546875,2460.8935546875,2460.6552734375,2460.67626953125,2460.63818359375,283.71844482421875,283.75469970703125,283.7599182128906,2459.67919921875,2461.906982421875,2459.447509765625,2461.66943359375,2429.220458984375,2429.876708984375,2454.110595703125,2444.04833984375,2429.073974609375,2454.260009765625,2443.5595703125,2429.876708984375,2454.111083984375,2444.04833984375,2429.7236328125,2443.675048828125,2429.876708984375,2454.111083984375,2444.048095703125,2443.287109375
167,10-Jan-13,11:30,2462.223388671875,2460.8935546875,2460.8935546875,2460.803955078125,2460.758056640625,2460.7333984375,283.8427734375,283.83428955078125,283.84918212890625,2459.933349609375,2460.80419921875,2459.8408203125,2460.708740234375,2435.69677734375,2436.490966796875,2455.197509765625,2446.237548828125,2435.807373046875,2455.306640625,2445.91552734375,2436.490966796875,2455.197509765625,2446.23779296875,2436.29248046875,2446.000732421875,2436.49072265625,2455.197021484375,2446.2373046875,2445.745361328125
168,10-Jan-13,12:00,2462.223388671875,2460.8935546875,2460.8935546875,2460.839599609375,2460.6494140625,2460.759521484375,284.0167541503906,283.7569274902344,283.8636779785156,2460.31640625,2460.681884765625,2460.171875,2460.536865234375,2441.0107421875,2441.917236328125,2454.05859375,2448.06201171875,2441.63427734375,2453.943115234375,2447.733154296875,2441.917236328125,2454.05859375,2448.06201171875,2441.67919921875,2447.93896484375,2441.917236328125,2454.05859375,2448.060791015625,2447.7978515625
169,10-Jan-13,12:30,2460.8935546875,2460.8935546875,2460.8935546875,2461.039794921875,2460.746337890625,2460.706298828125,284.0164489746094,283.84039306640625,283.84564208984375,2460.93798828125,2460.811279296875,2460.893798828125,2460.76806640625,2455.692138671875,2456.423828125,2454.816162109375,2451.163818359375,2456.7255859375,2454.622802734375,2450.86328125,2456.424072265625,2454.816162109375,2451.163818359375,2456.223876953125,2451.212890625,2456.424072265625,2454.816162109375,2451.163818359375,2451.248291015625
170,10-Jan-13,13:00,2462.223388671875,2460.8935546875,2460.8935546875,2462.276123046875,2460.6845703125,2460.868408203125,283.9538879394531,283.7994079589844,283.9566955566406,2460.829833984375,2460.765625,2460.755126953125,2460.669677734375,2450.161376953125,2450.4306640625,2454.3876953125,2451.656005859375,2450.352294921875,2454.154052734375,2451.620361328125,2450.4306640625,2454.3876953125,2451.656005859375,2450.369384765625,2450.13232421875,2450.4306640625,2454.3876953125,2450.33203125,2449.928466796875
171,10-Jan-13,13:30,2460.8935546875,2460.8935546875,2460.8935546875,2460.9072265625,2460.643798828125,2460.79931640625,283.9165954589844,283.76055908203125,283.8984069824219,2460.651611328125,2460.70654296875,2460.53369140625,2460.59619140625,2444.849609375,2446.73388671875,2454.050537109375,2448.22412109375,2446.49609375,2453.90234375,2448.000732421875,2445.412353515625,2454.050537109375,2448.22412109375,2446.598388671875,2447.967529296875,2445.412353515625,2454.049560546875,2448.22412109375,2447.69921875
172,10-Jan-13,14:00,2460.8935546875,2460.8935546875,2460.8935546875,2460.74755859375,2460.6572265625,2460.834716796875,283.8006591796875,283.76190185546875,283.9140930175781,2460.507568359375,2460.629150390625,2460.341796875,2460.456298828125,2444.093017578125,2444.435791015625,2453.786376953125,2448.464599609375,2444.096435546875,2453.63330078125,2448.306884765625,2444.435791015625,2453.786376953125,2448.464599609375,2443.03955078125,2448.192138671875,2443.115478515625,2453.786376953125,2448.464599609375,2447.913330078125
173,10-Jan-13,14:30,2460.8935546875,2460.8935546875,2460.8935546875,2460.87109375,2460.729248046875,2460.732177734375,284.0442199707031,283.8173522949219,283.8511962890625,2460.7939453125,2460.75244140625,2460.710205078125,2460.669189453125,2453.591552734375,2454.130859375,2454.669921875,2451.1591796875,2454.324462890625,2454.52783203125,2450.87158203125,2454.130859375,2454.669921875,2451.1591796875,2453.98486328125,2451.18115234375,2454.130859375,2455.99658203125,2451.1591796875,2451.193115234375
174,10-Jan-13,15:00,2460.8935546875,2460.8935546875,2460.8935546875,2460.93212890625,2460.75537109375,2460.712646484375,283.93695068359375,283.8399353027344,283.8430480957031,2462.259521484375,2460.78173828125,2460.8681640625,2460.720947265625,2454.919677734375,2455.662353515625,2455.31689453125,2451.677001953125,2454.51708984375,2455.19091796875,2451.4462890625,2454.336181640625,2455.31689453125,2451.677001953125,2454.1318359375,2451.73876953125,2454.336181640625,2455.31689453125,2451.6767578125,2451.7861328125
175,10-Jan-13,15:30,2460.8935546875,2460.8935546875,2460.8935546875,2460.9931640625,2460.769287109375,2462.07666015625,283.98626708984375,283.8574523925781,283.87451171875,2460.924072265625,2460.791015625,2460.86767578125,2460.73876953125,2453.38427734375,2454.20654296875,2455.75341796875,2451.771484375,2454.328125,2455.621337890625,2451.60986328125,2454.2060546875,2455.75341796875,2451.771484375,2453.985595703125,2451.81103515625,2454.2060546875,2455.753662109375,2451.771484375,2451.834716796875
176,10-Jan-13,16:00,2460.8935546875,2460.8935546875,2460.8935546875,2460.90283203125,2460.65966796875,2460.74609375,283.91046142578125,283.7682800292969,283.8590393066406,2460.612548828125,2460.640380859375,2460.457763671875,2460.501220703125,2449.45556640625,2450.041748046875,2454.42529296875,2450.36083984375,2450.040283203125,2454.291748046875,2450.0791015625,2450.041748046875,2454.42529296875,2450.36083984375,2449.880615234375,2450.35986328125,2450.041748046875,2455.751953125,2450.36083984375,2450.347412109375
177,10-Jan-13,16:30,2460.8935546875,2462.223388671875,2460.8935546875,2460.763916015625,2462.094970703125,2460.683349609375,283.8096923828125,283.83294677734375,283.8088073730469,2460.372802734375,2460.6474609375,2460.21142578125,2460.487548828125,2443.5546875,2444.337646484375,2455.224853515625,2449.973876953125,2444.064697265625,2455.28271484375,2449.591552734375,2444.339111328125,2455.224853515625,2449.973876953125,2444.127197265625,2449.95654296875,2444.339111328125,2455.224853515625,2449.973876953125,2448.59912109375
178,10-Jan-13,17:00,2460.8935546875,2460.8935546875,2460.8935546875,2460.710693359375,2460.64990234375,2460.632080078125,283.7574768066406,283.7384033203125,283.7574462890625,2460.239013671875,2460.530029296875,2460.00537109375,2460.3037109375,2435.53857421875,2436.593017578125,2453.475830078125,2445.180419921875,2436.100830078125,2453.4736328125,2444.62353515625,2436.593017578125,2453.474853515625,2445.180419921875,2437.641357421875,2444.893798828125,2436.593017578125,2453.474853515625,2445.180419921875,2444.583740234375
179,10-Jan-13,17:30,2462.223388671875,2460.8935546875,2460.8935546875,2461.876708984375,2460.3955078125,2460.4365234375,283.7549133300781,283.520263671875,283.5784606933594,2458.930419921875,2460.2509765625,2458.482666015625,2459.79443359375,2406.75390625,2408.38037109375,2450.5185546875,2438.564453125,2406.998291015625,2450.585693359375,2437.8271484375,2408.38037109375,2450.5185546875,2438.564453125,2407.96728515625,2438.084716796875,2408.3857421875,2450.5185546875,2438.564453125,2437.566650390625
180,10-Jan-13,18:00,2460.8935546875,2460.8935546875,2460.8935546875,2460.08935546875,2460.460205078125,2460.204345703125,283.2467956542969,283.5184326171875,283.37322998046875,2457.871337890625,2461.356689453125,2457.250732421875,2460.71728515625,2374.309326171875,2377.165771484375,2449.681640625,2430.166015625,2374.6640625,2450.034423828125,2429.0888671875,2377.17138671875,2449.683349609375,2430.1669921875,2376.447509765625,2429.366455078125,2377.1640625,2451.01025390625,2430.16552734375,2428.49462890625
181,10-Jan-13,18:30,2460.8935546875,2460.8935546875,2460.8935546875,2459.999755859375,2460.3837890625,2460.08984375,283.1654968261719,283.4458923339844,283.2741394042969,2459.124267578125,2459.8681640625,2458.41015625,2459.163818359375,2367.23388671875,2370.405029296875,2448.17724609375,2425.607177734375,2366.393310546875,2448.6025390625,2424.173583984375,2369.122802734375,2448.17724609375,2425.607177734375,2368.33203125,2424.54541015625,2369.122802734375,2448.17919921875,2425.604248046875,2423.402587890625
182,10-Jan-13,19:00,2460.8935546875,2460.8935546875,2460.8935546875,2459.972412109375,2460.351318359375,2461.32666015625,283.1358642578125,283.4125671386719,283.35272216796875,2457.630126953125,2459.798583984375,2456.869873046875,2459.0341796875,2358.85107421875,2362.485595703125,2447.737548828125,2423.91650390625,2359.578125,2448.193115234375,2422.39111328125,2362.485595703125,2447.737548828125,2423.927490234375,2361.5693359375,2422.84130859375,2362.485595703125,2447.737548828125,2423.927490234375,2421.66748046875
183,10-Jan-13,19:30,2460.8935546875,2462.223388671875,2460.8935546875,2459.668212890625,2460.274658203125,2460.086181640625,282.9090270996094,283.3393859863281,283.23822021484375,2458.575439453125,2459.59619140625,2457.68408203125,2458.7255859375,2347.71923828125,2351.20068359375,2446.34375,2423.123779296875,2349.11376953125,2448.05029296875,2421.76025390625,2351.207275390625,2446.343017578125,2423.12158203125,2350.341552734375,2421.940673828125,2351.210693359375,2446.346435546875,2423.121337890625,2420.66943359375
184,10-Jan-13,20:00,2460.8935546875,2462.223388671875,2460.8935546875,2459.47021484375,2460.3212890625,2460.146484375,282.7686767578125,283.36468505859375,283.2723693847656,2456.9912109375,2459.516845703125,2456.04443359375,2458.577880859375,2340.67529296875,2342.92236328125,2446.553955078125,2421.004150390625,2339.0859375,2447.0615234375,2419.64111328125,2342.87890625,2446.553955078125,2421.003173828125,2342.019287109375,2419.660400390625,2342.8759765625,2446.556396484375,2421.003173828125,2418.231201171875
185,10-Jan-13,20:30,2460.8935546875,2460.8935546875,2460.8935546875,2459.396728515625,2460.2255859375,2460.15283203125,282.8597717285156,283.28790283203125,283.2646789550781,2456.68701171875,2459.446044921875,2455.68701171875,2458.454833984375,2327.063232421875,2331.309814453125,2446.81201171875,2418.1884765625,2327.10986328125,2447.515869140625,2416.55224609375,2331.263427734375,2446.817138671875,2418.18701171875,2330.19580078125,2416.86962890625,2331.263427734375,2446.814208984375,2418.185791015625,2415.446044921875
186,10-Jan-13,21:00,2460.8935546875,2460.8935546875,2460.8935546875,2459.46533203125,2460.261474609375,2460.060791015625,282.75433349609375,283.3128662109375,283.2027893066406,2456.67138671875,2459.446533203125,2455.6708984375,2458.4462890625,2329.806396484375,2333.673828125,2446.965576171875,2417.612548828125,2329.5380859375,2447.73828125,2415.906494140625,2333.673828125,2446.965576171875,2417.60693359375,2332.710693359375,2416.218505859375,2333.673828125,2446.965576171875,2417.60693359375,2414.7333984375
187,10-Jan-13,21:30,2460.8935546875,2460.8935546875,2460.8935546875,2459.564208984375,2460.2255859375,2460.0390625,282.8240051269531,283.2913513183594,283.1912536621094,2456.78515625,2459.488525390625,2455.813232421875,2458.5146484375,2335.79248046875,2339.4521484375,2446.20361328125,2418.9453125,2335.572021484375,2446.82080078125,2417.330322265625,2339.4521484375,2446.20361328125,2418.9453125,2338.5087890625,2417.60986328125,2339.42041015625,2446.20703125,2418.944580078125,2416.18408203125
188,10-Jan-13,22:00,2460.8935546875,2460.8935546875,2460.8935546875,2459.6611328125,2460.302734375,2460.210693359375,282.91497802734375,283.3694763183594,283.3340759277344,2457.07666015625,2459.63037109375,2456.197509765625,2458.757568359375,2345.420166015625,2348.51806640625,2446.861083984375,2421.61767578125,2344.820068359375,2447.388916015625,2420.248779296875,2348.517822265625,2446.861083984375,2421.61767578125,2347.759521484375,2420.280029296875,2348.517578125,2446.86328125,2421.61767578125,2418.8642578125
189,10-Jan-13,22:30,2460.8935546875,2460.8935546875,2460.8935546875,2459.672607421875,2460.26708984375,2460.15625,282.9168701171875,283.492431640625,283.29107666015625,2457.066162109375,2459.6044921875,2456.171875,2458.718994140625,2346.732421875,2349.986328125,2446.28857421875,2422.048095703125,2346.419189453125,2446.73095703125,2420.61669921875,2349.987060546875,2446.290283203125,2422.048095703125,2349.18359375,2420.790771484375,2349.987060546875,2446.290283203125,2422.048095703125,2419.45263671875
190,10-Jan-13,23:00,2460.8935546875,2460.8935546875,2460.8935546875,2459.705322265625,2460.33642578125,2460.25,282.95343017578125,283.40093994140625,283.3696594238281,2456.963623046875,2459.73486328125,2456.138427734375,2458.927978515625,2346.475341796875,2349.507568359375,2447.622314453125,2422.90380859375,2345.7724609375,2448.116943359375,2421.75927734375,2349.516357421875,2447.623291015625,2422.912841796875,2348.777099609375,2421.59521484375,2349.505859375,2447.623291015625,2422.912841796875,2420.201171875
191,10-Jan-13,23:30,2460.8935546875,2460.8935546875,2460.8935546875,2459.9169921875,2460.23193359375,2460.30859375,283.1086120605469,283.3420715332031,283.57537841796875,2457.359375,2459.768798828125,2456.57080078125,2458.990478515625,2361.392333984375,2364.48876953125,2447.000244140625,2428.35986328125,2361.507080078125,2447.20166015625,2427.277099609375,2364.48876953125,2447.000244140625,2428.359375,2364.98681640625,2427.468994140625,2365.769287109375,2447.000244140625,2428.359375,2426.50341796875
192,11-Jan-13,0:00,2460.8935546875,2460.8935546875,2460.8935546875,2460.0107421875,2460.294921875,2460.354736328125,283.1867980957031,283.3996887207031,283.46875,2457.7802734375,2461.243896484375,2457.092041015625,2459.22119140625,2371.769775390625,2374.418701171875,2447.841064453125,2429.669921875,2371.714599609375,2448.05517578125,2428.644775390625,2374.418701171875,2447.839599609375,2429.669921875,2373.757568359375,2428.75341796875,2374.418701171875,2447.839599609375,2429.671875,2427.7734375
193,11-Jan-13,0:30,2460.8935546875,2462.223388671875,2460.8935546875,2459.917724609375,2460.5244140625,2460.3720703125,283.1354064941406,283.56695556640625,283.49176025390625,2458.005126953125,2460.11572265625,2457.440185546875,2459.556884765625,2377.317626953125,2380.109130859375,2449.97216796875,2432.036865234375,2377.520263671875,2450.31787109375,2431.07470703125,2380.109130859375,2449.971923828125,2432.036865234375,2379.400146484375,2431.2890625,2380.109130859375,2449.971923828125,2432.0380859375,2430.471923828125
194,11-Jan-13,1:00,2460.8935546875,2460.8935546875,2460.8935546875,2459.905029296875,2460.555419921875,2460.354248046875,283.1268310546875,283.588134765625,283.4796142578125,2458.17578125,2460.10595703125,2457.612548828125,2459.551025390625,2380.291015625,2383.03955078125,2450.25537109375,2433.625732421875,2380.554443359375,2450.653564453125,2432.5869140625,2383.03955078125,2450.25537109375,2433.625732421875,2382.33984375,2431.606201171875,2383.03955078125,2450.25537109375,2432.309814453125,2430.83544921875
195,11-Jan-13,1:30,2460.8935546875,2460.8935546875,2460.8935546875,2459.995849609375,2460.60302734375,2460.400634765625,283.3548889160156,283.6339111328125,283.5250549316406,2458.52294921875,2460.168212890625,2458.01025390625,2459.66015625,2388.8857421875,2391.286865234375,2450.86962890625,2434.311767578125,2389.0283203125,2451.215087890625,2433.43115234375,2391.2841796875,2450.86962890625,2434.311767578125,2390.678466796875,2433.61083984375,2391.2841796875,2450.86962890625,2434.311767578125,2432.851318359375
196,11-Jan-13,2:00,2460.8935546875,2460.8935546875,2460.8935546875,2460.0869140625,2460.591552734375,2460.38330078125,283.26788330078125,283.6306457519531,283.51800537109375,2458.697998046875,2460.20751953125,2458.21484375,2459.718505859375,2393.649169921875,2396.067626953125,2451.176025390625,2435.07177734375,2393.9892578125,2451.52978515625,2434.144775390625,2396.067626953125,2451.17724609375,2435.07177734375,2395.4521484375,2434.439208984375,2396.067626953125,2451.17724609375,2435.07177734375,2433.74755859375
197,11-Jan-13,2:30,2460.8935546875,2460.8935546875,2462.223388671875,2460.243408203125,2460.62451171875,2460.35693359375,283.3855285644531,283.6647033691406,283.5123291015625,2458.97998046875,2460.261474609375,2458.539794921875,2459.8115234375,2395.341796875,2398.22509765625,2451.624267578125,2434.745849609375,2396.239501953125,2452.007080078125,2433.677734375,2398.22802734375,2451.624267578125,2434.745849609375,2397.483154296875,2434.1748046875,2398.22802734375,2451.625244140625,2434.746826171875,2433.534912109375
198,11-Jan-13,3:00,2460.8935546875,2460.8935546875,2460.8935546875,2460.25244140625,2460.625732421875,2460.369140625,283.3931579589844,283.6673889160156,283.52227783203125,2458.96337890625,2460.26513671875,2458.524658203125,2459.8251953125,2397.075439453125,2399.813232421875,2451.797119140625,2435.352783203125,2397.857666015625,2452.1572265625,2434.369384765625,2399.811279296875,2451.7958984375,2435.352783203125,2399.106689453125,2434.777587890625,2399.811279296875,2451.7958984375,2435.353515625,2434.136474609375
199,11-Jan-13,3:30,2460.8935546875,2460.8935546875,2460.8935546875,2460.219970703125,2460.613037109375,2460.33740234375,283.3656921386719,283.6531066894531,283.494873046875,2460.117431640625,2460.2119140625,2459.640625,2459.720458984375,2394.514404296875,2397.121337890625,2451.51953125,2434.790771484375,2395.095947265625,2451.893310546875,2433.813720703125,2397.1337890625,2452.845947265625,2434.790771484375,2396.46728515625,2434.177734375,2397.1337890625,2452.845947265625,2434.790771484375,2433.501220703125
200,11-Jan-13,4:00,2460.8935546875,2460.8935546875,2460.8935546875,2460.27734375,2461.97998046875,2460.34912109375,283.4120788574219,283.68603515625,283.5107727050781,2460.1669921875,2460.2509765625,2459.71435546875,2459.8115234375,2400.059814453125,2402.030029296875,2452.95654296875,2435.689208984375,2400.10107421875,2453.2919921875,2434.849853515625,2402.030029296875,2451.629638671875,2435.689208984375,2401.53857421875,2434.998779296875,2402.030029296875,2451.629638671875,2435.687744140625,2434.2607421875
201,11-Jan-13,4:30,2460.8935546875,2460.8935546875,2460.8935546875,2460.297119140625,2460.617431640625,2460.40234375,283.4286193847656,283.6669006347656,283.5502014160156,2458.94580078125,2460.295166015625,2458.523193359375,2459.881591796875,2404.455810546875,2406.221923828125,2451.056396484375,2436.091796875,2404.380615234375,2451.32177734375,2435.267578125,2406.221923828125,2451.055908203125,2436.091796875,2405.786376953125,2435.390380859375,2406.221923828125,2451.055908203125,2436.086669921875,2434.63916015625
202,11-Jan-13,5:00,2460.8935546875,2460.8935546875,2460.8935546875,2460.271484375,2460.55224609375,2460.467529296875,283.409423828125,283.6208190917969,283.5927734375,2458.85107421875,2460.2587890625,2458.40380859375,2459.81103515625,2402.81640625,2404.5107421875,2450.736083984375,2437.248779296875,2402.676513671875,2450.924072265625,2436.55224609375,2404.5107421875,2450.736328125,2437.253662109375,2404.092529296875,2436.6123046875,2405.8095703125,2450.736328125,2437.253662109375,2435.92919921875
203,11-Jan-13,5:30,2460.8935546875,2460.8935546875,2460.8935546875,2460.157470703125,2460.542724609375,2460.458740234375,283.3226318359375,283.60467529296875,283.5767822265625,2458.637939453125,2460.1611328125,2458.126220703125,2459.655029296875,2396.631103515625,2398.456298828125,2450.809814453125,2435.8828125,2396.412353515625,2451.080810546875,2435.10986328125,2398.45556640625,2450.81005859375,2435.8828125,2398.003173828125,2435.203857421875,2398.45556640625,2450.81005859375,2435.887939453125,2434.4853515625
204,11-Jan-13,6:00,2460.8935546875,2460.8935546875,2460.8935546875,2460.048095703125,2460.546142578125,2460.4912109375,283.3963928222656,283.6016845703125,283.5933532714844,2458.56103515625,2460.11181640625,2458.017822265625,2459.567626953125,2394.892578125,2396.676025390625,2450.812255859375,2436.221923828125,2394.565673828125,2451.078125,2435.513427734375,2396.669921875,2450.812255859375,2436.221923828125,2396.229736328125,2435.5478515625,2396.669921875,2450.810546875,2436.221923828125,2434.828857421875
205,11-Jan-13,6:30,2460.8935546875,2460.8935546875,2460.8935546875,2460.03076171875,2460.525634765625,2460.492919921875,283.2290954589844,283.5851745605469,283.59185791015625,2458.60546875,2460.074951171875,2458.0439453125,2459.51416015625,2388.7978515625,2390.87353515625,2451.25927734375,2434.3515625,2388.506591796875,2451.6298828125,2433.588134765625,2390.87353515625,2451.25927734375,2434.351318359375,2390.359375,2433.56103515625,2390.87353515625,2451.25927734375,2434.351318359375,2432.718994140625
206,11-Jan-13,7:00,2462.223388671875,2460.8935546875,2460.8935546875,2460.0810546875,2460.498291015625,2460.4453125,283.2611389160156,283.5646057128906,283.55755615234375,2458.646728515625,2460.050537109375,2458.072998046875,2459.483154296875,2387.476318359375,2389.896484375,2451.054931640625,2433.531005859375,2387.567138671875,2451.400390625,2432.6669921875,2389.896484375,2451.054931640625,2433.53125,2389.288330078125,2432.71875,2389.893798828125,2451.054931640625,2433.53125,2431.84619140625
207,11-Jan-13,7:30,2460.8935546875,2460.8935546875,2460.8935546875,2460.220703125,2461.8798828125,2460.440673828125,283.3691711425781,283.613525390625,283.5683898925781,2460.1005859375,2460.232666015625,2459.634765625,2459.762451171875,2394.755859375,2396.9658203125,2452.886474609375,2435.212158203125,2394.922119140625,2453.208251953125,2434.378662109375,2396.9658203125,2452.886474609375,2435.210693359375,2396.40966796875,2434.52490234375,2396.9658203125,2452.886474609375,2435.210693359375,2433.78515625
208,11-Jan-13,8:00,2460.8935546875,2460.8935546875,2460.8935546875,2460.356201171875,2460.54541015625,2460.510009765625,283.47528076171875,283.6249084472656,283.6307373046875,2459.421875,2460.34765625,2460.378173828125,2459.97607421875,2404.134521484375,2406.4580078125,2453.67041015625,2436.958251953125,2404.840576171875,2452.596923828125,2436.108154296875,2406.4580078125,2453.67041015625,2436.958251953125,2405.871337890625,2436.327392578125,2406.46044921875,2453.67041015625,2436.958251953125,2435.64111328125
209,11-Jan-13,8:30,2460.8935546875,2462.223388671875,2460.8935546875,2460.531982421875,2460.71875,2460.682861328125,283.6325988769531,283.7810974121094,283.7874755859375,2460.313720703125,2460.6005859375,2460.123291015625,2460.392822265625,2429.291015625,2430.636962890625,2454.139404296875,2444.416748046875,2429.85693359375,2454.200927734375,2443.977294921875,2430.636962890625,2454.139404296875,2444.416748046875,2430.296142578125,2444.0322265625,2430.636962890625,2454.140380859375,2444.416748046875,2443.6171875
210,11-Jan-13,9:00,2460.8935546875,2460.8935546875,2462.223388671875,2460.624755859375,2460.86865234375,2462.175537109375,283.7251892089844,283.9129943847656,283.9288330078125,2460.921875,2462.007080078125,2460.801513671875,2461.8837890625,2446.114501953125,2446.715576171875,2457.6787109375,2449.87451171875,2446.505859375,2457.7109375,2449.70849609375,2446.715576171875,2457.6787109375,2449.87451171875,2446.561279296875,2449.713134765625,2446.715576171875,2457.6787109375,2449.87451171875,2449.539794921875
211,11-Jan-13,9:30,2460.8935546875,2460.8935546875,2460.8935546875,2460.7890625,2461.020751953125,2460.912353515625,283.8643798828125,284.04437255859375,284.00274658203125,2461.577392578125,2460.862060546875,2461.58984375,2460.86572265625,2466.141845703125,2466.009765625,2459.3876953125,2455.56640625,2466.4794921875,2459.364990234375,2455.595947265625,2466.009765625,2459.3876953125,2455.56640625,2466.036376953125,2455.6962890625,2466.009765625,2459.3876953125,2455.56640625,2455.832275390625
212,11-Jan-13,10:00,2460.8935546875,2460.8935546875,2460.8935546875,2461.17578125,2461.1318359375,2460.995361328125,284.1680908203125,284.1622314453125,284.1029052734375,2462.264404296875,2461.266845703125,2462.53515625,2461.53515625,2491.667236328125,2489.574951171875,2460.305419921875,2462.609130859375,2490.88671875,2460.18603515625,2462.901611328125,2489.562744140625,2460.305419921875,2462.609130859375,2489.746337890625,2463.141845703125,2489.574951171875,2460.305419921875,2462.609130859375,2463.69677734375
213,11-Jan-13,10:30,2460.8935546875,2460.8935546875,2460.8935546875,2461.44091796875,2461.206787109375,2461.22265625,284.54266357421875,284.2549743652344,284.3004150390625,2463.105712890625,2461.53466796875,2463.564697265625,2461.98681640625,2514.744140625,2513.2392578125,2461.722900390625,2470.2314453125,2515.367919921875,2461.333984375,2470.965087890625,2513.2392578125,2461.723876953125,2470.230712890625,2513.598876953125,2471.052734375,2513.2392578125,2461.723876953125,2470.230712890625,2471.91650390625
214,11-Jan-13,11:00,2460.8935546875,2460.8935546875,2460.8935546875,2461.640380859375,2461.205322265625,2461.3486328125,284.7012634277344,284.27777099609375,284.41064453125,2463.435302734375,2461.736083984375,2464.022216796875,2462.326171875,2525.845703125,2524.113525390625,2463.376953125,2473.163818359375,2526.614990234375,2462.98388671875,2473.98291015625,2524.13134765625,2463.376953125,2473.163818359375,2524.53857421875,2474.16455078125,2524.13134765625,2463.374267578125,2473.163818359375,2475.212890625
215,11-Jan-13,11:30,2460.8935546875,2460.8935546875,2460.8935546875,2462.804931640625,2461.2294921875,2461.393310546875,284.5824279785156,284.287353515625,284.4336853027344,2463.47509765625,2461.68603515625,2464.035888671875,2462.2236328125,2522.2548828125,2519.6552734375,2463.667236328125,2471.54345703125,2521.83935546875,2463.441162109375,2472.481201171875,2519.6552734375,2463.667236328125,2471.54345703125,2520.335693359375,2472.288330078125,2519.67919921875,2463.667236328125,2471.54345703125,2473.099365234375
216,11-Jan-13,12:00,2462.223388671875,2460.8935546875,2460.8935546875,2462.69970703125,2461.331787109375,2461.359619140625,284.35491943359375,284.3541259765625,284.40789794921875,2463.421142578125,2461.69677734375,2463.985595703125,2462.2685546875,2515.9619140625,2514.2001953125,2464.714111328125,2470.943359375,2516.205078125,2464.5810546875,2471.817138671875,2514.2001953125,2464.71533203125,2470.943359375,2514.62548828125,2471.80908203125,2514.2001953125,2464.71533203125,2470.94287109375,2472.722412109375
217,11-Jan-13,12:30,2460.8935546875,2460.8935546875,2460.8935546875,2461.34326171875,2461.234130859375,2461.2060546875,284.3166198730469,284.26715087890625,284.4361572265625,2462.614501953125,2461.5654296875,2463.069091796875,2462.01708984375,2496.076171875,2494.5556640625,2463.110595703125,2464.23291015625,2495.7470703125,2463.009521484375,2465.110595703125,2494.550537109375,2463.110595703125,2464.23291015625,2494.938720703125,2464.5986328125,2494.550537109375,2463.110595703125,2464.23291015625,2465.003662109375
218,11-Jan-13,13:00,2460.8935546875,2462.223388671875,2460.8935546875,2461.402099609375,2460.97705078125,2461.46826171875,284.361083984375,284.0975036621094,284.4662170410156,2464.0029296875,2461.548828125,2464.450927734375,2461.982666015625,2506.245849609375,2504.055419921875,2461.261962890625,2470.566162109375,2505.8203125,2460.713134765625,2471.8076171875,2504.055419921875,2461.26220703125,2470.566162109375,2504.605712890625,2471.251953125,2504.055419921875,2461.26220703125,2471.900390625,2471.995849609375
219,11-Jan-13,13:30,2460.8935546875,2460.8935546875,2460.8935546875,2461.509033203125,2460.880859375,2461.51708984375,284.4377746582031,284.03668212890625,284.50433349609375,2462.802734375,2461.568359375,2464.597900390625,2462.009033203125,2506.363037109375,2504.29443359375,2461.334716796875,2468.7158203125,2506.0859375,2460.8232421875,2469.788818359375,2504.29443359375,2461.334716796875,2468.7158203125,2504.8193359375,2469.245361328125,2504.29248046875,2461.334716796875,2468.7158203125,2469.829345703125
220,11-Jan-13,14:00,2460.8935546875,2460.8935546875,2462.223388671875,2461.37255859375,2460.787353515625,2461.513671875,284.32830810546875,283.9559631347656,284.63812255859375,2462.634033203125,2461.397705078125,2462.993896484375,2461.74267578125,2502.38818359375,2500.508056640625,2459.939453125,2468.9765625,2502.282958984375,2459.306884765625,2470.0458984375,2500.508056640625,2459.939453125,2468.9765625,2500.97998046875,2469.5791015625,2500.508056640625,2459.939453125,2468.9765625,2470.232177734375
221,11-Jan-13,14:30,2460.8935546875,2460.8935546875,2460.8935546875,2460.992431640625,2460.7734375,2461.197265625,284.0194091796875,283.8943786621094,284.21539306640625,2461.40869140625,2461.279052734375,2462.978759765625,2461.51611328125,2473.95849609375,2472.728759765625,2458.486572265625,2459.70751953125,2473.50146484375,2458.212158203125,2460.2783203125,2472.73046875,2458.486572265625,2459.70751953125,2473.046875,2459.949951171875,2472.73046875,2458.4873046875,2459.70751953125,2460.225830078125
222,11-Jan-13,15:00,2460.8935546875,2460.8935546875,2460.8935546875,2461.112060546875,2460.42236328125,2461.045166015625,284.0717468261719,283.6272277832031,284.0834655761719,2461.075439453125,2460.94921875,2461.113525390625,2460.98291015625,2458.763671875,2457.746337890625,2454.582763671875,2453.342041015625,2458.079833984375,2454.180908203125,2453.66552734375,2457.746337890625,2454.582763671875,2453.341796875,2458.028076171875,2453.1533203125,2457.746337890625,2454.582763671875,2453.341796875,2454.317138671875
223,11-Jan-13,15:30,2460.8935546875,2460.8935546875,2460.8935546875,2460.792724609375,2460.357666015625,2460.854736328125,283.81378173828125,283.54107666015625,283.91058349609375,2460.005615234375,2460.5849609375,2459.792724609375,2460.3818359375,2429.9912109375,2429.932861328125,2453.052490234375,2445.338623046875,2429.32421875,2452.964111328125,2445.123291015625,2429.932861328125,2453.052490234375,2446.660888671875,2429.9677734375,2446.308349609375,2429.932861328125,2453.052490234375,2446.660888671875,2444.637939453125
224,11-Jan-13,16:00,2462.223388671875,2460.8935546875,2460.8935546875,2462.083984375,2460.244873046875,2460.822998046875,283.7743225097656,283.4510498046875,283.8754577636719,2459.801025390625,2460.5810546875,2459.576904296875,2460.34619140625,2420.770751953125,2421.91064453125,2453.529541015625,2442.7587890625,2421.17333984375,2453.63818359375,2442.0947265625,2421.91064453125,2453.529052734375,2442.7587890625,2421.617919921875,2442.560546875,2421.91064453125,2453.529052734375,2442.759033203125,2442.338623046875
225,11-Jan-13,16:30,2460.8935546875,2460.8935546875,2460.8935546875,2460.86767578125,2460.107177734375,2460.786376953125,283.8462829589844,283.3529052734375,283.8460388183594,2459.707763671875,2460.52587890625,2459.448486328125,2460.269287109375,2409.121826171875,2411.715087890625,2453.510986328125,2439.599853515625,2410.717041015625,2453.697265625,2438.6318359375,2411.715087890625,2453.510009765625,2439.599853515625,2411.025146484375,2439.429443359375,2411.715087890625,2453.510009765625,2439.60009765625,2439.201171875
226,11-Jan-13,17:00,2460.8935546875,2462.223388671875,2460.8935546875,2460.14306640625,2461.318603515625,2460.463623046875,283.2713623046875,283.1873779296875,283.5386047363281,2457.93017578125,2460.128662109375,2457.369140625,2459.57373046875,2361.245361328125,2365.0712890625,2450.60791015625,2427.32666015625,2362.453125,2451.1767578125,2425.888916015625,2365.03857421875,2450.60791015625,2427.32666015625,2364.046875,2426.650390625,2365.03857421875,2451.935546875,2427.32666015625,2425.884521484375
227,11-Jan-13,17:30,2460.8935546875,2462.223388671875,2460.8935546875,2459.767822265625,2461.085693359375,2460.111328125,282.947265625,282.95849609375,283.2266540527344,2457.510498046875,2459.747314453125,2456.65771484375,2458.908203125,2324.605224609375,2329.028076171875,2445.336181640625,2418.608642578125,2325.3056640625,2445.89111328125,2416.841796875,2329.02685546875,2445.336181640625,2418.608642578125,2327.890625,2417.6162109375,2329.02685546875,2445.336669921875,2418.608642578125,2417.824462890625
228,11-Jan-13,18:00,2460.8935546875,2460.8935546875,2460.8935546875,2459.535400390625,2459.88330078125,2459.60205078125,282.7448425292969,282.9989318847656,282.83319091796875,2454.98828125,2459.6181640625,2454.0107421875,2458.632568359375,2291.63671875,2297.012451171875,2443.200927734375,2406.7294921875,2292.050537109375,2444.03955078125,2404.484130859375,2297.012451171875,2443.196044921875,2406.7294921875,2295.66015625,2405.090576171875,2297.012451171875,2443.196044921875,2406.72607421875,2403.32373046875
229,11-Jan-13,18:30,2460.8935546875,2460.8935546875,2460.8935546875,2459.17529296875,2459.5771484375,2459.380859375,282.43634033203125,282.7257385253906,282.6160888671875,2453.686279296875,2460.47265625,2452.384521484375,2459.179931640625,2248.353271484375,2254.947509765625,2439.9189453125,2395.73583984375,2248.592041015625,2441.028076171875,2392.97119140625,2254.947509765625,2439.9189453125,2395.7353515625,2253.2666015625,2393.765625,2254.929931640625,2439.9189453125,2395.7353515625,2391.63330078125
230,11-Jan-13,19:00,2460.8935546875,2460.8935546875,2460.8935546875,2458.74365234375,2459.217041015625,2459.568603515625,282.1003723144531,282.4373779296875,282.6990966796875,2452.839599609375,2459.98583984375,2451.226806640625,2458.38330078125,2210.196044921875,2218.26416015625,2437.32080078125,2388.98828125,2210.683837890625,2439.7080078125,2386.154541015625,2218.262939453125,2437.32080078125,2388.98828125,2216.22412109375,2386.668212890625,2218.262939453125,2437.32080078125,2388.98828125,2384.149658203125
231,11-Jan-13,19:30,2460.8935546875,2460.8935546875,2460.8935546875,2458.3466796875,2459.2236328125,2459.394775390625,281.79083251953125,282.4005432128906,282.5382385253906,2451.913330078125,2458.465576171875,2450.15234375,2456.72119140625,2186.461669921875,2195.071533203125,2435.345947265625,2385.688232421875,2186.729248046875,2436.533935546875,2381.349853515625,2196.24658203125,2435.345947265625,2385.688232421875,2192.878662109375,2382.0234375,2196.24658203125,2435.33837890625,2385.688232421875,2379.43408203125
232,11-Jan-13,20:00,2460.8935546875,2460.8935546875,2460.8935546875,2458.16552734375,2459.400390625,2459.433349609375,281.67120361328125,282.52349853515625,282.5667419433594,2451.9404296875,2458.40380859375,2450.14599609375,2456.615966796875,2183.564208984375,2191.86279296875,2435.985595703125,2385.164306640625,2183.28125,2437.310546875,2380.773681640625,2191.86279296875,2435.978515625,2385.164306640625,2189.769775390625,2381.454833984375,2191.86279296875,2435.978515625,2383.890380859375,2378.81298828125
233,11-Jan-13,20:30,2460.8935546875,2460.8935546875,2460.8935546875,2457.9365234375,2459.4306640625,2459.477783203125,281.5051574707031,282.5329284667969,282.585205078125,2452.3115234375,2458.298828125,2450.473876953125,2456.49755859375,2187.625244140625,2195.528076171875,2436.1298828125,2384.157958984375,2187.028564453125,2437.50390625,2381.078857421875,2195.528076171875,2436.1298828125,2385.460693359375,2193.545166015625,2382.954345703125,2195.528076171875,2436.1298828125,2385.460693359375,2378.965087890625
234,11-Jan-13,21:00,2460.8935546875,2460.893310546875,2460.8935546875,2457.654296875,2459.519775390625,2459.573486328125,281.3075866699219,282.5869445800781,282.6429443359375,2452.02001953125,2458.15673828125,2451.413330078125,2456.251708984375,2182.729736328125,2190.326904296875,2434.297119140625,2384.11328125,2181.639892578125,2435.381103515625,2381.403076171875,2190.326904296875,2434.297119140625,2384.11328125,2188.438232421875,2381.367431640625,2190.326904296875,2434.297119140625,2384.11328125,2378.431396484375
235,11-Jan-13,21:30,2462.223388671875,2460.8935546875,2460.8935546875,2458.2431640625,2459.478759765625,2459.51416015625,281.7410583496094,282.59417724609375,282.63946533203125,2452.5791015625,2458.354736328125,2450.784423828125,2456.564208984375,2199.49755859375,2207.276611328125,2436.187744140625,2388.0244140625,2199.189208984375,2437.28173828125,2386.59814453125,2207.276611328125,2436.187744140625,2388.02734375,2205.31982421875,2385.6025390625,2207.276611328125,2436.187744140625,2388.02734375,2382.984130859375
236,11-Jan-13,22:00,2460.8935546875,2460.8935546875,2460.8935546875,2458.62158203125,2459.57568359375,2459.61767578125,282.03912353515625,282.70220947265625,282.9062805175781,2453.196044921875,2458.67041015625,2451.6064453125,2457.10595703125,2219.714111328125,2226.943359375,2437.669189453125,2392.94482421875,2219.413818359375,2438.587158203125,2390.59130859375,2226.939208984375,2437.669189453125,2392.94482421875,2225.1279296875,2390.631103515625,2226.939208984375,2437.6748046875,2392.94482421875,2388.137939453125
237,11-Jan-13,22:30,2460.8935546875,2460.8935546875,2460.8935546875,2458.7646484375,2459.75341796875,2459.75146484375,282.16925048828125,282.8565673828125,283.0314025878906,2453.8349609375,2458.8837890625,2452.39208984375,2457.46044921875,2239.540771484375,2246.325927734375,2440.221923828125,2398.53662109375,2239.359375,2441.099609375,2396.4345703125,2246.32568359375,2440.221923828125,2398.53662109375,2244.617919921875,2396.446533203125,2246.32568359375,2440.217529296875,2398.53662109375,2394.18798828125
238,11-Jan-13,23:00,2460.8935546875,2460.8935546875,2460.8935546875,2459.051025390625,2459.920654296875,2459.888916015625,282.40625,283.0133972167969,283.0165100097656,2454.1796875,2459.21337890625,2452.9384765625,2457.997314453125,2247.42041015625,2253.60693359375,2443.73974609375,2398.504638671875,2246.423095703125,2444.851318359375,2396.678466796875,2253.60693359375,2443.74365234375,2398.5048828125,2252.07666015625,2396.164794921875,2253.607421875,2443.74365234375,2398.50390625,2393.668212890625
239,11-Jan-13,23:30,2460.8935546875,2460.8935546875,2460.8935546875,2459.026123046875,2460.00048828125,2459.870849609375,282.3920593261719,283.0704040527344,283.0067138671875,2454.2216796875,2459.250732421875,2453.003662109375,2459.371826171875,2258.909423828125,2264.663330078125,2444.283447265625,2401.523193359375,2257.875732421875,2445.409912109375,2399.67236328125,2264.663330078125,2444.28369140625,2401.523193359375,2263.233642578125,2399.443115234375,2264.663330078125,2444.28369140625,2401.52294921875,2397.2177734375
240,12-Jan-13,0:00,2460.8935546875,2460.8935546875,2460.8935546875,2459.106201171875,2460.1845703125,2460.03564453125,282.4779357910156,283.2270812988281,283.151123046875,2455.203857421875,2459.473876953125,2454.154541015625,2458.433837890625,2287.588623046875,2292.1083984375,2445.578125,2408.919189453125,2286.22412109375,2446.53759765625,2407.408935546875,2292.1083984375,2445.5703125,2408.919189453125,2290.99951171875,2407.010498046875,2292.1083984375,2445.5703125,2408.91552734375,2404.988525390625
