step,date_label,profile_time,v_632_A_rms_V,v_632_B_rms_V,v_632_C_rms_V,v_633_A_rms_V,v_633_B_rms_V,v_633_C_rms_V,v_634_A_rms_V,v_634_B_rms_V,v_634_C_rms_V,v_645_B_rms_V,v_645_C_rms_V,v_646_B_rms_V,v_646_C_rms_V,v_652_A_rms_V,v_671_A_rms_V,v_671_B_rms_V,v_671_C_rms_V,v_675_A_rms_V,v_675_B_rms_V,v_675_C_rms_V,v_680_A_rms_V,v_680_B_rms_V,v_680_C_rms_V,v_684_A_rms_V,v_684_C_rms_V,v_692_A_rms_V,v_692_B_rms_V,v_692_C_rms_V,v_611_C_rms_V
1,7-Jan-13,0:30,2460.8935546875,2460.8935546875,2460.8935546875,2459.717041015625,2460.397705078125,2461.61767578125,282.9696044921875,283.4507751464844,283.4039001464844,2457.2109375,2461.368896484375,2456.568115234375,2460.728271484375,2357.62744140625,2360.82568359375,2448.468505859375,2427.215087890625,2357.5751953125,2448.931884765625,2426.07080078125,2360.82666015625,2448.468505859375,2427.21240234375,2360.0185546875,2426.28515625,2360.832275390625,2448.47021484375,2427.214111328125,2425.281005859375
2,7-Jan-13,1:00,2460.8935546875,2460.8935546875,2460.8935546875,2459.8583984375,2460.46630859375,2460.283203125,283.08001708984375,283.51239013671875,283.4157409667969,2457.6318359375,2460.097412109375,2457.0400390625,2460.855224609375,2363.83203125,2367.176513671875,2449.009765625,2427.223876953125,2364.080078125,2449.48828125,2425.982421875,2367.175537109375,2449.009765625,2427.223876953125,2366.3291015625,2426.27685546875,2367.175537109375,2449.010009765625,2427.223876953125,2426.557861328125
3,7-Jan-13,1:30,2460.8935546875,2460.8935546875,2460.8935546875,2459.978515625,2460.562255859375,2460.3486328125,283.18206787109375,283.59814453125,283.4814147949219,2458.1337890625,2460.1494140625,2457.59326171875,2459.61279296875,2377.734619140625,2380.480712890625,2450.548828125,2431.85791015625,2377.77685546875,2451.022705078125,2429.510498046875,2380.480712890625,2450.548828125,2430.54296875,2379.795166015625,2429.653564453125,2380.477294921875,2450.548828125,2430.54296875,2430.008544921875
4,7-Jan-13,2:00,2460.8935546875,2460.8935546875,2460.8935546875,2460.076171875,2460.53076171875,2460.34326171875,283.2522277832031,283.5810241699219,283.48236083984375,2458.408203125,2460.07666015625,2457.837890625,2459.51318359375,2385.45751953125,2387.774658203125,2449.858642578125,2432.695556640625,2385.398193359375,2450.18017578125,2431.766357421875,2387.774658203125,2449.858642578125,2432.695556640625,2387.19873046875,2433.191162109375,2387.774658203125,2449.858642578125,2434.00927734375,2431.002197265625
5,7-Jan-13,2:30,2462.223388671875,2460.8935546875,2460.8935546875,2461.50341796875,2460.657470703125,2460.32275390625,283.3333435058594,283.68194580078125,283.4835510253906,2458.614990234375,2460.2568359375,2458.155029296875,2459.796875,2387.8447265625,2390.63427734375,2451.609619140625,2432.909912109375,2388.295654296875,2452.074462890625,2431.890380859375,2390.628662109375,2451.609619140625,2432.909912109375,2389.91796875,2432.18505859375,2390.628662109375,2451.60791015625,2432.909912109375,2431.391357421875
6,7-Jan-13,3:00,2460.8935546875,2460.8935546875,2460.8935546875,2460.1748046875,2460.63330078125,2460.32470703125,283.3323059082031,283.66412353515625,283.4834289550781,2458.663330078125,2460.224853515625,2458.188720703125,2459.755126953125,2388.97265625,2391.667724609375,2451.2646484375,2433.133544921875,2389.391845703125,2451.693603515625,2432.119140625,2391.677001953125,2451.264892578125,2433.1337890625,2390.994384765625,2432.40771484375,2391.672607421875,2451.264892578125,2433.13525390625,2431.61376953125
7,7-Jan-13,3:30,2460.8935546875,2460.8935546875,2460.8935546875,2460.173583984375,2460.664306640625,2460.318603515625,283.3333740234375,283.840087890625,283.48095703125,2458.6728515625,2460.2392578125,2458.206787109375,2459.77294921875,2389.904541015625,2392.610595703125,2451.546142578125,2433.56787109375,2390.369873046875,2451.99267578125,2432.5439453125,2392.609619140625,2451.546142578125,2433.56787109375,2391.91943359375,2432.886962890625,2392.609619140625,2451.548828125,2433.56787109375,2432.139404296875
8,7-Jan-13,4:00,2460.8935546875,2462.223388671875,2460.8935546875,2460.185791015625,2461.97216796875,2460.306396484375,283.3399353027344,283.6703186035156,283.47113037109375,2459.934326171875,2460.1962890625,2459.44140625,2459.710693359375,2392.568603515625,2394.77490234375,2452.37109375,2434.249267578125,2392.586181640625,2452.753173828125,2433.33154296875,2394.752197265625,2451.046875,2434.247802734375,2394.199462890625,2433.531494140625,2394.752197265625,2451.046875,2434.24755859375,2432.760498046875
9,7-Jan-13,4:30,2460.8935546875,2462.223388671875,2460.8935546875,2460.201171875,2460.646484375,2460.283447265625,283.3500061035156,283.6728210449219,283.4551696777344,2459.981201171875,2460.220458984375,2459.503173828125,2459.74267578125,2393.766357421875,2395.84033203125,2450.780029296875,2434.104248046875,2393.706298828125,2451.165283203125,2433.153076171875,2395.84033203125,2452.105224609375,2434.104248046875,2395.32080078125,2433.381591796875,2395.84033203125,2452.105224609375,2434.10400390625,2432.60693359375
10,7-Jan-13,5:00,2460.8935546875,2460.8935546875,2460.8935546875,2460.1630859375,2460.609375,2460.337890625,283.3228454589844,283.6462707519531,283.6439514160156,2459.948486328125,2460.221923828125,2458.141845703125,2459.74951171875,2393.681884765625,2395.80029296875,2451.871337890625,2435.020263671875,2393.68212890625,2450.864501953125,2434.161376953125,2395.80029296875,2451.871337890625,2435.020263671875,2395.24609375,2434.348876953125,2395.77880859375,2451.871337890625,2435.020263671875,2433.624755859375
11,7-Jan-13,5:30,2460.8935546875,2460.8935546875,2460.8935546875,2460.00634765625,2460.547607421875,2460.3671875,283.2031555175781,283.5905456542969,283.4964599609375,2458.32275390625,2461.438232421875,2457.767578125,2459.557861328125,2388.2939453125,2390.41162109375,2450.0576171875,2434.687255859375,2388.1474609375,2450.380859375,2433.8212890625,2390.41162109375,2450.057373046875,2434.687255859375,2389.87841796875,2434.032470703125,2390.41162109375,2450.057373046875,2434.68212890625,2433.330322265625
12,7-Jan-13,6:00,2460.8935546875,2460.8935546875,2460.8935546875,2460.044677734375,2460.443115234375,2460.408935546875,283.22711181640625,283.5176696777344,283.523193359375,2458.284912109375,2460.019287109375,2457.677978515625,2459.415771484375,2386.253173828125,2388.38720703125,2450.041259765625,2433.733642578125,2386.06201171875,2450.37646484375,2432.82568359375,2388.385009765625,2450.041259765625,2433.733642578125,2387.85205078125,2433.005859375,2388.385009765625,2450.04150390625,2433.733642578125,2433.539794921875
13,7-Jan-13,6:30,2460.8935546875,2460.8935546875,2460.8935546875,2460.10546875,2460.437255859375,2460.39990234375,283.2714538574219,283.51708984375,283.5205078125,2458.418212890625,2460.044189453125,2457.8310546875,2459.450439453125,2386.42236328125,2388.59716796875,2450.22412109375,2434.368408203125,2386.271240234375,2450.571533203125,2433.4443359375,2388.59716796875,2450.22412109375,2433.052978515625,2388.05615234375,2432.227294921875,2388.59716796875,2450.22412109375,2433.052978515625,2431.347412109375
14,7-Jan-13,7:00,2460.8935546875,2460.8935546875,2460.8935546875,2460.045166015625,2460.4580078125,2460.4111328125,283.2287292480469,283.52923583984375,283.5260314941406,2458.493896484375,2460.06982421875,2457.923828125,2459.51416015625,2384.698486328125,2387.05712890625,2450.58984375,2431.802001953125,2384.65087890625,2450.991455078125,2432.1064453125,2387.054443359375,2450.58984375,2431.802001953125,2386.4697265625,2430.90380859375,2387.054443359375,2450.58984375,2431.802001953125,2429.947265625
15,7-Jan-13,7:30,2460.8935546875,2460.8935546875,2460.8935546875,2461.544677734375,2460.500244140625,2460.354248046875,283.3548889160156,283.56903076171875,283.4990234375,2458.72021484375,2460.161376953125,2458.212158203125,2459.65185546875,2391.687255859375,2393.816162109375,2450.4619140625,2433.364990234375,2391.68603515625,2450.809326171875,2432.389892578125,2393.81396484375,2450.462158203125,2433.364990234375,2393.2822265625,2433.923828125,2393.81396484375,2450.462158203125,2434.679931640625,2431.800537109375
16,7-Jan-13,8:00,2460.8935546875,2460.8935546875,2460.8935546875,2461.637451171875,2460.61865234375,2460.460693359375,283.4410400390625,283.6728210449219,283.5953063964844,2459.23681640625,2460.332275390625,2458.847900390625,2459.94384765625,2410.03564453125,2411.41845703125,2452.299560546875,2438.508056640625,2409.900634765625,2452.571533203125,2437.786865234375,2411.41845703125,2452.299560546875,2438.508056640625,2411.077880859375,2437.909423828125,2411.41845703125,2452.299560546875,2438.508056640625,2437.276611328125
17,7-Jan-13,8:30,2460.8935546875,2462.223388671875,2460.8935546875,2460.4423828125,2462.013671875,2460.56005859375,283.5538024902344,283.8924865722656,283.685302734375,2459.53857421875,2460.46826171875,2459.2392578125,2460.15380859375,2420.08203125,2421.135498046875,2453.20654296875,2441.583984375,2419.9794921875,2453.3935546875,2441.00830078125,2421.135498046875,2453.205810546875,2441.584228515625,2420.876708984375,2441.127685546875,2421.135498046875,2453.205810546875,2441.584228515625,2440.645751953125
18,7-Jan-13,9:00,2460.8935546875,2462.223388671875,2460.8935546875,2460.401123046875,2460.65625,2460.75390625,283.53521728515625,283.7298889160156,283.82672119140625,2461.073486328125,2460.499755859375,2460.801025390625,2460.219970703125,2428.8720703125,2429.59423828125,2453.41552734375,2446.58935546875,2428.868896484375,2453.375,2446.341552734375,2429.59423828125,2453.41552734375,2446.58935546875,2429.412841796875,2446.383056640625,2429.593994140625,2453.414794921875,2446.58935546875,2446.161376953125
19,7-Jan-13,9:30,2460.8935546875,2460.8935546875,2462.223388671875,2460.760986328125,2460.85693359375,2462.19580078125,283.82769775390625,283.91546630859375,283.9534606933594,2462.140625,2460.75244140625,2462.0576171875,2460.67919921875,2454.5654296875,2454.587890625,2456.339111328125,2452.122802734375,2453.255126953125,2456.2880859375,2452.094970703125,2453.2626953125,2456.339111328125,2452.122802734375,2453.260498046875,2452.078369140625,2453.264892578125,2456.3388671875,2452.123291015625,2452.03564453125
20,7-Jan-13,10:00,2460.8935546875,2460.8935546875,2460.8935546875,2460.896728515625,2461.017578125,2462.36767578125,283.9540100097656,284.0592041015625,284.2591552734375,2461.660400390625,2460.974853515625,2463.070068359375,2461.053466796875,2472.59619140625,2471.936279296875,2458.70361328125,2457.57470703125,2472.4677734375,2458.644287109375,2457.81103515625,2471.931396484375,2458.704345703125,2457.574951171875,2472.1005859375,2457.715087890625,2471.931396484375,2458.704345703125,2457.574951171875,2457.873291015625
21,7-Jan-13,10:30,2460.8935546875,2460.8935546875,2460.8935546875,2461.238525390625,2460.9814453125,2461.177734375,284.2174987792969,284.0672607421875,284.2345886230469,2462.2294921875,2461.140380859375,2462.427490234375,2462.664794921875,2484.6416015625,2482.772705078125,2461.480712890625,2461.029052734375,2483.72900390625,2459.9892578125,2461.41796875,2482.772705078125,2460.151611328125,2461.029052734375,2482.89111328125,2461.37109375,2482.772705078125,2460.151611328125,2461.029052734375,2461.729248046875
22,7-Jan-13,11:00,2460.8935546875,2460.8935546875,2460.8935546875,2461.531982421875,2460.988525390625,2461.247314453125,284.44293212890625,284.0989685058594,284.3097839355469,2463.080322265625,2461.298095703125,2463.40478515625,2461.629150390625,2502.86083984375,2502.042724609375,2462.3955078125,2465.7158203125,2503.784912109375,2462.078125,2466.16552734375,2502.027099609375,2462.3955078125,2465.7158203125,2502.215087890625,2466.322998046875,2502.027099609375,2461.066162109375,2465.7158203125,2466.955322265625
23,7-Jan-13,11:30,2462.223388671875,2460.8935546875,2460.8935546875,2461.66748046875,2461.12744140625,2461.379638671875,284.5643005371094,284.2233581542969,284.430419921875,2463.46337890625,2461.539306640625,2463.940673828125,2461.98779296875,2519.04150390625,2517.247314453125,2464.128173828125,2471.266845703125,2519.390869140625,2462.385986328125,2472.18896484375,2517.247314453125,2462.79736328125,2471.266845703125,2517.6875,2471.996826171875,2517.247314453125,2462.7958984375,2471.266845703125,2472.774658203125
24,7-Jan-13,12:00,2460.8935546875,2460.8935546875,2460.8935546875,2463.015380859375,2461.127685546875,2461.367431640625,284.7303466796875,284.22381591796875,284.4224548339844,2463.494873046875,2461.60986328125,2464.013427734375,2462.1123046875,2520.005126953125,2518.11962890625,2462.68701171875,2470.385498046875,2520.27783203125,2462.29052734375,2471.237548828125,2518.11962890625,2462.68701171875,2470.38623046875,2518.611083984375,2471.0498046875,2518.14111328125,2462.68701171875,2470.38623046875,2471.763427734375
25,7-Jan-13,12:30,2460.8935546875,2460.8935546875,2460.8935546875,2461.71435546875,2461.176513671875,2461.410400390625,284.6053771972656,284.26593017578125,284.46075439453125,2463.502197265625,2461.739990234375,2464.09423828125,2462.331298828125,2521.59912109375,2519.439453125,2462.80224609375,2471.140625,2521.58642578125,2462.349853515625,2472.171630859375,2519.463623046875,2462.80224609375,2471.140625,2520.0126953125,2471.76220703125,2519.463623046875,2462.8017578125,2471.140625,2472.440185546875
26,7-Jan-13,13:00,2460.8935546875,2460.8935546875,2460.8935546875,2461.805908203125,2461.103271484375,2461.48876953125,284.67431640625,284.2233581542969,284.52154541015625,2463.64892578125,2461.755859375,2464.25634765625,2462.362548828125,2525.02734375,2522.656005859375,2463.047119140625,2471.242431640625,2524.89599609375,2462.619140625,2472.234619140625,2522.66259765625,2463.044921875,2471.242431640625,2523.267333984375,2471.840087890625,2522.66259765625,2463.044921875,2471.242919921875,2472.498779296875
27,7-Jan-13,13:30,2460.8935546875,2462.223388671875,2460.8935546875,2461.890625,2462.460205078125,2461.554931640625,284.7445068359375,284.4084777832031,284.5799560546875,2464.01513671875,2461.78662109375,2464.65625,2462.417724609375,2529.238037109375,2526.853515625,2463.60791015625,2471.537841796875,2529.1748046875,2463.177978515625,2472.5703125,2526.83447265625,2463.609619140625,2471.54345703125,2527.459716796875,2472.078857421875,2526.847900390625,2463.606201171875,2471.54345703125,2472.675048828125
28,7-Jan-13,14:00,2460.8935546875,2460.8935546875,2460.8935546875,2461.720947265625,2462.578125,2461.631591796875,284.6318664550781,284.49053955078125,284.63385009765625,2463.77734375,2461.814208984375,2464.42333984375,2462.451171875,2533.044189453125,2528.715087890625,2464.357421875,2474.860107421875,2531.032958984375,2463.916259765625,2476.19775390625,2528.68896484375,2464.359130859375,2474.865478515625,2529.46923828125,2475.610595703125,2528.71435546875,2464.354248046875,2474.865478515625,2476.430419921875
29,7-Jan-13,14:30,2460.8935546875,2460.8935546875,2462.223388671875,2461.502685546875,2461.329345703125,2462.876708984375,284.4681701660156,284.3760070800781,284.5590515136719,2462.79052734375,2463.173828125,2463.409423828125,2463.78515625,2514.933837890625,2512.48876953125,2465.200927734375,2472.2666015625,2514.18505859375,2464.990478515625,2473.58544921875,2512.490966796875,2465.200927734375,2473.604248046875,2513.1103515625,2474.35595703125,2512.49462890625,2465.200927734375,2472.267822265625,2473.832275390625
30,7-Jan-13,15:00,2460.8935546875,2460.8935546875,2460.8935546875,2461.437255859375,2461.2939453125,2461.376953125,284.4040832519531,284.3318786621094,284.42327880859375,2462.517822265625,2461.761962890625,2463.078857421875,2462.31591796875,2503.646484375,2501.736572265625,2465.083984375,2468.386962890625,2503.081298828125,2465.066650390625,2469.436767578125,2501.736572265625,2465.083984375,2468.386962890625,2502.2119140625,2469.03125,2501.736572265625,2465.083984375,2468.386962890625,2469.723876953125
31,7-Jan-13,15:30,2460.8935546875,2460.8935546875,2460.8935546875,2461.408447265625,2461.136962890625,2461.00146484375,284.34320068359375,284.18341064453125,284.1254577636719,2461.853759765625,2461.496337890625,2462.235595703125,2461.878173828125,2483.0205078125,2481.4755859375,2461.276123046875,2459.72265625,2482.23046875,2461.33740234375,2460.241455078125,2481.472412109375,2461.276123046875,2459.72265625,2481.8779296875,2459.970947265625,2481.472412109375,2462.606689453125,2459.72265625,2460.258056640625
32,7-Jan-13,16:00,2460.8935546875,2460.8935546875,2460.8935546875,2461.287109375,2460.896728515625,2460.830078125,284.221923828125,283.9808349609375,283.9689636230469,2460.87646484375,2461.1884765625,2461.04150390625,2461.3466796875,2459.27490234375,2458.45166015625,2458.589599609375,2452.103759765625,2458.476806640625,2458.72412109375,2452.2548828125,2458.45166015625,2458.589599609375,2452.103271484375,2458.675048828125,2452.0615234375,2458.45166015625,2458.589599609375,2452.103759765625,2452.039794921875
33,7-Jan-13,16:30,2460.8935546875,2460.8935546875,2460.8935546875,2461.058837890625,2460.62841796875,2460.86767578125,284.0339050292969,283.76507568359375,283.9604187011719,2460.351318359375,2460.858154296875,2460.3076171875,2460.811279296875,2449.322265625,2448.231689453125,2455.85693359375,2447.215576171875,2447.95654296875,2455.9716796875,2447.07470703125,2448.228515625,2455.85693359375,2447.21533203125,2448.542724609375,2446.82177734375,2448.228515625,2455.85693359375,2447.21533203125,2446.45361328125
34,7-Jan-13,17:00,2460.8935546875,2460.8935546875,2460.8935546875,2460.936279296875,2460.340087890625,2460.62744140625,283.9031982421875,283.5212097167969,283.7481689453125,2459.39111328125,2460.544189453125,2459.128662109375,2460.268798828125,2425.196533203125,2425.42724609375,2453.121337890625,2440.721923828125,2424.62548828125,2453.26904296875,2440.079833984375,2425.43505859375,2453.121337890625,2440.721923828125,2425.402099609375,2440.174560546875,2425.43505859375,2453.121337890625,2440.721923828125,2439.6220703125
35,7-Jan-13,17:30,2460.8935546875,2460.8935546875,2460.8935546875,2460.5400390625,2460.067626953125,2460.494384765625,283.5765075683594,283.27740478515625,283.5975036621094,2458.335693359375,2460.185546875,2457.824462890625,2459.673828125,2385.8095703125,2388.449462890625,2450.613037109375,2431.17236328125,2386.57177734375,2450.944580078125,2429.859375,2388.443359375,2450.611083984375,2431.1708984375,2387.77392578125,2430.465087890625,2388.447265625,2450.609375,2431.171142578125,2429.69775390625
36,7-Jan-13,18:00,2460.8935546875,2460.8935546875,2460.8935546875,2460.031982421875,2459.90771484375,2460.06201171875,283.1524658203125,283.0876770019531,283.220458984375,2458.384033203125,2459.640380859375,2456.18212890625,2458.76953125,2333.248779296875,2338.11767578125,2446.8115234375,2416.742431640625,2334.5654296875,2447.402587890625,2414.8115234375,2338.11767578125,2446.8115234375,2416.749755859375,2336.878173828125,2415.463134765625,2338.11767578125,2446.8115234375,2416.749755859375,2415.36376953125
37,7-Jan-13,18:30,2460.8935546875,2460.8935546875,2460.8935546875,2459.7451171875,2459.837158203125,2461.196044921875,282.91802978515625,282.999267578125,283.1987609863281,2455.963623046875,2459.328857421875,2454.865966796875,2458.233642578125,2305.817138671875,2311.383544921875,2443.780029296875,2409.835205078125,2306.935302734375,2444.44921875,2408.826171875,2311.384521484375,2443.7802734375,2411.137939453125,2309.960693359375,2409.6962890625,2311.3798828125,2443.7802734375,2411.137939453125,2406.819091796875
38,7-Jan-13,19:00,2460.8935546875,2460.8935546875,2462.223388671875,2459.19873046875,2460.02392578125,2461.01025390625,282.509033203125,283.0863037109375,282.87799072265625,2455.262451171875,2459.28759765625,2454.11083984375,2458.138671875,2283.79248046875,2290.2265625,2444.53173828125,2406.048095703125,2283.660400390625,2445.596923828125,2404.79541015625,2289.00244140625,2444.523193359375,2406.045654296875,2287.35791015625,2404.6103515625,2289.03564453125,2444.523193359375,2406.045654296875,2403.0185546875
39,7-Jan-13,19:30,2460.8935546875,2460.8935546875,2460.8935546875,2459.21435546875,2460.062255859375,2459.731201171875,282.52734375,283.1199645996094,282.9199523925781,2455.241455078125,2459.39111328125,2454.14697265625,2459.6357421875,2283.92236328125,2290.05859375,2444.845458984375,2405.923583984375,2284.60693359375,2445.912841796875,2403.534423828125,2291.2958984375,2444.845458984375,2405.923583984375,2289.736083984375,2404.318603515625,2291.2958984375,2444.845458984375,2405.923583984375,2402.5625
40,7-Jan-13,20:00,2460.8935546875,2460.8935546875,2460.8935546875,2459.3642578125,2459.9208984375,2459.8427734375,282.63720703125,283.0328063964844,283.0052185058594,2455.177978515625,2459.382568359375,2454.075927734375,2458.282470703125,2281.245361328125,2287.878662109375,2445.509765625,2404.83642578125,2282.32470703125,2446.59814453125,2402.4345703125,2287.878662109375,2445.512939453125,2404.83642578125,2286.18994140625,2403.1484375,2287.878662109375,2445.512939453125,2404.836181640625,2401.297607421875
41,7-Jan-13,20:30,2460.8935546875,2460.8935546875,2460.8935546875,2459.19580078125,2459.813232421875,2460.05810546875,282.67193603515625,282.9557800292969,283.1474914550781,2455.679443359375,2459.076171875,2454.427001953125,2457.837890625,2289.19482421875,2295.484619140625,2445.6923828125,2407.471435546875,2290.2763671875,2446.77392578125,2405.047119140625,2295.484619140625,2445.6953125,2407.47119140625,2293.883544921875,2405.912353515625,2295.484619140625,2445.6953125,2407.47119140625,2404.2001953125
42,7-Jan-13,21:00,2462.223388671875,2460.8935546875,2460.8935546875,2460.39453125,2459.695556640625,2460.04052734375,282.4117736816406,282.8564147949219,283.1155700683594,2455.72314453125,2458.816650390625,2454.32666015625,2457.43603515625,2294.01611328125,2299.37646484375,2442.490234375,2409.232177734375,2294.46435546875,2443.25634765625,2406.8935546875,2299.37646484375,2442.48583984375,2409.232177734375,2298.012451171875,2407.70556640625,2299.37646484375,2442.48583984375,2409.232421875,2406.047119140625
43,7-Jan-13,21:30,2460.8935546875,2460.8935546875,2460.8935546875,2459.158203125,2459.78125,2460.079833984375,282.4902648925781,282.9305419921875,283.15863037109375,2455.88623046875,2458.947265625,2454.571044921875,2457.6494140625,2300.092529296875,2305.127197265625,2444.76171875,2410.39892578125,2300.284423828125,2445.542236328125,2408.2138671875,2305.127197265625,2443.445068359375,2410.3974609375,2303.873046875,2408.834228515625,2305.138916015625,2443.445068359375,2410.3974609375,2407.14697265625
44,7-Jan-13,22:00,2460.8935546875,2460.8935546875,2460.8935546875,2458.741943359375,2459.97705078125,2460.064697265625,282.19207763671875,283.0467529296875,283.13037109375,2455.698974609375,2458.70654296875,2454.2392578125,2457.27197265625,2288.265625,2293.740234375,2444.73046875,2410.20751953125,2288.4013671875,2445.72705078125,2408.05615234375,2293.740234375,2444.73046875,2410.20751953125,2292.36181640625,2408.7705078125,2293.752685546875,2444.73046875,2410.20751953125,2407.19873046875
45,7-Jan-13,22:30,2460.8935546875,2462.223388671875,2460.8935546875,2458.98876953125,2461.277587890625,2460.09814453125,282.37713623046875,283.04534912109375,283.1719970703125,2456.0087890625,2458.842041015625,2454.638916015625,2457.4833984375,2306.474853515625,2311.20458984375,2443.553955078125,2414.084716796875,2306.580810546875,2444.215576171875,2412.11669921875,2311.19921875,2443.553955078125,2414.077880859375,2310.00390625,2412.729248046875,2311.19970703125,2443.553955078125,2414.074462890625,2411.268310546875
46,7-Jan-13,23:00,2460.8935546875,2460.8935546875,2460.8935546875,2459.34375,2460.157958984375,2460.133056640625,282.660888671875,283.2315979003906,283.393798828125,2456.29150390625,2459.344970703125,2455.218505859375,2458.281982421875,2323.869873046875,2327.890380859375,2445.793212890625,2418.3720703125,2323.6220703125,2446.4150390625,2416.792236328125,2327.88916015625,2445.793212890625,2418.369384765625,2326.880615234375,2417.099853515625,2327.89111328125,2445.79296875,2418.36572265625,2415.73486328125
47,7-Jan-13,23:30,2460.8935546875,2460.8935546875,2462.223388671875,2459.66552734375,2460.125,2461.515380859375,282.9033508300781,283.23406982421875,283.3025817871094,2456.689453125,2459.60546875,2455.779296875,2458.687744140625,2347.554931640625,2350.51953125,2444.856201171875,2424.68359375,2347.0771484375,2445.07177734375,2423.512451171875,2350.51953125,2444.859130859375,2424.68359375,2349.781005859375,2423.61572265625,2350.51953125,2444.859130859375,2424.692138671875,2422.484130859375
48,8-Jan-13,0:00,2460.8935546875,2460.8935546875,2460.8935546875,2459.799560546875,2460.2177734375,2460.23193359375,283.0138854980469,283.3171691894531,283.3542785644531,2457.335205078125,2459.805419921875,2456.56591796875,2460.36865234375,2360.017333984375,2362.86669921875,2446.5205078125,2428.37255859375,2359.82666015625,2446.7939453125,2425.888671875,2362.86669921875,2446.5205078125,2428.37255859375,2362.155517578125,2426.0654296875,2362.86669921875,2446.5205078125,2427.06103515625,2426.310302734375
49,8-Jan-13,0:30,2460.8935546875,2460.8935546875,2460.8935546875,2459.698974609375,2460.30126953125,2460.3515625,282.95361328125,283.38153076171875,283.4433898925781,2457.2783203125,2459.962158203125,2456.594970703125,2459.276123046875,2360.091552734375,2363.32275390625,2447.908935546875,2430.014892578125,2360.252197265625,2448.241943359375,2427.60986328125,2363.32275390625,2447.908935546875,2428.702392578125,2362.50146484375,2427.872802734375,2363.32275390625,2447.908935546875,2428.702392578125,2426.964599609375
50,8-Jan-13,1:00,2460.8935546875,2460.8935546875,2460.8935546875,2459.76123046875,2460.433837890625,2460.371337890625,283.01153564453125,283.4873962402344,283.4727783203125,2457.7529296875,2460.020751953125,2457.123291015625,2459.4013671875,2369.720703125,2372.8720703125,2449.307861328125,2430.505859375,2370.0712890625,2449.713134765625,2430.719970703125,2372.8720703125,2449.307861328125,2430.505859375,2372.06982421875,2429.770263671875,2372.8720703125,2449.307861328125,2430.505859375,2428.9580078125
51,8-Jan-13,1:30,2462.223388671875,2460.8935546875,2460.8935546875,2459.937744140625,2460.5771484375,2460.37646484375,283.1545715332031,283.60858154296875,283.5005187988281,2458.214111328125,2460.15673828125,2457.681396484375,2459.618408203125,2381.4267578125,2383.950439453125,2450.47998046875,2432.56640625,2381.399169921875,2450.879150390625,2432.987060546875,2383.950439453125,2450.479736328125,2432.56640625,2383.31787109375,2433.0947265625,2383.950439453125,2450.479736328125,2433.882568359375,2430.9306640625
52,8-Jan-13,2:00,2460.8935546875,2460.8935546875,2460.8935546875,2461.356201171875,2460.57421875,2460.374755859375,283.22100830078125,283.6126708984375,283.5057373046875,2458.523681640625,2460.15966796875,2458.00634765625,2459.661865234375,2387.99560546875,2390.52978515625,2450.989013671875,2433.47705078125,2388.231201171875,2451.40185546875,2432.484130859375,2390.52978515625,2450.988037109375,2433.47705078125,2389.88818359375,2432.768310546875,2390.52978515625,2450.988037109375,2433.477294921875,2431.997314453125
53,8-Jan-13,2:30,2460.8935546875,2460.8935546875,2460.8935546875,2460.01904296875,2460.60107421875,2460.373779296875,283.21710205078125,283.6322021484375,283.5063171386719,2458.472900390625,2460.180419921875,2457.96484375,2459.666748046875,2383.06494140625,2385.937744140625,2451.183837890625,2431.705810546875,2383.43798828125,2451.671142578125,2430.602783203125,2385.937744140625,2451.183837890625,2431.705810546875,2385.217041015625,2430.914794921875,2385.943603515625,2451.183837890625,2431.705810546875,2430.052734375
54,8-Jan-13,3:00,2460.8935546875,2462.223388671875,2460.8935546875,2460.0615234375,2461.91552734375,2460.41015625,283.2503662109375,283.62646484375,283.5360107421875,2458.616455078125,2460.189697265625,2458.119873046875,2459.686767578125,2387.349365234375,2390.141357421875,2452.692138671875,2432.630615234375,2387.791259765625,2453.150634765625,2431.528564453125,2390.141357421875,2452.692138671875,2432.630615234375,2389.45703125,2431.895263671875,2390.1669921875,2452.692138671875,2432.630615234375,2431.09130859375
55,8-Jan-13,3:30,2460.8935546875,2460.8935546875,2460.8935546875,2460.04345703125,2460.586181640625,2460.4072265625,283.2366943359375,283.6252746582031,283.53240966796875,2459.760986328125,2460.2119140625,2459.267578125,2459.72119140625,2384.549560546875,2387.263427734375,2452.702880859375,2432.2578125,2384.78271484375,2453.167724609375,2431.249267578125,2387.27880859375,2452.702880859375,2432.258544921875,2386.59130859375,2431.466552734375,2387.27880859375,2451.37548828125,2432.258544921875,2430.60546875
56,8-Jan-13,4:00,2460.8935546875,2460.8935546875,2462.223388671875,2459.9287109375,2460.615478515625,2460.422607421875,283.15399169921875,283.64013671875,283.69085693359375,2458.176513671875,2460.21728515625,2457.676025390625,2459.72412109375,2387.511962890625,2389.703125,2450.973876953125,2434.146484375,2385.970703125,2451.382568359375,2433.292236328125,2388.412353515625,2450.973876953125,2434.146484375,2387.861572265625,2433.458251953125,2388.412353515625,2450.9736328125,2434.146484375,2432.715576171875
57,8-Jan-13,4:30,2460.8935546875,2460.8935546875,2462.223388671875,2459.9443359375,2460.618408203125,2460.363525390625,283.1617126464844,283.6390686035156,283.49432373046875,2458.28076171875,2460.17822265625,2457.762939453125,2459.65478515625,2388.150634765625,2390.19189453125,2450.385009765625,2433.514892578125,2389.138427734375,2450.773681640625,2432.57177734375,2390.19189453125,2450.385009765625,2433.514892578125,2389.679443359375,2432.775146484375,2390.19189453125,2450.385009765625,2433.514892578125,2431.983642578125
58,8-Jan-13,5:00,2460.8935546875,2460.8935546875,2460.8935546875,2459.906982421875,2460.609375,2460.430908203125,283.13787841796875,283.63458251953125,283.541748046875,2458.269775390625,2460.22314453125,2457.77685546875,2459.736083984375,2387.953857421875,2390.0009765625,2450.8193359375,2434.499755859375,2387.61279296875,2451.21875,2433.6611328125,2390.00146484375,2450.8193359375,2434.499755859375,2389.489501953125,2433.812744140625,2390.00146484375,2450.8193359375,2434.499755859375,2433.07470703125
59,8-Jan-13,5:30,2460.8935546875,2460.8935546875,2460.8935546875,2459.950439453125,2460.551025390625,2460.46923828125,283.1689453125,283.5966491699219,283.5696716308594,2458.255859375,2460.173828125,2457.734375,2459.65869140625,2388.1005859375,2390.17138671875,2450.638427734375,2434.703369140625,2387.82080078125,2450.98388671875,2433.894287109375,2390.17138671875,2450.638427734375,2434.703369140625,2389.65576171875,2434.00537109375,2390.17041015625,2450.638427734375,2434.703369140625,2434.57080078125
60,8-Jan-13,6:00,2462.223388671875,2460.8935546875,2460.8935546875,2459.8193359375,2460.513671875,2460.49560546875,283.07012939453125,283.5611267089844,283.57708740234375,2458.092041015625,2460.053466796875,2457.49560546875,2459.460693359375,2384.47509765625,2386.534912109375,2450.273681640625,2435.835693359375,2384.083251953125,2450.606689453125,2433.730224609375,2386.53173828125,2450.27392578125,2434.5205078125,2386.018310546875,2433.837890625,2386.531005859375,2450.274169921875,2434.5205078125,2434.4189453125
61,8-Jan-13,6:30,2460.8935546875,2460.8935546875,2460.8935546875,2459.9560546875,2460.43212890625,2460.43115234375,283.31475830078125,283.5047607421875,283.5325927734375,2458.21630859375,2459.971923828125,2457.5810546875,2459.334716796875,2384.12451171875,2386.18798828125,2450.18359375,2433.509765625,2383.7861328125,2450.54248046875,2432.6103515625,2386.18798828125,2450.18359375,2433.509765625,2385.67626953125,2432.76220703125,2386.192138671875,2450.18359375,2433.509765625,2431.963623046875
62,8-Jan-13,7:00,2460.8935546875,2460.8935546875,2460.8935546875,2460.023193359375,2460.443115234375,2460.36669921875,283.20794677734375,283.51300048828125,283.48968505859375,2458.418701171875,2459.969482421875,2457.790283203125,2459.352294921875,2384.48095703125,2386.642822265625,2449.69091796875,2432.3779296875,2384.309814453125,2450.00341796875,2431.417236328125,2386.6357421875,2449.69091796875,2432.3779296875,2386.10205078125,2431.52490234375,2386.6357421875,2449.688720703125,2432.3779296875,2430.618408203125
63,8-Jan-13,7:30,2460.8935546875,2460.8935546875,2460.8935546875,2460.060546875,2460.4892578125,2460.456787109375,283.24603271484375,283.5572814941406,283.5640563964844,2458.878662109375,2460.0263671875,2458.301513671875,2459.467041015625,2393.237548828125,2395.47265625,2450.98974609375,2435.312255859375,2393.487060546875,2451.28564453125,2434.40283203125,2395.47265625,2450.98974609375,2435.31201171875,2394.909423828125,2434.65625,2395.47607421875,2450.98974609375,2435.31201171875,2433.946533203125
64,8-Jan-13,8:00,2460.8935546875,2462.223388671875,2460.8935546875,2460.28271484375,2461.819580078125,2460.53466796875,283.41802978515625,283.7328796386719,283.6397399902344,2459.532470703125,2460.15283203125,2459.05517578125,2459.69384765625,2402.887939453125,2404.998046875,2452.185791015625,2436.6376953125,2403.37353515625,2452.46826171875,2435.78076171875,2404.995361328125,2452.185791015625,2436.6376953125,2404.466064453125,2435.956298828125,2404.995361328125,2452.184814453125,2436.6376953125,2435.224365234375
65,8-Jan-13,8:30,2460.8935546875,2460.8935546875,2460.8935546875,2460.258056640625,2461.832275390625,2460.649658203125,283.4091491699219,283.7493591308594,283.7258605957031,2459.44189453125,2460.244873046875,2459.0126953125,2459.81884765625,2406.5322265625,2408.530517578125,2452.562744140625,2439.729736328125,2407.113525390625,2452.75341796875,2439.028076171875,2408.530517578125,2452.562744140625,2439.729248046875,2408.01806640625,2439.268798828125,2408.530517578125,2452.562744140625,2439.729248046875,2438.76171875
66,8-Jan-13,9:00,2460.8935546875,2460.8935546875,2462.223388671875,2460.532958984375,2460.5400390625,2462.1259765625,283.62847900390625,283.6551208496094,283.8602294921875,2460.163330078125,2460.3759765625,2459.839599609375,2460.055419921875,2422.35791015625,2423.819580078125,2453.955810546875,2442.6123046875,2422.8994140625,2454.046875,2442.07763671875,2423.819580078125,2455.28271484375,2442.611572265625,2423.452880859375,2442.13720703125,2423.817138671875,2455.28271484375,2442.611572265625,2441.629638671875
67,8-Jan-13,9:30,2460.8935546875,2460.8935546875,2460.8935546875,2460.697998046875,2460.6787109375,2460.819580078125,283.7640686035156,283.7732849121094,283.9006042480469,2460.720947265625,2460.598876953125,2460.54736328125,2459.089111328125,2440.77001953125,2441.862548828125,2456.13134765625,2448.3642578125,2441.655517578125,2456.23388671875,2447.8984375,2441.862548828125,2457.458251953125,2448.3642578125,2441.572265625,2448.29345703125,2441.862548828125,2457.458251953125,2448.3642578125,2448.2001953125
68,8-Jan-13,10:00,2460.8935546875,2460.8935546875,2460.8935546875,2460.95068359375,2460.491455078125,2460.9755859375,283.9508361816406,283.66241455078125,284.0237121582031,2461.1572265625,2460.654052734375,2461.033935546875,2460.5400390625,2454.72802734375,2454.6982421875,2457.181640625,2451.11328125,2454.981689453125,2457.134033203125,2450.864013671875,2454.6982421875,2457.181640625,2451.113037109375,2454.712158203125,2451.03955078125,2454.6982421875,2457.181640625,2451.113037109375,2450.970458984375
69,8-Jan-13,10:30,2462.223388671875,2460.8935546875,2460.8935546875,2460.431640625,2460.2236328125,2461.060302734375,283.5488586425781,283.429443359375,284.0290222167969,2460.37060546875,2460.1669921875,2459.938232421875,2459.738037109375,2432.99951171875,2432.9404296875,2452.698486328125,2448.01904296875,2432.572021484375,2452.579345703125,2447.76611328125,2432.9404296875,2452.698486328125,2449.3427734375,2432.96875,2449.13916015625,2432.9404296875,2452.698486328125,2449.3427734375,2447.616943359375
70,8-Jan-13,11:00,2460.8935546875,2460.8935546875,2460.8935546875,2461.771728515625,2460.185791015625,2461.031982421875,283.5517272949219,283.3996276855469,284.0054931640625,2460.27685546875,2460.155029296875,2459.83349609375,2459.715576171875,2432.078125,2431.922119140625,2452.875,2447.15673828125,2431.56982421875,2452.82421875,2446.818603515625,2431.922119140625,2452.875,2447.15673828125,2431.980224609375,2446.88916015625,2431.922119140625,2452.875,2447.15673828125,2446.62841796875
71,8-Jan-13,11:30,2460.8935546875,2460.8935546875,2460.8935546875,2460.295654296875,2460.048583984375,2461.27294921875,283.44976806640625,283.3038330078125,284.1666259765625,2459.78515625,2459.986572265625,2459.225341796875,2459.43212890625,2418.4150390625,2418.2421875,2453.083251953125,2444.587158203125,2417.30859375,2453.08935546875,2444.36181640625,2418.2421875,2453.083251953125,2444.587158203125,2418.314208984375,2444.126220703125,2418.2421875,2453.083251953125,2444.587158203125,2443.67138671875
72,8-Jan-13,12:00,2460.8935546875,2460.8935546875,2460.8935546875,2460.24560546875,2460.16015625,2461.40185546875,283.43017578125,283.39398193359375,284.2686462402344,2459.82568359375,2460.180419921875,2459.375732421875,2459.739013671875,2421.088623046875,2420.676513671875,2455.43359375,2444.80224609375,2419.658447265625,2455.68310546875,2444.5693359375,2420.676513671875,2455.43359375,2444.80224609375,2420.809326171875,2444.371826171875,2420.67626953125,2455.43359375,2444.80224609375,2443.952392578125
73,8-Jan-13,12:30,2460.8935546875,2462.223388671875,2460.8935546875,2460.232666015625,2459.721435546875,2461.463623046875,283.3925476074219,283.0672607421875,284.28204345703125,2459.4248046875,2459.9677734375,2458.838623046875,2459.384521484375,2404.593994140625,2404.958251953125,2453.66748046875,2440.4365234375,2405.012451171875,2453.89990234375,2439.869384765625,2404.9541015625,2453.6669921875,2440.4365234375,2404.888916015625,2439.894775390625,2404.9541015625,2453.6669921875,2440.436767578125,2439.347412109375
74,8-Jan-13,13:00,2460.8935546875,2460.8935546875,2460.8935546875,2460.20654296875,2459.42626953125,2461.34375,283.34234619140625,282.83428955078125,284.3212585449219,2459.837646484375,2459.76953125,2457.77099609375,2459.03125,2391.289306640625,2391.73828125,2451.904052734375,2437.60498046875,2390.26611328125,2452.22265625,2436.695068359375,2391.737548828125,2451.904052734375,2437.60498046875,2391.638916015625,2437.1494140625,2391.737548828125,2451.9033203125,2437.60498046875,2436.6865234375
75,8-Jan-13,13:30,2460.8935546875,2460.8935546875,2462.223388671875,2460.2509765625,2459.301025390625,2462.52490234375,283.3553771972656,282.73199462890625,284.0492248535156,2458.236328125,2459.730712890625,2457.464599609375,2458.949462890625,2386.235107421875,2387.180419921875,2449.845947265625,2438.432861328125,2385.821044921875,2449.9140625,2437.547119140625,2387.180419921875,2449.845947265625,2438.432861328125,2386.931884765625,2438.167236328125,2387.172119140625,2449.845947265625,2438.432861328125,2437.88427734375
76,8-Jan-13,14:00,2460.8935546875,2460.8935546875,2460.8935546875,2459.990966796875,2459.422119140625,2460.8681640625,283.14544677734375,282.77978515625,283.7912292480469,2457.75146484375,2460.902587890625,2456.8701171875,2458.703369140625,2353.130859375,2356.029541015625,2449.42724609375,2428.07080078125,2353.53759765625,2449.878662109375,2426.618408203125,2356.029541015625,2449.42724609375,2428.07080078125,2355.28662109375,2427.44140625,2356.029541015625,2449.42724609375,2428.07080078125,2426.74755859375
77,8-Jan-13,14:30,2460.8935546875,2460.8935546875,2460.8935546875,2459.59521484375,2459.41455078125,2460.77197265625,282.84161376953125,282.7382507324219,283.6881408691406,2456.33740234375,2459.38330078125,2455.28662109375,2458.345703125,2303.961669921875,2308.76513671875,2449.34130859375,2416.62548828125,2304.3369140625,2450.322265625,2414.787353515625,2308.762939453125,2449.34130859375,2416.62548828125,2307.525146484375,2415.635498046875,2308.762939453125,2449.34423828125,2416.62548828125,2414.5322265625
78,8-Jan-13,15:00,2460.8935546875,2460.8935546875,2460.8935546875,2458.956298828125,2459.2998046875,2460.611572265625,282.3428649902344,282.593505859375,283.5101623535156,2455.067138671875,2459.114013671875,2453.80908203125,2457.87353515625,2272.16015625,2277.471435546875,2446.541015625,2409.739990234375,2272.0302734375,2447.6962890625,2407.61474609375,2277.471435546875,2446.53857421875,2409.739990234375,2276.11474609375,2408.484375,2277.471435546875,2446.53857421875,2409.740478515625,2407.102294921875
79,8-Jan-13,15:30,2462.223388671875,2460.8935546875,2460.8935546875,2459.215087890625,2458.907470703125,2460.3662109375,282.6421203613281,282.2984619140625,283.315185546875,2454.895751953125,2458.8212890625,2453.46875,2457.393798828125,2257.546142578125,2264.430908203125,2444.259033203125,2402.394775390625,2258.93505859375,2445.38818359375,2399.62060546875,2264.430908203125,2444.259033203125,2402.394775390625,2262.66796875,2400.846923828125,2264.429443359375,2444.259033203125,2402.394775390625,2400.43310546875
80,8-Jan-13,16:00,2460.8935546875,2460.8935546875,2460.8935546875,2459.004638671875,2458.841552734375,2460.248291015625,282.3184509277344,282.224609375,283.2051696777344,2455.037841796875,2458.539794921875,2453.455078125,2456.963134765625,2241.57373046875,2249.82666015625,2442.15869140625,2397.179443359375,2244.011962890625,2443.22998046875,2394.05224609375,2249.82666015625,2443.47802734375,2397.179443359375,2247.70947265625,2395.390869140625,2249.82666015625,2443.47802734375,2397.183349609375,2393.404052734375
81,8-Jan-13,16:30,2460.8935546875,2460.8935546875,2460.8935546875,2458.6572265625,2458.74169921875,2460.190673828125,282.0467224121094,282.1199645996094,283.1280822753906,2453.815673828125,2458.192138671875,2451.984130859375,2456.36962890625,2212.56298828125,2220.91015625,2440.020751953125,2391.082275390625,2213.991943359375,2441.141357421875,2388.096435546875,2220.986328125,2440.020751953125,2391.082275390625,2218.8662109375,2388.873046875,2220.986328125,2440.022216796875,2391.082275390625,2386.4638671875
82,8-Jan-13,17:00,2460.8935546875,2462.223388671875,2460.8935546875,2458.251953125,2460.166748046875,2459.48388671875,281.697998046875,282.26251220703125,282.5699462890625,2453.436279296875,2457.994140625,2451.41748046875,2455.983642578125,2152.577880859375,2163.583251953125,2437.752197265625,2374.675537109375,2154.46337890625,2439.384521484375,2370.9873046875,2163.580078125,2437.752197265625,2374.675537109375,2160.773193359375,2371.94970703125,2163.580078125,2437.75244140625,2374.675537109375,2368.955810546875
83,8-Jan-13,17:30,2460.8935546875,2460.8935546875,2460.8935546875,2457.881103515625,2458.505615234375,2459.135498046875,281.37017822265625,281.8067626953125,282.2540588378906,2450.9658203125,2457.452392578125,2448.59326171875,2455.103759765625,2102.980224609375,2116.1201171875,2434.610107421875,2361.65283203125,2105.493408203125,2436.55615234375,2357.326171875,2116.135498046875,2434.61767578125,2361.653076171875,2112.79248046875,2358.47802734375,2116.1484375,2434.61767578125,2361.653076171875,2354.980712890625
84,8-Jan-13,18:00,2460.8935546875,2460.8935546875,2462.223388671875,2457.682861328125,2458.325439453125,2458.715087890625,281.1772155761719,281.6252746582031,282.0600891113281,2449.606689453125,2457.048583984375,2446.947265625,2454.400146484375,2047.4488525390625,2062.1044921875,2431.946533203125,2345.007568359375,2049.38037109375,2434.36865234375,2340.0732421875,2062.103759765625,2431.946533203125,2345.007568359375,2058.38671875,2341.062744140625,2062.103759765625,2431.945068359375,2345.007568359375,2336.754150390625
85,8-Jan-13,18:30,2460.8935546875,2460.8935546875,2460.8935546875,2457.2744140625,2458.4150390625,2458.460205078125,280.85931396484375,281.6441345214844,281.6906433105469,2448.20361328125,2456.94189453125,2445.423583984375,2454.19482421875,1990.0159912109375,2006.1162109375,2432.38671875,2331.6083984375,1990.99072265625,2435.4072265625,2326.438232421875,2006.09814453125,2432.38818359375,2331.6083984375,2002.0335693359375,2326.9658203125,2006.09814453125,2432.38818359375,2331.61376953125,2321.923583984375
86,8-Jan-13,19:00,2460.893310546875,2460.8935546875,2460.8935546875,2457.232177734375,2458.578369140625,2458.4150390625,280.8363952636719,281.7605285644531,281.66534423828125,2448.07080078125,2458.239013671875,2445.267822265625,2454.14111328125,1970.5498046875,1987.689453125,2434.1552734375,2326.701416015625,1971.6405029296875,2437.38037109375,2321.55859375,1987.6820068359375,2434.1552734375,2326.701416015625,1983.3594970703125,2321.72509765625,1987.6820068359375,2434.157470703125,2326.701416015625,2316.316650390625
87,8-Jan-13,19:30,2460.8935546875,2460.8935546875,2460.8935546875,2456.9287109375,2458.43701171875,2458.1630859375,280.58013916015625,281.6132507324219,281.4414978027344,2447.90576171875,2456.547607421875,2444.890869140625,2453.54736328125,1954.199462890625,1973.3712158203125,2429.361572265625,2322.580810546875,1956.1510009765625,2433.65380859375,2316.951416015625,1973.3712158203125,2429.36181640625,2322.580810546875,1967.7239990234375,2317.572998046875,1973.3712158203125,2429.36181640625,2322.5791015625,2312.108642578125
88,8-Jan-13,20:00,2462.223388671875,2460.8935546875,2460.8935546875,2456.8779296875,2458.029052734375,2458.2578125,280.6705017089844,281.3095397949219,281.479248046875,2447.617919921875,2456.156005859375,2444.370361328125,2452.9384765625,1961.14453125,1977.642822265625,2424.326416015625,2323.76220703125,1961.9190673828125,2426.9775390625,2316.704345703125,1977.64697265625,2424.326416015625,2323.76220703125,1973.498291015625,2318.743408203125,1977.64697265625,2424.32666015625,2323.76220703125,2312.06005859375
89,8-Jan-13,20:30,2460.8935546875,2460.8935546875,2460.8935546875,2456.81298828125,2458.242919921875,2458.43359375,280.4992370605469,281.47900390625,281.62310791015625,2447.530517578125,2456.207275390625,2444.308837890625,2453.020751953125,1964.46435546875,1980.04296875,2424.04150390625,2323.599609375,1964.1483154296875,2426.637939453125,2318.026611328125,1980.0350341796875,2424.04150390625,2323.599609375,1976.139404296875,2318.48779296875,1980.0350341796875,2424.042724609375,2323.599609375,2312.9814453125
90,8-Jan-13,21:00,2460.8935546875,2460.8935546875,2460.8935546875,2456.69873046875,2458.4697265625,2458.56689453125,280.4402770996094,281.6514587402344,281.7320251464844,2449.109619140625,2456.37548828125,2444.669189453125,2453.294921875,1967.7926025390625,1983.626220703125,2425.955810546875,2326.896728515625,1967.6195068359375,2428.447509765625,2321.843017578125,1983.626220703125,2425.931884765625,2326.896728515625,1979.658935546875,2321.8203125,1983.626220703125,2425.931884765625,2326.884765625,2316.330810546875
91,8-Jan-13,21:30,2460.8935546875,2460.8935546875,2460.8935546875,2456.7734375,2459.82861328125,2458.93798828125,280.5259094238281,281.85986328125,282.0207824707031,2448.916015625,2456.410888671875,2445.868408203125,2453.3984375,2007.121826171875,2021.173583984375,2426.482666015625,2338.0712890625,2006.51708984375,2428.566162109375,2333.59619140625,2021.173583984375,2426.482666015625,2338.0712890625,2017.69140625,2334.486083984375,2022.284912109375,2426.482666015625,2338.0712890625,2328.023681640625
92,8-Jan-13,22:00,2460.8935546875,2460.8935546875,2460.8935546875,2456.76220703125,2458.9111328125,2459.14404296875,280.56304931640625,282.0317687988281,282.2060546875,2449.450439453125,2456.786376953125,2446.636962890625,2453.989990234375,2013.490966796875,2028.5677490234375,2431.855224609375,2341.34814453125,2013.8504638671875,2434.290771484375,2336.885498046875,2028.5677490234375,2431.854248046875,2341.34814453125,2024.7724609375,2336.847900390625,2028.5677490234375,2431.854248046875,2342.5947265625,2331.947509765625
93,8-Jan-13,22:30,2460.8935546875,2460.8935546875,2462.223388671875,2457.2373046875,2459.2109375,2460.698974609375,280.95758056640625,282.30877685546875,282.4348449707031,2450.693603515625,2457.074951171875,2448.0966796875,2454.50048828125,2082.045166015625,2093.76318359375,2436.364990234375,2359.206787109375,2081.150634765625,2438.58203125,2354.23828125,2093.76318359375,2436.364990234375,2357.92822265625,2090.837890625,2353.984619140625,2093.76318359375,2436.364990234375,2357.92822265625,2351.013671875
94,8-Jan-13,23:00,2460.8935546875,2460.8935546875,2460.8935546875,2457.583740234375,2459.357666015625,2459.520751953125,281.2390441894531,282.4556884765625,282.5857849121094,2451.37109375,2458.816162109375,2449.036376953125,2455.1875,2128.869140625,2138.555419921875,2437.824462890625,2370.445556640625,2127.520751953125,2439.717041015625,2367.32666015625,2138.554443359375,2437.824462890625,2370.445556640625,2136.145263671875,2367.05126953125,2138.554443359375,2437.823974609375,2370.445556640625,2363.411865234375
95,8-Jan-13,23:30,2460.8935546875,2460.8935546875,2460.8935546875,2458.55126953125,2459.38037109375,2459.49853515625,281.96331787109375,282.5412902832031,282.6435852050781,2452.53466796875,2458.067138671875,2450.576416015625,2456.13671875,2202.22607421875,2209.249267578125,2439.422607421875,2385.910888671875,2201.037353515625,2439.480224609375,2382.918701171875,2209.249267578125,2439.422607421875,2385.907470703125,2207.501953125,2383.353515625,2209.249267578125,2439.422607421875,2385.907470703125,2380.62255859375
96,9-Jan-13,0:00,2460.8935546875,2460.8935546875,2460.8935546875,2458.42724609375,2459.721435546875,2459.677001953125,281.9088134765625,282.80242919921875,282.79449462890625,2453.222900390625,2458.474853515625,2451.524169921875,2456.783203125,2220.020751953125,2226.58544921875,2442.984130859375,2390.661865234375,2218.771484375,2443.156005859375,2388.001953125,2226.6376953125,2442.984130859375,2390.661865234375,2225.016357421875,2388.1630859375,2226.6376953125,2441.661865234375,2390.661865234375,2385.498046875
97,9-Jan-13,0:30,2460.8935546875,2460.8935546875,2460.8935546875,2458.686279296875,2460.05126953125,2459.84521484375,282.2920227050781,283.08209228515625,282.9654541015625,2454.23828125,2459.0234375,2452.893798828125,2457.68212890625,2243.300048828125,2249.885498046875,2445.804443359375,2396.2548828125,2242.59228515625,2447.32568359375,2393.93701171875,2249.885498046875,2445.804443359375,2396.2548828125,2248.23876953125,2393.9267578125,2249.87744140625,2445.804443359375,2396.2548828125,2391.43212890625
98,9-Jan-13,1:00,2460.8935546875,2460.8935546875,2460.8935546875,2458.62451171875,2460.18115234375,2459.92724609375,282.10888671875,283.1814880371094,283.0325012207031,2454.4208984375,2459.136962890625,2453.147705078125,2457.87890625,2245.95947265625,2252.95947265625,2448.428955078125,2398.923828125,2245.70751953125,2448.67041015625,2396.679443359375,2252.95947265625,2448.428955078125,2398.92236328125,2251.193115234375,2396.85546875,2252.904052734375,2448.428955078125,2398.92236328125,2394.612548828125
99,9-Jan-13,1:30,2460.8935546875,2460.8935546875,2460.8935546875,2458.746337890625,2460.2060546875,2460.078125,282.2132263183594,283.220458984375,283.15771484375,2455.103759765625,2459.22021484375,2453.90771484375,2458.027587890625,2264.418212890625,2270.595947265625,2447.109375,2403.203369140625,2263.940673828125,2448.4384765625,2401.287841796875,2270.595947265625,2447.109375,2403.203125,2269.052734375,2401.13818359375,2270.595947265625,2447.109375,2403.203125,2398.91748046875
100,9-Jan-13,2:00,2460.8935546875,2460.8935546875,2460.8935546875,2459.007080078125,2460.231201171875,2460.202392578125,282.41949462890625,283.420654296875,283.2730712890625,2455.519775390625,2459.432861328125,2455.78759765625,2458.375,2282.1826171875,2287.8505859375,2447.686767578125,2406.917724609375,2281.767578125,2448.887939453125,2405.11328125,2287.8505859375,2447.692626953125,2406.917724609375,2286.4345703125,2405.005615234375,2287.8505859375,2447.692626953125,2406.912109375,2402.94287109375
101,9-Jan-13,2:30,2460.8935546875,2462.223388671875,2460.8935546875,2459.06298828125,2461.69677734375,2460.13037109375,282.4660949707031,283.3686218261719,283.2330017089844,2456.907958984375,2459.62158203125,2454.631103515625,2458.6884765625,2279.1982421875,2285.75390625,2448.917724609375,2405.46044921875,2279.557861328125,2450.25048828125,2403.454833984375,2285.75390625,2448.917236328125,2405.458740234375,2284.095703125,2403.585693359375,2285.75390625,2448.917236328125,2405.458740234375,2401.548095703125
102,9-Jan-13,3:00,2460.8935546875,2460.8935546875,2462.223388671875,2459.25439453125,2460.13330078125,2461.329345703125,282.58233642578125,283.196533203125,283.1313781738281,2455.687255859375,2459.358154296875,2454.59375,2458.28125,2288.14794921875,2293.2607421875,2447.374267578125,2407.2265625,2288.890869140625,2448.565185546875,2405.013427734375,2293.260498046875,2447.374267578125,2407.2265625,2291.645263671875,2405.58251953125,2293.260498046875,2447.37353515625,2407.2265625,2403.781494140625
103,9-Jan-13,3:30,2460.8935546875,2460.8935546875,2462.223388671875,2459.343505859375,2460.233154296875,2460.004150390625,282.6568908691406,283.278564453125,283.30169677734375,2456.174560546875,2459.437744140625,2455.147216796875,2458.4208984375,2298.647216796875,2304.551025390625,2447.870361328125,2410.982177734375,2299.31884765625,2448.99609375,2407.574462890625,2304.605224609375,2447.870361328125,2410.982177734375,2303.114013671875,2409.35107421875,2304.605224609375,2447.86767578125,2410.982177734375,2406.27392578125
104,9-Jan-13,4:00,2460.8935546875,2460.8935546875,2460.8935546875,2459.33203125,2460.304931640625,2460.01953125,282.6545715332031,283.3328857421875,283.16473388671875,2456.226318359375,2459.509033203125,2455.241455078125,2458.529052734375,2312.37158203125,2317.21875,2448.408203125,2413.446044921875,2312.414306640625,2449.521484375,2411.4716796875,2317.21875,2448.408203125,2413.443603515625,2315.994140625,2411.998291015625,2317.228271484375,2448.408203125,2413.443603515625,2410.43212890625
105,9-Jan-13,4:30,2460.8935546875,2460.8935546875,2460.8935546875,2459.398193359375,2460.3671875,2460.13427734375,282.71728515625,283.39324951171875,283.2611999511719,2456.458740234375,2459.743408203125,2455.615966796875,2458.91162109375,2318.824462890625,2323.621826171875,2448.447998046875,2414.80810546875,2317.629150390625,2449.42431640625,2413.08349609375,2322.378662109375,2448.447998046875,2414.80810546875,2321.174560546875,2413.3193359375,2322.378662109375,2448.45068359375,2414.80810546875,2411.7109375
106,9-Jan-13,5:00,2460.8935546875,2460.8935546875,2460.8935546875,2459.359375,2460.4140625,2460.225830078125,282.6983642578125,283.4324645996094,283.33087158203125,2456.595947265625,2459.865966796875,2455.828125,2459.106689453125,2323.880126953125,2328.221923828125,2448.74169921875,2415.921875,2322.25634765625,2449.680419921875,2414.351318359375,2328.221923828125,2448.74169921875,2415.921875,2325.883544921875,2414.353515625,2326.96435546875,2448.74169921875,2415.921875,2412.67529296875
107,9-Jan-13,5:30,2462.223388671875,2460.8935546875,2460.8935546875,2459.42578125,2460.413330078125,2460.2666015625,282.9039611816406,283.4397888183594,283.36669921875,2456.856689453125,2459.851806640625,2456.09326171875,2459.085693359375,2330.583740234375,2334.71923828125,2448.910888671875,2418.28564453125,2330.324462890625,2449.757568359375,2416.796142578125,2334.71923828125,2448.910888671875,2418.28564453125,2333.687255859375,2416.824462890625,2335.98095703125,2448.910888671875,2418.28564453125,2415.25927734375
108,9-Jan-13,6:00,2460.8935546875,2460.8935546875,2460.8935546875,2459.573974609375,2460.432861328125,2460.32421875,282.86767578125,283.46954345703125,283.4228820800781,2457.124267578125,2459.923583984375,2456.412109375,2459.21435546875,2343.857177734375,2347.10107421875,2449.116943359375,2421.711669921875,2343.110107421875,2449.834716796875,2420.46533203125,2347.10107421875,2449.116943359375,2421.711669921875,2346.302978515625,2420.31298828125,2347.095703125,2449.116943359375,2421.711669921875,2418.831787109375
109,9-Jan-13,6:30,2460.8935546875,2460.8935546875,2460.8935546875,2459.66162109375,2461.805908203125,2460.388916015625,282.94140625,283.5135803222656,283.48175048828125,2457.413818359375,2459.993896484375,2456.754150390625,2459.3466796875,2354.786376953125,2357.49609375,2450.0634765625,2424.58056640625,2353.812744140625,2450.75830078125,2423.484619140625,2357.49609375,2450.0634765625,2424.582763671875,2358.11962890625,2423.2529296875,2358.772705078125,2450.0634765625,2424.582763671875,2421.853271484375
110,9-Jan-13,7:00,2460.8935546875,2462.223388671875,2460.8935546875,2459.547119140625,2460.5166015625,2460.323974609375,282.853759765625,283.683837890625,283.4269714355469,2457.47265625,2459.771240234375,2458.017822265625,2458.9892578125,2352.779541015625,2355.44140625,2451.49951171875,2424.977783203125,2351.7421875,2450.923095703125,2423.869384765625,2355.44140625,2451.49951171875,2424.97998046875,2354.794677734375,2423.734619140625,2355.44140625,2451.49951171875,2424.97998046875,2422.420654296875
111,9-Jan-13,7:30,2460.8935546875,2460.8935546875,2462.223388671875,2459.83642578125,2460.52099609375,2461.75,283.07781982421875,283.562255859375,283.5220642089844,2458.0947265625,2460.025146484375,2457.482421875,2459.410888671875,2366.352294921875,2368.9404296875,2451.13232421875,2427.067626953125,2365.72119140625,2451.773681640625,2426.054443359375,2368.938720703125,2451.13232421875,2427.067626953125,2368.30859375,2425.8466796875,2368.938720703125,2451.132080078125,2427.067626953125,2424.559814453125
112,9-Jan-13,8:00,2460.8935546875,2460.8935546875,2460.8935546875,2460.169921875,2460.571533203125,2460.442626953125,283.3328857421875,283.6261291503906,283.567626953125,2458.85400390625,2461.662109375,2458.4482421875,2461.24267578125,2392.001708984375,2394.625244140625,2452.369140625,2434.463134765625,2393.854736328125,2452.80126953125,2433.476806640625,2395.920166015625,2452.368896484375,2434.463134765625,2395.253662109375,2433.78857421875,2395.920166015625,2452.368896484375,2434.463134765625,2433.048095703125
113,9-Jan-13,8:30,2460.8935546875,2460.8935546875,2460.8935546875,2460.189453125,2460.653564453125,2460.562255859375,283.3623352050781,283.6982116699219,283.6656494140625,2459.107666015625,2460.4794921875,2458.7958984375,2460.16943359375,2402.470703125,2403.238525390625,2452.60498046875,2437.95849609375,2402.74951171875,2452.886962890625,2437.253173828125,2403.238525390625,2452.60498046875,2437.95849609375,2402.713623046875,2437.3818359375,2403.238525390625,2452.604736328125,2437.95849609375,2436.755615234375
114,9-Jan-13,9:00,2460.8935546875,2460.8935546875,2460.8935546875,2460.22265625,2460.71875,2460.693603515625,283.40179443359375,283.7596130371094,283.77227783203125,2459.43408203125,2460.49072265625,2459.14306640625,2460.17578125,2409.748291015625,2411.75146484375,2453.8720703125,2441.762451171875,2410.351806640625,2454.095458984375,2441.19921875,2411.7509765625,2453.8720703125,2441.762451171875,2411.230712890625,2441.43798828125,2411.7509765625,2453.87109375,2441.762451171875,2441.067626953125
115,9-Jan-13,9:30,2460.8935546875,2460.8935546875,2460.8935546875,2460.371337890625,2460.793212890625,2460.867919921875,283.6847229003906,283.8395080566406,283.9208679199219,2459.8251953125,2460.673828125,2459.654541015625,2460.49560546875,2428.894287109375,2429.74755859375,2454.4404296875,2446.9609375,2428.8974609375,2454.4833984375,2446.72021484375,2429.74755859375,2454.4404296875,2446.960693359375,2429.529541015625,2446.786376953125,2429.740478515625,2454.4404296875,2446.960693359375,2447.91552734375
116,9-Jan-13,10:00,2460.8935546875,2460.8935546875,2460.8935546875,2461.9140625,2460.95458984375,2460.875244140625,283.70343017578125,283.9768371582031,283.9543151855469,2460.51513671875,2460.87548828125,2460.48828125,2460.83251953125,2445.774169921875,2446.21484375,2456.4736328125,2452.2880859375,2445.9072265625,2456.535888671875,2452.172607421875,2446.21923828125,2456.4736328125,2452.2880859375,2446.1015625,2452.2744140625,2446.21923828125,2456.473388671875,2452.2880859375,2450.927734375
117,9-Jan-13,10:30,2460.8935546875,2460.8935546875,2460.8935546875,2460.578857421875,2460.950439453125,2460.863525390625,283.69805908203125,283.9725036621094,283.94482421875,2460.5888671875,2460.876708984375,2460.56591796875,2460.844970703125,2453.338134765625,2453.35009765625,2456.234619140625,2454.3974609375,2453.44287109375,2456.181640625,2454.386962890625,2453.35009765625,2456.234619140625,2454.3974609375,2453.330810546875,2455.996337890625,2453.35009765625,2456.234619140625,2455.724365234375,2454.944580078125
118,9-Jan-13,11:00,2460.8935546875,2460.8935546875,2460.8935546875,2460.7958984375,2461.05224609375,2460.94677734375,283.8743591308594,284.0711669921875,284.0316162109375,2461.076171875,2461.157470703125,2461.233154296875,2461.30615234375,2465.58203125,2465.306396484375,2458.035400390625,2457.24853515625,2465.728271484375,2457.972412109375,2457.43408203125,2465.306640625,2458.035400390625,2457.24853515625,2465.362060546875,2457.58984375,2465.306640625,2458.035400390625,2457.24853515625,2457.94091796875
119,9-Jan-13,11:30,2460.8935546875,2462.223388671875,2460.8935546875,2460.91064453125,2462.39599609375,2461.076904296875,283.9709167480469,284.0996398925781,284.1398010253906,2462.72705078125,2461.25732421875,2462.954345703125,2461.46923828125,2472.392333984375,2472.198974609375,2459.0224609375,2459.26513671875,2472.818115234375,2458.932373046875,2459.5185546875,2472.198974609375,2459.022216796875,2459.26513671875,2472.22119140625,2459.76123046875,2472.198974609375,2459.022216796875,2459.264892578125,2460.265869140625
120,9-Jan-13,12:00,2460.8935546875,2460.8935546875,2462.223388671875,2460.92431640625,2461.023681640625,2462.51953125,283.9862976074219,284.0771179199219,284.22283935546875,2461.165283203125,2462.697998046875,2461.443115234375,2461.64453125,2473.040283203125,2472.612548828125,2460.231689453125,2458.79345703125,2473.0634765625,2460.328125,2459.020263671875,2471.277099609375,2460.231689453125,2458.79345703125,2471.366455078125,2459.255859375,2471.277099609375,2460.231689453125,2458.79345703125,2459.731201171875
121,9-Jan-13,12:30,2460.8935546875,2460.8935546875,2460.8935546875,2461.00341796875,2461.1376953125,2461.182373046875,284.0534362792969,284.1680908203125,284.2318115234375,2461.370849609375,2462.85693359375,2461.74560546875,2461.91162109375,2477.769775390625,2477.16015625,2462.00244140625,2459.946533203125,2476.37646484375,2462.023681640625,2460.34814453125,2475.822509765625,2462.00244140625,2459.946533203125,2475.96435546875,2460.35791015625,2475.822509765625,2460.6728515625,2459.946533203125,2460.786376953125
122,9-Jan-13,13:00,2460.8935546875,2460.8935546875,2460.8935546875,2461.148681640625,2461.027099609375,2461.35595703125,284.1667175292969,284.1085205078125,284.3659362792969,2461.5361328125,2461.542236328125,2461.93017578125,2461.92333984375,2488.590087890625,2487.2587890625,2461.488037109375,2465.080078125,2488.268310546875,2459.88720703125,2465.8671875,2487.2587890625,2460.1591796875,2465.080078125,2487.585205078125,2465.690673828125,2487.2587890625,2460.1591796875,2465.080322265625,2466.336669921875
123,9-Jan-13,13:30,2460.8935546875,2460.8935546875,2460.8935546875,2461.271240234375,2461.053955078125,2461.36474609375,284.26116943359375,284.1381530761719,284.3838806152344,2462.220947265625,2461.467041015625,2462.6025390625,2461.838134765625,2498.09375,2496.7041015625,2460.177490234375,2465.810791015625,2498.120849609375,2459.82177734375,2466.488525390625,2496.7041015625,2460.17822265625,2465.810791015625,2497.04833984375,2466.39111328125,2496.7041015625,2460.17822265625,2465.810791015625,2467.0087890625
124,9-Jan-13,14:00,2460.8935546875,2460.8935546875,2460.8935546875,2461.0771484375,2460.81298828125,2461.277587890625,284.09161376953125,283.9361572265625,284.2854309082031,2461.678466796875,2461.03369140625,2461.7919921875,2461.1474609375,2481.552490234375,2480.80224609375,2457.59619140625,2460.45263671875,2481.85205078125,2457.265380859375,2460.68212890625,2480.8037109375,2457.59619140625,2460.45263671875,2480.982421875,2460.849609375,2480.8037109375,2457.59619140625,2460.45263671875,2461.268798828125
125,9-Jan-13,14:30,2462.223388671875,2460.8935546875,2460.8935546875,2461.229248046875,2460.832763671875,2461.226318359375,284.35675048828125,283.958251953125,284.2596435546875,2461.926513671875,2461.23095703125,2462.162109375,2461.46240234375,2487.028564453125,2486.209716796875,2459.065673828125,2460.735595703125,2487.370849609375,2458.895751953125,2460.8984375,2486.209716796875,2459.067138671875,2460.735595703125,2486.4052734375,2461.157958984375,2486.209716796875,2459.067138671875,2460.735595703125,2461.6064453125
126,9-Jan-13,15:00,2460.8935546875,2460.8935546875,2460.8935546875,2461.206298828125,2460.8173828125,2461.23681640625,284.1856994628906,283.9459228515625,284.2647399902344,2461.805419921875,2461.259765625,2462.051513671875,2461.502685546875,2483.971923828125,2483.338623046875,2458.52392578125,2461.102783203125,2484.440673828125,2458.250732421875,2461.386962890625,2483.3388671875,2458.52392578125,2461.102783203125,2483.48291015625,2461.555908203125,2483.3388671875,2458.52294921875,2461.102783203125,2462.0283203125
127,9-Jan-13,15:30,2460.8935546875,2460.8935546875,2460.8935546875,2461.1982421875,2460.76708984375,2461.227783203125,284.1751708984375,284.0601501464844,284.2536315917969,2461.163330078125,2461.198486328125,2461.34716796875,2461.373046875,2468.6494140625,2468.674560546875,2459.21142578125,2456.18896484375,2469.117431640625,2459.20166015625,2456.23681640625,2468.674560546875,2459.21142578125,2456.18896484375,2468.65087890625,2456.495361328125,2468.674560546875,2459.21142578125,2456.187744140625,2456.804443359375
128,9-Jan-13,16:00,2460.8935546875,2462.223388671875,2460.8935546875,2460.916259765625,2460.668701171875,2460.91259765625,283.93353271484375,283.9419860839844,283.9866943359375,2460.267333984375,2460.890380859375,2460.23828125,2460.849853515625,2446.509765625,2446.968017578125,2456.469482421875,2448.759765625,2448.0380859375,2456.63671875,2448.28466796875,2446.968017578125,2456.469482421875,2448.759765625,2446.842041015625,2448.788330078125,2446.968017578125,2456.469482421875,2448.759765625,2448.8076171875
129,9-Jan-13,16:30,2460.8935546875,2460.8935546875,2460.8935546875,2460.695068359375,2460.7138671875,2460.7265625,283.7574768066406,283.7925109863281,283.9858703613281,2460.185302734375,2460.721923828125,2460.0576171875,2460.595458984375,2437.876220703125,2439.082763671875,2456.49853515625,2447.1845703125,2438.719482421875,2455.30126953125,2446.556396484375,2439.082763671875,2455.171875,2447.1845703125,2438.7578125,2447.19140625,2439.082763671875,2455.171875,2447.184326171875,2447.17236328125
130,9-Jan-13,17:00,2460.8935546875,2460.8935546875,2460.8935546875,2460.629638671875,2460.653076171875,2460.66796875,283.69970703125,283.73773193359375,283.77886962890625,2459.759765625,2460.656005859375,2459.575927734375,2460.474609375,2424.488037109375,2426.01220703125,2456.044189453125,2441.67236328125,2425.094482421875,2456.32275390625,2440.843017578125,2426.01220703125,2456.044189453125,2441.67236328125,2425.621337890625,2441.328857421875,2426.01220703125,2454.716796875,2441.67236328125,2440.949951171875
131,9-Jan-13,17:30,2460.8935546875,2460.8935546875,2460.8935546875,2460.328125,2460.517333984375,2460.476806640625,283.4497985839844,283.59918212890625,283.60137939453125,2459.0029296875,2460.424072265625,2458.655517578125,2461.418212890625,2409.302001953125,2411.321533203125,2451.7880859375,2439.622314453125,2410.126220703125,2451.95849609375,2438.709228515625,2411.328125,2451.7880859375,2439.622314453125,2410.799560546875,2439.315673828125,2411.328125,2451.7880859375,2439.622314453125,2438.96240234375
132,9-Jan-13,18:00,2460.8935546875,2460.8935546875,2460.8935546875,2459.9931640625,2460.40185546875,2460.343017578125,283.18060302734375,283.47802734375,283.466552734375,2458.015869140625,2459.981201171875,2457.375244140625,2459.332275390625,2375.4580078125,2378.830078125,2449.105224609375,2430.31787109375,2376.508056640625,2449.3486328125,2430.37255859375,2378.830078125,2449.105224609375,2430.31787109375,2377.965087890625,2429.576171875,2378.830078125,2449.105224609375,2431.629638671875,2428.753173828125
133,9-Jan-13,18:30,2460.8935546875,2460.8935546875,2460.8935546875,2459.619140625,2460.22705078125,2460.208740234375,282.877685546875,283.30914306640625,283.3238220214844,2456.994140625,2459.535400390625,2456.057861328125,2458.602783203125,2340.854248046875,2344.83349609375,2446.092529296875,2421.6484375,2341.2998046875,2446.452880859375,2420.19189453125,2344.83349609375,2446.092529296875,2421.6484375,2343.828857421875,2420.4638671875,2344.83349609375,2446.092529296875,2421.6484375,2419.182861328125
134,9-Jan-13,19:00,2462.223388671875,2460.8935546875,2460.8935546875,2459.459716796875,2460.23974609375,2460.1708984375,282.9093322753906,283.3043518066406,283.28411865234375,2456.68603515625,2459.474365234375,2455.7021484375,2458.489501953125,2331.29736328125,2335.134765625,2446.053466796875,2419.049072265625,2331.11767578125,2446.598876953125,2417.52978515625,2335.135009765625,2446.053466796875,2419.049072265625,2334.17919921875,2417.69189453125,2335.135009765625,2446.05419921875,2419.049072265625,2416.239501953125
135,9-Jan-13,19:30,2462.223388671875,2460.8935546875,2460.8935546875,2459.4052734375,2460.306640625,2460.185791015625,282.72198486328125,283.3520812988281,283.296142578125,2456.82763671875,2459.519775390625,2455.875,2458.564697265625,2335.257568359375,2339.258056640625,2448.07177734375,2421.166259765625,2335.340087890625,2448.592529296875,2419.77587890625,2339.258056640625,2446.74951171875,2421.166259765625,2338.25390625,2419.916748046875,2339.258056640625,2446.74951171875,2421.166259765625,2418.569580078125
136,9-Jan-13,20:00,2460.8935546875,2460.8935546875,2460.8935546875,2459.593505859375,2460.287841796875,2460.095458984375,282.85467529296875,283.3445739746094,283.2406311035156,2457.05859375,2459.6044921875,2456.1640625,2458.70068359375,2340.40478515625,2344.327880859375,2447.7607421875,2420.83642578125,2340.7109375,2448.27978515625,2419.22998046875,2344.327880859375,2447.7607421875,2420.83642578125,2343.341796875,2419.623046875,2344.327880859375,2447.7607421875,2420.8349609375,2418.313720703125
137,9-Jan-13,20:30,2460.8935546875,2462.223388671875,2460.8935546875,2459.597900390625,2461.6181640625,2460.10205078125,282.8584899902344,283.4991760253906,283.2460632324219,2458.441162109375,2459.563232421875,2457.525146484375,2458.648193359375,2333.514404296875,2337.53759765625,2447.406494140625,2417.3271484375,2333.4931640625,2448.104248046875,2415.6943359375,2337.53759765625,2447.406494140625,2417.3271484375,2336.541015625,2415.779541015625,2337.538818359375,2447.406494140625,2417.3271484375,2414.131591796875
138,9-Jan-13,21:00,2460.8935546875,2462.223388671875,2460.8935546875,2459.572021484375,2461.608154296875,2460.084228515625,282.8371276855469,283.33538818359375,283.2297668457031,2458.509765625,2459.528564453125,2456.25,2458.620849609375,2333.47021484375,2337.6533203125,2447.172119140625,2417.017578125,2333.67626953125,2447.90283203125,2415.220947265625,2337.6533203125,2447.172119140625,2417.01513671875,2336.60986328125,2415.53564453125,2337.6533203125,2447.172119140625,2417.01513671875,2413.952392578125
139,9-Jan-13,21:30,2460.8935546875,2460.8935546875,2462.223388671875,2459.553955078125,2460.294677734375,2461.472412109375,282.8291015625,283.3504333496094,283.27410888671875,2457.039306640625,2459.5068359375,2456.0888671875,2458.56591796875,2337.5,2341.138427734375,2447.57958984375,2420.354736328125,2337.201904296875,2448.3017578125,2417.4423828125,2341.138427734375,2447.576416015625,2420.354736328125,2340.2333984375,2418.98388671875,2341.138427734375,2447.576416015625,2420.354736328125,2416.2158203125
140,9-Jan-13,22:00,2460.8935546875,2460.8935546875,2460.8935546875,2459.7587890625,2460.263916015625,2461.500244140625,282.9822998046875,283.3442077636719,283.3083801269531,2457.27587890625,2459.64404296875,2456.4130859375,2458.790771484375,2347.1796875,2350.8369140625,2447.517333984375,2422.006103515625,2347.329833984375,2448.0771484375,2420.502685546875,2350.8369140625,2447.517333984375,2422.006103515625,2349.930908203125,2420.79638671875,2350.845947265625,2447.517333984375,2422.006103515625,2420.804443359375
141,9-Jan-13,22:30,2460.8935546875,2460.8935546875,2460.8935546875,2459.63330078125,2460.294189453125,2460.226318359375,282.8945617675781,283.362060546875,283.3431701660156,2456.9619140625,2459.61328125,2456.068115234375,2458.721435546875,2344.508544921875,2347.96875,2447.50341796875,2423.53125,2344.301513671875,2448.02490234375,2422.26318359375,2347.96875,2447.50341796875,2423.53125,2347.100341796875,2422.4140625,2347.96875,2447.50341796875,2423.53125,2421.211181640625
142,9-Jan-13,23:00,2460.8935546875,2460.8935546875,2460.8935546875,2459.727294921875,2460.310546875,2460.19921875,282.9641418457031,283.379150390625,283.33087158203125,2456.8779296875,2459.7412109375,2456.052490234375,2458.909912109375,2349.28271484375,2352.406005859375,2447.797607421875,2424.95947265625,2348.868408203125,2448.28857421875,2423.819091796875,2352.406005859375,2447.797607421875,2424.9599609375,2351.621337890625,2423.898681640625,2352.406005859375,2447.797607421875,2424.9599609375,2422.759521484375
143,9-Jan-13,23:30,2460.8935546875,2460.8935546875,2460.8935546875,2459.969482421875,2460.231689453125,2460.28759765625,283.2993469238281,283.3441467285156,283.41021728515625,2457.417236328125,2459.833251953125,2456.667236328125,2459.087646484375,2361.232666015625,2364.190185546875,2447.6484375,2427.218994140625,2361.10009765625,2447.9521484375,2426.15869140625,2364.190185546875,2447.6484375,2427.21875,2363.45361328125,2426.174072265625,2364.190185546875,2447.6484375,2427.21875,2425.056640625
144,10-Jan-13,0:00,2460.8935546875,2460.8935546875,2460.8935546875,2461.38232421875,2460.304443359375,2460.259521484375,283.2121276855469,283.4028015136719,283.40057373046875,2457.617919921875,2459.981689453125,2456.960205078125,2459.326416015625,2369.807373046875,2372.64013671875,2448.025390625,2429.104736328125,2369.873046875,2448.299072265625,2427.99755859375,2372.64013671875,2448.025390625,2429.104736328125,2371.93017578125,2428.2041015625,2372.64013671875,2448.028076171875,2429.104736328125,2427.234130859375
145,10-Jan-13,0:30,2460.8935546875,2460.8935546875,2460.8935546875,2459.973388671875,2460.474853515625,2460.3154296875,283.169189453125,283.5293884277344,283.4494934082031,2457.727783203125,2460.15234375,2457.171142578125,2459.589111328125,2373.432373046875,2376.4140625,2449.738037109375,2431.149658203125,2373.720703125,2450.114990234375,2430.0927734375,2376.4140625,2449.738037109375,2431.1474609375,2375.621826171875,2430.428466796875,2376.384521484375,2449.738037109375,2431.1474609375,2429.63671875
146,10-Jan-13,1:00,2460.8935546875,2460.8935546875,2460.8935546875,2459.937744140625,2460.49658203125,2460.40869140625,283.1509704589844,283.7034606933594,283.5189208984375,2458.041015625,2460.14013671875,2458.8193359375,2459.603271484375,2377.44775390625,2380.571533203125,2451.745361328125,2432.600830078125,2378.0029296875,2452.1484375,2431.53857421875,2380.571533203125,2451.745361328125,2432.601806640625,2379.764404296875,2431.982666015625,2380.571533203125,2451.745361328125,2432.601806640625,2431.28759765625
147,10-Jan-13,1:30,2460.8935546875,2462.223388671875,2460.8935546875,2460.150634765625,2460.554443359375,2460.40283203125,283.314208984375,283.60870361328125,283.5348205566406,2459.8046875,2460.1943359375,2459.304443359375,2459.692626953125,2389.953125,2392.319580078125,2450.765380859375,2434.5126953125,2390.073974609375,2451.087646484375,2433.641357421875,2392.343505859375,2450.765380859375,2434.5126953125,2391.7490234375,2433.824462890625,2392.343505859375,2452.090576171875,2434.5126953125,2433.078125
148,10-Jan-13,2:00,2460.8935546875,2460.8935546875,2460.8935546875,2460.1630859375,2460.568115234375,2460.419189453125,283.3256530761719,283.6211853027344,283.549072265625,2458.626953125,2460.19287109375,2458.132568359375,2459.700439453125,2393.673583984375,2394.721923828125,2451.069580078125,2435.098388671875,2393.856201171875,2451.404541015625,2434.227294921875,2394.721923828125,2451.069580078125,2435.098388671875,2394.1279296875,2434.446533203125,2394.721923828125,2451.069580078125,2435.098388671875,2433.737060546875
149,10-Jan-13,2:30,2460.8935546875,2460.8935546875,2460.8935546875,2460.2021484375,2460.562255859375,2460.320556640625,283.3471984863281,283.61212158203125,283.47698974609375,2458.662109375,2460.145751953125,2458.142822265625,2460.95458984375,2391.724853515625,2394.3876953125,2450.664306640625,2434.6103515625,2392.310546875,2451.00048828125,2433.571533203125,2394.3876953125,2450.6640625,2434.6103515625,2393.70556640625,2434.030517578125,2394.3876953125,2450.6640625,2434.608642578125,2433.3837890625
150,10-Jan-13,3:00,2460.8935546875,2460.8935546875,2460.8935546875,2460.224853515625,2460.65771484375,2460.386474609375,283.3761291503906,283.6907043457031,283.53564453125,2458.761962890625,2460.29443359375,2458.330810546875,2459.8662109375,2395.91162109375,2398.481689453125,2451.645263671875,2435.997802734375,2396.46728515625,2451.986572265625,2435.09619140625,2398.482421875,2451.645263671875,2435.997802734375,2397.822021484375,2435.45654296875,2398.482421875,2451.645263671875,2435.997802734375,2434.852783203125
151,10-Jan-13,3:30,2460.8935546875,2460.8935546875,2460.8935546875,2460.28369140625,2460.634521484375,2460.35888671875,283.41656494140625,283.6753845214844,283.517578125,2458.72412109375,2460.281982421875,2458.284423828125,2459.843505859375,2395.99267578125,2398.481689453125,2451.620849609375,2435.53369140625,2396.45751953125,2451.97216796875,2434.610595703125,2398.481201171875,2451.620849609375,2435.53369140625,2397.8427734375,2434.96337890625,2398.481201171875,2451.62060546875,2435.53369140625,2434.33203125
152,10-Jan-13,4:00,2460.8935546875,2460.8935546875,2460.8935546875,2460.2705078125,2460.650390625,2460.35888671875,283.5608825683594,283.6864318847656,283.5176696777344,2458.73388671875,2460.290283203125,2458.29931640625,2459.854248046875,2400.29150390625,2402.279296875,2451.471435546875,2436.61083984375,2400.3798828125,2451.7919921875,2435.77197265625,2402.279296875,2451.471435546875,2437.927490234375,2401.775390625,2437.35400390625,2402.279296875,2451.471435546875,2437.927490234375,2435.4150390625
153,10-Jan-13,4:30,2460.8935546875,2460.8935546875,2460.8935546875,2460.294677734375,2460.629150390625,2460.382568359375,283.426025390625,283.6739196777344,283.5359191894531,2458.6728515625,2460.337646484375,2458.26220703125,2459.92626953125,2400.017822265625,2402.01318359375,2451.3056640625,2436.55078125,2400.094970703125,2451.5888671875,2435.751708984375,2402.01318359375,2451.3056640625,2436.550537109375,2401.512451171875,2435.949462890625,2402.01171875,2451.3056640625,2436.550537109375,2435.299072265625
154,10-Jan-13,5:00,2460.8935546875,2460.8935546875,2460.8935546875,2460.302490234375,2460.61328125,2460.45166015625,283.43585205078125,283.667724609375,283.5874938964844,2458.79248046875,2460.336669921875,2458.38623046875,2459.921630859375,2403.061279296875,2404.885009765625,2451.545654296875,2437.79736328125,2403.04052734375,2451.80224609375,2437.0859375,2404.885009765625,2451.545654296875,2437.79736328125,2404.4267578125,2437.2431640625,2404.885009765625,2451.545654296875,2437.79736328125,2436.64404296875
155,10-Jan-13,5:30,2460.8935546875,2460.8935546875,2460.8935546875,2460.162841796875,2460.540771484375,2460.45166015625,283.32598876953125,283.7563781738281,283.57171630859375,2458.5537109375,2460.182861328125,2458.050537109375,2459.6748046875,2396.658935546875,2398.47314453125,2450.882568359375,2436.390625,2396.4580078125,2451.147705078125,2435.630615234375,2398.47314453125,2450.882568359375,2436.390625,2398.019287109375,2435.751953125,2398.47314453125,2450.882568359375,2436.390625,2435.068359375
156,10-Jan-13,6:00,2460.8935546875,2462.223388671875,2460.8935546875,2460.12060546875,2461.847900390625,2460.377685546875,283.2871398925781,283.57745361328125,283.5109558105469,2459.7880859375,2460.073974609375,2459.218994140625,2459.498779296875,2394.1484375,2396.124267578125,2450.617431640625,2436.04931640625,2394.11279296875,2450.892822265625,2435.208740234375,2396.124267578125,2450.617431640625,2436.04931640625,2395.62158203125,2435.449462890625,2396.124267578125,2451.942138671875,2436.04931640625,2434.799560546875
157,10-Jan-13,6:30,2460.8935546875,2460.8935546875,2460.8935546875,2460.095947265625,2460.475341796875,2460.3603515625,283.26422119140625,283.5419616699219,283.64593505859375,2458.417236328125,2459.95263671875,2457.779296875,2459.3134765625,2387.100830078125,2387.91845703125,2450.38720703125,2432.53271484375,2385.54638671875,2450.7734375,2431.53955078125,2387.91845703125,2450.38720703125,2432.53271484375,2387.40087890625,2431.6806640625,2387.91845703125,2450.38720703125,2432.53271484375,2430.776123046875
158,10-Jan-13,7:00,2460.8935546875,2460.8935546875,2460.8935546875,2460.05224609375,2460.4423828125,2460.372802734375,283.2300109863281,283.5150451660156,283.4964294433594,2458.291259765625,2460.016357421875,2457.6826171875,2459.398681640625,2383.041748046875,2385.19580078125,2450.149658203125,2432.060546875,2382.71875,2450.515625,2431.163330078125,2386.48388671875,2450.149658203125,2432.060546875,2384.669921875,2431.139404296875,2386.48388671875,2450.1494140625,2432.060546875,2430.16455078125
159,10-Jan-13,7:30,2460.8935546875,2460.8935546875,2460.8935546875,2460.11083984375,2460.45751953125,2460.342041015625,283.2727355957031,283.52838134765625,283.47869873046875,2458.257568359375,2460.043701171875,2457.6630859375,2458.138916015625,2381.0751953125,2383.4599609375,2450.152099609375,2430.701171875,2380.928955078125,2450.56005859375,2429.66552734375,2383.4599609375,2450.152099609375,2430.701171875,2382.867919921875,2429.760986328125,2383.457275390625,2450.152099609375,2430.701171875,2430.073974609375
160,10-Jan-13,8:00,2460.8935546875,2460.8935546875,2460.8935546875,2460.177490234375,2460.4775390625,2460.467529296875,283.3333740234375,283.5577087402344,283.5802307128906,2458.5205078125,2460.190673828125,2458.02001953125,2459.697998046875,2390.935791015625,2392.996337890625,2450.34228515625,2434.285888671875,2390.80517578125,2450.576171875,2433.50341796875,2392.996337890625,2450.34228515625,2434.285888671875,2392.487548828125,2433.473388671875,2392.995849609375,2450.34228515625,2434.285888671875,2432.610107421875
161,10-Jan-13,8:30,2460.8935546875,2460.8935546875,2460.8935546875,2460.273681640625,2460.541748046875,2460.513916015625,283.4136657714844,283.6165771484375,283.6271667480469,2459.09326171875,2460.24267578125,2458.6474609375,2459.796630859375,2399.536376953125,2401.205810546875,2451.407958984375,2435.115234375,2399.2724609375,2451.671630859375,2435.673828125,2401.205810546875,2451.407958984375,2435.115234375,2400.80908203125,2434.198974609375,2401.205810546875,2451.407958984375,2435.115234375,2433.240966796875
162,10-Jan-13,9:00,2462.223388671875,2460.8935546875,2460.8935546875,2461.642578125,2460.565673828125,2460.50830078125,283.5976257324219,283.636962890625,283.6276550292969,2459.20703125,2460.25244140625,2458.771728515625,2459.811279296875,2403.59765625,2405.3955078125,2451.26611328125,2437.47802734375,2403.762939453125,2451.41943359375,2436.7587890625,2405.3955078125,2451.26611328125,2437.47802734375,2404.95458984375,2436.809326171875,2405.40087890625,2451.26611328125,2437.47802734375,2436.09765625
163,10-Jan-13,9:30,2460.8935546875,2460.8935546875,2460.8935546875,2460.150634765625,2460.578125,2460.6611328125,283.33514404296875,283.64605712890625,283.7320251464844,2458.984619140625,2460.2177734375,2458.520263671875,2459.756591796875,2401.07373046875,2402.7294921875,2452.04931640625,2438.540283203125,2400.897216796875,2452.247802734375,2437.974365234375,2402.7294921875,2452.04931640625,2438.539794921875,2402.31591796875,2437.94140625,2402.7275390625,2452.04931640625,2438.539794921875,2437.302734375
164,10-Jan-13,10:00,2460.8935546875,2460.8935546875,2460.8935546875,2460.217529296875,2460.719970703125,2460.73876953125,283.4013366699219,283.9167785644531,283.8061218261719,2459.195068359375,2460.45654296875,2458.874267578125,2460.140380859375,2412.465576171875,2413.5595703125,2453.195556640625,2442.65966796875,2412.062255859375,2453.348388671875,2442.32861328125,2413.5595703125,2453.196533203125,2442.65966796875,2413.28857421875,2442.254638671875,2413.5595703125,2453.1982421875,2442.65771484375,2441.823486328125
165,10-Jan-13,10:30,2460.8935546875,2462.223388671875,2460.8935546875,2460.405517578125,2462.163330078125,2460.78662109375,283.5541076660156,283.8660888671875,283.864990234375,2461.061279296875,2460.66943359375,2460.884033203125,2460.49951171875,2429.873291015625,2430.446533203125,2454.952880859375,2446.86083984375,2429.568359375,2455.096435546875,2446.62353515625,2430.446533203125,2454.952880859375,2446.860595703125,2430.30517578125,2446.6376953125,2430.446533203125,2454.952880859375,2446.860595703125,2446.40185546875
166,10-Jan-13,11:00,2460.8935546875,2460.8935546875,2460.8935546875,2460.6552734375,2460.67626953125,2460.63818359375,283.71844482421875,283.75469970703125,283.91326904296875,2461.0087890625,2460.577392578125,2460.777099609375,2460.3388671875,2429.241943359375,2429.876708984375,2454.110595703125,2444.047607421875,2429.073974609375,2454.26025390625,2443.558837890625,2429.876708984375,2454.110595703125,2444.047607421875,2429.7236328125,2443.674560546875,2429.876708984375,2454.110595703125,2444.047607421875,2443.28662109375
167,10-Jan-13,11:30,2460.8935546875,2460.8935546875,2462.223388671875,2460.803955078125,2460.758056640625,2462.063232421875,283.8427734375,283.83428955078125,283.84918212890625,2459.933349609375,2462.134033203125,2459.8408203125,2462.03955078125,2435.7080078125,2436.49072265625,2455.197021484375,2446.23779296875,2435.80712890625,2455.305908203125,2445.91552734375,2436.49072265625,2455.197021484375,2446.2373046875,2436.29248046875,2446.000244140625,2436.49072265625,2455.197021484375,2446.2373046875,2445.745361328125
168,10-Jan-13,12:00,2460.8935546875,2460.8935546875,2460.8935546875,2460.839599609375,2460.6494140625,2460.759521484375,283.8634033203125,283.7569274902344,283.8636169433594,2460.31640625,2460.681884765625,2460.171875,2460.531982421875,2441.00341796875,2441.917724609375,2454.059326171875,2448.060791015625,2441.634765625,2453.94384765625,2447.731689453125,2441.917724609375,2454.059326171875,2448.060791015625,2441.6796875,2447.93896484375,2441.917724609375,2454.059326171875,2448.060791015625,2447.7978515625
169,10-Jan-13,12:30,2460.8935546875,2460.8935546875,2460.8935546875,2461.039794921875,2460.746337890625,2460.706298828125,284.0164489746094,283.8403625488281,283.84564208984375,2460.93798828125,2460.811279296875,2460.893798828125,2460.76513671875,2455.685302734375,2456.423828125,2454.81640625,2451.163818359375,2456.7255859375,2454.623046875,2450.86328125,2456.423828125,2454.81640625,2451.163818359375,2456.223876953125,2451.212890625,2456.424072265625,2454.81640625,2451.163818359375,2451.248291015625
170,10-Jan-13,13:00,2460.8935546875,2460.8935546875,2460.8935546875,2460.9462890625,2460.6845703125,2460.868408203125,283.9538879394531,283.7994079589844,283.9566955566406,2460.829833984375,2460.765869140625,2460.755126953125,2460.701171875,2450.164794921875,2450.4306640625,2454.3876953125,2450.332763671875,2450.35205078125,2454.154052734375,2450.297119140625,2450.4306640625,2454.3876953125,2450.332763671875,2450.369140625,2450.13330078125,2450.430419921875,2454.3876953125,2450.332763671875,2449.929443359375
171,10-Jan-13,13:30,2462.223388671875,2460.8935546875,2460.8935546875,2460.9072265625,2460.643798828125,2460.79931640625,284.0700378417969,283.7606506347656,283.8984069824219,2460.651611328125,2460.70654296875,2460.535400390625,2460.577392578125,2444.853271484375,2445.4140625,2454.049560546875,2449.5478515625,2445.176513671875,2453.901123046875,2449.324462890625,2445.4140625,2454.049560546875,2449.5478515625,2445.27880859375,2449.291259765625,2445.4140625,2454.049560546875,2449.5478515625,2447.7001953125
172,10-Jan-13,14:00,2462.223388671875,2460.8935546875,2460.8935546875,2462.077392578125,2460.6572265625,2460.834716796875,283.8006286621094,283.76190185546875,283.9140930175781,2460.507568359375,2460.629150390625,2460.341796875,2460.4541015625,2442.78173828125,2443.12060546875,2453.785888671875,2448.46533203125,2442.78173828125,2453.6328125,2448.307373046875,2443.12060546875,2453.785888671875,2448.46533203125,2443.044677734375,2449.515380859375,2443.12060546875,2453.785888671875,2449.787841796875,2447.913330078125
173,10-Jan-13,14:30,2460.8935546875,2460.8935546875,2460.8935546875,2460.87109375,2460.729248046875,2460.732177734375,283.89080810546875,283.8173522949219,283.8511962890625,2460.7939453125,2460.75244140625,2460.710205078125,2460.6708984375,2453.59912109375,2454.131591796875,2454.669921875,2451.1591796875,2454.325927734375,2454.52783203125,2450.87158203125,2454.13232421875,2454.669921875,2451.1591796875,2453.986328125,2451.18115234375,2454.13232421875,2454.669921875,2451.1591796875,2451.193115234375
174,10-Jan-13,15:00,2460.8935546875,2462.223388671875,2460.8935546875,2460.93212890625,2462.085205078125,2460.712646484375,283.93695068359375,283.9933166503906,283.8430480957031,2460.9296875,2460.78173828125,2460.8681640625,2460.71630859375,2454.914794921875,2455.662353515625,2455.31689453125,2451.677001953125,2455.843505859375,2455.19091796875,2451.4462890625,2454.336181640625,2455.31689453125,2451.677001953125,2454.1318359375,2451.73876953125,2454.336181640625,2455.31689453125,2451.677001953125,2451.786376953125
175,10-Jan-13,15:30,2460.8935546875,2462.223388671875,2460.8935546875,2460.9931640625,2462.09912109375,2460.746826171875,283.9862365722656,283.8574523925781,283.87451171875,2460.924072265625,2460.791015625,2460.86767578125,2460.728515625,2453.396240234375,2454.206298828125,2455.753662109375,2451.771484375,2454.327880859375,2455.621826171875,2451.60986328125,2455.53271484375,2455.753662109375,2451.771484375,2455.31201171875,2451.81103515625,2455.53271484375,2455.753662109375,2451.771484375,2451.834716796875
176,10-Jan-13,16:00,2460.8935546875,2460.8935546875,2460.8935546875,2460.90283203125,2460.659423828125,2460.74609375,283.91046142578125,283.7681884765625,284.012451171875,2460.612548828125,2460.640380859375,2460.457763671875,2460.46533203125,2449.44580078125,2450.04296875,2454.42578125,2450.36083984375,2450.040283203125,2454.292236328125,2450.0791015625,2450.041748046875,2454.42578125,2450.36083984375,2449.880615234375,2450.35986328125,2450.041748046875,2454.42529296875,2450.36083984375,2450.347412109375
177,10-Jan-13,16:30,2460.8935546875,2460.8935546875,2462.223388671875,2460.763916015625,2460.76513671875,2460.683349609375,283.8097229003906,283.83294677734375,283.8088073730469,2460.372802734375,2461.97705078125,2460.211181640625,2461.820556640625,2443.548095703125,2444.33642578125,2455.2255859375,2448.65087890625,2444.06201171875,2455.283447265625,2448.268310546875,2444.33642578125,2455.2255859375,2448.650634765625,2444.124755859375,2448.63330078125,2444.3349609375,2455.2255859375,2448.650634765625,2448.59912109375
178,10-Jan-13,17:00,2460.8935546875,2460.8935546875,2460.8935546875,2460.710693359375,2460.64990234375,2460.632080078125,283.7574768066406,283.7384033203125,283.7574768066406,2460.239013671875,2460.530029296875,2460.00537109375,2460.29443359375,2435.549072265625,2436.59228515625,2453.475341796875,2445.18310546875,2436.10009765625,2453.47412109375,2444.6240234375,2436.59228515625,2453.475341796875,2445.180908203125,2436.327392578125,2444.894287109375,2436.595458984375,2453.475341796875,2445.180908203125,2444.584228515625
179,10-Jan-13,17:30,2460.8935546875,2460.8935546875,2460.8935546875,2460.546875,2460.3955078125,2460.436279296875,283.6016540527344,283.520263671875,283.5782775878906,2458.930419921875,2460.250732421875,2458.48193359375,2459.8193359375,2406.748046875,2408.380615234375,2450.517333984375,2438.564697265625,2406.99853515625,2450.58447265625,2439.14453125,2408.380615234375,2450.517333984375,2439.88232421875,2407.967529296875,2439.40234375,2408.380615234375,2450.517333984375,2439.88232421875,2437.566650390625
180,10-Jan-13,18:00,2460.8935546875,2460.8935546875,2460.8935546875,2460.089599609375,2460.4599609375,2460.2041015625,283.2467956542969,283.5184020996094,283.3729248046875,2457.871826171875,2460.027587890625,2457.25048828125,2459.421142578125,2374.30322265625,2377.163818359375,2449.681884765625,2430.16552734375,2374.63525390625,2450.03759765625,2429.08740234375,2377.163818359375,2449.681884765625,2430.16552734375,2376.43994140625,2429.36474609375,2377.16357421875,2449.681884765625,2430.16552734375,2428.49462890625
181,10-Jan-13,18:30,2462.223388671875,2460.8935546875,2460.8935546875,2461.3291015625,2460.3837890625,2460.08984375,283.1654968261719,283.44586181640625,283.2742004394531,2457.796142578125,2459.868408203125,2457.082275390625,2459.1689453125,2365.9677734375,2369.1240234375,2448.179931640625,2425.605712890625,2366.39453125,2448.60546875,2424.172119140625,2369.1240234375,2448.179443359375,2425.605712890625,2368.333251953125,2424.54345703125,2369.1240234375,2448.179443359375,2425.603515625,2423.40185546875
182,10-Jan-13,19:00,2460.8935546875,2460.8935546875,2460.8935546875,2459.971923828125,2460.351318359375,2459.997802734375,283.1354064941406,283.41259765625,283.2001037597656,2457.630126953125,2459.798583984375,2456.869873046875,2459.050048828125,2358.881103515625,2362.514404296875,2449.056396484375,2423.917236328125,2359.609130859375,2448.187255859375,2422.379638671875,2362.514404296875,2447.73193359375,2423.917236328125,2361.598876953125,2422.829833984375,2362.514404296875,2447.73193359375,2423.91650390625,2421.6552734375
183,10-Jan-13,19:30,2460.8935546875,2462.223388671875,2460.8935546875,2459.66845703125,2461.604248046875,2460.086181640625,282.9090576171875,283.4925231933594,283.23822021484375,2457.247802734375,2459.59619140625,2457.684326171875,2458.720947265625,2347.72216796875,2351.2001953125,2446.34375,2423.12158203125,2347.83837890625,2446.728759765625,2421.758056640625,2351.2001953125,2446.34375,2423.12158203125,2351.601318359375,2421.938232421875,2352.471435546875,2446.34375,2423.12158203125,2420.669677734375
184,10-Jan-13,20:00,2460.8935546875,2462.223388671875,2460.8935546875,2459.470458984375,2460.321044921875,2460.146484375,282.768798828125,283.3645935058594,283.2723693847656,2456.992431640625,2459.516845703125,2456.045654296875,2458.574462890625,2339.407958984375,2342.874267578125,2446.55419921875,2421.009033203125,2339.080810546875,2447.061767578125,2419.647216796875,2342.874267578125,2446.55419921875,2421.009033203125,2342.01708984375,2419.6650390625,2342.874267578125,2446.55419921875,2421.007080078125,2418.23681640625
185,10-Jan-13,20:30,2460.8935546875,2460.8935546875,2460.8935546875,2459.396728515625,2460.2255859375,2460.15283203125,282.7070617675781,283.2879333496094,283.4177551269531,2456.68701171875,2459.446044921875,2455.68701171875,2458.450439453125,2327.0107421875,2331.258544921875,2446.814697265625,2419.49267578125,2327.084716796875,2447.51318359375,2416.559326171875,2331.258544921875,2446.814697265625,2418.192626953125,2330.189453125,2416.875,2331.25732421875,2446.814697265625,2418.192626953125,2416.758056640625
186,10-Jan-13,21:00,2460.8935546875,2460.8935546875,2462.223388671875,2459.46533203125,2460.261474609375,2460.060791015625,282.75433349609375,283.3128662109375,283.2027893066406,2456.67138671875,2460.775634765625,2455.671142578125,2458.443115234375,2329.744384765625,2333.624755859375,2446.96728515625,2417.606689453125,2329.486572265625,2447.740478515625,2415.90087890625,2333.624755859375,2446.96728515625,2417.606689453125,2332.660888671875,2416.21826171875,2333.624755859375,2446.96728515625,2417.606689453125,2414.733154296875
187,10-Jan-13,21:30,2460.8935546875,2460.8935546875,2460.8935546875,2459.564208984375,2460.225341796875,2460.0390625,282.8240051269531,283.2913513183594,283.1912536621094,2456.78515625,2459.488525390625,2455.813232421875,2458.522705078125,2335.752197265625,2339.416259765625,2446.20703125,2418.9443359375,2335.53369140625,2446.824462890625,2417.32958984375,2339.416259765625,2446.20703125,2418.9443359375,2338.504638671875,2417.60986328125,2339.416259765625,2446.20703125,2418.9443359375,2416.183837890625
188,10-Jan-13,22:00,2460.8935546875,2460.8935546875,2460.8935546875,2459.6611328125,2460.30224609375,2460.2109375,282.91497802734375,283.369140625,283.3340759277344,2457.07666015625,2459.63037109375,2456.197265625,2458.74267578125,2345.41845703125,2348.51806640625,2446.86083984375,2421.617919921875,2344.820068359375,2447.388916015625,2420.248779296875,2348.51806640625,2446.86083984375,2421.61767578125,2347.759765625,2420.280029296875,2348.517822265625,2446.86083984375,2421.61767578125,2418.8642578125
189,10-Jan-13,22:30,2460.8935546875,2460.8935546875,2460.8935546875,2459.672607421875,2460.26708984375,2460.15625,282.9168701171875,283.3393249511719,283.29107666015625,2457.066162109375,2459.6044921875,2456.171875,2458.716796875,2346.756103515625,2349.979248046875,2446.2890625,2422.044921875,2346.411376953125,2446.730224609375,2420.61328125,2349.979248046875,2446.289306640625,2422.044921875,2349.17529296875,2420.78759765625,2349.979248046875,2446.289306640625,2422.044921875,2419.44921875
190,10-Jan-13,23:00,2462.223388671875,2460.8935546875,2460.8935546875,2459.705322265625,2460.33642578125,2460.25,282.95343017578125,283.40093994140625,283.3696594238281,2456.964599609375,2459.7353515625,2456.141845703125,2458.9248046875,2346.5322265625,2349.5478515625,2447.615966796875,2422.9052734375,2345.806396484375,2448.109375,2421.750244140625,2349.51025390625,2447.615966796875,2422.9052734375,2348.77099609375,2421.5869140625,2349.51025390625,2447.615966796875,2422.9052734375,2420.192138671875
191,10-Jan-13,23:30,2460.8935546875,2460.8935546875,2460.8935546875,2459.91650390625,2460.232177734375,2460.30859375,283.1081237792969,283.3420715332031,283.4222106933594,2457.359619140625,2459.76904296875,2456.57080078125,2458.97314453125,2361.430419921875,2364.515869140625,2448.322265625,2428.359130859375,2361.5361328125,2448.523681640625,2427.276611328125,2364.515869140625,2448.322265625,2428.359130859375,2363.70361328125,2427.468505859375,2364.485595703125,2447.000732421875,2428.359130859375,2426.503173828125
192,11-Jan-13,0:00,2460.8935546875,2460.8935546875,2460.8935546875,2460.0107421875,2460.294921875,2460.354736328125,283.1867980957031,283.3996887207031,283.46875,2457.7802734375,2459.91455078125,2457.092041015625,2459.2451171875,2371.793701171875,2374.42822265625,2449.16259765625,2429.67138671875,2371.72412109375,2448.053955078125,2428.64599609375,2374.42822265625,2447.845947265625,2429.67138671875,2373.76708984375,2428.754638671875,2374.42822265625,2447.845947265625,2429.671875,2427.7734375
193,11-Jan-13,0:30,2460.8935546875,2460.8935546875,2460.8935546875,2459.917724609375,2461.85400390625,2460.3720703125,283.1354064941406,283.56695556640625,283.49169921875,2458.004150390625,2460.11572265625,2457.43896484375,2459.540283203125,2377.321533203125,2380.114990234375,2451.296630859375,2432.0390625,2377.526123046875,2450.318603515625,2431.07666015625,2380.114990234375,2451.296630859375,2432.0390625,2379.42236328125,2431.2900390625,2380.131103515625,2451.296630859375,2432.0390625,2430.472900390625
194,11-Jan-13,1:00,2460.8935546875,2460.8935546875,2460.8935546875,2459.905029296875,2460.555419921875,2460.353759765625,283.1268310546875,283.5881042480469,283.4793701171875,2458.1767578125,2460.105712890625,2457.613525390625,2459.54833984375,2381.572509765625,2383.03515625,2450.255615234375,2432.309814453125,2381.83642578125,2450.653564453125,2431.271484375,2383.03515625,2450.255615234375,2432.309814453125,2383.622802734375,2431.606201171875,2383.03515625,2450.255615234375,2432.309814453125,2430.83544921875
195,11-Jan-13,1:30,2460.8935546875,2460.8935546875,2462.223388671875,2459.99609375,2460.60302734375,2461.730224609375,283.2018737792969,283.6339111328125,283.5250549316406,2458.52294921875,2460.168212890625,2458.01025390625,2459.64453125,2390.173095703125,2392.574951171875,2450.869873046875,2434.311767578125,2390.31787109375,2451.215087890625,2433.43115234375,2392.574951171875,2450.869873046875,2434.311767578125,2391.96875,2433.61083984375,2392.574951171875,2450.869873046875,2434.311767578125,2432.851318359375
196,11-Jan-13,2:00,2460.8935546875,2460.8935546875,2460.8935546875,2460.08740234375,2460.591552734375,2460.38330078125,283.26824951171875,283.6306457519531,283.5180358886719,2458.697998046875,2460.20751953125,2458.215087890625,2459.726806640625,2393.64453125,2396.067138671875,2451.176025390625,2435.073974609375,2393.988525390625,2451.52978515625,2434.146728515625,2396.067138671875,2451.176025390625,2435.073974609375,2395.45166015625,2434.439453125,2396.067138671875,2451.176025390625,2435.072021484375,2433.747802734375
197,11-Jan-13,2:30,2460.8935546875,2460.8935546875,2460.8935546875,2460.243408203125,2460.624267578125,2460.35693359375,283.3855285644531,283.6647033691406,283.5123291015625,2458.97998046875,2460.26171875,2458.539794921875,2459.817138671875,2395.338134765625,2398.22509765625,2451.624267578125,2434.745849609375,2396.23681640625,2452.007080078125,2433.677978515625,2398.22412109375,2451.624267578125,2434.745849609375,2397.4794921875,2434.175048828125,2398.22412109375,2451.62451171875,2434.745849609375,2434.84912109375
198,11-Jan-13,3:00,2460.8935546875,2460.8935546875,2460.8935546875,2460.252197265625,2460.6259765625,2460.369140625,283.39312744140625,283.6673889160156,283.52227783203125,2458.96337890625,2460.265380859375,2458.524658203125,2459.81494140625,2397.072265625,2399.8154296875,2451.797607421875,2436.669189453125,2397.86181640625,2452.1572265625,2434.36962890625,2399.8154296875,2451.797607421875,2436.669189453125,2399.105712890625,2436.093505859375,2399.81005859375,2451.797607421875,2436.669189453125,2434.13623046875
199,11-Jan-13,3:30,2460.8935546875,2460.8935546875,2460.8935546875,2461.549560546875,2460.61328125,2460.33740234375,283.3656921386719,283.6531066894531,283.4948425292969,2458.789306640625,2460.2119140625,2458.31298828125,2459.7431640625,2394.515625,2397.123046875,2451.522216796875,2434.789794921875,2395.083984375,2451.896484375,2433.812744140625,2397.123046875,2451.5224609375,2434.789794921875,2396.45654296875,2434.1767578125,2397.123046875,2451.5224609375,2434.789306640625,2433.499755859375
200,11-Jan-13,4:00,2460.8935546875,2460.8935546875,2460.8935546875,2460.277099609375,2460.650146484375,2460.349365234375,283.4120788574219,283.68603515625,283.510986328125,2458.838134765625,2460.2509765625,2458.385986328125,2459.800537109375,2400.059326171875,2402.031494140625,2451.629638671875,2435.688232421875,2400.1025390625,2451.966796875,2434.8486328125,2402.031494140625,2451.629638671875,2435.688232421875,2401.5400390625,2434.998779296875,2402.031494140625,2451.629638671875,2435.687744140625,2434.260986328125
201,11-Jan-13,4:30,2460.8935546875,2460.8935546875,2460.8935546875,2460.296875,2460.61767578125,2460.40234375,283.4283447265625,283.6669006347656,283.5501708984375,2458.94580078125,2460.295166015625,2458.52294921875,2459.8798828125,2403.160400390625,2404.927978515625,2451.055908203125,2436.087646484375,2403.087890625,2451.3212890625,2435.2626953125,2404.927978515625,2451.055908203125,2436.087646484375,2404.49267578125,2435.3857421875,2404.927978515625,2451.055908203125,2436.0869140625,2434.63916015625
202,11-Jan-13,5:00,2460.893310546875,2460.8935546875,2460.8935546875,2460.271484375,2461.882080078125,2460.46728515625,283.409423828125,283.6208190917969,283.59259033203125,2460.179931640625,2460.2587890625,2459.732421875,2459.821044921875,2402.820068359375,2404.514404296875,2450.736328125,2437.248779296875,2402.680419921875,2452.248046875,2436.55224609375,2404.514404296875,2452.060302734375,2437.248779296875,2404.09619140625,2436.6083984375,2404.514404296875,2452.060302734375,2437.25,2435.9248046875
203,11-Jan-13,5:30,2460.8935546875,2460.8935546875,2460.8935546875,2460.157470703125,2460.542724609375,2460.458740234375,283.3226318359375,283.60467529296875,283.5767822265625,2458.638671875,2460.1611328125,2458.126953125,2459.648681640625,2396.642333984375,2398.477294921875,2450.80859375,2435.88427734375,2396.435302734375,2451.080322265625,2435.111328125,2398.477294921875,2450.809326171875,2435.88427734375,2398.025146484375,2435.205078125,2398.477294921875,2450.809326171875,2435.88427734375,2434.480712890625
204,11-Jan-13,6:00,2460.8935546875,2460.8935546875,2460.8935546875,2460.048095703125,2460.546142578125,2461.82080078125,283.2433166503906,283.6016845703125,283.59332275390625,2458.56103515625,2460.111572265625,2458.017822265625,2459.56787109375,2394.897705078125,2396.66845703125,2450.8095703125,2436.221923828125,2394.55810546875,2451.0751953125,2435.51318359375,2396.689697265625,2450.8095703125,2436.221923828125,2396.249755859375,2435.547607421875,2396.689697265625,2450.8095703125,2436.221923828125,2434.8291015625
205,11-Jan-13,6:30,2460.8935546875,2460.8935546875,2460.8935546875,2460.031494140625,2460.525634765625,2460.492919921875,283.2294921875,283.585205078125,283.59185791015625,2458.60546875,2460.074951171875,2458.0439453125,2460.85107421875,2388.786865234375,2390.86572265625,2451.25634765625,2434.357177734375,2388.49853515625,2451.626220703125,2433.5947265625,2390.86572265625,2451.256103515625,2434.357177734375,2390.351318359375,2433.5673828125,2390.86572265625,2451.256103515625,2434.35205078125,2432.719482421875
206,11-Jan-13,7:00,2460.8935546875,2460.8935546875,2460.8935546875,2460.08154296875,2460.498046875,2460.4453125,283.2615051269531,283.5645751953125,283.5576171875,2458.646728515625,2460.05029296875,2458.072998046875,2459.472900390625,2387.457763671875,2389.89013671875,2451.05322265625,2433.53125,2387.56005859375,2451.398681640625,2432.6669921875,2389.889404296875,2451.05322265625,2433.53125,2389.28125,2432.71875,2389.889404296875,2451.053466796875,2433.53125,2433.160400390625
207,11-Jan-13,7:30,2460.8935546875,2460.8935546875,2460.8935546875,2460.220703125,2460.55029296875,2460.440673828125,283.369140625,283.613525390625,283.5684509277344,2458.771728515625,2460.232666015625,2458.30615234375,2459.77490234375,2394.75634765625,2396.9658203125,2451.561767578125,2436.52685546875,2394.921875,2451.883056640625,2434.377197265625,2396.9658203125,2451.561767578125,2436.52685546875,2396.409423828125,2435.840576171875,2396.9658203125,2451.561767578125,2436.52685546875,2433.784912109375
208,11-Jan-13,8:00,2460.8935546875,2460.8935546875,2460.8935546875,2461.685546875,2460.545654296875,2460.510009765625,283.62847900390625,283.6250915527344,283.6307373046875,2459.421875,2460.34765625,2459.04931640625,2459.980224609375,2404.14599609375,2406.4580078125,2452.344482421875,2436.957275390625,2404.84033203125,2452.596435546875,2436.107177734375,2406.4580078125,2452.344482421875,2436.957275390625,2405.86865234375,2436.326171875,2406.46240234375,2452.344482421875,2436.957275390625,2435.639892578125
209,11-Jan-13,8:30,2460.8935546875,2460.8935546875,2460.8935546875,2460.531982421875,2460.71875,2460.682861328125,283.6325988769531,283.7810974121094,283.7875671386719,2460.313720703125,2460.6005859375,2460.123291015625,2460.41064453125,2429.2978515625,2431.950439453125,2454.139404296875,2444.416748046875,2429.85693359375,2454.200927734375,2443.9775390625,2431.950439453125,2454.139404296875,2444.416748046875,2430.2958984375,2444.032470703125,2431.950439453125,2454.139404296875,2444.416748046875,2443.617431640625
210,11-Jan-13,9:00,2460.8935546875,2460.8935546875,2460.8935546875,2460.624755859375,2460.86865234375,2460.845703125,283.7251892089844,283.9129943847656,283.9288330078125,2460.921875,2460.67724609375,2460.801513671875,2460.54443359375,2446.1123046875,2446.71630859375,2456.351318359375,2449.874755859375,2446.506591796875,2456.38330078125,2449.708740234375,2446.71630859375,2456.35107421875,2449.874755859375,2446.56201171875,2449.71337890625,2446.71630859375,2456.35107421875,2449.87451171875,2449.539794921875
211,11-Jan-13,9:30,2460.8935546875,2460.8935546875,2460.8935546875,2460.7890625,2462.350830078125,2460.912353515625,283.8643798828125,284.1978454589844,284.0027160644531,2461.577392578125,2460.862060546875,2461.58984375,2460.8818359375,2466.127685546875,2466.005859375,2458.059814453125,2455.56640625,2466.475341796875,2458.037109375,2455.595947265625,2466.009765625,2458.059814453125,2455.56640625,2466.0361328125,2455.6962890625,2466.009765625,2458.059814453125,2455.56640625,2455.832275390625
212,11-Jan-13,10:00,2460.8935546875,2460.8935546875,2460.8935546875,2461.17578125,2462.4619140625,2460.995361328125,284.1681213378906,284.1622314453125,284.1029357910156,2463.594970703125,2461.266845703125,2462.53515625,2461.53125,2490.322998046875,2489.5751953125,2460.305419921875,2462.609130859375,2490.88671875,2460.186279296875,2462.901611328125,2489.5751953125,2460.3046875,2462.609130859375,2489.746337890625,2463.141845703125,2489.5751953125,2460.3046875,2462.609130859375,2463.69677734375
213,11-Jan-13,10:30,2460.8935546875,2460.8935546875,2462.223388671875,2461.44091796875,2461.206787109375,2462.552734375,284.3890075683594,284.25494384765625,284.3004150390625,2463.1044921875,2461.53466796875,2463.563232421875,2461.98681640625,2514.7373046875,2513.236572265625,2461.722900390625,2470.230224609375,2515.364990234375,2461.332763671875,2470.964111328125,2513.236572265625,2461.722900390625,2470.230224609375,2513.59619140625,2471.05224609375,2513.236572265625,2461.722900390625,2470.231201171875,2471.9169921875
214,11-Jan-13,11:00,2460.8935546875,2460.8935546875,2460.8935546875,2461.639892578125,2461.205810546875,2461.3486328125,284.5471496582031,284.2779541015625,284.41064453125,2463.435302734375,2461.736083984375,2464.024169921875,2462.319580078125,2525.86865234375,2524.1357421875,2463.375732421875,2473.164306640625,2526.638671875,2462.982421875,2473.983154296875,2524.1357421875,2463.375732421875,2473.164306640625,2524.546630859375,2474.1650390625,2524.139404296875,2463.375732421875,2473.164306640625,2475.21337890625
215,11-Jan-13,11:30,2460.8935546875,2460.8935546875,2460.8935546875,2461.474609375,2461.2294921875,2461.3935546875,284.4286193847656,284.287353515625,284.4339599609375,2463.474609375,2461.68603515625,2464.03515625,2462.240478515625,2522.28173828125,2519.67919921875,2463.664794921875,2471.543701171875,2521.86474609375,2463.4384765625,2472.481201171875,2519.676025390625,2463.664794921875,2471.543701171875,2520.332763671875,2472.28857421875,2519.676025390625,2463.662841796875,2471.543701171875,2473.099365234375
216,11-Jan-13,12:00,2460.8935546875,2460.8935546875,2460.8935546875,2461.369384765625,2461.331787109375,2461.359619140625,284.35479736328125,284.3541564941406,284.40789794921875,2463.421142578125,2461.697021484375,2463.985595703125,2462.25341796875,2515.96923828125,2514.199951171875,2466.046142578125,2470.943603515625,2516.204833984375,2465.912841796875,2471.8173828125,2514.199951171875,2466.046142578125,2470.943603515625,2514.625244140625,2471.809814453125,2514.200439453125,2466.046142578125,2470.943603515625,2472.72314453125
217,11-Jan-13,12:30,2460.8935546875,2460.8935546875,2460.8935546875,2461.34326171875,2461.23388671875,2461.2060546875,284.47027587890625,284.2669677734375,284.28253173828125,2462.614990234375,2461.5654296875,2463.0693359375,2462.00390625,2494.72216796875,2494.555419921875,2463.11181640625,2464.23291015625,2495.746826171875,2463.0107421875,2465.110595703125,2494.555419921875,2463.11181640625,2464.23291015625,2494.943603515625,2464.5986328125,2494.5556640625,2463.11181640625,2464.23291015625,2465.00341796875
218,11-Jan-13,13:00,2462.223388671875,2460.8935546875,2460.8935546875,2462.732177734375,2460.976806640625,2461.46826171875,284.3611145019531,284.0975036621094,284.4662170410156,2462.672119140625,2461.548583984375,2463.119873046875,2461.97607421875,2506.224609375,2504.0380859375,2461.262939453125,2470.565673828125,2505.8017578125,2460.715087890625,2471.80712890625,2504.0380859375,2461.26416015625,2470.565673828125,2504.587890625,2471.252197265625,2504.0380859375,2461.26416015625,2470.566162109375,2471.996826171875
219,11-Jan-13,13:30,2460.8935546875,2460.8935546875,2460.8935546875,2461.509033203125,2460.880859375,2461.51708984375,284.4377746582031,284.03668212890625,284.50433349609375,2462.802734375,2461.568359375,2463.267578125,2462.01416015625,2507.725341796875,2505.64599609375,2461.333251953125,2468.71484375,2506.086181640625,2460.821533203125,2469.787841796875,2504.294677734375,2461.333251953125,2468.71484375,2504.821533203125,2469.244384765625,2504.294677734375,2461.333251953125,2468.71484375,2469.825439453125
220,11-Jan-13,14:00,2460.8935546875,2460.8935546875,2460.8935546875,2461.37255859375,2460.787353515625,2461.513671875,284.32830810546875,284.1094055175781,284.4844055175781,2462.634521484375,2461.3974609375,2462.995361328125,2461.759521484375,2502.37548828125,2500.501708984375,2459.938720703125,2470.309814453125,2502.276611328125,2459.3056640625,2470.044921875,2500.501708984375,2459.938232421875,2470.309814453125,2500.9736328125,2470.91259765625,2500.501708984375,2459.938232421875,2468.975341796875,2470.231201171875
221,11-Jan-13,14:30,2460.8935546875,2462.223388671875,2460.8935546875,2460.992431640625,2462.103271484375,2461.197265625,284.0194091796875,283.8943786621094,284.2154235839844,2462.73876953125,2461.279052734375,2461.6484375,2461.5166015625,2473.960205078125,2472.73046875,2458.4873046875,2459.70751953125,2473.503173828125,2458.212890625,2460.278076171875,2472.73046875,2458.4873046875,2459.70751953125,2473.047119140625,2459.949951171875,2472.73046875,2458.4873046875,2459.70751953125,2460.225830078125
222,11-Jan-13,15:00,2460.8935546875,2460.8935546875,2462.223388671875,2461.112060546875,2460.42236328125,2461.045166015625,284.0717468261719,283.6272277832031,284.2369689941406,2461.075439453125,2460.94921875,2461.114990234375,2460.9921875,2458.7509765625,2457.7451171875,2455.90966796875,2453.342041015625,2458.07861328125,2455.507568359375,2453.665283203125,2457.7451171875,2454.5830078125,2453.342041015625,2458.026611328125,2453.153564453125,2457.7451171875,2454.5830078125,2453.34228515625,2452.991943359375
223,11-Jan-13,15:30,2460.8935546875,2460.8935546875,2462.223388671875,2460.792724609375,2460.357666015625,2460.854736328125,283.81378173828125,283.54107666015625,283.91058349609375,2460.00537109375,2460.5849609375,2459.79248046875,2460.375,2429.991943359375,2429.92822265625,2454.37744140625,2445.339111328125,2429.3193359375,2454.288818359375,2445.123291015625,2429.92822265625,2454.37744140625,2445.338623046875,2429.963134765625,2444.986328125,2429.92822265625,2454.37744140625,2445.338623046875,2444.63720703125
224,11-Jan-13,16:00,2460.8935546875,2460.8935546875,2460.8935546875,2460.75439453125,2460.244873046875,2460.822998046875,283.7744140625,283.4510498046875,283.8753967285156,2459.80078125,2460.5810546875,2459.576904296875,2460.362060546875,2420.78515625,2421.912109375,2453.529541015625,2442.758544921875,2421.1748046875,2453.638671875,2442.0986328125,2421.912109375,2453.529541015625,2442.76220703125,2421.619384765625,2442.56396484375,2421.912109375,2453.529541015625,2442.76220703125,2442.342041015625
225,11-Jan-13,16:30,2460.8935546875,2460.8935546875,2460.8935546875,2460.867431640625,2460.107177734375,2460.786376953125,283.84625244140625,283.3529052734375,283.8460388183594,2459.7080078125,2460.52587890625,2459.44873046875,2460.265625,2409.127685546875,2411.7294921875,2453.50830078125,2440.91845703125,2410.717529296875,2453.69580078125,2439.949951171875,2411.715576171875,2453.510009765625,2440.91845703125,2411.025634765625,2440.74755859375,2411.715576171875,2453.510009765625,2440.91845703125,2439.201171875
226,11-Jan-13,17:00,2460.8935546875,2460.8935546875,2460.8935546875,2460.14306640625,2459.989990234375,2460.463623046875,283.4244079589844,283.1878662109375,283.53857421875,2457.93017578125,2460.128662109375,2457.368896484375,2459.5673828125,2361.212158203125,2365.037109375,2450.611328125,2427.32666015625,2362.417236328125,2451.18017578125,2425.88916015625,2365.037109375,2450.611328125,2427.32666015625,2364.045166015625,2426.650390625,2365.037109375,2450.611328125,2427.326416015625,2425.884521484375
227,11-Jan-13,17:30,2462.223388671875,2460.8935546875,2460.8935546875,2459.767822265625,2459.75732421875,2460.111328125,283.10015869140625,282.9590148925781,283.2266540527344,2456.18408203125,2459.747802734375,2455.33203125,2458.91650390625,2324.60791015625,2329.037109375,2445.33349609375,2418.60888671875,2325.316162109375,2445.88818359375,2416.842041015625,2329.037109375,2445.33349609375,2418.60888671875,2327.924560546875,2417.61669921875,2329.060546875,2445.33349609375,2418.60888671875,2416.518798828125
228,11-Jan-13,18:00,2460.8935546875,2460.8935546875,2460.8935546875,2459.53515625,2459.88330078125,2459.603271484375,282.74481201171875,282.9989013671875,282.83416748046875,2454.98681640625,2459.61865234375,2454.009765625,2458.65185546875,2291.653564453125,2297.033203125,2443.2001953125,2406.73828125,2292.061279296875,2444.04345703125,2404.49462890625,2297.0234375,2443.19580078125,2406.73828125,2295.6708984375,2405.102783203125,2297.0234375,2443.19580078125,2406.73828125,2404.634765625
229,11-Jan-13,18:30,2460.8935546875,2460.8935546875,2460.8935546875,2459.174072265625,2459.578125,2459.380859375,282.43548583984375,282.87921142578125,282.6160888671875,2453.68603515625,2459.1435546875,2453.709716796875,2457.858154296875,2248.342529296875,2254.939453125,2439.91162109375,2395.739013671875,2248.584228515625,2441.019775390625,2392.974853515625,2254.939453125,2439.91162109375,2395.745849609375,2253.2763671875,2393.776123046875,2254.939453125,2439.91162109375,2395.745849609375,2391.6435546875
230,11-Jan-13,19:00,2460.8935546875,2462.223388671875,2460.8935546875,2458.742431640625,2460.546142578125,2459.567626953125,282.09942626953125,282.4374084472656,282.69818115234375,2452.84228515625,2458.656982421875,2451.229736328125,2457.053955078125,2210.20849609375,2218.26953125,2437.32080078125,2388.98779296875,2210.689208984375,2438.390380859375,2386.154052734375,2218.26953125,2437.32080078125,2388.990234375,2216.230712890625,2386.670166015625,2218.26953125,2437.32080078125,2388.990234375,2384.151611328125
231,11-Jan-13,19:30,2460.8935546875,2460.8935546875,2460.8935546875,2458.3466796875,2459.2236328125,2459.39501953125,281.7908020019531,282.4005432128906,282.69091796875,2451.91650390625,2458.465576171875,2450.155517578125,2456.74169921875,2186.456298828125,2195.064208984375,2435.337890625,2384.380615234375,2186.72265625,2436.526123046875,2381.327880859375,2195.064208984375,2435.337890625,2384.380615234375,2192.876220703125,2382.004150390625,2195.057861328125,2435.337890625,2384.380615234375,2379.414794921875
232,11-Jan-13,20:00,2460.8935546875,2460.8935546875,2462.223388671875,2458.165771484375,2459.3994140625,2460.762451171875,281.67120361328125,282.5227355957031,282.5667419433594,2451.9404296875,2458.40380859375,2450.14599609375,2456.62060546875,2183.560791015625,2191.850341796875,2435.9775390625,2383.871337890625,2183.269287109375,2438.626953125,2380.76904296875,2191.866943359375,2435.9775390625,2383.871337890625,2189.775146484375,2381.435791015625,2191.866943359375,2435.97314453125,2383.871337890625,2378.793701171875
233,11-Jan-13,20:30,2460.8935546875,2460.8935546875,2460.8935546875,2457.9384765625,2459.429443359375,2459.4775390625,281.5065002441406,282.5321350097656,282.58514404296875,2452.3115234375,2458.298828125,2450.473876953125,2457.802734375,2188.804443359375,2196.7060546875,2436.12939453125,2384.161865234375,2187.0205078125,2437.503662109375,2381.057861328125,2196.7060546875,2436.12939453125,2384.154052734375,2194.72216796875,2381.649169921875,2196.7060546875,2436.12939453125,2384.154052734375,2378.947021484375
234,11-Jan-13,21:00,2460.8935546875,2460.8935546875,2460.8935546875,2457.654296875,2459.52001953125,2459.573486328125,281.3076171875,282.5869445800781,282.6429443359375,2452.02001953125,2458.15576171875,2450.08935546875,2457.579345703125,2182.7333984375,2191.522705078125,2434.296875,2384.131591796875,2182.835693359375,2435.380859375,2381.424072265625,2190.343994140625,2434.296875,2384.131591796875,2189.637939453125,2381.3857421875,2190.343994140625,2434.296630859375,2384.131591796875,2379.735107421875
235,11-Jan-13,21:30,2460.8935546875,2460.8935546875,2460.8935546875,2458.2431640625,2459.478759765625,2459.51416015625,281.7410583496094,282.59417724609375,282.63946533203125,2452.5791015625,2458.35400390625,2450.783935546875,2456.58935546875,2200.67333984375,2208.458251953125,2436.181396484375,2388.021484375,2200.367919921875,2437.274658203125,2385.30615234375,2207.266845703125,2436.181396484375,2388.021484375,2205.31005859375,2385.5966796875,2207.266845703125,2436.181884765625,2388.021484375,2384.26611328125
236,11-Jan-13,22:00,2460.8935546875,2460.8935546875,2460.8935546875,2458.62158203125,2459.57568359375,2459.61767578125,282.1915283203125,282.70220947265625,282.75347900390625,2453.197509765625,2458.671142578125,2451.60888671875,2457.11572265625,2219.715576171875,2226.936767578125,2437.669189453125,2392.95654296875,2219.423583984375,2438.5869140625,2390.605224609375,2226.94921875,2437.669189453125,2392.95654296875,2225.138916015625,2390.642578125,2226.94921875,2437.669677734375,2392.95654296875,2389.43994140625
237,11-Jan-13,22:30,2462.223388671875,2460.8935546875,2460.8935546875,2458.7646484375,2459.75341796875,2459.75146484375,282.1692810058594,282.8565673828125,282.87860107421875,2453.83251953125,2458.884521484375,2452.390869140625,2457.455078125,2239.552001953125,2246.392333984375,2440.213134765625,2398.54833984375,2239.429931640625,2441.089599609375,2396.4482421875,2246.392333984375,2440.210693359375,2398.54833984375,2244.6845703125,2396.458251953125,2246.392333984375,2440.210693359375,2398.54833984375,2395.49365234375
238,11-Jan-13,23:00,2460.8935546875,2460.8935546875,2460.8935546875,2459.051025390625,2459.92041015625,2459.88916015625,282.4061279296875,283.1662902832031,283.01654052734375,2454.1796875,2459.21337890625,2452.938720703125,2457.980224609375,2247.496826171875,2253.6884765625,2443.738525390625,2398.5185546875,2246.5087890625,2444.849609375,2396.69384765625,2253.6884765625,2443.738525390625,2398.5185546875,2252.085205078125,2396.178955078125,2253.61669921875,2443.738525390625,2398.5185546875,2393.6826171875
239,11-Jan-13,23:30,2460.8935546875,2462.223388671875,2460.8935546875,2459.02490234375,2461.330078125,2459.870849609375,282.3912048339844,283.223388671875,283.0067443847656,2455.5478515625,2459.250732421875,2454.3291015625,2458.0546875,2258.90771484375,2264.66943359375,2444.285888671875,2402.82666015625,2257.94677734375,2445.41162109375,2399.677734375,2264.730224609375,2444.285888671875,2402.82666015625,2263.301513671875,2400.745849609375,2264.730224609375,2444.27685546875,2402.82666015625,2397.2236328125
240,12-Jan-13,0:00,2460.8935546875,2462.223388671875,2460.8935546875,2459.1064453125,2460.1845703125,2460.03515625,282.47796630859375,283.2270812988281,283.15069580078125,2455.203857421875,2459.473876953125,2454.154541015625,2458.42626953125,2287.594482421875,2292.111328125,2445.56689453125,2410.217529296875,2286.22705078125,2446.540771484375,2407.4052734375,2292.111328125,2445.5732421875,2410.217529296875,2291.002685546875,2408.31005859375,2292.111328125,2445.5732421875,2408.92333984375,2404.99462890625
