step,date_label,profile_time,v_632_A_rms_V,v_632_B_rms_V,v_632_C_rms_V,v_633_A_rms_V,v_633_B_rms_V,v_633_C_rms_V,v_634_A_rms_V,v_634_B_rms_V,v_634_C_rms_V,v_645_B_rms_V,v_645_C_rms_V,v_646_B_rms_V,v_646_C_rms_V,v_652_A_rms_V,v_671_A_rms_V,v_671_B_rms_V,v_671_C_rms_V,v_675_A_rms_V,v_675_B_rms_V,v_675_C_rms_V,v_680_A_rms_V,v_680_B_rms_V,v_680_C_rms_V,v_684_A_rms_V,v_684_C_rms_V,v_692_A_rms_V,v_692_B_rms_V,v_692_C_rms_V,v_611_C_rms_V
1,7-Jan-13,0:30,2460.8935546875,2462.223388671875,2460.8935546875,2459.71630859375,2460.397705078125,2460.288330078125,282.9690856933594,283.4507751464844,283.4039306640625,2457.2109375,2460.03955078125,2456.568115234375,2459.40966796875,2357.640380859375,2360.83203125,2448.470458984375,2427.21240234375,2357.58154296875,2448.933837890625,2426.070068359375,2360.83203125,2448.470458984375,2427.21435546875,2360.023681640625,2426.287109375,2360.83203125,2448.470458984375,2427.21435546875,2425.281005859375
2,7-Jan-13,1:00,2460.8935546875,2460.8935546875,2462.223388671875,2459.8583984375,2460.466552734375,2461.612548828125,283.08001708984375,283.5124206542969,283.4157409667969,2457.6318359375,2461.427001953125,2457.0400390625,2459.485595703125,2363.83154296875,2367.1748046875,2449.009765625,2427.226806640625,2364.079345703125,2449.48828125,2425.9853515625,2367.1748046875,2449.009765625,2427.226806640625,2366.333984375,2426.280517578125,2367.180419921875,2449.009765625,2427.226806640625,2425.251220703125
3,7-Jan-13,1:30,2460.8935546875,2460.8935546875,2460.8935546875,2459.979248046875,2460.562255859375,2460.348388671875,283.1824645996094,283.59814453125,283.4814147949219,2458.1337890625,2460.1494140625,2457.59326171875,2460.947265625,2377.73974609375,2380.476806640625,2450.549072265625,2430.5478515625,2377.77294921875,2451.022705078125,2429.516357421875,2380.476806640625,2450.549072265625,2430.5478515625,2379.791259765625,2429.658447265625,2380.476806640625,2450.549072265625,2430.5478515625,2428.69970703125
4,7-Jan-13,2:00,2460.8935546875,2460.8935546875,2460.893310546875,2460.076171875,2460.530517578125,2460.34326171875,283.2522277832031,283.5808410644531,283.48236083984375,2458.408203125,2460.074951171875,2457.837890625,2459.511474609375,2385.464111328125,2387.770751953125,2449.85888671875,2434.00927734375,2385.39404296875,2450.18017578125,2431.765380859375,2387.770751953125,2449.85888671875,2432.694091796875,2387.19482421875,2431.87646484375,2387.770751953125,2449.85888671875,2432.694091796875,2432.315185546875
5,7-Jan-13,2:30,2460.8935546875,2460.8935546875,2460.8935546875,2460.174072265625,2460.657470703125,2460.322509765625,283.3333435058594,283.6820068359375,283.4835205078125,2458.61474609375,2460.2568359375,2458.15576171875,2459.794677734375,2387.8203125,2390.62646484375,2451.608154296875,2432.90869140625,2388.2880859375,2452.072998046875,2431.88916015625,2390.62451171875,2451.608154296875,2432.90869140625,2389.913818359375,2432.18359375,2390.62451171875,2451.608154296875,2432.90869140625,2431.389892578125
6,7-Jan-13,3:00,2460.8935546875,2460.8935546875,2460.8935546875,2460.1748046875,2460.63330078125,2460.32470703125,283.3323059082031,283.66412353515625,283.4834289550781,2458.663330078125,2460.224853515625,2458.188720703125,2459.76123046875,2388.984130859375,2391.67138671875,2451.26318359375,2433.13525390625,2389.39599609375,2451.692138671875,2432.120361328125,2391.67138671875,2451.26318359375,2433.1337890625,2390.98876953125,2432.40625,2391.67138671875,2451.26318359375,2433.1337890625,2431.612548828125
7,7-Jan-13,3:30,2462.223388671875,2460.8935546875,2460.8935546875,2460.173583984375,2460.664306640625,2460.318603515625,283.4864501953125,283.6869201660156,283.48095703125,2458.67333984375,2460.239501953125,2458.207275390625,2459.7744140625,2389.91015625,2392.619384765625,2451.5478515625,2433.568115234375,2390.37939453125,2451.994384765625,2432.544189453125,2392.619384765625,2451.5478515625,2433.568115234375,2391.9208984375,2432.88720703125,2392.611083984375,2451.5478515625,2433.568115234375,2432.1396484375
8,7-Jan-13,4:00,2460.8935546875,2460.8935546875,2460.8935546875,2460.185791015625,2460.642333984375,2460.306884765625,283.3399353027344,283.6703186035156,283.47137451171875,2458.60498046875,2460.196533203125,2458.1123046875,2459.708740234375,2392.562744140625,2394.755615234375,2451.048095703125,2434.247802734375,2392.588623046875,2451.4296875,2433.332763671875,2394.755615234375,2451.048095703125,2434.2490234375,2394.202880859375,2433.53271484375,2394.755615234375,2451.048095703125,2434.2490234375,2432.76171875
9,7-Jan-13,4:30,2460.8935546875,2460.8935546875,2460.8935546875,2460.201171875,2460.646484375,2460.283447265625,283.3500061035156,283.82611083984375,283.45513916015625,2458.652587890625,2460.220458984375,2458.1748046875,2459.74169921875,2393.734130859375,2395.81884765625,2450.781005859375,2434.1025390625,2393.683349609375,2452.4912109375,2433.151611328125,2395.81884765625,2450.781005859375,2434.1025390625,2395.298095703125,2433.380126953125,2395.81787109375,2450.781005859375,2434.1025390625,2432.605712890625
10,7-Jan-13,5:00,2460.8935546875,2460.8935546875,2460.8935546875,2460.1630859375,2460.609375,2460.337890625,283.3228454589844,283.7995300292969,283.4907531738281,2458.619140625,2460.22216796875,2458.14111328125,2459.746337890625,2393.67919921875,2395.778564453125,2451.869873046875,2435.01904296875,2393.6591796875,2452.187255859375,2434.159912109375,2395.778564453125,2451.869873046875,2435.01904296875,2395.245849609375,2434.347412109375,2395.778564453125,2450.54736328125,2435.01904296875,2433.623291015625
11,7-Jan-13,5:30,2460.8935546875,2460.8935546875,2460.8935546875,2460.005859375,2460.547607421875,2460.3671875,283.2027587890625,283.5905456542969,283.649658203125,2458.32275390625,2460.10888671875,2457.7685546875,2459.54931640625,2388.2900390625,2390.4130859375,2450.057373046875,2434.682861328125,2388.14892578125,2450.381103515625,2433.816162109375,2390.4130859375,2450.057373046875,2434.682861328125,2389.8798828125,2434.033203125,2390.413330078125,2450.057373046875,2434.682861328125,2433.3310546875
12,7-Jan-13,6:00,2460.8935546875,2460.8935546875,2462.223388671875,2460.045166015625,2460.44287109375,2461.73828125,283.22747802734375,283.5176696777344,283.6763916015625,2458.284912109375,2460.01904296875,2457.677978515625,2459.4140625,2387.54736328125,2388.3857421875,2450.041259765625,2433.7333984375,2387.352294921875,2450.37646484375,2432.825439453125,2388.3857421875,2450.041259765625,2433.7333984375,2389.143310546875,2433.005859375,2388.3857421875,2450.041259765625,2433.733642578125,2432.225341796875
13,7-Jan-13,6:30,2460.8935546875,2460.8935546875,2460.8935546875,2460.10546875,2460.437255859375,2460.39990234375,283.2714538574219,283.51708984375,283.5205078125,2458.418212890625,2460.044189453125,2457.830810546875,2459.452880859375,2386.4189453125,2388.59716796875,2450.224365234375,2433.052978515625,2386.27099609375,2450.571533203125,2432.12939453125,2388.5947265625,2450.224365234375,2433.052978515625,2388.0537109375,2432.227294921875,2388.5947265625,2450.224365234375,2433.052978515625,2432.6611328125
14,7-Jan-13,7:00,2460.8935546875,2460.8935546875,2460.8935546875,2460.045166015625,2460.4580078125,2460.4111328125,283.2287292480469,283.52923583984375,283.5260314941406,2458.493408203125,2460.069580078125,2457.923828125,2459.4970703125,2384.697998046875,2387.0546875,2450.58984375,2433.115966796875,2384.6484375,2450.991455078125,2430.792724609375,2387.0546875,2450.58984375,2433.115966796875,2386.46826171875,2430.90380859375,2387.052978515625,2450.58984375,2433.115966796875,2429.947021484375
15,7-Jan-13,7:30,2460.8935546875,2460.8935546875,2460.8935546875,2460.215087890625,2460.50048828125,2460.354248046875,283.3548889160156,283.5692443847656,283.4989929199219,2458.72021484375,2460.1611328125,2458.212158203125,2459.6669921875,2391.68408203125,2393.81396484375,2450.4619140625,2433.364990234375,2391.683837890625,2450.8095703125,2433.704345703125,2393.81396484375,2450.4619140625,2433.364990234375,2393.281982421875,2433.923828125,2393.81396484375,2450.4619140625,2434.679931640625,2431.800537109375
16,7-Jan-13,8:00,2460.8935546875,2460.8935546875,2460.8935546875,2460.307861328125,2460.618896484375,2460.46044921875,283.5942077636719,283.6729431152344,283.5951232910156,2459.23681640625,2460.332275390625,2458.84814453125,2459.939697265625,2410.052734375,2411.41845703125,2452.300537109375,2438.508056640625,2409.900634765625,2452.572509765625,2437.786865234375,2411.41845703125,2452.300537109375,2439.825927734375,2411.077880859375,2439.226806640625,2411.41845703125,2452.300537109375,2439.825927734375,2437.27685546875
17,7-Jan-13,8:30,2460.8935546875,2460.8935546875,2460.8935546875,2460.4423828125,2460.683837890625,2460.56005859375,283.5538024902344,283.7391662597656,283.685302734375,2459.53857421875,2460.468505859375,2459.2392578125,2460.16748046875,2420.09375,2421.135498046875,2453.205810546875,2441.584228515625,2419.9794921875,2453.392333984375,2441.008544921875,2421.135498046875,2453.205810546875,2441.584228515625,2420.876708984375,2441.127685546875,2421.135498046875,2453.205810546875,2441.584228515625,2440.645751953125
18,7-Jan-13,9:00,2460.8935546875,2460.8935546875,2460.8935546875,2460.401123046875,2460.65625,2460.75390625,283.53521728515625,283.7298889160156,283.8267517089844,2459.744140625,2460.499755859375,2459.4716796875,2460.23046875,2430.187255859375,2430.906982421875,2453.41455078125,2446.589599609375,2430.181396484375,2453.373779296875,2446.341796875,2430.906982421875,2453.41455078125,2446.589599609375,2430.7255859375,2446.38330078125,2430.906982421875,2453.41455078125,2446.589599609375,2446.16162109375
19,7-Jan-13,9:30,2460.8935546875,2460.8935546875,2460.8935546875,2460.760986328125,2460.85693359375,2460.865966796875,283.8277282714844,284.0688781738281,283.9534606933594,2460.810791015625,2460.75244140625,2460.727783203125,2460.6650390625,2453.23974609375,2453.2626953125,2456.339111328125,2452.122802734375,2453.255126953125,2456.2880859375,2452.094970703125,2453.2626953125,2456.339111328125,2452.122802734375,2453.25830078125,2452.078369140625,2453.2626953125,2456.339111328125,2452.122802734375,2452.035400390625
20,7-Jan-13,10:00,2460.8935546875,2460.8935546875,2460.8935546875,2460.896728515625,2461.017578125,2461.037841796875,283.9540100097656,284.21270751953125,284.1056213378906,2461.660400390625,2460.974853515625,2461.739990234375,2461.052734375,2472.599609375,2471.9375,2458.703857421875,2457.57470703125,2472.473876953125,2458.6435546875,2457.81103515625,2471.9375,2458.703857421875,2457.57470703125,2472.106689453125,2457.71484375,2471.9375,2458.703857421875,2457.57470703125,2457.873291015625
21,7-Jan-13,10:30,2460.8935546875,2460.8935546875,2460.8935546875,2461.238525390625,2460.9814453125,2461.177734375,284.2174987792969,284.0672607421875,284.38818359375,2463.5595703125,2461.140380859375,2463.759521484375,2461.338134765625,2483.28271484375,2482.771484375,2460.1513671875,2461.02880859375,2483.727783203125,2459.9892578125,2461.41796875,2482.771484375,2460.1513671875,2461.02880859375,2482.8896484375,2461.37109375,2482.772705078125,2460.1513671875,2461.02880859375,2461.729248046875
22,7-Jan-13,11:00,2460.8935546875,2460.8935546875,2462.223388671875,2461.5322265625,2460.988525390625,2462.577392578125,284.4429626464844,284.0989685058594,284.3097839355469,2463.080322265625,2461.298095703125,2463.40478515625,2462.94775390625,2502.87255859375,2502.04296875,2461.064697265625,2465.716064453125,2503.78515625,2460.747314453125,2466.165771484375,2502.04296875,2461.064697265625,2465.716064453125,2502.23095703125,2466.322998046875,2502.04296875,2461.064697265625,2465.716064453125,2466.95556640625
23,7-Jan-13,11:30,2460.8935546875,2460.8935546875,2460.8935546875,2461.66748046875,2461.12744140625,2461.379638671875,284.5643005371094,284.2233581542969,284.430419921875,2463.46337890625,2461.539306640625,2463.940673828125,2462.00439453125,2519.03564453125,2517.244384765625,2462.79638671875,2471.266845703125,2519.3876953125,2462.384521484375,2472.18798828125,2517.244384765625,2462.79638671875,2471.265869140625,2517.6845703125,2471.99560546875,2517.244140625,2462.79638671875,2471.265869140625,2472.7734375
24,7-Jan-13,12:00,2460.893310546875,2460.8935546875,2460.8935546875,2461.68505859375,2461.12744140625,2461.367431640625,284.5765686035156,284.2237854003906,284.4225158691406,2463.495361328125,2461.610107421875,2464.013916015625,2462.128662109375,2520.02587890625,2518.14111328125,2462.684814453125,2470.385986328125,2520.30078125,2462.288330078125,2471.2373046875,2518.14111328125,2462.684814453125,2470.385986328125,2518.611083984375,2471.0498046875,2518.14111328125,2462.684814453125,2470.385986328125,2471.763427734375
25,7-Jan-13,12:30,2460.8935546875,2460.8935546875,2460.8935546875,2461.71435546875,2461.176513671875,2461.410400390625,284.6053771972656,284.26593017578125,284.46075439453125,2463.502197265625,2461.739990234375,2464.09423828125,2462.32421875,2521.641845703125,2519.463623046875,2462.8017578125,2471.140380859375,2521.590576171875,2462.349365234375,2472.17138671875,2519.463623046875,2462.8017578125,2471.140380859375,2520.0126953125,2471.761962890625,2519.463623046875,2462.8017578125,2471.140380859375,2472.43994140625
26,7-Jan-13,13:00,2460.8935546875,2460.8935546875,2460.8935546875,2461.805908203125,2461.103271484375,2461.48828125,284.67431640625,284.2233581542969,284.521240234375,2463.64892578125,2461.755615234375,2464.255615234375,2462.3515625,2525.052978515625,2522.674072265625,2463.046142578125,2471.24267578125,2524.9072265625,2462.617919921875,2472.23486328125,2522.674072265625,2463.046142578125,2471.242919921875,2523.279052734375,2471.84033203125,2522.674072265625,2463.046142578125,2471.242919921875,2472.498779296875
27,7-Jan-13,13:30,2462.223388671875,2460.8935546875,2460.8935546875,2463.220947265625,2461.13037109375,2461.554931640625,284.7444763183594,284.2548828125,284.5799560546875,2464.01513671875,2461.786376953125,2464.65625,2462.4248046875,2529.230712890625,2526.845458984375,2463.60791015625,2471.543701171875,2529.1875,2463.17333984375,2472.570556640625,2526.845458984375,2463.605224609375,2471.543701171875,2527.45751953125,2472.078857421875,2526.845458984375,2463.605224609375,2471.543701171875,2472.675048828125
28,7-Jan-13,14:00,2460.8935546875,2460.8935546875,2460.8935546875,2461.72119140625,2461.248046875,2461.631591796875,284.6320495605469,284.3369140625,284.63385009765625,2463.77734375,2461.814208984375,2464.42333984375,2462.4716796875,2531.6474609375,2528.707763671875,2464.35888671875,2474.865234375,2531.05322265625,2463.916015625,2476.203857421875,2528.707763671875,2464.35693359375,2474.865234375,2529.46240234375,2475.6103515625,2528.707763671875,2464.35693359375,2474.865234375,2476.4306640625
29,7-Jan-13,14:30,2460.8935546875,2460.8935546875,2460.8935546875,2461.502685546875,2461.329345703125,2461.54638671875,284.46820068359375,284.3759765625,284.5590515136719,2462.79052734375,2461.84326171875,2463.409423828125,2462.45068359375,2514.932861328125,2512.491943359375,2465.201171875,2472.26611328125,2514.186279296875,2464.986328125,2473.585205078125,2512.491943359375,2465.19677734375,2472.26611328125,2513.10791015625,2473.017578125,2512.491943359375,2465.19677734375,2472.263671875,2473.8271484375
30,7-Jan-13,15:00,2460.8935546875,2460.8935546875,2460.8935546875,2461.437744140625,2461.2939453125,2461.376953125,284.40435791015625,284.3318786621094,284.5769958496094,2462.517578125,2461.761962890625,2463.07861328125,2462.3173828125,2503.62646484375,2501.736572265625,2465.083984375,2468.38720703125,2503.081298828125,2465.066650390625,2469.43701171875,2501.736572265625,2465.083984375,2468.38671875,2502.2119140625,2469.03076171875,2501.736572265625,2465.083984375,2468.38671875,2469.7236328125
31,7-Jan-13,15:30,2460.8935546875,2460.8935546875,2460.8935546875,2461.408447265625,2461.136962890625,2461.00146484375,284.34320068359375,284.1833801269531,284.1254577636719,2461.853759765625,2461.496337890625,2462.235595703125,2461.864013671875,2483.028564453125,2481.472412109375,2462.607177734375,2459.722412109375,2482.227294921875,2462.668701171875,2460.241455078125,2481.472412109375,2461.276123046875,2459.722412109375,2481.8779296875,2459.970703125,2481.472412109375,2461.276123046875,2459.722412109375,2460.258056640625
32,7-Jan-13,16:00,2460.8935546875,2460.8935546875,2460.8935546875,2461.287109375,2460.896728515625,2460.830078125,284.221923828125,283.9808349609375,283.9689636230469,2460.87646484375,2461.1884765625,2461.0419921875,2461.34033203125,2459.282958984375,2458.45166015625,2458.589599609375,2452.103759765625,2458.476806640625,2458.72412109375,2452.2548828125,2458.45166015625,2458.589599609375,2452.103759765625,2458.6748046875,2452.0615234375,2458.45166015625,2458.589599609375,2452.103759765625,2452.039794921875
33,7-Jan-13,16:30,2460.8935546875,2460.8935546875,2460.8935546875,2461.05859375,2460.62841796875,2460.86767578125,284.0339050292969,283.76507568359375,283.9604187011719,2460.351318359375,2460.858154296875,2460.3076171875,2460.815673828125,2449.322998046875,2448.228271484375,2455.85693359375,2447.21533203125,2447.95654296875,2455.9716796875,2447.07470703125,2448.228271484375,2455.85693359375,2447.2158203125,2448.542724609375,2446.822265625,2448.228271484375,2455.85693359375,2447.2158203125,2447.776123046875
34,7-Jan-13,17:00,2460.8935546875,2460.8935546875,2460.8935546875,2460.936279296875,2460.34033203125,2460.627197265625,284.0566101074219,283.52142333984375,283.748046875,2459.391357421875,2460.544189453125,2459.128662109375,2460.279541015625,2425.187255859375,2425.4345703125,2453.12109375,2440.721923828125,2424.62548828125,2453.268798828125,2440.07958984375,2425.42724609375,2453.12255859375,2440.721923828125,2425.394287109375,2440.17431640625,2425.42724609375,2453.12255859375,2440.721923828125,2439.621826171875
35,7-Jan-13,17:30,2462.223388671875,2460.8935546875,2460.8935546875,2461.86962890625,2460.067626953125,2460.49462890625,283.5765075683594,283.27740478515625,283.5976867675781,2458.336181640625,2460.185546875,2457.825439453125,2459.675537109375,2385.806640625,2388.447265625,2450.609130859375,2431.171142578125,2386.575439453125,2450.9423828125,2429.861328125,2388.447265625,2450.609130859375,2431.1728515625,2387.77783203125,2430.466796875,2388.447265625,2450.609130859375,2431.1728515625,2429.699462890625
36,7-Jan-13,18:00,2460.8935546875,2460.8935546875,2460.8935546875,2460.031982421875,2459.90771484375,2460.06201171875,283.1524658203125,283.08770751953125,283.220458984375,2457.054931640625,2459.640380859375,2456.180419921875,2458.771728515625,2333.2431640625,2338.118408203125,2446.811279296875,2416.7431640625,2334.566162109375,2447.40234375,2414.8125,2338.118408203125,2448.133544921875,2416.7431640625,2336.878662109375,2415.456298828125,2338.118408203125,2448.133544921875,2416.742431640625,2414.052001953125
37,7-Jan-13,18:30,2460.8935546875,2460.8935546875,2460.8935546875,2459.7451171875,2459.83740234375,2459.86669921875,282.91802978515625,282.999267578125,283.0457763671875,2455.963623046875,2459.3291015625,2454.865966796875,2458.24560546875,2305.786376953125,2311.373291015625,2443.780517578125,2409.844482421875,2306.923828125,2444.44970703125,2407.526611328125,2311.373291015625,2443.780517578125,2409.840087890625,2309.955810546875,2408.400146484375,2311.375,2443.780517578125,2409.840087890625,2406.8251953125
38,7-Jan-13,19:00,2460.8935546875,2462.223388671875,2460.8935546875,2459.19775390625,2460.024169921875,2459.68115234375,282.5082702636719,283.0863342285156,282.87799072265625,2455.2646484375,2459.28759765625,2454.11279296875,2458.140380859375,2282.56787109375,2289.04736328125,2444.524169921875,2406.0458984375,2283.721435546875,2445.59423828125,2404.796142578125,2289.04736328125,2444.520751953125,2406.0458984375,2287.403076171875,2404.61083984375,2289.04736328125,2444.520751953125,2406.0458984375,2403.01904296875
39,7-Jan-13,19:30,2460.8935546875,2460.8935546875,2462.223388671875,2459.214599609375,2460.06201171875,2461.060546875,282.52734375,283.1199645996094,282.9199523925781,2455.241455078125,2459.390869140625,2454.14697265625,2458.315673828125,2285.149658203125,2290.05859375,2444.85009765625,2405.92724609375,2284.60693359375,2445.91748046875,2403.537841796875,2290.05859375,2444.85009765625,2405.92724609375,2288.49951171875,2404.322021484375,2290.05859375,2444.8447265625,2405.92724609375,2402.56591796875
40,7-Jan-13,20:00,2460.8935546875,2460.8935546875,2460.8935546875,2459.364013671875,2459.9208984375,2461.172119140625,282.63720703125,283.0328063964844,283.0052185058594,2455.177978515625,2459.38232421875,2454.075927734375,2458.27099609375,2281.25146484375,2287.87841796875,2445.51513671875,2404.83935546875,2283.557861328125,2446.599609375,2402.4384765625,2287.87841796875,2445.51513671875,2404.84033203125,2286.189697265625,2403.15234375,2287.878173828125,2445.51513671875,2404.84033203125,2401.301513671875
41,7-Jan-13,20:30,2460.8935546875,2460.8935546875,2460.8935546875,2459.196044921875,2459.8125,2460.058349609375,282.519287109375,282.9552307128906,283.1474914550781,2455.679443359375,2459.076416015625,2454.427001953125,2457.82421875,2289.206298828125,2295.484130859375,2445.6923828125,2407.473876953125,2290.27587890625,2446.7705078125,2405.0498046875,2295.484130859375,2445.6923828125,2407.473876953125,2293.88330078125,2405.915283203125,2295.484375,2445.6923828125,2407.473876953125,2404.202880859375
42,7-Jan-13,21:00,2460.8935546875,2460.8935546875,2460.8935546875,2459.065673828125,2459.695556640625,2460.04052734375,282.4117736816406,282.8564147949219,283.1155700683594,2455.7216796875,2458.816162109375,2454.32470703125,2458.74853515625,2293.97265625,2299.372314453125,2442.48583984375,2409.23388671875,2294.460205078125,2443.251953125,2406.8955078125,2299.372314453125,2442.48583984375,2409.23388671875,2298.008544921875,2407.70703125,2299.37255859375,2442.48583984375,2409.23388671875,2406.04833984375
43,7-Jan-13,21:30,2460.8935546875,2460.8935546875,2460.8935546875,2459.158203125,2459.78125,2460.079833984375,282.4902648925781,282.9305419921875,283.15863037109375,2455.885009765625,2458.947509765625,2454.56884765625,2457.64453125,2300.095703125,2305.124267578125,2443.4453125,2410.397216796875,2300.281494140625,2444.22216796875,2408.21337890625,2305.124267578125,2443.4453125,2410.396728515625,2303.858154296875,2408.83349609375,2305.124267578125,2443.4453125,2410.396728515625,2407.146240234375
44,7-Jan-13,22:00,2460.8935546875,2460.8935546875,2460.8935546875,2460.070556640625,2459.97705078125,2460.0654296875,282.19207763671875,283.0467529296875,283.13079833984375,2455.700439453125,2458.707275390625,2454.241455078125,2457.27197265625,2288.279296875,2293.7529296875,2446.052490234375,2410.203369140625,2288.413818359375,2445.728271484375,2408.052001953125,2293.7529296875,2446.052490234375,2410.203369140625,2292.34716796875,2408.765625,2293.738037109375,2446.052490234375,2410.203369140625,2407.19287109375
45,7-Jan-13,22:30,2460.8935546875,2460.8935546875,2460.8935546875,2458.98876953125,2459.9482421875,2460.0986328125,282.37713623046875,283.04534912109375,283.17242431640625,2456.007568359375,2458.842041015625,2454.6376953125,2457.495849609375,2306.4833984375,2311.20068359375,2443.5537109375,2414.07470703125,2306.577880859375,2444.215576171875,2412.113525390625,2311.20068359375,2444.87451171875,2414.07470703125,2310.005126953125,2412.7294921875,2311.20068359375,2444.87451171875,2414.07470703125,2411.267333984375
46,7-Jan-13,23:00,2460.8935546875,2460.8935546875,2460.8935546875,2459.34375,2460.157958984375,2460.133056640625,282.660888671875,283.23162841796875,283.24072265625,2456.29150390625,2459.344970703125,2455.217041015625,2458.283203125,2323.86181640625,2327.891357421875,2445.79296875,2418.365478515625,2323.624267578125,2446.4150390625,2416.788330078125,2327.89111328125,2445.79296875,2418.365478515625,2326.881591796875,2417.099609375,2327.89111328125,2445.79296875,2418.365478515625,2415.734619140625
47,7-Jan-13,23:30,2460.8935546875,2460.8935546875,2460.8935546875,2459.664794921875,2460.125,2460.18603515625,282.90283203125,283.23406982421875,283.4556579589844,2456.689453125,2459.605224609375,2455.779052734375,2458.705322265625,2347.560546875,2350.52978515625,2444.859375,2424.68701171875,2347.078125,2445.07470703125,2423.515869140625,2350.5205078125,2444.859375,2424.68701171875,2349.781982421875,2423.61962890625,2350.5205078125,2444.856201171875,2424.68701171875,2422.47900390625
48,8-Jan-13,0:00,2460.8935546875,2460.8935546875,2460.8935546875,2459.798828125,2460.218017578125,2460.23193359375,283.01336669921875,283.3171691894531,283.5074157714844,2457.335205078125,2459.80517578125,2456.56591796875,2459.045654296875,2360.013671875,2362.864990234375,2446.5205078125,2427.06591796875,2359.824951171875,2446.7939453125,2425.894775390625,2362.864990234375,2446.5205078125,2427.06396484375,2362.15380859375,2426.069091796875,2362.864990234375,2446.5205078125,2427.06396484375,2425.004150390625
49,8-Jan-13,0:30,2460.8935546875,2460.8935546875,2462.223388671875,2459.698974609375,2460.301025390625,2460.3515625,282.95361328125,283.38153076171875,283.4433898925781,2457.2783203125,2459.962158203125,2456.594970703125,2459.28125,2360.102783203125,2363.322021484375,2447.908935546875,2428.705078125,2360.25146484375,2448.241943359375,2427.610107421875,2363.322021484375,2447.908935546875,2428.70263671875,2362.500732421875,2427.873046875,2363.322021484375,2447.908935546875,2428.70263671875,2426.964599609375
50,8-Jan-13,1:00,2460.8935546875,2460.8935546875,2460.8935546875,2459.76123046875,2460.433837890625,2460.371337890625,283.01153564453125,283.48736572265625,283.4727783203125,2457.7529296875,2460.0205078125,2457.123291015625,2459.404052734375,2369.736572265625,2372.87158203125,2449.30810546875,2430.510498046875,2370.07080078125,2449.713134765625,2429.412841796875,2372.87158203125,2449.30810546875,2430.510498046875,2372.072998046875,2429.774658203125,2372.875244140625,2449.30810546875,2430.510498046875,2430.275146484375
51,8-Jan-13,1:30,2460.8935546875,2460.8935546875,2460.8935546875,2459.937744140625,2460.5771484375,2460.37646484375,283.154541015625,283.6085510253906,283.5005187988281,2458.214111328125,2460.15673828125,2457.6796875,2459.63916015625,2381.43798828125,2383.950927734375,2450.47998046875,2432.566650390625,2381.3994140625,2450.879150390625,2431.673095703125,2383.950927734375,2450.47998046875,2432.566650390625,2383.31494140625,2431.779052734375,2383.94775390625,2450.47998046875,2432.566650390625,2430.929443359375
52,8-Jan-13,2:00,2460.8935546875,2460.8935546875,2460.8935546875,2460.02685546875,2460.574462890625,2460.37451171875,283.22100830078125,283.6127014160156,283.5054931640625,2458.523193359375,2460.15966796875,2458.005615234375,2459.644775390625,2388.00341796875,2390.5244140625,2450.986083984375,2433.477294921875,2388.22607421875,2451.39990234375,2433.799072265625,2390.5244140625,2450.986083984375,2433.477294921875,2389.883056640625,2432.7685546875,2390.5244140625,2450.986083984375,2434.792724609375,2431.997802734375
53,8-Jan-13,2:30,2460.8935546875,2460.8935546875,2460.8935546875,2460.01904296875,2460.601318359375,2460.37353515625,283.3701477050781,283.6323547363281,283.50628662109375,2458.473388671875,2460.1806640625,2457.965576171875,2459.654296875,2383.071533203125,2385.9404296875,2451.182373046875,2431.705810546875,2383.440673828125,2451.66943359375,2430.602783203125,2385.9404296875,2451.182373046875,2431.705810546875,2385.2138671875,2432.229736328125,2385.9404296875,2451.182373046875,2433.021484375,2430.05419921875
54,8-Jan-13,3:00,2462.223388671875,2460.8935546875,2460.8935546875,2461.390869140625,2460.585693359375,2460.41015625,283.4034118652344,283.62646484375,283.5360107421875,2458.616455078125,2460.189697265625,2458.12060546875,2459.68994140625,2387.3515625,2390.151123046875,2451.3681640625,2432.62841796875,2387.801025390625,2451.82666015625,2431.52783203125,2390.151123046875,2451.3681640625,2432.6298828125,2389.440673828125,2431.89453125,2390.145263671875,2451.3681640625,2432.6298828125,2431.09033203125
55,8-Jan-13,3:30,2460.8935546875,2460.8935546875,2460.8935546875,2460.04345703125,2460.586181640625,2460.4072265625,283.2366943359375,283.6252746582031,283.53240966796875,2458.431396484375,2460.2119140625,2457.939208984375,2459.725830078125,2384.531494140625,2387.259033203125,2451.376953125,2432.258056640625,2384.7783203125,2451.84228515625,2431.248779296875,2387.259033203125,2451.37744140625,2432.258056640625,2386.571533203125,2431.464599609375,2387.259033203125,2451.37744140625,2432.25634765625,2430.60546875
56,8-Jan-13,4:00,2460.8935546875,2460.8935546875,2460.8935546875,2459.9287109375,2460.615478515625,2460.422607421875,283.15399169921875,283.64013671875,283.5376281738281,2458.176513671875,2460.21728515625,2457.67626953125,2459.7197265625,2386.217041015625,2388.412353515625,2450.9755859375,2434.146484375,2385.970703125,2451.384033203125,2433.2919921875,2388.412353515625,2450.9755859375,2434.146484375,2387.86181640625,2433.458251953125,2388.419189453125,2450.9755859375,2434.146484375,2432.715576171875
57,8-Jan-13,4:30,2460.8935546875,2460.8935546875,2460.8935546875,2459.9443359375,2460.618408203125,2460.363525390625,283.16168212890625,283.6390686035156,283.49432373046875,2459.610107421875,2460.17822265625,2459.092041015625,2459.645263671875,2388.132080078125,2390.19189453125,2450.384521484375,2433.51611328125,2387.852294921875,2450.7734375,2432.572998046875,2390.196044921875,2450.384521484375,2433.51611328125,2389.68408203125,2432.776123046875,2390.196044921875,2451.709716796875,2433.51611328125,2431.984619140625
58,8-Jan-13,5:00,2460.8935546875,2460.8935546875,2460.8935546875,2459.906982421875,2460.609375,2461.760498046875,283.13787841796875,283.63458251953125,283.541748046875,2458.269775390625,2460.22314453125,2457.77685546875,2459.73388671875,2389.23974609375,2391.29345703125,2450.819091796875,2434.49755859375,2387.614013671875,2451.218505859375,2433.6591796875,2391.29345703125,2450.819091796875,2434.49755859375,2390.781005859375,2433.810302734375,2390.001953125,2450.819091796875,2434.49755859375,2433.07177734375
59,8-Jan-13,5:30,2460.8935546875,2460.8935546875,2460.8935546875,2459.950927734375,2460.55078125,2460.46923828125,283.1693420410156,283.5966491699219,283.5696716308594,2458.255859375,2460.173828125,2457.734375,2460.985595703125,2388.106201171875,2390.17041015625,2450.63818359375,2434.699951171875,2387.81982421875,2450.9833984375,2433.890380859375,2390.17041015625,2450.63818359375,2434.699951171875,2389.656982421875,2434.001953125,2390.171630859375,2450.63818359375,2434.699951171875,2433.252685546875
60,8-Jan-13,6:00,2460.8935546875,2460.8935546875,2460.8935546875,2459.820068359375,2460.513671875,2460.49560546875,283.0705871582031,283.5611267089844,283.57708740234375,2458.092041015625,2460.053466796875,2457.49560546875,2459.47314453125,2384.478759765625,2386.529296875,2450.274169921875,2434.523681640625,2384.08056640625,2450.606689453125,2433.734130859375,2386.529296875,2450.27392578125,2434.523681640625,2386.016357421875,2433.83984375,2386.529296875,2450.27392578125,2434.522216796875,2433.106689453125
61,8-Jan-13,6:30,2460.8935546875,2460.8935546875,2460.8935546875,2459.956298828125,2460.43212890625,2460.43115234375,283.1617431640625,283.5047607421875,283.5325927734375,2458.216796875,2459.971923828125,2457.580078125,2459.340087890625,2384.13037109375,2386.189453125,2450.18359375,2434.824951171875,2383.78759765625,2450.542236328125,2432.61083984375,2386.189453125,2450.18359375,2433.51025390625,2385.677734375,2432.7626953125,2386.189453125,2450.18359375,2433.51025390625,2431.96435546875
62,8-Jan-13,7:00,2460.8935546875,2460.8935546875,2460.8935546875,2460.023193359375,2460.443359375,2460.36669921875,283.3609924316406,283.5132141113281,283.48968505859375,2458.41943359375,2459.969482421875,2457.790283203125,2459.34130859375,2384.46875,2386.6357421875,2449.688720703125,2432.3779296875,2384.302734375,2450.001220703125,2431.4169921875,2386.6357421875,2449.688720703125,2432.3779296875,2386.10595703125,2431.524658203125,2386.6396484375,2449.688720703125,2432.3779296875,2430.6181640625
63,8-Jan-13,7:30,2462.223388671875,2460.8935546875,2460.8935546875,2461.39013671875,2460.4892578125,2460.456787109375,283.24603271484375,283.5572814941406,283.5640563964844,2458.878662109375,2460.026611328125,2458.299560546875,2459.4501953125,2393.259521484375,2395.484375,2450.989501953125,2435.313720703125,2393.498779296875,2451.285400390625,2434.404541015625,2395.484375,2450.98974609375,2435.313720703125,2394.921142578125,2434.6572265625,2395.484375,2450.98974609375,2435.31298828125,2433.947509765625
64,8-Jan-13,8:00,2460.8935546875,2460.8935546875,2460.8935546875,2460.28271484375,2460.48974609375,2460.534912109375,283.41802978515625,283.5796203613281,283.639892578125,2459.532470703125,2460.152587890625,2459.05517578125,2459.69384765625,2402.88427734375,2404.995361328125,2452.185791015625,2436.6376953125,2403.37353515625,2452.46826171875,2435.78076171875,2404.995361328125,2452.184814453125,2436.6376953125,2404.466064453125,2435.9560546875,2404.995361328125,2452.184814453125,2436.63720703125,2435.2236328125
65,8-Jan-13,8:30,2460.8935546875,2460.8935546875,2460.8935546875,2460.258056640625,2460.50244140625,2460.649658203125,283.4091491699219,283.5960998535156,283.7258605957031,2459.44189453125,2460.244873046875,2459.0126953125,2459.82861328125,2406.531982421875,2408.527587890625,2452.561767578125,2439.728759765625,2407.110595703125,2452.751953125,2439.02734375,2408.527587890625,2452.561767578125,2439.728759765625,2408.01318359375,2439.26806640625,2408.525634765625,2452.561767578125,2439.728759765625,2438.76123046875
66,8-Jan-13,9:00,2460.8935546875,2460.8935546875,2460.8935546875,2460.532958984375,2460.5400390625,2460.79638671875,283.62847900390625,283.6551208496094,283.8602294921875,2460.163330078125,2460.3759765625,2459.839599609375,2460.052978515625,2422.357177734375,2423.817138671875,2453.9560546875,2442.611083984375,2422.89697265625,2454.046142578125,2442.076416015625,2423.817138671875,2453.9560546875,2442.611083984375,2423.450439453125,2442.13671875,2423.817138671875,2453.955810546875,2442.611083984375,2441.629150390625
67,8-Jan-13,9:30,2460.8935546875,2460.8935546875,2460.8935546875,2460.697998046875,2460.6787109375,2460.819580078125,283.7640686035156,283.7732849121094,283.9006042480469,2460.720703125,2460.598876953125,2460.54736328125,2460.42626953125,2440.778076171875,2441.862548828125,2456.130859375,2448.3642578125,2441.655517578125,2456.2333984375,2447.8984375,2441.862548828125,2456.130859375,2448.3642578125,2441.572265625,2448.29345703125,2441.863525390625,2456.130859375,2448.3642578125,2448.2001953125
68,8-Jan-13,10:00,2460.8935546875,2460.8935546875,2460.8935546875,2460.95068359375,2460.491455078125,2460.975341796875,283.9508361816406,283.66241455078125,284.0237121582031,2461.1572265625,2460.654052734375,2461.033935546875,2460.515380859375,2454.7490234375,2454.70068359375,2455.854248046875,2451.11376953125,2454.984375,2455.806640625,2450.863525390625,2454.70068359375,2455.854248046875,2451.113037109375,2454.712158203125,2451.03955078125,2454.6982421875,2455.854248046875,2451.113037109375,2450.970458984375
69,8-Jan-13,10:30,2460.8935546875,2462.223388671875,2460.8935546875,2460.431640625,2460.22314453125,2461.060546875,283.5487060546875,283.42919921875,284.029052734375,2461.7001953125,2460.1669921875,2459.938232421875,2459.746826171875,2432.997314453125,2432.9384765625,2452.69775390625,2448.01904296875,2432.570068359375,2452.579833984375,2447.76611328125,2432.9384765625,2452.69873046875,2448.01904296875,2432.966796875,2447.815185546875,2432.9384765625,2452.69873046875,2448.01904296875,2447.615966796875
70,8-Jan-13,11:00,2460.8935546875,2462.223388671875,2460.8935546875,2460.442138671875,2461.515380859375,2461.031982421875,283.5517272949219,283.3996276855469,284.00555419921875,2460.27685546875,2460.15478515625,2459.83349609375,2459.70947265625,2432.083740234375,2431.922119140625,2452.875244140625,2447.15673828125,2432.884033203125,2452.82421875,2446.81884765625,2433.236328125,2452.875,2447.15673828125,2433.29443359375,2446.88916015625,2433.236328125,2452.875,2447.15673828125,2446.62841796875
71,8-Jan-13,11:30,2460.8935546875,2460.8935546875,2462.223388671875,2460.295654296875,2460.048583984375,2461.272705078125,283.44976806640625,283.3038330078125,284.16656494140625,2459.78515625,2461.315673828125,2459.225341796875,2460.756591796875,2418.40478515625,2418.2451171875,2454.408935546875,2444.5908203125,2417.3115234375,2454.4150390625,2444.36572265625,2418.2451171875,2454.408935546875,2444.5908203125,2418.317138671875,2444.130126953125,2418.2451171875,2454.408935546875,2444.5908203125,2443.675537109375
72,8-Jan-13,12:00,2460.8935546875,2460.8935546875,2460.8935546875,2460.24609375,2460.160400390625,2461.40185546875,283.4304504394531,283.39398193359375,284.26861572265625,2459.82568359375,2460.17822265625,2459.375732421875,2461.06591796875,2421.092041015625,2420.678955078125,2456.760498046875,2444.802001953125,2419.660888671875,2457.01025390625,2444.5693359375,2420.678955078125,2456.760498046875,2444.805419921875,2420.81201171875,2444.375244140625,2420.678955078125,2456.760498046875,2444.805419921875,2443.9560546875
73,8-Jan-13,12:30,2460.8935546875,2460.8935546875,2460.8935546875,2460.232666015625,2459.721435546875,2461.463623046875,283.392578125,283.0672607421875,284.28204345703125,2459.4248046875,2459.9677734375,2458.838623046875,2459.365234375,2404.60693359375,2404.9541015625,2453.667724609375,2440.4365234375,2403.709228515625,2453.89990234375,2439.869384765625,2404.9541015625,2453.667724609375,2440.4365234375,2404.888916015625,2439.89453125,2404.9541015625,2453.667724609375,2440.4365234375,2439.34716796875
74,8-Jan-13,13:00,2460.8935546875,2460.8935546875,2460.8935546875,2460.206298828125,2459.427001953125,2461.34375,283.34234619140625,282.8348388671875,284.1676940917969,2458.50830078125,2459.769775390625,2457.770263671875,2459.015869140625,2391.279052734375,2391.742919921875,2451.90234375,2437.60205078125,2390.27099609375,2452.220947265625,2436.691650390625,2391.742919921875,2451.90234375,2437.60205078125,2391.658447265625,2437.146484375,2391.757080078125,2451.90234375,2437.60205078125,2436.683349609375
75,8-Jan-13,13:30,2460.8935546875,2460.8935546875,2460.8935546875,2461.580322265625,2459.30078125,2461.195068359375,283.3553466796875,282.73187255859375,284.0492248535156,2458.236328125,2459.730712890625,2457.46435546875,2458.949951171875,2386.225830078125,2387.172119140625,2449.843505859375,2438.43310546875,2385.8125,2449.91162109375,2437.547119140625,2388.462158203125,2449.843505859375,2438.43310546875,2388.221923828125,2438.167236328125,2388.462158203125,2449.843505859375,2438.43310546875,2437.88427734375
76,8-Jan-13,14:00,2460.8935546875,2460.8935546875,2460.8935546875,2459.990966796875,2460.751220703125,2460.8681640625,283.14544677734375,282.77978515625,283.791259765625,2459.079833984375,2459.573486328125,2458.19775390625,2458.695068359375,2353.149658203125,2356.03564453125,2449.427001953125,2428.0732421875,2353.54345703125,2449.878662109375,2426.620849609375,2356.03564453125,2449.427490234375,2428.076171875,2355.29248046875,2427.44677734375,2356.03564453125,2449.427490234375,2428.076171875,2428.064208984375
77,8-Jan-13,14:30,2460.8935546875,2460.8935546875,2460.8935546875,2459.59521484375,2459.414794921875,2460.77197265625,282.84161376953125,282.73828125,283.6881408691406,2456.33740234375,2459.38330078125,2455.2880859375,2458.336181640625,2303.952392578125,2308.77001953125,2449.341064453125,2416.623779296875,2304.34375,2450.32177734375,2414.788818359375,2308.77001953125,2449.341064453125,2416.626953125,2307.53369140625,2416.942626953125,2308.771728515625,2449.341064453125,2416.626953125,2414.533935546875
78,8-Jan-13,15:00,2460.8935546875,2460.8935546875,2462.223388671875,2458.956298828125,2459.298828125,2460.611572265625,282.3428955078125,282.5928039550781,283.5101623535156,2455.06689453125,2459.114013671875,2453.80908203125,2457.8701171875,2272.21826171875,2277.5244140625,2446.533447265625,2409.746337890625,2272.086669921875,2447.688232421875,2407.620849609375,2277.5244140625,2446.533447265625,2409.74072265625,2276.167724609375,2408.48486328125,2277.4755859375,2446.533447265625,2409.74072265625,2407.102294921875
79,8-Jan-13,15:30,2460.8935546875,2460.8935546875,2460.8935546875,2459.215087890625,2458.907470703125,2460.3662109375,282.4894714355469,282.2984619140625,283.315185546875,2454.89697265625,2460.150146484375,2453.466796875,2458.727294921875,2258.7861328125,2265.657470703125,2444.258544921875,2402.384521484375,2260.157470703125,2445.387939453125,2399.608154296875,2264.4326171875,2444.258544921875,2402.384521484375,2262.671142578125,2400.836669921875,2264.4326171875,2444.258544921875,2402.384521484375,2399.126220703125
80,8-Jan-13,16:00,2460.8935546875,2460.8935546875,2460.8935546875,2459.006103515625,2458.84130859375,2460.24755859375,282.3193359375,282.224609375,283.2047424316406,2455.037841796875,2458.53955078125,2453.455322265625,2458.29833984375,2241.5693359375,2249.814208984375,2442.159423828125,2397.18408203125,2243.99951171875,2443.23046875,2394.05712890625,2249.814208984375,2442.158935546875,2397.18408203125,2247.697021484375,2395.392822265625,2249.814208984375,2442.158935546875,2397.179443359375,2393.400390625
81,8-Jan-13,16:30,2460.8935546875,2460.8935546875,2460.8935546875,2458.657470703125,2458.74169921875,2460.190673828125,282.0467529296875,282.1199645996094,283.1280517578125,2453.81396484375,2458.191162109375,2451.981689453125,2456.367919921875,2212.557373046875,2220.907958984375,2440.024658203125,2392.3701171875,2213.9091796875,2441.14599609375,2388.09228515625,2220.907958984375,2440.025390625,2392.3701171875,2218.78662109375,2388.880859375,2220.907958984375,2440.025390625,2391.090087890625,2387.76123046875
82,8-Jan-13,17:00,2460.8935546875,2460.8935546875,2460.8935546875,2458.251953125,2458.837890625,2459.48388671875,281.6980285644531,282.1100769042969,282.5699462890625,2452.111083984375,2457.994140625,2450.09326171875,2456.01025390625,2152.5869140625,2163.595703125,2437.760009765625,2374.673095703125,2154.478759765625,2439.392578125,2372.265869140625,2163.595703125,2437.760009765625,2374.6728515625,2160.788818359375,2371.947021484375,2163.595703125,2437.760009765625,2374.6728515625,2368.953125
83,8-Jan-13,17:30,2460.8935546875,2460.8935546875,2460.8935546875,2457.881103515625,2458.50537109375,2459.135498046875,281.37017822265625,281.8067626953125,282.2540588378906,2450.962646484375,2457.45263671875,2448.590087890625,2455.115478515625,2103.01318359375,2116.146728515625,2434.602294921875,2361.6416015625,2105.5791015625,2436.5400390625,2357.31396484375,2116.21435546875,2434.599609375,2361.6416015625,2112.858642578125,2358.466064453125,2116.21435546875,2434.599609375,2361.6416015625,2354.967529296875
84,8-Jan-13,18:00,2462.223388671875,2460.8935546875,2460.8935546875,2459.0107421875,2458.3251953125,2458.716552734375,281.17718505859375,281.6252746582031,281.90887451171875,2449.60546875,2457.049560546875,2446.94775390625,2454.407958984375,2047.4769287109375,2062.12939453125,2431.946044921875,2345.026611328125,2049.409912109375,2435.683349609375,2340.0927734375,2062.13330078125,2431.9453125,2345.026611328125,2058.416015625,2341.08447265625,2062.13330078125,2431.9453125,2345.01318359375,2336.760009765625
85,8-Jan-13,18:30,2460.8935546875,2462.223388671875,2460.8935546875,2457.2744140625,2458.4150390625,2458.460205078125,280.85931396484375,281.64410400390625,281.690673828125,2448.203857421875,2456.94189453125,2445.423828125,2454.1845703125,1989.9940185546875,2006.0924072265625,2432.4013671875,2331.616455078125,1990.9847412109375,2435.421875,2326.446533203125,2006.093505859375,2432.4013671875,2331.616455078125,2002.0289306640625,2326.973876953125,2006.093505859375,2432.38916015625,2331.616455078125,2321.92626953125
86,8-Jan-13,19:00,2460.8935546875,2460.8935546875,2460.8935546875,2457.232177734375,2458.578369140625,2458.4150390625,280.8363952636719,281.7605285644531,281.66534423828125,2448.07080078125,2456.911376953125,2445.267578125,2454.14599609375,1970.5794677734375,1987.7142333984375,2434.1650390625,2326.7041015625,1971.6658935546875,2437.3896484375,2322.815673828125,1987.7142333984375,2434.16845703125,2326.7041015625,1983.391845703125,2321.72802734375,1987.7142333984375,2434.16845703125,2326.70654296875,2316.32177734375
87,8-Jan-13,19:30,2460.8935546875,2460.8935546875,2460.8935546875,2456.93115234375,2458.436767578125,2458.162841796875,280.5819396972656,281.6132507324219,281.44146728515625,2447.90576171875,2457.874755859375,2444.890869140625,2453.578369140625,1954.1929931640625,1973.3720703125,2429.361572265625,2322.579345703125,1956.15185546875,2432.33935546875,2316.949951171875,1973.3720703125,2429.361572265625,2322.579345703125,1968.7872314453125,2317.571533203125,1972.305419921875,2429.361572265625,2322.579345703125,2312.108642578125
88,8-Jan-13,20:00,2460.8935546875,2460.8935546875,2460.8935546875,2456.8779296875,2458.029052734375,2458.2578125,280.5189208984375,281.3095397949219,281.4792175292969,2447.6181640625,2456.156005859375,2444.370361328125,2454.2724609375,1961.156982421875,1977.645751953125,2424.32666015625,2322.5048828125,1961.91796875,2428.2900390625,2316.7021484375,1977.645751953125,2424.32666015625,2322.5048828125,1973.4970703125,2317.48876953125,1978.7139892578125,2424.32666015625,2322.5048828125,2313.30712890625
89,8-Jan-13,20:30,2460.8935546875,2460.8935546875,2460.8935546875,2456.81298828125,2458.244873046875,2458.431640625,280.6507873535156,281.4803771972656,281.621826171875,2447.527587890625,2456.205810546875,2444.303955078125,2453.004150390625,1964.4468994140625,1980.0201416015625,2425.35302734375,2323.619384765625,1964.1334228515625,2426.63916015625,2318.051513671875,1980.0201416015625,2424.041748046875,2323.619384765625,1976.1243896484375,2318.507568359375,1980.0201416015625,2424.041748046875,2323.619384765625,2312.979736328125
90,8-Jan-13,21:00,2462.223388671875,2460.8935546875,2460.8935546875,2458.0263671875,2458.4697265625,2458.56689453125,280.4402770996094,281.6514587402344,281.7320251464844,2447.78271484375,2456.37548828125,2444.6650390625,2453.292724609375,1967.7655029296875,1983.604248046875,2425.93212890625,2326.88525390625,1967.596923828125,2428.423095703125,2321.83154296875,1983.6060791015625,2425.93212890625,2326.88525390625,1979.6387939453125,2323.0634765625,1983.6060791015625,2425.93212890625,2326.88525390625,2316.3310546875
91,8-Jan-13,21:30,2460.8935546875,2460.8935546875,2460.8935546875,2456.7734375,2458.5,2458.938232421875,280.52593994140625,281.7076416015625,282.0207824707031,2448.916015625,2456.412353515625,2445.8681640625,2453.399658203125,2007.13623046875,2021.1904296875,2427.7919921875,2338.053955078125,2007.618896484375,2428.564697265625,2333.574462890625,2021.1864013671875,2427.7919921875,2338.053955078125,2017.68505859375,2333.207763671875,2021.1864013671875,2426.47998046875,2338.053955078125,2329.264404296875
92,8-Jan-13,22:00,2460.8935546875,2460.8935546875,2460.8935546875,2456.76220703125,2460.239990234375,2459.144287109375,280.5630798339844,282.1841735839844,282.2060546875,2450.777587890625,2456.7861328125,2446.640625,2454.0185546875,2013.513916015625,2028.5950927734375,2431.853515625,2341.32861328125,2013.87841796875,2434.29052734375,2336.861572265625,2028.5950927734375,2431.853515625,2341.32861328125,2024.7886962890625,2336.828125,2028.5841064453125,2431.853515625,2341.32861328125,2333.206787109375
93,8-Jan-13,22:30,2460.8935546875,2460.8935546875,2460.8935546875,2457.2373046875,2459.2109375,2459.3701171875,280.95758056640625,282.30877685546875,282.4348449707031,2450.69384765625,2457.0751953125,2448.096923828125,2454.49853515625,2082.0126953125,2093.64990234375,2436.367431640625,2357.927978515625,2081.0302734375,2438.58447265625,2354.233154296875,2093.64990234375,2437.6943359375,2357.927978515625,2090.722900390625,2353.984375,2093.64990234375,2437.6943359375,2357.927978515625,2349.759521484375
94,8-Jan-13,23:00,2460.8935546875,2460.8935546875,2462.223388671875,2457.581787109375,2459.35791015625,2460.85009765625,281.2375793457031,282.4557189941406,282.5858154296875,2451.371337890625,2457.488037109375,2449.036376953125,2455.1787109375,2128.866943359375,2138.547607421875,2439.150146484375,2370.4404296875,2127.513916015625,2439.725341796875,2367.321533203125,2138.547607421875,2439.150146484375,2370.4404296875,2136.140869140625,2367.044189453125,2138.5498046875,2439.150146484375,2370.4404296875,2363.40283203125
95,8-Jan-13,23:30,2460.8935546875,2460.8935546875,2462.223388671875,2458.55126953125,2459.380615234375,2460.827392578125,281.9632873535156,282.5412902832031,282.6435852050781,2452.53466796875,2458.06689453125,2450.576416015625,2456.134033203125,2202.235595703125,2209.26025390625,2438.108642578125,2385.898681640625,2201.049072265625,2439.484375,2382.9033203125,2209.26025390625,2438.108642578125,2385.8974609375,2207.51318359375,2383.342041015625,2209.26025390625,2438.108642578125,2385.8974609375,2380.609619140625
96,9-Jan-13,0:00,2460.8935546875,2460.8935546875,2460.8935546875,2458.42724609375,2459.7216796875,2459.677001953125,281.9088134765625,282.8024597167969,282.79449462890625,2453.222900390625,2459.803466796875,2451.5244140625,2456.78466796875,2220.02392578125,2226.586181640625,2441.672119140625,2390.653564453125,2218.71533203125,2443.16455078125,2387.998291015625,2226.586181640625,2441.672119140625,2390.657958984375,2224.965087890625,2388.15771484375,2226.586181640625,2441.672119140625,2390.657958984375,2385.4912109375
97,9-Jan-13,0:30,2460.8935546875,2460.8935546875,2460.8935546875,2458.686279296875,2460.050537109375,2459.84521484375,282.1395568847656,283.08160400390625,282.9654541015625,2454.237060546875,2459.0234375,2452.8916015625,2457.691162109375,2243.302490234375,2249.876708984375,2445.808837890625,2396.25390625,2242.583251953125,2447.330322265625,2393.93603515625,2249.876708984375,2445.808837890625,2396.25390625,2248.254638671875,2393.92578125,2249.8935546875,2445.808837890625,2396.25390625,2391.43115234375
98,9-Jan-13,1:00,2460.8935546875,2460.8935546875,2460.8935546875,2458.624267578125,2460.181640625,2459.92724609375,282.2613220214844,283.181884765625,283.032470703125,2454.4208984375,2459.136962890625,2453.147705078125,2457.88037109375,2245.981201171875,2252.972412109375,2447.105224609375,2398.92236328125,2245.64892578125,2448.669189453125,2396.679443359375,2252.905029296875,2447.105224609375,2398.92236328125,2251.138671875,2396.85546875,2252.905029296875,2448.434814453125,2398.92236328125,2394.612548828125
99,9-Jan-13,1:30,2462.223388671875,2460.8935546875,2460.8935546875,2460.074951171875,2460.2060546875,2460.078369140625,282.2132263183594,283.220458984375,283.1577453613281,2455.1025390625,2459.22021484375,2453.906005859375,2458.03759765625,2264.425537109375,2270.599365234375,2447.10888671875,2403.203125,2263.9443359375,2448.43798828125,2401.287841796875,2270.599365234375,2447.10888671875,2403.203125,2269.052734375,2401.13818359375,2270.595947265625,2447.10888671875,2403.203125,2398.91748046875
100,9-Jan-13,2:00,2460.8935546875,2460.8935546875,2460.8935546875,2459.007080078125,2460.231201171875,2460.202392578125,282.41949462890625,283.267578125,283.2730712890625,2455.519775390625,2459.432861328125,2454.461181640625,2458.384033203125,2282.16552734375,2287.83447265625,2447.688720703125,2406.912109375,2281.751220703125,2448.88427734375,2405.108154296875,2287.83447265625,2447.688720703125,2406.912109375,2286.41845703125,2404.9990234375,2287.83447265625,2447.688720703125,2406.912109375,2402.94287109375
101,9-Jan-13,2:30,2460.8935546875,2460.8935546875,2460.8935546875,2459.06298828125,2460.3671875,2460.13037109375,282.4660949707031,283.5217590332031,283.2330017089844,2455.5791015625,2459.62158203125,2454.62939453125,2458.688232421875,2279.209716796875,2285.769287109375,2448.91650390625,2405.457763671875,2279.573486328125,2450.250244140625,2403.4501953125,2285.769287109375,2448.91650390625,2405.457763671875,2284.162109375,2403.584716796875,2285.8203125,2448.91650390625,2405.457763671875,2401.54736328125
102,9-Jan-13,3:00,2460.8935546875,2460.8935546875,2460.8935546875,2459.25439453125,2460.13330078125,2459.999755859375,282.5823669433594,283.196533203125,283.1313781738281,2455.687255859375,2459.358154296875,2454.593994140625,2458.26708984375,2286.906494140625,2293.260498046875,2447.37109375,2408.52734375,2287.654541015625,2448.5615234375,2405.013427734375,2293.260498046875,2447.37109375,2407.227783203125,2291.6455078125,2405.583740234375,2293.260498046875,2447.37109375,2407.227783203125,2403.782470703125
103,9-Jan-13,3:30,2460.8935546875,2460.8935546875,2462.223388671875,2459.3427734375,2460.2333984375,2461.33349609375,282.65618896484375,283.278564453125,283.30169677734375,2456.174560546875,2459.4375,2455.1474609375,2458.4169921875,2298.639892578125,2304.55078125,2447.872802734375,2409.678955078125,2299.330810546875,2448.99853515625,2407.57373046875,2304.56298828125,2447.872802734375,2409.678955078125,2303.07177734375,2409.35009765625,2304.56298828125,2447.869873046875,2409.678955078125,2406.27294921875
104,9-Jan-13,4:00,2460.8935546875,2460.8935546875,2460.8935546875,2459.3330078125,2460.304931640625,2460.019287109375,282.6552429199219,283.3328857421875,283.16473388671875,2456.226318359375,2459.509033203125,2455.241455078125,2459.861083984375,2312.356689453125,2317.21875,2448.40869140625,2413.443359375,2312.4140625,2449.51904296875,2411.471435546875,2317.21875,2448.40625,2413.443359375,2315.993896484375,2411.999267578125,2317.21875,2448.40625,2413.4443359375,2410.432861328125
105,9-Jan-13,4:30,2460.8935546875,2460.8935546875,2460.8935546875,2459.399169921875,2460.3671875,2460.13427734375,282.71795654296875,283.39324951171875,283.2611999511719,2456.45849609375,2461.072509765625,2455.615966796875,2460.238525390625,2317.587158203125,2322.413330078125,2448.4404296875,2414.80712890625,2317.678466796875,2449.416015625,2414.38623046875,2322.413330078125,2448.4404296875,2414.80712890625,2321.209228515625,2413.318359375,2322.413330078125,2448.438720703125,2414.80712890625,2411.7099609375
106,9-Jan-13,5:00,2460.8935546875,2460.8935546875,2460.8935546875,2459.359375,2460.4140625,2460.225830078125,282.6983642578125,283.4324645996094,283.33087158203125,2456.595947265625,2459.865478515625,2455.828125,2459.109130859375,2322.61962890625,2326.96435546875,2448.74609375,2415.9228515625,2322.256103515625,2449.6845703125,2414.3525390625,2326.96435546875,2448.74609375,2415.9228515625,2325.901123046875,2414.354736328125,2326.981689453125,2448.74609375,2415.9228515625,2412.676513671875
107,9-Jan-13,5:30,2460.8935546875,2460.8935546875,2460.8935546875,2459.42578125,2460.413330078125,2460.26611328125,282.75115966796875,283.4397888183594,283.3663635253906,2456.8564453125,2459.8515625,2456.09228515625,2459.090087890625,2330.619873046875,2334.766357421875,2448.90869140625,2418.286865234375,2330.374267578125,2449.7548828125,2416.797119140625,2334.766357421875,2448.908447265625,2418.286865234375,2333.73486328125,2416.825927734375,2334.766357421875,2448.908447265625,2418.28662109375,2415.26025390625
108,9-Jan-13,6:00,2460.8935546875,2460.8935546875,2460.8935546875,2459.573974609375,2460.43310546875,2460.32373046875,282.86767578125,283.46978759765625,283.4225769042969,2457.125,2459.923583984375,2456.4130859375,2459.214111328125,2343.89404296875,2347.134765625,2449.1181640625,2421.71142578125,2343.10400390625,2449.836181640625,2420.464599609375,2347.094970703125,2449.1181640625,2421.71142578125,2346.30224609375,2420.312744140625,2347.094970703125,2449.1171875,2421.71142578125,2418.83154296875
109,9-Jan-13,6:30,2460.8935546875,2460.8935546875,2460.8935546875,2459.66162109375,2460.476318359375,2460.389404296875,282.94140625,283.5135803222656,283.48199462890625,2457.414306640625,2459.994140625,2456.755126953125,2459.33984375,2354.783935546875,2357.4931640625,2450.063232421875,2424.58154296875,2353.809814453125,2450.75830078125,2423.484130859375,2357.4931640625,2450.063232421875,2424.582275390625,2356.840576171875,2423.25244140625,2357.496826171875,2450.063232421875,2424.582275390625,2421.852783203125
110,9-Jan-13,7:00,2460.8935546875,2460.8935546875,2460.8935546875,2459.547119140625,2460.5166015625,2460.32421875,282.853759765625,283.5306091308594,283.4269714355469,2457.47265625,2459.771240234375,2456.690185546875,2458.989013671875,2354.041748046875,2356.7109375,2450.175537109375,2424.97802734375,2353.010009765625,2450.92333984375,2423.87158203125,2356.7109375,2450.175537109375,2424.97998046875,2356.06396484375,2423.734619140625,2356.7109375,2450.175537109375,2424.97998046875,2422.4208984375
111,9-Jan-13,7:30,2460.8935546875,2462.223388671875,2460.8935546875,2459.83642578125,2460.52099609375,2460.42041015625,283.0778503417969,283.71551513671875,283.5220642089844,2458.09375,2460.02490234375,2458.8095703125,2459.425048828125,2367.630126953125,2370.224853515625,2451.134521484375,2427.06396484375,2367.005859375,2451.77587890625,2426.05078125,2368.9375,2451.134521484375,2427.06396484375,2368.30712890625,2425.84228515625,2368.9375,2451.134521484375,2427.06396484375,2424.5546875
112,9-Jan-13,8:00,2460.8935546875,2460.8935546875,2460.8935546875,2460.169921875,2460.57177734375,2460.442626953125,283.3328857421875,283.6261291503906,283.7208557128906,2458.854736328125,2460.33251953125,2458.448974609375,2459.923095703125,2392.00634765625,2394.62646484375,2452.367919921875,2434.46142578125,2392.562255859375,2452.800048828125,2433.474853515625,2394.62646484375,2452.367919921875,2434.46142578125,2393.9833984375,2433.786376953125,2394.6494140625,2452.367919921875,2434.46142578125,2433.048583984375
113,9-Jan-13,8:30,2460.8935546875,2460.8935546875,2460.8935546875,2460.189453125,2460.653564453125,2460.562255859375,283.3623352050781,283.6982116699219,283.6656494140625,2459.1083984375,2460.4794921875,2458.79541015625,2460.170166015625,2401.180419921875,2403.2548828125,2452.60302734375,2437.95458984375,2401.46923828125,2452.88525390625,2437.24853515625,2403.2548828125,2452.60302734375,2437.95458984375,2402.72998046875,2437.377685546875,2403.240478515625,2452.60302734375,2437.95458984375,2436.751220703125
114,9-Jan-13,9:00,2460.8935546875,2460.8935546875,2460.8935546875,2460.22314453125,2460.71875,2460.693359375,283.402099609375,283.7596130371094,283.77227783203125,2459.43408203125,2460.49072265625,2459.14306640625,2461.54345703125,2409.7451171875,2411.752197265625,2453.8701171875,2441.75927734375,2410.353271484375,2454.093505859375,2441.195556640625,2411.752197265625,2453.871826171875,2441.75927734375,2411.232177734375,2441.4345703125,2411.752197265625,2453.871826171875,2441.759765625,2441.064208984375
115,9-Jan-13,9:30,2460.8935546875,2460.8935546875,2460.8935546875,2460.37158203125,2460.793212890625,2460.867919921875,283.5317077636719,283.8394470214844,283.9208679199219,2459.824951171875,2460.673828125,2459.654296875,2460.49267578125,2428.887451171875,2429.740478515625,2454.441650390625,2446.9609375,2428.889892578125,2454.484619140625,2446.720703125,2429.740478515625,2454.441650390625,2446.9609375,2429.5224609375,2446.786865234375,2429.73876953125,2454.441650390625,2446.9609375,2446.593994140625
116,9-Jan-13,10:00,2460.8935546875,2460.8935546875,2460.8935546875,2460.58447265625,2460.95458984375,2460.875244140625,283.70343017578125,283.9768371582031,283.954345703125,2460.51513671875,2460.87548828125,2460.48828125,2460.8525390625,2445.772216796875,2446.2138671875,2456.473876953125,2450.963623046875,2445.906494140625,2456.5361328125,2450.84814453125,2446.2138671875,2456.473876953125,2450.963623046875,2446.096435546875,2450.949951171875,2446.214111328125,2456.473876953125,2450.963623046875,2450.927734375
117,9-Jan-13,10:30,2460.8935546875,2460.8935546875,2460.8935546875,2460.578857421875,2460.950439453125,2460.863525390625,283.85137939453125,283.9725036621094,283.9448547363281,2460.5888671875,2460.876708984375,2460.56591796875,2460.853271484375,2453.325439453125,2453.34912109375,2456.234619140625,2454.3974609375,2453.442138671875,2456.181640625,2454.386962890625,2453.34912109375,2456.234619140625,2454.396484375,2453.330078125,2454.668212890625,2453.34912109375,2456.234619140625,2454.396484375,2454.942626953125
118,9-Jan-13,11:00,2460.8935546875,2460.8935546875,2460.8935546875,2462.125732421875,2461.05224609375,2460.94677734375,283.8743591308594,284.0711669921875,284.0316162109375,2461.076171875,2461.157470703125,2461.233154296875,2461.304443359375,2465.58642578125,2465.306640625,2458.035400390625,2457.24853515625,2465.728515625,2457.972412109375,2457.43408203125,2465.306640625,2458.035400390625,2457.24853515625,2465.3623046875,2457.58984375,2465.306640625,2458.035400390625,2457.24658203125,2457.938720703125
119,9-Jan-13,11:30,2460.8935546875,2460.8935546875,2460.8935546875,2460.91064453125,2461.066162109375,2461.076904296875,283.9709167480469,284.0996398925781,284.1398010253906,2461.39697265625,2461.25732421875,2461.624267578125,2461.484375,2472.388916015625,2472.20068359375,2459.022705078125,2459.264892578125,2472.81982421875,2458.9326171875,2459.518310546875,2472.200927734375,2459.022705078125,2459.264892578125,2472.22314453125,2459.760986328125,2472.200927734375,2459.022705078125,2459.264892578125,2461.59521484375
120,9-Jan-13,12:00,2460.8935546875,2460.8935546875,2460.8935546875,2460.92431640625,2461.023681640625,2461.189453125,283.9862976074219,284.23065185546875,284.22283935546875,2461.16552734375,2461.367919921875,2461.44482421875,2461.641357421875,2471.7021484375,2471.275146484375,2460.232177734375,2458.792724609375,2471.72607421875,2460.328125,2459.01953125,2471.275146484375,2460.231689453125,2458.792724609375,2471.364501953125,2459.255126953125,2471.275146484375,2460.231689453125,2460.12158203125,2459.730224609375
121,9-Jan-13,12:30,2460.8935546875,2460.8935546875,2460.8935546875,2461.00341796875,2461.1376953125,2461.182373046875,284.0534362792969,284.3216552734375,284.2318115234375,2461.370849609375,2461.526611328125,2461.748779296875,2461.8935546875,2476.436279296875,2475.820556640625,2460.6728515625,2461.275146484375,2476.37451171875,2460.694091796875,2461.677001953125,2475.820556640625,2460.6728515625,2461.275146484375,2475.96240234375,2461.6865234375,2475.820556640625,2460.6728515625,2461.275146484375,2460.78564453125
122,9-Jan-13,13:00,2460.8935546875,2460.8935546875,2460.8935546875,2461.148681640625,2461.027099609375,2461.35595703125,284.1667175292969,284.1084899902344,284.36590576171875,2461.5361328125,2461.542236328125,2461.93017578125,2463.26806640625,2488.610107421875,2487.2705078125,2460.157470703125,2465.080078125,2488.280517578125,2459.88525390625,2465.867431640625,2487.2705078125,2460.157470703125,2465.080078125,2487.59716796875,2465.6904296875,2487.2705078125,2460.157470703125,2465.080078125,2466.33642578125
123,9-Jan-13,13:30,2460.8935546875,2460.8935546875,2460.8935546875,2461.27099609375,2461.053955078125,2461.364990234375,284.260986328125,284.13818359375,284.3839111328125,2462.220947265625,2461.467041015625,2462.6025390625,2461.844482421875,2498.089111328125,2496.689208984375,2461.508544921875,2465.810546875,2498.12060546875,2461.152587890625,2466.488525390625,2496.703857421875,2461.508544921875,2465.810546875,2497.048095703125,2466.39111328125,2496.703857421875,2460.177490234375,2465.810546875,2467.009033203125
124,9-Jan-13,14:00,2460.8935546875,2460.8935546875,2460.8935546875,2461.0771484375,2460.81298828125,2461.277587890625,284.09161376953125,283.9361572265625,284.2854309082031,2461.67822265625,2461.03369140625,2461.7919921875,2461.1689453125,2481.5517578125,2480.804443359375,2457.59619140625,2460.453369140625,2481.852783203125,2458.593017578125,2460.682861328125,2480.804443359375,2457.59619140625,2460.453369140625,2480.983154296875,2460.850341796875,2482.14501953125,2457.59619140625,2460.453369140625,2461.26953125
125,9-Jan-13,14:30,2460.8935546875,2460.8935546875,2460.8935546875,2461.229248046875,2460.832763671875,2461.226318359375,284.2031555175781,283.958251953125,284.2596435546875,2461.9267578125,2461.23095703125,2462.162353515625,2461.4580078125,2487.02197265625,2486.2119140625,2459.06689453125,2460.7392578125,2487.373046875,2458.89697265625,2460.902099609375,2486.2119140625,2459.06689453125,2460.7392578125,2486.407470703125,2461.16162109375,2486.2119140625,2459.06689453125,2460.7392578125,2461.607177734375
126,9-Jan-13,15:00,2460.8935546875,2460.8935546875,2460.8935546875,2461.206298828125,2460.8173828125,2461.237060546875,284.1856994628906,283.9459228515625,284.2649230957031,2461.805419921875,2461.259765625,2462.052001953125,2461.4931640625,2483.969970703125,2483.338623046875,2458.524169921875,2461.10546875,2484.440673828125,2458.251220703125,2461.389892578125,2483.338623046875,2458.524169921875,2461.10546875,2483.48291015625,2461.55859375,2483.338623046875,2458.524169921875,2461.1064453125,2462.032470703125
127,9-Jan-13,15:30,2460.8935546875,2460.8935546875,2460.8935546875,2462.5283203125,2460.76708984375,2461.227783203125,284.1751708984375,283.90673828125,284.2536315917969,2461.163330078125,2461.198486328125,2461.34716796875,2461.373779296875,2468.6591796875,2468.6748046875,2459.21142578125,2456.18896484375,2469.11767578125,2459.201904296875,2456.23681640625,2468.6748046875,2459.21142578125,2456.18896484375,2468.651123046875,2456.495361328125,2468.6748046875,2459.21142578125,2456.187744140625,2456.802978515625
128,9-Jan-13,16:00,2460.8935546875,2460.8935546875,2460.8935546875,2460.916259765625,2460.6689453125,2460.91259765625,283.93353271484375,283.7886047363281,283.9866638183594,2460.267578125,2460.890380859375,2460.23828125,2460.85009765625,2446.502197265625,2446.96826171875,2456.469482421875,2448.759765625,2446.716796875,2456.63671875,2448.28466796875,2446.968994140625,2456.469482421875,2448.759765625,2446.843017578125,2448.788330078125,2446.968994140625,2456.46923828125,2448.759765625,2448.8076171875
129,9-Jan-13,16:30,2460.8935546875,2460.8935546875,2460.8935546875,2460.695068359375,2460.7138671875,2460.7265625,283.7574768066406,283.7925109863281,283.8325500488281,2460.185302734375,2460.721923828125,2460.0576171875,2460.59130859375,2439.2021484375,2440.40087890625,2455.171875,2447.184326171875,2440.037353515625,2455.30126953125,2446.556396484375,2440.40087890625,2455.171875,2447.184326171875,2440.07568359375,2447.19140625,2440.40087890625,2455.171875,2447.184326171875,2447.17236328125
130,9-Jan-13,17:00,2460.8935546875,2460.8935546875,2460.8935546875,2460.629638671875,2460.653076171875,2460.66796875,283.69970703125,283.89105224609375,283.77886962890625,2459.75927734375,2460.656005859375,2459.57568359375,2460.47119140625,2424.501220703125,2426.012451171875,2454.717529296875,2441.671630859375,2425.09423828125,2454.995849609375,2440.84228515625,2426.01220703125,2454.717529296875,2441.671630859375,2425.621337890625,2441.328125,2426.01220703125,2454.716796875,2441.671630859375,2440.94921875
131,9-Jan-13,17:30,2460.8935546875,2462.223388671875,2460.8935546875,2460.328125,2460.51708984375,2460.476806640625,283.4497985839844,283.7524108886719,283.60137939453125,2459.0029296875,2460.424072265625,2458.6552734375,2460.080322265625,2409.30126953125,2411.321044921875,2451.788818359375,2439.6181640625,2410.124755859375,2451.95947265625,2438.704345703125,2411.320068359375,2451.788818359375,2439.6181640625,2410.79150390625,2439.31103515625,2411.320068359375,2451.78857421875,2439.6181640625,2438.957763671875
132,9-Jan-13,18:00,2460.8935546875,2460.8935546875,2462.223388671875,2459.9931640625,2460.40185546875,2461.672607421875,283.1805725097656,283.47802734375,283.4665832519531,2458.015625,2459.981201171875,2457.375244140625,2459.342041015625,2376.739013671875,2380.109375,2449.10546875,2430.318603515625,2377.7861328125,2449.348876953125,2429.060791015625,2380.109375,2449.10546875,2430.318603515625,2377.959716796875,2429.577392578125,2378.82470703125,2449.10546875,2430.318603515625,2428.75634765625
133,9-Jan-13,18:30,2460.8935546875,2460.8935546875,2460.8935546875,2459.619873046875,2460.226806640625,2460.208740234375,282.8782653808594,283.30914306640625,283.3238220214844,2456.994140625,2459.535400390625,2456.057861328125,2459.931884765625,2340.861572265625,2344.833251953125,2446.092529296875,2421.6484375,2341.299560546875,2446.455078125,2420.192138671875,2344.833251953125,2446.094970703125,2421.6484375,2343.82861328125,2420.4638671875,2344.833251953125,2446.094970703125,2421.6484375,2419.182861328125
134,9-Jan-13,19:00,2460.8935546875,2460.8935546875,2460.8935546875,2459.459716796875,2460.23974609375,2460.1708984375,282.75653076171875,283.30438232421875,283.2841491699219,2456.685302734375,2459.47412109375,2455.70068359375,2458.49365234375,2331.291748046875,2335.139892578125,2446.055908203125,2419.049560546875,2331.122802734375,2446.60107421875,2417.530029296875,2335.139892578125,2446.055908203125,2419.049560546875,2334.184326171875,2417.693359375,2335.139892578125,2446.055908203125,2419.05078125,2416.240966796875
135,9-Jan-13,19:30,2460.8935546875,2460.8935546875,2460.8935546875,2459.405517578125,2460.306884765625,2460.185302734375,282.72198486328125,283.3520812988281,283.2957763671875,2456.82763671875,2459.519775390625,2455.875,2458.572021484375,2334.00146484375,2337.99951171875,2446.749267578125,2421.166259765625,2334.083984375,2447.269775390625,2419.775634765625,2337.99951171875,2446.749267578125,2421.167236328125,2336.995849609375,2419.917724609375,2337.99951171875,2446.749267578125,2421.167236328125,2418.570556640625
136,9-Jan-13,20:00,2460.8935546875,2460.8935546875,2460.8935546875,2460.922607421875,2460.2880859375,2460.095458984375,282.85467529296875,283.34490966796875,283.2406311035156,2457.05859375,2459.60498046875,2456.1640625,2458.7177734375,2340.4111328125,2344.3349609375,2446.442626953125,2420.840087890625,2340.71826171875,2446.96142578125,2419.233642578125,2344.3349609375,2446.442626953125,2420.840087890625,2343.348876953125,2419.625732421875,2344.3349609375,2446.442626953125,2420.839111328125,2418.316650390625
137,9-Jan-13,20:30,2460.8935546875,2460.8935546875,2460.8935546875,2459.597900390625,2460.28857421875,2460.1025390625,282.8584899902344,283.3460693359375,283.2464294433594,2457.11328125,2459.563232421875,2456.197998046875,2458.6572265625,2333.500244140625,2338.80322265625,2447.406494140625,2417.322265625,2333.49560546875,2449.42724609375,2415.689697265625,2338.80322265625,2447.406494140625,2417.322265625,2336.542236328125,2415.77392578125,2338.80322265625,2447.406494140625,2417.322265625,2414.125244140625
138,9-Jan-13,21:00,2460.8935546875,2460.8935546875,2460.8935546875,2459.572021484375,2460.278564453125,2460.083984375,282.8371276855469,283.33538818359375,283.2297668457031,2457.180908203125,2459.528564453125,2456.248779296875,2458.606201171875,2333.466552734375,2337.65576171875,2448.494384765625,2417.010498046875,2333.6787109375,2447.903076171875,2415.216552734375,2337.65576171875,2448.494384765625,2417.010498046875,2336.6123046875,2415.5302734375,2337.65576171875,2448.494384765625,2417.010498046875,2413.9462890625
139,9-Jan-13,21:30,2460.8935546875,2460.8935546875,2460.8935546875,2459.553955078125,2460.29443359375,2460.142822265625,282.8291015625,283.5035400390625,283.27410888671875,2457.039306640625,2459.506591796875,2457.416015625,2458.573974609375,2337.483154296875,2341.137939453125,2447.576416015625,2419.047607421875,2337.201416015625,2448.298583984375,2417.442626953125,2341.137939453125,2447.576416015625,2419.047607421875,2340.23291015625,2417.67724609375,2341.137939453125,2447.576416015625,2419.04736328125,2416.2158203125
140,9-Jan-13,22:00,2460.8935546875,2460.8935546875,2460.8935546875,2459.758056640625,2460.263916015625,2460.1708984375,282.98175048828125,283.34423828125,283.46148681640625,2457.27587890625,2459.64404296875,2456.4130859375,2458.785888671875,2347.19482421875,2350.84521484375,2447.51806640625,2422.01220703125,2347.338134765625,2448.07763671875,2420.51025390625,2350.84521484375,2447.51806640625,2422.009765625,2349.929931640625,2420.80078125,2350.84521484375,2447.51806640625,2422.009765625,2419.501953125
141,9-Jan-13,22:30,2460.8935546875,2460.8935546875,2462.223388671875,2459.633056640625,2460.2939453125,2461.555908203125,282.8945617675781,283.362060546875,283.3431701660156,2456.9619140625,2459.61328125,2456.06787109375,2458.708984375,2344.510986328125,2347.968017578125,2447.505859375,2423.537109375,2344.300537109375,2448.02734375,2422.27001953125,2347.968017578125,2447.505859375,2423.537109375,2347.099609375,2422.419677734375,2347.977294921875,2447.505859375,2423.537109375,2422.525146484375
142,9-Jan-13,23:00,2460.8935546875,2460.8935546875,2462.223388671875,2459.727294921875,2460.310546875,2461.52880859375,282.9641418457031,283.379150390625,283.33087158203125,2456.8779296875,2459.741455078125,2456.052490234375,2458.915283203125,2349.26513671875,2352.4052734375,2447.7978515625,2424.965087890625,2348.866455078125,2448.28857421875,2423.8251953125,2352.404296875,2447.7998046875,2424.965087890625,2351.61962890625,2423.90380859375,2352.404296875,2447.7998046875,2424.965087890625,2424.073974609375
143,9-Jan-13,23:30,2460.8935546875,2460.8935546875,2460.8935546875,2459.969482421875,2460.23193359375,2460.28759765625,283.1463317871094,283.34417724609375,283.41021728515625,2457.417236328125,2459.833251953125,2456.667236328125,2459.081787109375,2361.228271484375,2364.18994140625,2447.645751953125,2427.21923828125,2361.10009765625,2447.94921875,2427.47021484375,2364.18994140625,2447.645751953125,2427.21923828125,2363.453369140625,2426.174560546875,2364.18994140625,2447.645751953125,2427.21923828125,2425.05712890625
144,10-Jan-13,0:00,2460.8935546875,2460.8935546875,2460.8935546875,2460.052978515625,2460.304443359375,2460.25927734375,283.2121276855469,283.40283203125,283.40057373046875,2457.617919921875,2459.981201171875,2456.960205078125,2459.3251953125,2369.805419921875,2372.639892578125,2448.025390625,2429.10498046875,2369.873046875,2448.299072265625,2427.997802734375,2372.639892578125,2448.025390625,2429.10498046875,2371.93017578125,2428.204345703125,2372.64013671875,2448.025390625,2429.10498046875,2427.234375
145,10-Jan-13,0:30,2460.8935546875,2460.8935546875,2460.8935546875,2459.973388671875,2460.47509765625,2460.3154296875,283.32220458984375,283.5296325683594,283.449462890625,2457.727783203125,2460.15234375,2457.171142578125,2459.58984375,2373.40673828125,2376.38330078125,2449.73828125,2431.1474609375,2373.688232421875,2450.115478515625,2430.0927734375,2376.38330078125,2449.73828125,2431.1474609375,2375.62060546875,2430.428466796875,2376.38330078125,2449.73828125,2431.1474609375,2429.63671875
146,10-Jan-13,1:00,2460.8935546875,2460.8935546875,2460.8935546875,2461.26708984375,2460.49658203125,2460.408935546875,283.1509704589844,283.5502014160156,283.5191345214844,2458.04150390625,2460.140380859375,2457.4921875,2459.600341796875,2377.43408203125,2380.580322265625,2450.42431640625,2432.599365234375,2378.011474609375,2450.82763671875,2431.537109375,2380.580322265625,2450.42431640625,2432.599365234375,2379.77294921875,2431.980224609375,2380.57177734375,2450.42431640625,2432.599365234375,2431.28515625
147,10-Jan-13,1:30,2460.8935546875,2460.8935546875,2460.8935546875,2460.150634765625,2460.55419921875,2460.40283203125,283.314208984375,283.60870361328125,283.5348205566406,2458.476318359375,2460.1943359375,2457.97607421875,2459.68896484375,2389.980712890625,2392.3232421875,2450.768310546875,2434.510986328125,2390.077392578125,2451.0908203125,2433.6396484375,2392.3232421875,2450.76806640625,2434.510986328125,2391.728271484375,2433.822509765625,2392.3232421875,2450.76806640625,2434.5126953125,2433.077880859375
148,10-Jan-13,2:00,2460.8935546875,2460.8935546875,2460.8935546875,2460.162841796875,2460.568115234375,2460.419189453125,283.3256530761719,283.7744445800781,283.549072265625,2458.626953125,2460.19287109375,2458.132568359375,2459.689697265625,2392.402099609375,2394.744873046875,2452.3916015625,2435.098388671875,2392.587646484375,2452.7265625,2434.227294921875,2394.722900390625,2452.3916015625,2435.098388671875,2394.12890625,2434.446533203125,2394.722900390625,2451.069580078125,2435.098388671875,2433.73681640625
149,10-Jan-13,2:30,2460.8935546875,2462.223388671875,2460.8935546875,2460.20166015625,2461.891845703125,2460.320556640625,283.34686279296875,283.61212158203125,283.47698974609375,2459.991455078125,2460.1455078125,2458.1435546875,2459.629638671875,2391.73193359375,2394.38818359375,2450.6640625,2434.609375,2392.31103515625,2451.00048828125,2433.57080078125,2394.38818359375,2451.9892578125,2434.609375,2393.7060546875,2434.029296875,2394.38818359375,2451.9892578125,2434.609375,2433.3857421875
150,10-Jan-13,3:00,2460.8935546875,2460.8935546875,2462.223388671875,2460.224853515625,2460.65771484375,2461.716064453125,283.3761291503906,283.6907043457031,283.53564453125,2458.761962890625,2461.623779296875,2458.330810546875,2459.85693359375,2397.223388671875,2399.77880859375,2451.64501953125,2435.99609375,2397.7626953125,2451.986572265625,2435.094482421875,2399.77880859375,2451.64501953125,2435.99609375,2397.822265625,2435.45458984375,2398.482666015625,2451.64501953125,2435.99609375,2434.850341796875
151,10-Jan-13,3:30,2460.8935546875,2460.8935546875,2460.8935546875,2460.2841796875,2460.634521484375,2460.35888671875,283.4168395996094,283.6753845214844,283.517578125,2458.72412109375,2460.281982421875,2458.284423828125,2461.16552734375,2395.994384765625,2398.48193359375,2451.62060546875,2435.528564453125,2396.457763671875,2451.971923828125,2434.604736328125,2399.778564453125,2451.62060546875,2435.528564453125,2399.139892578125,2434.957763671875,2399.778564453125,2451.62060546875,2435.528564453125,2434.326416015625
152,10-Jan-13,4:00,2460.8935546875,2460.8935546875,2460.8935546875,2460.2705078125,2460.650390625,2460.35888671875,283.40771484375,283.6864318847656,283.51763916015625,2458.7333984375,2460.290283203125,2458.298583984375,2459.8486328125,2400.290283203125,2402.27880859375,2451.470458984375,2436.61083984375,2400.37939453125,2451.790771484375,2435.771728515625,2402.27880859375,2451.470458984375,2436.61083984375,2401.774658203125,2436.042724609375,2402.27880859375,2451.470458984375,2436.61572265625,2435.420654296875
153,10-Jan-13,4:30,2460.8935546875,2460.8935546875,2460.8935546875,2460.294677734375,2460.62939453125,2460.382568359375,283.5791931152344,283.6740417480469,283.5359191894531,2458.673095703125,2460.337646484375,2458.26220703125,2459.932861328125,2400.02880859375,2402.017333984375,2451.306884765625,2436.550537109375,2400.09912109375,2451.590087890625,2437.068115234375,2402.017333984375,2451.307373046875,2436.550537109375,2401.5166015625,2437.265625,2402.017333984375,2451.307373046875,2436.550537109375,2435.299072265625
154,10-Jan-13,5:00,2460.8935546875,2460.8935546875,2460.8935546875,2460.302490234375,2460.61328125,2460.45166015625,283.43585205078125,283.667724609375,283.5874938964844,2458.79248046875,2460.336669921875,2458.38623046875,2459.93603515625,2403.06005859375,2404.8837890625,2451.545654296875,2439.114501953125,2403.039306640625,2451.802001953125,2437.085693359375,2404.88916015625,2451.545654296875,2439.114501953125,2404.430908203125,2438.56005859375,2404.88916015625,2451.5458984375,2439.114501953125,2436.643798828125
155,10-Jan-13,5:30,2460.8935546875,2460.8935546875,2460.8935546875,2461.492431640625,2460.540771484375,2460.451904296875,283.32598876953125,283.6031188964844,283.5719299316406,2458.5537109375,2460.182861328125,2458.05029296875,2459.68505859375,2396.666259765625,2398.47705078125,2450.882568359375,2436.390625,2396.4619140625,2451.147705078125,2435.630615234375,2398.47705078125,2450.882568359375,2436.390625,2398.0205078125,2435.752197265625,2398.474365234375,2450.882568359375,2436.390625,2435.068603515625
156,10-Jan-13,6:00,2460.8935546875,2460.8935546875,2460.8935546875,2460.120361328125,2460.518310546875,2460.377685546875,283.2871398925781,283.57745361328125,283.5109558105469,2458.45947265625,2460.073974609375,2457.890869140625,2459.509765625,2394.1279296875,2396.12353515625,2450.617919921875,2436.048095703125,2394.11181640625,2450.8935546875,2435.20751953125,2396.12353515625,2450.617919921875,2436.048095703125,2395.620849609375,2435.447998046875,2396.12353515625,2450.619384765625,2436.048095703125,2434.799560546875
157,10-Jan-13,6:30,2460.8935546875,2462.223388671875,2460.8935546875,2460.095947265625,2461.804931640625,2460.3603515625,283.26422119140625,283.5419616699219,283.49273681640625,2459.745849609375,2459.95263671875,2457.7783203125,2459.311279296875,2385.8505859375,2387.94287109375,2451.710693359375,2432.5341796875,2385.572265625,2452.09716796875,2431.540771484375,2387.94287109375,2451.710693359375,2432.5341796875,2387.42578125,2431.68212890625,2387.91943359375,2451.710693359375,2432.5341796875,2430.777587890625
158,10-Jan-13,7:00,2460.8935546875,2462.223388671875,2460.8935546875,2460.051513671875,2461.77197265625,2460.372802734375,283.2296142578125,283.51507568359375,283.4964294433594,2458.291259765625,2460.016357421875,2459.0107421875,2459.4140625,2383.060546875,2385.196533203125,2450.14794921875,2432.055908203125,2382.719482421875,2450.513671875,2431.15771484375,2385.221923828125,2450.14794921875,2432.055908203125,2384.697265625,2431.134033203125,2385.221923828125,2451.472900390625,2432.055908203125,2430.158935546875
159,10-Jan-13,7:30,2460.8935546875,2460.8935546875,2460.8935546875,2460.1103515625,2460.45751953125,2460.342041015625,283.2723693847656,283.52838134765625,283.63189697265625,2458.257568359375,2460.043701171875,2457.6630859375,2459.4423828125,2382.359619140625,2384.74658203125,2450.15185546875,2430.697509765625,2382.214111328125,2450.559814453125,2429.660888671875,2384.74658203125,2450.15185546875,2430.697021484375,2384.156982421875,2429.7568359375,2384.74658203125,2450.15185546875,2430.697021484375,2428.75732421875
160,10-Jan-13,8:00,2460.8935546875,2460.8935546875,2460.8935546875,2460.177978515625,2460.4775390625,2460.467529296875,283.3337097167969,283.5577087402344,283.5802001953125,2458.5205078125,2461.52001953125,2458.020263671875,2461.016357421875,2390.94091796875,2392.99560546875,2450.342529296875,2434.29150390625,2390.80419921875,2450.576416015625,2433.509765625,2394.2880859375,2450.342529296875,2434.29150390625,2393.779541015625,2433.4794921875,2394.2880859375,2450.34228515625,2434.29150390625,2432.61669921875
161,10-Jan-13,8:30,2460.8935546875,2460.8935546875,2460.8935546875,2460.273681640625,2460.541748046875,2460.513916015625,283.4136657714844,283.61639404296875,283.6271667480469,2459.09326171875,2460.24267578125,2458.6474609375,2459.794677734375,2399.536865234375,2401.205810546875,2451.407958984375,2436.43115234375,2399.2724609375,2451.67138671875,2434.3583984375,2401.205810546875,2451.407958984375,2435.115234375,2400.80908203125,2434.19873046875,2402.503173828125,2451.407958984375,2435.115234375,2433.24072265625
162,10-Jan-13,9:00,2460.8935546875,2460.8935546875,2460.8935546875,2460.31298828125,2460.56591796875,2460.50830078125,283.5976257324219,283.63714599609375,283.6276550292969,2459.20654296875,2460.252197265625,2458.771240234375,2459.822021484375,2403.60595703125,2405.395751953125,2451.2666015625,2437.47802734375,2403.76318359375,2451.418212890625,2436.7587890625,2405.395751953125,2451.26513671875,2437.47802734375,2404.949462890625,2436.809326171875,2405.395751953125,2451.26513671875,2438.795166015625,2436.09765625
163,10-Jan-13,9:30,2460.8935546875,2460.8935546875,2460.8935546875,2460.150634765625,2460.578125,2460.660888671875,283.33514404296875,283.64605712890625,283.73187255859375,2458.984619140625,2460.218017578125,2458.520263671875,2459.7470703125,2401.06103515625,2402.727783203125,2452.049072265625,2439.857666015625,2400.8955078125,2452.247802734375,2439.291748046875,2402.7275390625,2452.049072265625,2439.857666015625,2402.31396484375,2439.2587890625,2402.7275390625,2452.049072265625,2439.857666015625,2437.302490234375
164,10-Jan-13,10:00,2462.223388671875,2460.8935546875,2460.8935546875,2461.546875,2460.719970703125,2460.738525390625,283.4013366699219,283.763427734375,283.8061218261719,2459.195068359375,2460.45654296875,2458.874267578125,2460.139404296875,2412.456787109375,2413.5595703125,2453.195556640625,2442.65966796875,2412.062255859375,2453.34716796875,2442.32861328125,2413.5595703125,2453.195556640625,2442.65966796875,2413.28857421875,2442.2548828125,2413.5595703125,2453.195556640625,2442.65966796875,2441.82373046875
165,10-Jan-13,10:30,2462.223388671875,2460.8935546875,2460.8935546875,2461.735107421875,2460.833251953125,2460.78662109375,283.5540771484375,283.8660583496094,283.864990234375,2459.73193359375,2460.669677734375,2459.5546875,2460.47998046875,2431.1982421875,2430.446533203125,2454.952392578125,2446.86083984375,2429.568359375,2455.095947265625,2447.94580078125,2430.446533203125,2454.952392578125,2446.86083984375,2430.30517578125,2446.6376953125,2430.446533203125,2454.952392578125,2446.86083984375,2446.402099609375
166,10-Jan-13,11:00,2460.8935546875,2462.223388671875,2460.8935546875,2460.6552734375,2460.67626953125,2460.63818359375,283.71844482421875,283.90802001953125,283.7599182128906,2459.67919921875,2460.577392578125,2459.447509765625,2460.336181640625,2429.2197265625,2429.876708984375,2454.111083984375,2444.047607421875,2429.073974609375,2454.2607421875,2443.558837890625,2429.876708984375,2454.111083984375,2444.047607421875,2429.7236328125,2443.674560546875,2429.876708984375,2454.110595703125,2444.047607421875,2443.28662109375
167,10-Jan-13,11:30,2460.8935546875,2460.8935546875,2460.8935546875,2460.803955078125,2460.758056640625,2460.7333984375,283.8427734375,283.9876708984375,283.8492126464844,2459.933349609375,2460.80419921875,2459.8408203125,2460.720947265625,2435.70849609375,2436.49072265625,2455.197509765625,2446.2373046875,2435.80712890625,2455.306396484375,2445.9150390625,2436.49072265625,2455.197509765625,2446.2373046875,2436.29248046875,2446.000244140625,2436.49072265625,2455.197509765625,2446.2373046875,2445.745361328125
168,10-Jan-13,12:00,2460.8935546875,2460.8935546875,2462.223388671875,2460.839599609375,2460.6494140625,2460.759521484375,283.8633728027344,283.7569274902344,284.01702880859375,2460.31640625,2460.681884765625,2460.171875,2460.537841796875,2440.997802734375,2441.917724609375,2454.05859375,2448.060546875,2441.634765625,2455.269287109375,2447.731201171875,2441.917724609375,2455.384765625,2448.060546875,2441.6796875,2447.938720703125,2441.917724609375,2455.384765625,2448.060546875,2447.797607421875
169,10-Jan-13,12:30,2460.8935546875,2460.8935546875,2462.223388671875,2461.039794921875,2460.746337890625,2460.706298828125,284.0164489746094,283.8403625488281,283.84564208984375,2460.93798828125,2462.14111328125,2460.893798828125,2460.7705078125,2455.701416015625,2456.424072265625,2454.816162109375,2451.16357421875,2456.725830078125,2454.622802734375,2450.863037109375,2456.424072265625,2454.816162109375,2451.16357421875,2456.223876953125,2451.212890625,2456.424072265625,2454.816162109375,2451.16357421875,2451.248291015625
170,10-Jan-13,13:00,2460.8935546875,2460.8935546875,2460.8935546875,2460.9462890625,2460.6845703125,2460.868408203125,283.9538879394531,283.7994079589844,283.9566955566406,2460.829833984375,2460.765869140625,2460.755126953125,2460.680419921875,2450.159423828125,2450.4306640625,2454.3876953125,2450.332763671875,2450.35205078125,2454.154052734375,2450.297119140625,2450.4306640625,2454.3876953125,2450.33203125,2450.369140625,2450.132568359375,2450.4306640625,2454.3876953125,2450.33203125,2449.9287109375
171,10-Jan-13,13:30,2460.8935546875,2460.8935546875,2460.8935546875,2460.9072265625,2460.643798828125,2460.79931640625,283.9165954589844,283.76055908203125,283.8984069824219,2460.651611328125,2460.70654296875,2460.53564453125,2460.59228515625,2444.856201171875,2445.411865234375,2454.049560546875,2448.224609375,2445.174560546875,2453.901123046875,2448.001220703125,2445.412353515625,2454.049560546875,2448.224609375,2445.277099609375,2447.9677734375,2445.412353515625,2454.050048828125,2448.224609375,2447.69970703125
172,10-Jan-13,14:00,2460.8935546875,2460.8935546875,2460.8935546875,2460.74755859375,2460.6572265625,2460.834716796875,283.8006286621094,283.76190185546875,283.9140930175781,2460.507568359375,2460.629150390625,2460.341796875,2460.4638671875,2442.783203125,2443.115234375,2453.786376953125,2448.466064453125,2442.776123046875,2453.63330078125,2448.30859375,2443.115234375,2453.786376953125,2448.466064453125,2443.0390625,2448.19384765625,2443.115234375,2453.786376953125,2448.466064453125,2447.9150390625
173,10-Jan-13,14:30,2462.223388671875,2460.8935546875,2460.8935546875,2462.200927734375,2460.729248046875,2460.732177734375,283.89080810546875,283.8173522949219,283.8511962890625,2460.7939453125,2460.75244140625,2460.710205078125,2460.660888671875,2453.596923828125,2454.132568359375,2454.669921875,2451.159423828125,2454.324462890625,2454.52783203125,2450.871826171875,2454.130859375,2454.669921875,2451.159423828125,2453.98486328125,2451.18115234375,2454.130859375,2454.669921875,2451.159423828125,2451.193359375
174,10-Jan-13,15:00,2460.8935546875,2460.8935546875,2460.8935546875,2460.93212890625,2460.75537109375,2460.712890625,283.93695068359375,283.8399353027344,283.8431091308594,2460.929443359375,2460.78173828125,2460.8681640625,2460.704833984375,2453.5888671875,2454.335693359375,2455.31689453125,2451.6767578125,2454.5166015625,2455.19091796875,2452.770751953125,2454.335693359375,2455.31689453125,2453.001708984375,2454.13134765625,2453.0634765625,2454.335693359375,2455.31689453125,2453.001708984375,2451.7861328125
175,10-Jan-13,15:30,2460.8935546875,2462.223388671875,2460.8935546875,2460.9931640625,2462.09912109375,2460.7470703125,283.9862365722656,284.0108337402344,283.8745422363281,2460.924072265625,2460.791015625,2460.86767578125,2460.72314453125,2454.71142578125,2455.53271484375,2455.753662109375,2451.771728515625,2455.654541015625,2455.621826171875,2451.60986328125,2455.53271484375,2455.753662109375,2451.771728515625,2453.98583984375,2451.811279296875,2454.20654296875,2455.753662109375,2451.771728515625,2451.8349609375
176,10-Jan-13,16:00,2460.8935546875,2460.8935546875,2460.8935546875,2460.90283203125,2460.65966796875,2462.075927734375,283.91046142578125,283.7681884765625,283.8590393066406,2460.612548828125,2460.640380859375,2460.457763671875,2460.494384765625,2449.44580078125,2450.04296875,2455.752197265625,2450.36083984375,2450.04150390625,2455.61865234375,2450.0791015625,2450.041748046875,2455.752197265625,2450.36083984375,2449.880615234375,2450.35986328125,2450.041748046875,2455.752197265625,2450.36083984375,2450.347412109375
177,10-Jan-13,16:30,2460.8935546875,2460.8935546875,2462.223388671875,2460.763916015625,2460.76513671875,2460.683349609375,283.80975341796875,283.83294677734375,283.9621887207031,2460.372802734375,2460.6474609375,2460.211181640625,2460.48095703125,2443.5302734375,2444.3349609375,2456.552490234375,2448.650634765625,2444.060546875,2455.283203125,2448.268310546875,2444.3349609375,2455.225341796875,2448.650634765625,2444.123291015625,2448.63330078125,2444.3349609375,2455.225341796875,2448.650634765625,2448.59912109375
178,10-Jan-13,17:00,2460.8935546875,2460.8935546875,2460.8935546875,2460.710693359375,2460.64990234375,2460.6318359375,283.7574768066406,283.7384033203125,283.9107971191406,2460.239013671875,2460.52978515625,2460.00537109375,2460.30029296875,2435.525634765625,2436.593017578125,2453.474853515625,2445.180419921875,2436.100830078125,2453.4736328125,2444.62353515625,2436.593017578125,2453.474853515625,2445.180419921875,2436.324951171875,2444.893798828125,2436.593017578125,2453.474853515625,2445.180419921875,2444.583740234375
179,10-Jan-13,17:30,2460.8935546875,2460.8935546875,2460.8935546875,2460.547119140625,2460.395263671875,2460.436279296875,283.6016540527344,283.520263671875,283.5782775878906,2458.930419921875,2460.250732421875,2458.48193359375,2459.797119140625,2406.745849609375,2408.380615234375,2450.5166015625,2438.56494140625,2406.99853515625,2450.58349609375,2437.827392578125,2408.380615234375,2450.5166015625,2438.56494140625,2407.98291015625,2438.085205078125,2408.395751953125,2450.5166015625,2438.56494140625,2437.567138671875
180,10-Jan-13,18:00,2460.8935546875,2460.8935546875,2460.8935546875,2460.089599609375,2460.4599609375,2460.2041015625,283.2467956542969,283.5184020996094,283.3729248046875,2457.871337890625,2460.02734375,2457.251953125,2459.41650390625,2374.326904296875,2377.16796875,2449.681640625,2431.48046875,2374.6396484375,2450.037353515625,2429.089111328125,2377.16796875,2449.681640625,2431.48046875,2376.447021484375,2430.678955078125,2377.170654296875,2449.681640625,2431.48095703125,2428.496337890625
181,10-Jan-13,18:30,2460.8935546875,2460.8935546875,2460.8935546875,2459.999755859375,2460.384033203125,2460.08984375,283.3185119628906,283.4461364746094,283.2742004394531,2457.796142578125,2459.8681640625,2457.082275390625,2459.1611328125,2365.955078125,2369.12353515625,2448.17724609375,2425.60400390625,2366.39404296875,2448.6025390625,2424.17041015625,2369.12353515625,2448.17724609375,2425.60400390625,2368.332763671875,2424.54150390625,2369.12353515625,2448.17724609375,2425.60400390625,2423.40234375
182,10-Jan-13,19:00,2460.8935546875,2460.8935546875,2460.8935546875,2459.971923828125,2460.351318359375,2459.997314453125,283.1354064941406,283.41259765625,283.19970703125,2457.630126953125,2459.798583984375,2456.869873046875,2459.030517578125,2358.85693359375,2362.481689453125,2447.7353515625,2423.91650390625,2359.574462890625,2448.19091796875,2422.379150390625,2362.481689453125,2447.7353515625,2423.91650390625,2361.5654296875,2422.829833984375,2362.481689453125,2447.7353515625,2423.91650390625,2421.6552734375
183,10-Jan-13,19:30,2462.223388671875,2460.8935546875,2460.8935546875,2460.99755859375,2460.274658203125,2460.086181640625,282.9090576171875,283.33941650390625,283.23822021484375,2457.24755859375,2459.596435546875,2456.356689453125,2458.705078125,2347.730224609375,2351.210693359375,2446.34130859375,2423.124267578125,2347.848876953125,2446.72607421875,2421.760498046875,2351.23291015625,2446.34130859375,2423.124267578125,2350.36328125,2421.940673828125,2351.23291015625,2446.34130859375,2423.124267578125,2420.67236328125
184,10-Jan-13,20:00,2460.8935546875,2460.8935546875,2460.8935546875,2459.47021484375,2460.321044921875,2460.146484375,282.7686462402344,283.3645935058594,283.2723693847656,2456.9912109375,2459.516845703125,2456.04443359375,2458.569091796875,2340.67333984375,2344.14208984375,2446.553955078125,2421.003173828125,2340.346923828125,2448.384033203125,2419.64013671875,2344.14208984375,2446.553955078125,2421.003173828125,2343.28466796875,2419.660400390625,2344.14208984375,2446.553955078125,2421.003173828125,2418.231201171875
185,10-Jan-13,20:30,2460.8935546875,2460.8935546875,2460.8935546875,2459.396728515625,2460.2255859375,2460.15283203125,282.70709228515625,283.4409484863281,283.2646789550781,2456.68701171875,2459.4462890625,2455.68701171875,2458.437744140625,2327.021484375,2331.259521484375,2446.814208984375,2418.18603515625,2327.085693359375,2447.512939453125,2416.551025390625,2331.259521484375,2446.814208984375,2418.185791015625,2330.19189453125,2416.868408203125,2331.259521484375,2446.814208984375,2418.185791015625,2415.446044921875
186,10-Jan-13,21:00,2460.8935546875,2460.8935546875,2460.8935546875,2459.465576171875,2460.261474609375,2460.060546875,282.75433349609375,283.3128662109375,283.2027282714844,2456.67138671875,2459.446533203125,2455.671142578125,2458.4423828125,2329.75732421875,2333.622802734375,2446.96728515625,2417.60693359375,2329.484619140625,2447.740478515625,2415.90087890625,2333.622802734375,2446.96728515625,2417.60693359375,2332.659912109375,2416.218505859375,2333.623779296875,2446.96728515625,2417.60693359375,2414.7333984375
187,10-Jan-13,21:30,2460.8935546875,2460.8935546875,2460.8935546875,2459.564208984375,2460.2255859375,2460.0390625,282.82403564453125,283.2913513183594,283.34429931640625,2456.78515625,2459.488525390625,2455.8134765625,2458.52978515625,2335.738525390625,2339.4150390625,2446.20751953125,2420.25146484375,2335.532470703125,2446.82470703125,2417.32958984375,2339.4150390625,2446.20751953125,2420.25146484375,2338.50341796875,2417.616455078125,2339.4150390625,2446.20751953125,2418.950927734375,2417.496337890625
188,10-Jan-13,22:00,2460.8935546875,2460.8935546875,2462.223388671875,2459.6611328125,2460.30224609375,2461.540283203125,282.91497802734375,283.369140625,283.3340759277344,2457.077880859375,2459.63037109375,2456.19873046875,2458.755859375,2345.421142578125,2348.517822265625,2446.86328125,2422.926513671875,2344.81982421875,2447.391357421875,2420.248779296875,2348.52734375,2446.86328125,2422.926513671875,2347.76904296875,2420.280029296875,2348.52734375,2446.86328125,2422.926513671875,2418.8642578125
189,10-Jan-13,22:30,2460.8935546875,2460.8935546875,2460.8935546875,2459.672607421875,2460.26708984375,2460.15625,282.9168701171875,283.3393249511719,283.29107666015625,2457.066162109375,2460.93359375,2456.171875,2460.0322265625,2346.718505859375,2349.977783203125,2446.289306640625,2422.04541015625,2346.409912109375,2446.730224609375,2421.922119140625,2349.977783203125,2446.289306640625,2422.04541015625,2349.173828125,2420.7880859375,2349.977783203125,2446.289306640625,2422.04541015625,2419.44970703125
190,10-Jan-13,23:00,2460.8935546875,2460.8935546875,2460.8935546875,2459.705322265625,2460.33642578125,2460.25,282.95343017578125,283.4009094238281,283.3696594238281,2456.9638671875,2459.735107421875,2456.138427734375,2458.9189453125,2346.49755859375,2349.507568359375,2447.619873046875,2422.90380859375,2345.763916015625,2448.113525390625,2423.057861328125,2349.507568359375,2447.619873046875,2422.90380859375,2348.7685546875,2421.58544921875,2349.5078125,2447.619873046875,2422.90380859375,2420.19091796875
191,10-Jan-13,23:30,2460.8935546875,2460.8935546875,2460.8935546875,2459.91650390625,2460.232177734375,2460.308349609375,283.1081237792969,283.3420715332031,283.42193603515625,2457.359375,2459.768798828125,2456.57080078125,2458.978759765625,2361.39794921875,2364.48388671875,2447.000732421875,2429.66943359375,2361.50244140625,2447.2021484375,2428.586669921875,2364.48388671875,2447.000732421875,2429.66943359375,2363.701904296875,2428.778564453125,2364.484130859375,2447.000732421875,2429.66943359375,2426.501220703125
192,11-Jan-13,0:00,2460.8935546875,2460.8935546875,2460.8935546875,2460.0107421875,2460.29541015625,2460.354736328125,283.1867980957031,283.3999938964844,283.46875,2457.7802734375,2459.91455078125,2457.092041015625,2459.227783203125,2371.76806640625,2374.418701171875,2447.841064453125,2429.66943359375,2371.714599609375,2448.055419921875,2428.644775390625,2374.418701171875,2447.841064453125,2429.669921875,2373.757568359375,2428.753173828125,2374.418701171875,2447.841064453125,2429.669921875,2427.771484375
193,11-Jan-13,0:30,2460.8935546875,2460.8935546875,2460.8935546875,2459.917724609375,2460.5244140625,2460.3720703125,283.1354064941406,283.5669860839844,283.4917297363281,2458.004150390625,2460.11572265625,2457.43896484375,2459.548828125,2377.310302734375,2380.109375,2449.97412109375,2432.036865234375,2377.520751953125,2450.320556640625,2431.074462890625,2380.109375,2449.97412109375,2432.03662109375,2379.400634765625,2431.28759765625,2380.109375,2449.97412109375,2432.03662109375,2430.470458984375
194,11-Jan-13,1:00,2460.8935546875,2460.8935546875,2460.8935546875,2459.905029296875,2460.555419921875,2460.353759765625,283.1268310546875,283.5881042480469,283.4793701171875,2458.17578125,2460.105712890625,2457.612548828125,2459.554443359375,2380.2880859375,2383.0361328125,2450.257080078125,2432.309814453125,2380.551025390625,2450.6552734375,2431.271484375,2383.0361328125,2450.257080078125,2432.309814453125,2382.33642578125,2431.606201171875,2383.0361328125,2450.257080078125,2432.309814453125,2430.835205078125
195,11-Jan-13,1:30,2460.8935546875,2462.223388671875,2460.8935546875,2459.995849609375,2460.60302734375,2460.400634765625,283.2018737792969,283.7872009277344,283.5250244140625,2458.52294921875,2460.168212890625,2458.01025390625,2459.643310546875,2388.917236328125,2391.306640625,2452.19384765625,2434.31298828125,2389.02783203125,2451.214599609375,2433.432373046875,2391.28369140625,2452.19384765625,2434.31298828125,2390.677978515625,2433.6123046875,2391.28369140625,2450.869873046875,2434.31298828125,2432.8525390625
196,11-Jan-13,2:00,2460.8935546875,2460.8935546875,2460.8935546875,2460.0869140625,2460.591552734375,2460.38330078125,283.26788330078125,283.6306457519531,283.5180358886719,2458.697998046875,2460.20751953125,2458.21484375,2459.7373046875,2393.641357421875,2396.06689453125,2451.176025390625,2435.072021484375,2393.98828125,2451.530029296875,2434.144775390625,2396.06689453125,2451.17626953125,2435.072021484375,2395.451416015625,2434.4453125,2396.06689453125,2451.17626953125,2435.077392578125,2433.75390625
197,11-Jan-13,2:30,2460.8935546875,2460.8935546875,2460.8935546875,2460.24365234375,2460.624267578125,2460.35693359375,283.3855285644531,283.6647033691406,283.5123291015625,2458.97998046875,2460.26171875,2458.539794921875,2459.816162109375,2395.333251953125,2398.223388671875,2451.6240234375,2434.746337890625,2396.235107421875,2452.0068359375,2433.67822265625,2398.224853515625,2451.6240234375,2434.745849609375,2398.77587890625,2434.175048828125,2399.52099609375,2451.624267578125,2434.745849609375,2433.533935546875
198,11-Jan-13,3:00,2460.8935546875,2460.8935546875,2460.8935546875,2460.252197265625,2460.6259765625,2460.369140625,283.39312744140625,283.66754150390625,283.52227783203125,2458.96337890625,2460.26513671875,2458.524658203125,2459.81982421875,2397.074951171875,2399.81005859375,2451.797607421875,2435.35302734375,2397.8564453125,2452.15576171875,2434.36962890625,2399.809326171875,2451.7958984375,2435.35302734375,2399.104736328125,2434.78369140625,2399.80859375,2451.7958984375,2435.353515625,2434.136474609375
199,11-Jan-13,3:30,0.0,0.0,0.0,0.0,0.0,0.0,0.0,0.0,0.0,0.0,0.0,0.0,0.0,0.0,0.0,0.0,0.0,0.0,0.0,0.0,0.0,0.0,0.0,0.0,0.0,0.0,0.0,0.0,0.0
200,11-Jan-13,4:00,0.0,0.0,0.0,0.0,0.0,0.0,0.0,0.0,0.0,0.0,0.0,0.0,0.0,0.0,0.0,0.0,0.0,0.0,0.0,0.0,0.0,0.0,0.0,0.0,0.0,0.0,0.0,0.0,0.0
201,11-Jan-13,4:30,0.0,0.0,0.0,0.0,0.0,0.0,0.0,0.0,0.0,0.0,0.0,0.0,0.0,0.0,0.0,0.0,0.0,0.0,0.0,0.0,0.0,0.0,0.0,0.0,0.0,0.0,0.0,0.0,0.0
202,11-Jan-13,5:00,0.0,0.0,0.0,0.0,0.0,0.0,0.0,0.0,0.0,0.0,0.0,0.0,0.0,0.0,0.0,0.0,0.0,0.0,0.0,0.0,0.0,0.0,0.0,0.0,0.0,0.0,0.0,0.0,0.0
203,11-Jan-13,5:30,0.0,0.0,0.0,0.0,0.0,0.0,0.0,0.0,0.0,0.0,0.0,0.0,0.0,0.0,0.0,0.0,0.0,0.0,0.0,0.0,0.0,0.0,0.0,0.0,0.0,0.0,0.0,0.0,0.0
204,11-Jan-13,6:00,0.0,0.0,0.0,0.0,0.0,0.0,0.0,0.0,0.0,0.0,0.0,0.0,0.0,0.0,0.0,0.0,0.0,0.0,0.0,0.0,0.0,0.0,0.0,0.0,0.0,0.0,0.0,0.0,0.0
205,11-Jan-13,6:30,0.0,0.0,0.0,0.0,0.0,0.0,0.0,0.0,0.0,0.0,0.0,0.0,0.0,0.0,0.0,0.0,0.0,0.0,0.0,0.0,0.0,0.0,0.0,0.0,0.0,0.0,0.0,0.0,0.0
206,11-Jan-13,7:00,0.0,0.0,0.0,0.0,0.0,0.0,0.0,0.0,0.0,0.0,0.0,0.0,0.0,0.0,0.0,0.0,0.0,0.0,0.0,0.0,0.0,0.0,0.0,0.0,0.0,0.0,0.0,0.0,0.0
207,11-Jan-13,7:30,0.0,0.0,0.0,0.0,0.0,0.0,0.0,0.0,0.0,0.0,0.0,0.0,0.0,0.0,0.0,0.0,0.0,0.0,0.0,0.0,0.0,0.0,0.0,0.0,0.0,0.0,0.0,0.0,0.0
208,11-Jan-13,8:00,0.0,0.0,0.0,0.0,0.0,0.0,0.0,0.0,0.0,0.0,0.0,0.0,0.0,0.0,0.0,0.0,0.0,0.0,0.0,0.0,0.0,0.0,0.0,0.0,0.0,0.0,0.0,0.0,0.0
209,11-Jan-13,8:30,0.0,0.0,0.0,0.0,0.0,0.0,0.0,0.0,0.0,0.0,0.0,0.0,0.0,0.0,0.0,0.0,0.0,0.0,0.0,0.0,0.0,0.0,0.0,0.0,0.0,0.0,0.0,0.0,0.0
210,11-Jan-13,9:00,0.0,0.0,0.0,0.0,0.0,0.0,0.0,0.0,0.0,0.0,0.0,0.0,0.0,0.0,0.0,0.0,0.0,0.0,0.0,0.0,0.0,0.0,0.0,0.0,0.0,0.0,0.0,0.0,0.0
211,11-Jan-13,9:30,0.0,0.0,0.0,0.0,0.0,0.0,0.0,0.0,0.0,0.0,0.0,0.0,0.0,0.0,0.0,0.0,0.0,0.0,0.0,0.0,0.0,0.0,0.0,0.0,0.0,0.0,0.0,0.0,0.0
212,11-Jan-13,10:00,2460.8935546875,2460.8935546875,2460.8935546875,2461.17626953125,2461.13232421875,2460.99560546875,284.16851806640625,284.16253662109375,284.2567138671875,2463.594482421875,2461.266845703125,2463.866943359375,2461.541259765625,2490.329833984375,2489.574951171875,2460.305419921875,2462.60888671875,2490.886962890625,2460.186279296875,2462.901611328125,2489.574951171875,2460.3046875,2462.609130859375,2489.743896484375,,,,,
213,11-Jan-13,10:30,,,,,,2460.99560546875,284.1684875488281,244.6106719970703,284.2567443847656,2118.8505859375,2461.266845703125,2119.10498046875,2461.53564453125,2490.329345703125,2489.574951171875,2116.867919921875,2462.609130859375,2490.88671875,2116.807861328125,2462.901611328125,2489.574951171875,2116.867919921875,2462.609130859375,2489.74609375,2463.1416015625,2489.574951171875,2116.867919921875,2462.609130859375,2463.69677734375
214,11-Jan-13,11:00,2460.8935546875,2117.635986328125,2460.8935546875,2461.17626953125,2117.767822265625,2460.99560546875,284.1684875488281,244.6106719970703,284.2567443847656,2118.8505859375,2461.266845703125,2119.10498046875,2461.53564453125,2490.329345703125,2489.574951171875,2116.867919921875,2462.609130859375,2490.88671875,2116.807861328125,2462.901611328125,2489.574951171875,2116.867919921875,2462.609130859375,2489.74609375,2463.1416015625,2489.574951171875,2116.867919921875,2462.609130859375,2463.69677734375
215,11-Jan-13,11:30,2460.8935546875,2117.635986328125,2460.8935546875,2461.17626953125,2117.767822265625,2460.99560546875,284.1684875488281,244.6106719970703,284.2567443847656,2118.8505859375,2461.266845703125,2119.10498046875,2461.53564453125,2490.329345703125,2489.574951171875,2116.867919921875,2462.609130859375,2490.88671875,2116.807861328125,2462.901611328125,2489.574951171875,2116.867919921875,2462.609130859375,2489.74609375,2463.1416015625,2489.574951171875,2116.867919921875,2462.609130859375,2463.69677734375
216,11-Jan-13,12:00,2460.8935546875,2117.635986328125,2460.8935546875,2461.17626953125,2117.767822265625,2460.99560546875,284.1684875488281,244.6106719970703,284.2567443847656,2118.8505859375,2461.266845703125,2119.10498046875,2461.53564453125,2490.329345703125,2489.574951171875,2116.867919921875,2462.609130859375,2490.88671875,2116.807861328125,2462.901611328125,2489.574951171875,2116.867919921875,2462.609130859375,2489.74609375,2463.1416015625,2489.574951171875,2116.867919921875,2462.609130859375,2463.69677734375
217,11-Jan-13,12:30,2460.8935546875,2117.635986328125,2460.8935546875,2461.17626953125,2117.767822265625,2460.99560546875,284.1684875488281,244.6106719970703,284.2567443847656,2118.8505859375,2461.266845703125,2119.10498046875,2461.53564453125,2490.329345703125,2489.574951171875,2116.867919921875,2462.609130859375,2490.88671875,2116.807861328125,2462.901611328125,2489.574951171875,2116.867919921875,2462.609130859375,2489.74609375,2463.1416015625,2489.574951171875,2116.867919921875,2462.609130859375,2463.69677734375
218,11-Jan-13,13:00,2460.8935546875,2117.635986328125,2460.8935546875,2461.17626953125,2117.767822265625,2460.99560546875,284.1684875488281,244.6106719970703,284.2567443847656,2118.8505859375,2461.266845703125,2119.10498046875,2461.53564453125,2490.329345703125,2489.574951171875,2116.867919921875,2462.609130859375,2490.88671875,2116.807861328125,2462.901611328125,2489.574951171875,2116.867919921875,2462.609130859375,2489.74609375,2463.1416015625,2489.574951171875,2116.867919921875,2462.609130859375,2463.69677734375
219,11-Jan-13,13:30,2460.8935546875,2117.635986328125,2460.8935546875,2461.17626953125,2117.767822265625,2460.99560546875,284.1684875488281,244.6106719970703,284.2567443847656,2118.8505859375,2461.266845703125,2119.10498046875,2461.53564453125,2490.329345703125,2489.574951171875,2116.867919921875,2462.609130859375,2490.88671875,2116.807861328125,2462.901611328125,2489.574951171875,2116.867919921875,2462.609130859375,2489.74609375,2463.1416015625,2489.574951171875,2116.867919921875,2462.609130859375,2463.69677734375
220,11-Jan-13,14:00,2460.8935546875,2117.635986328125,2460.8935546875,2461.17626953125,2117.767822265625,2460.99560546875,284.1684875488281,244.6106719970703,284.2567443847656,2118.8505859375,2461.266845703125,2119.10498046875,2461.53564453125,2490.329345703125,2489.574951171875,2116.867919921875,2462.609130859375,2490.88671875,2116.807861328125,2462.901611328125,2489.574951171875,2116.867919921875,2462.609130859375,2489.74609375,2463.1416015625,2489.574951171875,2116.867919921875,2462.609130859375,2463.69677734375
221,11-Jan-13,14:30,2460.8935546875,2117.635986328125,2460.8935546875,2461.17626953125,2117.767822265625,2460.99560546875,284.1684875488281,244.6106719970703,284.2567443847656,2118.8505859375,2461.266845703125,2119.10498046875,2461.53564453125,2490.329345703125,2489.574951171875,2116.867919921875,2462.609130859375,2490.88671875,2116.807861328125,2462.901611328125,2489.574951171875,2116.867919921875,2462.609130859375,2489.74609375,2463.1416015625,2489.574951171875,2116.867919921875,2462.609130859375,2463.69677734375
222,11-Jan-13,15:00,2460.8935546875,2117.635986328125,2460.8935546875,2461.17626953125,2117.767822265625,2460.99560546875,284.1684875488281,244.6106719970703,284.2567443847656,2118.8505859375,2461.266845703125,2119.10498046875,2461.53564453125,2490.329345703125,2489.574951171875,2116.867919921875,2462.609130859375,2490.88671875,2116.807861328125,2462.901611328125,2489.574951171875,2116.867919921875,2462.609130859375,2489.74609375,2463.1416015625,2489.574951171875,2116.867919921875,2462.609130859375,2463.69677734375
223,11-Jan-13,15:30,2460.8935546875,2117.635986328125,2460.8935546875,2461.17626953125,2117.767822265625,2460.99560546875,284.1684875488281,244.6106719970703,284.2567443847656,2118.8505859375,2461.266845703125,2119.10498046875,2461.53564453125,2490.329345703125,2489.574951171875,2116.867919921875,2462.609130859375,2490.88671875,2116.807861328125,2462.901611328125,2489.574951171875,2116.867919921875,2462.609130859375,2489.74609375,2463.1416015625,2489.574951171875,2116.867919921875,2462.609130859375,2463.69677734375
224,11-Jan-13,16:00,2460.8935546875,2117.635986328125,2460.8935546875,2461.17626953125,2117.767822265625,2460.99560546875,284.1684875488281,244.6106719970703,284.2567443847656,2118.8505859375,2461.266845703125,2119.10498046875,2461.53564453125,2490.329345703125,2489.574951171875,2116.867919921875,2462.609130859375,2490.88671875,2116.807861328125,2462.901611328125,2489.574951171875,2116.867919921875,2462.609130859375,2489.74609375,2463.1416015625,2489.574951171875,2116.867919921875,2462.609130859375,2463.69677734375
225,11-Jan-13,16:30,2460.8935546875,2117.635986328125,2460.8935546875,2461.17626953125,2117.767822265625,2460.99560546875,284.1684875488281,244.6106719970703,284.2567443847656,2118.8505859375,2461.266845703125,2119.10498046875,2461.53564453125,2490.329345703125,2489.574951171875,2116.867919921875,2462.609130859375,2490.88671875,2116.807861328125,2462.901611328125,2489.574951171875,2116.867919921875,2462.609130859375,2489.74609375,2463.1416015625,2489.574951171875,2116.867919921875,2462.609130859375,2463.69677734375
226,11-Jan-13,17:00,2460.8935546875,2117.635986328125,2460.8935546875,2461.17626953125,2117.767822265625,2460.99560546875,284.1684875488281,244.6106719970703,284.2567443847656,2118.8505859375,2461.266845703125,2119.10498046875,2461.53564453125,2490.329345703125,2489.574951171875,2116.867919921875,2462.609130859375,2490.88671875,2116.807861328125,2462.901611328125,2489.574951171875,2116.867919921875,2462.609130859375,2489.74609375,2463.1416015625,2489.574951171875,2116.867919921875,2462.609130859375,2463.69677734375
227,11-Jan-13,17:30,2460.8935546875,2117.635986328125,2460.8935546875,2461.17626953125,2117.767822265625,2460.99560546875,284.1684875488281,244.6106719970703,284.2567443847656,2118.8505859375,2461.266845703125,2119.10498046875,2461.53564453125,2490.329345703125,2489.574951171875,2116.867919921875,2462.609130859375,2490.88671875,2116.807861328125,2462.901611328125,2489.574951171875,2116.867919921875,2462.609130859375,2489.74609375,2463.1416015625,2489.574951171875,2116.867919921875,2462.609130859375,2463.69677734375
228,11-Jan-13,18:00,2460.8935546875,2117.635986328125,2460.8935546875,2461.17626953125,2117.767822265625,2460.99560546875,284.1684875488281,244.6106719970703,284.2567443847656,2118.8505859375,2461.266845703125,2119.10498046875,2461.53564453125,2490.329345703125,2489.574951171875,2116.867919921875,2462.609130859375,2490.88671875,2116.807861328125,2462.901611328125,2489.574951171875,2116.867919921875,2462.609130859375,2489.74609375,2463.1416015625,2489.574951171875,2116.867919921875,2462.609130859375,2463.69677734375
229,11-Jan-13,18:30,2460.8935546875,2117.635986328125,2460.8935546875,2461.17626953125,2117.767822265625,2460.99560546875,284.1684875488281,244.6106719970703,284.2567443847656,2118.8505859375,2461.266845703125,2119.10498046875,2461.53564453125,2490.329345703125,2489.574951171875,2116.867919921875,2462.609130859375,2490.88671875,2116.807861328125,2462.901611328125,2489.574951171875,2116.867919921875,2462.609130859375,2489.74609375,2463.1416015625,2489.574951171875,2116.867919921875,2462.609130859375,2463.69677734375
230,11-Jan-13,19:00,2460.8935546875,2117.635986328125,2460.8935546875,2461.17626953125,2117.767822265625,2460.99560546875,284.1684875488281,244.6106719970703,284.2567443847656,2118.8505859375,2461.266845703125,2119.10498046875,2461.53564453125,2490.329345703125,2489.574951171875,2116.867919921875,2462.609130859375,2490.88671875,2116.807861328125,2462.901611328125,2489.574951171875,2116.867919921875,2462.609130859375,2489.74609375,2463.1416015625,2489.574951171875,2116.867919921875,2462.609130859375,2463.69677734375
231,11-Jan-13,19:30,2460.8935546875,2117.635986328125,2460.8935546875,2461.17626953125,2117.767822265625,2460.99560546875,284.1684875488281,244.6106719970703,284.2567443847656,2118.8505859375,2461.266845703125,2119.10498046875,2461.53564453125,2490.329345703125,2489.574951171875,2116.867919921875,2462.609130859375,2490.88671875,2116.807861328125,2462.901611328125,2489.574951171875,2116.867919921875,2462.609130859375,2489.74609375,2463.1416015625,2489.574951171875,2116.867919921875,2462.609130859375,2463.69677734375
232,11-Jan-13,20:00,2460.8935546875,2117.635986328125,2460.8935546875,2461.17626953125,2117.767822265625,2460.99560546875,284.1684875488281,244.6106719970703,284.2567443847656,2118.8505859375,2461.266845703125,2119.10498046875,2461.53564453125,2490.329345703125,2489.574951171875,2116.867919921875,2462.609130859375,2490.88671875,2116.807861328125,2462.901611328125,2489.574951171875,2116.867919921875,2462.609130859375,2489.74609375,2463.1416015625,2489.574951171875,2116.867919921875,2462.609130859375,2463.69677734375
233,11-Jan-13,20:30,2460.8935546875,2117.635986328125,2460.8935546875,2461.17626953125,2117.767822265625,2460.99560546875,284.1684875488281,244.6106719970703,284.2567443847656,2118.8505859375,2461.266845703125,2119.10498046875,2461.53564453125,2490.329345703125,2489.574951171875,2116.867919921875,2462.609130859375,2490.88671875,2116.807861328125,2462.901611328125,2489.574951171875,2116.867919921875,2462.609130859375,2489.74609375,2463.1416015625,2489.574951171875,2116.867919921875,2462.609130859375,2463.69677734375
234,11-Jan-13,21:00,2460.8935546875,2117.635986328125,2460.8935546875,2461.17626953125,2117.767822265625,2460.99560546875,284.1684875488281,244.6106719970703,284.2567443847656,2118.8505859375,2461.266845703125,2119.10498046875,2461.53564453125,2490.329345703125,2489.574951171875,2116.867919921875,2462.609130859375,2490.88671875,2116.807861328125,2462.901611328125,2489.574951171875,2116.867919921875,2462.609130859375,2489.74609375,2463.1416015625,2489.574951171875,2116.867919921875,2462.609130859375,2463.69677734375
235,11-Jan-13,21:30,2460.8935546875,2117.635986328125,2460.8935546875,2461.17626953125,2117.767822265625,2460.99560546875,284.1684875488281,244.6106719970703,284.2567443847656,2118.8505859375,2461.266845703125,2119.10498046875,2461.53564453125,2490.329345703125,2489.574951171875,2116.867919921875,2462.609130859375,2490.88671875,2116.807861328125,2462.901611328125,2489.574951171875,2116.867919921875,2462.609130859375,2489.74609375,2463.1416015625,2489.574951171875,2116.867919921875,2462.609130859375,2463.69677734375
236,11-Jan-13,22:00,2460.8935546875,2117.635986328125,2460.8935546875,2461.17626953125,2117.767822265625,2460.99560546875,284.1684875488281,244.6106719970703,284.2567443847656,2118.8505859375,2461.266845703125,2119.10498046875,2461.53564453125,2490.329345703125,2489.574951171875,2116.867919921875,2462.609130859375,2490.88671875,2116.807861328125,2462.901611328125,2489.574951171875,2116.867919921875,2462.609130859375,2489.74609375,2463.1416015625,2489.574951171875,2116.867919921875,2462.609130859375,2463.69677734375
237,11-Jan-13,22:30,2460.8935546875,2117.635986328125,2460.8935546875,2461.17626953125,2117.767822265625,2460.99560546875,284.1684875488281,244.6106719970703,284.2567443847656,2118.8505859375,2461.266845703125,2119.10498046875,2461.53564453125,2490.329345703125,2489.574951171875,2116.867919921875,2462.609130859375,2490.88671875,2116.807861328125,2462.901611328125,2489.574951171875,2116.867919921875,2462.609130859375,2489.74609375,2463.1416015625,2489.574951171875,2116.867919921875,2462.609130859375,2463.69677734375
238,11-Jan-13,23:00,2460.8935546875,2117.635986328125,2460.8935546875,2461.17626953125,2117.767822265625,2460.99560546875,284.1684875488281,244.6106719970703,284.2567443847656,2118.8505859375,2461.266845703125,2119.10498046875,2461.53564453125,2490.329345703125,2489.574951171875,2116.867919921875,2462.609130859375,2490.88671875,2116.807861328125,2462.901611328125,2489.574951171875,2116.867919921875,2462.609130859375,2489.74609375,2463.1416015625,2489.574951171875,2116.867919921875,2462.609130859375,2463.69677734375
239,11-Jan-13,23:30,2460.8935546875,2117.635986328125,2460.8935546875,2461.17626953125,2117.767822265625,2460.99560546875,284.1684875488281,244.6106719970703,284.2567443847656,2118.8505859375,2461.266845703125,2119.10498046875,2461.53564453125,2490.329345703125,2489.574951171875,2116.867919921875,2462.609130859375,2490.88671875,2116.807861328125,2462.901611328125,2489.574951171875,2116.867919921875,2462.609130859375,2489.74609375,2463.1416015625,2489.574951171875,2116.867919921875,2462.609130859375,2463.69677734375
240,12-Jan-13,0:00,2460.8935546875,2117.635986328125,2460.8935546875,2461.17626953125,2117.767822265625,2460.99560546875,284.1684875488281,244.6106719970703,284.2567443847656,2118.8505859375,2461.266845703125,2119.10498046875,2461.53564453125,2490.329345703125,2489.574951171875,2116.867919921875,2462.609130859375,2490.88671875,2116.807861328125,2462.901611328125,2489.574951171875,2116.867919921875,2462.609130859375,2489.74609375,2463.1416015625,2489.574951171875,2116.867919921875,2462.609130859375,2463.69677734375
