Time,Node 611.V3_rms,Node 632.V2_rms,Node 632.V1_rms,Node 632.V3_rms,Node 633.V1_rms,Node 633.V2_rms,Node 633.V3_rms,Node 645.V2_rms,Node 645.V3_rms,UpperBound,LowerBound
0.0,2336.060791015625,2460.8935546875,2460.8935546875,2460.8935546875,2460.5625,2460.52392578125,2460.48486328125,2447.47802734375,2457.568603515625,2522.0,2282.0
0.25,2336.156005859375,2460.8935546875,2460.8935546875,2462.223388671875,2460.56201171875,2460.52490234375,2461.815185546875,2448.814453125,2457.58984375,2522.0,2282.0
0.5,2336.150390625,2460.8935546875,2460.8935546875,2460.8935546875,2460.56201171875,2460.525390625,2460.485595703125,2447.494873046875,2457.593017578125,2522.0,2282.0
0.75,2336.14892578125,2462.223388671875,2460.8935546875,2460.8935546875,2460.56201171875,2461.85498046875,2460.48583984375,2447.495849609375,2457.59423828125,2522.0,2282.0
1.0,2336.14794921875,2460.8935546875,2460.8935546875,2460.8935546875,2460.561767578125,2460.525390625,2460.48583984375,2447.49658203125,2457.594482421875,2522.0,2282.0
1.25,2337.41015625,2460.8935546875,2460.8935546875,2460.8935546875,2460.561767578125,2460.525390625,2460.48583984375,2447.49658203125,2457.594970703125,2522.0,2282.0
1.5,2336.147705078125,2460.8935546875,2462.223388671875,2460.8935546875,2461.8916015625,2460.525390625,2460.48583984375,2447.496826171875,2457.594970703125,2522.0,2282.0
1.75,2336.147705078125,2460.8935546875,2460.8935546875,2460.8935546875,2460.561767578125,2460.525390625,2460.48583984375,2447.496826171875,2457.594970703125,2522.0,2282.0
2.0,2336.14794921875,2460.8935546875,2460.8935546875,2460.8935546875,2460.561767578125,2460.525390625,2460.48583984375,2447.49658203125,2458.9228515625,2522.0,2282.0
2.25,2336.14794921875,2460.8935546875,2460.8935546875,2460.8935546875,2460.561767578125,2460.525390625,2460.48583984375,2447.496826171875,2457.594970703125,2522.0,2282.0
2.5,2336.147705078125,2460.8935546875,2460.8935546875,2462.223388671875,2460.56201171875,2460.525390625,2461.8154296875,2448.8193359375,2457.594970703125,2522.0,2282.0
2.75,2336.1474609375,2460.8935546875,2460.8935546875,2460.8935546875,2460.561767578125,2460.525390625,2460.48583984375,2447.49658203125,2457.594970703125,2522.0,2282.0
3.0,2336.147705078125,2460.8935546875,2460.8935546875,2460.8935546875,2460.56201171875,2460.525390625,2460.48583984375,2447.496826171875,2457.594970703125,2522.0,2282.0
3.25,2336.1474609375,2460.8935546875,2460.8935546875,2460.8935546875,2460.561767578125,2460.525390625,2460.48583984375,2447.496826171875,2457.594970703125,2522.0,2282.0
3.5,2336.147705078125,2460.8935546875,2462.223388671875,2460.8935546875,2460.56201171875,2460.525390625,2460.48583984375,2447.49658203125,2457.594970703125,2522.0,2282.0
3.75,2336.14794921875,2460.8935546875,2460.8935546875,2460.8935546875,2460.561767578125,2460.525390625,2460.48583984375,2447.496826171875,2457.594970703125,2522.0,2282.0
4.0,2336.1474609375,2460.8935546875,2460.8935546875,2460.8935546875,2460.561767578125,2460.525390625,2460.48583984375,2447.49658203125,2458.923095703125,2522.0,2282.0
4.25,2336.147705078125,2460.8935546875,2460.8935546875,2460.8935546875,2460.561767578125,2460.525390625,2460.48583984375,2447.49658203125,2457.594970703125,2522.0,2282.0
4.5,2336.147705078125,2460.8935546875,2460.8935546875,2460.8935546875,2460.561767578125,2460.525390625,2460.48583984375,2448.8193359375,2457.594970703125,2522.0,2282.0
4.75,2336.1474609375,2460.8935546875,2460.8935546875,2460.8935546875,2460.561767578125,2460.525390625,2460.48583984375,2447.496826171875,2457.594970703125,2522.0,2282.0
5.0,2336.1474609375,2462.223388671875,2460.8935546875,2460.8935546875,2460.561767578125,2460.525390625,2460.48583984375,2447.496826171875,2457.594970703125,2522.0,2282.0
5.25,2336.147705078125,2460.8935546875,2460.8935546875,2460.8935546875,2460.561767578125,2460.525390625,2460.48583984375,2447.496826171875,2457.594970703125,2522.0,2282.0
5.5,2336.147705078125,2460.893310546875,2460.8935546875,2460.8935546875,2460.561767578125,2460.525390625,2460.48583984375,2447.49658203125,2457.594970703125,2522.0,2282.0
5.75,2337.409912109375,2460.8935546875,2460.8935546875,2460.8935546875,2460.561767578125,2460.525390625,2460.48583984375,2447.496826171875,2457.594970703125,2522.0,2282.0
6.0,2336.14794921875,2460.893310546875,2462.223388671875,2460.8935546875,2461.8916015625,2460.525390625,2460.48583984375,2447.49658203125,2457.594970703125,2522.0,2282.0
6.25,2336.147705078125,2460.8935546875,2460.8935546875,2460.8935546875,2460.561767578125,2460.525390625,2460.48583984375,2447.496826171875,2457.594970703125,2522.0,2282.0
6.5,2336.147216796875,2460.8935546875,2460.8935546875,2460.8935546875,2460.561767578125,2460.525390625,2460.48583984375,2447.49658203125,2458.923095703125,2522.0,2282.0
6.75,2336.1474609375,2460.8935546875,2460.8935546875,2460.8935546875,2460.561767578125,2460.525390625,2460.48583984375,2447.49658203125,2457.594970703125,2522.0,2282.0
7.0,2336.147705078125,2460.8935546875,2460.8935546875,2462.223388671875,2460.561767578125,2460.525390625,2461.8154296875,2448.8193359375,2457.594970703125,2522.0,2282.0
7.25,2336.147705078125,2460.8935546875,2460.8935546875,2460.8935546875,2460.561767578125,2460.525390625,2460.48583984375,2447.49658203125,2457.594970703125,2522.0,2282.0
7.5,2336.147705078125,2460.8935546875,2460.8935546875,2460.8935546875,2460.561767578125,2460.525390625,2460.48583984375,2447.49658203125,2457.594970703125,2522.0,2282.0
7.75,2336.1474609375,2460.8935546875,2460.8935546875,2460.8935546875,2460.561767578125,2460.525390625,2460.48583984375,2447.496826171875,2457.594970703125,2522.0,2282.0
8.0,2337.41015625,2460.8935546875,2460.8935546875,2460.8935546875,2460.561767578125,2460.525390625,2460.48583984375,2447.49658203125,2457.594970703125,2522.0,2282.0
8.25,2336.147216796875,2460.8935546875,2460.8935546875,2460.8935546875,2460.561767578125,2460.525390625,2460.48583984375,2447.496826171875,2457.5947265625,2522.0,2282.0
8.5,2336.147216796875,2460.8935546875,2460.8935546875,2460.8935546875,2460.561767578125,2460.525390625,2460.48583984375,2447.496826171875,2457.594970703125,2522.0,2282.0
8.75,2336.147705078125,2460.8935546875,2460.8935546875,2460.893310546875,2460.561767578125,2460.525390625,2460.485595703125,2447.496826171875,2458.9228515625,2522.0,2282.0
9.0,2336.147705078125,2460.8935546875,2460.8935546875,2460.8935546875,2460.561767578125,2460.525390625,2460.48583984375,2448.8193359375,2457.594970703125,2522.0,2282.0
9.25,2336.147705078125,2460.8935546875,2460.8935546875,2462.223388671875,2460.561767578125,2460.525390625,2461.8154296875,2448.8193359375,2457.594970703125,2522.0,2282.0
9.5,2336.14794921875,2460.8935546875,2460.8935546875,2460.8935546875,2460.561767578125,2460.525390625,2460.48583984375,2447.496826171875,2457.594970703125,2522.0,2282.0
9.75,2336.147705078125,2462.223388671875,2460.8935546875,2460.8935546875,2460.56201171875,2461.855224609375,2460.48583984375,2447.496826171875,2457.594970703125,2522.0,2282.0
10.0,2336.147216796875,2460.8935546875,2460.8935546875,2460.8935546875,2460.561767578125,2460.525390625,2460.48583984375,2447.496826171875,2457.594970703125,2522.0,2282.0
10.25,2337.409912109375,2460.8935546875,2460.8935546875,2460.8935546875,2460.56201171875,2460.525390625,2460.48583984375,2447.496826171875,2457.594970703125,2522.0,2282.0
10.5,2336.1474609375,2460.8935546875,2460.8935546875,2460.8935546875,2460.561767578125,2460.525390625,2460.48583984375,2447.496826171875,2457.594970703125,2522.0,2282.0
10.75,2453.611328125,2460.8935546875,2460.8935546875,2460.8935546875,2460.91064453125,2460.875,2460.829345703125,2460.8935546875,2460.8935546875,2522.0,2282.0
11.0,2453.611328125,2460.8935546875,2460.8935546875,2460.8935546875,2460.91064453125,2460.874755859375,2460.829345703125,2460.8935546875,2460.8935546875,2522.0,2282.0
11.25,2453.611328125,2460.8935546875,2460.8935546875,2460.8935546875,2460.91064453125,2460.874755859375,2460.829345703125,2460.8935546875,2460.8935546875,2522.0,2282.0
11.5,2453.611328125,2460.8935546875,2460.8935546875,2462.223388671875,2460.91064453125,2460.874755859375,2462.1591796875,2460.8935546875,2462.223388671875,2522.0,2282.0
11.75,2453.611328125,2460.8935546875,2460.8935546875,2460.8935546875,2460.91064453125,2460.874755859375,2460.829345703125,2460.8935546875,2460.8935546875,2522.0,2282.0
12.0,2453.611328125,2462.223388671875,2460.8935546875,2460.8935546875,2460.91064453125,2462.20458984375,2460.829345703125,2462.223388671875,2460.8935546875,2522.0,2282.0
12.25,2453.611328125,2460.8935546875,2460.8935546875,2460.8935546875,2460.91064453125,2460.874755859375,2460.829345703125,2460.8935546875,2460.8935546875,2522.0,2282.0
12.5,2453.611328125,2460.8935546875,2460.8935546875,2460.8935546875,2460.91064453125,2460.874755859375,2460.829345703125,2460.8935546875,2460.8935546875,2522.0,2282.0
12.75,2453.611328125,2460.8935546875,2462.223388671875,2460.8935546875,2462.240478515625,2460.874755859375,2460.829345703125,2460.8935546875,2460.8935546875,2522.0,2282.0
13.0,2453.611328125,2460.8935546875,2460.8935546875,2460.8935546875,2460.91064453125,2460.874755859375,2460.829345703125,2460.8935546875,2460.8935546875,2522.0,2282.0
13.25,2453.611328125,2460.8935546875,2460.8935546875,2460.8935546875,2460.91064453125,2460.874755859375,2460.829345703125,2460.8935546875,2460.8935546875,2522.0,2282.0
13.5,2453.611328125,2460.8935546875,2460.8935546875,2460.8935546875,2460.91064453125,2460.874755859375,2460.829345703125,2460.8935546875,2460.8935546875,2522.0,2282.0
13.75,2453.611328125,2460.8935546875,2460.8935546875,2462.223388671875,2460.91064453125,2460.874755859375,2462.1591796875,2460.8935546875,2462.223388671875,2522.0,2282.0
14.0,2453.611328125,2460.8935546875,2460.8935546875,2460.8935546875,2460.91064453125,2460.874755859375,2460.829345703125,2460.8935546875,2460.8935546875,2522.0,2282.0
14.25,2453.611328125,2460.8935546875,2460.8935546875,2460.8935546875,2460.91064453125,2460.874755859375,2460.829345703125,2460.8935546875,2460.8935546875,2522.0,2282.0
14.5,2453.611328125,2460.8935546875,2460.8935546875,2460.8935546875,2460.91064453125,2460.874755859375,2460.829345703125,2460.8935546875,2460.8935546875,2522.0,2282.0
14.75,2453.611328125,2460.8935546875,2460.8935546875,2460.8935546875,2460.91064453125,2460.874755859375,2460.8291015625,2460.8935546875,2460.8935546875,2522.0,2282.0
15.0,2453.611328125,2460.8935546875,2460.8935546875,2460.8935546875,2460.91064453125,2460.874755859375,2460.829345703125,2460.8935546875,2460.8935546875,2522.0,2282.0
15.25,2453.611328125,2460.8935546875,2460.8935546875,2460.8935546875,2460.91064453125,2460.874755859375,2460.829345703125,2460.8935546875,2460.8935546875,2522.0,2282.0
15.5,2453.611328125,2460.8935546875,2460.8935546875,2460.8935546875,2460.91064453125,2460.874755859375,2460.8291015625,2460.8935546875,2460.8935546875,2522.0,2282.0
15.75,2453.611328125,2460.8935546875,2460.8935546875,2460.8935546875,2460.91064453125,2460.874755859375,2460.829345703125,2460.8935546875,2460.8935546875,2522.0,2282.0
16.0,2453.611328125,2460.8935546875,2460.8935546875,2462.223388671875,2460.91064453125,2460.874755859375,2462.158935546875,2460.8935546875,2462.223388671875,2522.0,2282.0
16.25,2453.611328125,2460.8935546875,2460.8935546875,2460.8935546875,2460.91064453125,2460.874755859375,2460.829345703125,2460.8935546875,2460.8935546875,2522.0,2282.0
16.5,2453.611328125,2462.223388671875,2460.8935546875,2460.8935546875,2460.91064453125,2462.204833984375,2460.8291015625,2462.223388671875,2460.8935546875,2522.0,2282.0
16.75,2453.611328125,2460.8935546875,2460.8935546875,2460.8935546875,2460.91064453125,2460.874755859375,2460.829345703125,2460.8935546875,2460.8935546875,2522.0,2282.0
17.0,2453.611328125,2460.8935546875,2462.223388671875,2460.8935546875,2460.91064453125,2460.874755859375,2460.8291015625,2460.8935546875,2460.8935546875,2522.0,2282.0
17.25,2453.611328125,2460.8935546875,2460.8935546875,2460.8935546875,2460.91064453125,2460.874755859375,2460.829345703125,2460.8935546875,2460.8935546875,2522.0,2282.0
17.5,2453.611328125,2460.8935546875,2460.8935546875,2460.8935546875,2460.91064453125,2460.875,2460.8291015625,2460.8935546875,2460.8935546875,2522.0,2282.0
17.75,2453.611328125,2460.8935546875,2460.8935546875,2460.8935546875,2460.91064453125,2460.874755859375,2460.829345703125,2460.8935546875,2460.8935546875,2522.0,2282.0
18.0,2453.611328125,2460.8935546875,2460.8935546875,2460.8935546875,2460.91064453125,2460.874755859375,2460.8291015625,2460.8935546875,2460.8935546875,2522.0,2282.0
18.25,2453.611328125,2460.8935546875,2460.8935546875,2462.223388671875,2460.91064453125,2460.874755859375,2462.158935546875,2460.8935546875,2462.223388671875,2522.0,2282.0
18.5,2453.611328125,2460.8935546875,2460.8935546875,2460.8935546875,2460.91064453125,2460.874755859375,2460.829345703125,2460.8935546875,2460.8935546875,2522.0,2282.0
18.75,2453.611328125,2462.223388671875,2460.8935546875,2460.8935546875,2460.91064453125,2462.20458984375,2460.829345703125,2462.223388671875,2460.8935546875,2522.0,2282.0
19.0,2453.611328125,2460.8935546875,2460.8935546875,2460.8935546875,2460.91064453125,2460.874755859375,2460.829345703125,2460.8935546875,2460.8935546875,2522.0,2282.0
19.25,2453.611328125,2460.8935546875,2462.223388671875,2460.8935546875,2460.91064453125,2460.874755859375,2460.829345703125,2460.8935546875,2460.8935546875,2522.0,2282.0
19.5,2453.611328125,2460.8935546875,2462.223388671875,2460.8935546875,2462.240478515625,2460.874755859375,2460.829345703125,2460.8935546875,2460.8935546875,2522.0,2282.0
19.75,2453.611328125,2460.8935546875,2460.8935546875,2460.8935546875,2460.91064453125,2460.874755859375,2460.829345703125,2460.8935546875,2460.8935546875,2522.0,2282.0
20.0,2453.611328125,2460.8935546875,2460.8935546875,2460.8935546875,2460.91064453125,2460.874755859375,2460.829345703125,2460.8935546875,2460.8935546875,2522.0,2282.0
20.25,2453.611328125,2460.8935546875,2460.8935546875,2460.8935546875,2460.91064453125,2460.874755859375,2460.829345703125,2460.8935546875,2460.8935546875,2522.0,2282.0
20.5,2453.611328125,2460.8935546875,2460.8935546875,2462.223388671875,2460.91064453125,2460.874755859375,2462.158935546875,2460.8935546875,2462.223388671875,2522.0,2282.0
20.75,2453.611328125,2460.8935546875,2460.8935546875,2460.8935546875,2460.91064453125,2460.874755859375,2460.829345703125,2460.8935546875,2460.8935546875,2522.0,2282.0
21.0,2388.404541015625,2462.223388671875,2460.8935546875,2460.8935546875,2459.74169921875,2460.279296875,2460.413330078125,2456.37158203125,2461.552734375,2522.0,2282.0
21.25,2388.417724609375,2460.8935546875,2460.8935546875,2460.8935546875,2461.071044921875,2460.279541015625,2460.41357421875,2456.37158203125,2461.552978515625,2522.0,2282.0
21.5,2388.419189453125,2460.8935546875,2462.223388671875,2460.8935546875,2459.741943359375,2460.279296875,2460.41357421875,2456.373046875,2461.552978515625,2522.0,2282.0
21.75,2388.414794921875,2460.8935546875,2462.223388671875,2460.8935546875,2459.741943359375,2460.279541015625,2460.41357421875,2456.37158203125,2461.552978515625,2522.0,2282.0
22.0,2388.41845703125,2460.8935546875,2460.8935546875,2460.8935546875,2459.741943359375,2460.279296875,2460.41357421875,2457.700439453125,2461.55322265625,2522.0,2282.0
22.25,2388.41845703125,2460.8935546875,2460.8935546875,2460.8935546875,2459.741943359375,2460.279541015625,2460.41357421875,2456.371826171875,2461.552734375,2522.0,2282.0
22.5,2388.42041015625,2460.8935546875,2460.8935546875,2460.8935546875,2459.741943359375,2460.279296875,2461.7431640625,2456.37158203125,2462.883056640625,2522.0,2282.0
22.75,2388.417724609375,2460.8935546875,2460.8935546875,2462.223388671875,2459.741943359375,2460.279541015625,2460.41357421875,2456.371826171875,2461.552490234375,2522.0,2282.0
23.0,2389.59228515625,2460.8935546875,2460.8935546875,2460.8935546875,2459.874755859375,2461.677734375,2460.39111328125,2456.732177734375,2461.5244140625,2522.0,2282.0
23.25,2388.2939453125,2462.223388671875,2460.8935546875,2460.8935546875,2459.874755859375,2460.348388671875,2460.39111328125,2456.73193359375,2461.524658203125,2522.0,2282.0
23.5,2388.292236328125,2460.8935546875,2460.8935546875,2460.8935546875,2461.203857421875,2460.34814453125,2460.39111328125,2456.73193359375,2461.524658203125,2522.0,2282.0
23.75,2388.29248046875,2460.8935546875,2462.223388671875,2460.8935546875,2459.874755859375,2460.348388671875,2460.39111328125,2456.73193359375,2461.52490234375,2522.0,2282.0
24.0,2388.290283203125,2460.8935546875,2460.8935546875,2460.8935546875,2459.87451171875,2460.34814453125,2460.39111328125,2456.733154296875,2461.52490234375,2522.0,2282.0
24.25,2388.29052734375,2460.8935546875,2460.8935546875,2460.8935546875,2459.874755859375,2460.348388671875,2460.39111328125,2458.0595703125,2461.524658203125,2522.0,2282.0
24.5,2388.29345703125,2460.8935546875,2460.8935546875,2460.8935546875,2459.874755859375,2460.348388671875,2460.39111328125,2456.732177734375,2461.524658203125,2522.0,2282.0
24.75,2388.293701171875,2460.8935546875,2460.8935546875,2460.8935546875,2459.874755859375,2460.348388671875,2461.720703125,2456.732177734375,2462.854736328125,2522.0,2282.0
25.0,2393.430419921875,2460.8935546875,2460.8935546875,2462.223388671875,2459.99560546875,2460.43798828125,2460.47705078125,2457.10009765625,2461.449462890625,2522.0,2282.0
25.25,2392.13232421875,2460.8935546875,2460.8935546875,2460.8935546875,2459.99560546875,2461.767578125,2460.47705078125,2457.10009765625,2461.449462890625,2522.0,2282.0
25.5,2392.121337890625,2462.223388671875,2460.8935546875,2460.8935546875,2459.99560546875,2460.43798828125,2460.47705078125,2457.100341796875,2461.44970703125,2522.0,2282.0
25.75,2392.123046875,2460.8935546875,2460.8935546875,2460.8935546875,2461.324951171875,2460.43798828125,2460.47705078125,2457.099853515625,2461.44970703125,2522.0,2282.0
26.0,2392.12255859375,2460.8935546875,2460.8935546875,2460.8935546875,2461.324951171875,2460.43798828125,2460.47705078125,2457.10009765625,2461.44970703125,2522.0,2282.0
26.25,2392.121826171875,2460.8935546875,2460.8935546875,2460.8935546875,2459.99560546875,2460.43798828125,2460.47705078125,2457.10107421875,2461.449951171875,2522.0,2282.0
26.5,2392.12109375,2460.8935546875,2460.8935546875,2460.8935546875,2459.99560546875,2460.43798828125,2460.47705078125,2458.427978515625,2461.44970703125,2522.0,2282.0
26.75,2392.13330078125,2460.8935546875,2460.8935546875,2460.8935546875,2459.99560546875,2460.43798828125,2460.47705078125,2457.10009765625,2461.44970703125,2522.0,2282.0
27.0,2394.3583984375,2460.8935546875,2460.8935546875,2460.8935546875,2460.0859375,2460.400390625,2461.800537109375,2457.386962890625,2462.734375,2522.0,2282.0
27.25,2395.65087890625,2460.8935546875,2460.8935546875,2462.223388671875,2460.0859375,2460.400390625,2460.470703125,2457.386962890625,2461.40380859375,2522.0,2282.0
27.5,2394.35595703125,2462.223388671875,2460.8935546875,2460.8935546875,2460.0859375,2460.400390625,2460.470947265625,2457.387939453125,2461.40380859375,2522.0,2282.0
27.75,2394.35546875,2462.223388671875,2460.8935546875,2460.8935546875,2460.0859375,2460.400390625,2460.470703125,2457.386962890625,2461.404052734375,2522.0,2282.0
28.0,2394.357666015625,2460.8935546875,2460.8935546875,2460.8935546875,2460.0859375,2460.400390625,2460.470947265625,2457.38671875,2461.404052734375,2522.0,2282.0
28.25,2394.357177734375,2460.8935546875,2460.8935546875,2460.8935546875,2460.0859375,2460.400390625,2460.470947265625,2457.386962890625,2461.404052734375,2522.0,2282.0
28.5,2394.35546875,2460.8935546875,2462.223388671875,2460.8935546875,2460.0859375,2460.400390625,2460.470947265625,2457.386962890625,2461.404296875,2522.0,2282.0
28.75,2394.36474609375,2460.8935546875,2460.8935546875,2460.8935546875,2460.0859375,2460.400390625,2460.470947265625,2458.715576171875,2461.404541015625,2522.0,2282.0
29.0,2394.78125,2460.8935546875,2460.8935546875,2460.8935546875,2460.1875,2460.53271484375,2460.443603515625,2457.438720703125,2461.400146484375,2522.0,2282.0
29.25,2394.780517578125,2460.8935546875,2460.8935546875,2460.8935546875,2460.1875,2460.532470703125,2461.773193359375,2457.4384765625,2462.730224609375,2522.0,2282.0
29.5,2396.087158203125,2460.8935546875,2460.8935546875,2462.223388671875,2460.1875,2460.53271484375,2460.443603515625,2457.4384765625,2461.39990234375,2522.0,2282.0
29.75,2394.78076171875,2460.8935546875,2460.8935546875,2460.8935546875,2460.1875,2461.8623046875,2460.443603515625,2457.4384765625,2461.39990234375,2522.0,2282.0
30.0,2394.77783203125,2462.223388671875,2460.8935546875,2460.8935546875,2460.1875,2460.53271484375,2460.443603515625,2457.4384765625,2461.400146484375,2522.0,2282.0
30.25,2394.779541015625,2460.8935546875,2460.8935546875,2460.8935546875,2461.516845703125,2460.53271484375,2460.443603515625,2457.438232421875,2461.400146484375,2522.0,2282.0
30.5,2394.7783203125,2460.8935546875,2460.8935546875,2460.8935546875,2460.1875,2460.53271484375,2460.443603515625,2457.4384765625,2461.400146484375,2522.0,2282.0
30.75,2394.783935546875,2460.8935546875,2460.8935546875,2460.8935546875,2460.1875,2460.53271484375,2460.443603515625,2457.439208984375,2461.400390625,2522.0,2282.0
31.0,2394.93701171875,2460.8935546875,2460.8935546875,2460.8935546875,2460.190185546875,2460.50390625,2460.44677734375,2458.796630859375,2461.375,2522.0,2282.0
31.25,2394.9326171875,2460.8935546875,2460.8935546875,2460.8935546875,2460.190185546875,2460.50390625,2460.44677734375,2457.468017578125,2461.374755859375,2522.0,2282.0
31.5,2394.930419921875,2460.8935546875,2460.8935546875,2460.8935546875,2460.190185546875,2460.50390625,2461.7763671875,2457.46826171875,2462.70458984375,2522.0,2282.0
31.75,2396.23876953125,2460.8935546875,2460.8935546875,2462.223388671875,2460.190185546875,2460.50390625,2460.44677734375,2457.46826171875,2461.37451171875,2522.0,2282.0
32.0,2394.928466796875,2462.223388671875,2460.8935546875,2460.8935546875,2460.190185546875,2460.50390625,2460.44677734375,2457.468994140625,2461.374267578125,2522.0,2282.0
32.25,2394.927978515625,2462.223388671875,2460.8935546875,2460.8935546875,2460.190185546875,2460.50390625,2460.44677734375,2457.468017578125,2461.374755859375,2522.0,2282.0
32.5,2394.929443359375,2460.8935546875,2460.8935546875,2460.8935546875,2460.190185546875,2460.50390625,2460.446533203125,2457.468017578125,2461.37451171875,2522.0,2282.0
32.75,2394.930908203125,2460.8935546875,2460.8935546875,2460.8935546875,2460.190185546875,2460.50390625,2460.44677734375,2457.468017578125,2461.37451171875,2522.0,2282.0
33.0,2395.302978515625,2460.8935546875,2460.8935546875,2460.8935546875,2460.187255859375,2460.53271484375,2460.443603515625,2457.42529296875,2461.33203125,2522.0,2282.0
33.25,2395.3095703125,2460.8935546875,2460.8935546875,2460.8935546875,2460.187255859375,2460.53271484375,2460.443603515625,2458.753173828125,2461.33203125,2522.0,2282.0
33.5,2395.305908203125,2460.8935546875,2460.8935546875,2460.8935546875,2460.187255859375,2460.53271484375,2460.443603515625,2457.424560546875,2461.33154296875,2522.0,2282.0
33.75,2395.304931640625,2460.8935546875,2460.8935546875,2460.8935546875,2460.187255859375,2460.53271484375,2461.773193359375,2457.424560546875,2462.661865234375,2522.0,2282.0
34.0,2396.61279296875,2460.8935546875,2460.8935546875,2462.223388671875,2460.187255859375,2460.53271484375,2460.443603515625,2457.42578125,2461.33154296875,2522.0,2282.0
34.25,2395.302734375,2462.223388671875,2460.8935546875,2460.8935546875,2460.187255859375,2460.53271484375,2460.443603515625,2457.42578125,2461.331298828125,2522.0,2282.0
34.5,2395.3017578125,2462.223388671875,2460.8935546875,2460.8935546875,2460.187255859375,2460.53271484375,2460.443603515625,2457.424560546875,2461.33154296875,2522.0,2282.0
34.75,2395.3037109375,2460.8935546875,2460.8935546875,2460.8935546875,2461.516845703125,2460.53271484375,2460.443603515625,2457.4248046875,2461.331787109375,2522.0,2282.0
35.0,2395.971435546875,2460.8935546875,2460.8935546875,2460.8935546875,2460.1904296875,2460.53564453125,2460.4150390625,2457.373046875,2461.335693359375,2522.0,2282.0
35.25,2395.9755859375,2460.8935546875,2460.8935546875,2460.8935546875,2460.1904296875,2460.53564453125,2460.415283203125,2457.3740234375,2461.3359375,2522.0,2282.0
35.5,2395.97216796875,2460.8935546875,2460.8935546875,2460.8935546875,2460.1904296875,2460.53564453125,2460.415283203125,2458.701904296875,2461.3359375,2522.0,2282.0
35.75,2395.97265625,2460.8935546875,2460.8935546875,2460.8935546875,2460.1904296875,2460.53564453125,2460.415283203125,2457.373046875,2461.335693359375,2522.0,2282.0
36.0,2395.970947265625,2460.8935546875,2460.8935546875,2460.8935546875,2460.1904296875,2460.53564453125,2461.744873046875,2457.373046875,2462.665771484375,2522.0,2282.0
36.25,2397.27978515625,2460.8935546875,2460.8935546875,2462.223388671875,2460.1904296875,2460.53564453125,2460.415283203125,2457.374267578125,2461.33544921875,2522.0,2282.0
36.5,2395.969970703125,2462.223388671875,2460.8935546875,2460.8935546875,2460.1904296875,2460.53564453125,2460.415283203125,2457.374267578125,2461.335205078125,2522.0,2282.0
36.75,2395.969482421875,2462.223388671875,2460.8935546875,2460.8935546875,2460.1904296875,2460.53564453125,2460.415283203125,2457.373046875,2461.335693359375,2522.0,2282.0
37.0,2395.868408203125,2460.8935546875,2460.8935546875,2460.8935546875,2461.54931640625,2460.53271484375,2460.411865234375,2457.40283203125,2461.310302734375,2522.0,2282.0
37.25,2395.869140625,2460.8935546875,2460.8935546875,2460.8935546875,2460.2197265625,2460.53271484375,2460.411865234375,2457.40283203125,2461.310302734375,2522.0,2282.0
37.5,2395.8681640625,2460.8935546875,2460.8935546875,2460.8935546875,2460.2197265625,2460.53271484375,2460.411865234375,2457.403564453125,2461.310302734375,2522.0,2282.0
37.75,2395.868408203125,2460.8935546875,2460.8935546875,2460.8935546875,2460.2197265625,2460.53271484375,2460.411865234375,2458.7314453125,2461.310546875,2522.0,2282.0
38.0,2395.871826171875,2460.8935546875,2460.8935546875,2460.8935546875,2460.2197265625,2460.53271484375,2460.411865234375,2457.402587890625,2461.310302734375,2522.0,2282.0
38.25,2395.869140625,2460.8935546875,2460.8935546875,2460.8935546875,2460.2197265625,2460.53271484375,2461.741455078125,2457.40283203125,2462.640380859375,2522.0,2282.0
38.5,2395.87646484375,2460.8935546875,2460.8935546875,2460.8935546875,2460.2197265625,2460.53271484375,2460.411865234375,2457.40380859375,2461.309814453125,2522.0,2282.0
38.75,2395.877197265625,2460.8935546875,2460.8935546875,2460.8935546875,2460.2197265625,2461.8623046875,2460.411865234375,2457.40283203125,2461.31005859375,2522.0,2282.0
39.0,2396.947265625,2462.223388671875,2460.8935546875,2460.8935546875,2460.16455078125,2460.478271484375,2460.45263671875,2457.32958984375,2461.292724609375,2522.0,2282.0
39.25,2396.9482421875,2460.8935546875,2460.8935546875,2460.8935546875,2461.494140625,2460.478271484375,2460.45263671875,2457.32958984375,2461.292724609375,2522.0,2282.0
39.5,2396.947509765625,2460.8935546875,2460.8935546875,2460.8935546875,2460.16455078125,2460.478271484375,2460.45263671875,2457.32958984375,2461.292724609375,2522.0,2282.0
39.75,2396.94482421875,2460.8935546875,2460.8935546875,2460.8935546875,2460.16455078125,2460.478271484375,2460.45263671875,2457.32958984375,2461.29296875,2522.0,2282.0
40.0,2396.947509765625,2460.8935546875,2460.8935546875,2460.8935546875,2460.16455078125,2460.478271484375,2460.45263671875,2458.658203125,2461.29296875,2522.0,2282.0
40.25,2396.944580078125,2460.8935546875,2460.8935546875,2460.8935546875,2460.16455078125,2460.478271484375,2460.45263671875,2457.329833984375,2462.622802734375,2522.0,2282.0
40.5,2396.947265625,2460.8935546875,2460.8935546875,2460.8935546875,2460.16455078125,2460.478271484375,2461.7822265625,2457.32958984375,2462.622802734375,2522.0,2282.0
40.75,2398.256103515625,2460.8935546875,2460.8935546875,2462.223388671875,2460.16455078125,2460.478271484375,2460.45263671875,2457.329833984375,2461.29248046875,2522.0,2282.0
41.0,2396.859130859375,2460.8935546875,2460.8935546875,2460.8935546875,2460.025390625,2461.764892578125,2460.473876953125,2457.17529296875,2461.304443359375,2522.0,2282.0
41.25,2396.855712890625,2462.223388671875,2460.8935546875,2460.893310546875,2460.025390625,2460.435546875,2460.4736328125,2457.17529296875,2461.3046875,2522.0,2282.0
41.5,2396.85595703125,2460.8935546875,2460.8935546875,2460.8935546875,2461.354736328125,2460.435302734375,2460.473876953125,2457.175048828125,2461.3046875,2522.0,2282.0
41.75,2396.855712890625,2460.8935546875,2460.8935546875,2460.893310546875,2460.025390625,2460.435546875,2460.4736328125,2457.17529296875,2461.3046875,2522.0,2282.0
42.0,2396.854736328125,2460.8935546875,2462.223388671875,2460.8935546875,2460.025390625,2460.435302734375,2460.473876953125,2457.17529296875,2461.304931640625,2522.0,2282.0
42.25,2396.85693359375,2460.8935546875,2460.8935546875,2460.8935546875,2460.025390625,2460.435546875,2460.4736328125,2458.50390625,2461.304931640625,2522.0,2282.0
42.5,2396.856201171875,2460.8935546875,2460.8935546875,2460.8935546875,2460.025390625,2460.435302734375,2460.473876953125,2457.17529296875,2462.634765625,2522.0,2282.0
42.75,2396.855712890625,2460.8935546875,2460.8935546875,2460.8935546875,2460.025390625,2460.435546875,2461.803466796875,2457.17529296875,2462.634765625,2522.0,2282.0
43.0,2396.917724609375,2460.8935546875,2460.8935546875,2462.223388671875,2460.059814453125,2460.310791015625,2460.540283203125,2457.204833984375,2461.279052734375,2522.0,2282.0
43.25,2395.629150390625,2462.223388671875,2460.8935546875,2460.8935546875,2460.06005859375,2460.31103515625,2460.540283203125,2457.205810546875,2461.279052734375,2522.0,2282.0
43.5,2395.62158203125,2460.8935546875,2460.8935546875,2460.8935546875,2460.059814453125,2460.310791015625,2460.540283203125,2457.205078125,2461.279296875,2522.0,2282.0
43.75,2395.621337890625,2460.8935546875,2460.8935546875,2460.8935546875,2461.389404296875,2460.310791015625,2460.540283203125,2457.204833984375,2461.279296875,2522.0,2282.0
44.0,2395.622314453125,2460.8935546875,2460.8935546875,2460.8935546875,2460.059814453125,2460.310791015625,2460.540283203125,2457.205078125,2461.279296875,2522.0,2282.0
44.25,2395.620361328125,2460.8935546875,2460.8935546875,2460.8935546875,2460.06005859375,2460.310791015625,2460.540283203125,2457.205078125,2461.279541015625,2522.0,2282.0
44.5,2395.629638671875,2460.8935546875,2460.8935546875,2460.8935546875,2460.059814453125,2460.310791015625,2460.540283203125,2457.205078125,2461.279296875,2522.0,2282.0
44.75,2395.630126953125,2460.8935546875,2460.8935546875,2460.8935546875,2460.06005859375,2460.310791015625,2460.540283203125,2457.205078125,2461.279296875,2522.0,2282.0
45.0,2394.68310546875,2460.8935546875,2460.8935546875,2460.8935546875,2460.12109375,2460.307861328125,2461.835205078125,2457.256591796875,2462.60546875,2522.0,2282.0
45.25,2394.683349609375,2460.8935546875,2460.8935546875,2462.223388671875,2460.12109375,2460.307861328125,2460.505615234375,2457.25634765625,2461.275146484375,2522.0,2282.0
45.5,2394.68115234375,2462.223388671875,2460.8935546875,2460.8935546875,2460.12109375,2460.307861328125,2460.505615234375,2457.25732421875,2461.27490234375,2522.0,2282.0
45.75,2394.681396484375,2462.223388671875,2460.8935546875,2460.8935546875,2460.12109375,2460.307861328125,2460.505615234375,2457.25634765625,2461.275390625,2522.0,2282.0
46.0,2394.6826171875,2460.8935546875,2460.8935546875,2460.8935546875,2461.45068359375,2460.307861328125,2460.505615234375,2457.25634765625,2461.275390625,2522.0,2282.0
46.25,2394.68017578125,2460.8935546875,2460.8935546875,2460.8935546875,2460.12109375,2460.307861328125,2460.505615234375,2457.256103515625,2461.275146484375,2522.0,2282.0
46.5,2394.679443359375,2460.8935546875,2460.8935546875,2460.8935546875,2460.12109375,2460.307861328125,2460.505615234375,2457.257080078125,2461.275390625,2522.0,2282.0
46.75,2394.69189453125,2460.8935546875,2460.8935546875,2460.8935546875,2460.12109375,2460.307861328125,2460.505615234375,2458.5849609375,2461.275634765625,2522.0,2282.0
47.0,2393.428955078125,2460.8935546875,2460.8935546875,2460.8935546875,2460.057373046875,2460.339599609375,2460.537109375,2457.359130859375,2461.269287109375,2522.0,2282.0
47.25,2393.42138671875,2460.8935546875,2460.8935546875,2460.8935546875,2460.057373046875,2460.339599609375,2460.537109375,2457.359130859375,2461.267333984375,2522.0,2282.0
47.5,2394.7275390625,2460.8935546875,2460.8935546875,2460.8935546875,2460.057373046875,2460.339599609375,2460.537109375,2457.360595703125,2461.266845703125,2522.0,2282.0
47.75,2393.4287109375,2460.8935546875,2460.8935546875,2460.8935546875,2460.057373046875,2461.669189453125,2460.537109375,2457.359130859375,2461.26708984375,2522.0,2282.0
48.0,2393.423095703125,2462.223388671875,2460.8935546875,2460.8935546875,2460.057373046875,2460.339599609375,2460.537109375,2457.359375,2461.267333984375,2522.0,2282.0
48.25,2393.42041015625,2460.8935546875,2460.8935546875,2460.8935546875,2461.38671875,2460.339599609375,2460.537109375,2457.359375,2461.26708984375,2522.0,2282.0
48.5,2393.42041015625,2460.8935546875,2460.8935546875,2460.8935546875,2460.057373046875,2460.339599609375,2460.537109375,2457.359375,2461.267333984375,2522.0,2282.0
48.75,2393.420654296875,2460.8935546875,2460.8935546875,2460.8935546875,2460.057373046875,2460.339599609375,2460.537109375,2457.359130859375,2461.267333984375,2522.0,2282.0
49.0,2395.677978515625,2460.8935546875,2460.8935546875,2460.8935546875,2460.228515625,2460.38232421875,2460.484375,2459.0302734375,2461.49560546875,2522.0,2282.0
49.25,2395.678955078125,2460.8935546875,2460.8935546875,2460.8935546875,2460.228515625,2460.38232421875,2460.484375,2457.701416015625,2461.495361328125,2522.0,2282.0
49.5,2395.677490234375,2460.8935546875,2460.8935546875,2460.8935546875,2460.228515625,2460.38232421875,2461.81396484375,2457.70166015625,2462.825439453125,2522.0,2282.0
49.75,2396.986083984375,2460.8935546875,2460.8935546875,2462.223388671875,2460.228515625,2460.38232421875,2460.484375,2457.70166015625,2461.4951171875,2522.0,2282.0
50.0,2395.685546875,2460.8935546875,2460.8935546875,2460.8935546875,2460.228515625,2461.7119140625,2460.484375,2457.70166015625,2461.4951171875,2522.0,2282.0
50.25,2395.675537109375,2460.8935546875,2460.8935546875,2460.8935546875,2460.228515625,2460.38232421875,2460.484375,2457.701416015625,2461.495361328125,2522.0,2282.0
50.5,2395.677734375,2460.8935546875,2460.8935546875,2460.8935546875,2460.228515625,2460.38232421875,2460.484375,2457.701416015625,2461.495361328125,2522.0,2282.0
50.75,2395.676513671875,2460.8935546875,2460.8935546875,2460.8935546875,2460.228515625,2460.38232421875,2460.484375,2457.701171875,2461.495361328125,2522.0,2282.0
51.0,2401.441162109375,2460.8935546875,2460.8935546875,2460.8935546875,2460.343994140625,2460.49658203125,2460.597412109375,2458.010009765625,2461.471435546875,2522.0,2282.0
51.25,2401.43994140625,2460.8935546875,2460.8935546875,2460.8935546875,2460.343994140625,2460.49658203125,2460.59765625,2459.3388671875,2461.4716796875,2522.0,2282.0
51.5,2401.439697265625,2460.8935546875,2460.8935546875,2460.8935546875,2460.34423828125,2460.49658203125,2460.59765625,2458.010009765625,2461.471435546875,2522.0,2282.0
51.75,2402.751220703125,2460.8935546875,2460.8935546875,2460.8935546875,2460.343994140625,2460.49658203125,2460.59765625,2458.009765625,2461.471435546875,2522.0,2282.0
52.0,2401.459228515625,2460.8935546875,2460.8935546875,2462.223388671875,2460.34423828125,2460.49658203125,2460.597412109375,2458.01025390625,2461.470947265625,2522.0,2282.0
52.25,2401.440185546875,2460.8935546875,2460.8935546875,2460.8935546875,2460.343994140625,2461.826171875,2460.59765625,2458.01025390625,2461.47119140625,2522.0,2282.0
52.5,2401.44189453125,2462.223388671875,2460.8935546875,2460.8935546875,2460.34423828125,2460.496337890625,2460.59765625,2458.009765625,2461.471435546875,2522.0,2282.0
52.75,2401.440673828125,2460.8935546875,2460.8935546875,2460.8935546875,2460.343994140625,2460.49658203125,2460.59765625,2458.01025390625,2461.471435546875,2522.0,2282.0
53.0,2404.979736328125,2460.8935546875,2460.8935546875,2460.8935546875,2461.80078125,2460.559326171875,2460.6591796875,2458.142578125,2461.437744140625,2522.0,2282.0
53.25,2404.981201171875,2460.8935546875,2462.223388671875,2460.8935546875,2460.47119140625,2460.559326171875,2460.6591796875,2458.142333984375,2461.43798828125,2522.0,2282.0
53.5,2404.982177734375,2460.8935546875,2460.8935546875,2460.8935546875,2460.47119140625,2460.559326171875,2460.6591796875,2459.47119140625,2461.438232421875,2522.0,2282.0
53.75,2404.982177734375,2460.8935546875,2460.8935546875,2460.8935546875,2460.47119140625,2460.559326171875,2460.6591796875,2458.142578125,2461.43798828125,2522.0,2282.0
54.0,2406.2939453125,2460.8935546875,2460.8935546875,2460.8935546875,2460.47119140625,2460.559326171875,2461.989013671875,2458.142578125,2462.76806640625,2522.0,2282.0
54.25,2404.98876953125,2460.8935546875,2460.8935546875,2462.223388671875,2460.47119140625,2460.559326171875,2460.6591796875,2458.142578125,2461.437744140625,2522.0,2282.0
54.5,2404.9814453125,2462.223388671875,2460.8935546875,2460.8935546875,2460.47119140625,2460.559326171875,2460.6591796875,2458.143310546875,2461.4375,2522.0,2282.0
54.75,2404.982421875,2460.8935546875,2460.8935546875,2460.8935546875,2460.47119140625,2460.559326171875,2460.6591796875,2458.142578125,2461.437744140625,2522.0,2282.0
55.0,2411.177734375,2460.8935546875,2460.8935546875,2460.8935546875,2460.421142578125,2460.54150390625,2460.86279296875,2458.296630859375,2461.42578125,2522.0,2282.0
55.25,2411.17919921875,2460.8935546875,2462.223388671875,2460.8935546875,2460.421142578125,2460.54150390625,2460.86279296875,2458.296630859375,2461.426025390625,2522.0,2282.0
55.5,2411.17724609375,2460.8935546875,2460.8935546875,2460.8935546875,2460.421142578125,2460.54150390625,2460.86279296875,2458.297119140625,2461.426025390625,2522.0,2282.0
55.75,2411.1787109375,2460.8935546875,2460.8935546875,2460.8935546875,2460.421142578125,2460.54150390625,2460.86279296875,2458.296630859375,2461.42578125,2522.0,2282.0
56.0,2412.493408203125,2460.8935546875,2460.8935546875,2460.8935546875,2460.421142578125,2460.54150390625,2460.86279296875,2458.296630859375,2462.755859375,2522.0,2282.0
56.25,2411.178955078125,2460.8935546875,2460.8935546875,2460.8935546875,2460.421142578125,2460.54150390625,2460.86279296875,2458.296875,2461.42578125,2522.0,2282.0
56.5,2411.17822265625,2460.8935546875,2460.8935546875,2462.223388671875,2460.421142578125,2460.54150390625,2460.86279296875,2458.297607421875,2461.425537109375,2522.0,2282.0
56.75,2411.295654296875,2460.8935546875,2460.8935546875,2460.8935546875,2460.421142578125,2460.54150390625,2460.86572265625,2458.296630859375,2461.421875,2522.0,2282.0
57.0,2417.197509765625,2460.8935546875,2460.8935546875,2460.8935546875,2460.779541015625,2460.73779296875,2460.993896484375,2459.0673828125,2461.36572265625,2522.0,2282.0
57.25,2417.19677734375,2460.8935546875,2460.8935546875,2460.8935546875,2460.779541015625,2460.73779296875,2460.993896484375,2459.0673828125,2461.36572265625,2522.0,2282.0
57.5,2417.19287109375,2460.8935546875,2462.223388671875,2460.8935546875,2460.779541015625,2460.73779296875,2460.993896484375,2459.067626953125,2461.36572265625,2522.0,2282.0
57.75,2418.499755859375,2460.8935546875,2460.8935546875,2460.8935546875,2460.779541015625,2460.73779296875,2460.993896484375,2460.396484375,2461.36572265625,2522.0,2282.0
58.0,2418.509033203125,2460.8935546875,2460.8935546875,2460.8935546875,2460.779541015625,2460.73779296875,2460.993896484375,2459.0673828125,2461.36572265625,2522.0,2282.0
58.25,2417.19482421875,2460.8935546875,2460.8935546875,2460.8935546875,2460.779541015625,2460.73779296875,2460.993896484375,2459.067626953125,2462.69580078125,2522.0,2282.0
58.5,2417.1923828125,2460.8935546875,2460.8935546875,2460.8935546875,2460.779541015625,2460.73779296875,2460.993896484375,2459.067626953125,2461.36572265625,2522.0,2282.0
58.75,2417.1923828125,2460.8935546875,2460.8935546875,2460.8935546875,2460.779541015625,2460.73779296875,2460.993896484375,2459.068359375,2461.365478515625,2522.0,2282.0
59.0,2423.538330078125,2460.8935546875,2460.8935546875,2460.8935546875,2460.911376953125,2460.900634765625,2461.15478515625,2459.661865234375,2461.2958984375,2522.0,2282.0
59.25,2423.541259765625,2460.8935546875,2460.8935546875,2460.8935546875,2460.911376953125,2460.900634765625,2461.15478515625,2459.661865234375,2461.296142578125,2522.0,2282.0
59.5,2423.542236328125,2460.8935546875,2460.8935546875,2460.8935546875,2460.911376953125,2460.900634765625,2461.15478515625,2459.661865234375,2461.296142578125,2522.0,2282.0
59.75,2423.541015625,2460.8935546875,2462.223388671875,2460.8935546875,2460.911376953125,2460.900634765625,2461.15478515625,2459.662109375,2461.296142578125,2522.0,2282.0
60.0,2423.554931640625,2460.8935546875,2460.8935546875,2460.8935546875,2460.911376953125,2460.900634765625,2461.15478515625,2459.66162109375,2461.296630859375,2522.0,2282.0
60.25,2423.54443359375,2460.8935546875,2460.8935546875,2460.8935546875,2460.911376953125,2460.900634765625,2461.15478515625,2459.662109375,2461.296142578125,2522.0,2282.0
60.5,2423.5400390625,2460.8935546875,2460.8935546875,2460.8935546875,2460.911376953125,2460.900634765625,2461.15478515625,2459.661865234375,2462.626220703125,2522.0,2282.0
60.75,2423.546630859375,2460.8935546875,2460.8935546875,2460.8935546875,2460.911376953125,2460.900634765625,2461.15478515625,2459.662109375,2461.296142578125,2522.0,2282.0
61.0,2427.55810546875,2460.8935546875,2460.8935546875,2460.8935546875,2461.23486328125,2462.20263671875,2461.315673828125,2459.96923828125,2461.27197265625,2522.0,2282.0
61.25,2427.558837890625,2462.223388671875,2460.8935546875,2460.8935546875,2461.23486328125,2460.872802734375,2461.315673828125,2459.969970703125,2461.272216796875,2522.0,2282.0
61.5,2427.558837890625,2460.8935546875,2460.8935546875,2460.8935546875,2461.23486328125,2460.872802734375,2461.315673828125,2459.97021484375,2461.272216796875,2522.0,2282.0
61.75,2427.55859375,2460.8935546875,2460.8935546875,2460.8935546875,2461.23486328125,2460.872802734375,2461.315673828125,2459.97021484375,2461.272216796875,2522.0,2282.0
62.0,2428.87158203125,2460.8935546875,2462.223388671875,2460.8935546875,2461.23486328125,2460.872802734375,2461.315673828125,2459.969970703125,2461.272216796875,2522.0,2282.0
62.25,2427.5625,2460.8935546875,2460.8935546875,2460.8935546875,2461.23486328125,2460.872802734375,2461.315673828125,2461.299072265625,2461.2724609375,2522.0,2282.0
62.5,2427.5634765625,2460.8935546875,2460.8935546875,2460.8935546875,2461.23486328125,2460.872802734375,2461.315673828125,2459.969970703125,2461.272216796875,2522.0,2282.0
62.75,2427.559326171875,2460.8935546875,2460.8935546875,2460.8935546875,2461.23486328125,2460.87255859375,2461.315673828125,2459.969970703125,2462.602294921875,2522.0,2282.0
63.0,2433.61181640625,2460.8935546875,2460.8935546875,2460.8935546875,2461.5380859375,2460.888916015625,2462.691650390625,2460.636962890625,2461.22021484375,2522.0,2282.0
63.25,2433.608154296875,2460.8935546875,2460.8935546875,2460.8935546875,2461.5380859375,2462.21875,2461.361572265625,2460.63623046875,2461.22021484375,2522.0,2282.0
63.5,2433.608642578125,2460.8935546875,2460.8935546875,2460.8935546875,2461.5380859375,2460.888916015625,2461.361572265625,2460.63818359375,2461.2197265625,2522.0,2282.0
63.75,2433.611572265625,2460.8935546875,2460.8935546875,2460.8935546875,2461.5380859375,2460.888916015625,2461.361572265625,2460.636962890625,2461.22021484375,2522.0,2282.0
64.0,2434.93310546875,2460.8935546875,2460.8935546875,2460.8935546875,2461.5380859375,2460.888916015625,2461.361572265625,2460.636962890625,2461.22021484375,2522.0,2282.0
64.25,2433.61865234375,2460.8935546875,2460.8935546875,2460.8935546875,2461.5380859375,2460.888916015625,2461.361572265625,2460.636962890625,2461.22021484375,2522.0,2282.0
64.5,2433.609375,2460.8935546875,2460.8935546875,2460.8935546875,2461.5380859375,2460.888916015625,2461.361572265625,2461.967041015625,2461.22021484375,2522.0,2282.0
64.75,2433.607421875,2460.8935546875,2460.8935546875,2460.8935546875,2461.5380859375,2460.888916015625,2461.361572265625,2460.636962890625,2461.22021484375,2522.0,2282.0
65.0,2439.463623046875,2460.8935546875,2460.8935546875,2460.8935546875,2461.67822265625,2460.997314453125,2461.49951171875,2460.718017578125,2462.520751953125,2522.0,2282.0
65.25,2439.459228515625,2460.8935546875,2460.8935546875,2460.8935546875,2461.67822265625,2460.997314453125,2462.82958984375,2460.718017578125,2461.190673828125,2522.0,2282.0
65.5,2439.469970703125,2460.8935546875,2460.8935546875,2460.8935546875,2461.67822265625,2462.3271484375,2461.49951171875,2460.716796875,2461.1904296875,2522.0,2282.0
65.75,2439.468994140625,2460.8935546875,2460.8935546875,2460.8935546875,2461.67822265625,2460.997314453125,2461.49951171875,2460.718994140625,2461.190185546875,2522.0,2282.0
66.0,2440.78271484375,2460.8935546875,2460.8935546875,2460.8935546875,2461.67822265625,2460.997314453125,2461.49951171875,2460.718017578125,2461.190673828125,2522.0,2282.0
66.25,2439.470947265625,2460.8935546875,2460.8935546875,2460.8935546875,2461.67822265625,2460.997314453125,2461.49951171875,2460.718017578125,2461.190673828125,2522.0,2282.0
66.5,2439.46533203125,2460.8935546875,2462.223388671875,2460.8935546875,2461.67822265625,2460.997314453125,2461.49951171875,2460.718017578125,2461.190673828125,2522.0,2282.0
66.75,2439.461669921875,2460.8935546875,2460.8935546875,2460.8935546875,2461.67822265625,2460.997314453125,2461.49951171875,2460.717041015625,2461.191162109375,2522.0,2282.0
67.0,2438.5048828125,2460.8935546875,2460.8935546875,2460.8935546875,2461.703857421875,2461.023193359375,2461.4931640625,2460.6962890625,2461.169189453125,2522.0,2282.0
67.25,2438.507080078125,2460.8935546875,2460.8935546875,2460.8935546875,2461.703857421875,2461.02294921875,2461.4931640625,2460.6962890625,2462.499267578125,2522.0,2282.0
67.5,2438.501953125,2460.8935546875,2460.8935546875,2460.8935546875,2461.703857421875,2461.023193359375,2462.8232421875,2460.696533203125,2461.169189453125,2522.0,2282.0
67.75,2438.51416015625,2460.8935546875,2460.8935546875,2460.8935546875,2461.703857421875,2461.02294921875,2461.4931640625,2460.697021484375,2461.169189453125,2522.0,2282.0
68.0,2438.510498046875,2460.8935546875,2460.8935546875,2460.8935546875,2461.703857421875,2461.023193359375,2461.4931640625,2460.697265625,2461.1689453125,2522.0,2282.0
68.25,2438.50732421875,2460.8935546875,2460.8935546875,2460.8935546875,2461.703857421875,2461.02294921875,2461.4931640625,2460.696044921875,2461.169189453125,2522.0,2282.0
68.5,2438.514892578125,2460.8935546875,2460.8935546875,2460.8935546875,2463.0341796875,2461.023193359375,2461.4931640625,2460.6962890625,2461.169189453125,2522.0,2282.0
68.75,2438.509521484375,2460.8935546875,2462.223388671875,2460.8935546875,2461.703857421875,2461.02294921875,2461.4931640625,2460.6962890625,2461.16943359375,2522.0,2282.0
69.0,2439.217529296875,2460.8935546875,2460.8935546875,2460.8935546875,2461.7236328125,2461.07470703125,2461.5126953125,2460.563232421875,2461.203125,2522.0,2282.0
69.25,2439.21826171875,2460.8935546875,2460.8935546875,2460.8935546875,2461.7236328125,2461.07470703125,2461.5126953125,2460.563720703125,2461.202880859375,2522.0,2282.0
69.5,2439.216064453125,2460.8935546875,2460.8935546875,2460.8935546875,2461.7236328125,2461.07470703125,2462.843017578125,2460.564208984375,2461.20263671875,2522.0,2282.0
69.75,2439.216796875,2460.8935546875,2460.8935546875,2460.8935546875,2461.7236328125,2461.07470703125,2462.843017578125,2460.564208984375,2461.202880859375,2522.0,2282.0
70.0,2439.221435546875,2460.8935546875,2460.8935546875,2460.8935546875,2461.7236328125,2461.074462890625,2461.5126953125,2460.56494140625,2461.20263671875,2522.0,2282.0
70.25,2439.219970703125,2460.8935546875,2460.8935546875,2460.8935546875,2461.7236328125,2461.07470703125,2461.5126953125,2460.56494140625,2461.202392578125,2522.0,2282.0
70.5,2440.53759765625,2460.8935546875,2460.8935546875,2460.8935546875,2461.7236328125,2461.074462890625,2461.5126953125,2460.56396484375,2461.20263671875,2522.0,2282.0
70.75,2439.2314453125,2460.8935546875,2460.8935546875,2460.8935546875,2461.7236328125,2461.07470703125,2461.51513671875,2460.564208984375,2461.201171875,2522.0,2282.0
71.0,2439.368896484375,2460.8935546875,2462.223388671875,2460.8935546875,2461.81005859375,2460.970458984375,2461.598388671875,2460.696044921875,2461.169189453125,2522.0,2282.0
71.25,2439.365478515625,2460.8935546875,2460.8935546875,2460.8935546875,2461.81005859375,2460.970458984375,2461.598388671875,2462.026123046875,2461.169677734375,2522.0,2282.0
71.5,2439.365966796875,2460.8935546875,2460.8935546875,2460.8935546875,2461.81005859375,2460.970458984375,2461.598388671875,2460.6962890625,2461.169189453125,2522.0,2282.0
71.75,2439.362548828125,2460.8935546875,2460.8935546875,2460.8935546875,2461.81005859375,2460.970458984375,2462.9287109375,2460.696044921875,2461.16748046875,2522.0,2282.0
72.0,2439.37158203125,2460.8935546875,2460.8935546875,2460.8935546875,2461.81005859375,2460.970458984375,2462.928466796875,2460.6962890625,2461.169189453125,2522.0,2282.0
72.25,2439.37060546875,2460.8935546875,2460.8935546875,2460.8935546875,2461.81005859375,2460.970458984375,2461.598388671875,2460.697021484375,2461.169189453125,2522.0,2282.0
72.5,2439.3681640625,2460.8935546875,2460.8935546875,2460.8935546875,2461.81005859375,2460.970458984375,2461.598388671875,2460.697265625,2461.1689453125,2522.0,2282.0
72.75,2440.685302734375,2460.8935546875,2460.8935546875,2460.8935546875,2461.81005859375,2460.970458984375,2461.598388671875,2460.6962890625,2461.169189453125,2522.0,2282.0
73.0,2439.586181640625,2460.8935546875,2460.8935546875,2460.8935546875,2461.91064453125,2461.00732421875,2461.66552734375,2461.03369140625,2461.119873046875,2522.0,2282.0
73.25,2439.57666015625,2460.8935546875,2460.8935546875,2460.8935546875,2461.91064453125,2461.00732421875,2461.66552734375,2461.03369140625,2461.119873046875,2522.0,2282.0
73.5,2439.57568359375,2460.8935546875,2460.8935546875,2460.8935546875,2461.91064453125,2461.00732421875,2461.66552734375,2461.0322265625,2461.1201171875,2522.0,2282.0
73.75,2439.57763671875,2460.8935546875,2460.8935546875,2460.8935546875,2461.91064453125,2461.00732421875,2461.66552734375,2461.03369140625,2461.119873046875,2522.0,2282.0
74.0,2439.58447265625,2460.8935546875,2460.8935546875,2460.8935546875,2461.91064453125,2461.00732421875,2461.66552734375,2461.033447265625,2462.44970703125,2522.0,2282.0
74.25,2439.5810546875,2460.8935546875,2460.8935546875,2460.8935546875,2461.91064453125,2461.00732421875,2462.995849609375,2461.03369140625,2461.11865234375,2522.0,2282.0
74.5,2439.57861328125,2460.8935546875,2460.8935546875,2460.8935546875,2461.91064453125,2461.00732421875,2461.66552734375,2461.03369140625,2461.119873046875,2522.0,2282.0
74.75,2439.57861328125,2460.8935546875,2460.8935546875,2460.8935546875,2461.91064453125,2461.00732421875,2461.66552734375,2461.03466796875,2461.119384765625,2522.0,2282.0
75.0,2443.63671875,2460.8935546875,2460.8935546875,2460.8935546875,2461.716064453125,2461.131103515625,2461.757080078125,2460.72607421875,2461.143798828125,2522.0,2282.0
75.25,2443.63427734375,2460.8935546875,2460.8935546875,2460.8935546875,2461.716064453125,2461.131103515625,2461.757080078125,2460.725830078125,2461.143798828125,2522.0,2282.0
75.5,2443.6318359375,2460.8935546875,2460.8935546875,2460.8935546875,2461.716064453125,2461.131103515625,2461.757080078125,2460.72509765625,2461.14404296875,2522.0,2282.0
75.75,2443.630859375,2460.8935546875,2460.8935546875,2460.8935546875,2461.716064453125,2461.131103515625,2461.757080078125,2462.0556640625,2461.143798828125,2522.0,2282.0
76.0,2443.6337890625,2460.8935546875,2460.8935546875,2460.8935546875,2461.716064453125,2461.131103515625,2461.757080078125,2460.72607421875,2461.143798828125,2522.0,2282.0
76.25,2443.6328125,2460.8935546875,2460.8935546875,2460.8935546875,2461.71630859375,2461.131103515625,2461.757080078125,2460.72607421875,2462.473876953125,2522.0,2282.0
76.5,2443.634033203125,2460.8935546875,2460.8935546875,2460.8935546875,2461.716064453125,2461.131103515625,2463.08740234375,2460.725830078125,2461.143798828125,2522.0,2282.0
76.75,2443.632080078125,2460.8935546875,2460.8935546875,2460.8935546875,2461.71630859375,2462.461181640625,2461.757080078125,2460.72509765625,2461.1435546875,2522.0,2282.0
77.0,2440.899658203125,2460.8935546875,2460.8935546875,2460.8935546875,2461.5234375,2461.192138671875,2461.661376953125,2460.10693359375,2461.515625,2522.0,2282.0
77.25,2440.904052734375,2460.8935546875,2460.8935546875,2460.8935546875,2461.5234375,2461.192138671875,2461.6611328125,2460.106201171875,2461.51611328125,2522.0,2282.0
77.5,2440.900146484375,2460.8935546875,2460.8935546875,2460.8935546875,2462.853515625,2461.192138671875,2461.661376953125,2460.1064453125,2461.51611328125,2522.0,2282.0
77.75,2440.8984375,2460.8935546875,2460.8935546875,2460.8935546875,2461.5234375,2461.19189453125,2461.661376953125,2460.106201171875,2461.51611328125,2522.0,2282.0
78.0,2440.895751953125,2460.8935546875,2460.8935546875,2460.8935546875,2461.5234375,2461.192138671875,2461.661376953125,2460.105712890625,2461.5166015625,2522.0,2282.0
78.25,2440.898681640625,2460.8935546875,2460.8935546875,2460.8935546875,2461.5234375,2461.19189453125,2461.6611328125,2460.1064453125,2461.51611328125,2522.0,2282.0
78.5,2436.5810546875,2462.223388671875,2460.8935546875,2460.8935546875,2461.4580078125,2461.18994140625,2461.50244140625,2459.953369140625,2461.5283203125,2522.0,2282.0
78.75,2436.579833984375,2462.223388671875,2460.8935546875,2460.8935546875,2461.4580078125,2461.18994140625,2461.50244140625,2459.9521484375,2461.527587890625,2522.0,2282.0
79.0,2437.90185546875,2460.8935546875,2460.8935546875,2460.8935546875,2461.4580078125,2461.18994140625,2461.50244140625,2459.952392578125,2461.5283203125,2522.0,2282.0
79.25,2436.587158203125,2460.8935546875,2460.8935546875,2460.8935546875,2462.7880859375,2461.18994140625,2461.50244140625,2459.952392578125,2461.528076171875,2522.0,2282.0
79.5,2436.58056640625,2460.8935546875,2460.8935546875,2460.8935546875,2461.4580078125,2461.18994140625,2461.50244140625,2459.952392578125,2461.528076171875,2522.0,2282.0
79.75,2436.57958984375,2460.8935546875,2460.8935546875,2460.8935546875,2461.4580078125,2461.18994140625,2461.50244140625,2461.28173828125,2461.528564453125,2522.0,2282.0
80.0,2436.57958984375,2460.8935546875,2460.8935546875,2460.8935546875,2461.4580078125,2461.18994140625,2461.50244140625,2459.952392578125,2461.528076171875,2522.0,2282.0
80.25,2436.5810546875,2460.8935546875,2460.8935546875,2460.8935546875,2461.457763671875,2461.18994140625,2461.50244140625,2459.952392578125,2462.8583984375,2522.0,2282.0
80.5,2426.65478515625,2460.8935546875,2460.8935546875,2460.8935546875,2461.4111328125,2461.016845703125,2462.440185546875,2459.519775390625,2461.538818359375,2522.0,2282.0
80.75,2426.650390625,2460.8935546875,2460.8935546875,2460.8935546875,2461.4111328125,2462.3466796875,2461.1103515625,2459.51904296875,2461.53857421875,2522.0,2282.0
81.0,2426.6533203125,2460.8935546875,2460.8935546875,2460.8935546875,2461.4111328125,2461.016845703125,2461.1103515625,2459.520751953125,2461.538330078125,2522.0,2282.0
81.25,2426.654541015625,2460.8935546875,2460.8935546875,2460.8935546875,2461.4111328125,2461.016845703125,2461.1103515625,2459.52001953125,2461.538818359375,2522.0,2282.0
81.5,2426.655029296875,2460.8935546875,2460.8935546875,2460.8935546875,2461.411376953125,2461.016845703125,2461.1103515625,2459.52001953125,2461.538818359375,2522.0,2282.0
81.75,2427.965576171875,2460.8935546875,2462.223388671875,2460.8935546875,2461.4111328125,2461.016845703125,2461.1103515625,2459.52001953125,2461.538818359375,2522.0,2282.0
82.0,2426.658935546875,2460.8935546875,2460.8935546875,2460.8935546875,2461.4111328125,2461.016845703125,2461.1103515625,2459.519775390625,2461.5390625,2522.0,2282.0
82.25,2426.653076171875,2460.8935546875,2460.8935546875,2460.8935546875,2461.4111328125,2461.016845703125,2461.1103515625,2459.519775390625,2461.538818359375,2522.0,2282.0
82.5,2418.541748046875,2460.8935546875,2460.8935546875,2460.8935546875,2461.3173828125,2460.765625,2460.955078125,2458.9765625,2462.9345703125,2522.0,2282.0
82.75,2418.543212890625,2460.8935546875,2460.8935546875,2460.8935546875,2461.3173828125,2460.765625,2462.28515625,2458.9765625,2461.604248046875,2522.0,2282.0
83.0,2418.550537109375,2460.8935546875,2460.8935546875,2460.8935546875,2461.3173828125,2460.765625,2460.955078125,2458.9775390625,2461.604248046875,2522.0,2282.0
83.25,2418.548828125,2462.223388671875,2460.8935546875,2460.8935546875,2461.3173828125,2460.765625,2460.955078125,2458.976318359375,2461.603759765625,2522.0,2282.0
83.5,2418.544677734375,2460.8935546875,2460.8935546875,2460.8935546875,2461.3173828125,2460.765625,2460.955078125,2458.9765625,2461.604248046875,2522.0,2282.0
83.75,2418.5439453125,2460.8935546875,2460.8935546875,2460.8935546875,2461.3173828125,2460.765625,2460.955078125,2458.976806640625,2461.604248046875,2522.0,2282.0
84.0,2418.5458984375,2460.8935546875,2462.223388671875,2460.8935546875,2461.3173828125,2460.765625,2460.955078125,2458.9765625,2461.604248046875,2522.0,2282.0
84.25,2419.850341796875,2460.8935546875,2460.8935546875,2460.8935546875,2461.3173828125,2460.765625,2460.955078125,2460.305419921875,2461.604736328125,2522.0,2282.0
84.5,2412.313232421875,2460.8935546875,2460.8935546875,2460.8935546875,2461.06103515625,2460.5107421875,2460.986572265625,2458.74951171875,2461.598876953125,2522.0,2282.0
84.75,2413.624267578125,2460.8935546875,2460.8935546875,2460.8935546875,2461.06103515625,2460.5107421875,2460.986572265625,2458.749267578125,2462.92919921875,2522.0,2282.0
85.0,2412.314453125,2460.8935546875,2460.8935546875,2460.8935546875,2461.06103515625,2460.5107421875,2462.31640625,2458.74951171875,2461.598876953125,2522.0,2282.0
85.25,2412.3115234375,2460.8935546875,2460.8935546875,2460.8935546875,2461.06103515625,2460.5107421875,2460.986572265625,2458.75,2461.598876953125,2522.0,2282.0
85.5,2412.308349609375,2460.8935546875,2460.8935546875,2460.8935546875,2461.06103515625,2460.5107421875,2460.986572265625,2458.750244140625,2461.598388671875,2522.0,2282.0
85.75,2412.319091796875,2460.8935546875,2460.8935546875,2460.8935546875,2461.06103515625,2460.5107421875,2460.986572265625,2458.74951171875,2461.598876953125,2522.0,2282.0
86.0,2412.318115234375,2460.8935546875,2460.8935546875,2460.8935546875,2462.390869140625,2460.5107421875,2460.986572265625,2458.749267578125,2461.598876953125,2522.0,2282.0
86.25,2412.3125,2460.8935546875,2462.223388671875,2460.8935546875,2461.06103515625,2460.5107421875,2460.986572265625,2458.749267578125,2461.598876953125,2522.0,2282.0
86.5,2404.923828125,2460.8935546875,2460.8935546875,2460.8935546875,2460.95068359375,2460.2412109375,2460.75146484375,2458.1845703125,2461.643310546875,2522.0,2282.0
86.75,2404.92333984375,2460.8935546875,2460.8935546875,2460.8935546875,2460.95068359375,2460.2412109375,2460.751708984375,2458.18408203125,2461.64306640625,2522.0,2282.0
87.0,2404.92529296875,2460.8935546875,2460.8935546875,2460.8935546875,2460.95068359375,2460.2412109375,2460.75146484375,2458.183837890625,2461.64306640625,2522.0,2282.0
87.25,2406.222412109375,2460.8935546875,2460.8935546875,2460.8935546875,2460.95068359375,2460.2412109375,2462.081298828125,2458.18408203125,2461.64306640625,2522.0,2282.0
87.5,2404.93212890625,2460.8935546875,2460.8935546875,2460.8935546875,2460.95068359375,2460.2412109375,2460.75146484375,2458.184814453125,2461.642578125,2522.0,2282.0
87.75,2404.92431640625,2462.223388671875,2460.8935546875,2460.8935546875,2460.95068359375,2460.2412109375,2460.75146484375,2458.183837890625,2461.642578125,2522.0,2282.0
88.0,2404.922607421875,2460.8935546875,2460.8935546875,2460.8935546875,2460.95068359375,2460.2412109375,2460.75146484375,2458.18408203125,2461.64306640625,2522.0,2282.0
88.25,2404.923583984375,2460.8935546875,2460.8935546875,2460.8935546875,2460.95068359375,2460.2412109375,2460.75146484375,2458.18408203125,2461.64306640625,2522.0,2282.0
88.5,2394.52197265625,2460.8935546875,2462.223388671875,2460.8935546875,2460.547119140625,2459.966796875,2460.606689453125,2457.493896484375,2461.673828125,2522.0,2282.0
88.75,2394.51953125,2460.8935546875,2460.8935546875,2460.8935546875,2460.547119140625,2459.966796875,2460.6064453125,2458.82177734375,2461.674072265625,2522.0,2282.0
89.0,2394.513671875,2460.8935546875,2460.8935546875,2460.8935546875,2460.547119140625,2459.966796875,2460.6064453125,2457.493896484375,2461.673828125,2522.0,2282.0
89.25,2394.514404296875,2460.8935546875,2460.8935546875,2460.8935546875,2460.547119140625,2459.966796875,2460.6064453125,2457.493896484375,2461.67333984375,2522.0,2282.0
89.5,2394.514404296875,2460.8935546875,2460.8935546875,2460.8935546875,2460.547119140625,2459.966796875,2461.936279296875,2457.493896484375,2461.673828125,2522.0,2282.0
89.75,2395.80517578125,2460.8935546875,2460.8935546875,2460.8935546875,2460.547119140625,2459.966796875,2460.6064453125,2457.49462890625,2461.67333984375,2522.0,2282.0
90.0,2394.522705078125,2460.8935546875,2460.8935546875,2460.8935546875,2460.547119140625,2459.966796875,2460.606689453125,2457.49462890625,2461.67333984375,2522.0,2282.0
90.25,2394.51416015625,2460.8935546875,2460.8935546875,2460.8935546875,2460.547119140625,2459.966796875,2460.6064453125,2457.493896484375,2461.673828125,2522.0,2282.0
90.5,2378.000244140625,2460.8935546875,2460.8935546875,2460.8935546875,2460.051025390625,2459.790771484375,2460.181396484375,2456.75146484375,2461.70849609375,2522.0,2282.0
90.75,2377.989013671875,2460.8935546875,2462.223388671875,2460.8935546875,2460.051025390625,2459.790771484375,2460.181396484375,2456.751953125,2461.70849609375,2522.0,2282.0
91.0,2377.987548828125,2460.8935546875,2460.8935546875,2460.8935546875,2460.051025390625,2459.790771484375,2460.181396484375,2456.753173828125,2461.708740234375,2522.0,2282.0
91.25,2377.9853515625,2460.8935546875,2460.8935546875,2460.8935546875,2460.051025390625,2459.790771484375,2460.181396484375,2456.751708984375,2461.70849609375,2522.0,2282.0
91.5,2377.98779296875,2460.8935546875,2460.8935546875,2460.8935546875,2460.051025390625,2459.790771484375,2460.181396484375,2456.751708984375,2461.70849609375,2522.0,2282.0
91.75,2377.98828125,2460.8935546875,2460.8935546875,2460.8935546875,2460.051025390625,2459.790771484375,2461.510986328125,2456.751953125,2461.70849609375,2522.0,2282.0
92.0,2377.98779296875,2460.8935546875,2460.8935546875,2460.8935546875,2460.051025390625,2459.790771484375,2460.181396484375,2456.752685546875,2461.7080078125,2522.0,2282.0
92.25,2377.991943359375,2462.223388671875,2460.8935546875,2460.8935546875,2460.051025390625,2459.790771484375,2460.181396484375,2456.751953125,2461.7080078125,2522.0,2282.0
92.5,2370.24267578125,2460.8935546875,2460.8935546875,2460.8935546875,2459.739990234375,2459.7373046875,2459.97119140625,2456.031005859375,2461.764892578125,2522.0,2282.0
92.75,2371.5439453125,2460.8935546875,2460.8935546875,2460.8935546875,2461.069091796875,2459.7373046875,2459.97119140625,2456.031005859375,2461.7646484375,2522.0,2282.0
93.0,2370.253662109375,2460.8935546875,2460.8935546875,2460.8935546875,2459.739990234375,2459.7373046875,2459.97119140625,2456.031005859375,2461.764892578125,2522.0,2282.0
93.25,2370.242431640625,2460.8935546875,2460.8935546875,2460.8935546875,2459.739990234375,2459.7373046875,2459.97119140625,2456.03271484375,2461.764892578125,2522.0,2282.0
93.5,2370.2373046875,2460.8935546875,2460.8935546875,2460.8935546875,2459.739990234375,2459.7373046875,2459.97119140625,2456.031005859375,2461.76513671875,2522.0,2282.0
93.75,2370.239990234375,2460.8935546875,2460.8935546875,2460.8935546875,2459.739990234375,2459.7373046875,2459.97119140625,2456.031005859375,2461.7646484375,2522.0,2282.0
94.0,2370.25048828125,2460.8935546875,2460.8935546875,2460.8935546875,2459.739990234375,2459.7373046875,2459.97119140625,2456.03076171875,2461.764892578125,2522.0,2282.0
94.25,2370.24267578125,2460.8935546875,2460.8935546875,2460.8935546875,2459.739990234375,2459.7373046875,2459.97119140625,2456.03173828125,2461.76611328125,2522.0,2282.0
94.5,2365.89208984375,2460.8935546875,2460.8935546875,2460.8935546875,2459.20166015625,2459.904296875,2459.789794921875,2455.442626953125,2461.78759765625,2522.0,2282.0
94.75,2365.890869140625,2460.8935546875,2460.8935546875,2460.8935546875,2459.20166015625,2459.904296875,2459.789794921875,2455.442626953125,2461.78759765625,2522.0,2282.0
95.0,2367.18994140625,2460.8935546875,2460.8935546875,2460.8935546875,2460.530517578125,2459.904296875,2459.789794921875,2455.442626953125,2461.785888671875,2522.0,2282.0
95.25,2365.913818359375,2460.8935546875,2462.223388671875,2460.8935546875,2459.20166015625,2459.904296875,2459.789794921875,2455.4423828125,2461.78759765625,2522.0,2282.0
95.5,2365.897216796875,2460.8935546875,2460.8935546875,2460.8935546875,2459.20166015625,2459.904296875,2459.789794921875,2455.442626953125,2461.78759765625,2522.0,2282.0
95.75,2365.889892578125,2460.8935546875,2460.8935546875,2460.8935546875,2459.20166015625,2459.904296875,2459.789794921875,2455.442626953125,2461.78759765625,2522.0,2282.0
96.0,2365.890625,2460.8935546875,2460.8935546875,2460.8935546875,2459.20166015625,2459.904296875,2459.789794921875,2455.44287109375,2461.78759765625,2522.0,2282.0
96.25,2365.888427734375,2460.8935546875,2460.8935546875,2460.8935546875,2459.201416015625,2459.904296875,2459.789794921875,2455.442626953125,2461.78759765625,2522.0,2282.0
96.5,2365.011962890625,2460.8935546875,2460.8935546875,2460.8935546875,2459.21240234375,2459.9501953125,2459.8671875,2455.340576171875,2461.795166015625,2522.0,2282.0
96.75,2365.011474609375,2460.8935546875,2460.8935546875,2460.8935546875,2459.21240234375,2459.9501953125,2459.8671875,2455.33935546875,2461.795654296875,2522.0,2282.0
97.0,2365.011962890625,2460.8935546875,2460.8935546875,2460.8935546875,2459.21240234375,2459.9501953125,2459.8671875,2455.33935546875,2461.795654296875,2522.0,2282.0
97.25,2365.030029296875,2460.8935546875,2460.8935546875,2460.8935546875,2460.541259765625,2459.9501953125,2459.8671875,2455.33935546875,2461.795654296875,2522.0,2282.0
97.5,2365.025146484375,2460.8935546875,2462.223388671875,2460.8935546875,2459.21240234375,2459.9501953125,2459.8671875,2455.339599609375,2461.795654296875,2522.0,2282.0
97.75,2365.012939453125,2460.8935546875,2460.8935546875,2460.8935546875,2459.212158203125,2459.9501953125,2459.8671875,2455.339599609375,2461.795654296875,2522.0,2282.0
98.0,2365.01025390625,2460.8935546875,2460.8935546875,2460.8935546875,2459.21240234375,2459.9501953125,2459.8671875,2455.339599609375,2461.795654296875,2522.0,2282.0
98.25,2365.010986328125,2460.8935546875,2460.8935546875,2460.8935546875,2459.21240234375,2459.9501953125,2459.8671875,2455.33935546875,2461.795654296875,2522.0,2282.0
98.5,2363.941162109375,2460.8935546875,2460.8935546875,2460.8935546875,2459.392822265625,2459.779052734375,2459.950439453125,2455.266357421875,2461.778076171875,2522.0,2282.0
98.75,2363.945068359375,2460.8935546875,2460.8935546875,2460.8935546875,2459.392822265625,2459.779052734375,2459.950439453125,2455.266845703125,2461.777587890625,2522.0,2282.0
99.0,2363.944091796875,2460.8935546875,2460.8935546875,2460.8935546875,2459.392822265625,2459.779052734375,2459.950439453125,2455.26611328125,2461.778076171875,2522.0,2282.0
99.25,2363.94384765625,2460.8935546875,2460.8935546875,2460.8935546875,2459.392822265625,2459.779052734375,2459.950439453125,2455.266357421875,2461.778076171875,2522.0,2282.0
99.5,2365.2421875,2460.8935546875,2460.8935546875,2460.8935546875,2460.721923828125,2459.779052734375,2459.950439453125,2455.266357421875,2461.7763671875,2522.0,2282.0
99.75,2363.95703125,2460.8935546875,2460.8935546875,2460.8935546875,2459.392822265625,2459.779052734375,2459.950439453125,2455.26611328125,2461.778076171875,2522.0,2282.0
100.0,2363.945068359375,2460.8935546875,2460.8935546875,2460.8935546875,2459.39306640625,2459.779052734375,2459.950439453125,2455.268310546875,2461.7783203125,2522.0,2282.0
100.25,2363.944091796875,2460.8935546875,2460.8935546875,2460.8935546875,2459.392822265625,2459.779052734375,2459.950439453125,2455.266357421875,2461.778076171875,2522.0,2282.0
100.5,2366.896484375,2460.8935546875,2460.8935546875,2460.8935546875,2459.207275390625,2459.68896484375,2460.1787109375,2455.050537109375,2462.127685546875,2522.0,2282.0
100.75,2366.894775390625,2460.8935546875,2460.8935546875,2462.223388671875,2459.20703125,2459.68896484375,2460.1787109375,2455.05029296875,2460.7978515625,2522.0,2282.0
101.0,2366.896484375,2460.8935546875,2460.8935546875,2460.8935546875,2459.207275390625,2459.68896484375,2460.1787109375,2455.052001953125,2460.79736328125,2522.0,2282.0
101.25,2366.89697265625,2460.8935546875,2460.8935546875,2460.8935546875,2459.207275390625,2461.01806640625,2460.1787109375,2455.052001953125,2460.797607421875,2522.0,2282.0
101.5,2366.897216796875,2460.8935546875,2460.8935546875,2460.8935546875,2459.207275390625,2459.68896484375,2460.1787109375,2455.050537109375,2460.7978515625,2522.0,2282.0
101.75,2368.20751953125,2460.8935546875,2460.8935546875,2460.8935546875,2459.207275390625,2459.68896484375,2460.1787109375,2455.050537109375,2460.7978515625,2522.0,2282.0
102.0,2366.91650390625,2460.8935546875,2460.8935546875,2460.8935546875,2459.207275390625,2459.68896484375,2460.1787109375,2455.050537109375,2460.7978515625,2522.0,2282.0
102.25,2366.896240234375,2460.8935546875,2460.8935546875,2460.8935546875,2459.20703125,2459.68896484375,2460.1787109375,2455.05029296875,2460.7978515625,2522.0,2282.0
102.5,2368.832275390625,2460.8935546875,2460.8935546875,2460.8935546875,2459.08203125,2459.564697265625,2460.15234375,2456.62109375,2460.70947265625,2522.0,2282.0
102.75,2368.832275390625,2460.8935546875,2460.8935546875,2460.8935546875,2459.08203125,2459.564697265625,2460.15234375,2455.294189453125,2462.0390625,2522.0,2282.0
103.0,2368.828857421875,2460.8935546875,2460.8935546875,2460.8935546875,2459.08203125,2459.564697265625,2460.15234375,2455.2939453125,2460.709228515625,2522.0,2282.0
103.25,2368.83056640625,2460.8935546875,2460.8935546875,2460.8935546875,2459.08203125,2459.564697265625,2460.15234375,2455.295654296875,2460.708984375,2522.0,2282.0
103.5,2368.830810546875,2460.8935546875,2460.8935546875,2460.8935546875,2459.08203125,2460.893798828125,2460.15234375,2455.295654296875,2460.708984375,2522.0,2282.0
103.75,2368.830078125,2460.8935546875,2460.8935546875,2460.8935546875,2459.08203125,2459.564697265625,2460.15234375,2455.2939453125,2460.709228515625,2522.0,2282.0
104.0,2368.830078125,2460.8935546875,2460.8935546875,2460.8935546875,2459.08203125,2459.564697265625,2460.15234375,2455.294189453125,2460.709228515625,2522.0,2282.0
104.25,2370.119140625,2460.8935546875,2460.8935546875,2460.8935546875,2459.08203125,2459.564697265625,2460.15234375,2455.2939453125,2460.709228515625,2522.0,2282.0
104.5,2369.94921875,2460.8935546875,2460.8935546875,2460.8935546875,2459.179931640625,2459.66162109375,2460.185546875,2455.2958984375,2460.70947265625,2522.0,2282.0
104.75,2369.947998046875,2460.8935546875,2460.8935546875,2460.8935546875,2459.179931640625,2459.66162109375,2460.185546875,2455.294189453125,2460.709228515625,2522.0,2282.0
105.0,2369.9443359375,2460.8935546875,2460.8935546875,2460.8935546875,2459.179931640625,2459.66162109375,2460.185546875,2455.2939453125,2462.0390625,2522.0,2282.0
105.25,2369.947998046875,2460.8935546875,2460.8935546875,2460.8935546875,2459.179931640625,2459.66162109375,2460.185546875,2455.294189453125,2460.709228515625,2522.0,2282.0
105.5,2369.948486328125,2460.8935546875,2460.8935546875,2460.8935546875,2459.1796875,2459.66162109375,2460.185546875,2455.29541015625,2460.708984375,2522.0,2282.0
105.75,2369.947265625,2462.223388671875,2460.8935546875,2460.8935546875,2459.179931640625,2459.66162109375,2460.185546875,2455.294189453125,2460.708984375,2522.0,2282.0
106.0,2369.950439453125,2460.8935546875,2460.8935546875,2460.8935546875,2459.179931640625,2459.66162109375,2460.185546875,2455.2939453125,2460.709228515625,2522.0,2282.0
106.25,2369.971435546875,2460.8935546875,2460.8935546875,2460.8935546875,2459.179931640625,2459.66162109375,2460.185546875,2455.294189453125,2460.709228515625,2522.0,2282.0
106.5,2369.796630859375,2460.8935546875,2462.223388671875,2460.8935546875,2458.7607421875,2459.851318359375,2460.184326171875,2455.345703125,2460.705078125,2522.0,2282.0
106.75,2369.80029296875,2460.8935546875,2460.8935546875,2460.8935546875,2458.7607421875,2459.851318359375,2460.184326171875,2455.345703125,2460.705322265625,2522.0,2282.0
107.0,2369.79541015625,2460.8935546875,2460.8935546875,2460.8935546875,2458.7607421875,2459.851318359375,2460.1845703125,2456.672607421875,2460.705078125,2522.0,2282.0
107.25,2369.7958984375,2460.8935546875,2460.8935546875,2460.8935546875,2458.7607421875,2459.851318359375,2460.184326171875,2455.345703125,2462.034912109375,2522.0,2282.0
107.5,2369.79296875,2460.8935546875,2460.8935546875,2460.8935546875,2458.7607421875,2459.851318359375,2460.184326171875,2455.345703125,2460.705078125,2522.0,2282.0
107.75,2369.796142578125,2460.8935546875,2460.8935546875,2460.8935546875,2458.760986328125,2459.851318359375,2460.184326171875,2455.34716796875,2460.704833984375,2522.0,2282.0
108.0,2369.79736328125,2460.8935546875,2460.8935546875,2460.8935546875,2458.7607421875,2461.1806640625,2460.184326171875,2455.34716796875,2460.705078125,2522.0,2282.0
108.25,2369.79638671875,2460.8935546875,2460.8935546875,2460.8935546875,2458.760986328125,2459.851318359375,2460.184326171875,2455.345703125,2460.705322265625,2522.0,2282.0
108.5,2375.5107421875,2460.8935546875,2460.8935546875,2460.8935546875,2460.34326171875,2459.818115234375,2460.21533203125,2454.300048828125,2459.50927734375,2522.0,2282.0
108.75,2374.228515625,2460.8935546875,2460.8935546875,2460.8935546875,2459.014404296875,2459.818115234375,2460.21533203125,2454.2998046875,2459.50927734375,2522.0,2282.0
109.0,2374.228759765625,2460.8935546875,2460.8935546875,2460.8935546875,2459.014404296875,2459.818115234375,2460.21533203125,2454.300048828125,2459.50927734375,2522.0,2282.0
109.25,2374.229248046875,2460.8935546875,2460.8935546875,2460.8935546875,2459.014404296875,2459.818115234375,2460.21533203125,2455.627685546875,2459.509521484375,2522.0,2282.0
109.5,2374.224853515625,2460.8935546875,2460.8935546875,2460.8935546875,2459.014404296875,2459.818115234375,2460.21533203125,2454.2998046875,2460.83837890625,2522.0,2282.0
109.75,2374.228271484375,2460.8935546875,2460.8935546875,2460.8935546875,2459.014404296875,2459.818115234375,2460.21533203125,2454.300048828125,2459.50927734375,2522.0,2282.0
110.0,2374.228759765625,2460.8935546875,2460.8935546875,2460.8935546875,2459.014404296875,2459.818115234375,2460.21533203125,2454.302001953125,2459.50927734375,2522.0,2282.0
110.25,2374.232177734375,2460.8935546875,2460.8935546875,2460.8935546875,2459.014404296875,2461.147216796875,2460.21533203125,2454.30224609375,2459.50927734375,2522.0,2282.0
110.5,2379.974365234375,2460.8935546875,2460.8935546875,2460.8935546875,2459.35546875,2460.027587890625,2460.26318359375,2454.05029296875,2459.482177734375,2522.0,2282.0
110.75,2378.672119140625,2460.8935546875,2460.8935546875,2460.8935546875,2460.6845703125,2460.027587890625,2460.26318359375,2454.050048828125,2459.482177734375,2522.0,2282.0
111.0,2378.6728515625,2460.8935546875,2460.8935546875,2460.8935546875,2459.35546875,2460.027587890625,2460.26318359375,2454.050048828125,2459.482177734375,2522.0,2282.0
111.25,2378.67333984375,2460.8935546875,2460.8935546875,2460.8935546875,2459.35546875,2460.027587890625,2460.26318359375,2454.050048828125,2459.482177734375,2522.0,2282.0
111.5,2378.68017578125,2460.8935546875,2460.8935546875,2460.8935546875,2459.35546875,2460.027587890625,2460.26318359375,2455.3779296875,2459.482421875,2522.0,2282.0
111.75,2378.673583984375,2460.8935546875,2460.8935546875,2460.8935546875,2459.35546875,2460.027587890625,2460.26318359375,2454.050048828125,2460.811279296875,2522.0,2282.0
112.0,2378.673828125,2460.8935546875,2460.8935546875,2460.8935546875,2459.35546875,2460.027587890625,2460.26318359375,2454.05029296875,2459.482177734375,2522.0,2282.0
112.25,2378.673095703125,2460.8935546875,2460.8935546875,2460.8935546875,2459.35546875,2460.027587890625,2460.26318359375,2454.05224609375,2459.482177734375,2522.0,2282.0
112.5,2385.752685546875,2460.8935546875,2460.8935546875,2460.8935546875,2459.664794921875,2461.3447265625,2460.312744140625,2454.18505859375,2459.44873046875,2522.0,2282.0
112.75,2385.748779296875,2460.8935546875,2460.8935546875,2460.8935546875,2459.664794921875,2460.015380859375,2460.312744140625,2454.182861328125,2459.44873046875,2522.0,2282.0
113.0,2385.741455078125,2460.8935546875,2460.8935546875,2460.8935546875,2460.994140625,2460.015380859375,2460.312744140625,2454.182861328125,2459.44873046875,2522.0,2282.0
113.25,2385.736572265625,2460.8935546875,2460.8935546875,2460.8935546875,2459.664794921875,2460.015380859375,2460.312744140625,2454.182861328125,2459.44873046875,2522.0,2282.0
113.5,2385.737060546875,2460.8935546875,2460.8935546875,2460.8935546875,2459.664794921875,2460.015380859375,2460.3125,2454.182861328125,2459.44873046875,2522.0,2282.0
113.75,2385.73828125,2460.8935546875,2460.8935546875,2460.8935546875,2459.664794921875,2460.015380859375,2460.312744140625,2455.510498046875,2459.448974609375,2522.0,2282.0
114.0,2385.739501953125,2460.8935546875,2460.8935546875,2460.8935546875,2459.664794921875,2460.015380859375,2460.3125,2454.182861328125,2460.77783203125,2522.0,2282.0
114.25,2385.740478515625,2460.8935546875,2460.8935546875,2460.8935546875,2459.664794921875,2460.015380859375,2460.312744140625,2454.182861328125,2459.44873046875,2522.0,2282.0
114.5,2388.130615234375,2460.8935546875,2460.8935546875,2460.8935546875,2459.822509765625,2460.107177734375,2460.33935546875,2454.5751953125,2459.395263671875,2522.0,2282.0
114.75,2389.43701171875,2460.8935546875,2460.8935546875,2460.8935546875,2459.822509765625,2461.4365234375,2460.33935546875,2454.575439453125,2459.395263671875,2522.0,2282.0
115.0,2388.14111328125,2460.8935546875,2460.8935546875,2460.8935546875,2459.822509765625,2460.107177734375,2460.33935546875,2454.5732421875,2459.395263671875,2522.0,2282.0
115.25,2388.131591796875,2460.8935546875,2460.8935546875,2460.8935546875,2461.15185546875,2460.107177734375,2460.33935546875,2454.573486328125,2459.395263671875,2522.0,2282.0
115.5,2388.130859375,2460.8935546875,2460.8935546875,2460.8935546875,2459.822509765625,2460.107177734375,2460.33935546875,2454.573486328125,2459.39501953125,2522.0,2282.0
115.75,2388.12939453125,2460.8935546875,2460.8935546875,2460.8935546875,2459.822509765625,2460.107177734375,2460.33935546875,2454.573486328125,2459.395263671875,2522.0,2282.0
116.0,2388.131103515625,2460.8935546875,2460.8935546875,2460.8935546875,2459.822509765625,2460.107177734375,2460.33935546875,2455.901123046875,2459.3955078125,2522.0,2282.0
116.25,2388.13232421875,2460.8935546875,2460.8935546875,2460.8935546875,2459.822509765625,2460.107177734375,2460.33935546875,2454.573486328125,2460.72412109375,2522.0,2282.0
116.5,2390.123291015625,2460.8935546875,2460.8935546875,2460.8935546875,2459.71484375,2460.191162109375,2460.4541015625,2454.3671875,2459.4111328125,2522.0,2282.0
116.75,2391.431640625,2460.8935546875,2460.8935546875,2460.8935546875,2459.71484375,2460.19091796875,2460.4541015625,2454.369384765625,2459.4111328125,2522.0,2282.0
117.0,2390.133544921875,2460.8935546875,2460.8935546875,2460.8935546875,2459.71484375,2461.5205078125,2460.4541015625,2454.369384765625,2459.4111328125,2522.0,2282.0
117.25,2390.123779296875,2460.8935546875,2460.8935546875,2460.8935546875,2459.71484375,2460.19091796875,2460.4541015625,2454.3671875,2459.4111328125,2522.0,2282.0
117.5,2390.12353515625,2460.8935546875,2460.8935546875,2460.8935546875,2461.0439453125,2460.191162109375,2460.4541015625,2454.3671875,2459.4111328125,2522.0,2282.0
117.75,2390.12353515625,2460.8935546875,2460.8935546875,2460.8935546875,2459.71484375,2460.19091796875,2460.4541015625,2454.3671875,2459.4111328125,2522.0,2282.0
118.0,2390.12255859375,2460.8935546875,2460.8935546875,2460.8935546875,2459.71484375,2460.191162109375,2460.4541015625,2454.367431640625,2459.4111328125,2522.0,2282.0
118.25,2390.125244140625,2460.8935546875,2460.8935546875,2460.8935546875,2459.71484375,2460.19091796875,2460.4541015625,2455.695068359375,2459.411376953125,2522.0,2282.0
118.5,2392.23095703125,2460.8935546875,2460.8935546875,2460.8935546875,2459.78076171875,2460.320068359375,2460.48779296875,2454.727783203125,2460.71240234375,2522.0,2282.0
118.75,2392.236083984375,2460.8935546875,2460.8935546875,2460.8935546875,2459.78076171875,2460.320068359375,2460.48779296875,2454.727783203125,2459.38330078125,2522.0,2282.0
119.0,2392.23583984375,2460.8935546875,2460.8935546875,2460.8935546875,2459.78076171875,2461.649658203125,2460.48779296875,2454.727783203125,2459.383056640625,2522.0,2282.0
119.25,2392.227783203125,2460.8935546875,2460.8935546875,2460.8935546875,2459.78076171875,2461.649658203125,2460.48779296875,2454.729736328125,2459.38330078125,2522.0,2282.0
119.5,2392.22509765625,2460.8935546875,2460.8935546875,2460.8935546875,2459.78076171875,2460.320068359375,2460.48779296875,2454.727783203125,2459.383056640625,2522.0,2282.0
119.75,2392.225830078125,2460.8935546875,2460.8935546875,2460.8935546875,2461.10986328125,2460.320068359375,2460.48779296875,2454.72802734375,2459.38330078125,2522.0,2282.0
120.0,2392.227783203125,2460.8935546875,2460.8935546875,2460.8935546875,2459.78076171875,2460.320068359375,2460.48779296875,2454.72802734375,2459.38330078125,2522.0,2282.0
120.25,2392.22216796875,2460.8935546875,2460.8935546875,2460.8935546875,2459.78076171875,2460.320068359375,2460.48779296875,2454.7275390625,2459.38330078125,2522.0,2282.0
120.5,2394.213623046875,2460.8935546875,2460.8935546875,2460.8935546875,2459.96337890625,2460.469482421875,2460.477294921875,2455.01513671875,2459.337890625,2522.0,2282.0
120.75,2394.2109375,2460.8935546875,2460.8935546875,2460.8935546875,2459.96337890625,2460.469482421875,2460.4775390625,2455.01513671875,2460.666748046875,2522.0,2282.0
121.0,2395.51220703125,2460.8935546875,2460.8935546875,2462.223388671875,2459.96337890625,2460.469482421875,2460.477294921875,2455.01513671875,2459.337646484375,2522.0,2282.0
121.25,2394.214111328125,2460.8935546875,2460.8935546875,2460.8935546875,2459.96337890625,2460.469482421875,2460.477294921875,2455.017333984375,2459.337890625,2522.0,2282.0
121.5,2394.203369140625,2462.223388671875,2460.8935546875,2460.8935546875,2459.96337890625,2460.469482421875,2460.477294921875,2455.014892578125,2459.337890625,2522.0,2282.0
121.75,2394.20458984375,2460.8935546875,2460.8935546875,2460.8935546875,2459.96337890625,2460.469482421875,2460.477294921875,2455.014892578125,2459.337646484375,2522.0,2282.0
122.0,2394.204345703125,2460.8935546875,2460.8935546875,2460.8935546875,2459.96337890625,2460.46923828125,2460.477294921875,2455.014892578125,2459.337890625,2522.0,2282.0
122.25,2394.20166015625,2460.8935546875,2460.8935546875,2460.8935546875,2459.96337890625,2460.469482421875,2460.477294921875,2455.014892578125,2459.337646484375,2522.0,2282.0
122.5,2395.30615234375,2460.8935546875,2460.8935546875,2460.8935546875,2460.04833984375,2460.457275390625,2460.4970703125,2455.30224609375,2459.29248046875,2522.0,2282.0
122.75,2395.3056640625,2460.8935546875,2460.8935546875,2460.8935546875,2460.04833984375,2460.45751953125,2460.496826171875,2456.6298828125,2459.29248046875,2522.0,2282.0
123.0,2395.298095703125,2460.8935546875,2460.8935546875,2460.8935546875,2460.04833984375,2460.457275390625,2460.4970703125,2455.30224609375,2460.621337890625,2522.0,2282.0
123.25,2395.298095703125,2460.8935546875,2460.8935546875,2460.8935546875,2460.04833984375,2460.45751953125,2460.496826171875,2455.30224609375,2459.292236328125,2522.0,2282.0
123.5,2395.30615234375,2460.8935546875,2460.8935546875,2460.8935546875,2460.04833984375,2460.457275390625,2460.4970703125,2455.304443359375,2459.29248046875,2522.0,2282.0
123.75,2395.29736328125,2460.8935546875,2460.8935546875,2460.8935546875,2460.04833984375,2461.787109375,2460.496826171875,2455.304443359375,2459.29248046875,2522.0,2282.0
124.0,2395.297119140625,2460.8935546875,2460.8935546875,2460.8935546875,2460.04833984375,2460.457275390625,2460.4970703125,2455.30224609375,2459.29248046875,2522.0,2282.0
124.25,2395.298095703125,2460.8935546875,2460.8935546875,2460.8935546875,2460.04833984375,2460.45751953125,2460.496826171875,2455.30224609375,2459.292236328125,2522.0,2282.0
124.5,2393.445556640625,2460.8935546875,2460.8935546875,2460.8935546875,2460.016357421875,2460.489501953125,2460.4970703125,2455.22119140625,2459.32177734375,2522.0,2282.0
124.75,2393.441650390625,2460.8935546875,2460.8935546875,2460.8935546875,2460.016357421875,2460.489501953125,2460.4970703125,2455.220947265625,2459.322021484375,2522.0,2282.0
125.0,2393.444580078125,2460.8935546875,2460.8935546875,2460.8935546875,2460.016357421875,2460.489501953125,2460.4970703125,2455.22119140625,2459.322021484375,2522.0,2282.0
125.25,2393.444091796875,2460.8935546875,2460.8935546875,2460.8935546875,2460.016357421875,2460.489501953125,2460.4970703125,2455.22119140625,2460.65087890625,2522.0,2282.0
125.5,2393.44384765625,2460.8935546875,2460.8935546875,2460.8935546875,2460.016357421875,2460.489501953125,2460.4970703125,2455.220947265625,2459.32177734375,2522.0,2282.0
125.75,2393.4541015625,2460.8935546875,2460.8935546875,2460.8935546875,2460.016357421875,2461.819091796875,2460.4970703125,2455.220947265625,2459.322021484375,2522.0,2282.0
126.0,2393.446044921875,2462.223388671875,2460.8935546875,2460.8935546875,2460.016357421875,2460.489501953125,2460.4970703125,2455.22119140625,2459.322021484375,2522.0,2282.0
126.25,2393.443603515625,2460.8935546875,2460.8935546875,2460.8935546875,2460.016357421875,2460.489501953125,2460.4970703125,2455.22119140625,2459.32177734375,2522.0,2282.0
126.5,2394.303955078125,2460.8935546875,2460.8935546875,2460.8935546875,2461.400390625,2460.480712890625,2460.51953125,2455.375732421875,2459.31005859375,2522.0,2282.0
126.75,2394.304443359375,2460.8935546875,2462.223388671875,2460.8935546875,2460.071044921875,2460.480712890625,2460.519287109375,2455.375732421875,2459.31005859375,2522.0,2282.0
127.0,2394.310546875,2460.8935546875,2460.8935546875,2460.8935546875,2460.071044921875,2460.480712890625,2460.51953125,2455.37548828125,2459.31005859375,2522.0,2282.0
127.25,2394.309326171875,2460.8935546875,2460.8935546875,2460.8935546875,2460.071044921875,2460.480712890625,2460.519287109375,2455.37548828125,2459.310302734375,2522.0,2282.0
127.5,2394.30419921875,2460.8935546875,2460.8935546875,2460.8935546875,2460.071044921875,2460.480712890625,2460.51953125,2455.37548828125,2460.638916015625,2522.0,2282.0
127.75,2394.304443359375,2460.8935546875,2460.8935546875,2460.8935546875,2460.071044921875,2460.480712890625,2461.84912109375,2455.37548828125,2459.309814453125,2522.0,2282.0
128.0,2394.3115234375,2460.8935546875,2460.8935546875,2460.8935546875,2460.071044921875,2461.810302734375,2460.51953125,2455.37548828125,2459.31005859375,2522.0,2282.0
128.25,2394.30517578125,2462.223388671875,2460.8935546875,2460.8935546875,2460.071044921875,2460.480712890625,2460.519287109375,2455.37548828125,2459.31005859375,2522.0,2282.0
128.5,2393.91064453125,2460.8935546875,2460.8935546875,2460.8935546875,2460.045166015625,2460.455078125,2460.525390625,2455.147705078125,2459.30419921875,2522.0,2282.0
128.75,2393.91064453125,2460.8935546875,2460.8935546875,2460.8935546875,2460.045166015625,2460.455078125,2460.525390625,2455.147705078125,2459.30419921875,2522.0,2282.0
129.0,2393.907958984375,2460.8935546875,2460.8935546875,2460.8935546875,2460.045166015625,2460.455078125,2460.525390625,2455.147705078125,2459.30419921875,2522.0,2282.0
129.25,2393.918212890625,2460.8935546875,2460.8935546875,2460.8935546875,2460.045166015625,2460.454833984375,2460.525390625,2455.148681640625,2459.304443359375,2522.0,2282.0
129.5,2393.91796875,2460.8935546875,2460.8935546875,2460.8935546875,2460.045166015625,2460.455078125,2460.525390625,2455.147705078125,2459.304443359375,2522.0,2282.0
129.75,2393.9111328125,2460.8935546875,2460.8935546875,2460.8935546875,2460.045166015625,2460.455078125,2460.525390625,2455.147705078125,2460.63330078125,2522.0,2282.0
130.0,2393.91162109375,2460.8935546875,2460.8935546875,2460.8935546875,2460.045166015625,2460.455078125,2461.85498046875,2455.147705078125,2459.30419921875,2522.0,2282.0
130.25,2393.919921875,2460.8935546875,2460.8935546875,2460.8935546875,2460.045166015625,2460.455078125,2460.525390625,2455.149658203125,2459.304443359375,2522.0,2282.0
130.5,2395.940185546875,2462.223388671875,2460.8935546875,2460.8935546875,2459.955078125,2460.49267578125,2460.531494140625,2454.912109375,2459.345947265625,2522.0,2282.0
130.75,2395.941650390625,2460.8935546875,2460.8935546875,2460.8935546875,2459.954833984375,2460.49267578125,2460.531494140625,2454.912109375,2459.345703125,2522.0,2282.0
131.0,2395.9423828125,2460.8935546875,2460.8935546875,2460.8935546875,2459.955078125,2460.49267578125,2460.531494140625,2454.912109375,2459.345703125,2522.0,2282.0
131.25,2395.939697265625,2460.8935546875,2462.223388671875,2460.8935546875,2459.955078125,2460.49267578125,2460.531494140625,2454.912109375,2459.345703125,2522.0,2282.0
131.5,2395.947265625,2460.8935546875,2460.8935546875,2460.8935546875,2459.955078125,2460.49267578125,2460.531494140625,2454.9130859375,2459.345703125,2522.0,2282.0
131.75,2395.948974609375,2460.8935546875,2460.8935546875,2460.8935546875,2459.954833984375,2460.49267578125,2460.531494140625,2454.912353515625,2459.345947265625,2522.0,2282.0
132.0,2395.941650390625,2460.8935546875,2460.8935546875,2460.8935546875,2459.955078125,2460.49267578125,2460.531494140625,2454.912109375,2460.674560546875,2522.0,2282.0
132.25,2395.942626953125,2460.8935546875,2460.8935546875,2460.8935546875,2459.955078125,2460.49267578125,2460.531494140625,2454.912109375,2459.345703125,2522.0,2282.0
132.5,2395.376953125,2460.8935546875,2460.8935546875,2460.8935546875,2459.961181640625,2461.828369140625,2460.47412109375,2455.044677734375,2459.3125,2522.0,2282.0
132.75,2395.36669921875,2462.223388671875,2460.8935546875,2460.8935546875,2459.961181640625,2460.49853515625,2460.47412109375,2455.04443359375,2459.3125,2522.0,2282.0
133.0,2395.366455078125,2460.8935546875,2460.8935546875,2460.8935546875,2459.961181640625,2460.498779296875,2460.47412109375,2455.044677734375,2459.312255859375,2522.0,2282.0
133.25,2395.369140625,2460.8935546875,2460.8935546875,2460.8935546875,2459.961181640625,2460.49853515625,2460.47412109375,2455.044677734375,2459.312255859375,2522.0,2282.0
133.5,2395.3642578125,2460.8935546875,2462.223388671875,2460.8935546875,2459.961181640625,2460.498779296875,2460.47412109375,2455.044677734375,2459.312255859375,2522.0,2282.0
133.75,2395.374755859375,2460.8935546875,2460.8935546875,2460.8935546875,2459.961181640625,2460.49853515625,2460.47412109375,2455.045654296875,2459.3125,2522.0,2282.0
134.0,2395.375732421875,2460.8935546875,2460.8935546875,2460.8935546875,2459.961181640625,2460.498779296875,2460.47412109375,2455.044677734375,2459.3125,2522.0,2282.0
134.25,2395.367431640625,2460.8935546875,2460.8935546875,2460.8935546875,2459.961181640625,2460.49853515625,2460.474365234375,2455.044921875,2460.641357421875,2522.0,2282.0
134.5,2396.28466796875,2460.8935546875,2460.8935546875,2460.8935546875,2459.92578125,2460.49560546875,2460.53466796875,2454.993408203125,2459.316162109375,2522.0,2282.0
134.75,2396.293701171875,2460.8935546875,2460.8935546875,2460.8935546875,2459.92578125,2460.49560546875,2460.53466796875,2454.995361328125,2459.31640625,2522.0,2282.0
135.0,2396.284912109375,2460.8935546875,2460.8935546875,2460.8935546875,2459.92578125,2461.8251953125,2460.53466796875,2454.995361328125,2459.31640625,2522.0,2282.0
135.25,2396.283203125,2460.8935546875,2460.8935546875,2460.8935546875,2459.92578125,2460.49560546875,2460.53466796875,2454.9931640625,2459.31640625,2522.0,2282.0
135.5,2396.28466796875,2460.8935546875,2460.8935546875,2460.8935546875,2461.255126953125,2460.49560546875,2460.53466796875,2454.9931640625,2459.316162109375,2522.0,2282.0
135.75,2396.28173828125,2460.8935546875,2462.223388671875,2460.8935546875,2459.92578125,2460.49560546875,2460.53466796875,2454.9931640625,2459.31640625,2522.0,2282.0
136.0,2396.292236328125,2460.8935546875,2460.8935546875,2460.8935546875,2459.92578125,2460.49560546875,2460.53466796875,2454.994140625,2459.31640625,2522.0,2282.0
136.25,2396.29296875,2460.8935546875,2460.8935546875,2460.8935546875,2459.925537109375,2460.49560546875,2460.53466796875,2456.320556640625,2459.316650390625,2522.0,2282.0
136.5,2396.54638671875,2460.8935546875,2460.8935546875,2460.8935546875,2459.95458984375,2460.428955078125,2460.594970703125,2455.06689453125,2460.662841796875,2522.0,2282.0
136.75,2397.854736328125,2460.8935546875,2460.8935546875,2462.223388671875,2459.95458984375,2460.428955078125,2460.59521484375,2455.06640625,2459.333740234375,2522.0,2282.0
137.0,2396.55615234375,2460.8935546875,2460.8935546875,2460.8935546875,2459.95458984375,2460.428955078125,2460.594970703125,2455.06884765625,2459.333984375,2522.0,2282.0
137.25,2396.54638671875,2462.223388671875,2460.8935546875,2460.8935546875,2459.95458984375,2460.428955078125,2460.594970703125,2455.06640625,2459.333984375,2522.0,2282.0
137.5,2396.547119140625,2460.8935546875,2460.8935546875,2460.8935546875,2459.95458984375,2460.428955078125,2460.594970703125,2455.066650390625,2459.333740234375,2522.0,2282.0
137.75,2396.546630859375,2460.8935546875,2460.8935546875,2460.8935546875,2461.283935546875,2460.428955078125,2460.594970703125,2455.06640625,2459.333740234375,2522.0,2282.0
138.0,2396.54345703125,2460.8935546875,2462.223388671875,2460.8935546875,2459.954345703125,2460.428955078125,2460.594970703125,2455.06640625,2459.333740234375,2522.0,2282.0
138.25,2396.55517578125,2460.8935546875,2460.8935546875,2460.8935546875,2459.95458984375,2460.428955078125,2460.594970703125,2455.066650390625,2459.333984375,2522.0,2282.0
138.5,2396.633056640625,2460.8935546875,2460.8935546875,2460.8935546875,2459.844482421875,2460.38330078125,2460.613037109375,2455.014892578125,2459.338134765625,2522.0,2282.0
138.75,2396.631591796875,2460.8935546875,2460.8935546875,2460.8935546875,2459.844482421875,2460.38330078125,2461.94287109375,2455.01513671875,2459.3359375,2522.0,2282.0
139.0,2396.63134765625,2460.8935546875,2460.8935546875,2460.8935546875,2459.844482421875,2460.38330078125,2461.94287109375,2455.015380859375,2459.337890625,2522.0,2282.0
139.25,2396.638916015625,2460.8935546875,2460.8935546875,2460.8935546875,2459.844482421875,2461.712890625,2460.613037109375,2455.01513671875,2459.337890625,2522.0,2282.0
139.5,2396.63037109375,2462.223388671875,2460.8935546875,2460.8935546875,2459.844482421875,2460.38330078125,2460.613037109375,2455.014892578125,2459.337890625,2522.0,2282.0
139.75,2396.630859375,2460.8935546875,2460.8935546875,2460.8935546875,2459.844482421875,2460.38330078125,2460.613037109375,2455.01513671875,2459.337646484375,2522.0,2282.0
140.0,2396.63037109375,2460.8935546875,2460.8935546875,2460.8935546875,2461.173828125,2460.38330078125,2460.613037109375,2455.015380859375,2459.337646484375,2522.0,2282.0
140.25,2396.6279296875,2460.8935546875,2462.223388671875,2460.8935546875,2459.844482421875,2460.38330078125,2460.613037109375,2455.015380859375,2459.337646484375,2522.0,2282.0
140.5,2395.307373046875,2460.8935546875,2460.8935546875,2460.8935546875,2459.9755859375,2460.290283203125,2460.55322265625,2455.24267578125,2459.343505859375,2522.0,2282.0
140.75,2395.31201171875,2460.8935546875,2460.8935546875,2460.8935546875,2459.9755859375,2460.290283203125,2460.55322265625,2455.2431640625,2460.67236328125,2522.0,2282.0
141.0,2395.30908203125,2460.8935546875,2460.8935546875,2460.8935546875,2459.9755859375,2460.290283203125,2460.55322265625,2455.242919921875,2460.67236328125,2522.0,2282.0
141.25,2395.30908203125,2460.8935546875,2460.8935546875,2460.8935546875,2459.975830078125,2460.290283203125,2461.8828125,2455.242919921875,2459.34326171875,2522.0,2282.0
141.5,2396.615234375,2460.8935546875,2460.8935546875,2460.8935546875,2459.9755859375,2461.619873046875,2460.55322265625,2455.242919921875,2459.343505859375,2522.0,2282.0
141.75,2395.30810546875,2460.8935546875,2460.8935546875,2460.8935546875,2459.975830078125,2461.619873046875,2460.55322265625,2455.2451171875,2459.343505859375,2522.0,2282.0
142.0,2395.3076171875,2460.8935546875,2460.8935546875,2460.8935546875,2459.9755859375,2460.290283203125,2460.55322265625,2455.242919921875,2459.343505859375,2522.0,2282.0
142.25,2395.307373046875,2460.8935546875,2460.8935546875,2460.8935546875,2461.30517578125,2460.290283203125,2460.55322265625,2455.242919921875,2459.343505859375,2522.0,2282.0
142.5,2394.034423828125,2460.8935546875,2460.8935546875,2460.8935546875,2460.037109375,2460.319580078125,2460.486083984375,2455.3974609375,2459.33154296875,2522.0,2282.0
142.75,2394.037841796875,2460.8935546875,2460.8935546875,2460.8935546875,2460.037109375,2460.319580078125,2460.486083984375,2455.3974609375,2459.33154296875,2522.0,2282.0
143.0,2394.03955078125,2460.8935546875,2460.8935546875,2460.8935546875,2460.037109375,2460.319580078125,2460.486083984375,2456.724853515625,2459.331787109375,2522.0,2282.0
143.25,2394.03857421875,2460.8935546875,2460.8935546875,2460.8935546875,2460.037109375,2460.3193359375,2460.486083984375,2455.3974609375,2460.660400390625,2522.0,2282.0
143.5,2394.0380859375,2460.8935546875,2460.8935546875,2460.8935546875,2460.037109375,2460.319580078125,2461.815673828125,2455.3974609375,2459.33154296875,2522.0,2282.0
143.75,2395.345703125,2460.8935546875,2460.8935546875,2460.8935546875,2460.037109375,2460.319580078125,2460.486083984375,2455.3994140625,2459.33154296875,2522.0,2282.0
144.0,2394.0458984375,2460.8935546875,2460.8935546875,2460.8935546875,2460.037109375,2461.64892578125,2460.486083984375,2455.399658203125,2459.331787109375,2522.0,2282.0
144.25,2394.038330078125,2460.8935546875,2460.8935546875,2460.8935546875,2460.037109375,2460.3193359375,2460.486083984375,2455.3974609375,2459.331298828125,2522.0,2282.0
144.5,2398.098388671875,2460.8935546875,2460.8935546875,2460.8935546875,2460.080078125,2460.3623046875,2460.559814453125,2456.97900390625,2460.5087890625,2522.0,2282.0
144.75,2398.09716796875,2460.8935546875,2460.8935546875,2460.8935546875,2460.080078125,2460.3623046875,2460.559814453125,2456.97900390625,2460.508544921875,2522.0,2282.0
145.0,2398.10302734375,2460.8935546875,2460.8935546875,2460.8935546875,2460.080078125,2460.3623046875,2460.559814453125,2456.97900390625,2460.5087890625,2522.0,2282.0
145.25,2398.0986328125,2460.8935546875,2460.8935546875,2460.8935546875,2460.080078125,2460.3623046875,2460.559814453125,2456.978759765625,2460.5087890625,2522.0,2282.0
145.5,2398.099609375,2460.8935546875,2460.8935546875,2460.8935546875,2460.080078125,2460.3623046875,2460.559814453125,2456.97900390625,2461.83837890625,2522.0,2282.0
145.75,2398.119384765625,2460.8935546875,2460.8935546875,2462.223388671875,2460.080078125,2460.3623046875,2460.559814453125,2456.978759765625,2460.5087890625,2522.0,2282.0
146.0,2398.09765625,2460.8935546875,2460.8935546875,2460.8935546875,2460.080078125,2461.69189453125,2460.559814453125,2456.9775390625,2460.5087890625,2522.0,2282.0
146.25,2398.098876953125,2462.223388671875,2460.8935546875,2460.8935546875,2460.080078125,2460.3623046875,2460.559814453125,2456.97900390625,2460.508544921875,2522.0,2282.0
146.5,2399.407958984375,2460.8935546875,2460.8935546875,2460.8935546875,2461.62109375,2460.381103515625,2460.673095703125,2457.6240234375,2460.59765625,2522.0,2282.0
146.75,2399.39990234375,2460.8935546875,2462.223388671875,2460.8935546875,2460.29150390625,2460.381103515625,2460.6728515625,2457.623779296875,2460.59765625,2522.0,2282.0
147.0,2399.40283203125,2460.8935546875,2462.223388671875,2460.8935546875,2460.29150390625,2460.381103515625,2460.6728515625,2457.6240234375,2460.597900390625,2522.0,2282.0
147.25,2399.401611328125,2460.8935546875,2460.8935546875,2460.8935546875,2460.29150390625,2460.381103515625,2460.6728515625,2457.623779296875,2460.597900390625,2522.0,2282.0
147.5,2399.4033203125,2460.8935546875,2460.8935546875,2460.8935546875,2460.29150390625,2460.381103515625,2460.6728515625,2457.6240234375,2460.59765625,2522.0,2282.0
147.75,2399.403076171875,2460.8935546875,2460.8935546875,2460.8935546875,2460.29150390625,2460.381103515625,2462.002685546875,2457.623779296875,2460.59765625,2522.0,2282.0
148.0,2399.421630859375,2460.8935546875,2460.8935546875,2462.223388671875,2460.29150390625,2460.381103515625,2460.6728515625,2457.624267578125,2460.59765625,2522.0,2282.0
148.25,2399.8857421875,2462.223388671875,2460.8935546875,2460.8935546875,2460.271240234375,2460.37646484375,2460.682861328125,2457.469482421875,2460.59765625,2522.0,2282.0
148.5,2403.380615234375,2460.8935546875,2460.8935546875,2460.893310546875,2460.2509765625,2460.372314453125,2460.790283203125,2457.44775390625,2460.588134765625,2522.0,2282.0
148.75,2403.379638671875,2460.8935546875,2460.8935546875,2460.8935546875,2460.250732421875,2460.372314453125,2460.79052734375,2457.44775390625,2460.588134765625,2522.0,2282.0
149.0,2403.37890625,2460.8935546875,2460.8935546875,2460.8935546875,2460.2509765625,2460.372314453125,2460.79052734375,2457.447998046875,2460.588134765625,2522.0,2282.0
149.25,2403.37939453125,2460.8935546875,2460.8935546875,2460.8935546875,2460.2509765625,2460.372314453125,2460.79052734375,2457.447998046875,2460.588134765625,2522.0,2282.0
149.5,2403.380126953125,2460.8935546875,2460.8935546875,2460.8935546875,2460.2509765625,2460.372314453125,2460.790283203125,2457.44775390625,2460.58837890625,2522.0,2282.0
149.75,2403.37890625,2460.8935546875,2460.8935546875,2460.8935546875,2460.250732421875,2460.372314453125,2460.79052734375,2457.447998046875,2460.588623046875,2522.0,2282.0
150.0,2404.691162109375,2460.8935546875,2460.8935546875,2460.8935546875,2460.2509765625,2460.372314453125,2462.1201171875,2457.447998046875,2460.588134765625,2522.0,2282.0
150.25,2403.77783203125,2460.8935546875,2460.8935546875,2462.223388671875,2460.2509765625,2460.372314453125,2460.806884765625,2457.447998046875,2460.581298828125,2522.0,2282.0
150.5,2406.65185546875,2460.8935546875,2460.8935546875,2460.8935546875,2460.543212890625,2461.7373046875,2460.920166015625,2457.982421875,2460.569580078125,2522.0,2282.0
150.75,2406.6533203125,2460.8935546875,2460.8935546875,2460.8935546875,2460.54296875,2460.40771484375,2460.920166015625,2457.983642578125,2460.56982421875,2522.0,2282.0
151.0,2406.6494140625,2460.8935546875,2460.8935546875,2460.8935546875,2460.543212890625,2460.40771484375,2460.920166015625,2457.983642578125,2460.56982421875,2522.0,2282.0
151.25,2406.6533203125,2460.8935546875,2460.8935546875,2460.8935546875,2460.54296875,2460.40771484375,2460.920166015625,2457.98388671875,2460.56982421875,2522.0,2282.0
151.5,2406.6533203125,2460.8935546875,2460.8935546875,2460.8935546875,2460.543212890625,2460.40771484375,2460.920166015625,2457.983642578125,2460.56982421875,2522.0,2282.0
151.75,2406.6533203125,2460.8935546875,2460.8935546875,2460.8935546875,2460.543212890625,2460.40771484375,2460.920166015625,2457.98388671875,2460.570068359375,2522.0,2282.0
152.0,2406.654296875,2460.8935546875,2460.8935546875,2460.8935546875,2460.543212890625,2460.40771484375,2460.920166015625,2457.98388671875,2460.569580078125,2522.0,2282.0
152.25,2406.671630859375,2460.8935546875,2460.8935546875,2460.8935546875,2460.5458984375,2460.4765625,2462.25,2458.13427734375,2460.56982421875,2522.0,2282.0
152.5,2413.513427734375,2460.8935546875,2460.8935546875,2462.223388671875,2460.72265625,2460.553955078125,2460.937744140625,2458.300048828125,2460.498779296875,2522.0,2282.0
152.75,2413.51513671875,2460.8935546875,2460.8935546875,2460.8935546875,2460.72265625,2461.8837890625,2460.937744140625,2458.298583984375,2460.4990234375,2522.0,2282.0
153.0,2413.516845703125,2462.223388671875,2460.8935546875,2460.8935546875,2460.72265625,2460.553955078125,2460.937744140625,2458.300048828125,2460.498779296875,2522.0,2282.0
153.25,2413.510498046875,2460.8935546875,2460.8935546875,2460.8935546875,2462.052490234375,2460.553955078125,2460.937744140625,2458.300048828125,2460.498779296875,2522.0,2282.0
153.5,2413.514404296875,2460.8935546875,2460.8935546875,2460.8935546875,2460.72265625,2460.553955078125,2460.937744140625,2458.2998046875,2460.497314453125,2522.0,2282.0
153.75,2413.521240234375,2460.8935546875,2460.8935546875,2460.8935546875,2460.72265625,2460.553955078125,2460.937744140625,2458.300048828125,2460.4990234375,2522.0,2282.0
154.0,2413.519775390625,2460.8935546875,2460.8935546875,2460.8935546875,2460.72265625,2460.553955078125,2460.937744140625,2459.628662109375,2460.4990234375,2522.0,2282.0
154.25,2413.53125,2460.8935546875,2460.8935546875,2460.8935546875,2460.72265625,2460.467041015625,2460.937744140625,2458.421875,2460.498779296875,2522.0,2282.0
154.5,2416.72900390625,2460.8935546875,2460.8935546875,2460.8935546875,2460.951171875,2460.36865234375,2462.43017578125,2458.56494140625,2460.431884765625,2522.0,2282.0
154.75,2416.727294921875,2460.8935546875,2460.8935546875,2462.223388671875,2460.951171875,2460.36865234375,2461.10009765625,2458.56494140625,2460.431884765625,2522.0,2282.0
155.0,2416.7265625,2462.223388671875,2460.8935546875,2460.8935546875,2460.951171875,2460.36865234375,2461.10009765625,2458.56640625,2460.431884765625,2522.0,2282.0
155.25,2416.73095703125,2462.223388671875,2460.8935546875,2460.8935546875,2460.951171875,2460.36865234375,2461.10009765625,2458.564697265625,2460.431884765625,2522.0,2282.0
155.5,2416.73095703125,2460.8935546875,2460.8935546875,2460.8935546875,2460.951171875,2460.36865234375,2461.10009765625,2458.564697265625,2460.431884765625,2522.0,2282.0
155.75,2416.728759765625,2460.8935546875,2462.223388671875,2460.8935546875,2460.951171875,2460.36865234375,2461.10009765625,2458.56494140625,2460.431640625,2522.0,2282.0
156.0,2416.72705078125,2460.8935546875,2460.8935546875,2460.8935546875,2460.951171875,2460.36865234375,2461.10009765625,2458.564453125,2460.431884765625,2522.0,2282.0
156.25,2416.7275390625,2460.8935546875,2460.8935546875,2460.8935546875,2460.951171875,2460.36865234375,2461.10009765625,2459.89306640625,2460.43212890625,2522.0,2282.0
156.5,2415.105712890625,2460.8935546875,2460.8935546875,2460.8935546875,2460.43701171875,2460.111328125,2461.161376953125,2458.2861328125,2461.759765625,2522.0,2282.0
156.75,2413.811767578125,2460.8935546875,2460.8935546875,2460.8935546875,2460.43701171875,2460.111328125,2462.491455078125,2458.286376953125,2460.43017578125,2522.0,2282.0
157.0,2413.79443359375,2460.8935546875,2460.8935546875,2462.223388671875,2460.43701171875,2460.111328125,2461.161376953125,2458.2861328125,2460.430419921875,2522.0,2282.0
157.25,2413.797607421875,2460.8935546875,2460.8935546875,2460.8935546875,2460.43701171875,2461.44091796875,2461.161376953125,2458.28466796875,2460.430419921875,2522.0,2282.0
157.5,2413.796875,2462.223388671875,2460.8935546875,2460.8935546875,2460.43701171875,2460.111328125,2461.161376953125,2458.2861328125,2460.430419921875,2522.0,2282.0
157.75,2413.79345703125,2460.8935546875,2460.8935546875,2460.8935546875,2461.7666015625,2460.111328125,2461.161376953125,2458.2861328125,2460.43017578125,2522.0,2282.0
158.0,2413.79736328125,2460.8935546875,2462.223388671875,2460.8935546875,2460.43701171875,2460.111328125,2461.161376953125,2458.2861328125,2460.430419921875,2522.0,2282.0
158.25,2413.796142578125,2460.8935546875,2462.223388671875,2460.8935546875,2460.43701171875,2460.111328125,2461.161376953125,2458.2861328125,2460.430419921875,2522.0,2282.0
158.5,2412.58642578125,2460.8935546875,2460.8935546875,2460.8935546875,2460.471923828125,2460.04931640625,2461.1650390625,2459.620361328125,2460.546142578125,2522.0,2282.0
158.75,2412.586181640625,2460.8935546875,2460.8935546875,2460.8935546875,2460.471923828125,2460.04931640625,2461.1650390625,2458.292236328125,2460.545654296875,2522.0,2282.0
159.0,2413.8984375,2460.8935546875,2460.8935546875,2460.8935546875,2460.471923828125,2460.049072265625,2462.494873046875,2458.2919921875,2460.545654296875,2522.0,2282.0
159.25,2412.584228515625,2460.8935546875,2460.8935546875,2462.223388671875,2460.471923828125,2460.04931640625,2461.1650390625,2458.2919921875,2460.545654296875,2522.0,2282.0
159.5,2412.58251953125,2460.8935546875,2460.8935546875,2460.8935546875,2460.471923828125,2461.378662109375,2461.1650390625,2458.290771484375,2460.545654296875,2522.0,2282.0
159.75,2412.5849609375,2460.8935546875,2460.8935546875,2460.8935546875,2460.471923828125,2460.04931640625,2461.1650390625,2458.292236328125,2460.545654296875,2522.0,2282.0
160.0,2412.580810546875,2460.8935546875,2460.8935546875,2460.8935546875,2461.801513671875,2460.049072265625,2461.1650390625,2458.292236328125,2460.5458984375,2522.0,2282.0
160.25,2412.585205078125,2460.8935546875,2460.8935546875,2460.8935546875,2460.471923828125,2460.049072265625,2461.1650390625,2458.292236328125,2460.545654296875,2522.0,2282.0
160.5,2409.86767578125,2460.8935546875,2462.223388671875,2460.8935546875,2460.320556640625,2459.930908203125,2461.36376953125,2458.078857421875,2460.60888671875,2522.0,2282.0
160.75,2409.866943359375,2460.8935546875,2460.8935546875,2460.8935546875,2460.320556640625,2459.930908203125,2461.36376953125,2459.406982421875,2460.60888671875,2522.0,2282.0
161.0,2409.86669921875,2460.8935546875,2460.8935546875,2460.8935546875,2460.320556640625,2459.930908203125,2461.36376953125,2458.07861328125,2460.608642578125,2522.0,2282.0
161.25,2411.175537109375,2460.8935546875,2460.8935546875,2460.8935546875,2460.320556640625,2459.930908203125,2462.69384765625,2458.07861328125,2460.608642578125,2522.0,2282.0
161.5,2409.87744140625,2460.8935546875,2460.8935546875,2462.223388671875,2460.320556640625,2459.930908203125,2461.36376953125,2458.078857421875,2460.608642578125,2522.0,2282.0
161.75,2409.8662109375,2460.8935546875,2460.8935546875,2460.8935546875,2460.3203125,2461.26025390625,2461.36376953125,2458.077392578125,2460.60888671875,2522.0,2282.0
162.0,2409.866943359375,2462.223388671875,2460.8935546875,2460.8935546875,2460.320556640625,2459.930908203125,2461.36376953125,2458.07861328125,2460.608642578125,2522.0,2282.0
162.25,2409.8642578125,2460.8935546875,2460.8935546875,2460.8935546875,2461.640625,2459.980712890625,2461.36376953125,2458.066650390625,2460.608642578125,2522.0,2282.0
162.5,2410.201171875,2460.8935546875,2462.223388671875,2460.8935546875,2460.261474609375,2460.03076171875,2461.5263671875,2458.05517578125,2460.74951171875,2522.0,2282.0
162.75,2410.201416015625,2460.8935546875,2462.223388671875,2460.8935546875,2460.261474609375,2460.030517578125,2461.5263671875,2458.054931640625,2460.749755859375,2522.0,2282.0
163.0,2410.200439453125,2460.8935546875,2460.8935546875,2460.8935546875,2460.261474609375,2460.03076171875,2461.5263671875,2459.383544921875,2460.749755859375,2522.0,2282.0
163.25,2410.201416015625,2460.8935546875,2460.8935546875,2460.8935546875,2460.261474609375,2460.03076171875,2461.5263671875,2458.05517578125,2460.74951171875,2522.0,2282.0
163.5,2411.515625,2460.8935546875,2460.8935546875,2460.8935546875,2460.261474609375,2460.03076171875,2462.8564453125,2458.05517578125,2460.74951171875,2522.0,2282.0
163.75,2410.199462890625,2460.8935546875,2460.8935546875,2462.223388671875,2460.261474609375,2460.03076171875,2461.5263671875,2458.05517578125,2460.74951171875,2522.0,2282.0
164.0,2410.201171875,2460.8935546875,2460.8935546875,2460.8935546875,2460.261474609375,2461.360107421875,2461.5263671875,2458.053955078125,2460.749755859375,2522.0,2282.0
164.25,2409.781005859375,2462.223388671875,2460.8935546875,2460.8935546875,2460.2548828125,2460.03076171875,2461.538330078125,2458.05517578125,2460.740478515625,2522.0,2282.0
164.5,2406.088623046875,2460.8935546875,2460.8935546875,2460.8935546875,2460.248046875,2459.604248046875,2461.577392578125,2457.7626953125,2460.6796875,2522.0,2282.0
164.75,2406.0927734375,2460.8935546875,2462.223388671875,2460.8935546875,2460.248046875,2459.604248046875,2461.577392578125,2457.762451171875,2460.6796875,2522.0,2282.0
165.0,2406.093505859375,2460.8935546875,2462.223388671875,2460.8935546875,2460.248046875,2459.604248046875,2461.577392578125,2457.7626953125,2460.6796875,2522.0,2282.0
165.25,2406.094482421875,2460.8935546875,2460.8935546875,2460.8935546875,2460.248046875,2459.604248046875,2461.577392578125,2459.0908203125,2460.679931640625,2522.0,2282.0
165.5,2406.09423828125,2460.8935546875,2460.8935546875,2460.8935546875,2460.248046875,2459.604248046875,2461.577392578125,2457.762451171875,2460.6796875,2522.0,2282.0
165.75,2406.09375,2460.8935546875,2460.8935546875,2460.8935546875,2460.248046875,2459.604248046875,2462.907470703125,2457.762451171875,2460.6796875,2522.0,2282.0
166.0,2407.404541015625,2460.8935546875,2460.8935546875,2462.223388671875,2460.248291015625,2459.604248046875,2461.577392578125,2457.762451171875,2460.6796875,2522.0,2282.0
166.25,2405.735595703125,2460.8935546875,2460.8935546875,2460.8935546875,2460.22900390625,2460.933349609375,2461.5703125,2457.76123046875,2460.662109375,2522.0,2282.0
166.5,2403.205322265625,2460.8935546875,2460.8935546875,2460.8935546875,2460.209716796875,2459.309326171875,2461.476318359375,2456.91943359375,2460.559814453125,2522.0,2282.0
166.75,2403.210693359375,2460.8935546875,2460.8935546875,2460.8935546875,2461.5390625,2459.30908203125,2461.47607421875,2456.919677734375,2460.5595703125,2522.0,2282.0
167.0,2403.20166015625,2460.8935546875,2462.223388671875,2460.8935546875,2460.209716796875,2459.309326171875,2461.47607421875,2456.919677734375,2460.5595703125,2522.0,2282.0
167.25,2403.205322265625,2460.8935546875,2460.8935546875,2460.8935546875,2460.209716796875,2459.30908203125,2461.47607421875,2456.92041015625,2460.557861328125,2522.0,2282.0
167.5,2403.20654296875,2460.8935546875,2460.8935546875,2460.8935546875,2460.209716796875,2459.30908203125,2461.476318359375,2458.248046875,2460.559814453125,2522.0,2282.0
167.75,2403.20556640625,2460.8935546875,2460.8935546875,2460.8935546875,2460.209716796875,2459.30908203125,2461.476318359375,2456.919677734375,2460.5595703125,2522.0,2282.0
168.0,2403.205322265625,2460.8935546875,2460.8935546875,2460.8935546875,2460.209716796875,2459.30908203125,2462.806396484375,2456.919677734375,2460.559814453125,2522.0,2282.0
168.25,2403.214599609375,2460.8935546875,2460.8935546875,2462.223388671875,2460.20947265625,2459.30908203125,2461.47607421875,2456.919677734375,2460.559326171875,2522.0,2282.0
168.5,2404.797119140625,2462.223388671875,2460.8935546875,2460.8935546875,2460.242919921875,2459.181640625,2461.319580078125,2456.6484375,2460.51123046875,2522.0,2282.0
168.75,2404.78076171875,2462.223388671875,2460.8935546875,2460.8935546875,2460.242919921875,2459.181640625,2461.319580078125,2456.648681640625,2460.51123046875,2522.0,2282.0
169.0,2404.780029296875,2460.8935546875,2460.8935546875,2460.8935546875,2460.242919921875,2459.181396484375,2461.319580078125,2456.6484375,2460.51123046875,2522.0,2282.0
169.25,2404.787353515625,2460.8935546875,2462.223388671875,2460.8935546875,2460.242919921875,2459.181640625,2461.319580078125,2456.6484375,2460.51123046875,2522.0,2282.0
169.5,2404.784423828125,2460.8935546875,2460.8935546875,2460.8935546875,2460.242919921875,2459.181640625,2461.319580078125,2456.649169921875,2460.51123046875,2522.0,2282.0
169.75,2404.780517578125,2460.8935546875,2460.8935546875,2460.8935546875,2460.242919921875,2459.181640625,2461.319580078125,2457.976806640625,2460.511474609375,2522.0,2282.0
170.0,2404.78076171875,2460.8935546875,2460.8935546875,2460.8935546875,2460.242919921875,2459.181640625,2461.319580078125,2456.6484375,2460.51123046875,2522.0,2282.0
170.25,2404.780029296875,2460.8935546875,2460.8935546875,2460.8935546875,2460.242919921875,2459.181640625,2462.649658203125,2456.6484375,2460.51123046875,2522.0,2282.0
170.5,2393.22216796875,2460.8935546875,2460.8935546875,2462.223388671875,2460.011962890625,2459.3017578125,2460.99755859375,2456.16552734375,2460.363037109375,2522.0,2282.0
170.75,2394.52734375,2462.223388671875,2460.8935546875,2460.8935546875,2460.011962890625,2459.3017578125,2460.99755859375,2456.165283203125,2460.363037109375,2522.0,2282.0
171.0,2393.21875,2462.223388671875,2460.8935546875,2460.8935546875,2460.011962890625,2459.3017578125,2460.99755859375,2456.165283203125,2460.363037109375,2522.0,2282.0
171.25,2393.212158203125,2460.8935546875,2460.8935546875,2460.8935546875,2461.34130859375,2459.3017578125,2460.99755859375,2456.165283203125,2460.363037109375,2522.0,2282.0
171.5,2393.213134765625,2460.8935546875,2460.8935546875,2460.8935546875,2460.011962890625,2459.3017578125,2460.99755859375,2456.165283203125,2460.363037109375,2522.0,2282.0
171.75,2393.212890625,2460.8935546875,2462.223388671875,2460.8935546875,2460.011962890625,2459.3017578125,2460.99755859375,2456.165283203125,2460.36328125,2522.0,2282.0
172.0,2393.21142578125,2460.8935546875,2460.8935546875,2460.8935546875,2460.011962890625,2459.3017578125,2460.99755859375,2456.16552734375,2460.36328125,2522.0,2282.0
172.25,2393.213623046875,2460.8935546875,2460.8935546875,2460.8935546875,2460.011962890625,2459.3017578125,2460.99755859375,2456.16552734375,2460.363037109375,2522.0,2282.0
172.5,2380.35400390625,2460.8935546875,2460.8935546875,2460.8935546875,2459.631103515625,2459.275146484375,2462.207275390625,2455.904296875,2462.64111328125,2522.0,2282.0
172.75,2380.35302734375,2460.8935546875,2460.8935546875,2462.223388671875,2459.631103515625,2459.275146484375,2460.87744140625,2455.904296875,2461.31103515625,2522.0,2282.0
173.0,2380.35107421875,2460.8935546875,2460.8935546875,2460.8935546875,2459.631103515625,2460.604248046875,2460.87744140625,2455.904296875,2461.31103515625,2522.0,2282.0
173.25,2380.35791015625,2462.223388671875,2460.8935546875,2460.8935546875,2459.631103515625,2459.275146484375,2460.87744140625,2455.904296875,2461.31103515625,2522.0,2282.0
173.5,2380.34765625,2460.8935546875,2460.8935546875,2460.8935546875,2459.631103515625,2459.275146484375,2460.87744140625,2455.904296875,2461.31103515625,2522.0,2282.0
173.75,2380.34326171875,2460.8935546875,2460.8935546875,2460.8935546875,2459.631103515625,2459.275146484375,2460.87744140625,2455.904296875,2461.31103515625,2522.0,2282.0
174.0,2380.34423828125,2460.8935546875,2462.223388671875,2460.8935546875,2459.631103515625,2459.275146484375,2460.87744140625,2455.904296875,2461.311279296875,2522.0,2282.0
174.25,2380.347412109375,2460.8935546875,2460.8935546875,2460.8935546875,2459.631103515625,2459.275146484375,2460.87744140625,2457.231689453125,2461.31103515625,2522.0,2282.0
174.5,2372.7880859375,2460.8935546875,2460.8935546875,2460.8935546875,2458.976806640625,2459.16796875,2460.74267578125,2455.050537109375,2461.40087890625,2522.0,2282.0
174.75,2372.7841796875,2460.8935546875,2460.8935546875,2460.8935546875,2458.976806640625,2459.168212890625,2460.74267578125,2455.051513671875,2461.400634765625,2522.0,2282.0
175.0,2372.786376953125,2460.8935546875,2460.8935546875,2460.8935546875,2458.976806640625,2459.16796875,2462.072509765625,2455.050537109375,2461.40087890625,2522.0,2282.0
175.25,2372.785888671875,2460.8935546875,2460.8935546875,2460.8935546875,2458.976806640625,2460.4970703125,2460.74267578125,2455.050537109375,2461.40087890625,2522.0,2282.0
175.5,2372.7880859375,2462.223388671875,2460.8935546875,2460.8935546875,2458.976806640625,2459.16796875,2460.74267578125,2455.05029296875,2461.40087890625,2522.0,2282.0
175.75,2374.0712890625,2460.8935546875,2460.8935546875,2460.8935546875,2458.976806640625,2459.16796875,2460.74267578125,2455.05029296875,2461.40087890625,2522.0,2282.0
176.0,2372.7880859375,2460.8935546875,2460.8935546875,2460.8935546875,2458.976806640625,2459.16796875,2460.74267578125,2455.050537109375,2461.40087890625,2522.0,2282.0
176.25,2372.794921875,2460.8935546875,2460.8935546875,2460.8935546875,2458.976806640625,2459.010498046875,2460.74267578125,2456.42626953125,2461.40087890625,2522.0,2282.0
176.5,2364.393310546875,2460.8935546875,2460.8935546875,2460.8935546875,2459.217041015625,2458.802734375,2460.478515625,2456.501953125,2461.414306640625,2522.0,2282.0
176.75,2364.403564453125,2460.8935546875,2460.8935546875,2460.8935546875,2459.217041015625,2458.802734375,2460.478271484375,2455.175048828125,2461.414306640625,2522.0,2282.0
177.0,2364.400634765625,2460.8935546875,2460.8935546875,2460.8935546875,2459.217041015625,2458.802734375,2461.80810546875,2455.175048828125,2462.744384765625,2522.0,2282.0
177.25,2364.390625,2460.8935546875,2460.8935546875,2462.223388671875,2459.217041015625,2458.802734375,2460.478515625,2455.17529296875,2461.414306640625,2522.0,2282.0
177.5,2364.391845703125,2460.8935546875,2460.8935546875,2460.8935546875,2459.217041015625,2460.13134765625,2460.478515625,2455.17529296875,2461.414306640625,2522.0,2282.0
177.75,2364.394287109375,2462.223388671875,2460.8935546875,2460.8935546875,2459.217041015625,2458.802734375,2460.478271484375,2455.17529296875,2461.414306640625,2522.0,2282.0
178.0,2364.3935546875,2460.8935546875,2460.8935546875,2460.8935546875,2460.5458984375,2458.802734375,2460.478515625,2455.17529296875,2461.414306640625,2522.0,2282.0
178.25,2364.412109375,2460.893310546875,2460.8935546875,2460.8935546875,2459.217041015625,2458.802734375,2460.478271484375,2455.17529296875,2461.413330078125,2522.0,2282.0
178.5,2358.43359375,2460.8935546875,2462.223388671875,2460.8935546875,2459.04150390625,2458.721435546875,2460.366455078125,2455.5361328125,2461.38623046875,2522.0,2282.0
178.75,2358.44873046875,2460.8935546875,2460.8935546875,2460.8935546875,2459.04150390625,2458.721435546875,2460.366455078125,2456.86279296875,2461.38623046875,2522.0,2282.0
179.0,2358.435546875,2460.8935546875,2460.8935546875,2460.8935546875,2459.04150390625,2458.721435546875,2460.366455078125,2455.5361328125,2461.38623046875,2522.0,2282.0
179.25,2358.43408203125,2460.8935546875,2460.8935546875,2460.8935546875,2459.04150390625,2458.721435546875,2461.696044921875,2455.535888671875,2462.71630859375,2522.0,2282.0
179.5,2358.43408203125,2460.8935546875,2460.8935546875,2462.223388671875,2459.04150390625,2458.721435546875,2460.366455078125,2455.535888671875,2461.38623046875,2522.0,2282.0
179.75,2358.440185546875,2460.8935546875,2460.8935546875,2460.8935546875,2459.04150390625,2460.05029296875,2460.366455078125,2455.5361328125,2461.38623046875,2522.0,2282.0
180.0,2358.435302734375,2462.223388671875,2460.8935546875,2460.8935546875,2459.04150390625,2458.721435546875,2460.366455078125,2455.535888671875,2461.3857421875,2522.0,2282.0
180.25,2353.0771484375,2460.8935546875,2460.8935546875,2460.8935546875,2460.3681640625,2458.68017578125,2460.3173828125,2455.183349609375,2461.46240234375,2522.0,2282.0
180.5,2350.77197265625,2460.8935546875,2460.8935546875,2460.8935546875,2458.688720703125,2458.627197265625,2460.30615234375,2454.784912109375,2461.4677734375,2522.0,2282.0
180.75,2350.77392578125,2460.8935546875,2462.223388671875,2460.8935546875,2458.688720703125,2458.626953125,2460.306396484375,2454.78466796875,2461.468017578125,2522.0,2282.0
181.0,2350.806396484375,2460.8935546875,2460.8935546875,2460.8935546875,2458.688720703125,2458.627197265625,2460.30615234375,2456.111083984375,2461.4677734375,2522.0,2282.0
181.25,2350.7958984375,2460.8935546875,2460.8935546875,2460.8935546875,2458.688720703125,2458.626953125,2460.306396484375,2454.784912109375,2461.468017578125,2522.0,2282.0
181.5,2350.775146484375,2460.8935546875,2460.8935546875,2460.8935546875,2458.688720703125,2458.627197265625,2461.6357421875,2454.784912109375,2462.798095703125,2522.0,2282.0
181.75,2350.773681640625,2460.8935546875,2460.8935546875,2462.223388671875,2458.688720703125,2458.626953125,2460.306396484375,2454.784912109375,2461.467529296875,2522.0,2282.0
182.0,2350.76953125,2460.8935546875,2460.8935546875,2462.223388671875,2458.688720703125,2459.955810546875,2460.306396484375,2454.784912109375,2461.467529296875,2522.0,2282.0
182.25,2350.771240234375,2462.223388671875,2460.8935546875,2460.8935546875,2458.688720703125,2458.626953125,2460.306396484375,2454.784912109375,2461.468017578125,2522.0,2282.0
182.5,2332.29345703125,2460.8935546875,2460.8935546875,2460.8935546875,2458.272705078125,2458.72607421875,2459.615234375,2453.392333984375,2461.576416015625,2522.0,2282.0
182.75,2332.293212890625,2460.8935546875,2462.223388671875,2460.8935546875,2458.2724609375,2458.72607421875,2459.615234375,2453.392333984375,2461.576416015625,2522.0,2282.0
183.0,2332.2939453125,2460.8935546875,2462.223388671875,2460.8935546875,2458.272705078125,2458.72607421875,2459.615234375,2453.39208984375,2461.5751953125,2522.0,2282.0
183.25,2332.293212890625,2460.8935546875,2460.8935546875,2460.8935546875,2458.2724609375,2458.72607421875,2459.615234375,2454.718017578125,2461.57666015625,2522.0,2282.0
183.5,2332.3291015625,2460.8935546875,2460.8935546875,2460.8935546875,2458.272705078125,2458.72607421875,2459.615234375,2453.39208984375,2461.57666015625,2522.0,2282.0
183.75,2332.30859375,2460.8935546875,2460.8935546875,2460.8935546875,2458.2724609375,2458.72607421875,2459.615234375,2453.392333984375,2461.576171875,2522.0,2282.0
184.0,2332.2939453125,2460.8935546875,2460.8935546875,2460.8935546875,2458.272705078125,2458.72607421875,2459.615234375,2453.393310546875,2461.576171875,2522.0,2282.0
184.25,2322.773193359375,2462.223388671875,2460.8935546875,2460.8935546875,2457.89208984375,2458.57275390625,2459.386474609375,2453.151611328125,2461.63232421875,2522.0,2282.0
184.5,2317.60498046875,2460.8935546875,2460.8935546875,2460.8935546875,2457.8916015625,2458.3857421875,2459.275146484375,2452.846435546875,2461.642333984375,2522.0,2282.0
184.75,2317.60498046875,2460.8935546875,2460.8935546875,2460.8935546875,2459.2197265625,2458.3857421875,2459.275146484375,2452.846435546875,2461.642333984375,2522.0,2282.0
185.0,2317.603515625,2460.8935546875,2462.223388671875,2460.8935546875,2457.8916015625,2458.3857421875,2459.275146484375,2452.84619140625,2461.64208984375,2522.0,2282.0
185.25,2317.60400390625,2460.8935546875,2460.8935546875,2460.8935546875,2457.891357421875,2458.3857421875,2459.275390625,2454.175048828125,2461.642333984375,2522.0,2282.0
185.5,2317.609619140625,2460.8935546875,2460.8935546875,2460.8935546875,2457.8916015625,2458.3857421875,2459.275146484375,2452.846435546875,2461.642333984375,2522.0,2282.0
185.75,2317.61328125,2460.8935546875,2460.8935546875,2460.8935546875,2457.891357421875,2458.3857421875,2459.275390625,2452.846435546875,2461.642333984375,2522.0,2282.0
186.0,2317.60693359375,2460.8935546875,2460.8935546875,2460.8935546875,2457.891357421875,2458.3857421875,2459.275146484375,2452.84619140625,2461.64208984375,2522.0,2282.0
186.25,2318.859130859375,2460.8935546875,2460.8935546875,2462.223388671875,2457.8916015625,2458.300048828125,2459.275146484375,2452.480712890625,2461.64208984375,2522.0,2282.0
186.5,2298.364501953125,2462.223388671875,2460.8935546875,2460.8935546875,2457.703369140625,2458.2001953125,2458.8388671875,2451.989990234375,2461.732177734375,2522.0,2282.0
186.75,2298.349853515625,2460.8935546875,2460.8935546875,2460.8935546875,2457.703369140625,2458.2001953125,2458.8388671875,2451.990234375,2461.732177734375,2522.0,2282.0
187.0,2298.350341796875,2460.8935546875,2460.8935546875,2460.8935546875,2459.031494140625,2458.2001953125,2458.8388671875,2451.990478515625,2461.732177734375,2522.0,2282.0
187.25,2298.330078125,2460.8935546875,2460.8935546875,2460.8935546875,2457.703369140625,2458.2001953125,2458.8388671875,2451.990234375,2461.732177734375,2522.0,2282.0
187.5,2298.328125,2460.8935546875,2460.8935546875,2460.8935546875,2457.703369140625,2458.2001953125,2458.8388671875,2453.319091796875,2461.732177734375,2522.0,2282.0
187.75,2298.33056640625,2460.8935546875,2460.8935546875,2460.8935546875,2457.703369140625,2458.2001953125,2458.8388671875,2451.990234375,2461.732177734375,2522.0,2282.0
188.0,2298.345458984375,2460.8935546875,2460.8935546875,2460.8935546875,2457.703369140625,2458.2001953125,2458.8388671875,2451.990478515625,2461.73193359375,2522.0,2282.0
188.25,2287.65478515625,2460.8935546875,2460.8935546875,2460.8935546875,2457.29345703125,2458.27392578125,2458.65087890625,2450.826904296875,2461.837890625,2522.0,2282.0
188.5,2282.514404296875,2460.8935546875,2460.8935546875,2460.8935546875,2457.29296875,2458.274169921875,2458.59326171875,2450.824462890625,2461.84619140625,2522.0,2282.0
188.75,2282.5185546875,2462.223388671875,2460.8935546875,2460.8935546875,2457.29296875,2458.274169921875,2458.59326171875,2450.8232421875,2461.846435546875,2522.0,2282.0
189.0,2282.513427734375,2460.8935546875,2460.8935546875,2460.8935546875,2457.29296875,2458.274169921875,2458.59326171875,2450.823486328125,2461.846435546875,2522.0,2282.0
189.25,2282.533935546875,2460.8935546875,2460.8935546875,2460.8935546875,2457.29296875,2458.274169921875,2458.59326171875,2450.8232421875,2461.846435546875,2522.0,2282.0
189.5,2282.51513671875,2460.8935546875,2462.223388671875,2460.8935546875,2457.29296875,2458.274169921875,2458.59326171875,2450.8232421875,2461.846435546875,2522.0,2282.0
189.75,2282.522216796875,2460.8935546875,2460.8935546875,2460.8935546875,2457.29296875,2458.274169921875,2458.59326171875,2450.8232421875,2461.846435546875,2522.0,2282.0
190.0,2282.5126953125,2460.8935546875,2460.8935546875,2460.8935546875,2457.29296875,2458.274169921875,2458.59326171875,2450.8232421875,2461.846435546875,2522.0,2282.0
190.25,2278.345947265625,2460.8935546875,2460.8935546875,2460.8935546875,2457.246826171875,2458.361083984375,2458.534423828125,2450.775146484375,2461.854248046875,2522.0,2282.0
190.5,2276.4130859375,2460.8935546875,2460.8935546875,2460.8935546875,2457.246826171875,2458.457763671875,2458.519287109375,2450.719970703125,2461.854248046875,2522.0,2282.0
190.75,2276.41259765625,2460.8935546875,2460.8935546875,2460.8935546875,2457.246826171875,2458.457763671875,2458.519287109375,2450.72119140625,2461.85400390625,2522.0,2282.0
191.0,2276.41748046875,2462.223388671875,2460.8935546875,2460.8935546875,2457.246826171875,2458.457763671875,2458.519287109375,2450.719970703125,2461.8544921875,2522.0,2282.0
191.25,2276.4140625,2460.8935546875,2460.8935546875,2460.8935546875,2458.57470703125,2458.457763671875,2458.519287109375,2450.719970703125,2461.8544921875,2522.0,2282.0
191.5,2277.65966796875,2460.8935546875,2460.8935546875,2460.8935546875,2458.57470703125,2458.457763671875,2458.519287109375,2450.719970703125,2461.8544921875,2522.0,2282.0
191.75,2276.42431640625,2460.8935546875,2462.223388671875,2460.8935546875,2457.246826171875,2458.457763671875,2458.519287109375,2450.7197265625,2461.8544921875,2522.0,2282.0
192.0,2276.414306640625,2460.8935546875,2460.8935546875,2460.8935546875,2457.246826171875,2458.457763671875,2458.51953125,2452.048583984375,2461.8544921875,2522.0,2282.0
192.25,2276.412109375,2460.8935546875,2460.8935546875,2460.8935546875,2457.226806640625,2458.37890625,2458.519287109375,2450.82275390625,2461.8544921875,2522.0,2282.0
192.5,2272.08642578125,2460.8935546875,2460.8935546875,2460.8935546875,2456.9228515625,2458.299560546875,2458.265625,2450.9267578125,2461.83837890625,2522.0,2282.0
192.75,2272.072265625,2460.8935546875,2460.8935546875,2460.8935546875,2456.9228515625,2458.2998046875,2458.265625,2450.926513671875,2461.838134765625,2522.0,2282.0
193.0,2272.068115234375,2460.8935546875,2460.8935546875,2460.8935546875,2456.9228515625,2458.299560546875,2458.265625,2450.927734375,2461.837890625,2522.0,2282.0
193.25,2272.068603515625,2462.223388671875,2460.8935546875,2460.8935546875,2456.9228515625,2458.299560546875,2458.265625,2450.9267578125,2461.83837890625,2522.0,2282.0
193.5,2272.074462890625,2460.8935546875,2460.8935546875,2460.8935546875,2458.25048828125,2458.299560546875,2458.265625,2450.926513671875,2461.83837890625,2522.0,2282.0
193.75,2272.070068359375,2460.8935546875,2460.8935546875,2460.8935546875,2458.25048828125,2458.299560546875,2458.265625,2450.927001953125,2461.83837890625,2522.0,2282.0
194.0,2273.29736328125,2460.8935546875,2462.223388671875,2460.8935546875,2456.922607421875,2458.299560546875,2458.265625,2450.926513671875,2461.83837890625,2522.0,2282.0
194.25,2272.13818359375,2460.8935546875,2460.8935546875,2460.8935546875,2456.895751953125,2457.892578125,2458.362060546875,2451.02978515625,2461.829833984375,2522.0,2282.0
194.5,2272.209716796875,2460.8935546875,2460.8935546875,2460.8935546875,2456.895751953125,2457.89208984375,2458.36962890625,2451.0302734375,2461.830322265625,2522.0,2282.0
194.75,2272.199951171875,2460.8935546875,2460.8935546875,2460.8935546875,2456.895751953125,2457.89208984375,2458.36962890625,2451.030029296875,2461.830078125,2522.0,2282.0
195.0,2272.1943359375,2460.8935546875,2460.8935546875,2460.8935546875,2456.895751953125,2457.89208984375,2459.6982421875,2451.0302734375,2463.16064453125,2522.0,2282.0
195.25,2272.181884765625,2460.8935546875,2460.8935546875,2462.223388671875,2456.895751953125,2457.89208984375,2458.36962890625,2451.03125,2461.830078125,2522.0,2282.0
195.5,2272.181396484375,2462.223388671875,2460.8935546875,2460.8935546875,2456.895751953125,2457.89208984375,2458.36962890625,2451.02978515625,2461.830322265625,2522.0,2282.0
195.75,2272.182373046875,2460.8935546875,2460.8935546875,2460.8935546875,2456.895751953125,2457.89208984375,2458.36962890625,2451.030029296875,2461.830322265625,2522.0,2282.0
196.0,2272.217529296875,2460.8935546875,2460.8935546875,2460.8935546875,2458.223388671875,2457.89208984375,2458.36962890625,2451.030029296875,2461.830322265625,2522.0,2282.0
196.25,2272.71533203125,2460.8935546875,2460.8935546875,2460.8935546875,2456.818115234375,2458.131103515625,2458.525146484375,2449.177001953125,2460.21337890625,2522.0,2282.0
196.5,2274.067626953125,2460.8935546875,2460.8935546875,2460.8935546875,2456.818359375,2458.13134765625,2458.54833984375,2450.4970703125,2460.162353515625,2522.0,2282.0
196.75,2274.08544921875,2460.8935546875,2460.8935546875,2460.8935546875,2456.818115234375,2458.13134765625,2458.54833984375,2450.492919921875,2460.16259765625,2522.0,2282.0
197.0,2272.8603515625,2460.8935546875,2460.8935546875,2460.8935546875,2456.818359375,2458.13134765625,2459.876953125,2449.16943359375,2461.491943359375,2522.0,2282.0
197.25,2272.841064453125,2460.8935546875,2460.8935546875,2460.8935546875,2456.818115234375,2458.13134765625,2458.54833984375,2449.171142578125,2460.16259765625,2522.0,2282.0
197.5,2272.8388671875,2460.8935546875,2460.8935546875,2462.223388671875,2456.818359375,2458.13134765625,2458.54833984375,2449.17138671875,2460.16259765625,2522.0,2282.0
197.75,2272.840576171875,2462.223388671875,2460.8935546875,2460.8935546875,2456.818115234375,2458.13134765625,2458.54833984375,2449.16943359375,2460.162353515625,2522.0,2282.0
198.0,2272.84033203125,2460.8935546875,2460.8935546875,2460.8935546875,2458.14599609375,2458.13134765625,2458.54833984375,2449.16943359375,2460.162353515625,2522.0,2282.0
198.25,2272.840576171875,2460.8935546875,2460.8935546875,2460.8935546875,2458.145751953125,2458.239501953125,2458.54833984375,2448.989990234375,2460.162353515625,2522.0,2282.0
198.5,2277.469482421875,2460.8935546875,2462.223388671875,2460.8935546875,2456.719482421875,2458.3564453125,2458.676513671875,2448.747314453125,2459.636474609375,2522.0,2282.0
198.75,2276.26171875,2460.8935546875,2460.8935546875,2460.8935546875,2456.719482421875,2458.356201171875,2458.676513671875,2448.747314453125,2459.636474609375,2522.0,2282.0
199.0,2276.229736328125,2460.8935546875,2460.8935546875,2460.8935546875,2456.719482421875,2458.3564453125,2458.676513671875,2450.070556640625,2459.636474609375,2522.0,2282.0
199.25,2276.234130859375,2460.8935546875,2460.8935546875,2460.8935546875,2456.719482421875,2458.356201171875,2458.676513671875,2448.746826171875,2459.636474609375,2522.0,2282.0
199.5,2276.22119140625,2460.8935546875,2460.8935546875,2460.8935546875,2456.719482421875,2458.3564453125,2458.676513671875,2448.74951171875,2459.63671875,2522.0,2282.0
199.75,2276.220947265625,2460.8935546875,2460.8935546875,2462.223388671875,2456.719482421875,2458.356201171875,2458.676513671875,2448.74951171875,2459.636962890625,2522.0,2282.0
200.0,2276.222412109375,2462.223388671875,2460.8935546875,2460.8935546875,2456.719482421875,2458.3564453125,2458.676513671875,2448.7470703125,2459.636474609375,2522.0,2282.0
200.25,2285.635498046875,2460.8935546875,2460.8935546875,2460.8935546875,2456.7177734375,2458.3740234375,2458.99755859375,2449.083251953125,2459.27685546875,2522.0,2282.0
200.5,2288.340087890625,2460.8935546875,2460.8935546875,2460.8935546875,2458.111328125,2458.390625,2459.060546875,2449.423828125,2459.25830078125,2522.0,2282.0
200.75,2289.584228515625,2460.8935546875,2462.223388671875,2460.8935546875,2456.78369140625,2458.390625,2459.060546875,2449.423583984375,2459.25830078125,2522.0,2282.0
201.0,2288.34033203125,2460.8935546875,2460.8935546875,2460.8935546875,2456.78369140625,2458.390625,2459.060302734375,2449.423828125,2459.25830078125,2522.0,2282.0
201.25,2288.340087890625,2460.8935546875,2460.8935546875,2460.8935546875,2456.78369140625,2458.390625,2459.060546875,2450.751220703125,2459.258544921875,2522.0,2282.0
201.5,2288.34228515625,2460.8935546875,2460.8935546875,2460.8935546875,2456.78369140625,2458.390625,2460.389404296875,2449.423583984375,2460.587158203125,2522.0,2282.0
201.75,2288.34228515625,2460.8935546875,2460.8935546875,2460.8935546875,2456.78369140625,2458.390625,2460.389404296875,2449.423828125,2459.25830078125,2522.0,2282.0
202.0,2288.33935546875,2460.8935546875,2460.8935546875,2460.8935546875,2456.78369140625,2458.390625,2459.060546875,2449.426025390625,2459.258544921875,2522.0,2282.0
202.25,2292.538818359375,2460.8935546875,2460.8935546875,2460.8935546875,2456.771240234375,2458.792236328125,2459.218017578125,2449.185791015625,2458.90234375,2522.0,2282.0
202.5,2292.31640625,2460.8935546875,2460.8935546875,2460.8935546875,2456.771240234375,2458.79248046875,2459.27099609375,2449.184326171875,2458.857421875,2522.0,2282.0
202.75,2292.31103515625,2460.8935546875,2460.8935546875,2460.8935546875,2456.771240234375,2458.79248046875,2459.27099609375,2449.184326171875,2458.857666015625,2522.0,2282.0
203.0,2292.31103515625,2460.8935546875,2460.8935546875,2460.8935546875,2456.771240234375,2458.79248046875,2459.27099609375,2449.184326171875,2458.857421875,2522.0,2282.0
203.25,2292.31103515625,2460.8935546875,2460.8935546875,2460.8935546875,2456.771240234375,2458.79248046875,2459.27099609375,2449.184326171875,2458.857666015625,2522.0,2282.0
203.5,2292.312255859375,2460.8935546875,2460.8935546875,2460.8935546875,2456.771240234375,2458.79248046875,2459.27099609375,2450.511474609375,2458.857666015625,2522.0,2282.0
203.75,2292.311767578125,2460.8935546875,2460.8935546875,2460.8935546875,2456.771484375,2458.79248046875,2460.60009765625,2449.18408203125,2458.857666015625,2522.0,2282.0
204.0,2292.315185546875,2460.8935546875,2460.8935546875,2460.8935546875,2456.771240234375,2458.79248046875,2459.27099609375,2449.18701171875,2458.858154296875,2522.0,2282.0
204.25,2310.000244140625,2460.8935546875,2460.8935546875,2460.8935546875,2457.255126953125,2460.41015625,2459.4921875,2449.123779296875,2457.861083984375,2522.0,2282.0
204.5,2310.651123046875,2460.8935546875,2460.8935546875,2460.8935546875,2457.255859375,2459.081298828125,2459.4921875,2449.120361328125,2457.8603515625,2522.0,2282.0
204.75,2310.6640625,2460.8935546875,2460.8935546875,2460.8935546875,2458.583740234375,2459.081298828125,2459.4921875,2449.12060546875,2457.8603515625,2522.0,2282.0
205.0,2310.657470703125,2460.8935546875,2460.8935546875,2460.8935546875,2457.255859375,2459.0810546875,2459.4921875,2449.120361328125,2457.8603515625,2522.0,2282.0
205.25,2310.650390625,2460.8935546875,2460.8935546875,2460.8935546875,2457.255859375,2459.081298828125,2459.4921875,2449.120361328125,2457.8603515625,2522.0,2282.0
205.5,2310.648193359375,2460.8935546875,2460.8935546875,2460.8935546875,2457.255859375,2459.081298828125,2459.4921875,2449.120361328125,2457.8603515625,2522.0,2282.0
205.75,2310.651611328125,2460.8935546875,2460.8935546875,2460.8935546875,2457.255859375,2459.081298828125,2459.4921875,2450.444091796875,2457.860107421875,2522.0,2282.0
206.0,2310.680419921875,2460.8935546875,2460.8935546875,2460.8935546875,2457.255859375,2459.081298828125,2460.8212890625,2449.120361328125,2457.8603515625,2522.0,2282.0
206.25,2321.27294921875,2460.8935546875,2460.8935546875,2460.8935546875,2457.59912109375,2459.2255859375,2459.589111328125,2449.818115234375,2458.169921875,2522.0,2282.0
206.5,2324.841552734375,2460.8935546875,2460.8935546875,2460.8935546875,2457.599609375,2460.554443359375,2459.63330078125,2449.817626953125,2458.27294921875,2522.0,2282.0
206.75,2324.84130859375,2460.8935546875,2460.8935546875,2460.8935546875,2457.599609375,2459.2255859375,2459.63330078125,2449.81787109375,2458.272705078125,2522.0,2282.0
207.0,2324.854736328125,2460.8935546875,2460.8935546875,2460.8935546875,2457.599609375,2459.2255859375,2459.63330078125,2449.81787109375,2458.27294921875,2522.0,2282.0
207.25,2324.854248046875,2460.8935546875,2460.8935546875,2460.8935546875,2457.599609375,2459.2255859375,2459.63330078125,2449.81787109375,2458.27294921875,2522.0,2282.0
207.5,2324.842041015625,2460.8935546875,2460.8935546875,2460.8935546875,2457.599609375,2459.2255859375,2459.63330078125,2449.81787109375,2458.27294921875,2522.0,2282.0
207.75,2324.841064453125,2460.8935546875,2460.8935546875,2460.8935546875,2457.599609375,2459.2255859375,2459.63330078125,2449.82080078125,2458.273193359375,2522.0,2282.0
208.0,2324.84423828125,2460.8935546875,2460.8935546875,2460.8935546875,2457.599609375,2459.2255859375,2459.63330078125,2449.81787109375,2458.27294921875,2522.0,2282.0
208.25,2338.155029296875,2460.8935546875,2460.8935546875,2460.8935546875,2458.568603515625,2459.258056640625,2459.65380859375,2450.944580078125,2458.69580078125,2522.0,2282.0
208.5,2342.772216796875,2460.8935546875,2460.8935546875,2462.223388671875,2458.56982421875,2459.2578125,2459.629638671875,2450.95068359375,2458.836181640625,2522.0,2282.0
208.75,2342.7666015625,2460.8935546875,2460.8935546875,2460.8935546875,2458.570068359375,2460.5869140625,2459.629638671875,2450.9482421875,2458.837890625,2522.0,2282.0
209.0,2342.759033203125,2460.8935546875,2460.8935546875,2460.8935546875,2458.56982421875,2459.2578125,2459.629638671875,2450.9482421875,2458.837890625,2522.0,2282.0
209.25,2342.759521484375,2460.8935546875,2460.8935546875,2460.8935546875,2458.570068359375,2459.258056640625,2459.629638671875,2450.9482421875,2458.837890625,2522.0,2282.0
209.5,2342.759033203125,2460.8935546875,2460.8935546875,2460.8935546875,2458.56982421875,2459.2578125,2459.629638671875,2450.9482421875,2458.837890625,2522.0,2282.0
209.75,2342.75732421875,2460.8935546875,2460.8935546875,2460.8935546875,2458.570068359375,2459.2578125,2459.629638671875,2450.9482421875,2458.837890625,2522.0,2282.0
210.0,2342.781494140625,2460.8935546875,2460.8935546875,2460.8935546875,2458.56982421875,2459.2578125,2459.629638671875,2450.950927734375,2458.838134765625,2522.0,2282.0
210.25,2347.089111328125,2460.8935546875,2460.8935546875,2460.8935546875,2458.432861328125,2459.593017578125,2459.729248046875,2451.642333984375,2459.130126953125,2522.0,2282.0
210.5,2347.742431640625,2460.8935546875,2460.8935546875,2460.8935546875,2458.4326171875,2459.593017578125,2459.80224609375,2451.64453125,2459.249755859375,2522.0,2282.0
210.75,2347.73583984375,2460.8935546875,2460.8935546875,2462.223388671875,2458.4326171875,2459.593017578125,2459.80224609375,2451.646728515625,2459.25,2522.0,2282.0
211.0,2347.73681640625,2460.8935546875,2460.8935546875,2460.8935546875,2458.4326171875,2460.922119140625,2459.80224609375,2451.644287109375,2459.249755859375,2522.0,2282.0
211.25,2347.73828125,2460.8935546875,2460.8935546875,2460.8935546875,2458.4326171875,2459.593017578125,2459.80224609375,2451.644287109375,2459.249755859375,2522.0,2282.0
211.5,2347.738525390625,2460.8935546875,2460.8935546875,2460.8935546875,2459.76123046875,2459.593017578125,2459.80224609375,2451.644287109375,2459.24951171875,2522.0,2282.0
211.75,2347.73779296875,2460.8935546875,2460.8935546875,2460.8935546875,2458.4326171875,2459.593017578125,2459.80224609375,2451.644287109375,2459.24951171875,2522.0,2282.0
212.0,2347.75830078125,2460.8935546875,2460.8935546875,2460.8935546875,2458.4326171875,2459.593017578125,2459.80224609375,2451.644287109375,2459.249755859375,2522.0,2282.0
212.25,2353.66650390625,2460.8935546875,2460.8935546875,2460.8935546875,2458.68603515625,2459.941162109375,2459.95849609375,2453.97265625,2459.800048828125,2522.0,2282.0
212.5,2353.84033203125,2460.8935546875,2460.8935546875,2460.8935546875,2458.6865234375,2459.941162109375,2459.95849609375,2452.64794921875,2461.129150390625,2522.0,2282.0
212.75,2353.8349609375,2460.8935546875,2460.8935546875,2460.8935546875,2458.6865234375,2459.941162109375,2461.287841796875,2452.647705078125,2459.7998046875,2522.0,2282.0
213.0,2353.832763671875,2460.8935546875,2460.8935546875,2460.8935546875,2458.6865234375,2459.941162109375,2459.95849609375,2452.64990234375,2459.800048828125,2522.0,2282.0
213.25,2353.833984375,2460.8935546875,2460.8935546875,2460.8935546875,2458.6865234375,2461.2705078125,2459.95849609375,2452.64794921875,2459.7998046875,2522.0,2282.0
213.5,2353.837158203125,2460.8935546875,2460.8935546875,2460.8935546875,2458.6865234375,2459.941162109375,2459.95849609375,2452.64794921875,2459.7998046875,2522.0,2282.0
213.75,2353.83544921875,2460.8935546875,2460.8935546875,2460.8935546875,2460.01513671875,2459.941162109375,2459.95849609375,2452.647705078125,2459.7998046875,2522.0,2282.0
214.0,2353.856201171875,2460.8935546875,2460.8935546875,2460.8935546875,2458.6865234375,2459.941162109375,2459.95849609375,2452.64794921875,2459.7998046875,2522.0,2282.0
214.25,2357.018798828125,2460.8935546875,2460.8935546875,2460.8935546875,2458.6376953125,2460.05224609375,2460.03564453125,2452.8330078125,2459.92529296875,2522.0,2282.0
214.5,2357.018310546875,2460.8935546875,2460.8935546875,2460.8935546875,2458.6376953125,2460.05224609375,2460.035400390625,2452.830810546875,2459.9267578125,2522.0,2282.0
214.75,2357.019287109375,2460.8935546875,2460.8935546875,2460.8935546875,2458.6376953125,2460.05224609375,2461.364990234375,2452.83056640625,2459.925048828125,2522.0,2282.0
215.0,2357.01953125,2460.8935546875,2460.8935546875,2462.223388671875,2458.6376953125,2460.05224609375,2460.035400390625,2452.83056640625,2459.92529296875,2522.0,2282.0
215.25,2357.0283203125,2462.223388671875,2460.8935546875,2460.8935546875,2458.6376953125,2460.05224609375,2460.035400390625,2452.83056640625,2459.92529296875,2522.0,2282.0
215.5,2357.027587890625,2462.223388671875,2460.8935546875,2460.8935546875,2458.6376953125,2460.05224609375,2460.035400390625,2452.830810546875,2459.925048828125,2522.0,2282.0
215.75,2357.03662109375,2460.8935546875,2460.8935546875,2460.8935546875,2458.6376953125,2460.05224609375,2460.03564453125,2452.830810546875,2459.925048828125,2522.0,2282.0
216.0,2357.030517578125,2460.8935546875,2460.8935546875,2460.8935546875,2458.6376953125,2460.05224609375,2460.035400390625,2452.830810546875,2459.925048828125,2522.0,2282.0
216.25,2361.309814453125,2460.8935546875,2460.8935546875,2460.8935546875,2458.759033203125,2460.076904296875,2460.18701171875,2453.507080078125,2459.98876953125,2522.0,2282.0
216.5,2361.30859375,2460.8935546875,2460.8935546875,2460.8935546875,2458.759033203125,2460.0771484375,2460.18701171875,2453.509521484375,2459.989013671875,2522.0,2282.0
216.75,2361.308349609375,2460.8935546875,2460.8935546875,2460.8935546875,2458.759033203125,2460.076904296875,2460.18701171875,2453.507568359375,2459.9892578125,2522.0,2282.0
217.0,2361.31494140625,2460.8935546875,2460.8935546875,2460.8935546875,2458.759033203125,2460.0771484375,2461.5166015625,2453.50732421875,2459.98876953125,2522.0,2282.0
217.25,2361.307373046875,2460.8935546875,2460.8935546875,2462.223388671875,2458.759033203125,2460.076904296875,2460.18701171875,2453.507080078125,2459.989013671875,2522.0,2282.0
217.5,2361.30859375,2460.8935546875,2460.8935546875,2460.8935546875,2458.759033203125,2461.406494140625,2460.18701171875,2453.507568359375,2459.98876953125,2522.0,2282.0
217.75,2361.3076171875,2462.223388671875,2460.8935546875,2460.8935546875,2458.759033203125,2460.076904296875,2460.18701171875,2453.50732421875,2459.98876953125,2522.0,2282.0
218.0,2362.603271484375,2460.8935546875,2460.8935546875,2460.8935546875,2458.759033203125,2460.0771484375,2460.18701171875,2453.50732421875,2459.98876953125,2522.0,2282.0
218.25,2365.283935546875,2460.8935546875,2460.8935546875,2460.8935546875,2459.0244140625,2460.115478515625,2460.320068359375,2453.95361328125,2460.2099609375,2522.0,2282.0
218.5,2365.395263671875,2460.8935546875,2460.8935546875,2460.8935546875,2459.0244140625,2460.115478515625,2460.320068359375,2453.953857421875,2460.209716796875,2522.0,2282.0
218.75,2365.390869140625,2460.8935546875,2460.8935546875,2460.8935546875,2459.0244140625,2460.11572265625,2460.320068359375,2453.955810546875,2460.2099609375,2522.0,2282.0
219.0,2365.384521484375,2460.8935546875,2460.8935546875,2460.8935546875,2459.0244140625,2460.115478515625,2460.320068359375,2453.953857421875,2460.2099609375,2522.0,2282.0
219.25,2365.38232421875,2460.8935546875,2460.8935546875,2460.8935546875,2459.0244140625,2460.115478515625,2461.649658203125,2453.9541015625,2460.2099609375,2522.0,2282.0
219.5,2365.3828125,2460.8935546875,2460.8935546875,2460.8935546875,2459.0244140625,2460.115478515625,2461.649658203125,2453.95361328125,2460.209716796875,2522.0,2282.0
219.75,2365.385986328125,2462.223388671875,2460.8935546875,2460.8935546875,2459.0244140625,2460.11572265625,2460.320068359375,2453.953857421875,2460.209716796875,2522.0,2282.0
220.0,2365.384521484375,2462.223388671875,2460.8935546875,2460.8935546875,2459.0244140625,2460.115478515625,2460.320068359375,2453.953857421875,2460.209716796875,2522.0,2282.0
220.25,2363.968994140625,2460.8935546875,2460.8935546875,2460.8935546875,2459.075439453125,2460.260009765625,2460.241455078125,2453.8427734375,2460.264892578125,2522.0,2282.0
220.5,2363.96337890625,2460.8935546875,2462.223388671875,2460.8935546875,2459.075439453125,2460.260009765625,2460.241455078125,2453.843017578125,2460.264892578125,2522.0,2282.0
220.75,2363.9560546875,2460.8935546875,2460.8935546875,2460.8935546875,2459.075439453125,2460.260009765625,2460.241455078125,2453.8447265625,2460.264892578125,2522.0,2282.0
221.0,2363.962646484375,2460.8935546875,2460.8935546875,2460.8935546875,2459.075439453125,2460.260009765625,2460.241455078125,2453.842529296875,2460.26513671875,2522.0,2282.0
221.25,2363.95361328125,2460.8935546875,2460.8935546875,2460.8935546875,2459.075439453125,2460.260009765625,2460.241455078125,2453.8427734375,2460.264892578125,2522.0,2282.0
221.5,2363.951171875,2460.8935546875,2460.8935546875,2460.8935546875,2459.075439453125,2460.260009765625,2461.571044921875,2453.8427734375,2460.264892578125,2522.0,2282.0
221.75,2363.949462890625,2460.8935546875,2460.8935546875,2460.8935546875,2459.075439453125,2460.260009765625,2461.571044921875,2453.8427734375,2460.264892578125,2522.0,2282.0
222.0,2363.95263671875,2460.8935546875,2460.8935546875,2460.8935546875,2459.075439453125,2461.589599609375,2460.241455078125,2453.8427734375,2460.264892578125,2522.0,2282.0
222.25,2366.3486328125,2462.223388671875,2460.8935546875,2460.8935546875,2459.262939453125,2460.001220703125,2460.109619140625,2454.0947265625,2460.129150390625,2522.0,2282.0
222.5,2366.3720703125,2460.8935546875,2460.8935546875,2460.8935546875,2459.262939453125,2460.001220703125,2460.109619140625,2454.0947265625,2460.129150390625,2522.0,2282.0
222.75,2366.35888671875,2460.8935546875,2462.223388671875,2460.8935546875,2459.262939453125,2460.001220703125,2460.109619140625,2454.094482421875,2460.129150390625,2522.0,2282.0
223.0,2366.352783203125,2460.8935546875,2460.8935546875,2460.8935546875,2459.262939453125,2460.001220703125,2460.109619140625,2454.094482421875,2460.129150390625,2522.0,2282.0
223.25,2366.355224609375,2460.8935546875,2460.8935546875,2460.8935546875,2459.262939453125,2460.001220703125,2460.109619140625,2455.420654296875,2460.129150390625,2522.0,2282.0
223.5,2366.353271484375,2460.8935546875,2460.8935546875,2460.8935546875,2459.262939453125,2460.001220703125,2460.109619140625,2454.0947265625,2460.129150390625,2522.0,2282.0
223.75,2366.351318359375,2460.8935546875,2460.8935546875,2460.8935546875,2459.262939453125,2460.001220703125,2460.109619140625,2454.0947265625,2460.12939453125,2522.0,2282.0
224.0,2366.35302734375,2460.8935546875,2460.8935546875,2460.8935546875,2459.262939453125,2460.001220703125,2460.109619140625,2454.094482421875,2460.12939453125,2522.0,2282.0
224.25,2368.944091796875,2462.223388671875,2460.8935546875,2460.8935546875,2459.365478515625,2460.101318359375,2460.11328125,2454.673828125,2460.31640625,2522.0,2282.0
224.5,2368.96337890625,2460.8935546875,2460.8935546875,2460.8935546875,2459.365478515625,2460.10107421875,2460.11328125,2454.673828125,2460.31640625,2522.0,2282.0
224.75,2368.957763671875,2460.8935546875,2460.8935546875,2460.8935546875,2460.694580078125,2460.101318359375,2460.11328125,2454.673828125,2460.31640625,2522.0,2282.0
225.0,2368.947998046875,2460.8935546875,2462.223388671875,2460.8935546875,2459.365478515625,2460.10107421875,2460.11328125,2454.673583984375,2460.31640625,2522.0,2282.0
225.25,2368.94287109375,2460.8935546875,2460.8935546875,2460.8935546875,2459.365478515625,2460.101318359375,2460.11328125,2456.001708984375,2460.31640625,2522.0,2282.0
225.5,2368.94287109375,2460.8935546875,2460.8935546875,2460.8935546875,2459.365478515625,2460.10107421875,2460.11328125,2456.000244140625,2460.316650390625,2522.0,2282.0
225.75,2368.943115234375,2460.8935546875,2460.8935546875,2460.8935546875,2459.365478515625,2460.101318359375,2460.11328125,2454.673583984375,2461.64599609375,2522.0,2282.0
226.0,2368.939697265625,2460.8935546875,2460.8935546875,2460.8935546875,2459.365478515625,2460.101318359375,2461.442626953125,2454.673583984375,2460.31640625,2522.0,2282.0
226.25,2373.330810546875,2460.8935546875,2460.8935546875,2460.8935546875,2459.35302734375,2460.185546875,2460.13330078125,2454.760986328125,2460.402587890625,2522.0,2282.0
226.5,2373.333251953125,2462.223388671875,2460.8935546875,2460.8935546875,2459.35302734375,2460.185302734375,2460.13330078125,2454.7607421875,2460.402587890625,2522.0,2282.0
226.75,2373.347412109375,2460.8935546875,2460.8935546875,2460.8935546875,2459.35302734375,2460.185302734375,2460.13330078125,2454.760986328125,2460.402587890625,2522.0,2282.0
227.0,2373.34423828125,2460.8935546875,2460.8935546875,2460.8935546875,2460.68212890625,2460.185302734375,2460.13330078125,2454.760986328125,2460.400634765625,2522.0,2282.0
227.25,2373.328369140625,2460.8935546875,2462.223388671875,2460.8935546875,2459.35302734375,2460.185302734375,2460.13330078125,2454.760986328125,2460.402587890625,2522.0,2282.0
227.5,2373.32861328125,2460.8935546875,2460.8935546875,2460.8935546875,2459.35302734375,2460.185302734375,2460.13330078125,2454.762451171875,2460.402587890625,2522.0,2282.0
227.75,2373.328857421875,2460.8935546875,2460.8935546875,2460.8935546875,2459.35302734375,2460.185302734375,2460.13330078125,2454.760986328125,2460.40283203125,2522.0,2282.0
228.0,2373.328369140625,2460.8935546875,2460.8935546875,2460.8935546875,2459.35302734375,2460.185302734375,2460.13330078125,2454.760986328125,2460.402587890625,2522.0,2282.0
228.25,2374.553466796875,2460.8935546875,2460.8935546875,2460.8935546875,2459.4169921875,2460.247802734375,2460.258544921875,2454.87158203125,2460.51025390625,2522.0,2282.0
228.5,2374.550537109375,2460.8935546875,2460.8935546875,2462.223388671875,2459.4169921875,2460.247802734375,2460.258544921875,2454.869873046875,2460.51025390625,2522.0,2282.0
228.75,2374.56787109375,2462.223388671875,2460.8935546875,2460.8935546875,2459.4169921875,2460.247802734375,2460.25830078125,2454.869873046875,2460.51025390625,2522.0,2282.0
229.0,2375.850341796875,2460.8935546875,2460.8935546875,2460.8935546875,2459.4169921875,2460.247802734375,2460.258544921875,2454.8701171875,2460.51025390625,2522.0,2282.0
229.25,2374.557861328125,2460.8935546875,2460.8935546875,2460.8935546875,2460.74609375,2460.247802734375,2460.258544921875,2454.869873046875,2460.510009765625,2522.0,2282.0
229.5,2374.547119140625,2460.8935546875,2462.223388671875,2460.8935546875,2459.4169921875,2460.247802734375,2460.258544921875,2454.869873046875,2460.510009765625,2522.0,2282.0
229.75,2374.550537109375,2460.8935546875,2460.8935546875,2460.8935546875,2459.4169921875,2460.247802734375,2460.258544921875,2454.87158203125,2460.510498046875,2522.0,2282.0
230.0,2374.54736328125,2460.8935546875,2460.8935546875,2460.8935546875,2459.4169921875,2460.247802734375,2460.25830078125,2454.8701171875,2460.510009765625,2522.0,2282.0
230.25,2375.504150390625,2460.8935546875,2460.8935546875,2460.8935546875,2459.373291015625,2460.299072265625,2460.34228515625,2454.97900390625,2461.947265625,2522.0,2282.0
230.5,2375.503662109375,2460.8935546875,2460.8935546875,2460.8935546875,2459.373291015625,2460.299072265625,2461.671875,2454.97900390625,2460.61767578125,2522.0,2282.0
230.75,2375.4990234375,2460.8935546875,2460.8935546875,2462.223388671875,2459.373291015625,2460.299072265625,2460.34228515625,2454.97900390625,2460.61767578125,2522.0,2282.0
231.0,2375.499267578125,2462.223388671875,2460.8935546875,2460.8935546875,2459.373291015625,2460.299072265625,2460.34228515625,2454.97900390625,2460.61767578125,2522.0,2282.0
231.25,2376.7890625,2460.8935546875,2460.8935546875,2460.8935546875,2459.373291015625,2460.299072265625,2460.34228515625,2454.97900390625,2460.61767578125,2522.0,2282.0
231.5,2375.501953125,2460.8935546875,2460.8935546875,2460.8935546875,2460.702392578125,2460.299072265625,2460.34228515625,2454.97900390625,2460.61767578125,2522.0,2282.0
231.75,2375.49755859375,2460.8935546875,2462.223388671875,2460.8935546875,2459.373291015625,2460.299072265625,2460.34228515625,2454.97900390625,2460.61767578125,2522.0,2282.0
232.0,2375.49951171875,2460.8935546875,2460.8935546875,2460.8935546875,2459.373291015625,2460.299072265625,2460.34228515625,2454.980712890625,2460.617919921875,2522.0,2282.0
232.25,2377.936279296875,2460.8935546875,2460.8935546875,2460.8935546875,2459.42529296875,2460.287353515625,2460.393310546875,2455.21484375,2460.576416015625,2522.0,2282.0
232.5,2377.9365234375,2460.8935546875,2460.8935546875,2460.8935546875,2459.42529296875,2460.287353515625,2460.393310546875,2455.21484375,2461.90576171875,2522.0,2282.0
232.75,2377.937744140625,2460.8935546875,2460.8935546875,2460.8935546875,2459.42529296875,2460.287353515625,2460.393310546875,2455.21484375,2460.576171875,2522.0,2282.0
233.0,2377.937744140625,2460.8935546875,2460.8935546875,2460.893310546875,2459.42529296875,2460.287353515625,2460.393310546875,2455.215087890625,2460.575927734375,2522.0,2282.0
233.25,2377.939453125,2462.223388671875,2460.8935546875,2460.8935546875,2459.42529296875,2460.287353515625,2460.393310546875,2455.21484375,2460.576171875,2522.0,2282.0
233.5,2377.94921875,2460.8935546875,2460.8935546875,2460.8935546875,2459.42529296875,2460.287353515625,2460.393310546875,2455.215087890625,2460.576171875,2522.0,2282.0
233.75,2377.935302734375,2460.8935546875,2460.8935546875,2460.8935546875,2460.75439453125,2460.287353515625,2460.393310546875,2455.214599609375,2460.576171875,2522.0,2282.0
234.0,2377.937744140625,2460.8935546875,2462.223388671875,2460.8935546875,2459.42529296875,2460.287353515625,2460.393310546875,2455.215087890625,2460.576171875,2522.0,2282.0
234.25,2381.79736328125,2460.8935546875,2460.8935546875,2460.8935546875,2459.588134765625,2460.321044921875,2460.426513671875,2455.422119140625,2460.560546875,2522.0,2282.0
234.5,2381.796875,2460.8935546875,2460.8935546875,2460.8935546875,2459.588134765625,2460.321044921875,2460.426513671875,2455.4208984375,2460.560302734375,2522.0,2282.0
234.75,2381.799560546875,2460.8935546875,2460.8935546875,2460.8935546875,2459.587890625,2460.321044921875,2460.426513671875,2455.4208984375,2461.889892578125,2522.0,2282.0
235.0,2381.80078125,2460.8935546875,2460.8935546875,2460.8935546875,2459.588134765625,2460.321044921875,2460.426513671875,2455.4208984375,2460.56005859375,2522.0,2282.0
235.25,2381.801025390625,2460.8935546875,2460.8935546875,2462.223388671875,2459.587890625,2460.321044921875,2460.426513671875,2455.421142578125,2460.56005859375,2522.0,2282.0
235.5,2383.1025390625,2462.223388671875,2460.8935546875,2460.8935546875,2459.588134765625,2460.321044921875,2460.426513671875,2455.4208984375,2460.56005859375,2522.0,2282.0
235.75,2381.807861328125,2460.8935546875,2460.8935546875,2460.8935546875,2459.587890625,2460.321044921875,2460.426513671875,2455.4208984375,2460.560302734375,2522.0,2282.0
236.0,2381.802978515625,2460.8935546875,2460.8935546875,2460.8935546875,2460.917236328125,2460.321044921875,2460.426513671875,2455.4208984375,2460.56005859375,2522.0,2282.0
236.25,2384.793212890625,2460.8935546875,2460.8935546875,2460.8935546875,2459.660888671875,2460.361083984375,2460.497314453125,2455.553466796875,2460.526611328125,2522.0,2282.0
236.5,2384.794189453125,2460.8935546875,2460.8935546875,2460.8935546875,2459.660888671875,2460.36083984375,2460.497314453125,2455.554931640625,2460.52685546875,2522.0,2282.0
236.75,2384.79345703125,2460.8935546875,2460.8935546875,2460.8935546875,2459.660888671875,2460.361083984375,2460.497314453125,2455.553466796875,2460.526611328125,2522.0,2282.0
237.0,2384.794189453125,2460.8935546875,2460.8935546875,2460.8935546875,2459.660888671875,2460.36083984375,2460.497314453125,2455.553466796875,2460.526611328125,2522.0,2282.0
237.25,2384.794921875,2460.8935546875,2460.8935546875,2460.8935546875,2459.660888671875,2460.361083984375,2461.826904296875,2455.553466796875,2460.526611328125,2522.0,2282.0
237.5,2384.796875,2460.8935546875,2460.8935546875,2462.223388671875,2459.660888671875,2460.36083984375,2460.497314453125,2455.553466796875,2460.526611328125,2522.0,2282.0
237.75,2384.814453125,2462.223388671875,2460.8935546875,2460.8935546875,2459.660888671875,2460.361083984375,2460.497314453125,2455.553466796875,2460.526611328125,2522.0,2282.0
238.0,2384.79931640625,2460.8935546875,2460.8935546875,2460.8935546875,2459.660888671875,2460.36083984375,2460.497314453125,2455.5537109375,2460.526611328125,2522.0,2282.0
238.25,2385.68212890625,2460.8935546875,2460.8935546875,2460.8935546875,2459.5771484375,2460.40478515625,2460.446044921875,2455.797119140625,2460.43798828125,2522.0,2282.0
238.5,2385.682373046875,2460.8935546875,2462.223388671875,2460.8935546875,2459.576904296875,2460.40478515625,2460.446044921875,2455.797119140625,2460.43798828125,2522.0,2282.0
238.75,2385.677978515625,2460.8935546875,2460.8935546875,2460.8935546875,2459.5771484375,2460.40478515625,2460.446044921875,2455.79833984375,2460.438232421875,2522.0,2282.0
239.0,2385.67919921875,2460.8935546875,2460.8935546875,2460.8935546875,2459.576904296875,2460.40478515625,2460.446044921875,2455.79736328125,2460.438232421875,2522.0,2282.0
239.25,2385.681396484375,2460.8935546875,2460.8935546875,2460.8935546875,2459.576904296875,2460.40478515625,2460.446044921875,2455.797119140625,2461.767578125,2522.0,2282.0
239.5,2385.68212890625,2460.8935546875,2460.8935546875,2460.8935546875,2459.576904296875,2460.40478515625,2461.775634765625,2455.79736328125,2460.43798828125,2522.0,2282.0
239.75,2385.697021484375,2460.8935546875,2460.8935546875,2460.8935546875,2459.5771484375,2460.40478515625,2460.446044921875,2455.797119140625,2460.438232421875,2522.0,2282.0
240.0,2386.985595703125,2462.223388671875,2460.8935546875,2460.8935546875,2459.576904296875,2460.40478515625,2460.446044921875,2455.79736328125,2460.43798828125,2522.0,2282.0
240.25,2388.03662109375,2460.8935546875,2460.8935546875,2460.893310546875,2459.852294921875,2460.391845703125,2460.52734375,2456.868896484375,2461.166259765625,2522.0,2282.0
240.5,2388.0322265625,2460.8935546875,2460.8935546875,2460.8935546875,2461.181640625,2460.391845703125,2460.527587890625,2456.868408203125,2461.16650390625,2522.0,2282.0
240.75,2388.031982421875,2460.8935546875,2462.223388671875,2460.8935546875,2459.852294921875,2460.391845703125,2460.527587890625,2456.86865234375,2461.16650390625,2522.0,2282.0
241.0,2388.03125,2460.8935546875,2460.8935546875,2460.8935546875,2459.852294921875,2460.391845703125,2460.527587890625,2456.869384765625,2461.16650390625,2522.0,2282.0
241.25,2388.031982421875,2460.8935546875,2460.8935546875,2460.8935546875,2459.852294921875,2460.391845703125,2460.527587890625,2456.86865234375,2461.16650390625,2522.0,2282.0
241.5,2388.0322265625,2460.8935546875,2460.8935546875,2460.8935546875,2459.852294921875,2460.391845703125,2460.527587890625,2456.86865234375,2462.496337890625,2522.0,2282.0
241.75,2388.044677734375,2460.8935546875,2460.8935546875,2460.8935546875,2459.852294921875,2460.391845703125,2460.527587890625,2456.86962890625,2461.166259765625,2522.0,2282.0
242.0,2388.033203125,2460.8935546875,2460.8935546875,2462.223388671875,2459.852294921875,2460.391845703125,2460.527587890625,2456.86865234375,2461.16650390625,2522.0,2282.0
242.25,2397.195556640625,2462.223388671875,2460.8935546875,2460.8935546875,2460.180908203125,2460.462646484375,2460.564697265625,2457.30322265625,2461.155517578125,2522.0,2282.0
242.5,2397.1923828125,2460.8935546875,2460.8935546875,2460.8935546875,2460.180908203125,2460.46240234375,2460.564697265625,2457.3017578125,2461.15576171875,2522.0,2282.0
242.75,2397.193359375,2460.8935546875,2460.8935546875,2460.8935546875,2461.510498046875,2460.46240234375,2460.564697265625,2457.302001953125,2461.15771484375,2522.0,2282.0
243.0,2397.202392578125,2460.8935546875,2462.223388671875,2460.8935546875,2460.180908203125,2460.46240234375,2460.56494140625,2457.3017578125,2461.156005859375,2522.0,2282.0
243.25,2397.1953125,2460.8935546875,2460.8935546875,2460.8935546875,2460.180908203125,2460.46240234375,2460.564697265625,2457.302490234375,2461.156005859375,2522.0,2282.0
243.5,2397.19287109375,2460.8935546875,2460.8935546875,2460.8935546875,2460.180908203125,2460.46240234375,2460.56494140625,2457.302001953125,2461.156005859375,2522.0,2282.0
243.75,2397.19287109375,2460.8935546875,2460.8935546875,2460.8935546875,2460.180908203125,2460.46240234375,2460.564697265625,2457.302001953125,2462.48583984375,2522.0,2282.0
244.0,2397.193603515625,2460.8935546875,2460.8935546875,2460.8935546875,2460.180908203125,2460.46240234375,2461.89453125,2457.3017578125,2462.48583984375,2522.0,2282.0
244.25,2401.070556640625,2460.8935546875,2460.8935546875,2462.223388671875,2460.186279296875,2460.531494140625,2460.69580078125,2457.3828125,2461.12646484375,2522.0,2282.0
244.5,2401.062744140625,2462.223388671875,2460.8935546875,2460.8935546875,2460.186279296875,2460.531494140625,2460.696044921875,2457.38427734375,2461.12646484375,2522.0,2282.0
244.75,2401.065185546875,2460.8935546875,2460.8935546875,2460.8935546875,2460.186279296875,2460.531494140625,2460.69580078125,2457.3828125,2461.12646484375,2522.0,2282.0
245.0,2401.0673828125,2460.8935546875,2460.8935546875,2460.8935546875,2461.515869140625,2460.531494140625,2460.696044921875,2457.3828125,2461.12646484375,2522.0,2282.0
245.25,2401.06298828125,2460.8935546875,2462.223388671875,2460.8935546875,2460.186279296875,2460.531494140625,2460.69580078125,2457.383056640625,2461.126220703125,2522.0,2282.0
245.5,2401.06640625,2460.8935546875,2460.8935546875,2460.8935546875,2460.186279296875,2460.531494140625,2460.696044921875,2457.383544921875,2461.126708984375,2522.0,2282.0
245.75,2401.0654296875,2460.8935546875,2460.8935546875,2460.8935546875,2460.186279296875,2460.531494140625,2460.69580078125,2457.383056640625,2461.126220703125,2522.0,2282.0
246.0,2401.065185546875,2460.8935546875,2460.8935546875,2460.8935546875,2460.186279296875,2460.531494140625,2460.69580078125,2457.383056640625,2461.12646484375,2522.0,2282.0
246.25,2405.658447265625,2460.8935546875,2460.8935546875,2460.8935546875,2460.249755859375,2460.62548828125,2460.789306640625,2457.69140625,2461.10205078125,2522.0,2282.0
246.5,2405.65478515625,2460.8935546875,2460.8935546875,2462.223388671875,2460.249755859375,2460.62548828125,2460.789306640625,2457.691650390625,2461.102294921875,2522.0,2282.0
246.75,2405.659912109375,2462.223388671875,2460.8935546875,2460.8935546875,2460.249755859375,2460.62548828125,2460.789306640625,2457.693115234375,2461.1025390625,2522.0,2282.0
247.0,2405.658203125,2460.8935546875,2460.8935546875,2460.8935546875,2460.249755859375,2460.62548828125,2460.789306640625,2457.691650390625,2461.102294921875,2522.0,2282.0
247.25,2405.654296875,2460.8935546875,2460.8935546875,2460.8935546875,2461.5791015625,2460.62548828125,2460.789306640625,2457.691650390625,2461.102294921875,2522.0,2282.0
247.5,2405.65087890625,2460.8935546875,2462.223388671875,2460.8935546875,2460.249755859375,2460.62548828125,2460.789306640625,2457.692138671875,2461.1025390625,2522.0,2282.0
247.75,2405.65380859375,2460.8935546875,2460.8935546875,2460.8935546875,2460.249755859375,2460.62548828125,2460.789306640625,2457.692138671875,2461.1025390625,2522.0,2282.0
248.0,2405.653564453125,2460.8935546875,2460.8935546875,2460.8935546875,2460.249755859375,2460.62548828125,2460.789306640625,2457.691650390625,2461.102294921875,2522.0,2282.0
248.25,2411.722412109375,2460.8935546875,2460.8935546875,2460.8935546875,2460.390869140625,2460.669921875,2460.991455078125,2457.897216796875,2462.416259765625,2522.0,2282.0
248.5,2411.70751953125,2460.8935546875,2460.8935546875,2460.8935546875,2460.39111328125,2460.669921875,2460.991455078125,2457.8974609375,2461.086181640625,2522.0,2282.0
248.75,2411.70556640625,2460.8935546875,2460.8935546875,2462.223388671875,2460.39111328125,2460.669921875,2460.991455078125,2457.897216796875,2461.08642578125,2522.0,2282.0
249.0,2411.70703125,2462.223388671875,2460.8935546875,2460.8935546875,2460.39111328125,2460.669921875,2460.991455078125,2457.8984375,2461.0859375,2522.0,2282.0
249.25,2411.707275390625,2460.8935546875,2460.8935546875,2460.8935546875,2460.39111328125,2460.669921875,2460.991455078125,2457.897216796875,2461.08642578125,2522.0,2282.0
249.5,2411.70556640625,2460.8935546875,2460.8935546875,2460.8935546875,2460.39111328125,2460.669921875,2460.991455078125,2457.897216796875,2461.086181640625,2522.0,2282.0
249.75,2411.706298828125,2460.8935546875,2460.8935546875,2460.8935546875,2460.39111328125,2460.669921875,2460.991455078125,2457.897216796875,2461.08642578125,2522.0,2282.0
250.0,2411.70751953125,2460.8935546875,2460.8935546875,2460.8935546875,2460.39111328125,2460.669921875,2460.991455078125,2457.897705078125,2461.08642578125,2522.0,2282.0
250.25,2416.189453125,2460.8935546875,2460.8935546875,2460.8935546875,2460.599609375,2460.8447265625,2460.974609375,2458.308349609375,2461.05419921875,2522.0,2282.0
250.5,2416.17138671875,2460.8935546875,2460.8935546875,2460.8935546875,2460.599609375,2460.8447265625,2460.974609375,2458.308349609375,2462.38427734375,2522.0,2282.0
250.75,2416.169189453125,2460.8935546875,2460.8935546875,2460.8935546875,2460.599609375,2460.8447265625,2460.974609375,2458.308349609375,2461.05419921875,2522.0,2282.0
251.0,2416.1689453125,2460.8935546875,2460.8935546875,2462.223388671875,2460.599609375,2460.8447265625,2460.974609375,2458.308349609375,2461.05419921875,2522.0,2282.0
251.25,2416.1708984375,2462.223388671875,2460.8935546875,2460.8935546875,2460.599609375,2460.8447265625,2460.974609375,2458.3095703125,2461.054443359375,2522.0,2282.0
251.5,2416.1669921875,2460.8935546875,2460.8935546875,2460.8935546875,2460.599609375,2460.8447265625,2460.974609375,2458.30859375,2461.05419921875,2522.0,2282.0
251.75,2416.169921875,2460.8935546875,2460.8935546875,2460.8935546875,2461.92919921875,2460.8447265625,2460.974609375,2458.308349609375,2461.05419921875,2522.0,2282.0
252.0,2416.171875,2460.8935546875,2462.223388671875,2460.8935546875,2460.599609375,2460.8447265625,2460.974609375,2458.308349609375,2461.054443359375,2522.0,2282.0
252.25,2422.049072265625,2460.8935546875,2460.8935546875,2460.8935546875,2460.6025390625,2460.816162109375,2460.9775390625,2458.3896484375,2461.025146484375,2522.0,2282.0
252.5,2420.748291015625,2460.8935546875,2460.8935546875,2460.8935546875,2460.6025390625,2460.816162109375,2460.9775390625,2458.389404296875,2461.025146484375,2522.0,2282.0
252.75,2420.73876953125,2460.8935546875,2460.8935546875,2460.8935546875,2460.6025390625,2460.816162109375,2460.9775390625,2458.3896484375,2461.02490234375,2522.0,2282.0
253.0,2420.736328125,2460.8935546875,2460.8935546875,2460.8935546875,2460.6025390625,2460.816162109375,2462.307373046875,2458.3896484375,2461.024658203125,2522.0,2282.0
253.25,2420.736328125,2460.8935546875,2460.8935546875,2460.8935546875,2460.6025390625,2460.816162109375,2460.9775390625,2458.389404296875,2461.024658203125,2522.0,2282.0
253.5,2420.736572265625,2462.223388671875,2460.8935546875,2460.8935546875,2460.6025390625,2460.816162109375,2460.9775390625,2458.390625,2461.02490234375,2522.0,2282.0
253.75,2420.741943359375,2460.8935546875,2460.8935546875,2460.8935546875,2460.6025390625,2460.816162109375,2460.9775390625,2458.389404296875,2461.02490234375,2522.0,2282.0
254.0,2420.741455078125,2460.8935546875,2460.8935546875,2460.8935546875,2461.93212890625,2460.816162109375,2460.9775390625,2458.389404296875,2461.02490234375,2522.0,2282.0
254.25,2423.74365234375,2460.8935546875,2462.223388671875,2460.8935546875,2460.804443359375,2460.92138671875,2461.081298828125,2458.594970703125,2461.0087890625,2522.0,2282.0
254.5,2423.750732421875,2460.8935546875,2460.8935546875,2460.8935546875,2460.804443359375,2460.921142578125,2461.08154296875,2458.5947265625,2461.009033203125,2522.0,2282.0
254.75,2423.742431640625,2460.8935546875,2460.8935546875,2460.8935546875,2460.804443359375,2460.92138671875,2461.081298828125,2458.594970703125,2461.009033203125,2522.0,2282.0
255.0,2423.738037109375,2460.8935546875,2460.8935546875,2460.8935546875,2460.804443359375,2460.921142578125,2461.08154296875,2458.594970703125,2461.0087890625,2522.0,2282.0
255.25,2423.7373046875,2460.8935546875,2460.8935546875,2460.8935546875,2460.804443359375,2460.92138671875,2462.411376953125,2458.59521484375,2461.0087890625,2522.0,2282.0
255.5,2423.746337890625,2460.8935546875,2460.8935546875,2460.8935546875,2460.804443359375,2460.921142578125,2461.08154296875,2458.59521484375,2461.008544921875,2522.0,2282.0
255.75,2423.7412109375,2462.223388671875,2460.8935546875,2460.8935546875,2460.804443359375,2460.92138671875,2461.081298828125,2458.59619140625,2461.008544921875,2522.0,2282.0
256.0,2423.739013671875,2460.8935546875,2460.8935546875,2460.8935546875,2460.804443359375,2460.92138671875,2461.08154296875,2458.594970703125,2461.0087890625,2522.0,2282.0
256.25,2426.118408203125,2460.8935546875,2460.8935546875,2460.8935546875,2462.25830078125,2460.948974609375,2461.203125,2458.7490234375,2460.99658203125,2522.0,2282.0
256.5,2426.1259765625,2460.8935546875,2462.223388671875,2460.8935546875,2460.92822265625,2460.948974609375,2461.203125,2458.749267578125,2460.996826171875,2522.0,2282.0
256.75,2426.1259765625,2460.8935546875,2460.8935546875,2460.8935546875,2460.92822265625,2460.948974609375,2461.203125,2458.7490234375,2460.996826171875,2522.0,2282.0
257.0,2426.1162109375,2460.8935546875,2460.8935546875,2460.8935546875,2460.92822265625,2460.948974609375,2461.203125,2458.7490234375,2460.996826171875,2522.0,2282.0
257.25,2426.115478515625,2460.8935546875,2460.8935546875,2460.8935546875,2460.92822265625,2460.94921875,2461.203125,2458.749267578125,2460.996826171875,2522.0,2282.0
257.5,2426.1181640625,2460.8935546875,2460.8935546875,2460.8935546875,2460.92822265625,2460.948974609375,2462.533203125,2458.7490234375,2460.996826171875,2522.0,2282.0
257.75,2426.115234375,2460.8935546875,2460.8935546875,2460.8935546875,2460.92822265625,2460.94921875,2461.203125,2458.749267578125,2460.99658203125,2522.0,2282.0
258.0,2425.5068359375,2460.8935546875,2460.8935546875,2460.8935546875,2460.919189453125,2460.908447265625,2461.3203125,2458.4189453125,2460.99951171875,2522.0,2282.0
258.25,2425.51318359375,2460.8935546875,2460.8935546875,2460.8935546875,2460.919189453125,2460.908447265625,2461.3203125,2458.419189453125,2460.999267578125,2522.0,2282.0
258.5,2425.503662109375,2460.8935546875,2460.8935546875,2460.8935546875,2460.919189453125,2460.908447265625,2461.3203125,2458.419189453125,2460.999267578125,2522.0,2282.0
258.75,2425.50244140625,2460.8935546875,2460.8935546875,2460.8935546875,2460.91943359375,2460.908447265625,2461.3203125,2458.419189453125,2460.99951171875,2522.0,2282.0
259.0,2425.503173828125,2460.8935546875,2460.8935546875,2460.8935546875,2460.919189453125,2460.908447265625,2461.3203125,2458.419189453125,2462.329345703125,2522.0,2282.0
259.25,2425.509521484375,2460.8935546875,2460.8935546875,2460.8935546875,2460.91943359375,2460.908447265625,2461.3203125,2458.420166015625,2460.999267578125,2522.0,2282.0
259.5,2425.506591796875,2460.8935546875,2460.8935546875,2460.8935546875,2460.919189453125,2460.908447265625,2461.3203125,2458.4189453125,2460.999267578125,2522.0,2282.0
259.75,2426.84521484375,2460.8935546875,2460.8935546875,2460.8935546875,2461.0234375,2461.011474609375,2461.296142578125,2458.470458984375,2460.995361328125,2522.0,2282.0
260.0,2426.850341796875,2460.8935546875,2460.8935546875,2460.8935546875,2461.0234375,2461.011474609375,2461.296142578125,2458.470458984375,2460.995361328125,2522.0,2282.0
260.25,2428.161865234375,2460.8935546875,2460.8935546875,2460.8935546875,2461.0234375,2461.011474609375,2461.296142578125,2458.470458984375,2460.995361328125,2522.0,2282.0
260.5,2426.860107421875,2460.8935546875,2460.8935546875,2460.8935546875,2461.0234375,2461.011474609375,2461.296142578125,2458.470458984375,2460.995361328125,2522.0,2282.0
260.75,2426.849609375,2460.8935546875,2460.8935546875,2460.8935546875,2461.0234375,2461.011474609375,2461.296142578125,2459.799072265625,2460.99560546875,2522.0,2282.0
261.0,2426.85107421875,2460.8935546875,2460.8935546875,2460.8935546875,2461.0234375,2461.011474609375,2461.296142578125,2458.470458984375,2460.995361328125,2522.0,2282.0
261.25,2426.853515625,2460.8935546875,2460.8935546875,2460.8935546875,2461.0234375,2461.011474609375,2461.296142578125,2458.470458984375,2462.3251953125,2522.0,2282.0
261.5,2426.853271484375,2460.8935546875,2460.8935546875,2460.8935546875,2461.0234375,2461.011474609375,2461.296142578125,2458.470703125,2460.9951171875,2522.0,2282.0
261.75,2432.3525390625,2460.8935546875,2460.8935546875,2460.8935546875,2461.158447265625,2462.222412109375,2461.46142578125,2458.604248046875,2460.961669921875,2522.0,2282.0
262.0,2432.34912109375,2462.223388671875,2460.8935546875,2460.8935546875,2461.158447265625,2460.892578125,2461.46142578125,2458.60400390625,2460.96142578125,2522.0,2282.0
262.25,2432.3486328125,2460.8935546875,2460.8935546875,2460.8935546875,2461.158447265625,2460.892578125,2461.46142578125,2458.602783203125,2460.9619140625,2522.0,2282.0
262.5,2433.662841796875,2460.8935546875,2460.8935546875,2460.8935546875,2461.158447265625,2460.892578125,2461.46142578125,2458.60302734375,2460.9619140625,2522.0,2282.0
262.75,2432.3515625,2460.8935546875,2460.8935546875,2460.8935546875,2461.158447265625,2460.892578125,2461.46142578125,2458.602783203125,2460.9619140625,2522.0,2282.0
263.0,2432.3544921875,2460.8935546875,2460.8935546875,2460.8935546875,2461.158447265625,2460.892578125,2461.46142578125,2458.602783203125,2460.962158203125,2522.0,2282.0
263.25,2432.350341796875,2460.8935546875,2460.8935546875,2460.8935546875,2461.158447265625,2460.892578125,2461.46142578125,2458.60302734375,2460.961669921875,2522.0,2282.0
263.5,2432.3486328125,2460.8935546875,2460.8935546875,2460.8935546875,2461.158447265625,2460.892578125,2461.46142578125,2458.60302734375,2462.291748046875,2522.0,2282.0
263.75,2433.3994140625,2460.8935546875,2460.8935546875,2460.8935546875,2461.294677734375,2460.93212890625,2461.46826171875,2459.248779296875,2460.888427734375,2522.0,2282.0
264.0,2433.398681640625,2460.8935546875,2460.8935546875,2460.8935546875,2461.294921875,2460.93212890625,2461.46826171875,2459.2490234375,2460.88818359375,2522.0,2282.0
264.25,2433.399658203125,2462.223388671875,2460.8935546875,2460.8935546875,2461.294677734375,2460.93212890625,2461.46826171875,2459.25,2460.88818359375,2522.0,2282.0
264.5,2433.39892578125,2460.8935546875,2460.8935546875,2460.8935546875,2461.294921875,2460.93212890625,2461.46826171875,2459.2490234375,2460.888427734375,2522.0,2282.0
264.75,2434.715087890625,2460.8935546875,2460.8935546875,2460.8935546875,2461.294677734375,2460.93212890625,2461.46826171875,2459.2490234375,2460.888427734375,2522.0,2282.0
265.0,2433.402587890625,2460.8935546875,2460.8935546875,2460.8935546875,2461.294677734375,2460.93212890625,2461.46826171875,2459.2490234375,2460.88818359375,2522.0,2282.0
265.25,2433.400634765625,2460.8935546875,2460.8935546875,2460.8935546875,2461.294921875,2460.93212890625,2461.46826171875,2459.248291015625,2460.888671875,2522.0,2282.0
265.5,2433.397705078125,2460.8935546875,2460.8935546875,2460.8935546875,2461.294921875,2460.93212890625,2461.46826171875,2459.2490234375,2460.888427734375,2522.0,2282.0
265.75,2427.304443359375,2460.8935546875,2460.8935546875,2460.8935546875,2461.105224609375,2460.68017578125,2461.40771484375,2459.219482421875,2462.24365234375,2522.0,2282.0
266.0,2427.308349609375,2460.8935546875,2460.8935546875,2460.8935546875,2461.105224609375,2460.680419921875,2461.40771484375,2459.21923828125,2460.913818359375,2522.0,2282.0
266.25,2427.304443359375,2460.8935546875,2460.8935546875,2460.8935546875,2461.105224609375,2460.680419921875,2461.40771484375,2459.21923828125,2460.91357421875,2522.0,2282.0
266.5,2427.305908203125,2462.223388671875,2460.8935546875,2460.8935546875,2461.105224609375,2460.680419921875,2461.40771484375,2459.220458984375,2460.91357421875,2522.0,2282.0
266.75,2427.30810546875,2460.8935546875,2460.8935546875,2460.8935546875,2461.105224609375,2460.680419921875,2461.40771484375,2459.21923828125,2460.913818359375,2522.0,2282.0
267.0,2427.308349609375,2460.8935546875,2460.8935546875,2460.8935546875,2461.105224609375,2460.680419921875,2461.40771484375,2459.21923828125,2460.913818359375,2522.0,2282.0
267.25,2427.308837890625,2460.8935546875,2462.223388671875,2460.8935546875,2461.105224609375,2460.680419921875,2461.40771484375,2459.21923828125,2460.913818359375,2522.0,2282.0
267.5,2428.619873046875,2460.8935546875,2460.8935546875,2460.8935546875,2461.105224609375,2460.680419921875,2461.40771484375,2459.21875,2460.9140625,2522.0,2282.0
267.75,2427.59765625,2460.8935546875,2460.8935546875,2460.8935546875,2461.25,2460.697265625,2461.361328125,2459.806396484375,2461.493408203125,2522.0,2282.0
268.0,2427.597412109375,2460.8935546875,2460.8935546875,2460.8935546875,2461.250244140625,2460.697265625,2461.361328125,2459.80615234375,2462.823486328125,2522.0,2282.0
268.25,2427.596923828125,2460.8935546875,2460.8935546875,2460.8935546875,2461.25,2460.697265625,2461.361328125,2459.806396484375,2461.493408203125,2522.0,2282.0
268.5,2427.595947265625,2460.8935546875,2460.8935546875,2462.223388671875,2461.25,2460.697265625,2461.361328125,2459.806396484375,2461.4931640625,2522.0,2282.0
268.75,2427.59228515625,2462.223388671875,2460.8935546875,2460.8935546875,2461.25,2460.697265625,2461.361328125,2459.80712890625,2461.492919921875,2522.0,2282.0
269.0,2427.5966796875,2460.8935546875,2460.8935546875,2460.8935546875,2461.25,2460.697265625,2461.361328125,2459.80615234375,2461.493408203125,2522.0,2282.0
269.25,2427.595703125,2460.8935546875,2460.8935546875,2460.8935546875,2462.580078125,2460.697265625,2461.361328125,2459.806396484375,2461.493408203125,2522.0,2282.0
269.5,2427.597412109375,2460.8935546875,2462.223388671875,2460.8935546875,2461.25,2460.697265625,2461.361328125,2459.806396484375,2461.4931640625,2522.0,2282.0
269.75,2427.96728515625,2460.8935546875,2460.8935546875,2460.8935546875,2461.223876953125,2460.703369140625,2461.335693359375,2460.98095703125,2461.505615234375,2522.0,2282.0
270.0,2427.9609375,2460.8935546875,2460.8935546875,2460.8935546875,2461.223876953125,2460.703369140625,2461.335693359375,2459.652099609375,2461.50537109375,2522.0,2282.0
270.25,2427.95849609375,2460.8935546875,2460.8935546875,2460.8935546875,2461.223876953125,2460.703369140625,2461.335693359375,2459.652099609375,2461.50537109375,2522.0,2282.0
270.5,2427.95654296875,2460.8935546875,2460.8935546875,2460.8935546875,2461.223876953125,2460.703369140625,2462.665771484375,2459.652099609375,2462.833740234375,2522.0,2282.0
270.75,2427.95654296875,2460.8935546875,2460.8935546875,2462.223388671875,2461.223876953125,2460.703369140625,2461.335693359375,2459.652099609375,2461.50537109375,2522.0,2282.0
271.0,2427.955810546875,2462.223388671875,2460.8935546875,2460.8935546875,2461.223876953125,2460.703369140625,2461.335693359375,2459.65283203125,2461.5048828125,2522.0,2282.0
271.25,2427.954833984375,2460.8935546875,2460.8935546875,2460.8935546875,2461.223876953125,2460.703369140625,2461.335693359375,2459.652099609375,2461.50537109375,2522.0,2282.0
271.5,2427.95751953125,2460.8935546875,2460.8935546875,2460.8935546875,2461.223876953125,2460.703369140625,2461.335693359375,2459.652099609375,2461.50537109375,2522.0,2282.0
271.75,2422.506103515625,2460.8935546875,2462.223388671875,2460.8935546875,2461.200927734375,2460.64892578125,2461.3447265625,2459.138671875,2461.54541015625,2522.0,2282.0
272.0,2423.8134765625,2460.8935546875,2460.8935546875,2460.8935546875,2461.200927734375,2460.64892578125,2461.3447265625,2460.467529296875,2461.545654296875,2522.0,2282.0
272.25,2422.5048828125,2460.8935546875,2460.8935546875,2460.8935546875,2461.200927734375,2460.64892578125,2461.3447265625,2459.138671875,2461.54541015625,2522.0,2282.0
272.5,2422.50341796875,2460.8935546875,2460.8935546875,2460.8935546875,2461.200927734375,2460.64892578125,2461.3447265625,2459.138671875,2462.87548828125,2522.0,2282.0
272.75,2422.502685546875,2460.8935546875,2460.8935546875,2460.8935546875,2461.200927734375,2460.64892578125,2462.6748046875,2459.138671875,2462.87548828125,2522.0,2282.0
273.0,2422.5107421875,2460.8935546875,2460.8935546875,2462.223388671875,2461.200927734375,2460.64892578125,2461.3447265625,2459.138671875,2461.54541015625,2522.0,2282.0
273.25,2422.500244140625,2462.223388671875,2460.8935546875,2460.8935546875,2461.200927734375,2460.64892578125,2461.3447265625,2459.1396484375,2461.544921875,2522.0,2282.0
273.5,2422.5048828125,2460.8935546875,2460.8935546875,2460.8935546875,2461.200927734375,2460.64892578125,2461.3447265625,2459.138671875,2461.54541015625,2522.0,2282.0
273.75,2413.817626953125,2460.8935546875,2460.8935546875,2460.8935546875,2462.26953125,2460.5478515625,2461.024169921875,2458.625,2461.58544921875,2522.0,2282.0
274.0,2413.8310546875,2460.8935546875,2462.223388671875,2460.8935546875,2460.939697265625,2460.5478515625,2461.0244140625,2458.624755859375,2461.58544921875,2522.0,2282.0
274.25,2413.823974609375,2460.8935546875,2460.8935546875,2460.8935546875,2460.939697265625,2460.5478515625,2461.024169921875,2459.953857421875,2461.585693359375,2522.0,2282.0
274.5,2415.140625,2460.8935546875,2460.8935546875,2460.8935546875,2460.939697265625,2460.5478515625,2461.0244140625,2458.624755859375,2461.58544921875,2522.0,2282.0
274.75,2413.826171875,2460.8935546875,2460.8935546875,2460.8935546875,2460.93994140625,2460.5478515625,2461.024169921875,2458.625,2462.915771484375,2522.0,2282.0
275.0,2413.82177734375,2460.8935546875,2460.8935546875,2460.8935546875,2460.939697265625,2460.5478515625,2461.0244140625,2458.625732421875,2461.585205078125,2522.0,2282.0
275.25,2413.82373046875,2460.8935546875,2460.8935546875,2460.8935546875,2460.93994140625,2461.87744140625,2461.0244140625,2458.625732421875,2461.5849609375,2522.0,2282.0
275.5,2413.823974609375,2460.8935546875,2460.8935546875,2460.8935546875,2460.939697265625,2460.547607421875,2461.0244140625,2458.625,2461.58447265625,2522.0,2282.0
275.75,2412.361328125,2460.8935546875,2460.8935546875,2460.8935546875,2460.732177734375,2460.595458984375,2460.81982421875,2458.67626953125,2461.58154296875,2522.0,2282.0
276.0,2412.35986328125,2460.8935546875,2462.223388671875,2460.8935546875,2460.73193359375,2460.595458984375,2460.81982421875,2458.67626953125,2461.58154296875,2522.0,2282.0
276.25,2412.369140625,2460.8935546875,2460.8935546875,2460.8935546875,2460.73193359375,2460.595458984375,2460.81982421875,2458.676513671875,2461.581787109375,2522.0,2282.0
276.5,2412.37158203125,2460.8935546875,2460.8935546875,2460.8935546875,2460.73193359375,2460.595458984375,2460.81982421875,2460.0048828125,2461.581787109375,2522.0,2282.0
276.75,2413.670166015625,2460.8935546875,2460.8935546875,2460.8935546875,2460.73193359375,2460.595458984375,2460.81982421875,2458.67626953125,2461.58154296875,2522.0,2282.0
277.0,2412.368896484375,2460.8935546875,2460.8935546875,2460.8935546875,2460.73193359375,2460.595458984375,2460.81982421875,2458.67626953125,2462.911865234375,2522.0,2282.0
277.25,2412.35986328125,2460.8935546875,2460.8935546875,2462.223388671875,2460.73193359375,2460.595458984375,2460.81982421875,2458.677001953125,2461.581298828125,2522.0,2282.0
277.5,2412.3603515625,2460.8935546875,2460.8935546875,2460.8935546875,2460.73193359375,2461.925048828125,2460.81982421875,2458.677001953125,2461.5810546875,2522.0,2282.0
277.75,2405.832275390625,2460.8935546875,2460.8935546875,2460.8935546875,2460.65673828125,2460.552734375,2460.778076171875,2458.3896484375,2461.626953125,2522.0,2282.0
278.0,2405.819091796875,2460.8935546875,2460.8935546875,2460.8935546875,2460.65673828125,2460.552734375,2460.778076171875,2458.3896484375,2461.625244140625,2522.0,2282.0
278.25,2405.81591796875,2460.8935546875,2460.8935546875,2460.8935546875,2460.65673828125,2460.552734375,2460.778076171875,2458.3896484375,2461.626953125,2522.0,2282.0
278.5,2405.817138671875,2460.8935546875,2460.8935546875,2460.8935546875,2460.65673828125,2460.552734375,2460.77783203125,2458.39013671875,2461.627197265625,2522.0,2282.0
278.75,2405.81982421875,2460.8935546875,2460.8935546875,2460.8935546875,2460.65673828125,2460.552734375,2460.77783203125,2458.3896484375,2461.627197265625,2522.0,2282.0
279.0,2405.828857421875,2460.8935546875,2460.8935546875,2460.8935546875,2460.65673828125,2460.552734375,2460.778076171875,2458.3896484375,2461.626953125,2522.0,2282.0
279.25,2407.140869140625,2460.8935546875,2460.8935546875,2460.8935546875,2460.656494140625,2460.552734375,2460.778076171875,2458.3896484375,2462.957275390625,2522.0,2282.0
279.5,2405.831787109375,2460.8935546875,2460.8935546875,2460.8935546875,2460.65673828125,2460.552734375,2460.77783203125,2458.390380859375,2461.626708984375,2522.0,2282.0
279.75,2403.517333984375,2460.8935546875,2460.8935546875,2460.8935546875,2460.327880859375,2461.746826171875,2460.58056640625,2457.854736328125,2461.645263671875,2522.0,2282.0
280.0,2403.506103515625,2460.8935546875,2460.8935546875,2460.8935546875,2460.327880859375,2460.417236328125,2460.580322265625,2457.85400390625,2461.645263671875,2522.0,2282.0
280.25,2403.5048828125,2460.8935546875,2460.8935546875,2460.8935546875,2461.657470703125,2460.417236328125,2460.58056640625,2457.853759765625,2461.645751953125,2522.0,2282.0
280.5,2403.501708984375,2460.8935546875,2460.8935546875,2460.8935546875,2460.327880859375,2460.417236328125,2460.580322265625,2457.853759765625,2461.6455078125,2522.0,2282.0
280.75,2403.505859375,2460.8935546875,2460.8935546875,2460.8935546875,2460.327880859375,2460.417236328125,2460.58056640625,2457.85400390625,2461.64599609375,2522.0,2282.0
281.0,2403.504150390625,2460.8935546875,2460.8935546875,2460.8935546875,2460.327880859375,2460.417236328125,2460.580322265625,2457.85400390625,2461.64599609375,2522.0,2282.0
281.25,2403.50439453125,2460.8935546875,2460.8935546875,2460.8935546875,2460.327880859375,2460.417236328125,2460.58056640625,2457.853759765625,2461.645751953125,2522.0,2282.0
281.5,2404.817138671875,2460.8935546875,2460.8935546875,2460.8935546875,2460.327880859375,2460.417236328125,2461.91015625,2457.85400390625,2461.6455078125,2522.0,2282.0
281.75,2392.40576171875,2460.8935546875,2460.8935546875,2462.223388671875,2460.017822265625,2460.2685546875,2460.466064453125,2457.41357421875,2461.703125,2522.0,2282.0
282.0,2393.695556640625,2460.8935546875,2460.8935546875,2460.8935546875,2460.017822265625,2460.2685546875,2460.466064453125,2457.412841796875,2461.702880859375,2522.0,2282.0
282.25,2392.394287109375,2460.8935546875,2460.8935546875,2460.8935546875,2460.017822265625,2460.2685546875,2460.466064453125,2457.41259765625,2461.70263671875,2522.0,2282.0
282.5,2392.38671875,2460.8935546875,2460.8935546875,2460.8935546875,2460.017822265625,2460.2685546875,2460.466064453125,2457.412841796875,2461.703369140625,2522.0,2282.0
282.75,2392.38720703125,2460.8935546875,2460.8935546875,2460.8935546875,2460.017822265625,2460.2685546875,2460.466064453125,2457.41259765625,2461.703125,2522.0,2282.0
283.0,2392.3857421875,2460.8935546875,2460.8935546875,2460.8935546875,2460.017822265625,2460.2685546875,2460.466064453125,2457.41357421875,2461.70361328125,2522.0,2282.0
283.25,2392.387451171875,2460.8935546875,2460.8935546875,2460.8935546875,2460.017822265625,2460.2685546875,2460.466064453125,2457.412841796875,2461.70361328125,2522.0,2282.0
283.5,2392.390869140625,2460.8935546875,2460.8935546875,2460.8935546875,2460.017822265625,2460.2685546875,2460.466064453125,2457.41259765625,2461.703369140625,2522.0,2282.0
283.75,2382.71875,2460.8935546875,2460.8935546875,2460.8935546875,2459.62646484375,2460.102783203125,2461.6650390625,2456.8466796875,2463.07763671875,2522.0,2282.0
284.0,2382.703369140625,2460.8935546875,2460.8935546875,2460.8935546875,2459.626708984375,2460.102783203125,2460.33544921875,2456.8466796875,2461.7470703125,2522.0,2282.0
284.25,2382.70458984375,2460.8935546875,2460.8935546875,2460.8935546875,2459.626708984375,2461.432373046875,2460.33544921875,2456.847412109375,2461.7470703125,2522.0,2282.0
284.5,2384.00634765625,2460.8935546875,2460.8935546875,2460.8935546875,2459.626708984375,2460.102783203125,2460.33544921875,2456.846923828125,2461.747314453125,2522.0,2282.0
284.75,2382.7138671875,2460.8935546875,2460.8935546875,2460.8935546875,2460.955810546875,2460.102783203125,2460.33544921875,2456.8466796875,2461.74755859375,2522.0,2282.0
285.0,2382.7109375,2460.8935546875,2462.223388671875,2460.8935546875,2459.626708984375,2460.102783203125,2460.33544921875,2456.8466796875,2461.747314453125,2522.0,2282.0
285.25,2382.711181640625,2460.8935546875,2460.8935546875,2460.8935546875,2459.626708984375,2460.102783203125,2460.33544921875,2456.8466796875,2461.74755859375,2522.0,2282.0
285.5,2382.703125,2460.8935546875,2460.8935546875,2460.8935546875,2459.626708984375,2460.102783203125,2460.33544921875,2458.175537109375,2461.747802734375,2522.0,2282.0
285.75,2379.01318359375,2460.8935546875,2460.8935546875,2460.8935546875,2459.485595703125,2460.123291015625,2461.62255859375,2456.662353515625,2463.115234375,2522.0,2282.0
286.0,2379.016357421875,2460.8935546875,2460.8935546875,2460.8935546875,2459.485595703125,2460.123291015625,2461.62255859375,2456.662353515625,2463.115234375,2522.0,2282.0
286.25,2379.015869140625,2460.8935546875,2460.8935546875,2462.223388671875,2459.485595703125,2460.123291015625,2460.29296875,2456.663330078125,2461.784423828125,2522.0,2282.0
286.5,2379.02197265625,2460.8935546875,2460.8935546875,2460.8935546875,2459.485595703125,2461.45263671875,2460.29296875,2456.663330078125,2461.78466796875,2522.0,2282.0
286.75,2380.317626953125,2460.8935546875,2460.8935546875,2460.8935546875,2459.485595703125,2460.123291015625,2460.29296875,2456.66259765625,2461.784912109375,2522.0,2282.0
287.0,2380.317626953125,2460.8935546875,2460.8935546875,2460.8935546875,2459.485595703125,2460.123291015625,2460.29296875,2456.662353515625,2461.784912109375,2522.0,2282.0
287.25,2379.017333984375,2460.8935546875,2460.8935546875,2460.8935546875,2459.485595703125,2460.123291015625,2460.29296875,2456.66259765625,2461.784912109375,2522.0,2282.0
287.5,2379.017578125,2460.8935546875,2462.223388671875,2460.8935546875,2459.485595703125,2460.123291015625,2460.29296875,2456.66259765625,2461.78515625,2522.0,2282.0
287.75,2381.849365234375,2460.8935546875,2460.8935546875,2460.8935546875,2459.417724609375,2460.183837890625,2460.322021484375,2456.743896484375,2461.75537109375,2522.0,2282.0
288.0,2381.849365234375,2460.8935546875,2460.8935546875,2460.8935546875,2459.417724609375,2460.183837890625,2460.322021484375,2456.74365234375,2461.755615234375,2522.0,2282.0
288.25,2381.84814453125,2460.8935546875,2460.8935546875,2460.8935546875,2459.417724609375,2460.183837890625,2460.32177734375,2456.743896484375,2461.75537109375,2522.0,2282.0
288.5,2381.850341796875,2460.8935546875,2460.8935546875,2462.223388671875,2459.417724609375,2460.183837890625,2460.32177734375,2456.744384765625,2461.75537109375,2522.0,2282.0
288.75,2381.8505859375,2460.8935546875,2460.8935546875,2460.8935546875,2459.417724609375,2461.513427734375,2460.32177734375,2456.74462890625,2461.7548828125,2522.0,2282.0
289.0,2381.8583984375,2460.8935546875,2460.8935546875,2460.8935546875,2459.417724609375,2460.183837890625,2460.32177734375,2456.743896484375,2461.75537109375,2522.0,2282.0
289.25,2381.857177734375,2460.8935546875,2460.8935546875,2460.8935546875,2459.417724609375,2460.183837890625,2460.32177734375,2456.74365234375,2461.75537109375,2522.0,2282.0
289.5,2381.849609375,2460.8935546875,2460.8935546875,2460.8935546875,2459.417724609375,2460.183837890625,2460.32177734375,2456.743896484375,2461.75537109375,2522.0,2282.0
289.75,2381.323974609375,2460.8935546875,2462.223388671875,2460.8935546875,2459.60107421875,2460.1748046875,2460.2177734375,2456.86962890625,2461.76904296875,2522.0,2282.0
290.0,2381.316650390625,2460.8935546875,2460.8935546875,2460.8935546875,2459.60107421875,2460.1748046875,2460.2177734375,2458.197265625,2461.769287109375,2522.0,2282.0
290.25,2381.31591796875,2460.8935546875,2460.8935546875,2460.8935546875,2459.60107421875,2460.1748046875,2460.2177734375,2456.86865234375,2461.768798828125,2522.0,2282.0
290.5,2381.318359375,2460.8935546875,2460.8935546875,2460.8935546875,2459.60107421875,2460.1748046875,2460.2177734375,2456.868408203125,2461.768798828125,2522.0,2282.0
290.75,2381.318603515625,2460.8935546875,2460.8935546875,2462.223388671875,2459.60107421875,2460.175048828125,2460.2177734375,2456.869140625,2461.768798828125,2522.0,2282.0
291.0,2381.3173828125,2460.8935546875,2460.8935546875,2460.8935546875,2459.60107421875,2461.50439453125,2460.2177734375,2456.869384765625,2461.768310546875,2522.0,2282.0
291.25,2382.620361328125,2460.8935546875,2460.8935546875,2460.8935546875,2459.601318359375,2460.1748046875,2460.2177734375,2456.86865234375,2461.768798828125,2522.0,2282.0
291.5,2382.605712890625,2460.8935546875,2460.8935546875,2460.8935546875,2459.60107421875,2460.1748046875,2460.2177734375,2456.86865234375,2461.768798828125,2522.0,2282.0
291.75,2377.063232421875,2460.8935546875,2460.8935546875,2460.8935546875,2459.60107421875,2460.175048828125,2460.2177734375,2456.49267578125,2461.28857421875,2522.0,2282.0
292.0,2377.06884765625,2460.8935546875,2462.223388671875,2460.8935546875,2459.60107421875,2460.1748046875,2460.2177734375,2456.492431640625,2461.28857421875,2522.0,2282.0
292.25,2377.059814453125,2460.8935546875,2460.8935546875,2460.8935546875,2459.601318359375,2460.1748046875,2460.2177734375,2457.81982421875,2461.288818359375,2522.0,2282.0
292.5,2377.056640625,2460.8935546875,2460.8935546875,2460.8935546875,2459.60107421875,2460.1748046875,2460.2177734375,2456.492431640625,2461.28857421875,2522.0,2282.0
292.75,2377.057861328125,2460.8935546875,2460.8935546875,2460.8935546875,2459.60107421875,2460.1748046875,2461.54736328125,2456.492431640625,2461.288330078125,2522.0,2282.0
293.0,2377.05908203125,2460.8935546875,2460.8935546875,2462.223388671875,2459.60107421875,2460.1748046875,2460.2177734375,2456.493408203125,2461.288330078125,2522.0,2282.0
293.25,2377.05859375,2460.8935546875,2460.8935546875,2460.8935546875,2459.60107421875,2461.50439453125,2460.2177734375,2456.49365234375,2461.2880859375,2522.0,2282.0
293.5,2377.05859375,2462.223388671875,2460.8935546875,2460.8935546875,2459.60107421875,2460.1748046875,2460.2177734375,2456.493408203125,2461.2880859375,2522.0,2282.0
293.75,2376.87451171875,2460.8935546875,2460.8935546875,2460.8935546875,2459.57861328125,2460.152587890625,2460.194580078125,2456.57373046875,2461.2587890625,2522.0,2282.0
294.0,2376.872314453125,2460.8935546875,2460.8935546875,2460.8935546875,2459.57861328125,2460.152587890625,2460.194580078125,2456.57373046875,2461.259033203125,2522.0,2282.0
294.25,2376.873046875,2460.8935546875,2460.8935546875,2460.8935546875,2459.57861328125,2460.15234375,2460.194580078125,2456.573486328125,2461.259033203125,2522.0,2282.0
294.5,2376.865234375,2460.8935546875,2460.8935546875,2460.8935546875,2459.57861328125,2460.152587890625,2460.194580078125,2456.57470703125,2461.25927734375,2522.0,2282.0
294.75,2376.861572265625,2460.8935546875,2460.8935546875,2460.8935546875,2459.57861328125,2460.15234375,2460.194580078125,2456.57373046875,2461.259033203125,2522.0,2282.0
295.0,2376.8642578125,2460.8935546875,2460.8935546875,2460.8935546875,2459.57861328125,2460.152587890625,2461.524169921875,2456.57373046875,2461.259033203125,2522.0,2282.0
295.25,2376.863525390625,2460.8935546875,2460.8935546875,2460.8935546875,2459.57861328125,2460.15234375,2460.194580078125,2456.573974609375,2461.2587890625,2522.0,2282.0
295.5,2376.86328125,2460.8935546875,2460.8935546875,2460.8935546875,2459.57861328125,2460.152587890625,2460.194580078125,2456.573974609375,2461.2587890625,2522.0,2282.0
295.75,2380.551513671875,2460.8935546875,2460.8935546875,2460.8935546875,2459.569580078125,2460.17529296875,2460.2490234375,2456.427001953125,2461.223876953125,2522.0,2282.0
296.0,2380.537353515625,2460.8935546875,2460.8935546875,2460.8935546875,2459.569580078125,2460.17529296875,2460.2490234375,2456.42724609375,2461.223876953125,2522.0,2282.0
296.25,2379.25146484375,2460.8935546875,2460.8935546875,2460.8935546875,2459.569580078125,2460.17529296875,2460.2490234375,2456.427001953125,2461.223876953125,2522.0,2282.0
296.5,2379.258056640625,2460.8935546875,2460.8935546875,2460.8935546875,2459.569580078125,2460.17529296875,2460.2490234375,2456.42724609375,2461.22412109375,2522.0,2282.0
296.75,2379.256591796875,2460.8935546875,2460.8935546875,2460.8935546875,2459.569580078125,2460.17529296875,2460.2490234375,2457.754638671875,2461.224365234375,2522.0,2282.0
297.0,2379.2509765625,2460.8935546875,2460.8935546875,2460.8935546875,2459.569580078125,2460.17529296875,2460.248779296875,2456.42724609375,2461.223876953125,2522.0,2282.0
297.25,2379.24951171875,2460.8935546875,2460.8935546875,2460.8935546875,2459.569580078125,2460.17529296875,2460.2490234375,2456.427001953125,2462.553955078125,2522.0,2282.0
297.5,2379.251953125,2460.8935546875,2460.8935546875,2462.223388671875,2459.569580078125,2460.17529296875,2460.2490234375,2456.428466796875,2461.223876953125,2522.0,2282.0
297.75,2382.6689453125,2460.8935546875,2460.8935546875,2460.8935546875,2459.767578125,2461.47802734375,2460.284912109375,2456.531005859375,2461.2158203125,2522.0,2282.0
298.0,2382.680908203125,2460.8935546875,2460.8935546875,2460.8935546875,2459.767822265625,2460.1484375,2460.284912109375,2456.530029296875,2461.215576171875,2522.0,2282.0
298.25,2382.6826171875,2460.8935546875,2460.8935546875,2460.8935546875,2459.767822265625,2460.1484375,2460.284912109375,2456.530029296875,2461.216064453125,2522.0,2282.0
298.5,2382.672607421875,2460.8935546875,2460.8935546875,2460.8935546875,2459.767822265625,2460.1484375,2460.284912109375,2456.530029296875,2461.2158203125,2522.0,2282.0
298.75,2382.664794921875,2460.8935546875,2462.223388671875,2460.8935546875,2459.767822265625,2460.1484375,2460.284912109375,2456.530029296875,2461.216064453125,2522.0,2282.0
299.0,2382.662353515625,2460.8935546875,2460.8935546875,2460.8935546875,2459.767822265625,2460.148681640625,2460.284912109375,2457.857666015625,2461.216064453125,2522.0,2282.0
299.25,2382.664306640625,2460.8935546875,2460.8935546875,2460.8935546875,2459.767822265625,2460.1484375,2460.284912109375,2456.530029296875,2461.216064453125,2522.0,2282.0
299.5,2382.66455078125,2460.8935546875,2460.8935546875,2460.8935546875,2459.767822265625,2460.1484375,2461.614501953125,2456.5302734375,2461.216064453125,2522.0,2282.0
299.75,2384.320556640625,2460.8935546875,2460.8935546875,2462.223388671875,2459.642578125,2460.183349609375,2460.3515625,2455.547607421875,2460.573486328125,2522.0,2282.0
300.0,2384.323486328125,2460.8935546875,2460.8935546875,2460.8935546875,2459.642333984375,2461.5126953125,2460.3515625,2455.54736328125,2460.573486328125,2522.0,2282.0
300.25,2385.6259765625,2460.8935546875,2460.8935546875,2460.8935546875,2459.642333984375,2460.183349609375,2460.3515625,2455.545654296875,2460.573486328125,2522.0,2282.0
300.5,2384.32958984375,2460.8935546875,2460.8935546875,2460.8935546875,2459.642578125,2460.183349609375,2460.3515625,2455.54541015625,2460.57373046875,2522.0,2282.0
300.75,2384.330810546875,2460.8935546875,2460.8935546875,2460.8935546875,2459.642333984375,2460.183349609375,2460.3515625,2455.545654296875,2460.57373046875,2522.0,2282.0
301.0,2384.326171875,2460.8935546875,2462.223388671875,2460.8935546875,2459.642578125,2460.183349609375,2460.3515625,2455.545654296875,2460.573486328125,2522.0,2282.0
301.25,2384.317138671875,2460.8935546875,2460.8935546875,2460.8935546875,2459.642333984375,2460.18310546875,2460.3515625,2456.8740234375,2460.57373046875,2522.0,2282.0
301.5,2384.32080078125,2460.8935546875,2460.8935546875,2460.8935546875,2459.642578125,2460.183349609375,2460.3515625,2455.545654296875,2460.57373046875,2522.0,2282.0
301.75,2385.848388671875,2460.8935546875,2460.8935546875,2460.8935546875,2459.7294921875,2460.20556640625,2461.64111328125,2455.34765625,2460.542724609375,2522.0,2282.0
302.0,2385.856201171875,2460.8935546875,2460.8935546875,2462.223388671875,2459.7294921875,2460.20556640625,2460.3115234375,2455.34912109375,2460.54248046875,2522.0,2282.0
302.25,2385.853515625,2460.8935546875,2460.8935546875,2460.8935546875,2459.7294921875,2461.53515625,2460.3115234375,2455.34912109375,2460.542724609375,2522.0,2282.0
302.5,2387.154296875,2460.8935546875,2460.8935546875,2460.8935546875,2459.7294921875,2460.20556640625,2460.3115234375,2455.347412109375,2460.54248046875,2522.0,2282.0
302.75,2385.86181640625,2460.8935546875,2460.8935546875,2460.8935546875,2459.7294921875,2460.20556640625,2460.3115234375,2455.34765625,2460.542724609375,2522.0,2282.0
303.0,2385.858154296875,2460.8935546875,2460.8935546875,2460.8935546875,2459.7294921875,2460.20556640625,2460.3115234375,2455.34765625,2460.542724609375,2522.0,2282.0
303.25,2385.848876953125,2460.8935546875,2462.223388671875,2460.8935546875,2459.7294921875,2460.20556640625,2460.3115234375,2455.34765625,2460.542724609375,2522.0,2282.0
303.5,2385.851318359375,2460.8935546875,2460.8935546875,2460.8935546875,2459.7294921875,2460.20556640625,2460.3115234375,2456.67578125,2460.54296875,2522.0,2282.0
303.75,2388.141845703125,2460.8935546875,2460.8935546875,2460.8935546875,2459.98486328125,2460.109619140625,2460.404296875,2455.759765625,2461.84033203125,2522.0,2282.0
304.0,2388.1455078125,2460.8935546875,2460.8935546875,2460.8935546875,2459.98486328125,2460.109619140625,2460.404296875,2455.759521484375,2461.84033203125,2522.0,2282.0
304.25,2388.154296875,2460.8935546875,2460.8935546875,2462.223388671875,2459.98486328125,2460.109619140625,2460.404296875,2455.76123046875,2460.510498046875,2522.0,2282.0
304.5,2388.15380859375,2460.8935546875,2460.8935546875,2460.8935546875,2459.98486328125,2461.43896484375,2460.404296875,2455.76123046875,2460.5107421875,2522.0,2282.0
304.75,2388.1552734375,2460.8935546875,2460.8935546875,2460.8935546875,2459.98486328125,2460.109619140625,2460.404296875,2455.759765625,2460.510498046875,2522.0,2282.0
305.0,2388.146484375,2460.8935546875,2460.8935546875,2460.8935546875,2459.98486328125,2460.109619140625,2460.404296875,2455.759521484375,2460.5107421875,2522.0,2282.0
305.25,2388.141845703125,2460.8935546875,2460.8935546875,2460.8935546875,2459.98486328125,2460.109619140625,2460.404296875,2455.759521484375,2460.5087890625,2522.0,2282.0
305.5,2388.1435546875,2460.8935546875,2462.223388671875,2460.8935546875,2459.98486328125,2460.109619140625,2460.404296875,2455.7607421875,2460.5107421875,2522.0,2282.0
305.75,2390.504150390625,2460.8935546875,2460.8935546875,2460.8935546875,2460.06396484375,2460.1875,2460.3857421875,2457.139404296875,2460.506591796875,2522.0,2282.0
306.0,2390.506591796875,2460.8935546875,2460.8935546875,2460.8935546875,2460.06396484375,2460.187255859375,2460.3857421875,2455.810791015625,2461.836181640625,2522.0,2282.0
306.25,2390.5185546875,2460.8935546875,2460.8935546875,2460.8935546875,2460.06396484375,2460.1875,2461.71533203125,2455.81103515625,2460.506591796875,2522.0,2282.0
306.5,2390.512451171875,2460.8935546875,2460.8935546875,2462.223388671875,2460.06396484375,2460.187255859375,2460.3857421875,2455.812744140625,2460.50634765625,2522.0,2282.0
306.75,2391.811767578125,2460.8935546875,2460.8935546875,2460.8935546875,2460.06396484375,2461.516845703125,2460.3857421875,2455.812744140625,2460.50634765625,2522.0,2282.0
307.0,2390.51416015625,2460.8935546875,2460.8935546875,2460.8935546875,2460.06396484375,2460.187255859375,2460.3857421875,2455.81103515625,2460.506591796875,2522.0,2282.0
307.25,2390.507080078125,2460.8935546875,2460.8935546875,2460.8935546875,2460.06396484375,2460.1875,2460.3857421875,2455.81103515625,2460.505126953125,2522.0,2282.0
307.5,2390.5029296875,2460.8935546875,2460.8935546875,2460.8935546875,2460.06396484375,2460.187255859375,2460.3857421875,2455.81103515625,2460.506591796875,2522.0,2282.0
307.75,2392.935546875,2460.8935546875,2462.223388671875,2460.8935546875,2459.982177734375,2460.3603515625,2460.43115234375,2455.686279296875,2460.4931640625,2522.0,2282.0
308.0,2392.93798828125,2460.8935546875,2460.8935546875,2460.8935546875,2459.982177734375,2460.3603515625,2460.43115234375,2457.0146484375,2460.493408203125,2522.0,2282.0
308.25,2392.93994140625,2460.8935546875,2460.8935546875,2460.8935546875,2459.982177734375,2460.3603515625,2460.431396484375,2455.68603515625,2460.4931640625,2522.0,2282.0
308.5,2392.94970703125,2460.8935546875,2460.8935546875,2460.8935546875,2459.982177734375,2460.3603515625,2460.431396484375,2455.686279296875,2461.82275390625,2522.0,2282.0
308.75,2392.943359375,2460.8935546875,2460.8935546875,2460.8935546875,2459.982177734375,2460.3603515625,2460.43115234375,2455.687744140625,2460.4931640625,2522.0,2282.0
309.0,2392.940673828125,2460.8935546875,2460.8935546875,2460.8935546875,2459.982177734375,2461.68994140625,2460.431396484375,2455.68798828125,2460.492919921875,2522.0,2282.0
309.25,2392.937255859375,2460.8935546875,2460.8935546875,2460.8935546875,2459.982177734375,2460.3603515625,2460.43115234375,2455.686279296875,2460.4931640625,2522.0,2282.0
309.5,2392.939208984375,2460.8935546875,2460.8935546875,2460.8935546875,2459.982177734375,2460.3603515625,2460.431396484375,2455.686279296875,2460.4931640625,2522.0,2282.0
309.75,2394.624267578125,2460.8935546875,2460.8935546875,2460.8935546875,2459.940673828125,2460.38330078125,2460.517822265625,2455.9951171875,2460.468994140625,2522.0,2282.0
310.0,2394.621337890625,2460.8935546875,2462.223388671875,2460.8935546875,2459.940673828125,2460.38330078125,2460.517822265625,2455.9951171875,2460.46923828125,2522.0,2282.0
310.25,2394.625732421875,2460.8935546875,2460.8935546875,2460.8935546875,2459.940673828125,2460.38330078125,2460.517822265625,2457.322265625,2460.46923828125,2522.0,2282.0
310.5,2394.628662109375,2460.8935546875,2460.8935546875,2460.8935546875,2459.940673828125,2460.38330078125,2460.517822265625,2455.995361328125,2460.46923828125,2522.0,2282.0
310.75,2394.629638671875,2460.8935546875,2460.8935546875,2460.8935546875,2459.940673828125,2460.38330078125,2461.847412109375,2455.995361328125,2460.468994140625,2522.0,2282.0
311.0,2394.633544921875,2460.8935546875,2460.8935546875,2462.223388671875,2459.940673828125,2460.38330078125,2460.517822265625,2455.99658203125,2460.468994140625,2522.0,2282.0
311.25,2394.626220703125,2460.8935546875,2460.8935546875,2460.8935546875,2459.940673828125,2461.712890625,2460.517578125,2455.996826171875,2460.468994140625,2522.0,2282.0
311.5,2394.62353515625,2460.8935546875,2460.8935546875,2460.8935546875,2459.940673828125,2460.38330078125,2460.517822265625,2455.9951171875,2460.46923828125,2522.0,2282.0
311.75,2396.439697265625,2460.8935546875,2460.8935546875,2460.8935546875,2460.1611328125,2460.442626953125,2460.513427734375,2456.377197265625,2460.46240234375,2522.0,2282.0
312.0,2396.435302734375,2460.8935546875,2460.8935546875,2460.8935546875,2460.1611328125,2460.44287109375,2460.513427734375,2456.37744140625,2460.462646484375,2522.0,2282.0
312.25,2396.44287109375,2460.8935546875,2462.223388671875,2460.8935546875,2460.1611328125,2460.442626953125,2460.513427734375,2456.377197265625,2460.462646484375,2522.0,2282.0
312.5,2396.4443359375,2460.8935546875,2460.8935546875,2460.8935546875,2460.1611328125,2460.44287109375,2460.513427734375,2457.70556640625,2460.462890625,2522.0,2282.0
312.75,2396.435546875,2460.8935546875,2460.8935546875,2460.8935546875,2460.1611328125,2460.44287109375,2460.513427734375,2456.377197265625,2461.792236328125,2522.0,2282.0
313.0,2396.43701171875,2460.8935546875,2460.8935546875,2460.8935546875,2460.1611328125,2460.44287109375,2461.843017578125,2456.377197265625,2460.462646484375,2522.0,2282.0
313.25,2397.744873046875,2460.8935546875,2460.8935546875,2460.8935546875,2460.1611328125,2460.44287109375,2460.513427734375,2456.37890625,2460.462646484375,2522.0,2282.0
313.5,2396.43505859375,2460.8935546875,2460.8935546875,2460.8935546875,2460.1611328125,2461.7724609375,2460.513427734375,2456.37890625,2460.46240234375,2522.0,2282.0
313.75,2397.102783203125,2460.8935546875,2460.8935546875,2460.8935546875,2460.187744140625,2460.43701171875,2460.53857421875,2456.510009765625,2460.42724609375,2522.0,2282.0
314.0,2397.10546875,2460.8935546875,2460.8935546875,2460.8935546875,2460.187744140625,2460.43701171875,2460.53857421875,2456.510009765625,2460.42919921875,2522.0,2282.0
314.25,2397.105712890625,2460.8935546875,2460.8935546875,2460.8935546875,2460.187744140625,2460.43701171875,2460.53857421875,2456.510009765625,2460.42919921875,2522.0,2282.0
314.5,2397.105224609375,2460.8935546875,2462.223388671875,2460.893310546875,2460.187744140625,2460.43701171875,2460.53857421875,2456.510009765625,2460.42919921875,2522.0,2282.0
314.75,2397.108642578125,2460.8935546875,2460.8935546875,2460.8935546875,2460.187744140625,2460.43701171875,2460.53857421875,2457.83740234375,2460.42919921875,2522.0,2282.0
315.0,2397.10791015625,2460.8935546875,2460.8935546875,2460.8935546875,2460.187744140625,2460.43701171875,2460.53857421875,2456.509765625,2460.42919921875,2522.0,2282.0
315.25,2397.107177734375,2460.8935546875,2460.8935546875,2460.8935546875,2460.187744140625,2460.43701171875,2461.8681640625,2456.509765625,2460.42919921875,2522.0,2282.0
315.5,2397.11376953125,2460.8935546875,2460.8935546875,2462.223388671875,2460.187744140625,2460.43701171875,2460.53857421875,2456.511474609375,2460.428955078125,2522.0,2282.0
315.75,2396.646728515625,2462.223388671875,2460.8935546875,2460.8935546875,2460.226318359375,2460.443359375,2460.44921875,2456.561279296875,2460.425048828125,2522.0,2282.0
316.0,2396.645751953125,2460.8935546875,2460.8935546875,2460.8935546875,2460.226318359375,2460.443359375,2460.44921875,2456.561279296875,2460.425048828125,2522.0,2282.0
316.25,2396.648681640625,2460.8935546875,2460.8935546875,2460.8935546875,2460.226318359375,2460.443359375,2460.44921875,2456.561279296875,2460.425048828125,2522.0,2282.0
316.5,2396.648681640625,2460.8935546875,2460.8935546875,2460.8935546875,2460.226318359375,2460.443359375,2460.44921875,2456.561279296875,2460.425048828125,2522.0,2282.0
316.75,2396.652099609375,2460.8935546875,2462.223388671875,2460.8935546875,2460.226318359375,2460.443359375,2460.44921875,2456.5615234375,2460.425048828125,2522.0,2282.0
317.0,2396.65185546875,2460.8935546875,2460.8935546875,2460.8935546875,2460.226318359375,2460.443359375,2460.44921875,2457.888916015625,2460.425537109375,2522.0,2282.0
317.25,2396.6484375,2460.8935546875,2460.8935546875,2460.8935546875,2460.226318359375,2460.443359375,2460.44921875,2456.56103515625,2461.7548828125,2522.0,2282.0
317.5,2396.64794921875,2460.8935546875,2460.8935546875,2460.8935546875,2460.226318359375,2460.443359375,2461.77880859375,2456.5615234375,2460.425048828125,2522.0,2282.0
317.75,2398.377685546875,2460.8935546875,2460.8935546875,2462.223388671875,2460.23681640625,2460.549560546875,2460.491943359375,2456.51123046875,2460.428955078125,2522.0,2282.0
318.0,2398.371826171875,2460.8935546875,2460.8935546875,2460.8935546875,2460.23681640625,2461.879150390625,2460.49169921875,2456.511474609375,2460.428955078125,2522.0,2282.0
318.25,2398.3740234375,2460.8935546875,2460.8935546875,2460.8935546875,2461.56640625,2460.549560546875,2460.491943359375,2456.510009765625,2460.42919921875,2522.0,2282.0
318.5,2398.374267578125,2460.8935546875,2460.8935546875,2460.8935546875,2461.56640625,2460.549560546875,2460.49169921875,2456.510009765625,2460.42919921875,2522.0,2282.0
318.75,2398.37744140625,2460.8935546875,2462.223388671875,2460.8935546875,2460.23681640625,2460.549560546875,2460.491943359375,2456.509765625,2460.42919921875,2522.0,2282.0
319.0,2398.376708984375,2460.8935546875,2460.8935546875,2460.8935546875,2460.23681640625,2460.549560546875,2460.49169921875,2456.510498046875,2460.429443359375,2522.0,2282.0
319.25,2398.374755859375,2460.8935546875,2460.8935546875,2460.8935546875,2460.23681640625,2460.549560546875,2460.491943359375,2456.509765625,2460.42919921875,2522.0,2282.0
319.5,2398.374755859375,2460.8935546875,2460.8935546875,2460.8935546875,2460.23681640625,2460.549560546875,2460.49169921875,2456.509765625,2461.758544921875,2522.0,2282.0
319.75,2397.762451171875,2460.8935546875,2460.8935546875,2462.223388671875,2460.2978515625,2460.514892578125,2460.48876953125,2456.488037109375,2460.40771484375,2522.0,2282.0
320.0,2397.7548828125,2460.8935546875,2460.8935546875,2460.8935546875,2460.2978515625,2461.844482421875,2460.48876953125,2456.486572265625,2460.40771484375,2522.0,2282.0
320.25,2397.75341796875,2462.223388671875,2460.8935546875,2460.8935546875,2460.2978515625,2460.514892578125,2460.48876953125,2456.488037109375,2460.40771484375,2522.0,2282.0
320.5,2397.7548828125,2460.8935546875,2460.8935546875,2460.8935546875,2460.297607421875,2460.514892578125,2460.48876953125,2456.488037109375,2460.407470703125,2522.0,2282.0
320.75,2397.763916015625,2460.8935546875,2460.8935546875,2460.8935546875,2461.627197265625,2460.514892578125,2460.48876953125,2456.488037109375,2460.40771484375,2522.0,2282.0
321.0,2397.75244140625,2460.8935546875,2462.223388671875,2460.8935546875,2460.297607421875,2460.514892578125,2460.48876953125,2456.48779296875,2460.40771484375,2522.0,2282.0
321.25,2397.7568359375,2460.8935546875,2460.8935546875,2460.8935546875,2460.2978515625,2460.514892578125,2460.48876953125,2456.48876953125,2460.407958984375,2522.0,2282.0
321.5,2397.75537109375,2460.8935546875,2460.8935546875,2460.8935546875,2460.297607421875,2460.514892578125,2460.48876953125,2456.488037109375,2460.40771484375,2522.0,2282.0
321.75,2398.815185546875,2460.8935546875,2460.8935546875,2460.8935546875,2460.2978515625,2460.514892578125,2460.48876953125,2456.509765625,2461.758544921875,2522.0,2282.0
322.0,2400.114990234375,2460.8935546875,2460.8935546875,2460.8935546875,2460.297607421875,2460.514892578125,2461.818359375,2456.510009765625,2460.42919921875,2522.0,2282.0
322.25,2398.825439453125,2460.8935546875,2460.8935546875,2462.223388671875,2460.2978515625,2461.8447265625,2460.48876953125,2456.508544921875,2460.428955078125,2522.0,2282.0
322.5,2398.81640625,2460.8935546875,2460.8935546875,2460.8935546875,2460.297607421875,2461.844482421875,2460.48876953125,2456.511474609375,2460.428955078125,2522.0,2282.0
322.75,2398.818115234375,2460.8935546875,2460.8935546875,2460.8935546875,2461.627197265625,2460.514892578125,2460.48876953125,2456.510009765625,2460.428955078125,2522.0,2282.0
323.0,2398.8154296875,2460.8935546875,2460.8935546875,2460.8935546875,2461.627197265625,2460.514892578125,2460.48876953125,2456.510009765625,2460.42919921875,2522.0,2282.0
323.25,2398.815673828125,2460.8935546875,2462.223388671875,2460.8935546875,2460.297607421875,2460.514892578125,2460.48876953125,2456.509765625,2460.42919921875,2522.0,2282.0
323.5,2398.8203125,2460.8935546875,2460.8935546875,2460.8935546875,2460.2978515625,2460.514892578125,2460.48876953125,2456.5107421875,2460.429443359375,2522.0,2282.0
323.75,2398.7197265625,2460.8935546875,2460.8935546875,2460.8935546875,2460.2978515625,2460.514892578125,2460.48876953125,2456.406982421875,2460.437255859375,2522.0,2282.0
324.0,2398.719482421875,2460.8935546875,2460.8935546875,2460.8935546875,2460.2978515625,2460.514892578125,2460.48876953125,2456.406982421875,2461.766845703125,2522.0,2282.0
324.25,2398.738525390625,2460.8935546875,2460.8935546875,2462.223388671875,2460.2978515625,2460.514892578125,2460.48876953125,2456.406982421875,2460.435546875,2522.0,2282.0
324.5,2398.71923828125,2460.8935546875,2460.8935546875,2460.8935546875,2460.2978515625,2461.8447265625,2460.48876953125,2456.405517578125,2460.437255859375,2522.0,2282.0
324.75,2398.718994140625,2462.223388671875,2460.8935546875,2460.8935546875,2460.2978515625,2460.514892578125,2460.48876953125,2456.406982421875,2460.43701171875,2522.0,2282.0
325.0,2398.719970703125,2460.8935546875,2460.8935546875,2460.8935546875,2460.2978515625,2460.514892578125,2460.48876953125,2456.406982421875,2460.437255859375,2522.0,2282.0
325.25,2398.71728515625,2460.8935546875,2460.8935546875,2460.8935546875,2461.62744140625,2460.514892578125,2460.48876953125,2456.406982421875,2460.43701171875,2522.0,2282.0
325.5,2398.72265625,2460.8935546875,2462.223388671875,2460.8935546875,2460.2978515625,2460.514892578125,2460.48876953125,2456.406982421875,2460.437255859375,2522.0,2282.0
325.75,2400.1103515625,2460.8935546875,2460.8935546875,2460.8935546875,2460.31787109375,2460.5029296875,2460.57177734375,2456.5107421875,2460.42919921875,2522.0,2282.0
326.0,2400.114013671875,2460.8935546875,2460.8935546875,2460.8935546875,2460.31787109375,2460.5029296875,2460.57177734375,2456.510009765625,2460.429443359375,2522.0,2282.0
326.25,2400.114013671875,2460.8935546875,2460.8935546875,2460.8935546875,2460.31787109375,2460.5029296875,2461.9013671875,2456.509765625,2460.429443359375,2522.0,2282.0
326.5,2400.121826171875,2460.8935546875,2460.8935546875,2462.223388671875,2460.31787109375,2460.5029296875,2460.57177734375,2456.510009765625,2460.42919921875,2522.0,2282.0
326.75,2400.1220703125,2460.8935546875,2460.8935546875,2462.223388671875,2460.31787109375,2461.83251953125,2460.57177734375,2456.50830078125,2460.428955078125,2522.0,2282.0
327.0,2400.11328125,2460.8935546875,2460.8935546875,2460.8935546875,2460.31787109375,2461.83251953125,2460.57177734375,2456.511474609375,2460.428955078125,2522.0,2282.0
327.25,2400.12158203125,2460.8935546875,2460.8935546875,2460.8935546875,2460.31787109375,2460.5029296875,2460.57177734375,2456.510009765625,2460.42919921875,2522.0,2282.0
327.5,2400.115478515625,2460.8935546875,2460.8935546875,2460.8935546875,2460.31787109375,2460.5029296875,2460.57177734375,2456.510009765625,2460.42919921875,2522.0,2282.0
327.75,2398.519775390625,2460.8935546875,2462.223388671875,2460.8935546875,2460.184814453125,2460.434326171875,2460.567138671875,2456.436767578125,2460.41162109375,2522.0,2282.0
328.0,2398.513427734375,2460.8935546875,2460.8935546875,2460.8935546875,2460.184814453125,2460.434326171875,2460.5673828125,2456.4375,2460.41162109375,2522.0,2282.0
328.25,2398.508056640625,2460.8935546875,2460.8935546875,2460.8935546875,2460.184814453125,2460.434326171875,2460.567138671875,2456.436767578125,2460.41162109375,2522.0,2282.0
328.5,2398.508544921875,2460.8935546875,2460.8935546875,2460.8935546875,2460.184814453125,2460.434326171875,2461.89697265625,2456.4365234375,2460.41162109375,2522.0,2282.0
328.75,2398.5078125,2460.8935546875,2460.8935546875,2460.8935546875,2460.184814453125,2460.434326171875,2461.89697265625,2456.436767578125,2460.41162109375,2522.0,2282.0
329.0,2398.52734375,2460.8935546875,2460.8935546875,2462.223388671875,2460.184814453125,2461.763916015625,2460.567138671875,2456.435302734375,2460.411376953125,2522.0,2282.0
329.25,2398.5087890625,2462.223388671875,2460.8935546875,2460.8935546875,2460.184814453125,2460.434326171875,2460.567138671875,2456.4365234375,2460.411376953125,2522.0,2282.0
329.5,2398.5078125,2460.8935546875,2460.8935546875,2460.8935546875,2460.184814453125,2460.434326171875,2460.567138671875,2456.4365234375,2460.41162109375,2522.0,2282.0
329.75,2398.114013671875,2460.8935546875,2460.8935546875,2460.8935546875,2460.1416015625,2460.391357421875,2460.493408203125,2456.458251953125,2460.43310546875,2522.0,2282.0
330.0,2398.125,2460.8935546875,2462.223388671875,2460.8935546875,2460.1416015625,2460.391357421875,2460.493408203125,2456.45849609375,2460.43310546875,2522.0,2282.0
330.25,2398.123779296875,2460.8935546875,2460.8935546875,2460.8935546875,2460.1416015625,2460.391357421875,2460.493408203125,2456.459228515625,2460.433349609375,2522.0,2282.0
330.5,2398.1181640625,2460.8935546875,2460.8935546875,2460.8935546875,2460.1416015625,2460.3916015625,2460.493408203125,2456.45849609375,2460.432373046875,2522.0,2282.0
330.75,2398.11669921875,2460.8935546875,2460.8935546875,2460.8935546875,2460.1416015625,2460.391357421875,2461.822998046875,2456.45849609375,2460.43310546875,2522.0,2282.0
331.0,2399.42724609375,2460.8935546875,2460.8935546875,2462.223388671875,2460.1416015625,2460.3916015625,2460.493408203125,2456.458740234375,2460.43310546875,2522.0,2282.0
331.25,2399.427490234375,2460.8935546875,2460.8935546875,2462.223388671875,2460.1416015625,2461.720947265625,2460.493408203125,2456.45703125,2460.43310546875,2522.0,2282.0
331.5,2398.119384765625,2462.223388671875,2460.8935546875,2460.8935546875,2460.1416015625,2460.3916015625,2460.493408203125,2456.45849609375,2460.43310546875,2522.0,2282.0
331.75,2394.096923828125,2460.8935546875,2460.8935546875,2460.8935546875,2461.44775390625,2460.36865234375,2460.470703125,2456.561279296875,2460.425048828125,2522.0,2282.0
332.0,2394.100830078125,2460.8935546875,2460.8935546875,2460.8935546875,2460.118408203125,2460.36865234375,2460.470703125,2456.5615234375,2460.425048828125,2522.0,2282.0
332.25,2394.109375,2460.8935546875,2460.8935546875,2460.8935546875,2460.118408203125,2460.36865234375,2460.470703125,2456.56201171875,2460.425537109375,2522.0,2282.0
332.5,2394.107177734375,2460.8935546875,2460.8935546875,2460.8935546875,2460.118408203125,2460.36865234375,2460.470703125,2457.888671875,2460.425048828125,2522.0,2282.0
332.75,2394.108154296875,2460.8935546875,2460.8935546875,2460.8935546875,2460.118408203125,2460.36865234375,2460.470703125,2456.561279296875,2460.425048828125,2522.0,2282.0
333.0,2394.10107421875,2460.8935546875,2460.8935546875,2460.8935546875,2460.118408203125,2460.36865234375,2461.80029296875,2456.5615234375,2460.425048828125,2522.0,2282.0
333.25,2395.407470703125,2460.8935546875,2460.8935546875,2460.8935546875,2460.118408203125,2460.36865234375,2460.470703125,2456.561279296875,2460.42529296875,2522.0,2282.0
333.5,2394.101318359375,2460.8935546875,2460.8935546875,2460.8935546875,2460.118408203125,2460.36865234375,2460.470703125,2456.56298828125,2460.425048828125,2522.0,2282.0
333.75,2393.47021484375,2460.8935546875,2460.8935546875,2460.8935546875,2460.066650390625,2460.3173828125,2460.482666015625,2456.39892578125,2460.484130859375,2522.0,2282.0
334.0,2393.4697265625,2460.8935546875,2460.8935546875,2460.8935546875,2461.39599609375,2460.3173828125,2460.482666015625,2456.399169921875,2460.484130859375,2522.0,2282.0
334.25,2393.468505859375,2460.8935546875,2460.8935546875,2460.8935546875,2460.066650390625,2460.3173828125,2460.482666015625,2456.39892578125,2460.484130859375,2522.0,2282.0
334.5,2393.470703125,2460.8935546875,2460.8935546875,2460.8935546875,2460.066650390625,2460.3173828125,2460.482666015625,2456.399169921875,2460.484375,2522.0,2282.0
334.75,2393.4775390625,2460.8935546875,2460.8935546875,2460.8935546875,2460.066650390625,2460.3173828125,2460.482666015625,2456.39990234375,2460.484619140625,2522.0,2282.0
335.0,2393.478515625,2460.8935546875,2460.8935546875,2460.8935546875,2460.066650390625,2460.3173828125,2460.482666015625,2456.39892578125,2460.484130859375,2522.0,2282.0
335.25,2393.470458984375,2460.8935546875,2460.8935546875,2460.8935546875,2460.066650390625,2460.3173828125,2461.812255859375,2456.399169921875,2460.484130859375,2522.0,2282.0
335.5,2394.7783203125,2460.8935546875,2460.8935546875,2460.8935546875,2460.066650390625,2460.3173828125,2460.482666015625,2456.39892578125,2460.484130859375,2522.0,2282.0
335.75,2393.476806640625,2460.8935546875,2460.8935546875,2460.8935546875,2460.124267578125,2461.640380859375,2460.476806640625,2457.021728515625,2461.154541015625,2522.0,2282.0
336.0,2392.172119140625,2460.8935546875,2460.8935546875,2460.8935546875,2460.124267578125,2460.310791015625,2460.476806640625,2457.02294921875,2461.154296875,2522.0,2282.0
336.25,2392.1708984375,2460.8935546875,2460.8935546875,2460.8935546875,2461.453857421875,2460.310791015625,2460.476806640625,2457.02294921875,2461.154541015625,2522.0,2282.0
336.5,2392.170654296875,2460.8935546875,2460.8935546875,2460.8935546875,2460.124267578125,2460.310791015625,2460.476806640625,2457.022705078125,2461.154296875,2522.0,2282.0
336.75,2392.170166015625,2460.8935546875,2460.8935546875,2460.8935546875,2460.124267578125,2460.310791015625,2460.476806640625,2457.02392578125,2461.154541015625,2522.0,2282.0
337.0,2392.18115234375,2460.8935546875,2460.8935546875,2460.8935546875,2460.124267578125,2460.310791015625,2460.476806640625,2457.02294921875,2461.154541015625,2522.0,2282.0
337.25,2392.1796875,2460.8935546875,2460.8935546875,2460.8935546875,2460.124267578125,2460.310791015625,2460.476806640625,2457.02294921875,2462.484375,2522.0,2282.0
337.5,2392.171630859375,2460.8935546875,2460.8935546875,2460.8935546875,2460.124267578125,2460.310791015625,2461.806396484375,2457.022705078125,2462.484375,2522.0,2282.0
337.75,2397.75732421875,2460.8935546875,2460.8935546875,2462.223388671875,2460.190673828125,2460.3759765625,2460.573486328125,2457.10400390625,2461.125,2522.0,2282.0
338.0,2396.452392578125,2460.8935546875,2460.8935546875,2460.8935546875,2460.190673828125,2460.3759765625,2460.573486328125,2457.105224609375,2461.125,2522.0,2282.0
338.25,2396.4443359375,2460.8935546875,2460.8935546875,2460.8935546875,2460.190673828125,2460.3759765625,2460.573486328125,2457.10400390625,2461.125,2522.0,2282.0
338.5,2396.445556640625,2460.8935546875,2460.8935546875,2460.8935546875,2461.520263671875,2460.3759765625,2460.573486328125,2457.10400390625,2461.124755859375,2522.0,2282.0
338.75,2396.44140625,2460.8935546875,2460.8935546875,2460.8935546875,2460.190673828125,2460.3759765625,2460.573486328125,2457.10400390625,2461.125,2522.0,2282.0
339.0,2396.443359375,2460.8935546875,2460.8935546875,2460.8935546875,2460.190673828125,2460.3759765625,2460.573486328125,2457.10498046875,2461.125,2522.0,2282.0
339.25,2396.447021484375,2460.8935546875,2460.8935546875,2460.8935546875,2460.190673828125,2460.3759765625,2460.573486328125,2457.10400390625,2461.125,2522.0,2282.0
339.5,2396.443603515625,2460.8935546875,2460.8935546875,2460.8935546875,2460.190673828125,2460.3759765625,2460.573486328125,2457.10400390625,2462.454833984375,2522.0,2282.0
339.75,2397.067138671875,2460.8935546875,2460.8935546875,2460.8935546875,2460.291748046875,2460.44482421875,2461.939208984375,2457.5888671875,2462.440185546875,2522.0,2282.0
340.0,2398.360107421875,2460.8935546875,2460.8935546875,2462.223388671875,2460.291748046875,2460.44482421875,2460.609619140625,2457.5888671875,2461.1103515625,2522.0,2282.0
340.25,2397.065673828125,2460.8935546875,2460.8935546875,2460.8935546875,2460.291748046875,2460.445068359375,2460.609375,2457.58984375,2461.10986328125,2522.0,2282.0
340.5,2397.066650390625,2462.223388671875,2460.8935546875,2460.8935546875,2460.291748046875,2460.44482421875,2460.609619140625,2457.5888671875,2461.1103515625,2522.0,2282.0
340.75,2397.062255859375,2460.8935546875,2460.8935546875,2460.8935546875,2461.621337890625,2460.445068359375,2460.609375,2457.588623046875,2461.1103515625,2522.0,2282.0
341.0,2397.06396484375,2460.8935546875,2460.8935546875,2460.8935546875,2460.291748046875,2460.44482421875,2460.609375,2457.58935546875,2461.110595703125,2522.0,2282.0
341.25,2397.066650390625,2460.8935546875,2460.8935546875,2460.8935546875,2460.291748046875,2460.44482421875,2460.609619140625,2457.5888671875,2461.110595703125,2522.0,2282.0
341.5,2397.065185546875,2460.8935546875,2460.8935546875,2460.8935546875,2460.291748046875,2460.44482421875,2460.609619140625,2458.91748046875,2461.110595703125,2522.0,2282.0
341.75,2400.249755859375,2460.8935546875,2460.8935546875,2460.8935546875,2460.321044921875,2460.442138671875,2461.93603515625,2457.69140625,2461.102294921875,2522.0,2282.0
342.0,2400.25146484375,2460.8935546875,2460.8935546875,2460.8935546875,2460.321044921875,2460.442138671875,2461.936279296875,2457.69140625,2462.432373046875,2522.0,2282.0
342.25,2400.2578125,2460.8935546875,2460.8935546875,2460.8935546875,2460.321044921875,2460.442138671875,2460.6064453125,2457.69140625,2461.10205078125,2522.0,2282.0
342.5,2400.250244140625,2460.8935546875,2460.8935546875,2460.8935546875,2460.321044921875,2461.771728515625,2460.6064453125,2457.690185546875,2461.1025390625,2522.0,2282.0
342.75,2400.25146484375,2462.223388671875,2460.8935546875,2460.8935546875,2460.321044921875,2460.442138671875,2460.6064453125,2457.691650390625,2461.102294921875,2522.0,2282.0
343.0,2400.251708984375,2460.8935546875,2460.8935546875,2460.8935546875,2461.650634765625,2460.442138671875,2460.6064453125,2457.69140625,2461.102294921875,2522.0,2282.0
343.25,2400.248779296875,2460.8935546875,2460.8935546875,2460.8935546875,2460.321044921875,2460.442138671875,2460.6064453125,2457.691650390625,2461.102294921875,2522.0,2282.0
343.5,2400.253173828125,2460.8935546875,2460.8935546875,2460.8935546875,2460.321044921875,2460.442138671875,2460.6064453125,2457.692138671875,2461.1025390625,2522.0,2282.0
343.75,2401.4169921875,2460.8935546875,2460.8935546875,2460.8935546875,2460.160888671875,2460.442138671875,2460.764892578125,2457.537353515625,2461.11474609375,2522.0,2282.0
344.0,2401.414306640625,2460.8935546875,2460.8935546875,2460.8935546875,2460.160888671875,2460.442138671875,2460.764892578125,2457.537109375,2461.114501953125,2522.0,2282.0
344.25,2401.414306640625,2460.8935546875,2460.8935546875,2460.8935546875,2460.160888671875,2460.442138671875,2462.094482421875,2457.537109375,2462.4443359375,2522.0,2282.0
344.5,2401.42236328125,2460.8935546875,2460.8935546875,2462.223388671875,2460.160888671875,2460.442138671875,2460.764892578125,2457.537353515625,2461.114501953125,2522.0,2282.0
344.75,2401.412353515625,2460.8935546875,2460.8935546875,2460.8935546875,2460.160888671875,2460.44189453125,2460.764892578125,2457.538330078125,2461.115234375,2522.0,2282.0
345.0,2401.414794921875,2460.8935546875,2460.8935546875,2460.8935546875,2460.160888671875,2460.442138671875,2460.764892578125,2457.537353515625,2461.114501953125,2522.0,2282.0
345.25,2401.4150390625,2460.8935546875,2460.8935546875,2460.8935546875,2461.490234375,2460.442138671875,2460.764892578125,2457.537109375,2461.1142578125,2522.0,2282.0
345.5,2401.41259765625,2460.8935546875,2460.8935546875,2460.8935546875,2460.160888671875,2460.442138671875,2460.764892578125,2457.537109375,2461.1142578125,2522.0,2282.0
345.75,2406.396240234375,2460.8935546875,2460.8935546875,2460.8935546875,2460.2177734375,2460.593505859375,2460.852783203125,2457.48583984375,2461.118408203125,2522.0,2282.0
346.0,2406.3916015625,2460.8935546875,2460.8935546875,2460.8935546875,2460.2177734375,2460.593505859375,2460.852783203125,2457.48583984375,2461.11865234375,2522.0,2282.0
346.25,2407.702880859375,2460.8935546875,2460.8935546875,2460.8935546875,2460.2177734375,2460.593505859375,2460.852783203125,2457.485595703125,2462.448486328125,2522.0,2282.0
346.5,2406.4091796875,2460.8935546875,2460.8935546875,2460.8935546875,2460.2177734375,2460.593505859375,2462.1826171875,2457.486083984375,2462.4482421875,2522.0,2282.0
346.75,2406.390380859375,2460.8935546875,2460.8935546875,2462.223388671875,2460.2177734375,2460.593505859375,2460.852783203125,2457.48583984375,2461.118408203125,2522.0,2282.0
347.0,2406.398681640625,2460.8935546875,2460.8935546875,2460.8935546875,2460.2177734375,2461.92333984375,2460.8525390625,2457.484619140625,2461.118408203125,2522.0,2282.0
347.25,2406.392333984375,2460.8935546875,2460.8935546875,2460.8935546875,2460.2177734375,2460.593505859375,2460.852783203125,2457.48583984375,2461.118408203125,2522.0,2282.0
347.5,2406.38916015625,2460.8935546875,2460.8935546875,2460.8935546875,2461.547119140625,2460.593505859375,2460.8525390625,2457.485595703125,2461.118408203125,2522.0,2282.0
347.75,2411.393310546875,2460.8935546875,2462.223388671875,2460.8935546875,2460.39697265625,2460.707763671875,2460.902587890625,2457.82421875,2461.06884765625,2522.0,2282.0
348.0,2411.394287109375,2460.8935546875,2460.8935546875,2460.8935546875,2460.39697265625,2460.707763671875,2460.902587890625,2457.823974609375,2461.06884765625,2522.0,2282.0
348.25,2411.39501953125,2460.8935546875,2460.8935546875,2460.8935546875,2460.39697265625,2460.707763671875,2460.902587890625,2457.823974609375,2461.06884765625,2522.0,2282.0
348.5,2411.4013671875,2460.8935546875,2460.8935546875,2460.8935546875,2460.39697265625,2460.707763671875,2460.90234375,2457.823974609375,2462.398681640625,2522.0,2282.0
348.75,2411.39404296875,2460.8935546875,2460.8935546875,2460.8935546875,2460.39697265625,2460.707763671875,2460.902587890625,2457.823974609375,2461.068603515625,2522.0,2282.0
349.0,2411.392578125,2460.8935546875,2460.8935546875,2460.8935546875,2460.39697265625,2460.707763671875,2460.902587890625,2457.823974609375,2461.06689453125,2522.0,2282.0
349.25,2411.392333984375,2460.8935546875,2460.8935546875,2460.8935546875,2460.39697265625,2460.707763671875,2460.902587890625,2457.8251953125,2461.06884765625,2522.0,2282.0
349.5,2411.3935546875,2462.223388671875,2460.8935546875,2460.8935546875,2460.39697265625,2460.707763671875,2460.902587890625,2457.823974609375,2461.06884765625,2522.0,2282.0
349.75,2407.802490234375,2460.8935546875,2460.8935546875,2460.8935546875,2462.01806640625,2460.55224609375,2460.7470703125,2457.802490234375,2461.04736328125,2522.0,2282.0
350.0,2407.804443359375,2460.8935546875,2460.8935546875,2460.8935546875,2460.6884765625,2460.55224609375,2460.746826171875,2457.802490234375,2461.04736328125,2522.0,2282.0
350.25,2407.802490234375,2460.8935546875,2460.8935546875,2460.8935546875,2460.688232421875,2460.55224609375,2460.7470703125,2457.802734375,2461.047607421875,2522.0,2282.0
350.5,2407.802734375,2460.8935546875,2460.8935546875,2460.8935546875,2460.6884765625,2460.55224609375,2460.746826171875,2457.802490234375,2461.047607421875,2522.0,2282.0
350.75,2407.811767578125,2460.8935546875,2460.8935546875,2460.8935546875,2460.688232421875,2460.55224609375,2460.7470703125,2457.80224609375,2461.04736328125,2522.0,2282.0
351.0,2409.108642578125,2460.8935546875,2460.8935546875,2460.8935546875,2460.6884765625,2460.55224609375,2460.746826171875,2457.80224609375,2462.377197265625,2522.0,2282.0
351.25,2407.80859375,2460.8935546875,2460.8935546875,2462.223388671875,2460.6884765625,2460.55224609375,2460.7470703125,2457.80224609375,2461.04736328125,2522.0,2282.0
351.5,2407.80322265625,2460.8935546875,2460.8935546875,2460.8935546875,2460.6884765625,2460.55224609375,2460.746826171875,2457.803466796875,2461.047119140625,2522.0,2282.0
351.75,2410.4794921875,2460.8935546875,2460.8935546875,2460.8935546875,2460.835205078125,2460.635498046875,2460.859375,2457.823974609375,2461.06884765625,2522.0,2282.0
352.0,2410.47216796875,2460.8935546875,2460.8935546875,2460.8935546875,2462.1650390625,2460.635498046875,2460.859130859375,2457.82421875,2461.06884765625,2522.0,2282.0
352.25,2410.475341796875,2460.8935546875,2460.8935546875,2460.8935546875,2460.835205078125,2460.635498046875,2460.859375,2457.823974609375,2461.06884765625,2522.0,2282.0
352.5,2410.483154296875,2460.8935546875,2460.8935546875,2460.8935546875,2460.835205078125,2460.63525390625,2460.859130859375,2457.824462890625,2461.069091796875,2522.0,2282.0
352.75,2410.4833984375,2460.8935546875,2460.8935546875,2460.8935546875,2460.835205078125,2460.635498046875,2460.859375,2457.823974609375,2461.06884765625,2522.0,2282.0
353.0,2411.781494140625,2460.8935546875,2460.8935546875,2460.8935546875,2460.835205078125,2460.63525390625,2460.859130859375,2457.823974609375,2461.06884765625,2522.0,2282.0
353.25,2410.47314453125,2460.8935546875,2460.8935546875,2460.8935546875,2460.835205078125,2460.635498046875,2462.18896484375,2457.82421875,2461.068603515625,2522.0,2282.0
353.5,2410.474365234375,2460.8935546875,2460.8935546875,2462.223388671875,2460.835205078125,2460.63525390625,2460.859130859375,2457.823974609375,2461.06884765625,2522.0,2282.0
353.75,2412.729248046875,2460.8935546875,2460.8935546875,2460.8935546875,2460.847412109375,2460.52001953125,2460.87109375,2458.317626953125,2461.007080078125,2522.0,2282.0
354.0,2412.726318359375,2460.893310546875,2460.8935546875,2460.8935546875,2460.847412109375,2460.52001953125,2460.87109375,2458.316162109375,2461.00732421875,2522.0,2282.0
354.25,2412.7275390625,2460.8935546875,2460.8935546875,2460.8935546875,2462.17724609375,2460.52001953125,2460.87109375,2458.316162109375,2461.00732421875,2522.0,2282.0
354.5,2412.72802734375,2460.8935546875,2460.8935546875,2460.8935546875,2460.847412109375,2460.52001953125,2460.87109375,2458.31640625,2461.00732421875,2522.0,2282.0
354.75,2412.735595703125,2460.8935546875,2460.8935546875,2460.8935546875,2460.847412109375,2460.52001953125,2460.87109375,2458.31640625,2461.00732421875,2522.0,2282.0
355.0,2412.730224609375,2460.8935546875,2460.8935546875,2460.8935546875,2460.847412109375,2460.52001953125,2460.87109375,2459.64501953125,2461.007568359375,2522.0,2282.0
355.25,2414.031005859375,2460.8935546875,2460.8935546875,2460.8935546875,2460.847412109375,2460.52001953125,2460.87109375,2458.316162109375,2461.00732421875,2522.0,2282.0
355.5,2412.73388671875,2460.8935546875,2460.893310546875,2460.8935546875,2460.847412109375,2460.52001953125,2460.87109375,2458.31640625,2462.337158203125,2522.0,2282.0
355.75,2416.603515625,2460.8935546875,2460.8935546875,2460.8935546875,2461.067626953125,2460.611083984375,2460.8349609375,2458.7490234375,2460.99658203125,2522.0,2282.0
356.0,2416.60302734375,2460.8935546875,2460.8935546875,2460.8935546875,2461.067626953125,2461.940673828125,2460.8349609375,2458.749267578125,2460.99658203125,2522.0,2282.0
356.25,2416.6015625,2460.8935546875,2460.8935546875,2460.8935546875,2461.067626953125,2460.611083984375,2460.8349609375,2458.749267578125,2460.99658203125,2522.0,2282.0
356.5,2416.607666015625,2460.8935546875,2460.8935546875,2460.8935546875,2461.067626953125,2460.611083984375,2460.8349609375,2458.749267578125,2460.996826171875,2522.0,2282.0
356.75,2416.60302734375,2460.8935546875,2462.223388671875,2460.8935546875,2461.067626953125,2460.611083984375,2460.8349609375,2458.749267578125,2460.996826171875,2522.0,2282.0
357.0,2416.60302734375,2460.8935546875,2460.8935546875,2460.8935546875,2461.067626953125,2460.611083984375,2460.8349609375,2460.077880859375,2460.9970703125,2522.0,2282.0
357.25,2417.9091796875,2460.8935546875,2460.8935546875,2460.8935546875,2461.06787109375,2460.611083984375,2460.8349609375,2458.749267578125,2460.996826171875,2522.0,2282.0
357.5,2416.605712890625,2460.8935546875,2460.8935546875,2460.8935546875,2461.067626953125,2460.611083984375,2460.8349609375,2458.7490234375,2462.32666015625,2522.0,2282.0
357.75,2414.890380859375,2460.8935546875,2460.8935546875,2460.8935546875,2460.97119140625,2460.579833984375,2462.291015625,2458.676025390625,2460.979248046875,2522.0,2282.0
358.0,2414.893310546875,2460.8935546875,2460.8935546875,2460.8935546875,2460.97119140625,2461.909423828125,2460.961181640625,2458.676025390625,2460.979248046875,2522.0,2282.0
358.25,2414.890869140625,2462.223388671875,2460.8935546875,2460.8935546875,2460.971435546875,2460.579833984375,2460.961181640625,2458.676025390625,2460.979248046875,2522.0,2282.0
358.5,2414.900146484375,2460.8935546875,2460.8935546875,2460.8935546875,2462.30126953125,2460.579833984375,2460.961181640625,2458.676025390625,2460.979248046875,2522.0,2282.0
358.75,2414.892333984375,2460.8935546875,2460.8935546875,2460.8935546875,2460.97119140625,2460.579833984375,2460.961181640625,2458.67626953125,2460.979248046875,2522.0,2282.0
359.0,2414.893310546875,2460.8935546875,2462.223388671875,2460.8935546875,2460.97119140625,2460.579833984375,2460.961181640625,2458.67626953125,2460.979248046875,2522.0,2282.0
359.25,2414.89306640625,2460.8935546875,2460.8935546875,2460.8935546875,2460.971435546875,2460.579833984375,2460.961181640625,2460.0048828125,2460.979248046875,2522.0,2282.0
359.5,2414.907470703125,2460.8935546875,2460.8935546875,2460.8935546875,2460.97119140625,2460.579833984375,2460.961181640625,2458.67578125,2460.9794921875,2522.0,2282.0
359.75,2412.36083984375,2460.8935546875,2460.8935546875,2460.8935546875,2460.928466796875,2460.505126953125,2460.919189453125,2458.5732421875,2462.317138671875,2522.0,2282.0
360.0,2412.3447265625,2460.8935546875,2460.8935546875,2460.8935546875,2460.928466796875,2460.505126953125,2462.2490234375,2458.5732421875,2460.9873046875,2522.0,2282.0
360.25,2412.345703125,2460.8935546875,2460.8935546875,2460.8935546875,2460.928466796875,2461.834716796875,2460.919189453125,2458.574462890625,2460.987060546875,2522.0,2282.0
360.5,2412.341552734375,2462.223388671875,2460.8935546875,2460.8935546875,2460.928466796875,2460.505126953125,2460.919189453125,2458.5732421875,2460.9873046875,2522.0,2282.0
360.75,2412.343505859375,2460.8935546875,2460.8935546875,2460.8935546875,2460.928466796875,2460.505126953125,2460.919189453125,2458.5732421875,2460.9873046875,2522.0,2282.0
361.0,2412.345458984375,2460.8935546875,2460.8935546875,2460.8935546875,2460.928466796875,2460.505126953125,2460.919189453125,2458.572998046875,2460.9873046875,2522.0,2282.0
361.25,2412.3515625,2460.8935546875,2462.223388671875,2460.8935546875,2460.928466796875,2460.505126953125,2460.919189453125,2458.5732421875,2460.987548828125,2522.0,2282.0
361.5,2412.350830078125,2460.8935546875,2460.8935546875,2460.8935546875,2460.928466796875,2460.505126953125,2460.919189453125,2458.573486328125,2460.987548828125,2522.0,2282.0
361.75,2412.89599609375,2460.8935546875,2460.8935546875,2460.8935546875,2460.78076171875,2460.548583984375,2460.931396484375,2458.521484375,2460.991455078125,2522.0,2282.0
362.0,2412.910400390625,2460.8935546875,2460.8935546875,2460.8935546875,2460.78076171875,2460.548828125,2460.93115234375,2458.521728515625,2462.3212890625,2522.0,2282.0
362.25,2412.89453125,2460.8935546875,2460.8935546875,2462.223388671875,2460.78076171875,2460.548583984375,2460.93115234375,2458.52197265625,2460.991455078125,2522.0,2282.0
362.5,2412.895263671875,2460.8935546875,2460.8935546875,2460.8935546875,2460.78076171875,2460.548828125,2460.93115234375,2458.52197265625,2460.9912109375,2522.0,2282.0
362.75,2412.894775390625,2462.223388671875,2460.8935546875,2460.8935546875,2460.78076171875,2460.548583984375,2460.93115234375,2458.52197265625,2460.990966796875,2522.0,2282.0
363.0,2412.89501953125,2460.8935546875,2460.8935546875,2460.8935546875,2460.78076171875,2460.548828125,2460.93115234375,2458.52197265625,2460.9912109375,2522.0,2282.0
363.25,2412.89599609375,2460.8935546875,2462.223388671875,2460.8935546875,2460.78076171875,2460.548828125,2460.93115234375,2458.521728515625,2460.9912109375,2522.0,2282.0
363.5,2412.903076171875,2460.8935546875,2462.223388671875,2460.8935546875,2460.78076171875,2460.548828125,2460.93115234375,2458.521728515625,2460.991455078125,2522.0,2282.0
363.75,2416.37060546875,2460.8935546875,2460.8935546875,2460.8935546875,2460.87060546875,2460.606201171875,2460.83056640625,2460.5703125,2461.537841796875,2522.0,2282.0
364.0,2417.678466796875,2460.8935546875,2460.8935546875,2460.8935546875,2460.87060546875,2460.606201171875,2460.83056640625,2459.241455078125,2461.537353515625,2522.0,2282.0
364.25,2416.378662109375,2460.8935546875,2460.8935546875,2460.8935546875,2460.87060546875,2460.606201171875,2460.83056640625,2459.241455078125,2462.867431640625,2522.0,2282.0
364.5,2416.3701171875,2460.8935546875,2460.8935546875,2460.8935546875,2460.87060546875,2460.606201171875,2462.160400390625,2459.241455078125,2461.537353515625,2522.0,2282.0
364.75,2416.37451171875,2460.8935546875,2460.8935546875,2460.8935546875,2460.87060546875,2461.935791015625,2460.83056640625,2459.241943359375,2461.537109375,2522.0,2282.0
365.0,2416.371826171875,2462.223388671875,2460.8935546875,2460.8935546875,2460.87060546875,2460.606201171875,2460.83056640625,2459.241455078125,2461.536865234375,2522.0,2282.0
365.25,2416.380126953125,2460.8935546875,2460.8935546875,2460.8935546875,2460.87060546875,2460.606201171875,2460.83056640625,2459.240966796875,2461.537353515625,2522.0,2282.0
365.5,2416.372802734375,2460.8935546875,2460.8935546875,2460.8935546875,2460.87060546875,2460.606201171875,2460.83056640625,2459.241455078125,2461.537353515625,2522.0,2282.0
365.75,2416.77294921875,2460.8935546875,2462.223388671875,2460.8935546875,2460.95458984375,2460.626220703125,2460.818359375,2459.34423828125,2461.529296875,2522.0,2282.0
366.0,2416.772705078125,2460.8935546875,2460.8935546875,2460.8935546875,2460.95458984375,2460.62646484375,2460.818359375,2460.67333984375,2461.529541015625,2522.0,2282.0
366.25,2416.777587890625,2460.8935546875,2460.8935546875,2460.8935546875,2460.95458984375,2460.626220703125,2460.818359375,2459.343994140625,2461.529296875,2522.0,2282.0
366.5,2416.775390625,2460.8935546875,2460.8935546875,2460.8935546875,2460.95458984375,2460.626220703125,2460.818359375,2459.343994140625,2462.859619140625,2522.0,2282.0
366.75,2416.770751953125,2460.8935546875,2460.8935546875,2460.8935546875,2460.95458984375,2460.626220703125,2462.148193359375,2459.34423828125,2461.529296875,2522.0,2282.0
367.0,2416.77197265625,2460.8935546875,2460.8935546875,2460.8935546875,2460.95458984375,2461.9560546875,2460.818359375,2459.34521484375,2461.529052734375,2522.0,2282.0
367.25,2416.7734375,2462.223388671875,2460.8935546875,2460.8935546875,2460.95458984375,2460.626220703125,2460.818359375,2459.343994140625,2461.529052734375,2522.0,2282.0
367.5,2416.779052734375,2460.8935546875,2460.8935546875,2460.8935546875,2460.95458984375,2460.626220703125,2460.818359375,2459.343994140625,2461.529296875,2522.0,2282.0
367.75,2416.97021484375,2460.8935546875,2462.223388671875,2460.8935546875,2461.000244140625,2460.67236328125,2460.86328125,2459.314453125,2461.554931640625,2522.0,2282.0
368.0,2416.968994140625,2460.8935546875,2460.8935546875,2460.8935546875,2461.00048828125,2460.67236328125,2460.86328125,2459.314453125,2461.554931640625,2522.0,2282.0
368.25,2416.98486328125,2460.8935546875,2460.8935546875,2460.8935546875,2461.000244140625,2460.67236328125,2460.86328125,2459.314453125,2461.554931640625,2522.0,2282.0
368.5,2416.967529296875,2460.8935546875,2460.8935546875,2460.8935546875,2461.00048828125,2460.67236328125,2460.86328125,2459.314453125,2462.885009765625,2522.0,2282.0
368.75,2416.967041015625,2460.8935546875,2460.8935546875,2460.8935546875,2461.00048828125,2460.67236328125,2462.193115234375,2459.314453125,2461.554931640625,2522.0,2282.0
369.0,2416.9697265625,2460.8935546875,2460.8935546875,2462.223388671875,2461.00048828125,2460.67236328125,2460.86328125,2459.314453125,2461.554931640625,2522.0,2282.0
369.25,2416.968017578125,2462.223388671875,2460.8935546875,2460.8935546875,2461.000244140625,2460.67236328125,2460.86328125,2459.314453125,2461.554931640625,2522.0,2282.0
369.5,2416.9755859375,2460.8935546875,2460.8935546875,2460.8935546875,2461.00048828125,2460.67236328125,2460.86328125,2459.314453125,2461.554931640625,2522.0,2282.0
369.75,2415.33251953125,2460.8935546875,2460.8935546875,2460.8935546875,2462.232421875,2460.54345703125,2460.861572265625,2459.190185546875,2461.54150390625,2522.0,2282.0
370.0,2415.331787109375,2460.8935546875,2462.223388671875,2460.8935546875,2460.90234375,2460.54345703125,2460.861572265625,2459.18994140625,2461.541259765625,2522.0,2282.0
370.25,2415.331298828125,2460.8935546875,2460.8935546875,2460.8935546875,2460.90234375,2460.54345703125,2460.861572265625,2460.5185546875,2461.541748046875,2522.0,2282.0
370.5,2416.647216796875,2460.8935546875,2460.8935546875,2460.8935546875,2460.90234375,2460.54345703125,2460.861572265625,2459.18994140625,2461.54150390625,2522.0,2282.0
370.75,2415.346923828125,2460.8935546875,2460.8935546875,2460.8935546875,2460.90234375,2460.54345703125,2460.861572265625,2459.18994140625,2461.54150390625,2522.0,2282.0
371.0,2415.328857421875,2460.8935546875,2460.8935546875,2460.8935546875,2460.90234375,2460.54345703125,2462.19140625,2459.18994140625,2461.54150390625,2522.0,2282.0
371.25,2415.331298828125,2460.8935546875,2460.8935546875,2460.8935546875,2460.90234375,2461.873046875,2460.861572265625,2459.189697265625,2461.541259765625,2522.0,2282.0
371.5,2415.325927734375,2462.223388671875,2460.8935546875,2460.8935546875,2460.90234375,2460.54345703125,2460.861572265625,2459.190185546875,2461.54150390625,2522.0,2282.0
371.75,2413.413818359375,2460.8935546875,2460.8935546875,2460.8935546875,2460.78369140625,2460.647216796875,2460.807861328125,2458.93310546875,2461.5615234375,2522.0,2282.0
372.0,2413.417236328125,2460.8935546875,2460.8935546875,2460.8935546875,2462.113525390625,2460.64697265625,2460.807861328125,2458.93310546875,2461.5615234375,2522.0,2282.0
372.25,2413.419921875,2460.8935546875,2462.223388671875,2460.8935546875,2460.78369140625,2460.647216796875,2460.807861328125,2458.93310546875,2461.5615234375,2522.0,2282.0
372.5,2413.423095703125,2460.8935546875,2460.8935546875,2460.8935546875,2460.78369140625,2460.647216796875,2460.807861328125,2460.261962890625,2461.561767578125,2522.0,2282.0
372.75,2413.41845703125,2460.8935546875,2460.8935546875,2460.8935546875,2460.78369140625,2460.647216796875,2460.807861328125,2458.933349609375,2461.561279296875,2522.0,2282.0
373.0,2413.433349609375,2460.8935546875,2460.8935546875,2460.8935546875,2460.78369140625,2460.647216796875,2460.807861328125,2458.93310546875,2461.5615234375,2522.0,2282.0
373.25,2413.419921875,2460.8935546875,2460.8935546875,2460.8935546875,2460.78369140625,2460.647216796875,2462.1376953125,2458.932861328125,2461.5615234375,2522.0,2282.0
373.5,2413.419677734375,2460.8935546875,2460.8935546875,2460.8935546875,2460.78369140625,2461.976806640625,2460.807861328125,2458.933349609375,2461.56103515625,2522.0,2282.0
373.75,2409.243896484375,2460.8935546875,2460.8935546875,2460.8935546875,2460.720703125,2460.520751953125,2460.746337890625,2458.93310546875,2461.561279296875,2522.0,2282.0
374.0,2409.24609375,2460.8935546875,2460.8935546875,2460.8935546875,2460.720703125,2460.520751953125,2460.746337890625,2458.93310546875,2461.5615234375,2522.0,2282.0
374.25,2409.244384765625,2460.8935546875,2460.8935546875,2460.8935546875,2460.720703125,2460.520751953125,2460.746337890625,2458.93310546875,2461.561279296875,2522.0,2282.0
374.5,2409.24560546875,2460.8935546875,2462.223388671875,2460.8935546875,2460.720703125,2460.520751953125,2460.746337890625,2458.93310546875,2461.5615234375,2522.0,2282.0
374.75,2409.244873046875,2460.8935546875,2460.8935546875,2460.8935546875,2460.720703125,2460.520751953125,2460.746337890625,2458.933349609375,2461.5615234375,2522.0,2282.0
375.0,2409.25341796875,2460.8935546875,2460.8935546875,2460.8935546875,2460.720703125,2460.520751953125,2460.746337890625,2458.93310546875,2461.561279296875,2522.0,2282.0
375.25,2409.262939453125,2460.8935546875,2460.8935546875,2460.8935546875,2460.720703125,2460.52099609375,2460.746337890625,2458.93310546875,2462.8916015625,2522.0,2282.0
375.5,2409.251953125,2460.8935546875,2460.8935546875,2460.8935546875,2460.720703125,2460.520751953125,2462.076171875,2458.93310546875,2461.5615234375,2522.0,2282.0
375.75,2401.957275390625,2460.8935546875,2460.8935546875,2462.223388671875,2460.57470703125,2461.6103515625,2460.53955078125,2458.029052734375,2461.655029296875,2522.0,2282.0
376.0,2401.93798828125,2462.223388671875,2460.8935546875,2460.8935546875,2460.57470703125,2460.28076171875,2460.53955078125,2458.029541015625,2461.65478515625,2522.0,2282.0
376.25,2401.9384765625,2460.8935546875,2460.8935546875,2460.8935546875,2460.57470703125,2460.28076171875,2460.53955078125,2458.02978515625,2461.655029296875,2522.0,2282.0
376.5,2401.935302734375,2460.8935546875,2460.8935546875,2460.8935546875,2461.904296875,2460.28076171875,2460.53955078125,2458.02978515625,2461.655029296875,2522.0,2282.0
376.75,2401.9365234375,2460.8935546875,2462.223388671875,2460.8935546875,2460.57470703125,2460.28076171875,2460.53955078125,2458.029541015625,2461.655029296875,2522.0,2282.0
377.0,2401.93994140625,2460.8935546875,2460.8935546875,2460.8935546875,2460.57470703125,2460.28076171875,2460.53955078125,2459.358154296875,2461.655517578125,2522.0,2282.0
377.25,2401.93798828125,2460.8935546875,2460.8935546875,2460.8935546875,2460.57470703125,2460.28076171875,2460.53955078125,2459.35791015625,2461.655029296875,2522.0,2282.0
377.5,2401.93798828125,2460.8935546875,2460.8935546875,2460.8935546875,2460.57470703125,2460.28076171875,2460.53955078125,2458.02978515625,2461.655029296875,2522.0,2282.0
377.75,2392.596923828125,2460.8935546875,2460.8935546875,2460.8935546875,2460.0859375,2460.335205078125,2461.6396484375,2457.236083984375,2463.024169921875,2522.0,2282.0
378.0,2392.5888671875,2460.8935546875,2460.8935546875,2462.223388671875,2460.0859375,2460.335205078125,2460.310302734375,2457.2373046875,2461.69384765625,2522.0,2282.0
378.25,2392.5966796875,2460.8935546875,2460.8935546875,2460.8935546875,2460.0859375,2461.664794921875,2460.31005859375,2457.2373046875,2461.693359375,2522.0,2282.0
378.5,2392.5888671875,2462.223388671875,2460.8935546875,2460.8935546875,2460.0859375,2460.335205078125,2460.31005859375,2457.236572265625,2461.69384765625,2522.0,2282.0
378.75,2392.588134765625,2460.8935546875,2460.8935546875,2460.8935546875,2461.415283203125,2460.335205078125,2460.31005859375,2457.236572265625,2461.69384765625,2522.0,2282.0
379.0,2392.583984375,2460.8935546875,2462.223388671875,2460.8935546875,2460.0859375,2460.335205078125,2460.31005859375,2457.236572265625,2461.69384765625,2522.0,2282.0
379.25,2392.586181640625,2460.8935546875,2460.8935546875,2460.8935546875,2460.0859375,2460.335205078125,2460.31005859375,2457.236572265625,2461.69384765625,2522.0,2282.0
379.5,2392.594970703125,2460.8935546875,2460.8935546875,2460.8935546875,2460.0859375,2460.335205078125,2460.31005859375,2457.236572265625,2461.69384765625,2522.0,2282.0
379.75,2387.0224609375,2460.8935546875,2460.8935546875,2460.8935546875,2459.989013671875,2460.2724609375,2461.54638671875,2457.309814453125,2463.04150390625,2522.0,2282.0
380.0,2387.031005859375,2460.8935546875,2460.8935546875,2460.8935546875,2459.9892578125,2460.2724609375,2461.54638671875,2457.3095703125,2463.04150390625,2522.0,2282.0
380.25,2387.022216796875,2460.8935546875,2460.8935546875,2462.223388671875,2459.989013671875,2461.60205078125,2460.216796875,2457.30908203125,2461.711181640625,2522.0,2282.0
380.5,2388.324462890625,2462.223388671875,2460.8935546875,2460.8935546875,2459.9892578125,2460.2724609375,2460.216796875,2457.309814453125,2461.711181640625,2522.0,2282.0
380.75,2387.021484375,2460.8935546875,2460.8935546875,2460.8935546875,2459.989013671875,2460.2724609375,2460.216796875,2457.309814453125,2461.711181640625,2522.0,2282.0
381.0,2387.0234375,2460.8935546875,2460.8935546875,2460.8935546875,2461.318603515625,2460.2724609375,2460.216796875,2457.309814453125,2461.711181640625,2522.0,2282.0
381.25,2387.02392578125,2460.8935546875,2462.223388671875,2460.8935546875,2459.989013671875,2460.2724609375,2460.216796875,2457.3095703125,2461.711181640625,2522.0,2282.0
381.5,2387.01806640625,2460.8935546875,2462.223388671875,2460.8935546875,2459.9892578125,2460.2724609375,2460.216796875,2457.309814453125,2461.711181640625,2522.0,2282.0
381.75,2385.168212890625,2460.8935546875,2460.8935546875,2460.8935546875,2459.974853515625,2460.258544921875,2460.10791015625,2457.18505859375,2461.69775390625,2522.0,2282.0
382.0,2385.1669921875,2460.8935546875,2460.8935546875,2460.8935546875,2459.974853515625,2460.258544921875,2460.10791015625,2457.185302734375,2461.69775390625,2522.0,2282.0
382.25,2385.16650390625,2460.8935546875,2460.8935546875,2460.8935546875,2459.974853515625,2460.258544921875,2461.4375,2457.18505859375,2463.028076171875,2522.0,2282.0
382.5,2385.169921875,2460.8935546875,2460.8935546875,2462.223388671875,2459.974853515625,2460.258544921875,2460.10791015625,2457.18603515625,2461.69775390625,2522.0,2282.0
382.75,2386.473388671875,2462.223388671875,2460.8935546875,2460.8935546875,2459.974853515625,2460.258544921875,2460.10791015625,2457.18505859375,2461.69775390625,2522.0,2282.0
383.0,2386.469482421875,2462.223388671875,2460.8935546875,2460.8935546875,2459.974853515625,2460.258544921875,2460.10791015625,2457.18505859375,2461.69775390625,2522.0,2282.0
383.25,2385.166259765625,2460.8935546875,2460.8935546875,2460.8935546875,2461.30419921875,2460.258544921875,2460.10791015625,2457.18505859375,2461.697998046875,2522.0,2282.0
383.5,2385.16455078125,2460.8935546875,2462.223388671875,2460.8935546875,2459.974853515625,2460.258544921875,2460.10791015625,2457.185302734375,2461.69775390625,2522.0,2282.0
383.75,2383.694580078125,2460.8935546875,2460.8935546875,2460.8935546875,2459.690185546875,2460.167236328125,2460.20751953125,2458.35986328125,2461.710205078125,2522.0,2282.0
384.0,2383.6953125,2460.8935546875,2460.8935546875,2460.8935546875,2459.690185546875,2460.167236328125,2460.20751953125,2458.358642578125,2461.7099609375,2522.0,2282.0
384.25,2383.696044921875,2460.8935546875,2460.8935546875,2460.8935546875,2459.690185546875,2460.167236328125,2460.20751953125,2457.03076171875,2461.711669921875,2522.0,2282.0
384.5,2383.69677734375,2460.8935546875,2460.8935546875,2460.8935546875,2459.690185546875,2460.167236328125,2461.536865234375,2457.030517578125,2463.040283203125,2522.0,2282.0
384.75,2383.698974609375,2460.8935546875,2460.8935546875,2462.223388671875,2459.690185546875,2460.167236328125,2460.20751953125,2457.031494140625,2461.709716796875,2522.0,2282.0
385.0,2384.998779296875,2462.223388671875,2460.8935546875,2460.8935546875,2459.690185546875,2460.167236328125,2460.20751953125,2457.03076171875,2461.7099609375,2522.0,2282.0
385.25,2384.998291015625,2462.223388671875,2460.8935546875,2460.8935546875,2459.690185546875,2460.167236328125,2460.20751953125,2457.03076171875,2461.7099609375,2522.0,2282.0
385.5,2383.69873046875,2460.8935546875,2460.8935546875,2460.8935546875,2461.019287109375,2460.1669921875,2460.20751953125,2457.03076171875,2461.7099609375,2522.0,2282.0
385.75,2381.427001953125,2460.8935546875,2462.223388671875,2460.8935546875,2459.482666015625,2460.184326171875,2460.258056640625,2456.919921875,2461.764892578125,2522.0,2282.0
386.0,2381.41552734375,2460.8935546875,2460.8935546875,2460.8935546875,2459.482666015625,2460.184326171875,2460.258056640625,2458.2490234375,2461.76513671875,2522.0,2282.0
386.25,2381.417236328125,2460.8935546875,2460.8935546875,2460.8935546875,2459.482666015625,2460.184326171875,2460.258056640625,2456.919921875,2461.764892578125,2522.0,2282.0
386.5,2381.416259765625,2460.8935546875,2460.8935546875,2460.8935546875,2459.482666015625,2460.184326171875,2461.58740234375,2456.919921875,2463.09521484375,2522.0,2282.0
386.75,2381.415283203125,2460.8935546875,2460.8935546875,2462.223388671875,2459.482666015625,2460.184326171875,2460.258056640625,2456.919921875,2461.764892578125,2522.0,2282.0
387.0,2381.41796875,2460.8935546875,2460.8935546875,2460.8935546875,2459.482666015625,2461.513671875,2460.258056640625,2456.920654296875,2461.764892578125,2522.0,2282.0
387.25,2382.703369140625,2460.8935546875,2460.8935546875,2460.8935546875,2459.482666015625,2460.184326171875,2460.258056640625,2456.919677734375,2461.764892578125,2522.0,2282.0
387.5,2381.42578125,2460.8935546875,2460.8935546875,2460.8935546875,2460.811767578125,2460.184326171875,2460.258056640625,2456.919921875,2461.764892578125,2522.0,2282.0
387.75,2378.444580078125,2460.8935546875,2460.8935546875,2460.8935546875,2459.404052734375,2460.107421875,2460.2763671875,2456.2568359375,2461.330078125,2522.0,2282.0
388.0,2378.444091796875,2460.8935546875,2462.223388671875,2460.8935546875,2459.404052734375,2460.107177734375,2460.2763671875,2456.256591796875,2461.330078125,2522.0,2282.0
388.25,2378.44384765625,2460.8935546875,2460.8935546875,2460.8935546875,2459.404052734375,2460.107421875,2460.2763671875,2457.58544921875,2461.330322265625,2522.0,2282.0
388.5,2378.444091796875,2460.8935546875,2460.8935546875,2460.8935546875,2459.404052734375,2460.107177734375,2460.2763671875,2456.2568359375,2461.330078125,2522.0,2282.0
388.75,2378.444091796875,2460.8935546875,2460.8935546875,2460.8935546875,2459.404052734375,2460.107421875,2461.605712890625,2456.2568359375,2462.66015625,2522.0,2282.0
389.0,2378.444091796875,2460.8935546875,2460.8935546875,2462.223388671875,2459.404052734375,2460.107421875,2460.2763671875,2456.2568359375,2461.330078125,2522.0,2282.0
389.25,2378.4453125,2460.8935546875,2460.8935546875,2460.8935546875,2459.404052734375,2460.107421875,2460.276123046875,2456.255859375,2461.330078125,2522.0,2282.0
389.5,2378.464599609375,2462.223388671875,2460.8935546875,2460.8935546875,2459.404052734375,2460.107421875,2460.2763671875,2456.2568359375,2461.330078125,2522.0,2282.0
389.75,2378.94775390625,2460.8935546875,2460.8935546875,2460.8935546875,2460.796630859375,2460.13818359375,2460.181396484375,2456.183837890625,2461.3125,2522.0,2282.0
390.0,2377.661865234375,2460.8935546875,2460.8935546875,2460.8935546875,2459.467529296875,2460.13818359375,2460.181396484375,2456.18359375,2461.3125,2522.0,2282.0
390.25,2377.66259765625,2460.8935546875,2460.8935546875,2460.8935546875,2459.467529296875,2460.13818359375,2460.181396484375,2456.18505859375,2461.312744140625,2522.0,2282.0
390.5,2377.67138671875,2460.8935546875,2460.8935546875,2460.8935546875,2459.467529296875,2460.13818359375,2460.181396484375,2457.51220703125,2461.312744140625,2522.0,2282.0
390.75,2377.664794921875,2460.8935546875,2460.8935546875,2460.8935546875,2459.467529296875,2460.13818359375,2460.181396484375,2456.18359375,2461.3125,2522.0,2282.0
391.0,2377.662353515625,2460.8935546875,2460.8935546875,2460.8935546875,2459.467529296875,2460.13818359375,2461.510986328125,2456.183837890625,2462.642578125,2522.0,2282.0
391.25,2377.662109375,2460.8935546875,2460.8935546875,2462.223388671875,2459.467529296875,2460.13818359375,2460.181396484375,2456.183837890625,2461.3125,2522.0,2282.0
391.5,2377.662353515625,2460.8935546875,2460.8935546875,2460.8935546875,2459.467529296875,2460.13818359375,2460.181396484375,2456.182861328125,2461.312744140625,2522.0,2282.0
391.75,2379.1279296875,2462.223388671875,2460.8935546875,2460.8935546875,2459.59033203125,2460.100341796875,2460.143798828125,2456.264892578125,2461.282958984375,2522.0,2282.0
392.0,2380.41357421875,2460.8935546875,2460.8935546875,2460.8935546875,2460.91943359375,2460.100341796875,2460.143798828125,2456.2646484375,2461.282958984375,2522.0,2282.0
392.25,2379.128662109375,2460.8935546875,2460.8935546875,2460.8935546875,2459.59033203125,2460.100341796875,2460.143798828125,2456.264892578125,2461.282958984375,2522.0,2282.0
392.5,2379.12744140625,2460.8935546875,2460.8935546875,2460.8935546875,2459.59033203125,2460.100341796875,2460.143798828125,2456.26611328125,2461.283203125,2522.0,2282.0
392.75,2379.1259765625,2460.8935546875,2460.8935546875,2460.8935546875,2459.59033203125,2460.100341796875,2460.143798828125,2456.264892578125,2461.282958984375,2522.0,2282.0
393.0,2379.127685546875,2460.8935546875,2460.8935546875,2460.8935546875,2459.59033203125,2460.100341796875,2460.143798828125,2456.264892578125,2461.282958984375,2522.0,2282.0
393.25,2379.127685546875,2460.8935546875,2460.8935546875,2460.8935546875,2459.59033203125,2460.100341796875,2460.143798828125,2456.265869140625,2461.282958984375,2522.0,2282.0
393.5,2379.1298828125,2460.8935546875,2460.8935546875,2460.8935546875,2459.59033203125,2460.100341796875,2460.14404296875,2456.264892578125,2461.282958984375,2522.0,2282.0
393.75,2381.889404296875,2462.223388671875,2460.8935546875,2460.8935546875,2459.673828125,2460.18310546875,2460.31982421875,2456.32421875,2461.231689453125,2522.0,2282.0
394.0,2383.178466796875,2460.8935546875,2460.8935546875,2460.8935546875,2459.673828125,2460.18310546875,2460.31982421875,2456.32421875,2461.232177734375,2522.0,2282.0
394.25,2381.90087890625,2460.8935546875,2460.8935546875,2460.8935546875,2459.673828125,2460.18310546875,2460.31982421875,2456.32421875,2461.23193359375,2522.0,2282.0
394.5,2381.8955078125,2460.8935546875,2460.8935546875,2460.8935546875,2459.673583984375,2460.18310546875,2460.31982421875,2456.32421875,2461.232177734375,2522.0,2282.0
394.75,2381.885986328125,2460.8935546875,2460.8935546875,2460.8935546875,2459.673828125,2460.18310546875,2460.31982421875,2456.32568359375,2461.232421875,2522.0,2282.0
395.0,2381.888671875,2460.8935546875,2460.8935546875,2460.8935546875,2459.673828125,2460.18310546875,2460.31982421875,2456.32421875,2461.232177734375,2522.0,2282.0
395.25,2381.89013671875,2460.8935546875,2460.8935546875,2460.8935546875,2459.673828125,2460.18310546875,2460.31982421875,2456.32421875,2461.232177734375,2522.0,2282.0
395.5,2381.889892578125,2460.8935546875,2460.8935546875,2460.8935546875,2459.673583984375,2460.18310546875,2460.31982421875,2456.32421875,2461.23193359375,2522.0,2282.0
395.75,2382.693115234375,2460.8935546875,2460.8935546875,2460.8935546875,2459.682861328125,2460.16015625,2460.265869140625,2455.635009765625,2460.4970703125,2522.0,2282.0
396.0,2382.711181640625,2460.8935546875,2460.8935546875,2460.8935546875,2459.682861328125,2460.16015625,2460.26611328125,2455.634765625,2460.49755859375,2522.0,2282.0
396.25,2382.69970703125,2460.8935546875,2460.8935546875,2460.8935546875,2459.682861328125,2460.16015625,2460.265869140625,2455.634765625,2460.4970703125,2522.0,2282.0
396.5,2382.693115234375,2460.8935546875,2460.8935546875,2460.8935546875,2461.011962890625,2460.16015625,2460.265869140625,2455.634765625,2460.4970703125,2522.0,2282.0
396.75,2382.69140625,2460.8935546875,2462.223388671875,2460.8935546875,2459.682861328125,2460.16015625,2460.265869140625,2455.634765625,2460.4970703125,2522.0,2282.0
397.0,2382.6875,2460.8935546875,2460.8935546875,2460.8935546875,2459.682861328125,2460.16015625,2460.265869140625,2455.634765625,2460.497314453125,2522.0,2282.0
397.25,2382.690673828125,2460.8935546875,2460.8935546875,2460.8935546875,2459.682861328125,2460.16015625,2460.265869140625,2456.961669921875,2460.4970703125,2522.0,2282.0
397.5,2382.689697265625,2460.8935546875,2460.8935546875,2460.8935546875,2459.682861328125,2460.16015625,2460.265869140625,2455.634765625,2461.82666015625,2522.0,2282.0
397.75,2383.337158203125,2460.8935546875,2460.8935546875,2460.8935546875,2459.72021484375,2460.22900390625,2461.69482421875,2455.33349609375,2460.47412109375,2522.0,2282.0
398.0,2383.33935546875,2460.8935546875,2460.8935546875,2460.8935546875,2459.72021484375,2460.22900390625,2460.365234375,2455.333740234375,2460.47412109375,2522.0,2282.0
398.25,2383.351318359375,2460.8935546875,2460.8935546875,2460.8935546875,2459.72021484375,2461.558349609375,2460.365234375,2455.335205078125,2460.473876953125,2522.0,2282.0
398.5,2383.34814453125,2460.8935546875,2460.8935546875,2460.8935546875,2459.72021484375,2460.22900390625,2460.365234375,2455.333740234375,2460.47412109375,2522.0,2282.0
398.75,2383.34423828125,2460.8935546875,2462.223388671875,2460.8935546875,2459.72021484375,2460.228759765625,2460.365234375,2455.33349609375,2460.47412109375,2522.0,2282.0
399.0,2383.33935546875,2460.8935546875,2460.8935546875,2460.8935546875,2459.72021484375,2460.22900390625,2460.365234375,2455.333740234375,2460.47412109375,2522.0,2282.0
399.25,2383.336669921875,2460.8935546875,2460.8935546875,2460.8935546875,2459.72021484375,2460.22900390625,2460.365234375,2455.333740234375,2460.47412109375,2522.0,2282.0
399.5,2383.338134765625,2460.8935546875,2460.8935546875,2460.8935546875,2459.72021484375,2460.22900390625,2460.365234375,2455.33349609375,2460.47412109375,2522.0,2282.0
399.75,2389.618408203125,2460.8935546875,2460.8935546875,2460.8935546875,2459.923828125,2460.112548828125,2461.768798828125,2455.67236328125,2460.424560546875,2522.0,2282.0
400.0,2389.616943359375,2460.8935546875,2460.8935546875,2460.8935546875,2459.923828125,2460.112548828125,2461.768798828125,2455.67236328125,2460.424560546875,2522.0,2282.0
400.25,2389.62548828125,2460.8935546875,2460.8935546875,2460.8935546875,2459.923828125,2460.112548828125,2460.439208984375,2455.67236328125,2460.424560546875,2522.0,2282.0
400.5,2389.641357421875,2462.223388671875,2460.8935546875,2460.8935546875,2459.923828125,2460.112548828125,2460.439208984375,2455.67236328125,2460.42431640625,2522.0,2282.0
400.75,2389.614990234375,2460.8935546875,2460.8935546875,2460.8935546875,2459.923828125,2460.112548828125,2460.439208984375,2455.67236328125,2460.424560546875,2522.0,2282.0
401.0,2389.611083984375,2460.8935546875,2460.8935546875,2460.8935546875,2459.923828125,2460.112548828125,2460.439208984375,2455.67236328125,2460.424560546875,2522.0,2282.0
401.25,2389.613037109375,2460.8935546875,2460.8935546875,2460.8935546875,2459.923828125,2460.112548828125,2460.439208984375,2455.67236328125,2460.4248046875,2522.0,2282.0
401.5,2389.6142578125,2460.8935546875,2460.8935546875,2460.8935546875,2459.923828125,2460.112548828125,2460.439208984375,2457.00048828125,2460.4248046875,2522.0,2282.0
401.75,2391.16259765625,2460.8935546875,2460.8935546875,2460.8935546875,2460.02587890625,2460.18115234375,2460.47509765625,2455.88623046875,2460.361572265625,2522.0,2282.0
402.0,2391.165283203125,2460.8935546875,2460.8935546875,2460.8935546875,2460.02587890625,2460.18115234375,2461.8046875,2455.885986328125,2460.361572265625,2522.0,2282.0
402.25,2391.16259765625,2460.8935546875,2460.8935546875,2462.223388671875,2460.02587890625,2460.18115234375,2460.47509765625,2455.8876953125,2460.361572265625,2522.0,2282.0
402.5,2392.4658203125,2462.223388671875,2460.8935546875,2460.8935546875,2460.02587890625,2460.18115234375,2460.47509765625,2455.88623046875,2460.361572265625,2522.0,2282.0
402.75,2391.1630859375,2462.223388671875,2460.8935546875,2460.8935546875,2460.02587890625,2460.18115234375,2460.47509765625,2455.88623046875,2460.361572265625,2522.0,2282.0
403.0,2391.16357421875,2460.8935546875,2460.8935546875,2460.8935546875,2460.02587890625,2460.18115234375,2460.47509765625,2455.88623046875,2460.361572265625,2522.0,2282.0
403.25,2391.157470703125,2460.8935546875,2462.223388671875,2460.8935546875,2460.02587890625,2460.18115234375,2460.47509765625,2455.88623046875,2460.361572265625,2522.0,2282.0
403.5,2391.161865234375,2460.8935546875,2460.8935546875,2460.8935546875,2460.02587890625,2460.18115234375,2460.47509765625,2455.88720703125,2460.36181640625,2522.0,2282.0
403.75,2453.611328125,2460.8935546875,2460.8935546875,2460.8935546875,2460.91064453125,2460.874755859375,2460.829345703125,2460.8935546875,2460.8935546875,2522.0,2282.0
404.0,2453.611328125,2460.8935546875,2460.8935546875,2460.8935546875,2460.91064453125,2460.874755859375,2460.829345703125,2460.8935546875,2460.8935546875,2522.0,2282.0
404.25,2453.611328125,2460.8935546875,2460.8935546875,2460.8935546875,2460.91064453125,2460.874755859375,2460.829345703125,2460.8935546875,2460.8935546875,2522.0,2282.0
404.5,2453.611328125,2460.8935546875,2460.8935546875,2462.223388671875,2460.91064453125,2460.874755859375,2462.1591796875,2460.8935546875,2462.223388671875,2522.0,2282.0
404.75,2453.611328125,2462.223388671875,2460.8935546875,2460.8935546875,2460.91064453125,2460.874755859375,2460.829345703125,2462.223388671875,2460.8935546875,2522.0,2282.0
405.0,2453.611328125,2462.223388671875,2460.8935546875,2460.8935546875,2460.91064453125,2462.20458984375,2460.829345703125,2462.223388671875,2460.8935546875,2522.0,2282.0
405.25,2453.611328125,2460.8935546875,2460.8935546875,2460.8935546875,2460.91064453125,2460.874755859375,2460.829345703125,2460.8935546875,2460.8935546875,2522.0,2282.0
405.5,2453.611328125,2460.8935546875,2462.223388671875,2460.8935546875,2462.240478515625,2460.874755859375,2460.829345703125,2460.8935546875,2460.8935546875,2522.0,2282.0
405.75,2453.611328125,2460.8935546875,2460.8935546875,2460.8935546875,2460.91064453125,2460.874755859375,2460.829345703125,2460.8935546875,2460.8935546875,2522.0,2282.0
406.0,2453.611328125,2460.8935546875,2460.8935546875,2460.8935546875,2460.91064453125,2460.874755859375,2460.829345703125,2460.8935546875,2460.8935546875,2522.0,2282.0
406.25,2453.611328125,2460.8935546875,2460.8935546875,2460.8935546875,2460.91064453125,2460.874755859375,2460.829345703125,2460.8935546875,2460.8935546875,2522.0,2282.0
406.5,2453.611328125,2460.8935546875,2460.8935546875,2460.8935546875,2460.91064453125,2460.874755859375,2460.829345703125,2460.8935546875,2460.8935546875,2522.0,2282.0
406.75,2453.611328125,2460.8935546875,2460.8935546875,2462.223388671875,2460.91064453125,2460.874755859375,2462.158935546875,2460.8935546875,2462.223388671875,2522.0,2282.0
407.0,2453.611328125,2462.223388671875,2460.8935546875,2460.8935546875,2460.91064453125,2460.874755859375,2460.829345703125,2462.223388671875,2460.8935546875,2522.0,2282.0
407.25,2453.611328125,2462.223388671875,2460.8935546875,2460.8935546875,2460.91064453125,2462.20458984375,2460.8291015625,2462.223388671875,2460.8935546875,2522.0,2282.0
407.5,2453.611328125,2460.8935546875,2460.8935546875,2460.8935546875,2460.91064453125,2460.874755859375,2460.829345703125,2460.8935546875,2460.8935546875,2522.0,2282.0
407.75,2453.611328125,2460.8935546875,2462.223388671875,2460.8935546875,2462.240478515625,2460.874755859375,2460.8291015625,2460.8935546875,2460.8935546875,2522.0,2282.0
408.0,2453.611328125,2460.8935546875,2462.223388671875,2460.8935546875,2462.240478515625,2460.874755859375,2460.829345703125,2460.8935546875,2460.8935546875,2522.0,2282.0
408.25,2453.611328125,2460.8935546875,2460.8935546875,2460.8935546875,2460.91064453125,2460.874755859375,2460.8291015625,2460.8935546875,2460.8935546875,2522.0,2282.0
408.5,2453.611328125,2460.8935546875,2460.8935546875,2460.8935546875,2460.91064453125,2460.874755859375,2460.829345703125,2460.8935546875,2460.8935546875,2522.0,2282.0
408.75,2453.611328125,2460.8935546875,2460.8935546875,2462.223388671875,2460.91064453125,2460.875,2460.8291015625,2460.8935546875,2462.223388671875,2522.0,2282.0
409.0,2453.611328125,2460.8935546875,2460.8935546875,2462.223388671875,2460.91064453125,2460.874755859375,2462.1591796875,2460.8935546875,2462.223388671875,2522.0,2282.0
409.25,2453.611328125,2462.223388671875,2460.8935546875,2460.8935546875,2460.91064453125,2460.875,2460.829345703125,2462.223388671875,2460.8935546875,2522.0,2282.0
409.5,2453.611328125,2462.223388671875,2460.8935546875,2460.8935546875,2460.91064453125,2462.20458984375,2460.829345703125,2462.223388671875,2460.8935546875,2522.0,2282.0
409.75,2453.611328125,2460.8935546875,2460.8935546875,2460.8935546875,2460.91064453125,2460.874755859375,2460.829345703125,2460.8935546875,2460.8935546875,2522.0,2282.0
410.0,2453.611328125,2460.8935546875,2460.8935546875,2460.8935546875,2460.91064453125,2460.874755859375,2460.829345703125,2460.8935546875,2460.8935546875,2522.0,2282.0
410.25,2453.611328125,2460.8935546875,2460.8935546875,2460.8935546875,2460.91064453125,2460.874755859375,2460.829345703125,2460.8935546875,2460.8935546875,2522.0,2282.0
410.5,2453.611328125,2460.8935546875,2460.8935546875,2460.8935546875,2460.91064453125,2460.874755859375,2460.829345703125,2460.8935546875,2460.8935546875,2522.0,2282.0
410.75,2453.611328125,2460.8935546875,2460.8935546875,2460.8935546875,2460.91064453125,2460.874755859375,2460.829345703125,2460.8935546875,2460.8935546875,2522.0,2282.0
411.0,2453.611328125,2460.8935546875,2460.8935546875,2460.8935546875,2460.91064453125,2460.874755859375,2460.829345703125,2460.8935546875,2460.8935546875,2522.0,2282.0
411.25,2453.611328125,2460.8935546875,2460.8935546875,2460.8935546875,2460.91064453125,2460.874755859375,2460.829345703125,2460.8935546875,2460.8935546875,2522.0,2282.0
411.5,2453.611328125,2460.8935546875,2460.8935546875,2460.8935546875,2460.91064453125,2460.874755859375,2460.829345703125,2460.8935546875,2460.8935546875,2522.0,2282.0
411.75,2453.611328125,2460.8935546875,2460.8935546875,2460.8935546875,2460.91064453125,2460.874755859375,2460.829345703125,2460.8935546875,2460.8935546875,2522.0,2282.0
412.0,2453.611328125,2460.8935546875,2460.8935546875,2460.8935546875,2460.91064453125,2460.874755859375,2460.829345703125,2460.8935546875,2460.8935546875,2522.0,2282.0
412.25,2454.937255859375,2460.8935546875,2462.223388671875,2460.8935546875,2462.240478515625,2460.874755859375,2460.829345703125,2460.8935546875,2460.8935546875,2522.0,2282.0
412.5,2453.611328125,2460.8935546875,2460.8935546875,2460.8935546875,2460.91064453125,2460.874755859375,2460.829345703125,2460.8935546875,2460.8935546875,2522.0,2282.0
412.75,2453.611328125,2460.8935546875,2460.8935546875,2460.8935546875,2460.91064453125,2460.874755859375,2460.829345703125,2460.8935546875,2460.8935546875,2522.0,2282.0
413.0,2453.611328125,2460.8935546875,2460.8935546875,2460.8935546875,2460.91064453125,2460.874755859375,2460.829345703125,2460.8935546875,2460.8935546875,2522.0,2282.0
413.25,2453.611328125,2460.8935546875,2460.8935546875,2460.8935546875,2460.91064453125,2460.874755859375,2460.829345703125,2460.8935546875,2460.8935546875,2522.0,2282.0
413.5,2453.611328125,2460.8935546875,2460.8935546875,2462.223388671875,2460.91064453125,2460.874755859375,2462.1591796875,2460.8935546875,2462.223388671875,2522.0,2282.0
413.75,2453.611328125,2460.8935546875,2460.8935546875,2460.8935546875,2460.91064453125,2460.874755859375,2460.829345703125,2460.8935546875,2460.8935546875,2522.0,2282.0
414.0,2453.611328125,2462.223388671875,2460.8935546875,2460.8935546875,2460.91064453125,2462.20458984375,2460.8291015625,2462.223388671875,2460.8935546875,2522.0,2282.0
414.25,2453.611328125,2460.8935546875,2460.8935546875,2460.8935546875,2460.91064453125,2460.874755859375,2460.829345703125,2460.8935546875,2460.8935546875,2522.0,2282.0
414.5,2453.611328125,2460.8935546875,2462.223388671875,2460.8935546875,2462.240478515625,2460.874755859375,2460.8291015625,2460.8935546875,2460.8935546875,2522.0,2282.0
414.75,2453.611328125,2460.8935546875,2460.8935546875,2460.8935546875,2460.91064453125,2460.874755859375,2460.829345703125,2460.8935546875,2460.8935546875,2522.0,2282.0
415.0,2453.611328125,2460.8935546875,2460.8935546875,2460.8935546875,2460.91064453125,2460.874755859375,2460.829345703125,2460.8935546875,2460.8935546875,2522.0,2282.0
415.25,2453.611328125,2460.8935546875,2460.8935546875,2460.8935546875,2460.91064453125,2460.874755859375,2460.829345703125,2460.8935546875,2460.8935546875,2522.0,2282.0
415.5,2453.611328125,2460.8935546875,2460.8935546875,2460.8935546875,2460.91064453125,2460.874755859375,2460.829345703125,2460.8935546875,2460.8935546875,2522.0,2282.0
415.75,2453.611328125,2460.8935546875,2460.8935546875,2462.223388671875,2460.91064453125,2460.874755859375,2462.1591796875,2460.8935546875,2462.223388671875,2522.0,2282.0
416.0,2453.611328125,2460.8935546875,2460.8935546875,2460.8935546875,2460.91064453125,2460.874755859375,2460.829345703125,2460.8935546875,2460.8935546875,2522.0,2282.0
416.25,2453.611328125,2460.8935546875,2460.8935546875,2460.8935546875,2460.91064453125,2460.874755859375,2460.829345703125,2460.8935546875,2460.8935546875,2522.0,2282.0
416.5,2453.611328125,2460.8935546875,2460.8935546875,2460.8935546875,2460.91064453125,2460.874755859375,2460.8291015625,2460.8935546875,2460.8935546875,2522.0,2282.0
416.75,2454.937255859375,2460.8935546875,2462.223388671875,2460.8935546875,2460.91064453125,2460.874755859375,2460.829345703125,2460.8935546875,2460.8935546875,2522.0,2282.0
417.0,2453.611328125,2460.8935546875,2460.8935546875,2460.8935546875,2460.91064453125,2460.874755859375,2460.8291015625,2460.8935546875,2460.8935546875,2522.0,2282.0
417.25,2453.611328125,2460.8935546875,2460.8935546875,2460.8935546875,2460.91064453125,2460.874755859375,2460.829345703125,2460.8935546875,2460.8935546875,2522.0,2282.0
417.5,2453.611328125,2460.8935546875,2460.8935546875,2460.8935546875,2460.91064453125,2460.875,2460.829345703125,2460.8935546875,2460.8935546875,2522.0,2282.0
417.75,2453.611328125,2460.8935546875,2460.8935546875,2460.8935546875,2460.91064453125,2460.874755859375,2460.829345703125,2460.8935546875,2460.8935546875,2522.0,2282.0
418.0,2453.611328125,2460.8935546875,2460.8935546875,2462.223388671875,2460.91064453125,2460.874755859375,2462.158935546875,2460.8935546875,2462.223388671875,2522.0,2282.0
418.25,2453.611328125,2462.223388671875,2460.8935546875,2460.8935546875,2460.91064453125,2460.874755859375,2460.829345703125,2462.223388671875,2460.8935546875,2522.0,2282.0
418.5,2453.611328125,2460.8935546875,2460.8935546875,2460.8935546875,2460.91064453125,2460.874755859375,2460.829345703125,2460.8935546875,2460.8935546875,2522.0,2282.0
418.75,2453.611328125,2460.8935546875,2460.8935546875,2460.8935546875,2460.91064453125,2460.874755859375,2460.829345703125,2460.8935546875,2460.8935546875,2522.0,2282.0
419.0,2453.611328125,2460.8935546875,2462.223388671875,2460.8935546875,2460.91064453125,2460.874755859375,2460.829345703125,2460.8935546875,2460.8935546875,2522.0,2282.0
419.25,2453.611328125,2460.8935546875,2460.8935546875,2460.8935546875,2460.91064453125,2460.874755859375,2460.829345703125,2460.8935546875,2460.8935546875,2522.0,2282.0
419.5,2453.611328125,2460.8935546875,2460.8935546875,2460.8935546875,2460.91064453125,2460.874755859375,2460.829345703125,2460.8935546875,2460.8935546875,2522.0,2282.0
419.75,2453.611328125,2460.8935546875,2460.8935546875,2460.8935546875,2460.91064453125,2460.874755859375,2460.829345703125,2460.8935546875,2460.8935546875,2522.0,2282.0
420.0,2453.611328125,2460.8935546875,2460.8935546875,2460.8935546875,2460.91064453125,2460.874755859375,2460.829345703125,2460.8935546875,2460.8935546875,2522.0,2282.0
420.25,2453.611328125,2460.8935546875,2460.8935546875,2462.223388671875,2460.91064453125,2460.874755859375,2462.1591796875,2460.8935546875,2462.223388671875,2522.0,2282.0
420.5,2453.611328125,2460.8935546875,2460.8935546875,2460.8935546875,2460.91064453125,2460.874755859375,2460.829345703125,2460.8935546875,2460.8935546875,2522.0,2282.0
420.75,2453.611328125,2462.223388671875,2460.8935546875,2460.8935546875,2460.91064453125,2462.20458984375,2460.829345703125,2462.223388671875,2460.8935546875,2522.0,2282.0
421.0,2453.611328125,2460.8935546875,2460.8935546875,2460.8935546875,2460.91064453125,2460.874755859375,2460.829345703125,2460.8935546875,2460.8935546875,2522.0,2282.0
421.25,2454.937255859375,2460.8935546875,2462.223388671875,2460.8935546875,2460.91064453125,2460.874755859375,2460.829345703125,2460.8935546875,2460.8935546875,2522.0,2282.0
421.5,2453.611328125,2460.8935546875,2462.223388671875,2460.8935546875,2462.240478515625,2460.874755859375,2460.829345703125,2460.8935546875,2460.8935546875,2522.0,2282.0
421.75,2453.611328125,2460.8935546875,2460.8935546875,2460.8935546875,2460.91064453125,2460.874755859375,2460.829345703125,2460.8935546875,2460.8935546875,2522.0,2282.0
422.0,2453.611328125,2460.8935546875,2460.8935546875,2460.8935546875,2460.91064453125,2460.874755859375,2460.829345703125,2460.8935546875,2460.8935546875,2522.0,2282.0
422.25,2453.611328125,2460.8935546875,2460.8935546875,2460.8935546875,2460.91064453125,2460.874755859375,2460.829345703125,2460.8935546875,2460.8935546875,2522.0,2282.0
422.5,2453.611328125,2460.893310546875,2460.8935546875,2460.8935546875,2460.91064453125,2460.874755859375,2460.829345703125,2460.893310546875,2460.8935546875,2522.0,2282.0
422.75,2453.611328125,2460.8935546875,2460.8935546875,2460.8935546875,2460.91064453125,2460.874755859375,2460.829345703125,2460.8935546875,2460.8935546875,2522.0,2282.0
423.0,2453.611328125,2462.223388671875,2460.8935546875,2460.8935546875,2460.91064453125,2462.20458984375,2460.829345703125,2462.223388671875,2460.8935546875,2522.0,2282.0
423.25,2453.611328125,2460.8935546875,2460.8935546875,2460.8935546875,2460.91064453125,2460.874755859375,2460.829345703125,2460.8935546875,2460.8935546875,2522.0,2282.0
423.5,2453.611328125,2460.8935546875,2460.8935546875,2460.8935546875,2460.91064453125,2460.874755859375,2460.829345703125,2460.8935546875,2460.8935546875,2522.0,2282.0
423.75,2453.611328125,2460.8935546875,2460.8935546875,2460.8935546875,2460.91064453125,2460.874755859375,2460.8291015625,2460.8935546875,2460.8935546875,2522.0,2282.0
424.0,2453.611328125,2460.8935546875,2460.893310546875,2460.8935546875,2460.91064453125,2460.874755859375,2460.829345703125,2460.8935546875,2460.8935546875,2522.0,2282.0
424.25,2453.611328125,2460.8935546875,2460.8935546875,2460.8935546875,2460.91064453125,2460.874755859375,2460.8291015625,2460.8935546875,2460.8935546875,2522.0,2282.0
424.5,2453.611328125,2460.8935546875,2460.8935546875,2460.8935546875,2460.91064453125,2460.874755859375,2460.829345703125,2460.8935546875,2460.8935546875,2522.0,2282.0
424.75,2453.611328125,2460.8935546875,2460.8935546875,2462.223388671875,2460.91064453125,2460.874755859375,2462.158935546875,2460.8935546875,2462.223388671875,2522.0,2282.0
425.0,2453.611328125,2462.223388671875,2460.8935546875,2460.8935546875,2460.91064453125,2460.874755859375,2460.829345703125,2462.223388671875,2460.8935546875,2522.0,2282.0
425.25,2453.611328125,2462.223388671875,2460.8935546875,2460.8935546875,2460.91064453125,2462.20458984375,2460.829345703125,2462.223388671875,2460.8935546875,2522.0,2282.0
425.5,2453.611328125,2460.8935546875,2460.8935546875,2460.8935546875,2460.91064453125,2460.874755859375,2460.829345703125,2460.8935546875,2460.8935546875,2522.0,2282.0
425.75,2453.611328125,2460.8935546875,2462.223388671875,2460.8935546875,2460.91064453125,2460.875,2460.829345703125,2460.8935546875,2460.8935546875,2522.0,2282.0
426.0,2453.611328125,2460.8935546875,2462.223388671875,2460.8935546875,2462.240478515625,2460.874755859375,2460.829345703125,2460.8935546875,2460.8935546875,2522.0,2282.0
426.25,2453.611328125,2460.8935546875,2460.8935546875,2460.8935546875,2460.91064453125,2460.874755859375,2460.829345703125,2460.8935546875,2460.8935546875,2522.0,2282.0
426.5,2453.611328125,2460.8935546875,2460.8935546875,2460.8935546875,2460.91064453125,2460.874755859375,2460.829345703125,2460.8935546875,2460.8935546875,2522.0,2282.0
426.75,2453.611328125,2460.8935546875,2460.8935546875,2462.223388671875,2460.91064453125,2460.874755859375,2460.829345703125,2460.8935546875,2462.223388671875,2522.0,2282.0
427.0,2453.611328125,2460.8935546875,2460.8935546875,2460.8935546875,2460.91064453125,2460.874755859375,2460.829345703125,2460.8935546875,2460.8935546875,2522.0,2282.0
427.25,2453.611328125,2462.223388671875,2460.8935546875,2460.8935546875,2460.91064453125,2460.874755859375,2460.829345703125,2462.223388671875,2460.8935546875,2522.0,2282.0
427.5,2453.611328125,2462.223388671875,2460.8935546875,2460.8935546875,2460.91064453125,2462.20458984375,2460.829345703125,2462.223388671875,2460.8935546875,2522.0,2282.0
427.75,2453.611328125,2460.8935546875,2460.8935546875,2460.8935546875,2460.91064453125,2460.874755859375,2460.829345703125,2460.8935546875,2460.8935546875,2522.0,2282.0
428.0,2453.611328125,2460.8935546875,2460.8935546875,2460.8935546875,2460.91064453125,2460.874755859375,2460.829345703125,2460.8935546875,2460.8935546875,2522.0,2282.0
428.25,2453.611328125,2460.8935546875,2460.8935546875,2460.8935546875,2460.91064453125,2460.874755859375,2460.829345703125,2460.8935546875,2460.8935546875,2522.0,2282.0
428.5,2453.611328125,2460.8935546875,2460.8935546875,2460.8935546875,2460.91064453125,2460.874755859375,2460.829345703125,2460.8935546875,2460.8935546875,2522.0,2282.0
428.75,2453.611328125,2460.8935546875,2460.8935546875,2460.8935546875,2460.91064453125,2460.874755859375,2460.829345703125,2460.8935546875,2460.8935546875,2522.0,2282.0
429.0,2453.611328125,2460.8935546875,2460.8935546875,2460.8935546875,2460.91064453125,2460.874755859375,2460.829345703125,2460.8935546875,2460.8935546875,2522.0,2282.0
429.25,2453.611328125,2460.8935546875,2460.8935546875,2462.223388671875,2460.91064453125,2460.874755859375,2462.1591796875,2460.8935546875,2462.223388671875,2522.0,2282.0
429.5,2453.611328125,2462.223388671875,2460.8935546875,2460.8935546875,2460.91064453125,2460.874755859375,2460.829345703125,2462.223388671875,2460.8935546875,2522.0,2282.0
429.75,2453.611328125,2460.8935546875,2460.8935546875,2460.8935546875,2460.91064453125,2460.874755859375,2460.829345703125,2460.8935546875,2460.8935546875,2522.0,2282.0
430.0,2453.611328125,2460.8935546875,2460.8935546875,2460.8935546875,2460.91064453125,2460.874755859375,2460.829345703125,2460.8935546875,2460.8935546875,2522.0,2282.0
430.25,2453.611328125,2460.8935546875,2462.223388671875,2460.8935546875,2460.91064453125,2460.874755859375,2460.829345703125,2460.8935546875,2460.8935546875,2522.0,2282.0
430.5,2453.611328125,2460.8935546875,2460.8935546875,2460.8935546875,2460.91064453125,2460.874755859375,2460.829345703125,2460.8935546875,2460.8935546875,2522.0,2282.0
430.75,2453.611328125,2460.8935546875,2460.8935546875,2460.8935546875,2460.91064453125,2460.874755859375,2460.829345703125,2460.8935546875,2460.8935546875,2522.0,2282.0
431.0,2453.611328125,2460.8935546875,2460.8935546875,2460.8935546875,2460.91064453125,2460.874755859375,2460.8291015625,2460.8935546875,2460.8935546875,2522.0,2282.0
431.25,2453.611328125,2460.8935546875,2460.8935546875,2460.8935546875,2460.91064453125,2460.874755859375,2460.829345703125,2460.8935546875,2460.8935546875,2522.0,2282.0
431.5,2453.611328125,2460.8935546875,2460.8935546875,2462.223388671875,2460.91064453125,2460.874755859375,2462.158935546875,2460.8935546875,2462.223388671875,2522.0,2282.0
431.75,2453.611328125,2460.8935546875,2460.8935546875,2460.8935546875,2460.91064453125,2460.874755859375,2460.829345703125,2460.8935546875,2460.8935546875,2522.0,2282.0
432.0,2453.611328125,2462.223388671875,2460.8935546875,2460.8935546875,2460.91064453125,2462.204833984375,2460.8291015625,2462.223388671875,2460.8935546875,2522.0,2282.0
432.25,2453.611328125,2460.8935546875,2460.8935546875,2460.8935546875,2460.91064453125,2460.874755859375,2460.829345703125,2460.8935546875,2460.8935546875,2522.0,2282.0
432.5,2453.611328125,2460.8935546875,2462.223388671875,2460.8935546875,2460.91064453125,2460.874755859375,2460.8291015625,2460.8935546875,2460.8935546875,2522.0,2282.0
432.75,2453.611328125,2460.8935546875,2460.8935546875,2460.8935546875,2460.91064453125,2460.874755859375,2460.829345703125,2460.8935546875,2460.8935546875,2522.0,2282.0
433.0,2453.611328125,2460.8935546875,2460.8935546875,2460.8935546875,2460.91064453125,2460.874755859375,2460.8291015625,2460.8935546875,2460.8935546875,2522.0,2282.0
433.25,2453.611328125,2460.8935546875,2460.8935546875,2460.8935546875,2460.91064453125,2460.874755859375,2460.829345703125,2460.8935546875,2460.8935546875,2522.0,2282.0
433.5,2453.611328125,2460.8935546875,2460.8935546875,2460.8935546875,2460.91064453125,2460.875,2460.8291015625,2460.8935546875,2460.8935546875,2522.0,2282.0
433.75,2453.611328125,2460.8935546875,2460.8935546875,2462.223388671875,2460.91064453125,2460.874755859375,2462.1591796875,2460.8935546875,2462.223388671875,2522.0,2282.0
434.0,2453.611328125,2462.223388671875,2460.8935546875,2460.8935546875,2460.91064453125,2460.875,2460.829345703125,2462.223388671875,2460.8935546875,2522.0,2282.0
434.25,2453.611328125,2462.223388671875,2460.8935546875,2460.8935546875,2460.91064453125,2462.20458984375,2460.829345703125,2462.223388671875,2460.8935546875,2522.0,2282.0
434.5,2453.611328125,2460.8935546875,2460.8935546875,2460.8935546875,2460.91064453125,2460.874755859375,2460.829345703125,2460.8935546875,2460.8935546875,2522.0,2282.0
434.75,2453.611328125,2460.8935546875,2462.223388671875,2460.8935546875,2460.91064453125,2460.874755859375,2460.829345703125,2460.8935546875,2460.8935546875,2522.0,2282.0
435.0,2453.611328125,2460.8935546875,2460.8935546875,2460.8935546875,2460.91064453125,2460.874755859375,2460.829345703125,2460.8935546875,2460.8935546875,2522.0,2282.0
435.25,2453.611328125,2460.8935546875,2460.8935546875,2460.8935546875,2460.91064453125,2460.874755859375,2460.829345703125,2460.8935546875,2460.8935546875,2522.0,2282.0
435.5,2453.611328125,2460.8935546875,2460.8935546875,2460.8935546875,2460.91064453125,2460.874755859375,2460.829345703125,2460.8935546875,2460.8935546875,2522.0,2282.0
435.75,2453.611328125,2460.8935546875,2460.8935546875,2460.8935546875,2460.91064453125,2460.874755859375,2460.829345703125,2460.8935546875,2460.8935546875,2522.0,2282.0
436.0,2453.611328125,2460.8935546875,2460.8935546875,2462.223388671875,2460.91064453125,2460.874755859375,2462.1591796875,2460.8935546875,2462.223388671875,2522.0,2282.0
436.25,2453.611328125,2460.8935546875,2460.8935546875,2460.8935546875,2460.91064453125,2460.874755859375,2460.829345703125,2460.8935546875,2460.8935546875,2522.0,2282.0
436.5,2453.611328125,2462.223388671875,2460.8935546875,2460.8935546875,2460.91064453125,2462.20458984375,2460.829345703125,2462.223388671875,2460.8935546875,2522.0,2282.0
436.75,2453.611328125,2460.8935546875,2460.8935546875,2460.8935546875,2460.91064453125,2460.874755859375,2460.829345703125,2460.8935546875,2460.8935546875,2522.0,2282.0
437.0,2453.611328125,2460.8935546875,2460.8935546875,2460.8935546875,2460.91064453125,2460.874755859375,2460.829345703125,2460.8935546875,2460.8935546875,2522.0,2282.0
437.25,2453.611328125,2460.8935546875,2460.8935546875,2460.8935546875,2460.91064453125,2460.874755859375,2460.829345703125,2460.8935546875,2460.8935546875,2522.0,2282.0
437.5,2453.611328125,2460.8935546875,2460.8935546875,2462.223388671875,2460.91064453125,2460.874755859375,2462.1591796875,2460.8935546875,2462.223388671875,2522.0,2282.0
437.75,2453.611328125,2460.8935546875,2460.8935546875,2460.8935546875,2460.91064453125,2460.874755859375,2460.829345703125,2460.8935546875,2460.8935546875,2522.0,2282.0
438.0,2453.611328125,2462.223388671875,2460.8935546875,2460.8935546875,2460.91064453125,2462.20458984375,2460.829345703125,2462.223388671875,2460.8935546875,2522.0,2282.0
438.25,2453.611328125,2460.8935546875,2460.8935546875,2460.8935546875,2460.91064453125,2460.874755859375,2460.829345703125,2460.8935546875,2460.8935546875,2522.0,2282.0
438.5,2453.611328125,2460.8935546875,2460.8935546875,2460.8935546875,2460.91064453125,2460.874755859375,2460.829345703125,2460.8935546875,2460.8935546875,2522.0,2282.0
438.75,2453.611328125,2460.8935546875,2460.8935546875,2460.8935546875,2460.91064453125,2460.874755859375,2460.829345703125,2460.8935546875,2460.8935546875,2522.0,2282.0
439.0,2453.611328125,2460.8935546875,2460.8935546875,2460.8935546875,2460.91064453125,2460.874755859375,2460.829345703125,2460.8935546875,2460.8935546875,2522.0,2282.0
439.25,2453.611328125,2460.8935546875,2460.8935546875,2460.8935546875,2460.91064453125,2460.874755859375,2460.829345703125,2460.8935546875,2460.8935546875,2522.0,2282.0
439.5,2453.611328125,2460.8935546875,2460.8935546875,2460.8935546875,2460.91064453125,2460.874755859375,2460.8291015625,2460.8935546875,2460.8935546875,2522.0,2282.0
439.75,2453.611328125,2460.8935546875,2460.8935546875,2462.223388671875,2460.91064453125,2460.874755859375,2462.1591796875,2460.8935546875,2462.223388671875,2522.0,2282.0
440.0,2453.611328125,2460.8935546875,2460.8935546875,2460.8935546875,2460.91064453125,2460.875,2460.8291015625,2460.8935546875,2460.8935546875,2522.0,2282.0
440.25,2453.611328125,2462.223388671875,2460.8935546875,2460.8935546875,2460.91064453125,2462.20458984375,2460.829345703125,2462.223388671875,2460.8935546875,2522.0,2282.0
440.5,2453.611328125,2460.8935546875,2460.8935546875,2460.8935546875,2460.91064453125,2460.875,2460.8291015625,2460.8935546875,2460.8935546875,2522.0,2282.0
440.75,2453.611328125,2460.8935546875,2460.8935546875,2460.8935546875,2460.91064453125,2460.874755859375,2460.829345703125,2460.8935546875,2460.8935546875,2522.0,2282.0
441.0,2453.611328125,2460.8935546875,2462.223388671875,2460.8935546875,2462.240478515625,2460.874755859375,2460.8291015625,2460.8935546875,2460.8935546875,2522.0,2282.0
441.25,2453.611328125,2460.8935546875,2460.8935546875,2460.8935546875,2460.91064453125,2460.874755859375,2460.829345703125,2460.8935546875,2460.8935546875,2522.0,2282.0
441.5,2453.611328125,2460.8935546875,2460.8935546875,2460.8935546875,2460.91064453125,2460.874755859375,2460.829345703125,2460.8935546875,2460.8935546875,2522.0,2282.0
441.75,2453.611328125,2460.8935546875,2460.8935546875,2460.8935546875,2460.91064453125,2460.874755859375,2460.829345703125,2460.8935546875,2460.8935546875,2522.0,2282.0
442.0,2453.611328125,2460.8935546875,2460.8935546875,2462.223388671875,2460.91064453125,2460.874755859375,2462.1591796875,2460.8935546875,2462.223388671875,2522.0,2282.0
442.25,2453.611328125,2460.8935546875,2460.8935546875,2460.8935546875,2460.91064453125,2460.874755859375,2460.829345703125,2460.8935546875,2460.8935546875,2522.0,2282.0
442.5,2453.611328125,2462.223388671875,2460.8935546875,2460.8935546875,2460.91064453125,2462.20458984375,2460.829345703125,2462.223388671875,2460.8935546875,2522.0,2282.0
442.75,2453.611328125,2460.8935546875,2460.8935546875,2460.8935546875,2460.91064453125,2460.874755859375,2460.829345703125,2460.8935546875,2460.8935546875,2522.0,2282.0
443.0,2453.611328125,2460.8935546875,2460.8935546875,2460.8935546875,2460.91064453125,2460.874755859375,2460.829345703125,2460.8935546875,2460.8935546875,2522.0,2282.0
443.25,2453.611328125,2460.8935546875,2462.223388671875,2460.8935546875,2462.240478515625,2460.874755859375,2460.829345703125,2460.8935546875,2460.8935546875,2522.0,2282.0
443.5,2453.611328125,2460.8935546875,2460.8935546875,2460.8935546875,2460.91064453125,2460.874755859375,2460.829345703125,2460.8935546875,2460.8935546875,2522.0,2282.0
443.75,2453.611328125,2460.8935546875,2460.8935546875,2460.8935546875,2460.91064453125,2460.874755859375,2460.829345703125,2460.8935546875,2460.8935546875,2522.0,2282.0
444.0,2453.611328125,2460.8935546875,2460.8935546875,2460.8935546875,2460.91064453125,2460.874755859375,2460.829345703125,2460.8935546875,2460.8935546875,2522.0,2282.0
444.25,2453.611328125,2460.8935546875,2460.8935546875,2462.223388671875,2460.91064453125,2460.874755859375,2462.1591796875,2460.8935546875,2462.223388671875,2522.0,2282.0
444.5,2453.611328125,2460.8935546875,2460.8935546875,2460.8935546875,2460.91064453125,2460.874755859375,2460.829345703125,2460.8935546875,2460.8935546875,2522.0,2282.0
444.75,2453.611328125,2462.223388671875,2460.8935546875,2460.8935546875,2460.91064453125,2462.20458984375,2460.829345703125,2462.223388671875,2460.8935546875,2522.0,2282.0
445.0,2453.611328125,2460.8935546875,2460.8935546875,2460.8935546875,2460.91064453125,2460.874755859375,2460.829345703125,2460.8935546875,2460.8935546875,2522.0,2282.0
445.25,2453.611328125,2460.8935546875,2460.8935546875,2460.8935546875,2460.91064453125,2460.874755859375,2460.829345703125,2460.8935546875,2460.8935546875,2522.0,2282.0
445.5,2453.611328125,2460.8935546875,2462.223388671875,2460.8935546875,2462.240478515625,2460.874755859375,2460.829345703125,2460.8935546875,2460.8935546875,2522.0,2282.0
445.75,2453.611328125,2460.8935546875,2460.8935546875,2460.8935546875,2460.91064453125,2460.874755859375,2460.829345703125,2460.8935546875,2460.8935546875,2522.0,2282.0
