step,day,k,feeder_baseline_grid_kw,feeder_grid_with_cil_kw,646_B_p_load_fc_kw,646_B_p_pv_fc_kw,646_B_p_load_actual_kw,646_B_p_pv_actual_kw,646_B_baseline_grid_kw,646_B_battery_kw,646_B_battery_action,646_B_grid_kw,646_B_grid_forecast_kw,646_B_soc_predicted_pct,646_B_soc_measured_pct,646_B_mpc_status,646_B_voltage,645_B_p_load_fc_kw,645_B_p_pv_fc_kw,645_B_p_load_actual_kw,645_B_p_pv_actual_kw,645_B_baseline_grid_kw,645_B_battery_kw,645_B_battery_action,645_B_grid_kw,645_B_grid_forecast_kw,645_B_soc_predicted_pct,645_B_mpc_status,645_B_voltage,611_C_p_load_fc_kw,611_C_p_pv_fc_kw,611_C_p_load_actual_kw,611_C_p_pv_actual_kw,611_C_baseline_grid_kw,611_C_battery_kw,611_C_battery_action,611_C_grid_kw,611_C_grid_forecast_kw,611_C_soc_predicted_pct,611_C_mpc_status,611_C_voltage,652_A_p_load_fc_kw,652_A_p_pv_fc_kw,652_A_p_load_actual_kw,652_A_p_pv_actual_kw,652_A_baseline_grid_kw,652_A_battery_kw,652_A_battery_action,652_A_grid_kw,652_A_grid_forecast_kw,652_A_soc_predicted_pct,652_A_mpc_status,652_A_voltage,671_A_p_load_fc_kw,671_A_p_pv_fc_kw,671_A_p_load_actual_kw,671_A_p_pv_actual_kw,671_A_baseline_grid_kw,671_A_battery_kw,671_A_battery_action,671_A_grid_kw,671_A_grid_forecast_kw,671_A_soc_predicted_pct,671_A_mpc_status,671_A_voltage,671_B_p_load_fc_kw,671_B_p_pv_fc_kw,671_B_p_load_actual_kw,671_B_p_pv_actual_kw,671_B_baseline_grid_kw,671_B_battery_kw,671_B_battery_action,671_B_grid_kw,671_B_grid_forecast_kw,671_B_soc_predicted_pct,671_B_mpc_status,671_B_voltage,671_C_p_load_fc_kw,671_C_p_pv_fc_kw,671_C_p_load_actual_kw,671_C_p_pv_actual_kw,671_C_baseline_grid_kw,671_C_battery_kw,671_C_battery_action,671_C_grid_kw,671_C_grid_forecast_kw,671_C_soc_predicted_pct,671_C_mpc_status,671_C_voltage,692_C_p_load_fc_kw,692_C_p_pv_fc_kw,692_C_p_load_actual_kw,692_C_p_pv_actual_kw,692_C_baseline_grid_kw,692_C_battery_kw,692_C_battery_action,692_C_grid_kw,692_C_grid_forecast_kw,692_C_soc_predicted_pct,692_C_mpc_status,692_C_voltage,692_B_p_load_fc_kw,692_B_p_pv_fc_kw,692_B_p_load_actual_kw,692_B_p_pv_actual_kw,692_B_baseline_grid_kw,692_B_battery_kw,692_B_battery_action,692_B_grid_kw,692_B_grid_forecast_kw,692_B_soc_predicted_pct,692_B_mpc_status,692_B_voltage,692_A_p_load_fc_kw,692_A_p_pv_fc_kw,692_A_p_load_actual_kw,692_A_p_pv_actual_kw,692_A_baseline_grid_kw,692_A_battery_kw,692_A_battery_action,692_A_grid_kw,692_A_grid_forecast_kw,692_A_soc_predicted_pct,692_A_mpc_status,692_A_voltage,675_C_p_load_fc_kw,675_C_p_pv_fc_kw,675_C_p_load_actual_kw,675_C_p_pv_actual_kw,675_C_baseline_grid_kw,675_C_battery_kw,675_C_battery_action,675_C_grid_kw,675_C_grid_forecast_kw,675_C_soc_predicted_pct,675_C_mpc_status,675_C_voltage,675_B_p_load_fc_kw,675_B_p_pv_fc_kw,675_B_p_load_actual_kw,675_B_p_pv_actual_kw,675_B_baseline_grid_kw,675_B_battery_kw,675_B_battery_action,675_B_grid_kw,675_B_grid_forecast_kw,675_B_soc_predicted_pct,675_B_mpc_status,675_B_voltage,675_A_p_load_fc_kw,675_A_p_pv_fc_kw,675_A_p_load_actual_kw,675_A_p_pv_actual_kw,675_A_baseline_grid_kw,675_A_battery_kw,675_A_battery_action,675_A_grid_kw,675_A_grid_forecast_kw,675_A_soc_predicted_pct,675_A_mpc_status,675_A_voltage,634_C_p_load_fc_kw,634_C_p_pv_fc_kw,634_C_p_load_actual_kw,634_C_p_pv_actual_kw,634_C_baseline_grid_kw,634_C_battery_kw,634_C_battery_action,634_C_grid_kw,634_C_grid_forecast_kw,634_C_soc_predicted_pct,634_C_mpc_status,634_C_voltage,634_B_p_load_fc_kw,634_B_p_pv_fc_kw,634_B_p_load_actual_kw,634_B_p_pv_actual_kw,634_B_baseline_grid_kw,634_B_battery_kw,634_B_battery_action,634_B_grid_kw,634_B_grid_forecast_kw,634_B_soc_predicted_pct,634_B_mpc_status,634_B_voltage,634_A_p_load_fc_kw,634_A_p_pv_fc_kw,634_A_p_load_actual_kw,634_A_p_pv_actual_kw,634_A_baseline_grid_kw,634_A_battery_kw,634_A_battery_action,634_A_grid_kw,634_A_grid_forecast_kw,634_A_soc_predicted_pct,634_A_mpc_status,634_A_voltage
1,1,1,770.206,224.4887,49.248,0.024,49.248,0.024,49.224,33.8329,Discharge,15.3911,15.3911,48.3415,50.0,optimal,2467,50.822,0.0,50.822,0.0,50.822,36.0698,Discharge,14.7522,14.7522,47.1373,optimal,2467,31.958,0.0,31.958,0.0,31.958,24.1416,Discharge,7.8164,7.8164,48.2249,optimal,2404,27.68,0.0,27.68,0.0,27.68,18.113,Discharge,9.567,9.567,48.0312,optimal,2114,96.276,0.026,96.276,0.026,96.25,65.5426,Discharge,30.7074,30.7074,47.9389,optimal,2128,86.392,0.0,86.392,0.0,86.392,65.4325,Discharge,20.9595,20.9595,47.8893,optimal,2500,96.118,0.026,96.118,0.026,96.092,60.9963,Discharge,35.0957,35.0957,48.0819,optimal,2396,34.79,0.0,34.79,0.0,34.79,33.2877,Discharge,1.5023,1.5023,47.4782,optimal,2396,0.0,0.0,0.0,0.0,0.0,-0.0,Idle,0.0,0.0,-1,optimal,2500,0.0,0.0,0.0,0.0,0.0,-0.0,Idle,0.0,0.0,-1,optimal,2128,62.704,0.002,62.704,0.002,62.702,42.3023,Discharge,20.3997,20.3997,48.2226,optimal,2394,21.318,0.0,21.318,0.0,21.318,15.5263,Discharge,5.7917,5.7917,47.8436,optimal,2503,116.084,0.024,116.084,0.024,116.06,81.4172,Discharge,34.6428,34.6428,47.8687,optimal,2111,26.372,0.002,26.372,0.002,26.37,21.9413,Discharge,4.4287,4.4287,47.8903,optimal,287,24.092,0.0,24.092,0.0,24.092,14.0728,Discharge,10.0192,10.0192,48.4364,optimal,286,46.48,0.024,46.48,0.024,46.456,33.0412,Discharge,13.4148,13.4148,47.6057,optimal,288
2,1,2,727.468,242.1868,45.32,0.0,45.32,0.0,45.32,29.8187,Discharge,15.5013,15.5013,48.5383,50.0,optimal,2468,44.294,0.0,44.294,0.0,44.294,28.3559,Discharge,15.9381,15.9381,44.8868,optimal,2468,32.698,0.0,32.698,0.0,32.698,24.135,Discharge,8.563,8.563,46.4502,optimal,2383,29.034,0.026,29.034,0.026,29.008,18.7916,Discharge,10.2164,10.2164,45.9886,optimal,2121,87.398,0.0,87.398,0.0,87.398,54.3651,Discharge,33.0329,33.0329,46.2293,optimal,2139,88.296,0.026,88.296,0.026,88.27,65.1836,Discharge,23.0864,23.0864,45.7866,optimal,2496,84.126,0.0,84.126,0.0,84.126,46.8219,Discharge,37.3041,37.3041,46.6095,optimal,2384,31.848,0.0,31.848,0.0,31.848,29.2893,Discharge,2.5587,2.5587,45.2593,optimal,2384,0.0,0.0,0.0,0.0,0.0,-0.0,Idle,0.0,0.0,-1,optimal,2496,0.0,0.0,0.0,0.0,0.0,-0.0,Idle,0.0,0.0,-1,optimal,2139,64.778,0.026,64.778,0.026,64.752,42.9267,Discharge,21.8253,21.8253,46.419,optimal,2379,20.328,0.0,20.328,0.0,20.328,13.8887,Discharge,6.4393,6.4393,45.9146,optimal,2497,111.736,0.026,111.736,0.026,111.71,74.3689,Discharge,37.3411,37.3411,45.9218,optimal,2124,25.628,0.0,25.628,0.0,25.628,20.4867,Discharge,5.1413,5.1413,45.9204,optimal,286,21.056,0.0,21.056,0.0,21.056,10.4248,Discharge,10.6312,10.6312,47.2781,optimal,287,41.032,0.0,41.032,0.0,41.032,26.4243,Discharge,14.6077,14.6077,45.6909,optimal,281
3,1,3,628.38,256.8153,41.396,0.0,41.396,0.0,41.396,25.7915,Discharge,15.6045,15.6045,48.7357,50.0,optimal,2456,36.194,0.0,36.194,0.0,36.194,19.3777,Discharge,16.8163,16.8163,43.3489,optimal,2456,30.49,0.024,30.49,0.024,30.466,21.2913,Discharge,9.1747,9.1747,44.8847,optimal,2391,23.93,0.0,23.93,0.0,23.93,13.1127,Discharge,10.8173,10.8173,44.5633,optimal,2114,74.636,0.012,74.636,0.012,74.624,39.6833,Discharge,34.9407,34.9407,44.9814,optimal,2128,76.39,0.036,76.39,0.036,76.354,51.4178,Discharge,24.9362,24.9362,44.1279,optimal,2492,73.366,0.0,73.366,0.0,73.366,34.3538,Discharge,39.0122,39.0122,45.5292,optimal,2392,29.824,0.024,29.824,0.024,29.8,26.3745,Discharge,3.4255,3.4255,43.2612,optimal,2392,0.0,0.0,0.0,0.0,0.0,-0.0,Idle,0.0,0.0,-1,optimal,2492,0.0,0.0,0.0,0.0,0.0,-0.0,Idle,0.0,0.0,-1,optimal,2128,54.3,0.012,54.3,0.012,54.288,31.1786,Discharge,23.1094,23.1094,45.1089,optimal,2388,15.286,0.0,15.286,0.0,15.286,8.3948,Discharge,6.8912,6.8912,44.7486,optimal,2495,97.28,0.024,97.28,0.024,97.256,57.6445,Discharge,39.6115,39.6115,44.4128,optimal,2111,22.4,0.012,22.4,0.012,22.388,16.6128,Discharge,5.7752,5.7752,44.323,optimal,281,16.894,0.0,16.894,0.0,16.894,5.8513,Discharge,11.0427,11.0427,46.6279,optimal,281,36.138,0.0,36.138,0.0,36.138,20.4802,Discharge,15.6578,15.6578,44.2068,optimal,287
4,1,4,587.572,268.1043,43.692,0.012,43.692,0.012,43.68,28.0964,Discharge,15.5836,15.5836,48.6227,50.0,optimal,2464,29.886,0.002,29.886,0.002,29.884,12.4272,Discharge,17.4568,17.4568,42.3626,optimal,2464,27.904,0.012,27.904,0.012,27.892,18.0829,Discharge,9.8091,9.8091,43.5551,optimal,2378,20.34,0.0,20.34,0.0,20.34,9.1247,Discharge,11.2153,11.2153,43.5715,optimal,2132,72.84,0.036,72.84,0.036,72.804,36.4733,Discharge,36.3307,36.3307,43.8345,optimal,2149,68.768,0.038,68.768,0.038,68.73,42.1975,Discharge,26.5325,26.5325,42.7667,optimal,2491,71.186,0.012,71.186,0.012,71.174,30.9505,Discharge,40.2235,40.2235,44.5559,optimal,2381,27.068,0.014,27.068,0.014,27.054,22.77,Discharge,4.284,4.284,41.5362,optimal,2381,0.0,0.0,0.0,0.0,0.0,-0.0,Idle,0.0,0.0,-1,optimal,2491,0.0,0.0,0.0,0.0,0.0,-0.0,Idle,0.0,0.0,-1,optimal,2149,49.394,0.036,49.394,0.036,49.358,25.3362,Discharge,24.0218,24.0218,44.0444,optimal,2377,17.094,0.0,17.094,0.0,17.094,9.8995,Discharge,7.1945,7.1945,43.3737,optimal,2492,86.742,0.014,86.742,0.014,86.728,45.2701,Discharge,41.4579,41.4579,43.2277,optimal,2132,22.342,0.036,22.342,0.036,22.306,15.973,Discharge,6.333,6.333,42.7871,optimal,281,17.66,0.0,17.66,0.0,17.66,6.427,Discharge,11.233,11.233,45.9138,optimal,283,32.868,0.0,32.868,0.0,32.868,16.4393,Discharge,16.4287,16.4287,43.0156,optimal,286
5,1,5,548.196,277.4521,35.162,0.012,35.162,0.012,35.15,19.7095,Discharge,15.4405,15.4405,49.0338,50.0,optimal,2455,29.484,0.0,29.484,0.0,29.484,11.6052,Discharge,17.8788,17.8788,41.4416,optimal,2455,25.266,0.012,25.266,0.012,25.254,14.9218,Discharge,10.3322,10.3322,42.4579,optimal,2375,24.424,0.0,24.424,0.0,24.424,12.8197,Discharge,11.6043,11.6043,42.1781,optimal,2132,63.788,0.012,63.788,0.012,63.776,26.288,Discharge,37.488,37.488,43.0078,optimal,2148,70.37,0.012,70.37,0.012,70.358,42.4468,Discharge,27.9112,27.9112,41.3975,optimal,2491,62.052,0.012,62.052,0.012,62.04,20.8435,Discharge,41.1965,41.1965,43.9004,optimal,2381,25.412,0.012,25.412,0.012,25.4,20.4641,Discharge,4.9359,4.9359,39.9859,optimal,2381,0.0,0.0,0.0,0.0,0.0,-0.0,Idle,0.0,0.0,-1,optimal,2491,0.0,0.0,0.0,0.0,0.0,-0.0,Idle,0.0,0.0,-1,optimal,2148,51.006,0.012,51.006,0.012,50.994,26.0444,Discharge,24.9496,24.9496,42.9501,optimal,2377,12.376,0.0,12.376,0.0,12.376,4.9529,Discharge,7.4231,7.4231,42.6858,optimal,2498,85.026,0.012,85.026,0.012,85.014,42.0528,Discharge,42.9612,42.9612,42.1269,optimal,2132,22.108,0.0,22.108,0.0,22.108,15.2472,Discharge,6.8608,6.8608,41.3211,optimal,281,12.846,0.012,12.846,0.012,12.834,1.4261,Discharge,11.4079,11.4079,45.7553,optimal,283,28.984,0.0,28.984,0.0,28.984,11.922,Discharge,17.062,17.062,42.1517,optimal,286
6,1,6,546.016,287.6818,36.362,0.002,36.362,0.002,36.36,20.786,Discharge,15.574,15.574,48.9811,50.0,optimal,2464,28.024,0.0,28.024,0.0,28.024,9.6924,Discharge,18.3316,18.3316,40.6724,optimal,2464,25.28,0.012,25.28,0.012,25.268,14.3298,Discharge,10.9382,10.9382,41.4042,optimal,2415,23.554,0.0,23.554,0.0,23.554,11.473,Discharge,12.081,12.081,40.931,optimal,2123,64.884,0.002,64.884,0.002,64.882,26.2401,Discharge,38.6419,38.6419,42.1826,optimal,2139,68.938,0.012,68.938,0.012,68.926,39.489,Discharge,29.437,29.437,40.1236,optimal,2491,63.254,0.002,63.254,0.002,63.252,21.0912,Discharge,42.1608,42.1608,43.2372,optimal,2404,24.01,0.0,24.01,0.0,24.01,18.4068,Discharge,5.6032,5.6032,38.5915,optimal,2404,0.0,0.0,0.0,0.0,0.0,-0.0,Idle,0.0,0.0,-1,optimal,2491,0.0,0.0,0.0,0.0,0.0,-0.0,Idle,0.0,0.0,-1,optimal,2139,50.65,0.014,50.65,0.014,50.636,24.6191,Discharge,26.0169,26.0169,41.9157,optimal,2400,13.1,0.0,13.1,0.0,13.1,5.4546,Discharge,7.6454,7.6454,41.9282,optimal,2494,83.152,0.012,83.152,0.012,83.14,38.4795,Discharge,44.6605,44.6605,41.1196,optimal,2120,22.128,0.0,22.128,0.0,22.128,14.7598,Discharge,7.3682,7.3682,39.9018,optimal,286,13.682,0.002,13.682,0.002,13.68,2.1358,Discharge,11.5442,11.5442,45.518,optimal,283,29.056,0.0,29.056,0.0,29.056,11.3769,Discharge,17.6791,17.6791,41.3273,optimal,283
7,1,7,536.282,296.5479,35.708,0.0,35.708,0.0,35.708,20.0744,Discharge,15.6336,15.6336,49.016,50.0,optimal,2456,28.126,0.012,28.126,0.012,28.114,9.4316,Discharge,18.6824,18.6824,39.9238,optimal,2456,23.8,0.014,23.8,0.014,23.786,12.3284,Discharge,11.4576,11.4576,40.4977,optimal,2384,23.706,0.024,23.706,0.024,23.682,11.1628,Discharge,12.5192,12.5192,39.7177,optimal,2121,64.154,0.0,64.154,0.0,64.154,24.539,Discharge,39.615,39.615,41.411,optimal,2138,66.928,0.05,66.928,0.05,66.878,36.0714,Discharge,30.8066,30.8066,38.96,optimal,2492,62.982,0.0,62.982,0.0,62.982,19.9943,Discharge,42.9877,42.9877,42.6084,optimal,2384,22.562,0.026,22.562,0.026,22.536,16.3922,Discharge,6.1438,6.1438,37.3496,optimal,2384,0.0,0.0,0.0,0.0,0.0,-0.0,Idle,0.0,0.0,-1,optimal,2492,0.0,0.0,0.0,0.0,0.0,-0.0,Idle,0.0,0.0,-1,optimal,2138,50.544,0.024,50.544,0.024,50.52,23.5085,Discharge,27.0115,27.0115,40.9279,optimal,2380,12.234,0.0,12.234,0.0,12.234,4.3826,Discharge,7.8514,7.8514,41.3195,optimal,2495,81.898,0.038,81.898,0.038,81.86,35.7297,Discharge,46.1303,46.1303,40.1842,optimal,2122,22.238,0.012,22.238,0.012,22.226,14.4189,Discharge,7.8071,7.8071,38.5154,optimal,286,12.612,0.0,12.612,0.0,12.612,0.9285,Discharge,11.6835,11.6835,45.4149,optimal,281,28.99,0.0,28.99,0.0,28.99,10.7718,Discharge,18.2182,18.2182,40.5467,optimal,281
8,1,8,531.506,305.7121,37.79,0.0,37.79,0.0,37.79,22.0859,Discharge,15.7041,15.7041,48.9174,50.0,optimal,2459,28.554,0.0,28.554,0.0,28.554,9.4004,Discharge,19.1536,19.1536,39.1778,optimal,2459,24.588,0.012,24.588,0.012,24.576,12.555,Discharge,12.021,12.021,39.5746,optimal,2404,19.408,0.0,19.408,0.0,19.408,6.4879,Discharge,12.9201,12.9201,39.0124,optimal,2129,65.194,0.0,65.194,0.0,65.194,24.6074,Discharge,40.5866,40.5866,40.6371,optimal,2147,63.868,0.012,63.868,0.012,63.856,31.6391,Discharge,32.2169,32.2169,37.9394,optimal,2496,64.878,0.0,64.878,0.0,64.878,21.0135,Discharge,43.8645,43.8645,41.9476,optimal,2399,23.656,0.0,23.656,0.0,23.656,16.8471,Discharge,6.8089,6.8089,36.0733,optimal,2399,0.0,0.0,0.0,0.0,0.0,-0.0,Idle,0.0,0.0,-1,optimal,2496,0.0,0.0,0.0,0.0,0.0,-0.0,Idle,0.0,0.0,-1,optimal,2147,46.706,0.012,46.706,0.012,46.694,18.8044,Discharge,27.8896,27.8896,40.1378,optimal,2395,13.004,0.0,13.004,0.0,13.004,4.952,Discharge,8.052,8.052,40.6317,optimal,2500,79.118,0.012,79.118,0.012,79.106,31.4297,Discharge,47.6763,47.6763,39.3615,optimal,2130,22.696,0.0,22.696,0.0,22.696,14.459,Discharge,8.237,8.237,37.1251,optimal,283,13.392,0.0,13.392,0.0,13.392,1.5717,Discharge,11.8203,11.8203,45.2402,optimal,281,28.702,0.0,28.702,0.0,28.702,9.9407,Discharge,18.7613,18.7613,39.8264,optimal,286
9,1,9,529.184,314.2289,36.592,0.0,36.592,0.0,36.592,20.8691,Discharge,15.7229,15.7229,48.977,50.0,optimal,2468,28.16,0.024,28.16,0.024,28.136,8.3613,Discharge,19.7747,19.7747,38.5142,optimal,2468,24.716,0.024,24.716,0.024,24.692,12.2581,Discharge,12.4339,12.4339,38.6732,optimal,2383,18.396,0.012,18.396,0.012,18.384,5.2403,Discharge,13.1437,13.1437,38.4428,optimal,2121,66.232,0.024,66.232,0.024,66.208,24.5257,Discharge,41.6823,41.6823,39.8659,optimal,2141,64.716,0.06,64.716,0.06,64.656,31.3332,Discharge,33.3228,33.3228,36.9287,optimal,2493,63.466,0.024,63.466,0.024,63.442,18.522,Discharge,44.92,44.92,41.3652,optimal,2384,23.326,0.024,23.326,0.024,23.302,15.9705,Discharge,7.3315,7.3315,34.8635,optimal,2384,0.0,0.0,0.0,0.0,0.0,-0.0,Idle,0.0,0.0,-1,optimal,2493,0.0,0.0,0.0,0.0,0.0,-0.0,Idle,0.0,0.0,-1,optimal,2141,47.652,0.024,47.652,0.024,47.628,19.0781,Discharge,28.5499,28.5499,39.3362,optimal,2379,12.9,0.0,12.9,0.0,12.9,4.6438,Discharge,8.2562,8.2562,39.9868,optimal,2500,78.336,0.048,78.336,0.048,78.288,29.1934,Discharge,49.0946,49.0946,38.5972,optimal,2124,23.462,0.024,23.462,0.024,23.438,14.7932,Discharge,8.6448,8.6448,35.7027,optimal,286,13.278,0.0,13.278,0.0,13.278,1.3485,Discharge,11.9295,11.9295,45.0904,optimal,288,28.252,0.012,28.252,0.012,28.24,8.8178,Discharge,19.4222,19.4222,39.1874,optimal,281
10,1,10,525.534,322.6016,36.644,0.012,36.644,0.012,36.632,20.8003,Discharge,15.8317,15.8317,48.9804,50.0,optimal,2465,28.768,0.0,28.768,0.0,28.768,8.4864,Discharge,20.2816,20.2816,37.8406,optimal,2465,23.088,0.0,23.088,0.0,23.088,10.2004,Discharge,12.8876,12.8876,37.9232,optimal,2378,18.672,0.002,18.672,0.002,18.67,5.3488,Discharge,13.3212,13.3212,37.8614,optimal,2132,66.654,0.024,66.654,0.024,66.63,23.852,Discharge,42.778,42.778,39.1158,optimal,2149,62.854,0.014,62.854,0.014,62.84,28.4045,Discharge,34.4355,34.4355,36.0124,optimal,2491,63.57,0.012,63.57,0.012,63.558,17.6833,Discharge,45.8747,45.8747,40.8091,optimal,2381,22.66,0.0,22.66,0.0,22.66,14.793,Discharge,7.867,7.867,33.7428,optimal,2381,0.0,0.0,0.0,0.0,0.0,-0.0,Idle,0.0,0.0,-1,optimal,2491,0.0,0.0,0.0,0.0,0.0,-0.0,Idle,0.0,0.0,-1,optimal,2149,44.886,0.026,44.886,0.026,44.86,15.5845,Discharge,29.2755,29.2755,38.6814,optimal,2377,14.404,0.0,14.404,0.0,14.404,5.9268,Discharge,8.4772,8.4772,39.1636,optimal,2495,77.592,0.002,77.592,0.002,77.59,27.2142,Discharge,50.3758,50.3758,37.8848,optimal,2132,21.814,0.012,21.814,0.012,21.802,12.6916,Discharge,9.1104,9.1104,34.4824,optimal,281,14.534,0.012,14.534,0.012,14.522,2.4843,Discharge,12.0377,12.0377,44.8144,optimal,283,29.51,0.0,29.51,0.0,29.51,9.4623,Discharge,20.0477,20.0477,38.5017,optimal,286
11,1,11,564.806,330.2745,42.512,0.0,42.512,0.0,42.512,26.6404,Discharge,15.8716,15.8716,48.6941,50.0,optimal,2469,32.058,0.014,32.058,0.014,32.044,11.2373,Discharge,20.8067,20.8067,36.9488,optimal,2469,22.38,0.0,22.38,0.0,22.38,9.1147,Discharge,13.2653,13.2653,37.253,optimal,2401,18.59,0.0,18.59,0.0,18.59,5.1025,Discharge,13.4875,13.4875,37.3068,optimal,2118,74.914,0.014,74.914,0.014,74.9,31.0746,Discharge,43.8254,43.8254,38.1386,optimal,2135,61.38,0.0,61.38,0.0,61.38,25.9659,Discharge,35.4141,35.4141,35.1748,optimal,2497,72.986,0.014,72.986,0.014,72.972,26.1877,Discharge,46.7843,46.7843,39.9856,optimal,2398,21.754,0.0,21.754,0.0,21.754,13.3979,Discharge,8.3561,8.3561,32.7278,optimal,2398,0.0,0.0,0.0,0.0,0.0,-0.0,Idle,0.0,0.0,-1,optimal,2497,0.0,0.0,0.0,0.0,0.0,-0.0,Idle,0.0,0.0,-1,optimal,2135,46.262,0.0,46.262,0.0,46.262,16.4076,Discharge,29.8544,29.8544,37.992,optimal,2391,15.482,0.0,15.482,0.0,15.482,6.8253,Discharge,8.6567,8.6567,38.2157,optimal,2500,82.448,0.014,82.448,0.014,82.434,30.8009,Discharge,51.6331,51.6331,37.0785,optimal,2118,21.674,0.0,21.674,0.0,21.674,12.1931,Discharge,9.4809,9.4809,33.31,optimal,288,17.232,0.0,17.232,0.0,17.232,5.0832,Discharge,12.1488,12.1488,44.2496,optimal,286,35.204,0.014,35.204,0.014,35.19,14.5004,Discharge,20.6896,20.6896,37.451,optimal,281
12,1,12,582.732,337.4651,46.514,0.012,46.514,0.012,46.502,30.7219,Discharge,15.7801,15.7801,48.494,50.0,optimal,2458,31.086,0.0,31.086,0.0,31.086,9.7959,Discharge,21.2901,21.2901,36.1713,optimal,2458,24.902,0.012,24.902,0.012,24.89,11.2478,Discharge,13.6422,13.6422,36.426,optimal,2378,18.758,0.0,18.758,0.0,18.758,5.1063,Discharge,13.6517,13.6517,36.7518,optimal,2132,75.37,0.012,75.37,0.012,75.358,30.5451,Discharge,44.8129,44.8129,37.1781,optimal,2149,62.31,0.012,62.31,0.012,62.298,25.9911,Discharge,36.3069,36.3069,34.3364,optimal,2491,76.24,0.012,76.24,0.012,76.228,28.5267,Discharge,47.7013,47.7013,39.0885,optimal,2381,23.856,0.012,23.856,0.012,23.844,15.0004,Discharge,8.8436,8.8436,31.5914,optimal,2381,0.0,0.0,0.0,0.0,0.0,-0.0,Idle,0.0,0.0,-1,optimal,2491,0.0,0.0,0.0,0.0,0.0,-0.0,Idle,0.0,0.0,-1,optimal,2149,48.07,0.0,48.07,0.0,48.07,17.6874,Discharge,30.3826,30.3826,37.2488,optimal,2380,15.956,0.012,15.956,0.012,15.944,7.0652,Discharge,8.8788,8.8788,37.2344,optimal,2495,84.624,0.012,84.624,0.012,84.612,31.8039,Discharge,52.8081,52.8081,36.246,optimal,2132,20.452,0.0,20.452,0.0,20.452,10.6601,Discharge,9.7919,9.7919,32.2849,optimal,281,20.622,0.0,20.622,0.0,20.622,8.3043,Discharge,12.3177,12.3177,43.3269,optimal,283,34.08,0.012,34.08,0.012,34.068,12.8109,Discharge,21.2571,21.2571,36.5226,optimal,286
13,1,13,580.33,345.2349,45.304,0.324,45.304,0.324,44.98,29.2291,Discharge,15.7509,15.7509,48.5672,50.0,optimal,2457,29.534,0.394,29.534,0.394,29.14,7.3571,Discharge,21.7829,21.7829,35.5874,optimal,2457,28.34,0.27,28.34,0.27,28.07,14.082,Discharge,13.988,13.988,35.3905,optimal,2404,19.462,0.204,19.462,0.204,19.258,5.4524,Discharge,13.8056,13.8056,36.1591,optimal,2131,73.93,0.524,73.93,0.524,73.406,27.4775,Discharge,45.9285,45.9285,36.314,optimal,2147,64.256,0.798,64.256,0.798,63.458,26.2975,Discharge,37.1605,37.1605,33.4881,optimal,2496,73.772,0.5,73.772,0.5,73.272,24.4627,Discharge,48.8093,48.8093,38.3193,optimal,2399,27.11,0.458,27.11,0.458,26.652,17.3265,Discharge,9.3255,9.3255,30.2788,optimal,2399,0.0,0.0,0.0,0.0,0.0,-0.0,Idle,0.0,0.0,-1,optimal,2496,0.0,0.0,0.0,0.0,0.0,-0.0,Idle,0.0,0.0,-1,optimal,2147,48.91,0.382,48.91,0.382,48.528,17.6281,Discharge,30.8999,30.8999,36.5081,optimal,2395,15.786,0.114,15.786,0.114,15.672,6.5392,Discharge,9.1328,9.1328,36.3262,optimal,2499,85.692,0.946,85.692,0.946,84.746,30.6907,Discharge,54.0553,54.0553,35.4425,optimal,2128,20.702,0.156,20.702,0.156,20.546,10.4628,Discharge,10.0832,10.0832,31.2789,optimal,283,20.746,0.134,20.746,0.134,20.612,8.0697,Discharge,12.5423,12.5423,42.4302,optimal,281,32.206,0.216,32.206,0.216,31.99,10.0199,Discharge,21.9701,21.9701,35.7965,optimal,286
14,1,14,588.626,353.0803,47.144,3.512,47.144,3.512,43.632,27.7466,Discharge,15.8854,15.8854,48.6399,50.0,optimal,2461,31.014,2.768,31.014,2.768,28.246,6.1203,Discharge,22.1257,22.1257,35.1017,optimal,2461,33.074,2.572,33.074,2.572,30.502,16.1068,Discharge,14.3952,14.3952,34.2062,optimal,2373,22.518,1.706,22.518,1.706,20.812,6.8537,Discharge,13.9583,13.9583,35.4142,optimal,2122,76.588,5.45,76.588,5.45,71.138,24.0981,Discharge,47.0399,47.0399,35.5562,optimal,2140,73.598,6.512,73.598,6.512,67.086,29.0969,Discharge,37.9891,37.9891,32.5495,optimal,2491,77.132,5.34,77.132,5.34,71.792,21.9091,Discharge,49.8829,49.8829,37.6303,optimal,2376,29.8,3.278,29.8,3.278,26.522,16.6163,Discharge,9.9057,9.9057,29.02,optimal,2376,0.0,0.0,0.0,0.0,0.0,-0.0,Idle,0.0,0.0,-1,optimal,2491,0.0,0.0,0.0,0.0,0.0,-0.0,Idle,0.0,0.0,-1,optimal,2140,55.742,4.044,55.742,4.044,51.698,20.1847,Discharge,31.5133,31.5133,35.6601,optimal,2372,16.416,1.254,16.416,1.254,15.162,5.7968,Discharge,9.3652,9.3652,35.521,optimal,2495,95.162,7.492,95.162,7.492,87.67,32.4471,Discharge,55.2229,55.2229,34.5931,optimal,2123,22.128,1.818,22.128,1.818,20.31,9.8724,Discharge,10.4376,10.4376,30.3296,optimal,283,21.704,1.636,21.704,1.636,20.068,7.2162,Discharge,12.8518,12.8518,41.6284,optimal,286,36.174,2.186,36.174,2.186,33.988,11.4806,Discharge,22.5074,22.5074,34.9646,optimal,283
15,1,15,538.794,178.6311,48.242,9.32,48.242,9.32,38.922,31.0232,Discharge,7.8988,7.8988,48.4793,49.86,optimal,2460,32.782,6.952,32.782,6.952,25.83,14.7923,Discharge,11.0377,11.0377,33.9277,optimal,2460,32.418,6.63,32.418,6.63,25.788,18.4578,Discharge,7.3302,7.3302,32.849,optimal,2452,22.836,4.004,22.836,4.004,18.832,11.8871,Discharge,6.9449,6.9449,34.1221,optimal,2448,80.69,14.556,80.69,14.556,66.134,42.2327,Discharge,23.9013,23.9013,34.2282,optimal,2449,82.272,15.766,82.272,15.766,66.506,47.1617,Discharge,19.3443,19.3443,31.0281,optimal,2458,75.27,14.466,75.27,14.466,60.804,35.5221,Discharge,25.2819,25.2819,36.5133,optimal,2451,34.474,7.868,34.474,7.868,26.606,21.4915,Discharge,5.1145,5.1145,27.3918,optimal,2451,0.0,0.0,0.0,0.0,0.0,-0.0,Idle,0.0,0.0,-1,optimal,2458,0.0,0.0,0.0,0.0,0.0,-0.0,Idle,0.0,0.0,-1,optimal,2449,58.988,10.242,58.988,10.242,48.746,32.7834,Discharge,15.9626,15.9626,34.2826,optimal,2451,17.606,3.144,17.606,3.144,14.462,9.7633,Discharge,4.6987,4.6987,34.165,optimal,2458,97.73,19.184,97.73,19.184,78.546,50.5228,Discharge,28.0232,28.0232,33.2705,optimal,2448,26.152,4.7,26.152,4.7,21.452,16.1523,Discharge,5.2997,5.2997,28.7765,optimal,283,22.02,3.9,22.02,3.9,18.12,11.6768,Discharge,6.4432,6.4432,40.331,optimal,283,34.326,6.28,34.326,6.28,28.046,16.6959,Discharge,11.3501,11.3501,33.7548,optimal,284
16,1,16,398.868,184.0627,47.072,17.264,47.072,17.264,29.808,21.7649,Discharge,8.0431,8.0431,48.7931,49.11,optimal,2460,33.026,13.382,33.026,13.382,19.644,8.4384,Discharge,11.2056,11.2056,33.258,optimal,2460,31.934,11.674,31.934,11.674,20.26,12.658,Discharge,7.602,7.602,31.9183,optimal,2451,20.43,7.996,20.43,7.996,12.434,5.2648,Discharge,7.1692,7.1692,33.5498,optimal,2450,77.496,27.448,77.496,27.448,50.048,25.3985,Discharge,24.6495,24.6495,33.4295,optimal,2450,73.81,29.438,73.81,29.438,44.372,24.4195,Discharge,19.9525,19.9525,30.2404,optimal,2458,76.818,27.23,76.818,27.23,49.588,23.5914,Discharge,25.9966,25.9966,35.7714,optimal,2451,31.452,14.044,31.452,14.044,17.408,12.0866,Discharge,5.3214,5.3214,26.4762,optimal,2451,0.0,0.0,0.0,0.0,0.0,-0.0,Idle,0.0,0.0,-1,optimal,2458,0.0,0.0,0.0,0.0,0.0,-0.0,Idle,0.0,0.0,-1,optimal,2450,55.398,19.884,55.398,19.884,35.514,19.0235,Discharge,16.4905,16.4905,33.4833,optimal,2451,15.736,6.052,15.736,6.052,9.684,4.8113,Discharge,4.8727,4.8727,33.4968,optimal,2458,92.548,36.158,92.548,36.158,56.39,27.5603,Discharge,28.8297,28.8297,32.5491,optimal,2450,25.276,8.504,25.276,8.504,16.772,11.2386,Discharge,5.5334,5.5334,27.6959,optimal,283,20.31,7.216,20.31,7.216,13.094,6.4334,Discharge,6.6606,6.6606,39.6162,optimal,283,35.488,11.636,35.488,11.636,23.852,12.116,Discharge,11.736,11.736,32.8768,optimal,283
17,1,17,309.164,188.2817,49.756,26.836,49.756,26.836,22.92,14.4859,Discharge,8.4341,8.4341,48.3999,48.6,optimal,2460,37.152,20.468,37.152,20.468,16.684,5.4784,Discharge,11.2056,11.2056,32.8232,optimal,2460,33.628,18.158,33.628,18.158,15.47,7.5877,Discharge,7.8823,7.8823,31.3604,optimal,2451,21.37,11.878,21.37,11.878,9.492,2.1192,Discharge,7.3728,7.3728,33.3195,optimal,2446,81.384,42.358,81.384,42.358,39.026,13.8652,Discharge,25.1608,25.1608,32.9935,optimal,2447,78.462,45.444,78.462,45.444,33.018,12.5809,Discharge,20.4371,20.4371,29.8345,optimal,2458,82.702,41.794,82.702,41.794,40.908,14.4696,Discharge,26.4384,26.4384,35.3164,optimal,2451,33.142,22.21,33.142,22.21,10.932,5.4133,Discharge,5.5187,5.5187,26.0661,optimal,2451,0.0,0.0,0.0,0.0,0.0,-0.0,Idle,0.0,0.0,-1,optimal,2458,0.0,0.0,0.0,0.0,0.0,-0.0,Idle,0.0,0.0,-1,optimal,2447,57.916,29.718,57.916,29.718,28.198,11.272,Discharge,16.926,16.926,33.0097,optimal,2450,18.05,9.682,18.05,9.682,8.368,3.3791,Discharge,4.9889,4.9889,33.0275,optimal,2458,98.642,55.132,98.642,55.132,43.51,14.1127,Discharge,29.3973,29.3973,32.1796,optimal,2446,25.586,13.2,25.586,13.2,12.386,6.6889,Discharge,5.6971,5.6971,27.0527,optimal,283,21.164,11.348,21.164,11.348,9.816,2.9639,Discharge,6.8521,6.8521,39.2869,optimal,284,37.154,18.718,37.154,18.718,18.436,6.4655,Discharge,11.9705,11.9705,32.4083,optimal,284
18,1,18,224.496,191.6062,56.742,35.87,56.742,35.87,20.872,12.0768,Discharge,8.7952,8.7952,48.008,48.26,optimal,2461,42.926,29.38,42.926,29.38,13.546,2.2881,Discharge,11.2579,11.2579,32.6416,optimal,2461,31.376,24.2,31.376,24.2,7.176,-0.8546,Charge,8.0306,8.0306,31.4232,optimal,2451,23.08,16.692,23.08,16.692,6.388,-1.166,Charge,7.554,7.554,33.4462,optimal,2447,91.06,58.012,91.06,58.012,33.048,7.4197,Discharge,25.6283,25.6283,32.7601,optimal,2447,78.014,63.582,78.014,63.582,14.432,-6.2678,Charge,20.6998,20.6998,30.0367,optimal,2458,95.304,56.478,95.304,56.478,38.826,11.9325,Discharge,26.8935,26.8935,34.9411,optimal,2451,33.292,31.122,33.292,31.122,2.17,-3.3887,Charge,5.5587,5.5587,26.3228,optimal,2451,0.0,0.0,0.0,0.0,0.0,-0.0,Idle,0.0,0.0,-1,optimal,2458,0.0,0.0,0.0,0.0,0.0,-0.0,Idle,0.0,0.0,-1,optimal,2447,56.232,41.14,56.232,41.14,15.092,-2.1498,Charge,17.2418,17.2418,33.1,optimal,2450,22.882,12.91,22.882,12.91,9.972,4.8658,Discharge,5.1062,5.1062,32.3517,optimal,2458,104.094,76.236,104.094,76.236,27.858,-1.964,Charge,29.822,29.822,32.231,optimal,2447,24.514,18.77,24.514,18.77,5.744,-0.0418,Idle,5.7858,5.7858,27.0567,optimal,284,25.044,14.886,25.044,14.886,10.158,3.1325,Discharge,7.0255,7.0255,38.9388,optimal,284,45.268,26.054,45.268,26.054,19.214,7.0069,Discharge,12.2071,12.2071,31.9005,optimal,284
19,1,19,21.464,192.8388,52.412,46.048,52.412,46.048,6.364,-2.6238,Charge,8.9878,8.9878,48.3886,48.0,optimal,2460,36.27,37.358,36.27,37.358,-1.088,-12.3459,Charge,11.2579,11.2579,33.6215,optimal,2460,32.73,31.264,32.73,31.264,1.466,-6.7118,Charge,8.1778,8.1778,31.9167,optimal,2449,23.486,23.23,23.486,23.23,0.256,-7.395,Charge,7.651,7.651,34.25,optimal,2447,82.182,75.414,82.182,75.414,6.768,-18.9726,Charge,25.7406,25.7406,33.3568,optimal,2448,77.028,83.984,77.028,83.984,-6.956,-27.6993,Charge,20.7433,20.7433,30.9303,optimal,2457,82.984,72.744,82.984,72.744,10.24,-16.7975,Charge,27.0375,27.0375,35.4694,optimal,2452,33.71,39.63,33.71,39.63,-5.92,-11.4787,Charge,5.5587,5.5587,27.1924,optimal,2452,0.0,0.0,0.0,0.0,0.0,-0.0,Idle,0.0,0.0,-1,optimal,2457,0.0,0.0,0.0,0.0,0.0,-0.0,Idle,0.0,0.0,-1,optimal,2448,56.74,55.224,56.74,55.224,1.516,-15.8753,Charge,17.3913,17.3913,33.767,optimal,2452,18.772,16.594,18.772,16.594,2.178,-3.0058,Charge,5.1838,5.1838,32.7691,optimal,2458,100.902,99.956,100.902,99.956,0.946,-28.9817,Charge,29.9277,29.9277,32.9897,optimal,2447,24.196,24.804,24.196,24.804,-0.608,-6.3938,Charge,5.7858,5.7858,27.6715,optimal,283,20.794,19.704,20.794,19.704,1.09,-6.0516,Charge,7.1416,7.1416,39.6112,optimal,284,38.198,32.986,38.198,32.986,5.212,-7.042,Charge,12.254,12.254,32.4108,optimal,283
20,1,20,-146.786,193.104,53.512,59.616,53.512,59.616,-6.104,-15.3089,Charge,9.2049,9.2049,48.7504,48.1,optimal,2461,36.432,48.802,36.432,48.802,-12.37,-23.6279,Charge,11.2579,11.2579,35.4967,optimal,2461,32.312,37.326,32.312,37.326,-5.014,-13.1918,Charge,8.1778,8.1778,32.8867,optimal,2452,22.672,28.61,22.672,28.61,-5.938,-13.6241,Charge,7.6861,7.6861,35.7309,optimal,2447,85.696,96.956,85.696,96.956,-11.26,-37.0006,Charge,25.7406,25.7406,34.5203,optimal,2448,73.606,101.744,73.606,101.744,-28.138,-48.8813,Charge,20.7433,20.7433,32.5071,optimal,2457,86.41,95.814,86.41,95.814,-9.404,-36.4415,Charge,27.0375,27.0375,36.6153,optimal,2451,29.786,45.982,29.786,45.982,-16.196,-21.7547,Charge,5.5587,5.5587,28.8405,optimal,2451,0.0,0.0,0.0,0.0,0.0,-0.0,Idle,0.0,0.0,-1,optimal,2457,0.0,0.0,0.0,0.0,0.0,-0.0,Idle,0.0,0.0,-1,optimal,2448,56.76,69.054,56.76,69.054,-12.294,-29.6853,Charge,17.3913,17.3913,35.0143,optimal,2451,17.832,22.422,17.832,22.422,-4.59,-9.7738,Charge,5.1838,5.1838,34.1266,optimal,2457,103.16,123.77,103.16,123.77,-20.61,-50.5377,Charge,29.9277,29.9277,34.3127,optimal,2447,23.086,31.088,23.086,31.088,-8.002,-13.7878,Charge,5.7858,5.7858,28.9973,optimal,284,20.236,26.14,20.236,26.14,-5.904,-13.0587,Charge,7.1547,7.1547,41.0622,optimal,283,41.318,42.28,41.318,42.28,-0.962,-13.216,Charge,12.254,12.254,33.3685,optimal,283
21,1,21,-260.024,193.4451,54.998,70.178,54.998,70.178,-15.18,-24.6247,Charge,9.4447,9.4447,49.3071,48.49,optimal,2460,35.662,55.284,35.662,55.284,-19.622,-30.8799,Charge,11.2579,11.2579,37.9475,optimal,2460,33.706,45.2,33.706,45.2,-11.494,-19.6718,Charge,8.1778,8.1778,34.3331,optimal,2449,26.552,31.34,26.552,31.34,-4.788,-12.4741,Charge,7.6861,7.6861,37.0868,optimal,2446,86.382,115.252,86.382,115.252,-28.87,-54.6106,Charge,25.7406,25.7406,36.2376,optimal,2447,80.96,118.528,80.96,118.528,-37.568,-58.3113,Charge,20.7433,20.7433,34.3881,optimal,2458,87.41,112.234,87.41,112.234,-24.824,-51.8615,Charge,27.0375,27.0375,38.2462,optimal,2449,32.504,53.448,32.504,53.448,-20.944,-26.5027,Charge,5.5587,5.5587,30.8482,optimal,2449,0.0,0.0,0.0,0.0,0.0,-0.0,Idle,0.0,0.0,-1,optimal,2458,0.0,0.0,0.0,0.0,0.0,-0.0,Idle,0.0,0.0,-1,optimal,2447,61.754,82.054,61.754,82.054,-20.3,-37.6913,Charge,17.3913,17.3913,36.598,optimal,2449,20.118,26.024,20.118,26.024,-5.906,-11.0898,Charge,5.1838,5.1838,35.6669,optimal,2458,105.606,141.752,105.606,141.752,-36.146,-66.0737,Charge,29.9277,29.9277,36.0424,optimal,2447,24.298,38.61,24.298,38.61,-14.312,-20.0978,Charge,5.7858,5.7858,30.9298,optimal,283,23.99,30.58,23.99,30.58,-6.59,-13.8459,Charge,7.2559,7.2559,42.6006,optimal,283,36.74,50.22,36.74,50.22,-13.48,-25.734,Charge,12.254,12.254,35.2333,optimal,283
22,1,22,-414.324,194.4599,60.802,85.684,60.802,85.684,-24.882,-35.042,Charge,10.16,10.16,50.2077,49.14,optimal,2460,35.524,67.642,35.524,67.642,-32.118,-43.3759,Charge,11.2579,11.2579,41.39,optimal,2460,34.398,54.778,34.398,54.778,-20.38,-28.5578,Charge,8.1778,8.1778,36.433,optimal,2451,29.11,36.94,29.11,36.94,-7.83,-15.5161,Charge,7.6861,7.6861,38.7733,optimal,2446,93.052,139.9,93.052,139.9,-46.848,-72.5886,Charge,25.7406,25.7406,38.5203,optimal,2447,84.81,139.724,84.81,139.724,-54.914,-75.6573,Charge,20.7433,20.7433,36.8286,optimal,2458,93.648,138.524,93.648,138.524,-44.876,-71.9135,Charge,27.0375,27.0375,40.5076,optimal,2451,31.374,64.024,31.374,64.024,-32.65,-38.2087,Charge,5.5587,5.5587,33.7428,optimal,2451,0.0,0.0,0.0,0.0,0.0,-0.0,Idle,0.0,0.0,-1,optimal,2458,0.0,0.0,0.0,0.0,0.0,-0.0,Idle,0.0,0.0,-1,optimal,2447,69.172,96.718,69.172,96.718,-27.546,-44.9373,Charge,17.3913,17.3913,38.4861,optimal,2451,24.298,31.924,24.298,31.924,-7.626,-12.8098,Charge,5.1838,5.1838,37.446,optimal,2458,106.998,171.052,106.998,171.052,-64.054,-93.9817,Charge,29.9277,29.9277,38.5026,optimal,2446,26.618,44.694,26.618,44.694,-18.076,-23.8618,Charge,5.7858,5.7858,33.2242,optimal,283,29.374,37.692,29.374,37.692,-8.318,-15.8735,Charge,7.5555,7.5555,44.3643,optimal,283,37.874,62.08,37.874,62.08,-24.206,-36.46,Charge,12.254,12.254,37.8753,optimal,284
23,1,23,-554.01,195.9288,57.856,94.466,57.856,94.466,-36.61,-47.5783,Charge,10.9683,10.9683,51.4723,50.01,optimal,2461,37.854,72.484,37.854,72.484,-34.63,-45.8879,Charge,11.2579,11.2579,45.0319,optimal,2461,33.11,58.222,33.11,58.222,-25.112,-33.2898,Charge,8.1778,8.1778,38.8808,optimal,2450,24.026,40.692,24.026,40.692,-16.666,-24.3521,Charge,7.6861,7.6861,41.4203,optimal,2447,90.452,153.438,90.452,153.438,-62.986,-88.9592,Charge,25.9732,25.9732,41.3177,optimal,2448,77.26,150.946,77.26,150.946,-73.686,-94.4293,Charge,20.7433,20.7433,39.8747,optimal,2457,92.822,152.18,92.822,152.18,-59.358,-86.4901,Charge,27.1321,27.1321,43.2274,optimal,2450,32.244,67.548,32.244,67.548,-35.304,-40.8627,Charge,5.5587,5.5587,36.8385,optimal,2450,0.0,0.0,0.0,0.0,0.0,-0.0,Idle,0.0,0.0,-1,optimal,2457,0.0,0.0,0.0,0.0,0.0,-0.0,Idle,0.0,0.0,-1,optimal,2448,59.672,106.702,59.672,106.702,-47.03,-64.4213,Charge,17.3913,17.3913,41.1929,optimal,2449,22.846,34.834,22.846,34.834,-11.988,-17.1864,Charge,5.1984,5.1984,39.833,optimal,2458,104.264,186.41,104.264,186.41,-82.146,-112.0737,Charge,29.9277,29.9277,41.4365,optimal,2447,23.144,47.118,23.144,47.118,-23.974,-29.7598,Charge,5.7858,5.7858,36.0857,optimal,283,27.622,41.998,27.622,41.998,-14.376,-22.2503,Charge,7.8743,7.8743,46.8366,optimal,284,38.29,68.434,38.29,68.434,-30.144,-42.398,Charge,12.254,12.254,40.9476,optimal,283
24,1,24,-555.218,198.5947,60.714,100.496,60.714,100.496,-39.782,-51.845,Charge,12.063,12.063,52.5514,51.2,optimal,2460,38.19,72.102,38.19,72.102,-33.912,-45.1699,Charge,11.2579,11.2579,48.6168,optimal,2460,37.904,60.914,37.904,60.914,-23.01,-31.1878,Charge,8.1778,8.1778,41.174,optimal,2451,25.532,43.032,25.532,43.032,-17.5,-25.1861,Charge,7.6861,7.6861,44.1579,optimal,2446,93.448,158.14,93.448,158.14,-64.692,-91.0731,Charge,26.3811,26.3811,44.1817,optimal,2447,84.514,155.146,84.514,155.146,-70.632,-91.3753,Charge,20.7433,20.7433,42.8223,optimal,2458,94.602,156.466,94.602,156.466,-61.864,-89.5572,Charge,27.6932,27.6932,46.0437,optimal,2451,34.85,70.856,34.85,70.856,-36.006,-41.5647,Charge,5.5587,5.5587,39.9873,optimal,2451,0.0,0.0,0.0,0.0,0.0,-0.0,Idle,0.0,0.0,-1,optimal,2458,0.0,0.0,0.0,0.0,0.0,-0.0,Idle,0.0,0.0,-1,optimal,2447,66.346,111.07,66.346,111.07,-44.724,-62.1153,Charge,17.3913,17.3913,43.8028,optimal,2450,23.314,35.348,23.314,35.348,-12.034,-17.3151,Charge,5.2811,5.2811,42.2379,optimal,2458,109.32,191.628,109.32,191.628,-82.308,-112.2357,Charge,29.9277,29.9277,44.3746,optimal,2446,26.148,49.766,26.148,49.766,-23.618,-29.4038,Charge,5.7858,5.7858,38.913,optimal,283,28.228,42.634,28.228,42.634,-14.406,-22.6725,Charge,8.2665,8.2665,49.3558,optimal,283,39.926,70.656,39.926,70.656,-30.73,-43.1114,Charge,12.3814,12.3814,44.0717,optimal,284
25,1,25,-576.48,200.7204,65.298,110.726,65.298,110.726,-45.428,-58.377,Charge,12.949,12.949,54.0616,52.51,optimal,2461,41.804,73.454,41.804,73.454,-31.65,-42.9079,Charge,11.2579,11.2579,52.0222,optimal,2461,41.224,63.062,41.224,63.062,-21.838,-30.0158,Charge,8.1778,8.1778,43.381,optimal,2452,24.966,45.024,24.966,45.024,-20.058,-27.7441,Charge,7.6861,7.6861,47.1735,optimal,2447,102.158,170.982,102.158,170.982,-68.824,-95.4659,Charge,26.6419,26.6419,47.1837,optimal,2447,88.268,159.134,88.268,159.134,-70.866,-91.6093,Charge,20.7433,20.7433,45.7775,optimal,2458,102.714,168.06,102.714,168.06,-65.346,-93.5021,Charge,28.1561,28.1561,48.984,optimal,2451,38.724,73.198,38.724,73.198,-34.474,-40.0327,Charge,5.5587,5.5587,43.0201,optimal,2451,0.0,0.0,0.0,0.0,0.0,-0.0,Idle,0.0,0.0,-1,optimal,2458,0.0,0.0,0.0,0.0,0.0,-0.0,Idle,0.0,0.0,-1,optimal,2447,66.648,117.074,66.648,117.074,-50.426,-67.8173,Charge,17.3913,17.3913,46.6522,optimal,2451,25.264,36.614,25.264,36.614,-11.35,-16.6311,Charge,5.2811,5.2811,44.5478,optimal,2458,119.798,201.934,119.798,201.934,-82.136,-112.0637,Charge,29.9277,29.9277,47.3082,optimal,2447,27.636,53.12,27.636,53.12,-25.484,-31.2698,Charge,5.7858,5.7858,41.9197,optimal,284,28.316,44.762,28.316,44.762,-16.446,-25.0212,Charge,8.5752,8.5752,52.1359,optimal,283,45.13,77.284,45.13,77.284,-32.154,-44.7426,Charge,12.5886,12.5886,47.3139,optimal,284
26,1,26,-599.418,204.0963,68.302,114.912,68.302,114.912,-46.61,-60.6868,Charge,14.0768,14.0768,55.4848,53.91,optimal,2460,41.69,75.706,41.69,75.706,-34.016,-45.2739,Charge,11.2579,11.2579,55.6154,optimal,2460,44.04,65.232,44.04,65.232,-21.192,-29.5361,Charge,8.3441,8.3441,45.5528,optimal,2452,25.944,47.858,25.944,47.858,-21.914,-29.6001,Charge,7.6861,7.6861,50.3909,optimal,2446,107.04,177.972,107.04,177.972,-70.932,-98.1196,Charge,27.1876,27.1876,50.2693,optimal,2447,91.144,164.648,91.144,164.648,-73.504,-94.2473,Charge,20.7433,20.7433,48.8177,optimal,2458,106.562,175.38,106.562,175.38,-68.818,-97.6949,Charge,28.8769,28.8769,52.0562,optimal,2453,39.904,75.044,39.904,75.044,-35.14,-40.6987,Charge,5.5587,5.5587,46.1033,optimal,2453,0.0,0.0,0.0,0.0,0.0,-0.0,Idle,0.0,0.0,-1,optimal,2458,0.0,0.0,0.0,0.0,0.0,-0.0,Idle,0.0,0.0,-1,optimal,2447,70.146,120.252,70.146,120.252,-50.106,-67.4973,Charge,17.3913,17.3913,49.4882,optimal,2452,26.068,38.876,26.068,38.876,-12.808,-18.0891,Charge,5.2811,5.2811,47.0601,optimal,2458,124.572,210.6,124.572,210.6,-86.028,-115.9557,Charge,29.9277,29.9277,50.3437,optimal,2446,25.034,53.418,25.034,53.418,-28.384,-34.1698,Charge,5.7858,5.7858,45.2053,optimal,283,33.74,48.28,33.74,48.28,-14.54,-23.6915,Charge,9.1515,9.1515,54.7683,optimal,284,46.686,82.112,46.686,82.112,-35.426,-48.2537,Charge,12.8277,12.8277,50.8105,optimal,283
27,1,27,-636.43,208.9287,66.218,115.398,66.218,115.398,-49.18,-64.5789,Charge,15.3989,15.3989,57.0756,55.42,optimal,2461,38.43,78.514,38.43,78.514,-40.084,-51.3419,Charge,11.2579,11.2579,59.6901,optimal,2461,46.118,65.282,46.118,65.282,-19.164,-27.6261,Charge,8.4621,8.4621,47.5841,optimal,2452,26.872,48.894,26.872,48.894,-22.022,-29.7081,Charge,7.6861,7.6861,53.6201,optimal,2448,100.774,178.554,100.774,178.554,-77.78,-105.9045,Charge,28.1245,28.1245,53.5996,optimal,2449,93.192,167.778,93.192,167.778,-74.586,-95.3293,Charge,20.7433,20.7433,51.8929,optimal,2457,100.99,178.284,100.99,178.284,-77.294,-107.3035,Charge,30.0095,30.0095,55.4305,optimal,2451,42.208,75.79,42.208,75.79,-33.582,-39.1407,Charge,5.5587,5.5587,49.0685,optimal,2451,0.0,0.0,0.0,0.0,0.0,-0.0,Idle,0.0,0.0,-1,optimal,2457,0.0,0.0,0.0,0.0,0.0,-0.0,Idle,0.0,0.0,-1,optimal,2449,68.752,120.966,68.752,120.966,-52.214,-69.8363,Charge,17.6223,17.6223,52.4225,optimal,2451,25.696,39.638,25.696,39.638,-13.942,-19.2715,Charge,5.3295,5.3295,49.7367,optimal,2458,123.746,214.15,123.746,214.15,-90.404,-120.3317,Charge,29.9277,29.9277,53.4937,optimal,2448,23.51,54.742,23.51,54.742,-31.232,-37.0178,Charge,5.7858,5.7858,48.7647,optimal,284,32.234,48.36,32.234,48.36,-16.126,-26.0393,Charge,9.9133,9.9133,57.6615,optimal,283,43.392,82.212,43.392,82.212,-38.82,-51.9292,Charge,13.1092,13.1092,54.5735,optimal,284
28,1,28,-672.31,214.3547,71.34,120.906,71.34,120.906,-49.566,-66.3387,Charge,16.7727,16.7727,58.6719,57.03,optimal,2461,45.532,80.806,45.532,80.806,-35.274,-46.5319,Charge,11.2579,11.2579,63.3832,optimal,2460,42.188,68.658,42.188,68.658,-26.47,-34.9456,Charge,8.4756,8.4756,50.1537,optimal,2452,25.006,52.42,25.006,52.42,-27.414,-35.1001,Charge,7.6861,7.6861,57.4353,optimal,2447,108.364,186.996,108.364,186.996,-78.632,-107.8124,Charge,29.1804,29.1804,56.9899,optimal,2448,93.33,177.406,93.33,177.406,-84.076,-104.8193,Charge,20.7433,20.7433,55.2741,optimal,2458,112.38,185.4,112.38,185.4,-73.02,-104.2693,Charge,31.2493,31.2493,58.7094,optimal,2451,40.972,78.574,40.972,78.574,-37.602,-43.1607,Charge,5.5587,5.5587,52.3383,optimal,2451,0.0,0.0,0.0,0.0,0.0,-0.0,Idle,0.0,0.0,-1,optimal,2458,0.0,0.0,0.0,0.0,0.0,-0.0,Idle,0.0,0.0,-1,optimal,2448,66.624,130.062,66.624,130.062,-63.438,-81.4892,Charge,18.0512,18.0512,55.8465,optimal,2451,24.818,41.22,24.818,41.22,-16.402,-21.9428,Charge,5.5408,5.5408,52.7843,optimal,2458,130.772,223.854,130.772,223.854,-93.082,-123.0097,Charge,29.9277,29.9277,56.7139,optimal,2447,25.18,58.942,25.18,58.942,-33.762,-39.5478,Charge,5.7858,5.7858,52.5673,optimal,283,30.302,50.258,30.302,50.258,-19.956,-30.7034,Charge,10.7474,10.7474,61.073,optimal,284,50.626,84.242,50.626,84.242,-33.616,-46.9938,Charge,13.3778,13.3778,57.9789,optimal,284
29,1,29,-570.814,41.6236,73.608,121.092,73.608,121.092,-47.484,-50.9372,Charge,3.4532,3.4532,59.5269,58.59,optimal,2460,61.014,77.902,61.014,77.902,-16.888,-18.9396,Charge,2.0516,2.0516,64.8863,optimal,2460,42.698,68.982,42.698,68.982,-26.284,-27.8278,Charge,1.5438,1.5438,52.1998,optimal,2453,30.348,52.928,30.348,52.928,-22.58,-23.9172,Charge,1.3372,1.3372,60.035,optimal,2460,117.86,187.356,117.86,187.356,-69.496,-75.4015,Charge,5.9055,5.9055,59.361,optimal,2460,105.306,177.11,105.306,177.11,-71.804,-75.7527,Charge,3.9487,3.9487,57.7178,optimal,2457,126.118,184.866,126.118,184.866,-58.748,-65.0859,Charge,6.3379,6.3379,60.7561,optimal,2453,46.586,77.35,46.586,77.35,-30.764,-31.6757,Charge,0.9117,0.9117,54.738,optimal,2453,0.0,0.0,0.0,0.0,0.0,0.0,Idle,-0.0,-0.0,-1,optimal,2457,0.0,0.0,0.0,0.0,0.0,0.0,Idle,-0.0,-0.0,-1,optimal,2460,72.308,131.746,72.308,131.746,-59.438,-63.0233,Charge,3.5853,3.5853,58.4945,optimal,2453,21.218,40.26,21.218,40.26,-19.042,-19.9948,Charge,0.9528,0.9528,55.5614,optimal,2457,153.712,224.4,153.712,224.4,-70.688,-76.6563,Charge,5.9683,5.9683,58.7206,optimal,2460,28.71,58.838,28.71,58.838,-30.128,-31.0852,Charge,0.9572,0.9572,55.5563,optimal,283,27.762,49.386,27.762,49.386,-21.624,-23.7306,Charge,2.1066,2.1066,63.7098,optimal,283,59.672,85.518,59.672,85.518,-25.846,-28.4099,Charge,2.5639,2.5639,60.0376,optimal,283
30,1,30,-481.86,44.3722,73.3,116.338,73.3,116.338,-43.038,-46.8319,Charge,3.7939,3.7939,60.8857,59.83,optimal,2460,61.084,74.532,61.084,74.532,-13.448,-15.5551,Charge,2.1071,2.1071,66.1208,optimal,2460,44.962,67.324,44.962,67.324,-22.362,-24.0241,Charge,1.6621,1.6621,53.9663,optimal,2452,33.96,51.478,33.96,51.478,-17.518,-18.8707,Charge,1.3527,1.3527,62.0862,optimal,2460,120.028,180.124,120.028,180.124,-60.096,-66.4559,Charge,6.3599,6.3599,61.4508,optimal,2460,112.772,171.338,112.772,171.338,-58.566,-62.5147,Charge,3.9487,3.9487,59.7344,optimal,2456,129.19,177.682,129.19,177.682,-48.492,-55.3208,Charge,6.8288,6.8288,62.4958,optimal,2453,48.4,74.664,48.4,74.664,-26.264,-27.1757,Charge,0.9117,0.9117,56.7967,optimal,2453,0.0,0.0,0.0,0.0,0.0,0.0,Idle,-0.0,-0.0,-1,optimal,2456,0.0,0.0,0.0,0.0,0.0,0.0,Idle,-0.0,-0.0,-1,optimal,2460,78.3,126.856,78.3,126.856,-48.556,-52.4537,Charge,3.8977,3.8977,60.6984,optimal,2452,18.146,38.754,18.146,38.754,-20.608,-21.6244,Charge,1.0164,1.0164,58.5648,optimal,2456,160.47,217.704,160.47,217.704,-57.234,-63.7261,Charge,6.4921,6.4921,60.3888,optimal,2460,32.046,55.66,32.046,55.66,-23.614,-24.5712,Charge,0.9572,0.9572,57.9189,optimal,283,28.184,47.57,28.184,47.57,-19.386,-21.6884,Charge,2.3024,2.3024,66.1196,optimal,283,60.364,83.042,60.364,83.042,-22.678,-25.4195,Charge,2.7415,2.7415,61.8795,optimal,283
31,1,31,-273.328,48.2014,79.654,108.952,79.654,108.952,-29.298,-33.4962,Charge,4.1982,4.1982,61.472,60.97,optimal,2460,64.726,71.036,64.726,71.036,-6.31,-8.6668,Charge,2.3568,2.3568,66.8087,optimal,2460,53.92,63.082,53.92,63.082,-9.162,-10.9729,Charge,1.8109,1.8109,54.7731,optimal,2452,34.236,48.292,34.236,48.292,-14.056,-15.5602,Charge,1.5042,1.5042,63.7775,optimal,2459,136.324,168.942,136.324,168.942,-32.618,-39.5684,Charge,6.9504,6.9504,62.6951,optimal,2460,131.666,160.004,131.666,160.004,-28.338,-32.3955,Charge,4.0575,4.0575,60.7794,optimal,2457,140.54,167.35,140.54,167.35,-26.81,-34.2466,Charge,7.4366,7.4366,63.5727,optimal,2452,54.134,69.298,54.134,69.298,-15.164,-16.0757,Charge,0.9117,0.9117,58.0146,optimal,2452,0.0,0.0,0.0,0.0,0.0,-0.0,Idle,0.0,0.0,-1,optimal,2457,0.0,0.0,0.0,0.0,0.0,-0.0,Idle,0.0,0.0,-1,optimal,2460,92.964,118.236,92.964,118.236,-25.272,-29.5396,Charge,4.2676,4.2676,61.9396,optimal,2452,22.16,35.654,22.16,35.654,-13.494,-14.5909,Charge,1.0969,1.0969,60.5913,optimal,2457,172.954,204.872,172.954,204.872,-31.918,-39.0456,Charge,7.1276,7.1276,61.4109,optimal,2459,42.002,51.362,42.002,51.362,-9.36,-10.3172,Charge,0.9572,0.9572,58.9109,optimal,283,32.562,44.652,32.562,44.652,-12.09,-14.6136,Charge,2.5236,2.5236,67.7433,optimal,283,59.926,79.364,59.926,79.364,-19.438,-22.4402,Charge,3.0022,3.0022,63.5056,optimal,283
32,1,32,-64.514,52.6526,87.28,99.974,87.28,99.974,-12.694,-17.3016,Charge,4.6076,4.6076,61.8181,61.73,optimal,2461,70.356,64.644,70.356,64.644,5.712,3.1145,Discharge,2.5975,2.5975,66.5615,optimal,2461,59.35,58.552,59.35,58.552,0.798,-1.1974,Charge,1.9954,1.9954,54.8612,optimal,2453,37.036,44.254,37.036,44.254,-7.218,-8.9178,Charge,1.6998,1.6998,64.7468,optimal,2459,144.07,156.032,144.07,156.032,-11.962,-19.5343,Charge,7.5723,7.5723,63.3094,optimal,2459,148.346,146.51,148.346,146.51,1.836,-2.6593,Charge,4.4953,4.4953,60.8652,optimal,2456,154.924,154.346,154.924,154.346,0.578,-7.4995,Charge,8.0775,8.0775,63.8085,optimal,2453,56.068,63.608,56.068,63.608,-7.54,-8.4569,Charge,0.9169,0.9169,58.6553,optimal,2453,0.0,0.0,0.0,0.0,0.0,-0.0,Idle,0.0,0.0,-1,optimal,2456,0.0,0.0,0.0,0.0,0.0,-0.0,Idle,0.0,0.0,-1,optimal,2459,101.924,108.716,101.924,108.716,-6.792,-11.5098,Charge,4.7178,4.7178,62.4232,optimal,2452,25.59,32.078,25.59,32.078,-6.488,-7.6908,Charge,1.2028,1.2028,61.6595,optimal,2456,186.036,189.334,186.036,189.334,-3.298,-11.0792,Charge,7.7812,7.7812,61.701,optimal,2459,45.19,46.896,45.19,46.896,-1.706,-2.6632,Charge,0.9572,0.9572,59.167,optimal,283,38.538,40.846,38.538,40.846,-2.308,-5.101,Charge,2.793,2.793,68.3101,optimal,283,60.416,73.848,60.416,73.848,-13.432,-16.6704,Charge,3.2384,3.2384,64.7136,optimal,283
33,1,33,70.638,57.5961,88.974,85.626,88.974,85.626,3.348,-1.6789,Charge,5.0269,5.0269,61.8123,62.11,optimal,2460,64.936,55.788,64.936,55.788,9.148,6.3379,Discharge,2.8101,2.8101,66.0585,optimal,2460,62.74,50.76,62.74,50.76,11.98,9.7705,Discharge,2.2095,2.2095,54.1428,optimal,2452,29.886,39.172,29.886,39.172,-9.286,-11.219,Charge,1.933,1.933,65.9663,optimal,2459,141.024,134.168,141.024,134.168,6.856,-1.3794,Charge,8.2354,8.2354,63.3528,optimal,2459,139.29,127.976,139.29,127.976,11.314,6.3275,Discharge,4.9865,4.9865,60.661,optimal,2457,152.76,132.756,152.76,132.756,20.004,11.2855,Discharge,8.7185,8.7185,63.4537,optimal,2452,53.812,54.594,53.812,54.594,-0.782,-1.8923,Charge,1.1103,1.1103,58.7986,optimal,2452,0.0,0.0,0.0,0.0,0.0,0.0,Idle,-0.0,-0.0,-1,optimal,2457,0.0,0.0,0.0,0.0,0.0,0.0,Idle,-0.0,-0.0,-1,optimal,2459,101.398,95.204,101.398,95.204,6.194,0.9743,Discharge,5.2197,5.2197,62.3823,optimal,2452,26.448,27.0,26.448,27.0,-0.552,-1.8882,Charge,1.3362,1.3362,61.9217,optimal,2457,173.788,164.022,173.788,164.022,9.766,1.2903,Discharge,8.4757,8.4757,61.6672,optimal,2459,39.992,40.978,39.992,40.978,-0.986,-1.9432,Charge,0.9572,0.9572,59.3539,optimal,283,43.33,35.31,43.33,35.31,8.02,4.9458,Discharge,3.0742,3.0742,67.7606,optimal,283,58.796,63.182,58.796,63.182,-4.386,-7.8889,Charge,3.5029,3.5029,65.2853,optimal,283
34,1,34,276.038,63.3059,91.22,71.08,91.22,71.08,20.14,14.6556,Discharge,5.4844,5.4844,61.3916,62.11,optimal,2460,66.256,45.522,66.256,45.522,20.734,17.6564,Discharge,3.0776,3.0776,64.6572,optimal,2460,60.002,42.178,60.002,42.178,17.824,15.3548,Discharge,2.4692,2.4692,53.0137,optimal,2452,34.898,32.474,34.898,32.474,2.424,0.2579,Idle,2.1661,2.1661,65.9382,optimal,2458,143.782,111.084,143.782,111.084,32.698,23.725,Discharge,8.973,8.973,62.6067,optimal,2458,135.214,105.72,135.214,105.72,29.494,23.9355,Discharge,5.5585,5.5585,59.8889,optimal,2457,157.408,109.798,157.408,109.798,47.61,38.1496,Discharge,9.4604,9.4604,62.254,optimal,2452,50.736,44.18,50.736,44.18,6.556,5.1997,Discharge,1.3563,1.3563,58.4047,optimal,2452,0.0,0.0,0.0,0.0,0.0,-0.0,Idle,0.0,0.0,-1,optimal,2457,0.0,0.0,0.0,0.0,0.0,-0.0,Idle,0.0,0.0,-1,optimal,2458,106.926,78.946,106.926,78.946,27.98,22.2467,Discharge,5.7333,5.7333,61.4475,optimal,2452,29.126,21.772,29.126,21.772,7.354,5.8603,Discharge,1.4937,1.4937,61.1078,optimal,2457,168.546,136.558,168.546,136.558,31.988,22.7003,Discharge,9.2877,9.2877,61.073,optimal,2458,43.16,33.83,43.16,33.83,9.33,8.2689,Discharge,1.0611,1.0611,58.5588,optimal,283,48.34,28.566,48.34,28.566,19.774,16.4014,Discharge,3.3726,3.3726,65.9382,optimal,283,55.264,53.132,55.264,53.132,2.132,-1.6799,Charge,3.8119,3.8119,65.407,optimal,284
35,1,35,554.818,70.3572,96.882,57.722,96.882,57.722,39.16,33.2002,Discharge,5.9598,5.9598,60.4825,61.71,optimal,2460,68.738,35.528,68.738,35.528,33.21,29.7702,Discharge,3.4398,3.4398,62.2945,optimal,2460,57.29,32.786,57.29,32.786,24.504,21.7141,Discharge,2.7899,2.7899,51.4171,optimal,2452,49.192,26.164,49.192,26.164,23.028,20.562,Discharge,2.466,2.466,63.7032,optimal,2458,154.65,89.422,154.65,89.422,65.228,55.3964,Discharge,9.8316,9.8316,60.8647,optimal,2459,144.504,82.594,144.504,82.594,61.91,55.5517,Discharge,6.3583,6.3583,58.0969,optimal,2457,164.626,88.53,164.626,88.53,76.096,65.774,Discharge,10.322,10.322,60.1856,optimal,2455,52.294,33.488,52.294,33.488,18.806,17.1219,Discharge,1.6841,1.6841,57.1076,optimal,2455,0.0,0.0,0.0,0.0,0.0,-0.0,Idle,0.0,0.0,-1,optimal,2457,0.0,0.0,0.0,0.0,0.0,-0.0,Idle,0.0,0.0,-1,optimal,2459,122.258,63.688,122.258,63.688,58.57,52.1976,Discharge,6.3724,6.3724,59.2544,optimal,2454,32.45,16.618,32.45,16.618,15.832,14.1619,Discharge,1.6701,1.6701,59.1409,optimal,2457,180.396,108.224,180.396,108.224,72.172,61.8589,Discharge,10.3131,10.3131,59.4536,optimal,2458,43.956,27.084,43.956,27.084,16.872,15.575,Discharge,1.297,1.297,57.0612,optimal,283,54.17,22.566,54.17,22.566,31.604,27.93,Discharge,3.674,3.674,62.8349,optimal,283,61.576,43.75,61.576,43.75,17.826,13.6471,Discharge,4.1789,4.1789,64.4181,optimal,283
36,1,36,937.924,78.4863,109.798,42.846,109.798,42.846,66.952,60.4593,Discharge,6.4927,6.4927,58.7463,60.83,optimal,2460,71.59,25.256,71.59,25.256,46.334,42.495,Discharge,3.839,3.839,58.9218,optimal,2460,66.432,21.988,66.432,21.988,44.444,41.2815,Discharge,3.1625,3.1625,48.3817,optimal,2452,60.71,19.032,60.71,19.032,41.678,38.8621,Discharge,2.8159,2.8159,59.4791,optimal,2457,172.592,65.872,172.592,65.872,106.72,95.8952,Discharge,10.8248,10.8248,57.8491,optimal,2458,172.026,57.15,172.026,57.15,114.876,107.5773,Discharge,7.2987,7.2987,54.6267,optimal,2457,175.732,65.114,175.732,65.114,110.618,99.3175,Discharge,11.3005,11.3005,57.0624,optimal,2452,66.426,22.348,66.426,22.348,44.078,42.0115,Discharge,2.0665,2.0665,53.9249,optimal,2452,0.0,0.0,0.0,0.0,0.0,-0.0,Idle,0.0,0.0,-1,optimal,2457,0.0,0.0,0.0,0.0,0.0,-0.0,Idle,0.0,0.0,-1,optimal,2458,137.444,46.126,137.444,46.126,91.318,84.2004,Discharge,7.1176,7.1176,55.7165,optimal,2452,37.9,11.524,37.9,11.524,26.376,24.5045,Discharge,1.8715,1.8715,55.7375,optimal,2457,207.25,77.158,207.25,77.158,130.092,118.6081,Discharge,11.4839,11.4839,56.3487,optimal,2457,54.476,19.356,54.476,19.356,35.12,33.534,Discharge,1.586,1.586,53.8367,optimal,283,57.664,16.542,57.664,16.542,41.122,37.0955,Discharge,4.0265,4.0265,58.7131,optimal,283,70.984,32.788,70.984,32.788,38.196,33.5959,Discharge,4.6001,4.6001,61.9836,optimal,283
37,1,37,1150.222,87.7589,110.95,26.944,110.95,26.944,84.006,76.967,Discharge,7.039,7.039,57.0571,59.29,optimal,2461,75.526,15.218,75.526,15.218,60.308,56.0108,Discharge,4.2972,4.2972,54.4765,optimal,2461,63.2,13.5,63.2,13.5,49.7,46.0811,Discharge,3.6189,3.6189,44.9934,optimal,2452,59.706,12.622,59.706,12.622,47.084,43.8879,Discharge,3.1961,3.1961,54.7087,optimal,2456,174.742,41.158,174.742,41.158,133.584,121.6429,Discharge,11.9411,11.9411,54.0239,optimal,2456,174.642,35.038,174.642,35.038,139.604,131.1755,Discharge,8.4285,8.4285,50.3952,optimal,2457,182.91,40.734,182.91,40.734,142.176,129.7698,Discharge,12.4062,12.4062,52.9816,optimal,2452,61.778,12.94,61.778,12.94,48.838,46.3034,Discharge,2.5346,2.5346,50.4171,optimal,2452,0.0,0.0,0.0,0.0,0.0,-0.0,Idle,0.0,0.0,-1,optimal,2457,0.0,0.0,0.0,0.0,0.0,-0.0,Idle,0.0,0.0,-1,optimal,2456,141.17,30.132,141.17,30.132,111.038,103.0653,Discharge,7.9727,7.9727,51.3861,optimal,2452,40.886,6.316,40.886,6.316,34.57,32.4795,Discharge,2.0905,2.0905,51.2264,optimal,2457,208.738,47.898,208.738,47.898,160.84,147.9998,Discharge,12.8402,12.8402,52.4743,optimal,2456,55.778,12.228,55.778,12.228,43.55,41.6178,Discharge,1.9322,1.9322,49.835,optimal,283,56.216,10.648,56.216,10.648,45.568,41.159,Discharge,4.409,4.409,54.1399,optimal,284,69.51,20.154,69.51,20.154,49.356,44.3032,Discharge,5.0528,5.0528,58.7732,optimal,283
38,1,38,1281.556,97.9879,101.054,12.92,101.054,12.92,88.134,80.5289,Discharge,7.6051,7.6051,55.3425,57.43,optimal,2460,79.98,7.806,79.98,7.806,72.174,67.3382,Discharge,4.8358,4.8358,49.1322,optimal,2460,57.632,7.592,57.632,7.592,50.04,45.8897,Discharge,4.1503,4.1503,41.6191,optimal,2452,60.376,6.872,60.376,6.872,53.504,49.9019,Discharge,3.6021,3.6021,49.2846,optimal,2456,176.9,20.346,176.9,20.346,156.554,143.3943,Discharge,13.1597,13.1597,49.5146,optimal,2456,166.554,18.548,166.554,18.548,148.006,138.3241,Discharge,9.6819,9.6819,45.9332,optimal,2457,182.798,20.158,182.798,20.158,162.64,149.0152,Discharge,13.6248,13.6248,48.2956,optimal,2452,55.7,6.642,55.7,6.642,49.058,45.9825,Discharge,3.0755,3.0755,46.9335,optimal,2452,0.0,0.0,0.0,0.0,0.0,-0.0,Idle,0.0,0.0,-1,optimal,2457,0.0,0.0,0.0,0.0,0.0,-0.0,Idle,0.0,0.0,-1,optimal,2456,139.212,16.424,139.212,16.424,122.788,113.8899,Discharge,8.8981,8.8981,46.6008,optimal,2452,32.694,3.15,32.694,3.15,29.544,27.2349,Discharge,2.3091,2.3091,47.4438,optimal,2457,211.104,24.182,211.104,24.182,186.922,172.535,Discharge,14.387,14.387,47.9577,optimal,2456,58.02,6.344,58.02,6.344,51.676,49.3623,Discharge,2.3137,2.3137,45.0887,optimal,283,47.65,5.744,47.65,5.744,41.906,37.1179,Discharge,4.7881,4.7881,50.0157,optimal,283,77.574,8.964,77.574,8.964,68.61,63.0534,Discharge,5.5566,5.5566,54.2042,optimal,284
39,1,39,1274.304,108.282,88.364,4.61,88.364,4.61,83.754,75.5681,Discharge,8.1859,8.1859,53.7257,55.46,optimal,2461,78.028,3.586,78.028,3.586,74.442,69.063,Discharge,5.379,5.379,43.651,optimal,2461,58.696,3.462,58.696,3.462,55.234,50.5167,Discharge,4.7173,4.7173,37.9047,optimal,2452,53.998,2.69,53.998,2.69,51.308,47.2789,Discharge,4.0291,4.0291,44.1455,optimal,2454,160.68,7.924,160.68,7.924,152.756,138.4013,Discharge,14.3547,14.3547,45.1624,optimal,2455,157.864,8.04,157.864,8.04,149.824,138.8268,Discharge,10.9972,10.9972,41.4549,optimal,2457,166.966,7.838,166.966,7.838,159.128,144.2815,Discharge,14.8465,14.8465,43.7584,optimal,2452,56.164,3.158,56.164,3.158,53.006,49.3431,Discharge,3.6629,3.6629,43.1954,optimal,2452,0.0,0.0,0.0,0.0,0.0,-0.0,Idle,0.0,0.0,-1,optimal,2457,0.0,0.0,0.0,0.0,0.0,-0.0,Idle,0.0,0.0,-1,optimal,2455,124.72,6.488,124.72,6.488,118.232,108.3964,Discharge,9.8356,9.8356,42.0463,optimal,2451,30.566,1.294,30.566,1.294,29.272,26.7441,Discharge,2.5279,2.5279,43.7293,optimal,2457,200.022,10.154,200.022,10.154,189.868,173.8652,Discharge,16.0028,16.0028,43.4063,optimal,2454,52.216,2.584,52.216,2.584,49.632,46.9345,Discharge,2.6975,2.6975,40.5757,optimal,283,42.344,2.054,42.344,2.054,40.29,35.3061,Discharge,4.9839,4.9839,46.0928,optimal,284,70.744,3.186,70.744,3.186,67.558,61.4963,Discharge,6.0617,6.0617,49.7479,optimal,284
40,1,40,1284.292,118.8224,85.14,0.808,85.14,0.808,84.332,75.4846,Discharge,8.8474,8.8474,51.7598,53.58,optimal,2461,76.194,0.766,76.194,0.766,75.428,69.5208,Discharge,5.9072,5.9072,38.1335,optimal,2461,58.73,0.548,58.73,0.548,58.182,52.8949,Discharge,5.2871,5.2871,34.0154,optimal,2452,55.9,0.508,55.9,0.508,55.392,50.9168,Discharge,4.4752,4.4752,38.6111,optimal,2454,148.088,1.528,148.088,1.528,146.56,130.9227,Discharge,15.6373,15.6373,41.0453,optimal,2454,156.612,1.408,156.612,1.408,155.204,142.8784,Discharge,12.3256,12.3256,36.8459,optimal,2457,155.462,1.518,155.462,1.518,153.944,137.8094,Discharge,16.1346,16.1346,39.4248,optimal,2452,61.51,0.502,61.51,0.502,61.008,56.7697,Discharge,4.2383,4.2383,38.8947,optimal,2452,0.0,0.0,0.0,0.0,0.0,-0.0,Idle,0.0,0.0,-1,optimal,2457,0.0,0.0,0.0,0.0,0.0,-0.0,Idle,0.0,0.0,-1,optimal,2454,120.472,1.174,120.472,1.174,119.298,108.4612,Discharge,10.8368,10.8368,37.4891,optimal,2452,29.878,0.224,29.878,0.224,29.654,26.8592,Discharge,2.7948,2.7948,39.9989,optimal,2457,194.922,1.898,194.922,1.898,193.024,175.3962,Discharge,17.6278,17.6278,38.8148,optimal,2454,46.066,0.456,46.066,0.456,45.61,42.4918,Discharge,3.1182,3.1182,36.49,optimal,284,44.578,0.336,44.578,0.336,44.242,39.2581,Discharge,4.9839,4.9839,41.7308,optimal,283,63.064,0.65,63.064,0.65,62.414,55.8058,Discharge,6.6082,6.6082,45.704,optimal,283
41,1,41,1239.842,659.6382,95.846,0.012,95.846,0.012,95.834,47.0184,Discharge,48.8156,48.8156,51.2752,51.82,optimal,2463,60.812,0.0,60.812,0.0,60.812,27.6787,Discharge,33.1333,33.1333,35.9368,optimal,2463,53.898,0.0,53.898,0.0,53.898,23.6391,Discharge,30.2589,30.2589,32.2772,optimal,2448,52.606,0.002,52.606,0.002,52.604,28.8118,Discharge,23.7922,23.7922,35.4794,optimal,2409,150.64,0.012,150.64,0.012,150.628,64.7256,Discharge,85.9024,85.9024,39.0099,optimal,2412,138.106,0.002,138.106,0.002,138.104,68.96,Discharge,69.144,69.144,34.6214,optimal,2461,150.802,0.012,150.802,0.012,150.79,62.3585,Discharge,88.4315,88.4315,37.4639,optimal,2447,55.278,0.0,55.278,0.0,55.278,30.3485,Discharge,24.9295,24.9295,36.5956,optimal,2447,0.0,0.0,0.0,0.0,0.0,-0.0,Idle,0.0,0.0,-1,optimal,2461,0.0,0.0,0.0,0.0,0.0,-0.0,Idle,0.0,0.0,-1,optimal,2412,117.496,0.014,117.496,0.014,117.482,57.2217,Discharge,60.2603,60.2603,35.0848,optimal,2445,27.116,0.0,27.116,0.0,27.116,10.6417,Discharge,16.4743,16.4743,38.5209,optimal,2461,182.444,0.002,182.444,0.002,182.442,85.3398,Discharge,97.1022,97.1022,36.5807,optimal,2409,39.096,0.012,39.096,0.012,39.084,20.4252,Discharge,18.6588,18.6588,34.526,optimal,284,47.852,0.0,47.852,0.0,47.852,21.9323,Discharge,25.9197,25.9197,39.2939,optimal,283,67.918,0.0,67.918,0.0,67.918,31.1025,Discharge,36.8155,36.8155,43.4502,optimal,284
42,1,42,1251.722,687.3283,106.914,0.024,106.914,0.024,106.89,55.7337,Discharge,51.1563,51.1563,49.088,50.65,optimal,2459,55.296,0.0,55.296,0.0,55.296,21.714,Discharge,33.582,33.582,34.2135,optimal,2459,52.32,0.012,52.32,0.012,52.308,19.6264,Discharge,32.6816,32.6816,30.8341,optimal,2442,45.388,0.012,45.388,0.012,45.376,21.5838,Discharge,23.7922,23.7922,33.1333,optimal,2407,162.972,0.036,162.972,0.036,162.936,74.6947,Discharge,88.2413,88.2413,36.661,optimal,2410,128.962,0.036,128.962,0.036,128.926,54.3178,Discharge,74.6082,74.6082,32.8692,optimal,2460,159.356,0.024,159.356,0.024,159.332,69.2881,Discharge,90.0439,90.0439,35.285,optimal,2443,49.522,0.012,49.522,0.012,49.51,22.2292,Discharge,27.2808,27.2808,34.9115,optimal,2443,0.0,0.0,0.0,0.0,0.0,-0.0,Idle,0.0,0.0,-1,optimal,2460,0.0,0.0,0.0,0.0,0.0,-0.0,Idle,0.0,0.0,-1,optimal,2410,114.922,0.048,114.922,0.048,114.874,52.587,Discharge,62.287,62.287,32.8753,optimal,2442,35.098,0.0,35.098,0.0,35.098,17.3437,Discharge,17.7543,17.7543,36.112,optimal,2461,174.8,0.012,174.8,0.012,174.788,74.1812,Discharge,100.6068,100.6068,34.6388,optimal,2407,40.804,0.036,40.804,0.036,40.768,20.4369,Discharge,20.3311,20.3311,32.5609,optimal,283,52.602,0.012,52.602,0.012,52.59,26.6703,Discharge,25.9197,25.9197,36.3305,optimal,284,73.03,0.0,73.03,0.0,73.03,33.9868,Discharge,39.0432,39.0432,40.9874,optimal,283
43,1,43,1204.924,691.2359,100.72,0.024,100.72,0.024,100.696,50.19,Discharge,50.506,50.506,48.1897,49.27,optimal,2463,54.754,0.0,54.754,0.0,54.754,21.172,Discharge,33.582,33.582,32.5332,optimal,2463,53.258,0.012,53.258,0.012,53.246,19.5732,Discharge,33.6728,33.6728,29.3949,optimal,2445,42.574,0.0,42.574,0.0,42.574,18.7818,Discharge,23.7922,23.7922,31.0918,optimal,2405,153.958,0.024,153.958,0.024,153.934,65.6927,Discharge,88.2413,88.2413,34.5952,optimal,2407,127.352,0.012,127.352,0.012,127.34,52.7318,Discharge,74.6082,74.6082,31.1682,optimal,2461,151.602,0.024,151.602,0.024,151.578,61.5341,Discharge,90.0439,90.0439,33.35,optimal,2445,50.684,0.012,50.684,0.012,50.672,22.6231,Discharge,28.0489,28.0489,33.1977,optimal,2445,0.0,0.0,0.0,0.0,0.0,-0.0,Idle,0.0,0.0,-1,optimal,2461,0.0,0.0,0.0,0.0,0.0,-0.0,Idle,0.0,0.0,-1,optimal,2407,108.846,0.0,108.846,0.0,108.846,46.559,Discharge,62.287,62.287,30.919,optimal,2444,32.79,0.012,32.79,0.012,32.778,13.7759,Discharge,19.0021,19.0021,34.1987,optimal,2462,171.682,0.024,171.682,0.024,171.658,71.0512,Discharge,100.6068,100.6068,32.7788,optimal,2405,38.618,0.0,38.618,0.0,38.618,16.7362,Discharge,21.8818,21.8818,30.9517,optimal,283,49.008,0.012,49.008,0.012,48.996,23.0763,Discharge,25.9197,25.9197,33.7665,optimal,284,69.246,0.012,69.246,0.012,69.234,30.1908,Discharge,39.0432,39.0432,38.7997,optimal,284
44,1,44,1250.378,691.8808,111.68,0.0,111.68,0.0,111.68,61.6331,Discharge,50.0469,50.0469,46.2488,48.03,optimal,2459,53.702,0.0,53.702,0.0,53.702,20.12,Discharge,33.582,33.582,30.9363,optimal,2459,49.562,0.0,49.562,0.0,49.562,15.8892,Discharge,33.6728,33.6728,28.2265,optimal,2442,45.878,0.0,45.878,0.0,45.878,22.0858,Discharge,23.7922,23.7922,28.6912,optimal,2407,163.306,0.0,163.306,0.0,163.306,75.0647,Discharge,88.2413,88.2413,32.2347,optimal,2410,126.68,0.0,126.68,0.0,126.68,52.0718,Discharge,74.6082,74.6082,29.4884,optimal,2462,161.74,0.0,161.74,0.0,161.74,71.6961,Discharge,90.0439,90.0439,31.0954,optimal,2443,46.992,0.0,46.992,0.0,46.992,18.9431,Discharge,28.0489,28.0489,31.7626,optimal,2443,0.0,0.0,0.0,0.0,0.0,-0.0,Idle,0.0,0.0,-1,optimal,2462,0.0,0.0,0.0,0.0,0.0,-0.0,Idle,0.0,0.0,-1,optimal,2410,109.866,0.0,109.866,0.0,109.866,47.579,Discharge,62.287,62.287,28.9199,optimal,2442,28.678,0.0,28.678,0.0,28.678,9.6759,Discharge,19.0021,19.0021,32.8548,optimal,2462,185.236,0.0,185.236,0.0,185.236,84.6292,Discharge,100.6068,100.6068,30.5634,optimal,2407,40.102,0.0,40.102,0.0,40.102,17.1161,Discharge,22.9859,22.9859,29.3059,optimal,284,43.798,0.0,43.798,0.0,43.798,17.8783,Discharge,25.9197,25.9197,31.78,optimal,283,83.158,0.0,83.158,0.0,83.158,44.1148,Discharge,39.0432,39.0432,35.6029,optimal,283
45,1,45,1158.552,1385.7154,104.822,0.002,104.822,0.002,104.82,6.0225,Discharge,98.7975,98.7975,47.7348,46.65,optimal,2466,50.626,0.002,50.626,0.002,50.624,-16.7901,Charge,67.4141,67.4141,32.2689,optimal,2465,46.164,0.0,46.164,0.0,46.164,-21.4316,Charge,67.5956,67.5956,29.8024,optimal,2437,40.012,0.012,40.012,0.012,40.0,-7.8344,Charge,47.8344,47.8344,29.5428,optimal,2344,151.746,0.002,151.746,0.002,151.744,-24.9886,Charge,176.7326,176.7326,33.0205,optimal,2349,116.784,0.014,116.784,0.014,116.77,-32.6963,Charge,149.4663,149.4663,30.5432,optimal,2467,152.51,0.002,152.51,0.002,152.508,-27.8297,Charge,180.3377,180.3377,31.9705,optimal,2436,42.34,0.002,42.34,0.002,42.338,-14.0098,Charge,56.3478,56.3478,32.8239,optimal,2436,0.0,0.0,0.0,0.0,0.0,-0.0,Idle,0.0,0.0,-1,optimal,2467,0.0,0.0,0.0,0.0,0.0,-0.0,Idle,0.0,0.0,-1,optimal,2349,100.446,0.014,100.446,0.014,100.432,-24.392,Charge,124.824,124.824,29.9448,optimal,2434,33.052,0.0,33.052,0.0,33.052,-5.2023,Charge,38.2543,38.2543,33.5774,optimal,2468,164.026,0.002,164.026,0.002,164.024,-37.4397,Charge,201.4637,201.4637,31.5435,optimal,2344,38.004,0.012,38.004,0.012,37.992,-8.2297,Charge,46.2217,46.2217,30.0972,optimal,283,43.71,0.002,43.71,0.002,43.708,-8.3814,Charge,52.0894,52.0894,32.7113,optimal,284,74.376,0.0,74.376,0.0,74.376,-3.9604,Charge,78.3364,78.3364,35.8899,optimal,284
46,1,46,1020.98,1386.6989,82.278,0.05,82.278,0.05,82.228,-17.553,Charge,99.781,99.781,47.5104,46.56,optimal,2464,54.696,0.0,54.696,0.0,54.696,-12.7181,Charge,67.4141,67.4141,33.2782,optimal,2462,43.22,0.0,43.22,0.0,43.22,-24.3756,Charge,67.5956,67.5956,31.5947,optimal,2440,34.344,0.002,34.344,0.002,34.342,-13.4924,Charge,47.8344,47.8344,31.0093,optimal,2349,128.12,0.05,128.12,0.05,128.07,-48.6626,Charge,176.7326,176.7326,34.5508,optimal,2355,109.662,0.002,109.662,0.002,109.66,-39.8063,Charge,149.4663,149.4663,31.8272,optimal,2466,131.07,0.05,131.07,0.05,131.02,-49.3177,Charge,180.3377,180.3377,33.5214,optimal,2437,44.458,0.0,44.458,0.0,44.458,-11.8898,Charge,56.3478,56.3478,33.7247,optimal,2437,0.0,0.0,0.0,0.0,0.0,-0.0,Idle,0.0,0.0,-1,optimal,2466,0.0,0.0,0.0,0.0,0.0,-0.0,Idle,0.0,0.0,-1,optimal,2355,84.582,0.028,84.582,0.028,84.554,-40.27,Charge,124.824,124.824,31.6368,optimal,2434,28.09,0.0,28.09,0.0,28.09,-10.1643,Charge,38.2543,38.2543,34.9891,optimal,2470,150.658,0.026,150.658,0.026,150.632,-50.8317,Charge,201.4637,201.4637,32.8742,optimal,2349,34.418,0.024,34.418,0.024,34.394,-11.8277,Charge,46.2217,46.2217,31.2345,optimal,284,34.684,0.002,34.684,0.002,34.682,-17.4074,Charge,52.0894,52.0894,34.6454,optimal,284,60.958,0.024,60.958,0.024,60.934,-17.4024,Charge,78.3364,78.3364,37.151,optimal,285
47,1,47,883.94,1387.6007,69.702,0.012,69.702,0.012,69.69,-30.9928,Charge,100.6828,100.6828,48.0793,47.03,optimal,2466,52.306,0.0,52.306,0.0,52.306,-15.1081,Charge,67.4141,67.4141,34.4773,optimal,2465,36.27,0.0,36.27,0.0,36.27,-31.3256,Charge,67.5956,67.5956,33.8981,optimal,2440,25.718,0.0,25.718,0.0,25.718,-22.1164,Charge,47.8344,47.8344,33.4133,optimal,2352,111.736,0.024,111.736,0.024,111.712,-65.0206,Charge,176.7326,176.7326,36.5954,optimal,2357,95.754,0.012,95.754,0.012,95.742,-53.7243,Charge,149.4663,149.4663,33.5603,optimal,2466,113.008,0.012,113.008,0.012,112.996,-67.3417,Charge,180.3377,180.3377,35.639,optimal,2439,40.438,0.0,40.438,0.0,40.438,-15.9098,Charge,56.3478,56.3478,34.9299,optimal,2439,0.0,0.0,0.0,0.0,0.0,-0.0,Idle,0.0,0.0,-1,optimal,2466,0.0,0.0,0.0,0.0,0.0,-0.0,Idle,0.0,0.0,-1,optimal,2357,67.312,0.012,67.312,0.012,67.3,-57.524,Charge,124.824,124.824,34.0538,optimal,2437,32.172,0.0,32.172,0.0,32.172,-6.0823,Charge,38.2543,38.2543,35.8338,optimal,2467,124.354,0.012,124.354,0.012,124.342,-77.1217,Charge,201.4637,201.4637,34.8931,optimal,2352,31.308,0.012,31.308,0.012,31.296,-14.9257,Charge,46.2217,46.2217,32.6697,optimal,284,34.356,0.0,34.356,0.0,34.356,-17.7334,Charge,52.0894,52.0894,36.6158,optimal,284,49.614,0.012,49.614,0.012,49.602,-28.7344,Charge,78.3364,78.3364,39.2332,optimal,284
48,1,48,787.042,1388.6448,58.92,0.012,58.92,0.012,58.908,-42.819,Charge,101.727,101.727,49.129,47.81,optimal,2460,44.31,0.012,44.31,0.012,44.298,-23.1161,Charge,67.4141,67.4141,36.3119,optimal,2458,33.924,0.024,33.924,0.024,33.9,-33.6956,Charge,67.5956,67.5956,36.3757,optimal,2427,24.816,0.0,24.816,0.0,24.816,-23.0184,Charge,47.8344,47.8344,35.9153,optimal,2347,100.988,0.024,100.988,0.024,100.964,-75.7686,Charge,176.7326,176.7326,38.9781,optimal,2353,84.666,0.024,84.666,0.024,84.642,-64.8243,Charge,149.4663,149.4663,35.6514,optimal,2467,101.33,0.024,101.33,0.024,101.306,-79.0317,Charge,180.3377,180.3377,38.1243,optimal,2429,33.79,0.024,33.79,0.024,33.766,-22.5818,Charge,56.3478,56.3478,36.6407,optimal,2429,0.0,0.0,0.0,0.0,0.0,-0.0,Idle,0.0,0.0,-1,optimal,2467,0.0,0.0,0.0,0.0,0.0,-0.0,Idle,0.0,0.0,-1,optimal,2353,63.63,0.0,63.63,0.0,63.63,-61.194,Charge,124.824,124.824,36.6249,optimal,2427,26.664,0.012,26.664,0.012,26.652,-11.6023,Charge,38.2543,38.2543,37.4453,optimal,2468,110.808,0.036,110.808,0.036,110.772,-90.6917,Charge,201.4637,201.4637,37.2672,optimal,2347,28.716,0.0,28.716,0.0,28.716,-17.5057,Charge,46.2217,46.2217,34.3529,optimal,283,30.322,0.0,30.322,0.0,30.322,-21.7674,Charge,52.0894,52.0894,39.0344,optimal,284,44.374,0.024,44.374,0.024,44.35,-33.9864,Charge,78.3364,78.3364,41.6959,optimal,283
49,2,1,757.41,1390.0247,52.356,0.024,52.356,0.024,52.332,-50.7748,Charge,103.1068,103.1068,50.299,48.91,optimal,2458,48.196,0.002,48.196,0.002,48.194,-19.2201,Charge,67.4141,67.4141,37.8373,optimal,2458,28.882,0.012,28.882,0.012,28.87,-38.7256,Charge,67.5956,67.5956,39.2231,optimal,2437,27.882,0.0,27.882,0.0,27.882,-19.9524,Charge,47.8344,47.8344,38.0841,optimal,2349,96.308,0.024,96.308,0.024,96.284,-80.4486,Charge,176.7326,176.7326,41.5079,optimal,2355,80.952,0.014,80.952,0.014,80.938,-68.5283,Charge,149.4663,149.4663,37.862,optimal,2468,97.398,0.026,97.398,0.026,97.372,-82.9657,Charge,180.3377,180.3377,40.7333,optimal,2436,31.294,0.0,31.294,0.0,31.294,-25.0538,Charge,56.3478,56.3478,38.5387,optimal,2436,0.0,0.0,0.0,0.0,0.0,-0.0,Idle,0.0,0.0,-1,optimal,2468,0.0,0.0,0.0,0.0,0.0,-0.0,Idle,0.0,0.0,-1,optimal,2355,60.638,0.036,60.638,0.036,60.602,-64.222,Charge,124.824,124.824,39.3233,optimal,2434,24.054,0.0,24.054,0.0,24.054,-14.2003,Charge,38.2543,38.2543,39.4175,optimal,2469,110.748,0.014,110.748,0.014,110.734,-90.7297,Charge,201.4637,201.4637,39.6423,optimal,2349,24.534,0.012,24.534,0.012,24.522,-21.6997,Charge,46.2217,46.2217,36.4394,optimal,283,27.29,0.012,27.29,0.012,27.278,-24.8114,Charge,52.0894,52.0894,41.7912,optimal,283,47.054,0.0,47.054,0.0,47.054,-31.2824,Charge,78.3364,78.3364,43.9628,optimal,283
50,2,2,684.528,1391.5563,48.228,0.0,48.228,0.0,48.228,-56.4104,Charge,104.6384,104.6384,51.6752,50.15,optimal,2463,40.704,0.0,40.704,0.0,40.704,-26.7101,Charge,67.4141,67.4141,39.9572,optimal,2462,25.814,0.0,25.814,0.0,25.814,-41.7816,Charge,67.5956,67.5956,42.2953,optimal,2426,27.162,0.0,27.162,0.0,27.162,-20.6724,Charge,47.8344,47.8344,40.3311,optimal,2350,86.834,0.0,86.834,0.0,86.834,-89.8986,Charge,176.7326,176.7326,44.3349,optimal,2356,75.252,0.0,75.252,0.0,75.252,-74.2143,Charge,149.4663,149.4663,40.256,optimal,2466,85.472,0.0,85.472,0.0,85.472,-94.8657,Charge,180.3377,180.3377,43.7165,optimal,2427,27.002,0.0,27.002,0.0,27.002,-29.3458,Charge,56.3478,56.3478,40.7619,optimal,2427,0.0,0.0,0.0,0.0,0.0,-0.0,Idle,0.0,0.0,-1,optimal,2466,0.0,0.0,0.0,0.0,0.0,-0.0,Idle,0.0,0.0,-1,optimal,2356,58.036,0.0,58.036,0.0,58.036,-66.788,Charge,124.824,124.824,42.1296,optimal,2428,19.184,0.0,19.184,0.0,19.184,-19.0703,Charge,38.2543,38.2543,42.0662,optimal,2467,101.366,0.0,101.366,0.0,101.366,-100.0977,Charge,201.4637,201.4637,42.2627,optimal,2350,23.018,0.0,23.018,0.0,23.018,-23.2037,Charge,46.2217,46.2217,38.6705,optimal,284,22.236,0.0,22.236,0.0,22.236,-29.8534,Charge,52.0894,52.0894,45.1082,optimal,284,44.22,0.0,44.22,0.0,44.22,-34.1164,Charge,78.3364,78.3364,46.435,optimal,284
51,2,3,600.958,1393.3343,40.82,0.012,40.82,0.012,40.808,-65.6084,Charge,106.4164,106.4164,53.3661,51.54,optimal,2458,34.89,0.012,34.89,0.012,34.878,-32.5361,Charge,67.4141,67.4141,42.5394,optimal,2458,27.08,0.014,27.08,0.014,27.066,-40.5296,Charge,67.5956,67.5956,45.2754,optimal,2437,22.04,0.0,22.04,0.0,22.04,-25.7944,Charge,47.8344,47.8344,43.1348,optimal,2349,74.152,0.012,74.152,0.012,74.14,-102.5926,Charge,176.7326,176.7326,47.5611,optimal,2355,69.976,0.026,69.976,0.026,69.95,-79.5163,Charge,149.4663,149.4663,42.821,optimal,2468,73.182,0.012,73.182,0.012,73.17,-107.1677,Charge,180.3377,180.3377,47.0866,optimal,2436,27.66,0.026,27.66,0.026,27.634,-28.7138,Charge,56.3478,56.3478,42.9371,optimal,2436,0.0,0.0,0.0,0.0,0.0,-0.0,Idle,0.0,0.0,-1,optimal,2468,0.0,0.0,0.0,0.0,0.0,-0.0,Idle,0.0,0.0,-1,optimal,2355,48.838,0.0,48.838,0.0,48.838,-75.986,Charge,124.824,124.824,45.3222,optimal,2434,15.454,0.012,15.454,0.012,15.442,-22.8123,Charge,38.2543,38.2543,45.2345,optimal,2469,91.706,0.026,91.706,0.026,91.68,-109.7837,Charge,201.4637,201.4637,45.1366,optimal,2349,21.506,0.0,21.506,0.0,21.506,-24.7157,Charge,46.2217,46.2217,41.0471,optimal,283,16.42,0.012,16.42,0.012,16.408,-35.6814,Charge,52.0894,52.0894,49.0728,optimal,283,37.398,0.0,37.398,0.0,37.398,-40.9384,Charge,78.3364,78.3364,49.4015,optimal,283
52,2,4,559.808,1395.592,39.656,0.012,39.656,0.012,39.644,-69.0301,Charge,108.6741,108.6741,54.9238,53.2,optimal,2466,29.358,0.0,29.358,0.0,29.358,-38.0561,Charge,67.4141,67.4141,45.5597,optimal,2465,24.572,0.012,24.572,0.012,24.56,-43.0356,Charge,67.5956,67.5956,48.4398,optimal,2443,22.184,0.0,22.184,0.0,22.184,-25.6504,Charge,47.8344,47.8344,45.9229,optimal,2349,68.99,0.024,68.99,0.024,68.966,-107.7666,Charge,176.7326,176.7326,50.95,optimal,2354,65.436,0.024,65.436,0.024,65.412,-84.0543,Charge,149.4663,149.4663,45.5325,optimal,2466,67.676,0.012,67.676,0.012,67.664,-112.6737,Charge,180.3377,180.3377,50.6298,optimal,2440,22.68,0.012,22.68,0.012,22.668,-33.6798,Charge,56.3478,56.3478,45.4886,optimal,2440,0.0,0.0,0.0,0.0,0.0,-0.0,Idle,0.0,0.0,-1,optimal,2466,0.0,0.0,0.0,0.0,0.0,-0.0,Idle,0.0,0.0,-1,optimal,2354,50.198,0.012,50.198,0.012,50.186,-74.638,Charge,124.824,124.824,48.4583,optimal,2437,13.642,0.0,13.642,0.0,13.642,-24.6123,Charge,38.2543,38.2543,48.6529,optimal,2467,83.876,0.024,83.876,0.024,83.852,-117.6117,Charge,201.4637,201.4637,48.2154,optimal,2351,21.23,0.012,21.23,0.012,21.218,-25.0037,Charge,46.2217,46.2217,43.4513,optimal,284,16.166,0.0,16.166,0.0,16.166,-35.9234,Charge,52.0894,52.0894,53.0643,optimal,284,34.3,0.012,34.3,0.012,34.288,-44.0484,Charge,78.3364,78.3364,52.5934,optimal,284
53,2,5,585.64,1397.8608,38.952,0.036,38.952,0.036,38.916,-72.0269,Charge,110.9429,110.9429,56.7307,54.87,optimal,2458,30.658,0.012,30.658,0.012,30.646,-36.7681,Charge,67.4141,67.4141,48.4778,optimal,2459,27.422,0.002,27.422,0.002,27.42,-40.1756,Charge,67.5956,67.5956,51.3939,optimal,2431,25.06,0.012,25.06,0.012,25.048,-22.7864,Charge,47.8344,47.8344,48.3997,optimal,2345,70.074,0.048,70.074,0.048,70.026,-106.7066,Charge,176.7326,176.7326,54.3055,optimal,2351,70.952,0.014,70.952,0.014,70.938,-78.5283,Charge,149.4663,149.4663,48.0656,optimal,2468,68.436,0.048,68.436,0.048,68.388,-111.9497,Charge,180.3377,180.3377,54.1502,optimal,2433,23.756,0.002,23.756,0.002,23.754,-32.5938,Charge,56.3478,56.3478,47.9579,optimal,2433,0.0,0.0,0.0,0.0,0.0,-0.0,Idle,0.0,0.0,-1,optimal,2468,0.0,0.0,0.0,0.0,0.0,-0.0,Idle,0.0,0.0,-1,optimal,2351,55.06,0.012,55.06,0.012,55.048,-69.776,Charge,124.824,124.824,51.3901,optimal,2428,13.692,0.0,13.692,0.0,13.692,-24.5623,Charge,38.2543,38.2543,52.0644,optimal,2468,90.944,0.062,90.944,0.062,90.882,-110.5817,Charge,201.4637,201.4637,51.1102,optimal,2345,21.168,0.0,21.168,0.0,21.168,-25.0537,Charge,46.2217,46.2217,45.8603,optimal,283,15.25,0.0,15.25,0.0,15.25,-36.8394,Charge,52.0894,52.0894,57.1576,optimal,283,34.512,0.048,34.512,0.048,34.464,-43.8724,Charge,78.3364,78.3364,55.7726,optimal,283
54,2,6,558.49,1400.4696,38.04,0.0,38.04,0.0,38.04,-75.5117,Charge,113.5517,113.5517,58.5716,56.64,optimal,2467,28.226,0.0,28.226,0.0,28.226,-39.1881,Charge,67.4141,67.4141,51.588,optimal,2465,25.598,0.012,25.598,0.012,25.586,-42.0096,Charge,67.5956,67.5956,54.4828,optimal,2443,24.476,0.038,24.476,0.038,24.438,-23.3964,Charge,47.8344,47.8344,50.9428,optimal,2352,66.086,0.0,66.086,0.0,66.086,-110.6466,Charge,176.7326,176.7326,57.785,optimal,2358,68.11,0.05,68.11,0.05,68.06,-81.4063,Charge,149.4663,149.4663,50.6916,optimal,2466,65.48,0.0,65.48,0.0,65.48,-114.8577,Charge,180.3377,180.3377,57.7621,optimal,2440,20.86,0.012,20.86,0.012,20.848,-35.4998,Charge,56.3478,56.3478,50.6472,optimal,2440,0.0,0.0,0.0,0.0,0.0,-0.0,Idle,0.0,0.0,-1,optimal,2466,0.0,0.0,0.0,0.0,0.0,-0.0,Idle,0.0,0.0,-1,optimal,2358,54.102,0.038,54.102,0.038,54.064,-70.76,Charge,124.824,124.824,54.3632,optimal,2437,13.454,0.0,13.454,0.0,13.454,-24.8003,Charge,38.2543,38.2543,55.5088,optimal,2467,86.146,0.038,86.146,0.038,86.108,-115.3557,Charge,201.4637,201.4637,54.13,optimal,2352,19.758,0.012,19.758,0.012,19.746,-26.4757,Charge,46.2217,46.2217,48.406,optimal,284,15.472,0.0,15.472,0.0,15.472,-36.6174,Charge,52.0894,52.0894,61.2262,optimal,284,32.882,0.0,32.882,0.0,32.882,-45.4544,Charge,78.3364,78.3364,59.0664,optimal,284
55,2,7,575.054,1403.2842,37.696,0.0,37.696,0.0,37.696,-78.6703,Charge,116.3663,116.3663,60.4964,58.54,optimal,2463,31.97,0.0,31.97,0.0,31.97,-35.4441,Charge,67.4141,67.4141,54.401,optimal,2462,27.346,0.0,27.346,0.0,27.346,-40.2496,Charge,67.5956,67.5956,57.4424,optimal,2429,23.824,0.0,23.824,0.0,23.824,-24.0104,Charge,47.8344,47.8344,53.5526,optimal,2350,67.014,0.0,67.014,0.0,67.014,-109.7186,Charge,176.7326,176.7326,61.2353,optimal,2355,70.578,0.0,70.578,0.0,70.578,-78.8883,Charge,149.4663,149.4663,53.2364,optimal,2466,67.714,0.0,67.714,0.0,67.714,-112.6237,Charge,180.3377,180.3377,61.3037,optimal,2430,24.9,0.0,24.9,0.0,24.9,-31.4478,Charge,56.3478,56.3478,53.0296,optimal,2430,0.0,0.0,0.0,0.0,0.0,-0.0,Idle,0.0,0.0,-1,optimal,2466,0.0,0.0,0.0,0.0,0.0,-0.0,Idle,0.0,0.0,-1,optimal,2355,51.774,0.0,51.774,0.0,51.774,-73.05,Charge,124.824,124.824,57.4325,optimal,2428,13.508,0.0,13.508,0.0,13.508,-24.7463,Charge,38.2543,38.2543,58.9458,optimal,2470,89.726,0.0,89.726,0.0,89.726,-111.7377,Charge,201.4637,201.4637,57.0551,optimal,2349,19.93,0.0,19.93,0.0,19.93,-26.2917,Charge,46.2217,46.2217,50.9341,optimal,284,15.542,0.0,15.542,0.0,15.542,-36.5474,Charge,52.0894,52.0894,65.287,optimal,284,33.532,0.0,33.532,0.0,33.532,-44.8044,Charge,78.3364,78.3364,62.3131,optimal,284
56,2,8,567.972,1406.3179,38.332,0.012,38.332,0.012,38.32,-81.0801,Charge,119.4001,119.4001,62.5145,60.45,optimal,2462,36.668,0.0,36.668,0.0,36.668,-30.7461,Charge,67.4141,67.4141,56.8412,optimal,2461,23.664,0.0,23.664,0.0,23.664,-43.9316,Charge,67.5956,67.5956,60.6726,optimal,2443,19.226,0.0,19.226,0.0,19.226,-28.6084,Charge,47.8344,47.8344,56.6622,optimal,2346,71.496,0.012,71.496,0.012,71.484,-105.2486,Charge,176.7326,176.7326,64.545,optimal,2352,63.402,0.0,63.402,0.0,63.402,-86.0643,Charge,149.4663,149.4663,56.0127,optimal,2470,73.64,0.012,73.64,0.012,73.628,-106.7097,Charge,180.3377,180.3377,64.6593,optimal,2440,21.546,0.0,21.546,0.0,21.546,-34.8018,Charge,56.3478,56.3478,55.6661,optimal,2440,0.0,0.0,0.0,0.0,0.0,-0.0,Idle,0.0,0.0,-1,optimal,2470,0.0,0.0,0.0,0.0,0.0,-0.0,Idle,0.0,0.0,-1,optimal,2352,46.51,0.0,46.51,0.0,46.51,-78.314,Charge,124.824,124.824,60.723,optimal,2437,13.812,0.0,13.812,0.0,13.812,-24.4423,Charge,38.2543,38.2543,62.3406,optimal,2471,87.686,0.012,87.686,0.012,87.674,-113.7897,Charge,201.4637,201.4637,60.0339,optimal,2347,19.738,0.0,19.738,0.0,19.738,-26.4837,Charge,46.2217,46.2217,53.4806,optimal,284,14.9,0.0,14.9,0.0,14.9,-37.1894,Charge,52.0894,52.0894,69.4191,optimal,283,37.412,0.012,37.412,0.012,37.4,-40.9364,Charge,78.3364,78.3364,65.2795,optimal,283
57,2,9,571.208,1409.6872,39.672,0.012,39.672,0.012,39.66,-83.1094,Charge,122.7694,122.7694,64.524,62.44,optimal,2463,34.07,0.0,34.07,0.0,34.07,-33.3441,Charge,67.4141,67.4141,59.4875,optimal,2462,25.228,0.0,25.228,0.0,25.228,-42.3676,Charge,67.5956,67.5956,63.7879,optimal,2429,18.162,0.012,18.162,0.012,18.15,-29.6844,Charge,47.8344,47.8344,59.8888,optimal,2350,72.594,0.012,72.594,0.012,72.582,-104.1506,Charge,176.7326,176.7326,67.8201,optimal,2356,64.714,0.012,64.714,0.012,64.702,-84.7643,Charge,149.4663,149.4663,58.747,optimal,2466,71.856,0.012,71.856,0.012,71.844,-108.4937,Charge,180.3377,180.3377,68.0711,optimal,2430,22.432,0.0,22.432,0.0,22.432,-33.9158,Charge,56.3478,56.3478,58.2355,optimal,2430,0.0,0.0,0.0,0.0,0.0,-0.0,Idle,0.0,0.0,-1,optimal,2466,0.0,0.0,0.0,0.0,0.0,-0.0,Idle,0.0,0.0,-1,optimal,2356,49.036,0.024,49.036,0.024,49.012,-75.812,Charge,124.824,124.824,63.9084,optimal,2428,14.488,0.0,14.488,0.0,14.488,-23.7663,Charge,38.2543,38.2543,65.6415,optimal,2467,85.236,0.012,85.236,0.012,85.224,-116.2397,Charge,201.4637,201.4637,63.0768,optimal,2350,21.774,0.0,21.774,0.0,21.774,-24.4477,Charge,46.2217,46.2217,55.8313,optimal,284,14.992,0.012,14.992,0.012,14.98,-37.1094,Charge,52.0894,52.0894,73.5424,optimal,284,37.062,0.0,37.062,0.0,37.062,-41.2744,Charge,78.3364,78.3364,68.2704,optimal,284
58,2,10,559.776,1413.384,37.782,0.024,37.782,0.024,37.758,-88.7082,Charge,126.4662,126.4662,66.7884,64.53,optimal,2455,35.112,0.024,35.112,0.024,35.088,-32.3261,Charge,67.4141,67.4141,62.0531,optimal,2456,23.55,0.012,23.55,0.012,23.538,-44.0576,Charge,67.5956,67.5956,67.0274,optimal,2428,18.036,0.026,18.036,0.026,18.01,-29.8244,Charge,47.8344,47.8344,63.1306,optimal,2342,72.374,0.06,72.374,0.06,72.314,-104.4186,Charge,176.7326,176.7326,71.1037,optimal,2348,62.082,0.05,62.082,0.05,62.032,-87.4343,Charge,149.4663,149.4663,61.5675,optimal,2468,71.574,0.048,71.574,0.048,71.526,-108.8117,Charge,180.3377,180.3377,71.4928,optimal,2430,21.66,0.0,21.66,0.0,21.66,-34.6878,Charge,56.3478,56.3478,60.8634,optimal,2430,0.0,0.0,0.0,0.0,0.0,-0.0,Idle,0.0,0.0,-1,optimal,2468,0.0,0.0,0.0,0.0,0.0,-0.0,Idle,0.0,0.0,-1,optimal,2348,45.65,0.05,45.65,0.05,45.6,-79.224,Charge,124.824,124.824,67.2371,optimal,2428,13.564,0.024,13.564,0.024,13.54,-24.7143,Charge,38.2543,38.2543,69.074,optimal,2468,85.87,0.038,85.87,0.038,85.832,-115.6317,Charge,201.4637,201.4637,66.1038,optimal,2342,19.594,0.036,19.594,0.036,19.558,-26.6637,Charge,46.2217,46.2217,58.3951,optimal,283,15.184,0.012,15.184,0.012,15.172,-36.9174,Charge,52.0894,52.0894,77.6443,optimal,283,38.184,0.036,38.184,0.036,38.148,-40.1884,Charge,78.3364,78.3364,71.1826,optimal,283
59,2,11,559.69,1417.7719,39.956,0.024,39.956,0.024,39.932,-90.922,Charge,130.854,130.854,68.987,66.68,optimal,2467,34.44,0.0,34.44,0.0,34.44,-32.9741,Charge,67.4141,67.4141,64.6701,optimal,2465,23.896,0.002,23.896,0.002,23.894,-43.7016,Charge,67.5956,67.5956,70.2408,optimal,2437,18.132,0.014,18.132,0.014,18.118,-29.7164,Charge,47.8344,47.8344,66.3606,optimal,2343,71.708,0.036,71.708,0.036,71.672,-105.0606,Charge,176.7326,176.7326,74.4075,optimal,2349,60.62,0.028,60.62,0.028,60.592,-88.8743,Charge,149.4663,149.4663,64.4344,optimal,2467,72.666,0.024,72.666,0.024,72.642,-107.6957,Charge,180.3377,180.3377,74.8795,optimal,2435,22.106,0.002,22.106,0.002,22.104,-34.2438,Charge,56.3478,56.3478,63.4576,optimal,2435,0.0,0.0,0.0,0.0,0.0,-0.0,Idle,0.0,0.0,-1,optimal,2467,0.0,0.0,0.0,0.0,0.0,-0.0,Idle,0.0,0.0,-1,optimal,2349,44.79,0.038,44.79,0.038,44.752,-80.072,Charge,124.824,124.824,70.6015,optimal,2432,14.932,0.012,14.932,0.012,14.92,-23.3343,Charge,38.2543,38.2543,72.3149,optimal,2468,84.784,0.016,84.784,0.016,84.768,-116.6957,Charge,201.4637,201.4637,69.1587,optimal,2343,18.274,0.024,18.274,0.024,18.25,-27.9717,Charge,46.2217,46.2217,61.0847,optimal,284,16.912,0.0,16.912,0.0,16.912,-35.1774,Charge,52.0894,52.0894,81.5529,optimal,284,36.706,0.012,36.706,0.012,36.694,-41.6424,Charge,78.3364,78.3364,74.2002,optimal,284
60,2,12,587.296,1422.6979,45.702,0.024,45.702,0.024,45.678,-90.102,Charge,135.78,135.78,71.0968,68.9,optimal,2457,35.2,0.012,35.2,0.012,35.188,-32.2261,Charge,67.4141,67.4141,67.2277,optimal,2456,23.406,0.012,23.406,0.012,23.394,-44.2016,Charge,67.5956,67.5956,73.4909,optimal,2431,17.992,0.0,17.992,0.0,17.992,-29.8424,Charge,47.8344,47.8344,69.6044,optimal,2343,76.31,0.036,76.31,0.036,76.274,-100.4586,Charge,176.7326,176.7326,77.5666,optimal,2349,60.39,0.012,60.39,0.012,60.378,-89.0883,Charge,149.4663,149.4663,67.3082,optimal,2468,78.984,0.036,78.984,0.036,78.948,-101.3897,Charge,180.3377,180.3377,78.0679,optimal,2430,22.446,0.012,22.446,0.012,22.434,-33.9138,Charge,56.3478,56.3478,66.0268,optimal,2430,0.0,0.0,0.0,0.0,0.0,-0.0,Idle,0.0,0.0,-1,optimal,2468,0.0,0.0,0.0,0.0,0.0,-0.0,Idle,0.0,0.0,-1,optimal,2349,44.982,0.012,44.982,0.012,44.97,-79.854,Charge,124.824,124.824,73.9567,optimal,2428,16.04,0.0,16.04,0.0,16.04,-22.2143,Charge,38.2543,38.2543,75.4002,optimal,2469,88.014,0.036,88.014,0.036,87.978,-113.4857,Charge,201.4637,201.4637,72.1295,optimal,2343,18.02,0.012,18.02,0.012,18.008,-28.2137,Charge,46.2217,46.2217,63.7976,optimal,283,18.652,0.0,18.652,0.0,18.652,-33.4374,Charge,52.0894,52.0894,85.2682,optimal,283,41.386,0.024,41.386,0.024,41.362,-36.9744,Charge,78.3364,78.3364,76.8795,optimal,282
61,2,13,595.704,1427.6772,49.374,0.602,49.374,0.602,48.772,-91.9873,Charge,140.7593,140.7593,73.4092,71.16,optimal,2462,32.31,0.862,32.31,0.862,31.448,-35.9661,Charge,67.4141,67.4141,70.0822,optimal,2461,25.786,0.314,25.786,0.314,25.472,-42.1236,Charge,67.5956,67.5956,76.5882,optimal,2440,18.34,0.228,18.34,0.228,18.112,-29.7224,Charge,47.8344,47.8344,72.8351,optimal,2350,78.36,1.09,78.36,1.09,77.27,-99.4626,Charge,176.7326,176.7326,80.6944,optimal,2355,61.638,1.112,61.638,1.112,60.526,-88.9403,Charge,149.4663,149.4663,70.1773,optimal,2470,80.178,1.094,80.178,1.094,79.084,-101.2537,Charge,180.3377,180.3377,81.2519,optimal,2440,26.39,0.704,26.39,0.704,25.686,-30.6618,Charge,56.3478,56.3478,68.3497,optimal,2440,0.0,0.0,0.0,0.0,0.0,-0.0,Idle,0.0,0.0,-1,optimal,2470,0.0,0.0,0.0,0.0,0.0,-0.0,Idle,0.0,0.0,-1,optimal,2355,48.826,0.63,48.826,0.63,48.196,-76.628,Charge,124.824,124.824,77.1764,optimal,2437,15.838,0.152,15.838,0.152,15.686,-22.5683,Charge,38.2543,38.2543,78.5347,optimal,2470,88.476,1.494,88.476,1.494,86.982,-114.4817,Charge,201.4637,201.4637,75.1264,optimal,2350,20.408,0.332,20.408,0.332,20.076,-26.1457,Charge,46.2217,46.2217,66.3116,optimal,284,21.524,0.254,21.524,0.254,21.27,-30.8194,Charge,52.0894,52.0894,88.6926,optimal,283,37.462,0.338,37.462,0.338,37.124,-41.2124,Charge,78.3364,78.3364,79.8659,optimal,284
62,2,14,597.454,1433.4126,52.26,4.052,52.26,4.052,48.208,-98.2867,Charge,146.4947,146.4947,75.978,73.38,optimal,2459,32.972,5.214,32.972,5.214,27.758,-39.6561,Charge,67.4141,67.4141,73.2295,optimal,2460,31.912,2.988,31.912,2.988,28.924,-38.6716,Charge,67.5956,67.5956,79.4317,optimal,2427,20.882,1.808,20.882,1.808,19.074,-28.7604,Charge,47.8344,47.8344,75.9612,optimal,2345,82.778,7.18,82.778,7.18,75.598,-101.1346,Charge,176.7326,176.7326,83.8747,optimal,2351,72.906,8.14,72.906,8.14,64.766,-84.7003,Charge,149.4663,149.4663,72.9095,optimal,2465,83.358,7.224,83.358,7.224,76.134,-104.2037,Charge,180.3377,180.3377,84.5288,optimal,2429,30.97,4.898,30.97,4.898,26.072,-30.2758,Charge,56.3478,56.3478,70.6433,optimal,2429,0.0,0.0,0.0,0.0,0.0,-0.0,Idle,0.0,0.0,-1,optimal,2465,0.0,0.0,0.0,0.0,0.0,-0.0,Idle,0.0,0.0,-1,optimal,2351,54.642,4.462,54.642,4.462,50.18,-74.644,Charge,124.824,124.824,80.3127,optimal,2427,18.696,1.37,18.696,1.37,17.326,-20.9283,Charge,38.2543,38.2543,81.4414,optimal,2466,95.842,10.348,95.842,10.348,85.494,-115.9697,Charge,201.4637,201.4637,78.1623,optimal,2348,24.126,2.074,24.126,2.074,22.052,-24.1697,Charge,46.2217,46.2217,68.6356,optimal,283,22.886,2.01,22.886,2.01,20.876,-31.2134,Charge,52.0894,52.0894,92.1607,optimal,284,37.664,2.672,37.664,2.672,34.992,-43.3444,Charge,78.3364,78.3364,83.0068,optimal,283
63,2,15,513.146,718.7419,55.674,11.47,55.674,11.47,44.204,-32.704,Charge,76.908,76.908,74.9831,75.63,optimal,2461,33.006,12.498,33.006,12.498,20.508,-13.074,Charge,33.582,33.582,74.2671,optimal,2461,31.448,8.79,31.448,8.79,22.658,-11.0148,Charge,33.6728,33.6728,80.2416,optimal,2448,24.364,4.766,24.364,4.766,19.598,-4.1942,Charge,23.7922,23.7922,76.4171,optimal,2407,86.052,19.952,86.052,19.952,66.1,-22.1413,Charge,88.2413,88.2413,84.571,optimal,2410,75.81,22.164,75.81,22.164,53.646,-20.9622,Charge,74.6082,74.6082,73.5857,optimal,2463,85.234,19.642,85.234,19.642,65.592,-24.4519,Charge,90.0439,90.0439,85.2977,optimal,2446,29.548,12.762,29.548,12.762,16.786,-11.2629,Charge,28.0489,28.0489,71.4966,optimal,2446,0.0,0.0,0.0,0.0,0.0,-0.0,Idle,0.0,0.0,-1,optimal,2463,0.0,0.0,0.0,0.0,0.0,-0.0,Idle,0.0,0.0,-1,optimal,2410,58.498,12.764,58.498,12.764,45.734,-16.553,Charge,62.287,62.287,81.0082,optimal,2445,19.19,4.682,19.19,4.682,14.508,-4.4941,Charge,19.0021,19.0021,82.0656,optimal,2463,100.458,26.946,100.458,26.946,73.512,-27.0948,Charge,100.6068,100.6068,78.8716,optimal,2407,24.672,6.192,24.672,6.192,18.48,-4.5059,Charge,22.9859,22.9859,69.0688,optimal,283,24.13,5.426,24.13,5.426,18.704,-7.2157,Charge,25.9197,25.9197,92.9625,optimal,283,41.034,7.918,41.034,7.918,33.116,-5.9272,Charge,39.0432,39.0432,83.4363,optimal,283
64,2,16,428.29,717.7269,58.14,21.582,58.14,21.582,36.558,-39.3349,Charge,75.8929,75.8929,77.5582,76.46,optimal,2461,31.636,20.616,31.636,20.616,11.02,-22.562,Charge,33.582,33.582,76.0577,optimal,2460,38.54,15.126,38.54,15.126,23.414,-10.2588,Charge,33.6728,33.6728,80.9959,optimal,2445,28.338,9.686,28.338,9.686,18.652,-5.1402,Charge,23.7922,23.7922,76.9758,optimal,2405,89.062,35.578,89.062,35.578,53.484,-34.7573,Charge,88.2413,88.2413,85.664,optimal,2408,86.93,39.644,86.93,39.644,47.286,-27.3222,Charge,74.6082,74.6082,74.4671,optimal,2461,86.324,35.41,86.324,35.41,50.914,-39.1299,Charge,90.0439,90.0439,86.5282,optimal,2444,37.652,21.202,37.652,21.202,16.45,-11.5989,Charge,28.0489,28.0489,72.3753,optimal,2444,0.0,0.0,0.0,0.0,0.0,-0.0,Idle,0.0,0.0,-1,optimal,2461,0.0,0.0,0.0,0.0,0.0,-0.0,Idle,0.0,0.0,-1,optimal,2408,65.078,24.024,65.078,24.024,41.054,-21.233,Charge,62.287,62.287,81.9003,optimal,2443,19.848,8.42,19.848,8.42,11.428,-7.5741,Charge,19.0021,19.0021,83.1175,optimal,2461,109.232,48.392,109.232,48.392,60.84,-39.7668,Charge,100.6068,100.6068,79.9126,optimal,2405,25.466,10.702,25.466,10.702,14.764,-8.2219,Charge,22.9859,22.9859,69.8594,optimal,284,27.022,9.558,27.022,9.558,17.464,-8.4557,Charge,25.9197,25.9197,93.902,optimal,284,39.83,14.868,39.83,14.868,24.962,-14.0812,Charge,39.0432,39.0432,84.4566,optimal,284
65,2,17,380.052,719.5938,64.788,31.906,64.788,31.906,32.882,-44.8778,Charge,77.7598,77.7598,78.6599,77.42,optimal,2459,41.278,26.936,41.278,26.936,14.342,-19.24,Charge,33.582,33.582,77.5847,optimal,2459,36.936,20.692,36.936,20.692,16.244,-17.4288,Charge,33.6728,33.6728,82.2775,optimal,2445,32.07,14.48,32.07,14.48,17.59,-6.2022,Charge,23.7922,23.7922,77.65,optimal,2407,102.332,50.804,102.332,50.804,51.528,-36.7133,Charge,88.2413,88.2413,86.8185,optimal,2410,90.23,54.98,90.23,54.98,35.25,-39.3582,Charge,74.6082,74.6082,75.7367,optimal,2462,102.71,50.604,102.71,50.604,52.106,-37.9379,Charge,90.0439,90.0439,87.7212,optimal,2445,35.892,28.122,35.892,28.122,7.77,-20.2789,Charge,28.0489,28.0489,73.9115,optimal,2445,0.0,0.0,0.0,0.0,0.0,-0.0,Idle,0.0,0.0,-1,optimal,2462,0.0,0.0,0.0,0.0,0.0,-0.0,Idle,0.0,0.0,-1,optimal,2410,69.746,35.01,69.746,35.01,34.736,-27.551,Charge,62.287,62.287,83.0579,optimal,2443,23.276,11.67,23.276,11.67,11.606,-7.3961,Charge,19.0021,19.0021,84.1448,optimal,2462,120.292,66.94,120.292,66.94,53.352,-47.2548,Charge,100.6068,100.6068,81.1496,optimal,2407,26.332,15.63,26.332,15.63,10.702,-12.2839,Charge,22.9859,22.9859,71.0405,optimal,283,29.888,13.26,29.888,13.26,16.628,-9.2917,Charge,25.9197,25.9197,94.9344,optimal,283,47.784,22.468,47.784,22.468,25.316,-13.7272,Charge,39.0432,39.0432,85.4514,optimal,283
66,2,18,255.708,721.8932,67.456,42.654,67.456,42.654,24.802,-55.2573,Charge,80.0593,80.0593,80.1287,78.55,optimal,2464,38.72,35.004,38.72,35.004,3.716,-29.866,Charge,33.582,33.582,79.955,optimal,2463,45.098,28.766,45.098,28.766,16.332,-17.3408,Charge,33.6728,33.6728,83.5525,optimal,2445,32.48,19.45,32.48,19.45,13.03,-10.7622,Charge,23.7922,23.7922,78.8198,optimal,2407,100.662,68.696,100.662,68.696,31.966,-56.2753,Charge,88.2413,88.2413,88.5881,optimal,2410,97.178,74.024,97.178,74.024,23.154,-51.4542,Charge,74.6082,74.6082,77.3965,optimal,2461,102.764,67.75,102.764,67.75,35.014,-55.0299,Charge,90.0439,90.0439,89.4517,optimal,2444,40.62,36.442,40.62,36.442,4.178,-23.8709,Charge,28.0489,28.0489,75.7199,optimal,2444,0.0,0.0,0.0,0.0,0.0,-0.0,Idle,0.0,0.0,-1,optimal,2461,0.0,0.0,0.0,0.0,0.0,-0.0,Idle,0.0,0.0,-1,optimal,2410,73.978,48.304,73.978,48.304,25.674,-36.613,Charge,62.287,62.287,84.5963,optimal,2443,24.782,15.298,24.782,15.298,9.484,-9.5181,Charge,19.0021,19.0021,85.4667,optimal,2461,125.76,89.978,125.76,89.978,35.782,-64.8248,Charge,100.6068,100.6068,82.8466,optimal,2407,25.794,21.646,25.794,21.646,4.148,-18.8379,Charge,22.9859,22.9859,72.8519,optimal,284,30.818,17.242,30.818,17.242,13.576,-12.3437,Charge,25.9197,25.9197,96.3059,optimal,284,45.24,30.388,45.24,30.388,14.852,-24.1912,Charge,39.0432,39.0432,87.2044,optimal,284
67,2,19,99.066,725.1137,70.248,56.946,70.248,56.946,13.302,-69.9778,Charge,83.2798,83.2798,81.9803,79.95,optimal,2458,43.49,45.764,43.49,45.764,-2.274,-35.856,Charge,33.582,33.582,82.8008,optimal,2459,40.396,37.346,40.396,37.346,3.05,-30.6228,Charge,33.6728,33.6728,85.8042,optimal,2439,36.638,27.012,36.638,27.012,9.626,-14.1662,Charge,23.7922,23.7922,80.3596,optimal,2407,108.734,90.48,108.734,90.48,18.254,-69.9873,Charge,88.2413,88.2413,90.789,optimal,2409,97.644,98.456,97.644,98.456,-0.812,-75.4202,Charge,74.6082,74.6082,79.8294,optimal,2460,110.692,90.518,110.692,90.518,20.174,-69.8699,Charge,90.0439,90.0439,91.6489,optimal,2440,35.602,45.946,35.602,45.946,-10.344,-38.3929,Charge,28.0489,28.0489,78.6285,optimal,2440,0.0,0.0,0.0,0.0,0.0,-0.0,Idle,0.0,0.0,-1,optimal,2460,0.0,0.0,0.0,0.0,0.0,-0.0,Idle,0.0,0.0,-1,optimal,2409,83.526,66.164,83.526,66.164,17.362,-44.925,Charge,62.287,62.287,86.4839,optimal,2439,22.362,20.086,22.362,20.086,2.276,-16.7261,Charge,19.0021,19.0021,87.7898,optimal,2461,129.132,118.964,129.132,118.964,10.168,-90.4388,Charge,100.6068,100.6068,85.2141,optimal,2407,31.496,29.45,31.496,29.45,2.046,-20.9399,Charge,22.9859,22.9859,74.8653,optimal,283,31.544,23.666,31.544,23.666,7.878,-18.0417,Charge,25.9197,25.9197,98.3106,optimal,284,47.35,38.99,47.35,38.99,8.36,-30.6832,Charge,39.0432,39.0432,89.4278,optimal,283
68,2,20,10.152,729.7157,79.892,70.44,79.892,70.44,9.452,-78.4298,Charge,87.8818,87.8818,83.7946,81.66,optimal,2464,47.776,56.928,47.776,56.928,-9.152,-42.734,Charge,33.582,33.582,86.1924,optimal,2463,48.78,46.428,48.78,46.428,2.352,-31.3208,Charge,33.6728,33.6728,88.1072,optimal,2448,33.15,33.426,33.15,33.426,-0.276,-24.0682,Charge,23.7922,23.7922,82.9757,optimal,2407,124.618,114.19,124.618,114.19,10.428,-77.8133,Charge,88.2413,88.2413,93.2359,optimal,2410,108.882,120.376,108.882,120.376,-11.494,-86.1022,Charge,74.6082,74.6082,82.6069,optimal,2461,124.666,114.21,124.666,114.21,10.456,-79.5879,Charge,90.0439,90.0439,94.1517,optimal,2446,44.246,55.342,44.246,55.342,-11.096,-39.1449,Charge,28.0489,28.0489,81.594,optimal,2446,0.0,0.0,0.0,0.0,0.0,-0.0,Idle,0.0,0.0,-1,optimal,2461,0.0,0.0,0.0,0.0,0.0,-0.0,Idle,0.0,0.0,-1,optimal,2410,89.458,82.454,89.458,82.454,7.004,-55.283,Charge,62.287,62.287,88.8067,optimal,2445,25.716,24.178,25.716,24.178,1.538,-17.4641,Charge,19.0021,19.0021,90.2154,optimal,2461,141.142,148.804,141.142,148.804,-7.662,-108.2688,Charge,100.6068,100.6068,88.0484,optimal,2407,32.25,36.076,32.25,36.076,-3.826,-26.8119,Charge,22.9859,22.9859,77.4434,optimal,284,42.012,29.146,42.012,29.146,12.866,-13.0537,Charge,25.9197,25.9197,99.761,optimal,283,50.512,50.95,50.512,50.95,-0.438,-39.4812,Charge,39.0432,39.0432,92.2887,optimal,283
69,2,21,181.118,735.1589,111.054,77.928,111.054,77.928,33.126,-60.199,Charge,93.325,93.325,84.6109,83.53,optimal,2458,53.336,57.192,53.336,57.192,-3.856,-37.438,Charge,33.582,33.582,89.1636,optimal,2459,54.148,47.598,54.148,47.598,6.55,-27.1228,Charge,33.6728,33.6728,90.1015,optimal,2441,34.042,34.454,34.042,34.454,-0.412,-24.2042,Charge,23.7922,23.7922,85.6066,optimal,2406,166.258,123.926,166.258,123.926,42.332,-45.9093,Charge,88.2413,88.2413,94.6796,optimal,2409,117.42,122.692,117.42,122.692,-5.272,-79.8802,Charge,74.6082,74.6082,85.1837,optimal,2460,162.23,122.738,162.23,122.738,39.492,-50.5519,Charge,90.0439,90.0439,95.7413,optimal,2443,47.286,56.266,47.286,56.266,-8.98,-37.0289,Charge,28.0489,28.0489,84.3992,optimal,2443,0.0,0.0,0.0,0.0,0.0,-0.0,Idle,0.0,0.0,-1,optimal,2460,0.0,0.0,0.0,0.0,0.0,-0.0,Idle,0.0,0.0,-1,optimal,2409,100.964,87.9,100.964,87.9,13.064,-49.223,Charge,62.287,62.287,90.8749,optimal,2439,36.534,26.74,36.534,26.74,9.794,-9.2081,Charge,19.0021,19.0021,91.4943,optimal,2461,169.436,153.404,169.436,153.404,16.032,-84.5748,Charge,100.6068,100.6068,90.2624,optimal,2406,34.7,38.278,34.7,38.278,-3.578,-26.5639,Charge,22.9859,22.9859,79.9976,optimal,283,56.924,32.774,56.924,32.774,24.15,-1.7697,Charge,25.9197,25.9197,99.9576,optimal,284,73.752,55.076,73.752,55.076,18.676,-20.3672,Charge,39.0432,39.0432,93.7646,optimal,283
70,2,22,192.278,738.3091,117.822,83.854,117.822,83.854,33.968,-62.5071,Charge,96.4751,96.4751,86.5941,85.03,optimal,2459,56.652,59.038,56.652,59.038,-2.386,-35.968,Charge,33.582,33.582,92.0182,optimal,2459,57.748,49.204,57.748,49.204,8.544,-25.1288,Charge,33.6728,33.6728,91.9492,optimal,2445,35.216,36.436,35.216,36.436,-1.22,-25.0122,Charge,23.7922,23.7922,88.3253,optimal,2405,175.814,130.746,175.814,130.746,45.068,-43.1733,Charge,88.2413,88.2413,96.0373,optimal,2407,121.748,128.92,121.748,128.92,-7.172,-81.7802,Charge,74.6082,74.6082,87.8218,optimal,2462,172.566,129.2,172.566,129.2,43.366,-46.6779,Charge,90.0439,90.0439,97.2092,optimal,2445,50.082,58.456,50.082,58.456,-8.374,-36.4229,Charge,28.0489,28.0489,87.1585,optimal,2445,0.0,0.0,0.0,0.0,0.0,-0.0,Idle,0.0,0.0,-1,optimal,2462,0.0,0.0,0.0,0.0,0.0,-0.0,Idle,0.0,0.0,-1,optimal,2407,108.906,93.56,108.906,93.56,15.346,-46.941,Charge,62.287,62.287,92.8472,optimal,2444,35.93,27.982,35.93,27.982,7.948,-11.0541,Charge,19.0021,19.0021,93.0296,optimal,2462,174.67,159.126,174.67,159.126,15.544,-85.0628,Charge,100.6068,100.6068,92.4891,optimal,2405,39.182,41.63,39.182,41.63,-2.448,-25.4339,Charge,22.9859,22.9859,82.4432,optimal,283,60.67,35.132,60.67,35.132,25.538,-0.3817,Idle,25.9197,25.9197,100.0,optimal,283,76.234,57.678,76.234,57.678,18.556,-20.4872,Charge,39.0432,39.0432,95.2492,optimal,284
71,2,23,268.152,745.5433,135.28,92.4,135.28,92.4,42.88,-58.913,Charge,101.793,101.793,87.9179,86.54,optimal,2462,65.928,62.514,65.928,62.514,3.414,-30.168,Charge,33.582,33.582,94.4125,optimal,2462,68.55,53.77,68.55,53.77,14.78,-18.8928,Charge,33.6728,33.6728,93.3384,optimal,2442,36.926,38.11,36.926,38.11,-1.184,-24.9762,Charge,23.7922,23.7922,91.0401,optimal,2407,191.61,142.636,191.61,142.636,48.974,-39.2673,Charge,88.2413,88.2413,97.2721,optimal,2410,137.918,137.472,137.918,137.472,0.446,-74.1622,Charge,74.6082,74.6082,90.2141,optimal,2461,198.654,139.88,198.654,139.88,58.774,-31.2699,Charge,90.0439,90.0439,98.1925,optimal,2443,59.348,62.508,59.348,62.508,-3.16,-31.2089,Charge,28.0489,28.0489,89.5228,optimal,2443,0.0,0.0,0.0,0.0,0.0,-0.0,Idle,0.0,0.0,-1,optimal,2461,0.0,0.0,0.0,0.0,0.0,-0.0,Idle,0.0,0.0,-1,optimal,2410,114.29,98.75,114.29,98.75,15.54,-46.747,Charge,62.287,62.287,94.8113,optimal,2442,42.162,32.3,42.162,32.3,9.862,-9.1401,Charge,19.0021,19.0021,94.2991,optimal,2461,204.474,170.048,204.474,170.048,34.426,-66.1808,Charge,100.6068,100.6068,94.2216,optimal,2407,33.556,43.452,33.556,43.452,-9.896,-32.8819,Charge,22.9859,22.9859,85.6049,optimal,284,70.598,40.604,70.598,40.604,29.994,2.158,Discharge,27.836,27.836,99.7602,optimal,284,86.986,63.684,86.986,63.684,23.302,-15.7412,Charge,39.0432,39.0432,96.3899,optimal,283
72,2,24,223.266,751.1651,140.456,105.99,140.456,105.99,34.466,-72.9488,Charge,107.4148,107.4148,90.1159,88.02,optimal,2458,76.816,70.62,76.816,70.62,6.196,-27.386,Charge,33.582,33.582,96.586,optimal,2459,73.998,60.372,73.998,60.372,13.626,-20.0468,Charge,33.6728,33.6728,94.8124,optimal,2445,44.172,47.402,44.172,47.402,-3.23,-27.0222,Charge,23.7922,23.7922,93.9773,optimal,2405,203.752,162.662,203.752,162.662,41.09,-47.1513,Charge,88.2413,88.2413,98.7548,optimal,2408,157.398,158.714,157.398,158.714,-1.316,-75.9242,Charge,74.6082,74.6082,92.6633,optimal,2462,215.206,161.4,215.206,161.4,53.806,-36.2379,Charge,90.0439,90.0439,99.3321,optimal,2445,61.578,69.442,61.578,69.442,-7.864,-35.9129,Charge,28.0489,28.0489,92.2435,optimal,2445,0.0,0.0,0.0,0.0,0.0,-0.0,Idle,0.0,0.0,-1,optimal,2462,0.0,0.0,0.0,0.0,0.0,-0.0,Idle,0.0,0.0,-1,optimal,2408,131.624,117.294,131.624,117.294,14.33,-47.957,Charge,62.287,62.287,96.8263,optimal,2443,38.618,36.804,38.618,36.804,1.814,-17.1881,Charge,19.0021,19.0021,96.6863,optimal,2462,231.416,196.036,231.416,196.036,35.38,-65.2268,Charge,100.6068,100.6068,95.9291,optimal,2405,37.088,51.862,37.088,51.862,-14.774,-37.7599,Charge,22.9859,22.9859,89.2356,optimal,283,71.01,45.332,71.01,45.332,25.678,-2.158,Charge,27.836,27.836,100.0,optimal,283,95.406,71.342,95.406,71.342,24.064,-14.9792,Charge,39.0432,39.0432,97.4753,optimal,284
73,2,25,341.366,775.0983,161.566,116.666,161.566,116.666,44.9,-73.204,Charge,118.104,118.104,91.6084,89.84,optimal,2463,86.822,77.244,86.822,77.244,9.578,-24.004,Charge,33.582,33.582,98.4911,optimal,2461,85.468,67.744,85.468,67.744,17.724,-15.9488,Charge,33.6728,33.6728,95.9851,optimal,2445,54.538,51.118,54.538,51.118,3.42,-20.3722,Charge,23.7922,23.7922,96.1917,optimal,2407,238.944,181.522,238.944,181.522,57.422,-30.8193,Charge,88.2413,88.2413,99.724,optimal,2409,181.164,175.296,181.164,175.296,5.868,-68.7402,Charge,74.6082,74.6082,94.8807,optimal,2461,248.59,179.786,248.59,179.786,68.804,-21.2399,Charge,90.0439,90.0439,100.0,optimal,2444,76.646,76.418,76.646,76.418,0.228,-27.8209,Charge,28.0489,28.0489,94.3512,optimal,2444,0.0,0.0,0.0,0.0,0.0,-0.0,Idle,0.0,0.0,-1,optimal,2461,0.0,0.0,0.0,0.0,0.0,-0.0,Idle,0.0,0.0,-1,optimal,2409,158.082,129.93,158.082,129.93,28.152,-34.135,Charge,62.287,62.287,98.2606,optimal,2442,46.974,39.55,46.974,39.55,7.424,-11.5781,Charge,19.0021,19.0021,98.2944,optimal,2461,263.208,217.388,263.208,217.388,45.82,-54.7868,Charge,100.6068,100.6068,97.3633,optimal,2407,43.922,59.052,43.922,59.052,-15.13,-38.1159,Charge,22.9859,22.9859,92.9006,optimal,284,90.752,49.672,90.752,49.672,41.08,-0.0,Idle,41.08,41.08,100.0,optimal,284,105.014,78.938,105.014,78.938,26.076,-12.9672,Charge,39.0432,39.0432,98.415,optimal,283
74,2,26,457.456,800.8717,175.42,118.9,175.42,118.9,56.52,-73.6093,Charge,130.1293,130.1293,93.4483,91.6,optimal,2456,99.696,77.206,99.696,77.206,22.49,-11.092,Charge,33.582,33.582,99.3714,optimal,2457,84.742,69.742,84.742,69.742,15.0,-18.6728,Charge,33.6728,33.6728,97.3581,optimal,2441,55.212,50.956,55.212,50.956,4.256,-19.5362,Charge,23.7922,23.7922,98.3152,optimal,2409,263.266,183.238,263.266,183.238,80.028,-8.2133,Charge,88.2413,88.2413,99.9823,optimal,2412,185.67,177.152,185.67,177.152,8.518,-66.0902,Charge,74.6082,74.6082,97.0126,optimal,2462,274.57,181.812,274.57,181.812,92.758,0.0,Idle,92.758,92.758,100.0,optimal,2442,77.324,76.822,77.324,76.822,0.502,-27.5469,Charge,28.0489,28.0489,96.438,optimal,2442,0.0,0.0,0.0,0.0,0.0,-0.0,Idle,0.0,0.0,-1,optimal,2462,0.0,0.0,0.0,0.0,0.0,-0.0,Idle,0.0,0.0,-1,optimal,2412,170.818,129.456,170.818,129.456,41.362,-20.925,Charge,62.287,62.287,99.1398,optimal,2440,51.21,41.874,51.21,41.874,9.336,-9.6661,Charge,19.0021,19.0021,99.6369,optimal,2462,275.504,220.128,275.504,220.128,55.376,-45.2308,Charge,100.6068,100.6068,98.5474,optimal,2409,47.442,56.95,47.442,56.95,-9.508,-32.4939,Charge,22.9859,22.9859,96.025,optimal,283,103.888,51.774,103.888,51.774,52.114,-0.0,Idle,52.114,52.114,100.0,optimal,283,109.058,80.354,109.058,80.354,28.704,-10.3392,Charge,39.0432,39.0432,99.1642,optimal,284
75,2,27,492.308,822.4784,182.322,123.218,182.322,123.218,59.104,-81.565,Charge,140.669,140.669,95.5983,93.43,optimal,2464,108.114,81.426,108.114,81.426,26.688,-6.894,Charge,33.582,33.582,99.9186,optimal,2462,81.144,71.92,81.144,71.92,9.224,-24.4488,Charge,33.6728,33.6728,99.1558,optimal,2448,61.38,53.088,61.38,53.088,8.292,-15.5002,Charge,23.7922,23.7922,100.0,optimal,2410,278.648,190.97,278.648,190.97,87.678,-0.5633,Charge,88.2413,88.2413,100.0,optimal,2412,191.41,182.712,191.41,182.712,8.698,-65.9102,Charge,74.6082,74.6082,99.1388,optimal,2461,289.802,189.87,289.802,189.87,99.932,0.0,Idle,99.932,99.932,100.0,optimal,2447,79.146,80.224,79.146,80.224,-1.078,-29.1269,Charge,28.0489,28.0489,98.6446,optimal,2447,0.0,0.0,0.0,0.0,0.0,-0.0,Idle,0.0,0.0,-1,optimal,2461,0.0,0.0,0.0,0.0,0.0,-0.0,Idle,0.0,0.0,-1,optimal,2412,176.546,134.732,176.546,134.732,41.814,-20.473,Charge,62.287,62.287,100.0,optimal,2445,58.252,41.004,58.252,41.004,17.248,-1.7541,Charge,19.0021,19.0021,99.8805,optimal,2461,284.716,231.386,284.716,231.386,53.33,-47.2768,Charge,100.6068,100.6068,99.785,optimal,2410,55.892,59.732,55.892,59.732,-3.84,-26.8259,Charge,22.9859,22.9859,98.6044,optimal,284,106.964,50.006,106.964,50.006,56.958,0.951,Discharge,56.007,56.007,99.8943,optimal,284,114.748,86.488,114.748,86.488,28.26,-10.7832,Charge,39.0432,39.0432,99.9456,optimal,284
76,2,28,702.56,864.0914,188.338,120.838,188.338,120.838,67.5,-79.1465,Charge,146.6465,146.6465,97.3097,95.46,optimal,2462,112.514,79.958,112.514,79.958,32.556,-1.026,Charge,33.582,33.582,100.0,optimal,2462,92.19,69.998,92.19,69.998,22.192,-11.4808,Charge,33.6728,33.6728,100.0,optimal,2439,78.12,53.276,78.12,53.276,24.844,-0.0,Idle,24.844,24.844,100.0,optimal,2408,292.612,187.462,292.612,187.462,105.15,0.0,Idle,105.15,105.15,100.0,optimal,2411,227.58,179.67,227.58,179.67,47.91,-26.6982,Charge,74.6082,74.6082,100.0,optimal,2460,298.352,185.878,298.352,185.878,112.474,0.0,Idle,112.474,112.474,100.0,optimal,2439,89.608,79.45,89.608,79.45,10.158,-17.8909,Charge,28.0489,28.0489,100.0,optimal,2439,0.0,0.0,0.0,0.0,0.0,-0.0,Idle,0.0,0.0,-1,optimal,2460,0.0,0.0,0.0,0.0,0.0,-0.0,Idle,0.0,0.0,-1,optimal,2411,199.584,132.164,199.584,132.164,67.42,0.0,Idle,67.42,67.42,100.0,optimal,2438,57.484,39.342,57.484,39.342,18.142,-0.8601,Charge,19.0021,19.0021,100.0,optimal,2461,320.916,228.522,320.916,228.522,92.394,-8.2128,Charge,100.6068,100.6068,100.0,optimal,2408,67.018,58.546,67.018,58.546,8.472,-14.5139,Charge,22.9859,22.9859,100.0,optimal,284,103.996,48.94,103.996,48.94,55.056,-0.951,Charge,56.007,56.007,100.0,optimal,284,124.25,85.958,124.25,85.958,38.292,-0.7512,Charge,39.0432,39.0432,100.0,optimal,284
77,2,29,993.278,384.0624,188.414,107.988,188.414,107.988,80.426,50.1175,Discharge,30.3085,30.3085,93.0033,97.06,optimal,2461,125.85,71.284,125.85,71.284,54.566,35.1159,Discharge,19.4501,19.4501,97.213,optimal,2461,97.132,62.212,97.132,62.212,34.92,18.4437,Discharge,16.4763,16.4763,98.6438,optimal,2450,88.422,48.024,88.422,48.024,40.398,22.1587,Discharge,18.2393,18.2393,97.5914,optimal,2431,301.68,167.638,301.68,167.638,134.042,86.1423,Discharge,47.8997,47.8997,97.2911,optimal,2433,252.176,159.474,252.176,159.474,92.702,52.205,Discharge,40.497,40.497,98.316,optimal,2461,310.926,166.158,310.926,166.158,144.768,95.9866,Discharge,48.7814,48.7814,96.9816,optimal,2449,94.132,70.504,94.132,70.504,23.628,8.2348,Discharge,15.3932,15.3932,99.3762,optimal,2449,0.0,0.0,0.0,0.0,0.0,0.0,Idle,-0.0,-0.0,-1,optimal,2461,0.0,0.0,0.0,0.0,0.0,0.0,Idle,-0.0,-0.0,-1,optimal,2433,210.864,119.174,210.864,119.174,91.69,57.5746,Discharge,34.1154,34.1154,97.5809,optimal,2448,54.806,35.926,54.806,35.926,18.88,11.36,Discharge,7.52,7.52,98.4222,optimal,2461,354.116,200.436,354.116,200.436,153.68,95.3209,Discharge,58.3591,58.3591,97.5047,optimal,2431,66.838,53.236,66.838,53.236,13.602,6.8163,Discharge,6.7857,6.7857,99.3446,optimal,283,102.8,45.472,102.8,45.472,57.328,36.3324,Discharge,20.9956,20.9956,95.9631,optimal,283,128.496,75.848,128.496,75.848,52.648,33.4068,Discharge,19.2412,19.2412,97.5792,optimal,283
78,2,30,1230.294,381.3928,192.822,96.568,192.822,96.568,96.254,68.6151,Discharge,27.6389,27.6389,93.6965,95.79,optimal,2461,138.386,65.862,138.386,65.862,72.524,53.0739,Discharge,19.4501,19.4501,93.0008,optimal,2461,99.166,55.538,99.166,55.538,43.628,27.1517,Discharge,16.4763,16.4763,96.6474,optimal,2446,89.28,45.204,89.28,45.204,44.076,25.8367,Discharge,18.2393,18.2393,94.7831,optimal,2429,323.14,150.236,323.14,150.236,172.904,125.0043,Discharge,47.8997,47.8997,93.3602,optimal,2431,254.962,147.006,254.962,147.006,107.956,67.459,Discharge,40.497,40.497,96.1399,optimal,2460,327.13,148.892,327.13,148.892,178.238,129.4566,Discharge,48.7814,48.7814,92.9106,optimal,2446,96.962,63.276,96.962,63.276,33.686,18.2928,Discharge,15.3932,15.3932,97.9903,optimal,2446,0.0,0.0,0.0,0.0,0.0,0.0,Idle,-0.0,-0.0,-1,optimal,2460,0.0,0.0,0.0,0.0,0.0,0.0,Idle,-0.0,-0.0,-1,optimal,2431,218.216,110.012,218.216,110.012,108.204,74.0886,Discharge,34.1154,34.1154,94.4679,optimal,2445,56.008,32.3,56.008,32.3,23.708,16.188,Discharge,7.52,7.52,96.1739,optimal,2460,368.008,182.304,368.008,182.304,185.704,127.3449,Discharge,58.3591,58.3591,94.1711,optimal,2429,70.468,47.97,70.468,47.97,22.498,15.7123,Discharge,6.7857,6.7857,97.8338,optimal,283,106.604,41.934,106.604,41.934,64.67,43.6744,Discharge,20.9956,20.9956,91.1103,optimal,284,142.222,65.978,142.222,65.978,76.244,57.0028,Discharge,19.2412,19.2412,93.4486,optimal,284
79,2,31,1365.496,379.9692,199.29,89.876,199.29,89.876,109.414,83.1987,Discharge,26.2153,26.2153,91.7116,94.03,optimal,2459,133.866,63.626,133.866,63.626,70.24,50.7899,Discharge,19.4501,19.4501,88.9699,optimal,2459,107.51,53.684,107.51,53.684,53.826,37.3497,Discharge,16.4763,16.4763,93.9011,optimal,2446,97.266,40.61,97.266,40.61,56.656,38.4167,Discharge,18.2393,18.2393,90.6074,optimal,2430,325.51,143.198,325.51,143.198,182.312,134.4123,Discharge,47.8997,47.8997,89.1334,optimal,2432,266.308,138.812,266.308,138.812,127.496,86.999,Discharge,40.497,40.497,93.3335,optimal,2460,329.478,141.304,329.478,141.304,188.174,139.3926,Discharge,48.7814,48.7814,88.5272,optimal,2447,104.446,60.6,104.446,60.6,43.846,28.4528,Discharge,15.3932,15.3932,95.8348,optimal,2447,0.0,0.0,0.0,0.0,0.0,-0.0,Idle,0.0,0.0,-1,optimal,2460,0.0,0.0,0.0,0.0,0.0,-0.0,Idle,0.0,0.0,-1,optimal,2432,232.438,101.212,232.438,101.212,131.226,97.1106,Discharge,34.1154,34.1154,90.3877,optimal,2446,60.466,29.514,60.466,29.514,30.952,23.432,Discharge,7.52,7.52,92.9194,optimal,2461,366.064,174.608,366.064,174.608,191.456,133.0969,Discharge,58.3591,58.3591,90.6868,optimal,2430,75.95,44.168,75.95,44.168,31.782,24.9963,Discharge,6.7857,6.7857,95.4303,optimal,283,117.272,38.78,117.272,38.78,78.492,57.4964,Discharge,20.9956,20.9956,84.7219,optimal,283,134.818,65.194,134.818,65.194,69.624,50.3828,Discharge,19.2412,19.2412,89.7976,optimal,284
80,2,32,1481.14,378.3384,207.96,86.9,207.96,86.9,121.06,96.4755,Discharge,24.5845,24.5845,89.3008,92.0,optimal,2462,121.804,59.244,121.804,59.244,62.56,43.1099,Discharge,19.4501,19.4501,85.5484,optimal,2462,114.138,51.758,114.138,51.758,62.38,45.9037,Discharge,16.4763,16.4763,90.5258,optimal,2448,107.534,40.072,107.534,40.072,67.462,49.2227,Discharge,18.2393,18.2393,85.2571,optimal,2426,330.494,135.92,330.494,135.92,194.574,146.6743,Discharge,47.8997,47.8997,84.521,optimal,2429,276.32,133.292,276.32,133.292,143.028,102.531,Discharge,40.497,40.497,90.026,optimal,2460,323.89,135.066,323.89,135.066,188.824,140.0426,Discharge,48.7814,48.7814,84.1233,optimal,2448,112.508,57.032,112.508,57.032,55.476,40.0828,Discharge,15.3932,15.3932,92.7982,optimal,2448,0.0,0.0,0.0,0.0,0.0,-0.0,Idle,0.0,0.0,-1,optimal,2460,0.0,0.0,0.0,0.0,0.0,-0.0,Idle,0.0,0.0,-1,optimal,2429,243.29,97.044,243.29,97.044,146.246,112.1306,Discharge,34.1154,34.1154,85.6763,optimal,2447,66.518,27.676,66.518,27.676,38.842,31.322,Discharge,7.52,7.52,88.5692,optimal,2460,372.712,169.084,372.712,169.084,203.628,145.2689,Discharge,58.3591,58.3591,86.884,optimal,2427,78.754,41.6,78.754,41.6,37.154,30.3683,Discharge,6.7857,6.7857,92.5103,optimal,284,118.886,36.798,118.886,36.798,82.088,61.0924,Discharge,20.9956,20.9956,77.9338,optimal,283,140.422,62.604,140.422,62.604,77.818,58.5768,Discharge,19.2412,19.2412,85.553,optimal,284
81,2,33,1684.588,376.3718,217.66,77.554,217.66,77.554,140.106,117.4881,Discharge,22.6179,22.6179,86.2408,89.6,optimal,2459,128.47,50.244,128.47,50.244,78.226,58.7759,Discharge,19.4501,19.4501,80.8837,optimal,2459,119.902,44.464,119.902,44.464,75.438,58.9617,Discharge,16.4763,16.4763,86.1904,optimal,2446,102.66,34.98,102.66,34.98,67.68,49.4407,Discharge,18.2393,18.2393,79.8831,optimal,2427,337.348,121.108,337.348,121.108,216.24,168.3403,Discharge,47.8997,47.8997,79.2272,optimal,2429,278.854,112.568,278.854,112.568,166.286,125.789,Discharge,40.497,40.497,85.9683,optimal,2460,338.09,120.134,338.09,120.134,217.956,169.1746,Discharge,48.7814,48.7814,78.8034,optimal,2447,118.662,48.192,118.662,48.192,70.47,55.0768,Discharge,15.3932,15.3932,88.6258,optimal,2447,0.0,0.0,0.0,0.0,0.0,0.0,Idle,-0.0,-0.0,-1,optimal,2460,0.0,0.0,0.0,0.0,0.0,0.0,Idle,-0.0,-0.0,-1,optimal,2429,234.638,84.588,234.638,84.588,150.05,115.9346,Discharge,34.1154,34.1154,80.8051,optimal,2446,68.534,22.79,68.534,22.79,45.744,38.224,Discharge,7.52,7.52,83.2603,optimal,2461,386.35,148.88,386.35,148.88,237.47,179.1109,Discharge,58.3591,58.3591,82.1952,optimal,2428,76.738,35.692,76.738,35.692,41.046,34.2603,Discharge,6.7857,6.7857,89.216,optimal,283,117.774,30.536,117.774,30.536,87.238,66.2424,Discharge,20.9956,20.9956,70.5735,optimal,283,150.422,59.784,150.422,59.784,90.638,71.3968,Discharge,19.2412,19.2412,80.3793,optimal,283
82,2,34,2066.436,373.8337,216.77,62.55,216.77,62.55,154.22,134.1401,Discharge,20.0799,20.0799,83.0245,86.63,optimal,2461,141.824,36.582,141.824,36.582,105.242,85.7919,Discharge,19.4501,19.4501,74.0748,optimal,2461,126.386,33.468,126.386,33.468,92.918,76.4417,Discharge,16.4763,16.4763,80.5697,optimal,2447,115.906,29.186,115.906,29.186,86.72,68.4807,Discharge,18.2393,18.2393,72.4396,optimal,2429,346.624,95.54,346.624,95.54,251.084,203.1843,Discharge,47.8997,47.8997,72.8378,optimal,2431,317.608,86.504,317.608,86.504,231.104,190.607,Discharge,40.497,40.497,79.8197,optimal,2461,346.034,93.602,346.034,93.602,252.432,203.6506,Discharge,48.7814,48.7814,72.3993,optimal,2446,129.758,35.948,129.758,35.948,93.81,78.4168,Discharge,15.3932,15.3932,82.6851,optimal,2446,0.0,0.0,0.0,0.0,0.0,-0.0,Idle,0.0,0.0,-1,optimal,2461,0.0,0.0,0.0,0.0,0.0,-0.0,Idle,0.0,0.0,-1,optimal,2431,254.74,68.788,254.74,68.788,185.952,151.8366,Discharge,34.1154,34.1154,74.4254,optimal,2446,68.896,17.65,68.896,17.65,51.246,43.726,Discharge,7.52,7.52,77.1872,optimal,2461,412.496,114.052,412.496,114.052,298.444,240.0849,Discharge,58.3591,58.3591,75.9103,optimal,2429,96.482,28.898,96.482,28.898,67.584,60.7983,Discharge,6.7857,6.7857,83.37,optimal,283,112.942,24.57,112.942,24.57,88.372,67.3764,Discharge,20.9956,20.9956,63.0873,optimal,284,154.394,47.086,154.394,47.086,107.308,88.0668,Discharge,19.2412,19.2412,73.9976,optimal,284
83,2,35,2387.786,371.6597,228.026,46.774,228.026,46.774,181.252,163.3462,Discharge,17.9058,17.9058,78.6228,83.33,optimal,2460,146.178,30.176,146.178,30.176,116.002,96.5519,Discharge,19.4501,19.4501,66.4119,optimal,2460,134.224,26.366,134.224,26.366,107.858,91.3817,Discharge,16.4763,16.4763,73.8505,optimal,2445,121.738,20.594,121.738,20.594,101.144,82.9047,Discharge,18.2393,18.2393,63.4282,optimal,2429,362.036,72.102,362.036,72.102,289.934,242.0343,Discharge,47.8997,47.8997,65.2267,optimal,2431,339.534,67.98,339.534,67.98,271.554,231.057,Discharge,40.497,40.497,72.3662,optimal,2460,357.592,71.358,357.592,71.358,286.234,237.4526,Discharge,48.7814,48.7814,64.9322,optimal,2446,138.352,28.858,138.352,28.858,109.494,94.1008,Discharge,15.3932,15.3932,75.5562,optimal,2446,0.0,0.0,0.0,0.0,0.0,-0.0,Idle,0.0,0.0,-1,optimal,2460,0.0,0.0,0.0,0.0,0.0,-0.0,Idle,0.0,0.0,-1,optimal,2431,268.076,51.534,268.076,51.534,216.542,182.4266,Discharge,34.1154,34.1154,66.7604,optimal,2445,72.24,13.774,72.24,13.774,58.466,50.946,Discharge,7.52,7.52,70.1114,optimal,2460,427.492,87.018,427.492,87.018,340.474,282.1149,Discharge,58.3591,58.3591,68.5251,optimal,2429,105.338,22.558,105.338,22.558,82.78,75.9943,Discharge,6.7857,6.7857,76.0629,optimal,283,122.452,19.376,122.452,19.376,103.076,82.0804,Discharge,20.9956,20.9956,53.9672,optimal,284,155.98,33.004,155.98,33.004,122.976,103.7348,Discharge,19.2412,19.2412,66.4806,optimal,283
84,2,36,2735.888,369.4609,233.714,30.648,233.714,30.648,203.066,187.359,Discharge,15.707,15.707,74.1457,79.28,optimal,2461,153.372,20.332,153.372,20.332,133.04,113.5899,Discharge,19.4501,19.4501,57.3969,optimal,2461,148.23,16.37,148.23,16.37,131.86,115.3837,Discharge,16.4763,16.4763,65.3664,optimal,2450,124.244,14.216,124.244,14.216,110.028,91.7887,Discharge,18.2393,18.2393,53.4511,optimal,2429,373.214,47.61,373.214,47.61,325.604,277.7043,Discharge,47.8997,47.8997,56.4938,optimal,2431,370.128,44.218,370.128,44.218,325.91,285.413,Discharge,40.497,40.497,63.1594,optimal,2461,370.442,47.318,370.442,47.318,323.124,274.3426,Discharge,48.7814,48.7814,56.3051,optimal,2449,151.976,17.896,151.976,17.896,134.08,118.6868,Discharge,15.3932,15.3932,66.5648,optimal,2449,0.0,0.0,0.0,0.0,0.0,-0.0,Idle,0.0,0.0,-1,optimal,2461,0.0,0.0,0.0,0.0,0.0,-0.0,Idle,0.0,0.0,-1,optimal,2431,282.886,34.636,282.886,34.636,248.25,214.1346,Discharge,34.1154,34.1154,57.7632,optimal,2448,72.068,8.448,72.068,8.448,63.62,56.1,Discharge,7.52,7.52,62.3197,optimal,2461,451.578,57.622,451.578,57.622,393.956,335.5969,Discharge,58.3591,58.3591,59.7398,optimal,2430,113.97,14.744,113.97,14.744,99.226,92.4403,Discharge,6.7857,6.7857,67.1744,optimal,283,124.632,12.756,124.632,12.756,111.876,90.8804,Discharge,20.9956,20.9956,43.8694,optimal,283,154.32,22.072,154.32,22.072,132.248,113.0068,Discharge,19.2412,19.2412,58.2917,optimal,284
85,2,37,3017.874,367.3428,232.5,20.264,232.5,20.264,212.236,198.6471,Discharge,13.5889,13.5889,69.5424,74.59,optimal,2462,170.356,14.168,170.356,14.168,156.188,136.7379,Discharge,19.4501,19.4501,46.5446,optimal,2461,165.51,12.026,165.51,12.026,153.484,137.0077,Discharge,16.4763,16.4763,55.2923,optimal,2448,128.338,10.658,128.338,10.658,117.68,99.4407,Discharge,18.2393,18.2393,42.6424,optimal,2428,388.652,33.062,388.652,33.062,355.59,307.6903,Discharge,47.8997,47.8997,46.818,optimal,2430,393.124,31.254,393.124,31.254,361.87,321.373,Discharge,40.497,40.497,52.7925,optimal,2460,388.97,32.92,388.97,32.92,356.05,307.2686,Discharge,48.7814,48.7814,46.6425,optimal,2448,167.416,12.35,167.416,12.35,155.066,139.6728,Discharge,15.3932,15.3932,55.9835,optimal,2448,0.0,0.0,0.0,0.0,0.0,-0.0,Idle,0.0,0.0,-1,optimal,2460,0.0,0.0,0.0,0.0,0.0,-0.0,Idle,0.0,0.0,-1,optimal,2430,293.934,25.004,293.934,25.004,268.93,234.8146,Discharge,34.1154,34.1154,47.897,optimal,2447,69.628,5.886,69.628,5.886,63.742,56.222,Discharge,7.52,7.52,54.5111,optimal,2460,488.852,39.802,488.852,39.802,449.05,390.6909,Discharge,58.3591,58.3591,49.5123,optimal,2428,120.19,10.676,120.19,10.676,109.514,102.7283,Discharge,6.7857,6.7857,57.2967,optimal,284,120.514,9.18,120.514,9.18,111.334,90.3384,Discharge,20.9956,20.9956,33.8318,optimal,284,161.974,14.834,161.974,14.834,147.14,127.8988,Discharge,19.2412,19.2412,49.0237,optimal,283
86,2,38,3089.434,365.5772,227.104,13.12,227.104,13.12,213.984,202.1607,Discharge,11.8233,11.8233,64.6802,69.79,optimal,2460,165.828,7.814,165.828,7.814,158.014,138.5639,Discharge,19.4501,19.4501,35.5475,optimal,2460,171.366,7.318,171.366,7.318,164.048,147.5717,Discharge,16.4763,16.4763,44.4414,optimal,2448,130.624,6.602,130.624,6.602,124.022,105.7827,Discharge,18.2393,18.2393,31.1443,optimal,2431,370.788,20.636,370.788,20.636,350.152,302.2523,Discharge,47.8997,47.8997,37.3132,optimal,2433,398.656,18.06,398.656,18.06,380.596,340.099,Discharge,40.497,40.497,41.8215,optimal,2460,378.504,20.372,378.504,20.372,358.132,309.3506,Discharge,48.7814,48.7814,36.9145,optimal,2448,175.514,6.786,175.514,6.786,168.728,153.3348,Discharge,15.3932,15.3932,44.3673,optimal,2448,0.0,0.0,0.0,0.0,0.0,-0.0,Idle,0.0,0.0,-1,optimal,2460,0.0,0.0,0.0,0.0,0.0,-0.0,Idle,0.0,0.0,-1,optimal,2433,288.998,15.728,288.998,15.728,273.27,239.1546,Discharge,34.1154,34.1154,37.8485,optimal,2448,67.248,3.254,67.248,3.254,63.994,56.474,Discharge,7.52,7.52,46.6675,optimal,2460,494.594,24.548,494.594,24.548,470.046,411.6869,Discharge,58.3591,58.3591,38.7351,optimal,2429,116.56,6.016,116.56,6.016,110.544,103.7583,Discharge,6.7857,6.7857,47.3199,optimal,283,111.356,5.422,111.356,5.422,105.934,84.9384,Discharge,20.9956,20.9956,24.3942,optimal,283,157.724,9.754,157.724,9.754,147.97,128.7288,Discharge,19.2412,19.2412,39.6955,optimal,284
87,2,39,3224.332,363.8959,234.898,4.792,234.898,4.792,230.106,219.964,Discharge,10.142,10.142,59.0075,64.8,optimal,2461,157.884,3.534,157.884,3.534,154.35,134.8999,Discharge,19.4501,19.4501,24.8412,optimal,2461,168.498,3.104,168.498,3.104,165.394,148.9177,Discharge,16.4763,16.4763,33.4916,optimal,2448,132.426,2.6,132.426,2.6,129.826,111.5867,Discharge,18.2393,18.2393,19.0153,optimal,2428,384.1,8.048,384.1,8.048,376.052,328.1523,Discharge,47.8997,47.8997,26.994,optimal,2430,393.224,7.606,393.224,7.606,385.618,345.121,Discharge,40.497,40.497,30.6886,optimal,2460,386.004,7.892,386.004,7.892,378.112,329.3306,Discharge,48.7814,48.7814,26.5582,optimal,2448,168.938,3.02,168.938,3.02,165.918,150.5248,Discharge,15.3932,15.3932,32.9639,optimal,2448,0.0,0.0,0.0,0.0,0.0,-0.0,Idle,0.0,0.0,-1,optimal,2460,0.0,0.0,0.0,0.0,0.0,-0.0,Idle,0.0,0.0,-1,optimal,2430,298.366,6.196,298.366,6.196,292.17,258.0546,Discharge,34.1154,34.1154,27.0058,optimal,2447,79.3,1.506,79.3,1.506,77.794,70.274,Discharge,7.52,7.52,36.9072,optimal,2460,483.978,9.736,483.978,9.736,474.242,415.8829,Discharge,58.3591,58.3591,27.8482,optimal,2429,123.668,2.34,123.668,2.34,121.328,114.5423,Discharge,6.7857,6.7857,36.3062,optimal,284,115.508,2.27,115.508,2.27,113.238,92.2424,Discharge,20.9956,20.9956,14.145,optimal,284,163.504,3.32,163.504,3.32,160.184,140.9428,Discharge,19.2412,19.2412,29.4823,optimal,284
88,2,40,3275.426,362.3874,248.834,1.03,248.834,1.03,247.804,239.1705,Discharge,8.6335,8.6335,53.076,59.28,optimal,2460,153.166,0.784,153.166,0.784,152.382,132.9319,Discharge,19.4501,19.4501,14.291,optimal,2460,165.144,0.62,165.144,0.62,164.524,148.0477,Discharge,16.4763,16.4763,22.6057,optimal,2445,119.492,0.544,119.492,0.544,118.948,100.7087,Discharge,18.2393,18.2393,8.0687,optimal,2429,396.128,1.72,396.128,1.72,394.408,346.5083,Discharge,47.8997,47.8997,16.0975,optimal,2431,381.386,1.564,381.386,1.564,379.822,339.325,Discharge,40.497,40.497,19.7426,optimal,2459,399.07,1.766,399.07,1.766,397.304,348.5226,Discharge,48.7814,48.7814,15.5984,optimal,2446,159.216,0.546,159.216,0.546,158.67,143.2768,Discharge,15.3932,15.3932,22.1096,optimal,2446,0.0,0.0,0.0,0.0,0.0,-0.0,Idle,0.0,0.0,-1,optimal,2459,0.0,0.0,0.0,0.0,0.0,-0.0,Idle,0.0,0.0,-1,optimal,2431,298.41,1.26,298.41,1.26,297.15,263.0346,Discharge,34.1154,34.1154,15.954,optimal,2445,87.732,0.312,87.732,0.312,87.42,79.9,Discharge,7.52,7.52,25.81,optimal,2460,468.892,2.14,468.892,2.14,466.752,408.3929,Discharge,58.3591,58.3591,17.1572,optimal,2429,120.23,0.482,120.23,0.482,119.748,112.9623,Discharge,6.7857,6.7857,25.4445,optimal,283,127.838,0.438,127.838,0.438,127.4,106.4044,Discharge,20.9956,20.9956,2.3223,optimal,284,163.778,0.684,163.778,0.684,163.094,143.8528,Discharge,19.2412,19.2412,19.0581,optimal,284
89,2,41,3251.296,1819.5953,245.968,0.0,245.968,0.0,245.968,208.1422,Discharge,37.8258,37.8258,49.077,53.61,optimal,2463,154.928,0.02,154.928,0.02,154.908,56.6577,Discharge,98.2503,98.2503,9.7944,optimal,2462,166.908,0.012,166.908,0.012,166.896,83.5144,Discharge,83.3816,83.3816,16.4649,optimal,2421,112.732,0.014,112.732,0.014,112.718,20.5214,Discharge,92.1966,92.1966,5.8381,optimal,2280,394.01,0.012,394.01,0.012,393.998,153.4996,Discharge,240.4984,240.4984,11.2705,optimal,2291,377.384,0.034,377.384,0.034,377.35,173.865,Discharge,203.485,203.485,14.1341,optimal,2476,395.374,0.02,395.374,0.02,395.354,150.4468,Discharge,244.9072,244.9072,10.8674,optimal,2420,157.554,0.012,157.554,0.012,157.542,79.5761,Discharge,77.9659,77.9659,16.0811,optimal,2420,0.0,0.0,0.0,0.0,0.0,-0.0,Idle,0.0,0.0,-1,optimal,2476,0.0,0.0,0.0,0.0,0.0,-0.0,Idle,0.0,0.0,-1,optimal,2291,291.284,0.014,291.284,0.014,291.27,119.6931,Discharge,171.5769,171.5769,10.9248,optimal,2417,88.666,0.0,88.666,0.0,88.666,50.066,Discharge,38.6,38.6,18.8564,optimal,2480,470.702,0.034,470.702,0.034,470.668,177.8727,Discharge,292.7953,292.7953,12.5009,optimal,2282,112.99,0.012,112.99,0.012,112.978,78.0494,Discharge,34.9286,34.9286,17.9397,optimal,283,119.248,0.0,119.248,0.0,119.248,13.2702,Discharge,105.9778,105.9778,0.8478,optimal,284,163.744,0.012,163.744,0.012,163.732,66.5261,Discharge,97.2059,97.2059,14.2374,optimal,285
90,2,42,3191.742,1816.1512,237.94,0.012,237.94,0.012,237.928,203.5463,Discharge,34.3817,34.3817,43.6322,48.52,optimal,2458,153.408,0.004,153.408,0.004,153.404,55.1537,Discharge,98.2503,98.2503,5.4171,optimal,2458,166.25,0.012,166.25,0.012,166.238,82.8564,Discharge,83.3816,83.3816,10.3726,optimal,2434,114.736,0.012,114.736,0.012,114.724,22.5274,Discharge,92.1966,92.1966,3.3894,optimal,2278,377.146,0.012,377.146,0.012,377.134,136.6356,Discharge,240.4984,240.4984,6.9737,optimal,2289,378.17,0.028,378.17,0.028,378.142,174.657,Discharge,203.485,203.485,8.5,optimal,2475,377.858,0.016,377.858,0.016,377.842,132.9348,Discharge,244.9072,244.9072,6.687,optimal,2433,163.706,0.012,163.706,0.012,163.694,85.7281,Discharge,77.9659,77.9659,9.5865,optimal,2433,0.0,0.0,0.0,0.0,0.0,-0.0,Idle,0.0,0.0,-1,optimal,2475,0.0,0.0,0.0,0.0,0.0,-0.0,Idle,0.0,0.0,-1,optimal,2289,276.088,0.024,276.088,0.024,276.064,104.4871,Discharge,171.5769,171.5769,6.5346,optimal,2429,88.99,0.0,88.99,0.0,88.99,50.39,Discharge,38.6,38.6,11.8578,optimal,2476,472.342,0.016,472.342,0.016,472.326,179.5307,Discharge,292.7953,292.7953,7.8011,optimal,2281,107.816,0.024,107.816,0.024,107.792,72.8634,Discharge,34.9286,34.9286,10.9336,optimal,284,111.218,0.0,111.218,0.0,111.218,5.2402,Discharge,105.9778,105.9778,0.2656,optimal,284,166.246,0.0,166.246,0.0,166.246,69.0401,Discharge,97.2059,97.2059,9.2345,optimal,283
91,2,43,2980.294,1812.4293,232.632,0.0,232.632,0.0,232.632,201.9722,Discharge,30.6598,30.6598,38.6194,43.44,optimal,2460,133.792,0.038,133.792,0.038,133.754,35.5037,Discharge,98.2503,98.2503,2.5993,optimal,2460,158.746,0.0,158.746,0.0,158.746,75.3644,Discharge,83.3816,83.3816,4.8311,optimal,2418,104.032,0.012,104.032,0.012,104.02,11.8234,Discharge,92.1966,92.1966,2.1043,optimal,2277,362.288,0.036,362.288,0.036,362.252,121.7536,Discharge,240.4984,240.4984,3.145,optimal,2288,337.252,0.038,337.252,0.038,337.214,133.729,Discharge,203.485,203.485,4.1862,optimal,2479,359.772,0.026,359.772,0.026,359.746,114.8388,Discharge,244.9072,244.9072,3.0757,optimal,2420,148.206,0.012,148.206,0.012,148.194,70.2281,Discharge,77.9659,77.9659,4.2662,optimal,2420,0.0,0.0,0.0,0.0,0.0,-0.0,Idle,0.0,0.0,-1,optimal,2479,0.0,0.0,0.0,0.0,0.0,-0.0,Idle,0.0,0.0,-1,optimal,2288,250.5,0.024,250.5,0.024,250.476,78.8991,Discharge,171.5769,171.5769,3.2195,optimal,2417,87.418,0.0,87.418,0.0,87.418,48.818,Discharge,38.6,38.6,5.0775,optimal,2481,441.362,0.05,441.362,0.05,441.312,148.5167,Discharge,292.7953,292.7953,3.9133,optimal,2280,94.214,0.012,94.214,0.012,94.202,59.2734,Discharge,34.9286,34.9286,5.2343,optimal,284,108.368,0.0,108.368,0.0,108.368,2.3902,Discharge,105.9778,105.9778,-0.0,optimal,285,161.984,0.024,161.984,0.024,161.96,64.7541,Discharge,97.2059,97.2059,4.5422,optimal,283
92,2,44,2861.122,1796.7517,214.814,0.014,214.814,0.014,214.8,186.8913,Discharge,27.9087,27.9087,34.2787,38.61,optimal,2461,131.002,0.0,131.002,0.0,131.002,32.7517,Discharge,98.2503,98.2503,-0.0,optimal,2461,149.096,0.012,149.096,0.012,149.084,65.7024,Discharge,83.3816,83.3816,-0.0,optimal,2436,111.558,0.002,111.558,0.002,111.556,19.3594,Discharge,92.1966,92.1966,-0.0,optimal,2279,340.536,0.026,340.536,0.026,340.51,100.0116,Discharge,240.4984,240.4984,-0.0,optimal,2290,333.282,0.026,333.282,0.026,333.256,129.771,Discharge,203.485,203.485,-0.0,optimal,2481,342.73,0.014,342.73,0.014,342.716,97.8088,Discharge,244.9072,244.9072,-0.0,optimal,2432,134.292,0.012,134.292,0.012,134.28,56.3141,Discharge,77.9659,77.9659,-0.0,optimal,2432,0.0,0.0,0.0,0.0,0.0,-0.0,Idle,0.0,0.0,-1,optimal,2481,0.0,0.0,0.0,0.0,0.0,-0.0,Idle,0.0,0.0,-1,optimal,2290,248.218,0.016,248.218,0.016,248.202,76.6251,Discharge,171.5769,171.5769,-0.0,optimal,2429,75.17,0.012,75.17,0.012,75.158,36.558,Discharge,38.6,38.6,-0.0,optimal,2483,442.296,0.014,442.296,0.014,442.282,149.4867,Discharge,292.7953,292.7953,-0.0,optimal,2282,85.348,0.012,85.348,0.012,85.336,50.4074,Discharge,34.9286,34.9286,0.3874,optimal,284,93.054,0.002,93.054,0.002,93.052,0.0007,Idle,93.0513,93.0513,-0.0001,optimal,283,159.9,0.012,159.9,0.012,159.888,62.6821,Discharge,97.2059,97.2059,-0.0,optimal,284
93,2,45,2487.716,2339.1237,198.362,0.026,198.362,0.026,198.336,144.5769,Discharge,53.7591,53.7591,31.5229,34.12,optimal,2460,113.96,0.014,113.96,0.014,113.946,-0.0008,Idle,113.9468,113.9468,0.0001,optimal,2460,130.578,0.012,130.578,0.012,130.566,-0.0019,Idle,130.5679,130.5679,0.0001,optimal,2424,89.936,0.0,89.936,0.0,89.936,-0.0009,Idle,89.9369,89.9369,0.0001,optimal,2224,294.784,0.026,294.784,0.026,294.758,-0.0019,Idle,294.7599,294.7599,0.0001,optimal,2236,282.2,0.026,282.2,0.026,282.174,-0.0041,Idle,282.1781,282.1781,0.0001,optimal,2482,304.28,0.028,304.28,0.028,304.252,-0.0013,Idle,304.2533,304.2533,0.0,optimal,2421,121.546,0.024,121.546,0.024,121.522,-0.002,Idle,121.524,121.524,0.0002,optimal,2421,0.0,0.0,0.0,0.0,0.0,-0.0,Idle,0.0,0.0,-1,optimal,2482,0.0,0.0,0.0,0.0,0.0,-0.0,Idle,0.0,0.0,-1,optimal,2236,208.228,0.026,208.228,0.026,208.202,0.0007,Idle,208.2013,208.2013,-0.0,optimal,2420,59.156,0.0,59.156,0.0,59.156,0.001,Idle,59.155,59.155,-0.0001,optimal,2484,389.896,0.026,389.896,0.026,389.87,0.001,Idle,389.869,389.869,-0.0,optimal,2224,74.15,0.014,74.15,0.014,74.136,4.0289,Discharge,70.1071,70.1071,0.0,optimal,283,79.718,0.012,79.718,0.012,79.706,-0.0003,Idle,79.7063,79.7063,0.0,optimal,283,141.156,0.0,141.156,0.0,141.156,-0.0028,Idle,141.1588,141.1588,0.0002,optimal,283
94,2,46,2227.098,2101.0816,178.398,0.012,178.398,0.012,178.386,125.9853,Discharge,52.4007,52.4007,27.9443,30.54,optimal,2466,109.324,0.014,109.324,0.014,109.31,0.002,Idle,109.308,109.308,-0.0001,optimal,2466,112.782,0.002,112.782,0.002,112.78,0.0031,Idle,112.7769,112.7769,-0.0001,optimal,2436,75.996,0.0,75.996,0.0,75.996,0.0019,Idle,75.9941,75.9941,-0.0001,optimal,2258,266.784,0.024,266.784,0.024,266.76,0.0064,Idle,266.7536,266.7536,-0.0001,optimal,2268,249.568,0.004,249.568,0.004,249.564,0.0075,Idle,249.5565,249.5565,-0.0001,optimal,2477,275.176,0.026,275.176,0.026,275.15,0.0053,Idle,275.1447,275.1447,-0.0001,optimal,2430,111.702,0.002,111.702,0.002,111.7,0.0038,Idle,111.6962,111.6962,-0.0001,optimal,2430,0.0,0.0,0.0,0.0,0.0,-0.0,Idle,0.0,0.0,-1,optimal,2477,0.0,0.0,0.0,0.0,0.0,-0.0,Idle,0.0,0.0,-1,optimal,2268,179.394,0.0,179.394,0.0,179.394,-0.0004,Idle,179.3944,179.3944,-0.0,optimal,2430,52.694,0.012,52.694,0.012,52.682,-0.0005,Idle,52.6825,52.6825,-0.0,optimal,2479,347.98,0.016,347.98,0.016,347.964,-0.0005,Idle,347.9645,347.9645,0.0,optimal,2257,66.774,0.0,66.774,0.0,66.774,0.0001,Idle,66.7739,66.7739,-0.0,optimal,285,72.564,0.0,72.564,0.0,72.564,-0.0005,Idle,72.5645,72.5645,0.0001,optimal,284,128.086,0.012,128.086,0.012,128.074,0.0029,Idle,128.0711,128.0711,-0.0,optimal,285
95,2,47,1848.164,1750.635,149.682,0.0,149.682,0.0,149.682,98.7763,Discharge,50.9057,50.9057,25.698,27.58,optimal,2456,98.964,0.0,98.964,0.0,98.964,-0.0006,Idle,98.9646,98.9646,0.0,optimal,2456,85.292,0.014,85.292,0.014,85.278,-0.0006,Idle,85.2786,85.2786,-0.0,optimal,2424,57.216,0.026,57.216,0.026,57.19,-0.0005,Idle,57.1905,57.1905,0.0,optimal,2301,228.634,0.0,228.634,0.0,228.634,-0.0023,Idle,228.6363,228.6363,-0.0,optimal,2308,201.306,0.04,201.306,0.04,201.266,-0.0017,Idle,201.2677,201.2677,0.0,optimal,2473,237.832,0.0,237.832,0.0,237.832,-0.002,Idle,237.834,237.834,0.0,optimal,2423,86.256,0.014,86.256,0.014,86.242,-0.0009,Idle,86.2429,86.2429,0.0,optimal,2423,0.0,0.0,0.0,0.0,0.0,-0.0,Idle,0.0,0.0,-1,optimal,2473,0.0,0.0,0.0,0.0,0.0,-0.0,Idle,0.0,0.0,-1,optimal,2308,157.766,0.026,157.766,0.026,157.74,-0.0011,Idle,157.7411,157.7411,0.0,optimal,2423,46.702,0.0,46.702,0.0,46.702,0.0002,Idle,46.7018,46.7018,-0.0,optimal,2474,272.998,0.04,272.998,0.04,272.958,-0.0018,Idle,272.9598,272.9598,0.0,optimal,2300,63.454,0.0,63.454,0.0,63.454,-0.0001,Idle,63.4541,63.4541,-0.0,optimal,283,67.99,0.0,67.99,0.0,67.99,-0.0001,Idle,67.9901,67.9901,0.0001,optimal,283,94.232,0.0,94.232,0.0,94.232,-1.236,Charge,95.468,95.468,0.0896,optimal,282
96,2,48,1702.77,1622.9666,129.88,0.002,129.88,0.002,129.878,80.1025,Discharge,49.7755,49.7755,23.6534,25.2,optimal,2466,94.032,0.002,94.032,0.002,94.03,0.0016,Idle,94.0284,94.0284,-0.0001,optimal,2465,83.386,0.0,83.386,0.0,83.386,-0.0004,Idle,83.3864,83.3864,0.0,optimal,2438,53.792,0.0,53.792,0.0,53.792,-1.556,Charge,55.348,55.348,0.1691,optimal,2315,208.692,0.002,208.692,0.002,208.69,0.0034,Idle,208.6866,208.6866,-0.0001,optimal,2322,186.17,0.002,186.17,0.002,186.168,0.0013,Idle,186.1667,186.1667,-0.0,optimal,2471,216.158,0.004,216.158,0.004,216.154,0.0035,Idle,216.1505,216.1505,-0.0001,optimal,2434,81.85,0.0,81.85,0.0,81.85,0.0001,Idle,81.8499,81.8499,-0.0,optimal,2434,0.0,0.0,0.0,0.0,0.0,-0.0,Idle,0.0,0.0,-1,optimal,2471,0.0,0.0,0.0,0.0,0.0,-0.0,Idle,0.0,0.0,-1,optimal,2322,142.7,0.002,142.7,0.002,142.698,0.0036,Idle,142.6944,142.6944,-0.0001,optimal,2431,36.684,0.0,36.684,0.0,36.684,-0.0001,Idle,36.6841,36.6841,-0.0,optimal,2473,260.838,0.002,260.838,0.002,260.836,0.0046,Idle,260.8314,260.8314,-0.0001,optimal,2314,56.22,0.0,56.22,0.0,56.22,0.0009,Idle,56.2191,56.2191,-0.0001,optimal,284,55.682,0.002,55.682,0.002,55.68,0.0023,Idle,55.6777,55.6777,-0.0002,optimal,284,96.704,0.0,96.704,0.0,96.704,1.236,Discharge,95.468,95.468,0.0,optimal,285
97,3,1,1505.51,1452.8311,102.93,0.012,102.93,0.012,102.918,54.2401,Discharge,48.6779,48.6779,22.5412,23.27,optimal,2463,85.804,0.0,85.804,0.0,85.804,-0.0008,Idle,85.8048,85.8048,-0.0,optimal,2462,78.166,0.0,78.166,0.0,78.166,0.001,Idle,78.165,78.165,-0.0,optimal,2427,54.482,0.0,54.482,0.0,54.482,-0.866,Charge,55.348,55.348,0.2633,optimal,2321,173.546,0.024,173.546,0.024,173.522,-0.0017,Idle,173.5237,173.5237,-0.0,optimal,2327,177.078,0.012,177.078,0.012,177.066,-0.0006,Idle,177.0666,177.0666,0.0,optimal,2472,184.44,0.012,184.44,0.012,184.428,-0.0018,Idle,184.4298,184.4298,0.0,optimal,2428,77.342,0.0,77.342,0.0,77.342,-0.0001,Idle,77.3421,77.3421,0.0,optimal,2428,0.0,0.0,0.0,0.0,0.0,-0.0,Idle,0.0,0.0,-1,optimal,2472,0.0,0.0,0.0,0.0,0.0,-0.0,Idle,0.0,0.0,-1,optimal,2327,126.232,0.012,126.232,0.012,126.22,-0.0013,Idle,126.2213,126.2213,-0.0,optimal,2426,27.77,0.0,27.77,0.0,27.77,0.0011,Idle,27.7689,27.7689,-0.0002,optimal,2474,242.134,0.012,242.134,0.012,242.122,-0.0014,Idle,242.1234,242.1234,-0.0,optimal,2320,47.828,0.012,47.828,0.012,47.816,-0.0005,Idle,47.8165,47.8165,-0.0,optimal,284,42.31,0.0,42.31,0.0,42.31,-0.0008,Idle,42.3108,42.3108,0.0,optimal,284,85.556,0.012,85.556,0.012,85.544,-0.6883,Charge,86.2323,86.2323,0.0499,optimal,284
98,3,2,1455.458,1403.6235,97.436,0.014,97.436,0.014,97.422,49.2908,Discharge,48.1312,48.1312,20.8538,21.98,optimal,2461,84.566,0.0,84.566,0.0,84.566,0.0014,Idle,84.5646,84.5646,-0.0001,optimal,2461,70.296,0.0,70.296,0.0,70.296,-0.0003,Idle,70.2963,70.2963,0.0,optimal,2439,57.784,0.014,57.784,0.014,57.77,2.422,Discharge,55.348,55.348,-0.0,optimal,2322,169.026,0.014,169.026,0.014,169.012,-0.0005,Idle,169.0125,169.0125,0.0,optimal,2329,171.958,0.014,171.958,0.014,171.944,0.0006,Idle,171.9434,171.9434,-0.0,optimal,2476,180.172,0.014,180.172,0.014,180.158,-0.0001,Idle,180.1581,180.1581,0.0,optimal,2435,66.358,0.0,66.358,0.0,66.358,-0.3,Idle,66.658,66.658,0.0227,optimal,2435,0.0,0.0,0.0,0.0,0.0,-0.0,Idle,0.0,0.0,-1,optimal,2476,0.0,0.0,0.0,0.0,0.0,-0.0,Idle,0.0,0.0,-1,optimal,2329,123.18,0.026,123.18,0.026,123.154,0.0007,Idle,123.1533,123.1533,-0.0,optimal,2433,25.2,0.002,25.2,0.002,25.198,-0.2693,Idle,25.4673,25.4673,0.0373,optimal,2477,240.394,0.002,240.394,0.002,240.392,0.0005,Idle,240.3915,240.3915,-0.0,optimal,2322,44.652,0.012,44.652,0.012,44.64,0.0006,Idle,44.6394,44.6394,-0.0001,optimal,284,37.64,0.012,37.64,0.012,37.628,-0.0001,Idle,37.6281,37.6281,0.0,optimal,283,86.922,0.002,86.922,0.002,86.92,0.6883,Discharge,86.2317,86.2317,0.0,optimal,284
99,3,3,1345.314,1300.7441,91.564,0.0,91.564,0.0,91.564,44.3096,Discharge,47.2544,47.2544,19.808,20.79,optimal,2462,73.822,0.0,73.822,0.0,73.822,-0.0007,Idle,73.8227,73.8227,-0.0,optimal,2462,69.804,0.024,69.804,0.024,69.78,0.0006,Idle,69.7794,69.7794,-0.0,optimal,2428,51.498,0.012,51.498,0.012,51.486,-0.3122,Idle,51.7982,51.7982,0.0339,optimal,2334,156.086,0.0,156.086,0.0,156.086,0.0015,Idle,156.0845,156.0845,-0.0,optimal,2340,159.536,0.036,159.536,0.036,159.5,-0.0003,Idle,159.5003,159.5003,-0.0,optimal,2471,163.104,0.0,163.104,0.0,163.104,0.0012,Idle,163.1028,163.1028,-0.0,optimal,2429,66.982,0.024,66.982,0.024,66.958,0.3,Idle,66.658,66.658,-0.0,optimal,2429,0.0,0.0,0.0,0.0,0.0,-0.0,Idle,0.0,0.0,-1,optimal,2471,0.0,0.0,0.0,0.0,0.0,-0.0,Idle,0.0,0.0,-1,optimal,2340,109.084,0.012,109.084,0.012,109.072,-0.0003,Idle,109.0723,109.0723,0.0,optimal,2427,25.736,0.0,25.736,0.0,25.736,0.2687,Idle,25.4673,25.4673,0.0,optimal,2472,222.054,0.024,222.054,0.024,222.03,-0.0002,Idle,222.0302,222.0302,0.0,optimal,2333,38.658,0.012,38.658,0.012,38.646,-0.0003,Idle,38.6463,38.6463,0.0,optimal,284,35.63,0.0,35.63,0.0,35.63,0.0003,Idle,35.6297,35.6297,-0.0,optimal,284,81.9,0.0,81.9,0.0,81.9,0.0022,Idle,81.8978,81.8978,-0.0002,optimal,284
100,3,4,1233.78,1220.1862,81.062,0.036,81.062,0.036,81.026,34.5666,Discharge,46.4594,46.4594,19.0956,19.72,optimal,2459,70.192,0.0,70.192,0.0,70.192,-1.191,Charge,71.383,71.383,0.0945,optimal,2460,64.716,0.0,64.716,0.0,64.716,-0.0003,Idle,64.7163,64.7163,-0.0,optimal,2437,47.654,0.0,47.654,0.0,47.654,-4.1439,Charge,51.7979,51.7979,0.4844,optimal,2338,140.422,0.036,140.422,0.036,140.386,-0.0005,Idle,140.3865,140.3865,0.0,optimal,2344,150.604,0.0,150.604,0.0,150.604,-4.1068,Charge,154.7108,154.7108,0.1325,optimal,2472,148.448,0.036,148.448,0.036,148.412,-0.0005,Idle,148.4125,148.4125,-0.0,optimal,2438,60.736,0.0,60.736,0.0,60.736,-0.0,Idle,60.736,60.736,0.0,optimal,2438,0.0,0.0,0.0,0.0,0.0,-0.0,Idle,0.0,0.0,-1,optimal,2472,0.0,0.0,0.0,0.0,0.0,-0.0,Idle,0.0,0.0,-1,optimal,2344,101.86,0.012,101.86,0.012,101.848,-5.7661,Charge,107.6141,107.6141,0.2423,optimal,2433,24.79,0.024,24.79,0.024,24.766,0.0,Idle,24.766,24.766,-0.0,optimal,2473,205.088,0.0,205.088,0.0,205.088,-1.9816,Charge,207.0696,207.0696,0.0519,optimal,2338,33.034,0.0,33.034,0.0,33.034,-3.7808,Charge,36.8148,36.8148,0.3635,optimal,284,33.194,0.024,33.194,0.024,33.17,-0.0001,Idle,33.1701,33.1701,0.0,optimal,283,72.16,0.012,72.16,0.012,72.148,-0.0011,Idle,72.1491,72.1491,0.0,optimal,283
101,3,5,1231.574,1205.5563,72.71,0.012,72.71,0.012,72.698,26.765,Discharge,45.933,45.933,18.408,18.89,optimal,2465,72.574,0.0,72.574,0.0,72.574,1.191,Discharge,71.383,71.383,0.0,optimal,2464,64.064,0.0,64.064,0.0,64.064,0.0002,Idle,64.0638,64.0638,-0.0,optimal,2437,54.866,0.0,54.866,0.0,54.866,3.0681,Discharge,51.7979,51.7979,0.1509,optimal,2337,134.098,0.024,134.098,0.024,134.074,-3.1707,Charge,137.2447,137.2447,0.0997,optimal,2343,158.83,0.012,158.83,0.012,158.818,4.1068,Discharge,154.7112,154.7112,-0.0,optimal,2473,143.892,0.012,143.892,0.012,143.88,-1.8695,Charge,145.7495,145.7495,0.0588,optimal,2435,57.182,0.0,57.182,0.0,57.182,0.0001,Idle,57.1819,57.1819,-0.0,optimal,2435,0.0,0.0,0.0,0.0,0.0,-0.0,Idle,0.0,0.0,-1,optimal,2473,0.0,0.0,0.0,0.0,0.0,-0.0,Idle,0.0,0.0,-1,optimal,2343,108.656,0.012,108.656,0.012,108.644,1.0301,Discharge,107.6139,107.6139,0.199,optimal,2433,22.526,0.012,22.526,0.012,22.514,-1.007,Charge,23.521,23.521,0.1399,optimal,2474,209.052,0.0,209.052,0.0,209.052,1.9816,Discharge,207.0704,207.0704,0.0,optimal,2337,34.832,0.012,34.832,0.012,34.82,-1.9948,Charge,36.8148,36.8148,0.5553,optimal,284,28.43,0.012,28.43,0.012,28.418,-4.0833,Charge,32.5013,32.5013,0.4537,optimal,284,69.97,0.0,69.97,0.0,69.97,0.0,Idle,69.97,69.97,-0.0,optimal,284
102,3,6,1217.484,1160.3106,83.71,0.038,83.71,0.038,83.672,38.1629,Discharge,45.5091,45.5091,17.0193,18.2,optimal,2460,65.82,0.0,65.82,0.0,65.82,0.0002,Idle,65.8198,65.8198,-0.0,optimal,2460,56.666,0.012,56.666,0.012,56.654,-0.0001,Idle,56.6541,56.6541,-0.0,optimal,2435,53.222,0.036,53.222,0.036,53.186,1.3881,Discharge,51.7979,51.7979,-0.0,optimal,2346,140.454,0.038,140.454,0.038,140.416,3.1707,Discharge,137.2453,137.2453,0.0,optimal,2353,147.06,0.048,147.06,0.048,147.012,-0.0002,Idle,147.0122,147.0122,0.0,optimal,2469,147.658,0.038,147.658,0.038,147.62,1.8695,Discharge,145.7505,145.7505,-0.0,optimal,2436,52.402,0.012,52.402,0.012,52.39,-0.0,Idle,52.39,52.39,0.0,optimal,2436,0.0,0.0,0.0,0.0,0.0,-0.0,Idle,0.0,0.0,-1,optimal,2469,0.0,0.0,0.0,0.0,0.0,-0.0,Idle,0.0,0.0,-1,optimal,2353,112.388,0.038,112.388,0.038,112.35,4.7361,Discharge,107.6139,107.6139,0.0,optimal,2434,24.552,0.024,24.552,0.024,24.528,1.007,Discharge,23.521,23.521,0.0,optimal,2470,192.982,0.048,192.982,0.048,192.934,-0.0004,Idle,192.9344,192.9344,0.0,optimal,2347,39.65,0.012,39.65,0.012,39.638,2.8232,Discharge,36.8148,36.8148,0.2839,optimal,283,36.544,0.026,36.544,0.026,36.518,4.0167,Discharge,32.5013,32.5013,0.0074,optimal,283,64.758,0.012,64.758,0.012,64.746,-0.0,Idle,64.746,64.746,-0.0,optimal,283
103,3,7,1142.534,1106.9023,78.624,0.0,78.624,0.0,78.624,34.1999,Discharge,44.4241,44.4241,16.5235,17.26,optimal,2461,58.506,0.012,58.506,0.012,58.494,-0.2794,Idle,58.7734,58.7734,0.0222,optimal,2461,55.948,0.0,55.948,0.0,55.948,-0.0,Idle,55.948,55.948,0.0,optimal,2443,49.652,0.0,49.652,0.0,49.652,0.001,Idle,49.651,49.651,-0.0001,optimal,2354,133.058,0.024,133.058,0.024,133.034,-0.0016,Idle,133.0356,133.0356,0.0001,optimal,2360,136.84,0.012,136.84,0.012,136.828,0.0003,Idle,136.8277,136.8277,-0.0,optimal,2471,136.054,0.012,136.054,0.012,136.042,-0.0034,Idle,136.0454,136.0454,0.0001,optimal,2440,51.3,0.0,51.3,0.0,51.3,0.0,Idle,51.3,51.3,-0.0,optimal,2440,0.0,0.0,0.0,0.0,0.0,-0.0,Idle,0.0,0.0,-1,optimal,2471,0.0,0.0,0.0,0.0,0.0,-0.0,Idle,0.0,0.0,-1,optimal,2360,106.226,0.012,106.226,0.012,106.214,0.0001,Idle,106.2139,106.2139,-0.0,optimal,2438,22.75,0.0,22.75,0.0,22.75,-0.2073,Idle,22.9573,22.9573,0.0288,optimal,2472,181.17,0.012,181.17,0.012,181.158,0.0012,Idle,181.1568,181.1568,-0.0,optimal,2355,38.7,0.012,38.7,0.012,38.688,1.8732,Discharge,36.8148,36.8148,0.1038,optimal,284,32.568,0.0,32.568,0.0,32.568,0.0667,Idle,32.5013,32.5013,-0.0,optimal,283,61.246,0.012,61.246,0.012,61.234,-0.019,Idle,61.253,61.253,0.0014,optimal,283
104,3,8,1067.822,1043.6538,75.408,0.024,75.408,0.024,75.384,31.6685,Discharge,43.7155,43.7155,15.7076,16.45,optimal,2459,58.924,0.06,58.924,0.06,58.864,0.0906,Idle,58.7734,58.7734,0.015,optimal,2459,49.434,0.002,49.434,0.002,49.432,-1.6613,Charge,51.0933,51.0933,0.1222,optimal,2431,41.25,0.0,41.25,0.0,41.25,-0.0005,Idle,41.2505,41.2505,-0.0,optimal,2366,129.572,0.072,129.572,0.072,129.5,0.0024,Idle,129.4976,129.4976,-0.0,optimal,2371,121.806,0.014,121.806,0.014,121.792,-1.764,Charge,123.556,123.556,0.0569,optimal,2465,132.636,0.072,132.636,0.072,132.564,0.0041,Idle,132.5599,132.5599,-0.0,optimal,2433,46.228,0.014,46.228,0.014,46.214,-0.702,Charge,46.916,46.916,0.0532,optimal,2433,0.0,0.0,0.0,0.0,0.0,-0.0,Idle,0.0,0.0,-1,optimal,2465,0.0,0.0,0.0,0.0,0.0,-0.0,Idle,0.0,0.0,-1,optimal,2371,98.35,0.024,98.35,0.024,98.326,-0.0001,Idle,98.3261,98.3261,-0.0,optimal,2431,18.39,0.0,18.39,0.0,18.39,-4.5674,Charge,22.9574,22.9574,0.6632,optimal,2466,166.992,0.062,166.992,0.062,166.93,-0.0004,Idle,166.9304,166.9304,-0.0,optimal,2367,37.906,0.012,37.906,0.012,37.894,1.0792,Discharge,36.8148,36.8148,0.0,optimal,283,30.022,0.012,30.022,0.012,30.01,0.0,Idle,30.01,30.01,-0.0,optimal,284,61.308,0.036,61.308,0.036,61.272,0.019,Idle,61.253,61.253,0.0,optimal,283
105,3,9,1022.042,1001.7322,64.512,0.002,64.512,0.002,64.51,21.5443,Discharge,42.9657,42.9657,15.3939,15.69,optimal,2461,58.962,0.0,58.962,0.0,58.962,0.1886,Idle,58.7734,58.7734,0.0,optimal,2461,50.81,0.012,50.81,0.012,50.798,-0.2953,Idle,51.0933,51.0933,0.1439,optimal,2442,40.824,0.014,40.824,0.014,40.81,0.0009,Idle,40.8091,40.8091,-0.0001,optimal,2366,119.112,0.002,119.112,0.002,119.11,-0.0004,Idle,119.1104,119.1104,-0.0,optimal,2371,125.346,0.026,125.346,0.026,125.32,1.764,Discharge,123.556,123.556,0.0,optimal,2468,121.138,0.002,121.138,0.002,121.136,-0.0003,Idle,121.1363,121.1363,-0.0,optimal,2442,47.63,0.012,47.63,0.012,47.618,0.702,Discharge,46.916,46.916,-0.0,optimal,2442,0.0,0.0,0.0,0.0,0.0,-0.0,Idle,0.0,0.0,-1,optimal,2468,0.0,0.0,0.0,0.0,0.0,-0.0,Idle,0.0,0.0,-1,optimal,2371,90.378,0.014,90.378,0.014,90.364,0.0002,Idle,90.3638,90.3638,-0.0,optimal,2441,20.6,0.002,20.6,0.002,20.598,-2.3594,Charge,22.9574,22.9574,0.9909,optimal,2469,164.322,0.026,164.322,0.026,164.296,-0.0007,Idle,164.2967,164.2967,0.0,optimal,2367,33.26,0.0,33.26,0.0,33.26,0.0003,Idle,33.2597,33.2597,-0.0,optimal,284,27.052,0.0,27.052,0.0,27.052,-0.8264,Charge,27.8784,27.8784,0.0918,optimal,283,58.21,0.002,58.21,0.002,58.208,-0.408,Idle,58.616,58.616,0.0296,optimal,283
106,3,10,987.948,974.7882,58.81,0.024,58.81,0.024,58.786,16.1349,Discharge,42.6511,42.6511,14.8991,15.16,optimal,2459,58.72,0.0,58.72,0.0,58.72,0.0013,Idle,58.7187,58.7187,-0.0001,optimal,2459,53.05,0.0,53.05,0.0,53.05,1.9567,Discharge,51.0933,51.0933,-0.0,optimal,2442,37.266,0.0,37.266,0.0,37.266,-0.0005,Idle,37.2665,37.2665,-0.0,optimal,2367,114.86,0.024,114.86,0.024,114.836,-0.0,Idle,114.836,114.836,0.0,optimal,2371,121.27,0.0,121.27,0.0,121.27,0.0003,Idle,121.2697,121.2697,-0.0,optimal,2465,116.692,0.024,116.692,0.024,116.668,-0.0,Idle,116.668,116.668,0.0,optimal,2441,45.028,0.0,45.028,0.0,45.028,0.0001,Idle,45.0279,45.0279,-0.0,optimal,2441,0.0,0.0,0.0,0.0,0.0,-0.0,Idle,0.0,0.0,-1,optimal,2465,0.0,0.0,0.0,0.0,0.0,-0.0,Idle,0.0,0.0,-1,optimal,2371,85.078,0.0,85.078,0.0,85.078,-0.0001,Idle,85.0781,85.0781,-0.0,optimal,2440,20.334,0.012,20.334,0.012,20.322,-2.6354,Charge,22.9574,22.9574,1.3569,optimal,2466,162.764,0.012,162.764,0.012,162.752,0.0012,Idle,162.7508,162.7508,-0.0,optimal,2367,29.976,0.0,29.976,0.0,29.976,-0.0001,Idle,29.9761,29.9761,-0.0,optimal,283,25.184,0.012,25.184,0.012,25.172,-2.7064,Charge,27.8784,27.8784,0.3925,optimal,283,59.036,0.012,59.036,0.012,59.024,0.408,Idle,58.616,58.616,-0.0,optimal,284
107,3,11,936.454,931.4215,58.518,0.0,58.518,0.0,58.518,16.1452,Discharge,42.3728,42.3728,14.3686,14.77,optimal,2459,53.77,0.0,53.77,0.0,53.77,-0.0007,Idle,53.7707,53.7707,0.0,optimal,2459,49.55,0.012,49.55,0.012,49.538,-0.202,Idle,49.74,49.74,0.0149,optimal,2442,35.62,0.0,35.62,0.0,35.62,0.0,Idle,35.62,35.62,-0.0,optimal,2378,109.798,0.0,109.798,0.0,109.798,-1.1708,Charge,110.9688,110.9688,0.0368,optimal,2383,112.662,0.012,112.662,0.012,112.65,-0.0001,Idle,112.6501,112.6501,-0.0,optimal,2465,111.964,0.0,111.964,0.0,111.964,-3.6922,Charge,115.6562,115.6562,0.1161,optimal,2442,41.374,0.012,41.374,0.012,41.362,-0.2369,Idle,41.5989,41.5989,0.0179,optimal,2442,0.0,0.0,0.0,0.0,0.0,-0.0,Idle,0.0,0.0,-1,optimal,2465,0.0,0.0,0.0,0.0,0.0,-0.0,Idle,0.0,0.0,-1,optimal,2383,80.566,0.0,80.566,0.0,80.566,0.0,Idle,80.566,80.566,-0.0,optimal,2441,20.264,0.0,20.264,0.0,20.264,-2.6934,Charge,22.9574,22.9574,1.731,optimal,2466,152.88,0.012,152.88,0.012,152.868,-0.0003,Idle,152.8683,152.8683,0.0,optimal,2378,28.264,0.0,28.264,0.0,28.264,0.0002,Idle,28.2638,28.2638,-0.0,optimal,283,24.762,0.0,24.762,0.0,24.762,-3.1164,Charge,27.8784,27.8784,0.7388,optimal,283,56.51,0.0,56.51,0.0,56.51,-0.0,Idle,56.51,56.51,0.0,optimal,283
108,3,12,856.102,911.4181,54.544,0.036,54.544,0.036,54.508,12.5757,Discharge,41.9323,41.9323,14.1535,14.39,optimal,2464,50.254,0.0,50.254,0.0,50.254,-2.2947,Charge,52.5487,52.5487,0.1821,optimal,2463,47.008,0.024,47.008,0.024,46.984,-2.7557,Charge,49.7397,49.7397,0.2175,optimal,2442,28.188,0.012,28.188,0.012,28.176,-6.4514,Charge,34.6274,34.6274,0.7012,optimal,2377,101.46,0.036,101.46,0.036,101.424,-9.5449,Charge,110.9689,110.9689,0.337,optimal,2381,101.052,0.036,101.052,0.036,101.016,-2.8193,Charge,103.8353,103.8353,0.0909,optimal,2465,104.83,0.036,104.83,0.036,104.794,-10.8623,Charge,115.6563,115.6563,0.4577,optimal,2441,40.81,0.024,40.81,0.024,40.786,-0.8129,Charge,41.5989,41.5989,0.0795,optimal,2441,0.0,0.0,0.0,0.0,0.0,-0.0,Idle,0.0,0.0,-1,optimal,2465,0.0,0.0,0.0,0.0,0.0,-0.0,Idle,0.0,0.0,-1,optimal,2381,69.976,0.036,69.976,0.036,69.94,-9.235,Charge,79.175,79.175,0.388,optimal,2439,19.334,0.0,19.334,0.0,19.334,-3.6234,Charge,22.9574,22.9574,2.2342,optimal,2466,139.212,0.048,139.212,0.048,139.164,-6.9907,Charge,146.1547,146.1547,0.183,optimal,2377,25.516,0.012,25.516,0.012,25.504,-2.604,Charge,28.108,28.108,0.2504,optimal,284,23.242,0.012,23.242,0.012,23.23,-4.6484,Charge,27.8784,27.8784,1.2553,optimal,284,51.0,0.012,51.0,0.012,50.988,-5.249,Charge,56.237,56.237,0.3804,optimal,284
109,3,13,780.494,911.1571,50.982,0.462,50.982,0.462,50.52,8.8527,Discharge,41.6673,41.6673,13.956,14.07,optimal,2461,46.752,0.424,46.752,0.424,46.328,-6.2206,Charge,52.5486,52.5486,0.6758,optimal,2461,44.75,0.282,44.75,0.282,44.468,-5.2717,Charge,49.7397,49.7397,0.6051,optimal,2444,23.922,0.178,23.922,0.178,23.744,-10.8834,Charge,34.6274,34.6274,1.8842,optimal,2379,94.558,0.812,94.558,0.812,93.746,-17.2229,Charge,110.9689,110.9689,0.8786,optimal,2383,90.198,0.728,90.198,0.728,89.47,-14.3669,Charge,103.8369,103.8369,0.5544,optimal,2467,97.354,0.812,97.354,0.812,96.542,-19.1143,Charge,115.6563,115.6563,1.0588,optimal,2442,37.822,0.352,37.822,0.352,37.47,-4.1289,Charge,41.5989,41.5989,0.3923,optimal,2442,0.0,0.0,0.0,0.0,0.0,-0.0,Idle,0.0,0.0,-1,optimal,2467,0.0,0.0,0.0,0.0,0.0,-0.0,Idle,0.0,0.0,-1,optimal,2383,62.988,0.496,62.988,0.496,62.492,-16.683,Charge,79.175,79.175,1.089,optimal,2440,16.396,0.184,16.396,0.184,16.212,-6.7454,Charge,22.9574,22.9574,3.1711,optimal,2467,129.254,0.908,129.254,0.908,128.346,-17.8111,Charge,146.1571,146.1571,0.6493,optimal,2379,22.926,0.296,22.926,0.296,22.63,-5.478,Charge,28.108,28.108,0.7771,optimal,283,21.246,0.19,21.246,0.19,21.056,-6.8224,Charge,27.8784,27.8784,2.0134,optimal,284,47.8,0.33,47.8,0.33,47.47,-8.7671,Charge,56.2371,56.2371,1.0157,optimal,283
110,3,14,789.852,911.0219,64.394,4.476,64.394,4.476,59.918,18.3859,Discharge,41.5321,41.5321,13.1687,13.83,optimal,2464,44.754,3.558,44.754,3.558,41.196,-11.3526,Charge,52.5486,52.5486,1.5768,optimal,2463,44.506,2.76,44.506,2.76,41.746,-7.9937,Charge,49.7397,49.7397,1.1929,optimal,2447,25.06,1.728,25.06,1.728,23.332,-11.2954,Charge,34.6274,34.6274,3.112,optimal,2383,106.344,7.152,106.344,7.152,99.192,-11.7769,Charge,110.9689,110.9689,1.2489,optimal,2387,92.616,6.93,92.616,6.93,85.686,-18.1509,Charge,103.8369,103.8369,1.1399,optimal,2464,108.532,7.098,108.532,7.098,101.434,-14.2223,Charge,115.6563,115.6563,1.506,optimal,2444,38.128,3.504,38.128,3.504,34.624,-6.9749,Charge,41.5989,41.5989,0.9207,optimal,2444,0.0,0.0,0.0,0.0,0.0,-0.0,Idle,0.0,0.0,-1,optimal,2464,0.0,0.0,0.0,0.0,0.0,-0.0,Idle,0.0,0.0,-1,optimal,2387,67.166,4.63,67.166,4.63,62.536,-16.639,Charge,79.175,79.175,1.7881,optimal,2443,16.16,1.644,16.16,1.644,14.516,-8.4414,Charge,22.9574,22.9574,4.3435,optimal,2465,137.182,8.774,137.182,8.774,128.408,-17.7491,Charge,146.1571,146.1571,1.1139,optimal,2383,27.46,2.188,27.46,2.188,25.272,-2.836,Charge,28.108,28.108,1.0498,optimal,284,22.33,1.964,22.33,1.964,20.366,-7.5124,Charge,27.8784,27.8784,2.8481,optimal,283,54.484,2.858,54.484,2.858,51.626,-4.6111,Charge,56.2371,56.2371,1.3498,optimal,284
111,3,15,685.814,453.3446,57.26,10.37,57.26,10.37,46.89,26.6653,Discharge,20.2247,20.2247,12.5229,13.37,optimal,2460,43.732,9.09,43.732,9.09,34.642,8.4927,Discharge,26.1493,26.1493,0.9028,optimal,2460,47.83,6.862,47.83,6.862,40.968,16.2231,Discharge,24.7449,24.7449,-0.0,optimal,2444,26.908,4.03,26.908,4.03,22.878,5.6893,Discharge,17.1887,17.1887,2.4936,optimal,2423,96.576,16.166,96.576,16.166,80.41,25.0506,Discharge,55.3594,55.3594,0.4612,optimal,2425,99.594,17.388,99.594,17.388,82.206,30.4126,Discharge,51.7934,51.7934,0.1589,optimal,2462,98.538,16.198,98.538,16.198,82.34,24.6368,Discharge,57.7032,57.7032,0.7313,optimal,2445,42.688,9.86,42.688,9.86,32.828,12.1536,Discharge,20.6744,20.6744,-0.0,optimal,2445,0.0,0.0,0.0,0.0,0.0,-0.0,Idle,0.0,0.0,-1,optimal,2462,0.0,0.0,0.0,0.0,0.0,-0.0,Idle,0.0,0.0,-1,optimal,2425,66.788,10.574,66.788,10.574,56.214,16.7515,Discharge,39.4625,39.4625,1.0843,optimal,2444,17.0,3.568,17.0,3.568,13.432,2.0783,Discharge,11.3537,11.3537,4.0548,optimal,2460,134.474,21.68,134.474,21.68,112.794,39.8404,Discharge,72.9536,72.9536,0.071,optimal,2423,25.542,4.958,25.542,4.958,20.584,6.655,Discharge,13.929,13.929,0.4099,optimal,283,22.938,4.306,22.938,4.306,18.632,4.8178,Discharge,13.8142,13.8142,2.3128,optimal,284,47.42,6.424,47.42,6.424,40.996,13.0024,Discharge,27.9936,27.9936,0.4076,optimal,283
112,3,16,494.84,448.5261,50.038,18.964,50.038,18.964,31.074,11.2777,Discharge,19.7963,19.7963,12.8172,12.74,optimal,2460,41.832,15.276,41.832,15.276,26.556,0.4067,Idle,26.1493,26.1493,0.8705,optimal,2460,36.132,12.596,36.132,12.596,23.536,0.003,Idle,23.533,23.533,-0.0002,optimal,2448,31.018,8.094,31.018,8.094,22.924,5.7353,Discharge,17.1887,17.1887,1.8702,optimal,2423,89.74,29.274,89.74,29.274,60.466,5.1066,Discharge,55.3594,55.3594,0.3006,optimal,2425,88.374,31.656,88.374,31.656,56.718,4.9246,Discharge,51.7934,51.7934,-0.0,optimal,2461,88.358,29.328,88.358,29.328,59.03,1.3268,Discharge,57.7032,57.7032,0.6895,optimal,2448,34.372,16.872,34.372,16.872,17.5,0.0038,Idle,17.4962,17.4962,-0.0003,optimal,2448,0.0,0.0,0.0,0.0,0.0,-0.0,Idle,0.0,0.0,-1,optimal,2461,0.0,0.0,0.0,0.0,0.0,-0.0,Idle,0.0,0.0,-1,optimal,2425,67.646,19.756,67.646,19.756,47.89,8.4275,Discharge,39.4625,39.4625,0.7302,optimal,2447,17.486,6.558,17.486,6.558,10.928,-0.4257,Idle,11.3537,11.3537,4.114,optimal,2461,114.922,39.258,114.922,39.258,75.664,2.7104,Discharge,72.9536,72.9536,-0.0,optimal,2423,27.006,8.814,27.006,8.814,18.192,4.263,Discharge,13.929,13.929,-0.0,optimal,283,23.204,7.808,23.204,7.808,15.396,1.5818,Discharge,13.8142,13.8142,2.137,optimal,283,41.548,12.582,41.548,12.582,28.966,0.9724,Discharge,27.9936,27.9936,0.3371,optimal,283
113,3,17,417.11,426.6001,49.946,26.06,49.946,26.06,23.886,3.7334,Discharge,20.1526,20.1526,12.557,12.49,optimal,2461,45.578,20.916,45.578,20.916,24.662,-1.4873,Charge,26.1493,26.1493,0.9886,optimal,2461,37.22,17.19,37.22,17.19,20.03,-0.0015,Idle,20.0315,20.0315,0.0,optimal,2450,29.97,11.724,29.97,11.724,18.246,1.0573,Discharge,17.1887,17.1887,1.7553,optimal,2428,94.21,40.914,94.21,40.914,53.296,-2.0634,Charge,55.3594,55.3594,0.3655,optimal,2429,89.728,44.15,89.728,44.15,45.578,-0.0004,Idle,45.5784,45.5784,0.0,optimal,2459,92.938,41.266,92.938,41.266,51.672,-6.0312,Charge,57.7032,57.7032,0.8792,optimal,2449,34.848,21.876,34.848,21.876,12.972,-0.0019,Idle,12.9739,12.9739,0.0,optimal,2449,0.0,0.0,0.0,0.0,0.0,-0.0,Idle,0.0,0.0,-1,optimal,2459,0.0,0.0,0.0,0.0,0.0,-0.0,Idle,0.0,0.0,-1,optimal,2429,65.722,28.65,65.722,28.65,37.072,-2.3905,Charge,39.4625,39.4625,0.8306,optimal,2448,20.692,9.216,20.692,9.216,11.476,0.1223,Idle,11.3537,11.3537,4.097,optimal,2459,119.11,53.766,119.11,53.766,65.344,-0.0012,Idle,65.3452,65.3452,0.0,optimal,2428,26.252,12.756,26.252,12.756,13.496,0.0022,Idle,13.4938,13.4938,-0.0002,optimal,283,23.292,11.388,23.292,11.388,11.904,-1.9102,Charge,13.8142,13.8142,2.3493,optimal,284,44.916,17.44,44.916,17.44,27.476,-0.5176,Charge,27.9936,27.9936,0.3746,optimal,284
114,3,18,329.758,413.1955,55.696,33.396,55.696,33.396,22.3,1.875,Discharge,20.425,20.425,12.3981,12.4,optimal,2460,48.062,29.082,48.062,29.082,18.98,-7.1693,Charge,26.1493,26.1493,1.5576,optimal,2460,35.736,23.866,35.736,23.866,11.87,-4.4416,Charge,16.3116,16.3116,0.3266,optimal,2448,33.756,16.228,33.756,16.228,17.528,0.3393,Idle,17.1887,17.1887,1.7184,optimal,2428,99.412,54.976,99.412,54.976,44.436,-10.9234,Charge,55.3594,55.3594,0.709,optimal,2431,92.296,61.696,92.296,61.696,30.6,-11.2021,Charge,41.8021,41.8021,0.3614,optimal,2460,100.606,55.12,100.606,55.12,45.486,-12.2172,Charge,57.7032,57.7032,1.2634,optimal,2445,34.988,29.086,34.988,29.086,5.902,-6.2252,Charge,12.1272,12.1272,0.4716,optimal,2445,0.0,0.0,0.0,0.0,0.0,-0.0,Idle,0.0,0.0,-1,optimal,2460,0.0,0.0,0.0,0.0,0.0,-0.0,Idle,0.0,0.0,-1,optimal,2431,69.522,40.086,69.522,40.086,29.436,-10.0265,Charge,39.4625,39.4625,1.2519,optimal,2445,21.076,12.062,21.076,12.062,9.014,-2.3397,Charge,11.3537,11.3537,4.4219,optimal,2460,124.404,72.984,124.404,72.984,51.42,-10.7686,Charge,62.1886,62.1886,0.2819,optimal,2429,26.878,18.484,26.878,18.484,8.394,-2.9224,Charge,11.3164,11.3164,0.2809,optimal,284,24.422,15.522,24.422,15.522,8.9,-4.9142,Charge,13.8142,13.8142,2.8953,optimal,283,48.446,22.954,48.446,22.954,25.492,-2.5016,Charge,27.9936,27.9936,0.5559,optimal,283
115,3,19,194.694,413.5298,54.702,41.616,54.702,41.616,13.086,-7.5677,Charge,20.6537,20.6537,12.771,12.37,optimal,2462,52.824,37.552,52.824,37.552,15.272,-10.8773,Charge,26.1493,26.1493,2.4208,optimal,2462,35.488,29.262,35.488,29.262,6.226,-10.0854,Charge,16.3114,16.3114,1.0682,optimal,2446,29.478,21.974,29.478,21.974,7.504,-9.6847,Charge,17.1887,17.1887,2.7711,optimal,2428,99.726,70.002,99.726,70.002,29.724,-25.6354,Charge,55.3594,55.3594,1.5151,optimal,2430,91.196,77.732,91.196,77.732,13.464,-28.338,Charge,41.802,41.802,1.2755,optimal,2459,104.252,71.67,104.252,71.67,32.582,-25.1212,Charge,57.7032,57.7032,2.0534,optimal,2446,31.676,34.736,31.676,34.736,-3.06,-15.2928,Charge,12.2328,12.2328,1.6302,optimal,2446,0.0,0.0,0.0,0.0,0.0,-0.0,Idle,0.0,0.0,-1,optimal,2459,0.0,0.0,0.0,0.0,0.0,-0.0,Idle,0.0,0.0,-1,optimal,2430,65.93,50.824,65.93,50.824,15.106,-24.3565,Charge,39.4625,39.4625,2.2753,optimal,2445,22.486,14.548,22.486,14.548,7.938,-3.4157,Charge,11.3537,11.3537,4.8963,optimal,2459,126.186,94.702,126.186,94.702,31.484,-30.7048,Charge,62.1888,62.1888,1.0857,optimal,2428,24.496,23.272,24.496,23.272,1.224,-10.0924,Charge,11.3164,11.3164,1.2513,optimal,283,23.646,18.722,23.646,18.722,4.924,-8.8902,Charge,13.8142,13.8142,3.8831,optimal,283,49.962,30.742,49.962,30.742,19.22,-8.7736,Charge,27.9936,27.9936,1.1917,optimal,284
116,3,20,57.722,414.0132,50.598,48.544,50.598,48.544,2.054,-19.0095,Charge,21.0635,21.0635,13.3018,12.59,optimal,2459,48.562,42.058,48.562,42.058,6.504,-19.6453,Charge,26.1493,26.1493,3.98,optimal,2459,33.988,33.24,33.988,33.24,0.748,-15.5634,Charge,16.3114,16.3114,2.2125,optimal,2448,29.502,25.63,29.502,25.63,3.872,-13.3167,Charge,17.1887,17.1887,4.2185,optimal,2427,94.42,80.824,94.42,80.824,13.596,-41.7634,Charge,55.3594,55.3594,2.8284,optimal,2429,86.988,88.86,86.988,88.86,-1.872,-43.674,Charge,41.802,41.802,2.6843,optimal,2460,94.806,82.376,94.806,82.376,12.43,-45.2732,Charge,57.7032,57.7032,3.4771,optimal,2448,32.134,39.234,32.134,39.234,-7.1,-19.4064,Charge,12.3064,12.3064,3.1003,optimal,2448,0.0,0.0,0.0,0.0,0.0,-0.0,Idle,0.0,0.0,-1,optimal,2460,0.0,0.0,0.0,0.0,0.0,-0.0,Idle,0.0,0.0,-1,optimal,2429,66.126,60.054,66.126,60.054,6.072,-33.3905,Charge,39.4625,39.4625,3.6782,optimal,2447,17.76,16.328,17.76,16.328,1.432,-9.9217,Charge,11.3537,11.3537,6.2743,optimal,2460,119.53,108.246,119.53,108.246,11.284,-50.9048,Charge,62.1888,62.1888,2.4183,optimal,2427,26.558,27.156,26.558,27.156,-0.598,-11.9144,Charge,11.3164,11.3164,2.3969,optimal,284,19.276,20.984,19.276,20.984,-1.708,-15.5222,Charge,13.8142,13.8142,5.6078,optimal,284,46.678,35.67,46.678,35.67,11.008,-16.9856,Charge,27.9936,27.9936,2.4225,optimal,283
117,3,21,3.076,414.333,55.604,53.854,55.604,53.854,1.75,-19.6333,Charge,21.3833,21.3833,13.5524,13.06,optimal,2462,53.206,48.01,53.206,48.01,5.196,-20.9533,Charge,26.1493,26.1493,5.6429,optimal,2462,29.848,38.66,29.848,38.66,-8.812,-25.1234,Charge,16.3114,16.3114,4.0598,optimal,2450,28.464,28.52,28.464,28.52,-0.056,-17.2447,Charge,17.1887,17.1887,6.093,optimal,2431,101.37,88.73,101.37,88.73,12.64,-42.7194,Charge,55.3594,55.3594,4.1718,optimal,2433,87.686,101.574,87.686,101.574,-13.888,-55.69,Charge,41.802,41.802,4.4808,optimal,2459,106.452,90.544,106.452,90.544,15.908,-41.7952,Charge,57.7032,57.7032,4.7914,optimal,2449,28.052,45.9,28.052,45.9,-17.848,-30.1544,Charge,12.3064,12.3064,5.3848,optimal,2449,0.0,0.0,0.0,0.0,0.0,-0.0,Idle,0.0,0.0,-1,optimal,2459,0.0,0.0,0.0,0.0,0.0,-0.0,Idle,0.0,0.0,-1,optimal,2433,64.828,64.744,64.828,64.744,0.084,-39.3785,Charge,39.4625,39.4625,5.3328,optimal,2448,20.512,19.294,20.512,19.294,1.218,-10.1357,Charge,11.3537,11.3537,7.6821,optimal,2459,119.794,122.552,119.794,122.552,-2.758,-64.9468,Charge,62.1888,62.1888,4.1185,optimal,2431,29.03,29.172,29.03,29.172,-0.142,-11.4584,Charge,11.3164,11.3164,3.4987,optimal,284,22.702,24.196,22.702,24.196,-1.494,-15.3082,Charge,13.8142,13.8142,7.3087,optimal,283,50.856,39.578,50.856,39.578,11.278,-16.7156,Charge,27.9936,27.9936,3.6338,optimal,284
118,3,22,-107.056,414.5144,50.682,62.71,50.682,62.71,-12.028,-33.5927,Charge,21.5647,21.5647,14.7067,13.59,optimal,2460,55.184,53.652,55.184,53.652,1.532,-24.6173,Charge,26.1493,26.1493,7.5967,optimal,2460,30.904,42.188,30.904,42.188,-11.284,-27.5954,Charge,16.3114,16.3114,6.0889,optimal,2448,31.022,33.708,31.022,33.708,-2.686,-19.8747,Charge,17.1887,17.1887,8.2533,optimal,2429,96.448,101.464,96.448,101.464,-5.016,-60.3754,Charge,55.3594,55.3594,6.0704,optimal,2431,92.758,114.066,92.758,114.066,-21.308,-63.11,Charge,41.802,41.802,6.5166,optimal,2460,104.584,103.938,104.584,103.938,0.646,-57.0572,Charge,57.7032,57.7032,6.5856,optimal,2448,29.694,50.074,29.694,50.074,-20.38,-32.6864,Charge,12.3064,12.3064,7.861,optimal,2448,0.0,0.0,0.0,0.0,0.0,-0.0,Idle,0.0,0.0,-1,optimal,2460,0.0,0.0,0.0,0.0,0.0,-0.0,Idle,0.0,0.0,-1,optimal,2431,66.462,75.974,66.462,75.974,-9.512,-48.9745,Charge,39.4625,39.4625,7.3905,optimal,2447,19.428,22.462,19.428,22.462,-3.034,-14.3877,Charge,11.3537,11.3537,9.6804,optimal,2460,121.984,138.002,121.984,138.002,-16.018,-78.2068,Charge,62.1888,62.1888,6.1658,optimal,2429,29.066,33.52,29.066,33.52,-4.454,-15.7704,Charge,11.3164,11.3164,5.0151,optimal,284,22.146,28.496,22.146,28.496,-6.35,-20.1642,Charge,13.8142,13.8142,9.5492,optimal,284,47.066,44.23,47.066,44.23,2.836,-25.1576,Charge,27.9936,27.9936,5.4568,optimal,283
119,3,23,-174.588,414.9331,52.282,69.704,52.282,69.704,-17.422,-39.4054,Charge,21.9834,21.9834,15.5216,14.42,optimal,2461,52.81,55.244,52.81,55.244,-2.434,-28.5833,Charge,26.1493,26.1493,9.8652,optimal,2461,30.858,47.134,30.858,47.134,-16.276,-32.5874,Charge,16.3114,16.3114,8.4851,optimal,2449,32.324,34.314,32.324,34.314,-1.99,-19.1787,Charge,17.1887,17.1887,10.3379,optimal,2429,94.232,110.886,94.232,110.886,-16.654,-72.0134,Charge,55.3594,55.3594,8.335,optimal,2431,95.85,119.878,95.85,119.878,-24.028,-65.83,Charge,41.802,41.802,8.6402,optimal,2460,101.718,113.824,101.718,113.824,-12.106,-69.8092,Charge,57.7032,57.7032,8.7809,optimal,2449,29.972,53.162,29.972,53.162,-23.19,-35.4964,Charge,12.3064,12.3064,10.5501,optimal,2449,0.0,0.0,0.0,0.0,0.0,-0.0,Idle,0.0,0.0,-1,optimal,2460,0.0,0.0,0.0,0.0,0.0,-0.0,Idle,0.0,0.0,-1,optimal,2431,68.126,81.456,68.126,81.456,-13.33,-52.7925,Charge,39.4625,39.4625,9.6087,optimal,2448,18.83,23.206,18.83,23.206,-4.376,-15.7297,Charge,11.3537,11.3537,11.865,optimal,2460,124.176,147.626,124.176,147.626,-23.45,-85.6388,Charge,62.1888,62.1888,8.4076,optimal,2429,26.97,36.632,26.97,36.632,-9.662,-20.9784,Charge,11.3164,11.3164,7.0322,optimal,283,21.736,29.59,21.736,29.59,-7.854,-21.6682,Charge,13.8142,13.8142,11.9567,optimal,283,46.732,48.548,46.732,48.548,-1.816,-29.8096,Charge,27.9936,27.9936,7.6169,optimal,284
120,3,24,-176.106,416.0126,52.246,73.666,52.246,73.666,-21.42,-44.4829,Charge,23.0629,23.0629,16.6005,15.39,optimal,2461,57.002,53.228,57.002,53.228,3.774,-22.3753,Charge,26.1493,26.1493,11.641,optimal,2461,31.99,47.326,31.99,47.326,-15.336,-31.6474,Charge,16.3114,16.3114,10.8121,optimal,2445,31.26,35.376,31.26,35.376,-4.116,-21.3047,Charge,17.1887,17.1887,12.6536,optimal,2428,99.58,116.066,99.58,116.066,-16.486,-71.8454,Charge,55.3594,55.3594,10.5943,optimal,2430,95.564,120.468,95.564,120.468,-24.904,-66.706,Charge,41.802,41.802,10.792,optimal,2459,104.29,117.846,104.29,117.846,-13.556,-71.2592,Charge,57.7032,57.7032,11.0217,optimal,2446,31.574,51.624,31.574,51.624,-20.05,-32.3564,Charge,12.3064,12.3064,13.0014,optimal,2446,0.0,0.0,0.0,0.0,0.0,-0.0,Idle,0.0,0.0,-1,optimal,2459,0.0,0.0,0.0,0.0,0.0,-0.0,Idle,0.0,0.0,-1,optimal,2430,71.386,84.042,71.386,84.042,-12.656,-52.1185,Charge,39.4625,39.4625,11.7986,optimal,2445,17.284,26.758,17.284,26.758,-9.474,-20.8277,Charge,11.3537,11.3537,14.7578,optimal,2459,128.538,147.38,128.538,147.38,-18.842,-81.0308,Charge,62.1888,62.1888,10.5289,optimal,2429,25.494,39.076,25.494,39.076,-13.582,-24.8984,Charge,11.3164,11.3164,9.4263,optimal,284,24.694,31.564,24.694,31.564,-6.87,-20.6842,Charge,13.8142,13.8142,14.255,optimal,284,48.86,51.448,48.86,51.448,-2.588,-30.5816,Charge,27.9936,27.9936,9.833,optimal,283
121,3,25,-222.222,417.3547,51.748,80.726,51.748,80.726,-28.978,-53.383,Charge,24.405,24.405,18.0068,16.51,optimal,2459,60.524,57.556,60.524,57.556,2.968,-23.1813,Charge,26.1493,26.1493,13.4808,optimal,2459,37.046,50.858,37.046,50.858,-13.812,-30.1234,Charge,16.3114,16.3114,13.027,optimal,2446,32.156,37.886,32.156,37.886,-5.73,-22.9187,Charge,17.1887,17.1887,15.1448,optimal,2430,101.516,126.458,101.516,126.458,-24.942,-80.3014,Charge,55.3594,55.3594,13.1195,optimal,2432,101.15,128.43,101.15,128.43,-27.28,-69.082,Charge,41.802,41.802,13.0204,optimal,2460,107.126,128.15,107.126,128.15,-21.024,-78.7272,Charge,57.7032,57.7032,13.4974,optimal,2446,35.048,55.648,35.048,55.648,-20.6,-32.9064,Charge,12.3064,12.3064,15.4943,optimal,2446,0.0,0.0,0.0,0.0,0.0,-0.0,Idle,0.0,0.0,-1,optimal,2460,0.0,0.0,0.0,0.0,0.0,-0.0,Idle,0.0,0.0,-1,optimal,2432,70.878,89.968,70.878,89.968,-19.09,-58.5525,Charge,39.4625,39.4625,14.2588,optimal,2445,18.186,27.398,18.186,27.398,-9.212,-20.5657,Charge,11.3537,11.3537,17.6141,optimal,2460,137.668,161.006,137.668,161.006,-23.338,-85.5268,Charge,62.1888,62.1888,12.7678,optimal,2430,27.592,41.726,27.592,41.726,-14.134,-25.4504,Charge,11.3164,11.3164,11.8735,optimal,283,21.222,32.442,21.222,32.442,-11.22,-25.0342,Charge,13.8142,13.8142,17.0366,optimal,283,52.448,58.278,52.448,58.278,-5.83,-33.8236,Charge,27.9936,27.9936,12.2839,optimal,284
122,3,26,-309.912,419.2522,55.802,86.01,55.802,86.01,-30.208,-56.5105,Charge,26.3025,26.3025,19.2801,17.8,optimal,2459,60.176,59.91,60.176,59.91,0.266,-25.8833,Charge,26.1493,26.1493,15.5351,optimal,2459,31.606,52.45,31.606,52.45,-20.844,-37.1554,Charge,16.3114,16.3114,15.7591,optimal,2448,28.058,40.452,28.058,40.452,-12.394,-29.5827,Charge,17.1887,17.1887,18.3603,optimal,2426,101.996,134.412,101.996,134.412,-32.416,-87.7754,Charge,55.3594,55.3594,15.8797,optimal,2429,91.966,134.798,91.966,134.798,-42.832,-84.634,Charge,41.802,41.802,15.7505,optimal,2460,108.606,136.348,108.606,136.348,-27.742,-85.4452,Charge,57.7032,57.7032,16.1844,optimal,2447,34.348,57.278,34.348,57.278,-22.93,-35.2364,Charge,12.3064,12.3064,18.1637,optimal,2447,0.0,0.0,0.0,0.0,0.0,-0.0,Idle,0.0,0.0,-1,optimal,2460,0.0,0.0,0.0,0.0,0.0,-0.0,Idle,0.0,0.0,-1,optimal,2429,61.98,96.048,61.98,96.048,-34.068,-73.5305,Charge,39.4625,39.4625,17.3483,optimal,2447,22.592,28.566,22.592,28.566,-5.974,-17.3277,Charge,11.3537,11.3537,20.0208,optimal,2461,129.632,170.056,129.632,170.056,-40.424,-102.6128,Charge,62.1888,62.1888,15.454,optimal,2427,23.646,44.16,23.646,44.16,-20.514,-31.8304,Charge,11.3164,11.3164,14.9341,optimal,284,25.796,34.4,25.796,34.4,-8.604,-22.4182,Charge,13.8142,13.8142,19.5275,optimal,283,50.202,61.43,50.202,61.43,-11.228,-39.2216,Charge,27.9936,27.9936,15.1261,optimal,283
123,3,27,-369.226,421.349,57.176,86.452,57.176,86.452,-29.276,-57.6753,Charge,28.3993,28.3993,20.6272,19.2,optimal,2462,49.518,63.002,49.518,63.002,-13.484,-39.6333,Charge,26.1493,26.1493,18.6806,optimal,2462,33.234,53.146,33.234,53.146,-19.912,-36.2234,Charge,16.3114,16.3114,18.4225,optimal,2446,28.352,41.302,28.352,41.302,-12.95,-30.1387,Charge,17.1887,17.1887,21.6363,optimal,2430,96.418,136.618,96.418,136.618,-40.2,-95.5594,Charge,55.3594,55.3594,18.8847,optimal,2432,87.952,137.8,87.952,137.8,-49.848,-91.65,Charge,41.802,41.802,18.707,optimal,2459,102.576,138.136,102.576,138.136,-35.56,-93.2632,Charge,57.7032,57.7032,19.1172,optimal,2446,30.768,59.62,30.768,59.62,-28.852,-41.1584,Charge,12.3064,12.3064,21.2817,optimal,2446,0.0,0.0,0.0,0.0,0.0,-0.0,Idle,0.0,0.0,-1,optimal,2459,0.0,0.0,0.0,0.0,0.0,-0.0,Idle,0.0,0.0,-1,optimal,2432,64.228,96.96,64.228,96.96,-32.732,-72.1945,Charge,39.4625,39.4625,20.3817,optimal,2445,22.734,28.206,22.734,28.206,-5.472,-16.8257,Charge,11.3537,11.3537,22.3577,optimal,2459,121.696,175.354,121.696,175.354,-53.658,-115.8468,Charge,62.1888,62.1888,18.4866,optimal,2430,21.788,43.26,21.788,43.26,-21.472,-32.7884,Charge,11.3164,11.3164,18.0868,optimal,283,25.332,35.42,25.332,35.42,-10.088,-23.9022,Charge,13.8142,13.8142,22.1833,optimal,283,47.08,62.802,47.08,62.802,-15.722,-43.7156,Charge,27.9936,27.9936,18.2939,optimal,284
124,3,28,-206.798,423.8699,62.906,71.62,62.906,71.62,-8.714,-39.6342,Charge,30.9202,30.9202,21.1429,20.6,optimal,2461,41.982,53.594,41.982,53.594,-11.612,-37.7613,Charge,26.1493,26.1493,21.6775,optimal,2461,33.206,46.648,33.206,46.648,-13.442,-29.7534,Charge,16.3114,16.3114,20.6103,optimal,2449,27.934,34.858,27.934,34.858,-6.924,-24.1127,Charge,17.1887,17.1887,24.2572,optimal,2429,98.628,115.834,98.628,115.834,-17.206,-72.5654,Charge,55.3594,55.3594,21.1667,optimal,2430,81.522,118.926,81.522,118.926,-37.404,-79.206,Charge,41.802,41.802,21.262,optimal,2459,103.05,116.916,103.05,116.916,-13.866,-71.5692,Charge,57.7032,57.7032,21.3678,optimal,2449,27.574,51.272,27.574,51.272,-23.698,-36.0044,Charge,12.3064,12.3064,24.0094,optimal,2449,0.0,0.0,0.0,0.0,0.0,-0.0,Idle,0.0,0.0,-1,optimal,2459,0.0,0.0,0.0,0.0,0.0,-0.0,Idle,0.0,0.0,-1,optimal,2430,68.916,82.744,68.916,82.744,-13.828,-53.2905,Charge,39.4625,39.4625,22.6208,optimal,2448,23.602,22.702,23.602,22.702,0.9,-10.4537,Charge,11.3537,11.3537,23.8096,optimal,2459,113.536,150.166,113.536,150.166,-36.63,-98.8188,Charge,62.1888,62.1888,21.0735,optimal,2429,21.038,37.566,21.038,37.566,-16.528,-27.8444,Charge,11.3164,11.3164,20.7642,optimal,283,27.834,28.184,27.834,28.184,-0.35,-14.1642,Charge,13.8142,13.8142,23.7571,optimal,284,47.088,54.584,47.088,54.584,-7.496,-35.4896,Charge,27.9936,27.9936,20.8656,optimal,284
125,3,29,-253.342,82.2114,57.164,75.24,57.164,75.24,-18.076,-24.2974,Charge,6.2214,6.2214,21.7911,21.53,optimal,2460,39.554,52.042,39.554,52.042,-12.488,-17.5179,Charge,5.0299,5.0299,23.0678,optimal,2460,33.794,48.116,33.794,48.116,-14.322,-17.3843,Charge,3.0623,3.0623,21.8886,optimal,2454,28.814,36.376,28.814,36.376,-7.562,-10.7997,Charge,3.2377,3.2377,25.4311,optimal,2456,94.906,118.786,94.906,118.786,-23.88,-34.7519,Charge,10.8719,10.8719,22.2595,optimal,2457,83.144,121.58,83.144,121.58,-38.436,-46.5964,Charge,8.1604,8.1604,22.7651,optimal,2457,95.554,119.662,95.554,119.662,-24.108,-35.4486,Charge,11.3406,11.3406,22.4825,optimal,2454,28.54,52.582,28.54,52.582,-24.042,-26.3033,Charge,2.2613,2.2613,26.002,optimal,2454,0.0,0.0,0.0,0.0,0.0,0.0,Idle,-0.0,-0.0,-1,optimal,2457,0.0,0.0,0.0,0.0,0.0,0.0,Idle,-0.0,-0.0,-1,optimal,2457,72.016,85.824,72.016,85.824,-13.808,-21.5005,Charge,7.6925,7.6925,23.5241,optimal,2454,18.706,24.048,18.706,24.048,-5.342,-7.4127,Charge,2.0707,2.0707,24.8391,optimal,2457,110.95,152.616,110.95,152.616,-41.666,-53.9038,Charge,12.2378,12.2378,22.4846,optimal,2456,24.138,39.548,24.138,39.548,-15.41,-17.4733,Charge,2.0633,2.0633,22.4443,optimal,283,27.67,29.126,27.67,29.126,-1.456,-4.0188,Charge,2.5628,2.5628,24.2036,optimal,283,42.346,55.092,42.346,55.092,-12.746,-18.1447,Charge,5.3987,5.3987,22.1804,optimal,283
126,3,30,-241.804,82.3413,61.304,80.216,61.304,80.216,-18.912,-25.2633,Charge,6.3513,6.3513,22.7684,22.12,optimal,2460,41.572,51.34,41.572,51.34,-9.768,-14.7979,Charge,5.0299,5.0299,24.2422,optimal,2460,34.672,49.87,34.672,49.87,-15.198,-18.2603,Charge,3.0623,3.0623,23.2312,optimal,2452,29.312,35.238,29.312,35.238,-5.926,-9.1637,Charge,3.2377,3.2377,26.4271,optimal,2457,99.238,122.44,99.238,122.44,-23.202,-34.0739,Charge,10.8719,10.8719,23.331,optimal,2457,85.112,121.078,85.112,121.078,-35.966,-44.1264,Charge,8.1604,8.1604,24.1886,optimal,2457,100.924,122.94,100.924,122.94,-22.016,-33.3566,Charge,11.3406,11.3406,23.5315,optimal,2452,31.096,55.006,31.096,55.006,-23.91,-26.1713,Charge,2.2613,2.2613,27.9847,optimal,2452,0.0,0.0,0.0,0.0,0.0,0.0,Idle,-0.0,-0.0,-1,optimal,2457,0.0,0.0,0.0,0.0,0.0,0.0,Idle,-0.0,-0.0,-1,optimal,2457,70.66,87.416,70.66,87.416,-16.756,-24.4485,Charge,7.6925,7.6925,24.5514,optimal,2452,23.778,25.948,23.778,25.948,-2.17,-4.2407,Charge,2.0707,2.0707,25.4281,optimal,2457,113.416,152.974,113.416,152.974,-39.558,-51.7958,Charge,12.2378,12.2378,23.8405,optimal,2457,24.79,40.424,24.79,40.424,-15.634,-17.6973,Charge,2.0633,2.0633,24.1459,optimal,283,30.256,31.122,30.256,31.122,-0.866,-3.4288,Charge,2.5628,2.5628,24.5846,optimal,283,43.482,55.404,43.482,55.404,-11.922,-17.3207,Charge,5.3987,5.3987,23.4356,optimal,283
127,3,31,-136.364,82.6932,57.908,72.004,57.908,72.004,-14.096,-20.7993,Charge,6.7033,6.7033,23.1396,22.73,optimal,2461,49.02,48.31,49.02,48.31,0.71,-4.3199,Charge,5.0299,5.0299,24.5851,optimal,2461,35.416,45.356,35.416,45.356,-9.94,-13.0023,Charge,3.0623,3.0623,24.1873,optimal,2452,31.578,31.572,31.578,31.572,0.006,-3.2317,Charge,3.2377,3.2377,26.7784,optimal,2456,93.66,113.384,93.66,113.384,-19.724,-30.5959,Charge,10.8719,10.8719,24.2931,optimal,2457,95.596,110.6,95.596,110.6,-15.004,-23.1644,Charge,8.1604,8.1604,24.9358,optimal,2457,100.702,112.974,100.702,112.974,-12.272,-23.6126,Charge,11.3406,11.3406,24.274,optimal,2452,34.602,49.884,34.602,49.884,-15.282,-17.5433,Charge,2.2613,2.2613,29.3137,optimal,2452,0.0,0.0,0.0,0.0,0.0,-0.0,Idle,0.0,0.0,-1,optimal,2457,0.0,0.0,0.0,0.0,0.0,-0.0,Idle,0.0,0.0,-1,optimal,2457,74.518,79.758,74.518,79.758,-5.24,-12.9325,Charge,7.6925,7.6925,25.0948,optimal,2452,19.124,23.044,19.124,23.044,-3.92,-5.9907,Charge,2.0707,2.0707,26.2601,optimal,2457,124.996,141.15,124.996,141.15,-16.154,-28.3918,Charge,12.2378,12.2378,24.5838,optimal,2456,21.25,36.312,21.25,36.312,-15.062,-17.1253,Charge,2.0633,2.0633,25.7926,optimal,283,28.896,27.896,28.896,27.896,1.0,-1.5628,Charge,2.5628,2.5628,24.7582,optimal,283,41.106,52.492,41.106,52.492,-11.386,-16.7847,Charge,5.3987,5.3987,24.6518,optimal,284
128,3,32,73.86,82.9813,60.684,58.44,60.684,58.44,2.244,-4.7474,Charge,6.9914,6.9914,22.9627,23.2,optimal,2461,49.436,38.188,49.436,38.188,11.248,6.2181,Discharge,5.0299,5.0299,24.0916,optimal,2461,34.762,35.366,34.762,35.366,-0.604,-3.6663,Charge,3.0623,3.0623,24.4569,optimal,2452,31.508,27.466,31.508,27.466,4.042,0.8043,Discharge,3.2377,3.2377,26.691,optimal,2456,100.308,89.962,100.308,89.962,10.346,-0.5259,Charge,10.8719,10.8719,24.3097,optimal,2456,95.26,89.474,95.26,89.474,5.786,-2.3744,Charge,8.1604,8.1604,25.0124,optimal,2457,104.152,90.446,104.152,90.446,13.706,2.3654,Discharge,11.3406,11.3406,24.1996,optimal,2452,32.162,39.36,32.162,39.36,-7.198,-9.4593,Charge,2.2613,2.2613,30.0303,optimal,2452,0.0,0.0,0.0,0.0,0.0,-0.0,Idle,0.0,0.0,-1,optimal,2457,0.0,0.0,0.0,0.0,0.0,-0.0,Idle,0.0,0.0,-1,optimal,2456,81.868,64.376,81.868,64.376,17.492,9.7995,Discharge,7.6925,7.6925,24.683,optimal,2452,19.522,19.132,19.522,19.132,0.39,-1.6807,Charge,2.0707,2.0707,26.4936,optimal,2457,124.976,113.674,124.976,113.674,11.302,-0.9358,Charge,12.2378,12.2378,24.6083,optimal,2456,26.144,28.31,26.144,28.31,-2.166,-4.2293,Charge,2.0633,2.0633,26.1993,optimal,283,29.438,22.474,29.438,22.474,6.964,4.4012,Discharge,2.5628,2.5628,24.2692,optimal,283,43.164,42.856,43.164,42.856,0.308,-5.0907,Charge,5.3987,5.3987,25.0207,optimal,284
129,3,33,145.324,82.8084,58.102,48.31,58.102,48.31,9.792,2.9735,Discharge,6.8185,6.8185,23.0542,23.3,optimal,2461,43.506,33.856,43.506,33.856,9.65,4.6201,Discharge,5.0299,5.0299,23.7249,optimal,2461,31.3,30.686,31.3,30.686,0.614,-2.4483,Charge,3.0623,3.0623,24.6369,optimal,2452,34.358,23.808,34.358,23.808,10.55,7.3123,Discharge,3.2377,3.2377,25.8962,optimal,2457,99.28,76.31,99.28,76.31,22.97,12.0981,Discharge,10.8719,10.8719,23.9292,optimal,2457,86.74,77.61,86.74,77.61,9.13,0.9696,Discharge,8.1604,8.1604,24.9811,optimal,2457,99.168,76.898,99.168,76.898,22.27,10.9294,Discharge,11.3406,11.3406,23.8559,optimal,2452,28.16,33.83,28.16,33.83,-5.67,-7.9313,Charge,2.2613,2.2613,30.6312,optimal,2452,0.0,0.0,0.0,0.0,0.0,0.0,Idle,-0.0,-0.0,-1,optimal,2457,0.0,0.0,0.0,0.0,0.0,0.0,Idle,-0.0,-0.0,-1,optimal,2457,79.288,55.126,79.288,55.126,24.162,16.4695,Discharge,7.6925,7.6925,23.991,optimal,2452,20.112,16.006,20.112,16.006,4.106,2.0353,Discharge,2.0707,2.0707,26.2109,optimal,2457,115.128,98.382,115.128,98.382,16.746,4.5082,Discharge,12.2378,12.2378,24.4902,optimal,2457,28.736,23.484,28.736,23.484,5.252,3.1887,Discharge,2.0633,2.0633,25.8927,optimal,283,26.8,19.766,26.8,19.766,7.034,4.4712,Discharge,2.5628,2.5628,23.7724,optimal,283,44.35,35.632,44.35,35.632,8.718,3.3193,Discharge,5.3987,5.3987,24.7802,optimal,283
