step,day,k,feeder_baseline_grid_kw,feeder_grid_with_cil_kw,646_B_p_load_fc_kw,646_B_p_pv_fc_kw,646_B_p_load_actual_kw,646_B_p_pv_actual_kw,646_B_baseline_grid_kw,646_B_battery_kw,646_B_battery_action,646_B_grid_kw,646_B_grid_forecast_kw,646_B_soc_predicted_pct,646_B_soc_measured_pct,646_B_mpc_status,646_B_voltage,645_B_p_load_fc_kw,645_B_p_pv_fc_kw,645_B_p_load_actual_kw,645_B_p_pv_actual_kw,645_B_baseline_grid_kw,645_B_battery_kw,645_B_battery_action,645_B_grid_kw,645_B_grid_forecast_kw,645_B_soc_predicted_pct,645_B_mpc_status,645_B_voltage,611_C_p_load_fc_kw,611_C_p_pv_fc_kw,611_C_p_load_actual_kw,611_C_p_pv_actual_kw,611_C_baseline_grid_kw,611_C_battery_kw,611_C_battery_action,611_C_grid_kw,611_C_grid_forecast_kw,611_C_soc_predicted_pct,611_C_mpc_status,611_C_voltage,652_A_p_load_fc_kw,652_A_p_pv_fc_kw,652_A_p_load_actual_kw,652_A_p_pv_actual_kw,652_A_baseline_grid_kw,652_A_battery_kw,652_A_battery_action,652_A_grid_kw,652_A_grid_forecast_kw,652_A_soc_predicted_pct,652_A_mpc_status,652_A_voltage,671_A_p_load_fc_kw,671_A_p_pv_fc_kw,671_A_p_load_actual_kw,671_A_p_pv_actual_kw,671_A_baseline_grid_kw,671_A_battery_kw,671_A_battery_action,671_A_grid_kw,671_A_grid_forecast_kw,671_A_soc_predicted_pct,671_A_mpc_status,671_A_voltage,671_B_p_load_fc_kw,671_B_p_pv_fc_kw,671_B_p_load_actual_kw,671_B_p_pv_actual_kw,671_B_baseline_grid_kw,671_B_battery_kw,671_B_battery_action,671_B_grid_kw,671_B_grid_forecast_kw,671_B_soc_predicted_pct,671_B_mpc_status,671_B_voltage,671_C_p_load_fc_kw,671_C_p_pv_fc_kw,671_C_p_load_actual_kw,671_C_p_pv_actual_kw,671_C_baseline_grid_kw,671_C_battery_kw,671_C_battery_action,671_C_grid_kw,671_C_grid_forecast_kw,671_C_soc_predicted_pct,671_C_mpc_status,671_C_voltage,692_C_p_load_fc_kw,692_C_p_pv_fc_kw,692_C_p_load_actual_kw,692_C_p_pv_actual_kw,692_C_baseline_grid_kw,692_C_battery_kw,692_C_battery_action,692_C_grid_kw,692_C_grid_forecast_kw,692_C_soc_predicted_pct,692_C_mpc_status,692_C_voltage,692_B_p_load_fc_kw,692_B_p_pv_fc_kw,692_B_p_load_actual_kw,692_B_p_pv_actual_kw,692_B_baseline_grid_kw,692_B_battery_kw,692_B_battery_action,692_B_grid_kw,692_B_grid_forecast_kw,692_B_soc_predicted_pct,692_B_mpc_status,692_B_voltage,692_A_p_load_fc_kw,692_A_p_pv_fc_kw,692_A_p_load_actual_kw,692_A_p_pv_actual_kw,692_A_baseline_grid_kw,692_A_battery_kw,692_A_battery_action,692_A_grid_kw,692_A_grid_forecast_kw,692_A_soc_predicted_pct,692_A_mpc_status,692_A_voltage,675_C_p_load_fc_kw,675_C_p_pv_fc_kw,675_C_p_load_actual_kw,675_C_p_pv_actual_kw,675_C_baseline_grid_kw,675_C_battery_kw,675_C_battery_action,675_C_grid_kw,675_C_grid_forecast_kw,675_C_soc_predicted_pct,675_C_mpc_status,675_C_voltage,675_B_p_load_fc_kw,675_B_p_pv_fc_kw,675_B_p_load_actual_kw,675_B_p_pv_actual_kw,675_B_baseline_grid_kw,675_B_battery_kw,675_B_battery_action,675_B_grid_kw,675_B_grid_forecast_kw,675_B_soc_predicted_pct,675_B_mpc_status,675_B_voltage,675_A_p_load_fc_kw,675_A_p_pv_fc_kw,675_A_p_load_actual_kw,675_A_p_pv_actual_kw,675_A_baseline_grid_kw,675_A_battery_kw,675_A_battery_action,675_A_grid_kw,675_A_grid_forecast_kw,675_A_soc_predicted_pct,675_A_mpc_status,675_A_voltage,634_C_p_load_fc_kw,634_C_p_pv_fc_kw,634_C_p_load_actual_kw,634_C_p_pv_actual_kw,634_C_baseline_grid_kw,634_C_battery_kw,634_C_battery_action,634_C_grid_kw,634_C_grid_forecast_kw,634_C_soc_predicted_pct,634_C_mpc_status,634_C_voltage,634_B_p_load_fc_kw,634_B_p_pv_fc_kw,634_B_p_load_actual_kw,634_B_p_pv_actual_kw,634_B_baseline_grid_kw,634_B_battery_kw,634_B_battery_action,634_B_grid_kw,634_B_grid_forecast_kw,634_B_soc_predicted_pct,634_B_mpc_status,634_B_voltage,634_A_p_load_fc_kw,634_A_p_pv_fc_kw,634_A_p_load_actual_kw,634_A_p_pv_actual_kw,634_A_baseline_grid_kw,634_A_battery_kw,634_A_battery_action,634_A_grid_kw,634_A_grid_forecast_kw,634_A_soc_predicted_pct,634_A_mpc_status,634_A_voltage
1,1,1,770.206,272.5404,37.905,0.0066,49.248,0.024,49.224,38.1484,Discharge,11.0756,-0.25,48.13,48.13,optimal,-1,23.4119,0.0041,50.822,0.0,50.822,23.6578,Discharge,27.1642,-0.25,48.1224,optimal,-1,25.27,0.0044,31.958,0.0,31.958,25.5156,Discharge,6.4424,-0.25,48.1239,optimal,-1,17.0944,0.003,27.68,0.0,27.68,17.3414,Discharge,10.3386,-0.25,48.1151,optimal,-1,59.0872,0.0102,96.276,0.026,96.25,59.3269,Discharge,36.9231,-0.25,48.1344,optimal,-1,57.6007,0.01,86.392,0.0,86.392,57.8407,Discharge,28.5513,-0.25,48.1342,optimal,-1,59.0872,0.0102,96.118,0.026,96.092,59.3269,Discharge,36.7651,-0.25,48.1344,optimal,-1,24.5267,0.0042,34.79,0.0,34.79,24.7725,Discharge,10.0175,-0.25,48.1233,optimal,-1,0.0,0.0,0.0,0.0,0.0,-0.0,Idle,0.0,0.0,-1,optimal,-1,0.0,0.0,0.0,0.0,0.0,-0.0,Idle,0.0,0.0,-1,optimal,-1,44.2225,0.0077,62.704,0.002,62.702,44.4648,Discharge,18.2372,-0.25,48.1317,optimal,-1,13.3782,0.0023,21.318,0.0,21.318,13.6259,Discharge,7.6921,-0.25,48.1075,optimal,-1,70.9789,0.0123,116.084,0.024,116.06,71.2166,Discharge,44.8434,-0.25,48.1357,optimal,-1,19.3241,0.0033,26.372,0.002,26.37,19.5708,Discharge,6.7992,-0.25,48.1182,optimal,-1,16.7228,0.0029,24.092,0.0,24.092,16.9699,Discharge,7.1221,-0.25,48.1145,optimal,-1,25.6416,0.0044,46.48,0.024,46.456,25.8872,Discharge,20.5688,-0.25,48.1241,optimal,-1
2,1,2,727.468,156.9376,43.589,0.0063,45.32,0.0,45.32,43.8327,Discharge,1.4873,-0.25,45.9813,45.9813,optimal,-1,26.9226,0.0039,44.294,0.0,44.294,27.0488,Discharge,17.2452,-0.13,45.9757,optimal,-1,29.0594,0.0042,32.698,0.0,32.698,29.2101,Discharge,3.4879,-0.155,45.976,optimal,-1,19.6578,0.0028,29.034,0.026,29.008,19.7001,Discharge,9.3079,-0.0452,45.9737,optimal,-1,67.9476,0.0098,87.398,0.0,87.398,68.1878,Discharge,19.2102,-0.25,45.9901,optimal,-1,66.2383,0.0096,88.296,0.026,88.27,66.4787,Discharge,21.7913,-0.25,45.9897,optimal,-1,67.9476,0.0098,84.126,0.0,84.126,68.1878,Discharge,15.9382,-0.25,45.9901,optimal,-1,28.2047,0.0041,31.848,0.0,31.848,28.3456,Discharge,3.5024,-0.145,45.9759,optimal,-1,0.0,0.0,0.0,0.0,0.0,-0.0,Idle,0.0,0.0,-1,optimal,-1,0.0,0.0,0.0,0.0,0.0,-0.0,Idle,0.0,0.0,-1,optimal,-1,50.8539,0.0073,64.778,0.026,64.752,51.0965,Discharge,13.6555,-0.25,45.9848,optimal,-1,15.3844,0.0022,20.328,0.0,20.328,15.3774,Discharge,4.9506,0.0047,45.9718,optimal,-1,81.6226,0.0118,111.736,0.026,111.71,81.8608,Discharge,29.8492,-0.25,45.9927,optimal,-1,22.2219,0.0032,25.628,0.0,25.628,22.2938,Discharge,3.3342,-0.0751,45.9746,optimal,-1,19.2305,0.0028,21.056,0.0,21.056,19.2679,Discharge,1.7881,-0.0402,45.9736,optimal,-1,29.4867,0.0043,41.032,0.0,41.032,29.6424,Discharge,11.3896,-0.1599,45.9761,optimal,-1
3,1,3,628.38,69.3406,44.0855,0.006,41.396,0.0,41.396,42.8845,Discharge,-1.4885,1.1949,43.8791,43.8791,optimal,-1,27.2293,0.0037,36.194,0.0,36.194,26.4179,Discharge,9.7761,0.8077,43.879,optimal,-1,29.3903,0.004,30.49,0.024,30.466,28.5286,Discharge,1.9374,0.8577,43.8784,optimal,-1,19.8817,0.0027,23.93,0.0,23.93,19.2412,Discharge,4.6888,0.6377,43.8823,optimal,-1,68.7215,0.0094,74.636,0.012,74.624,66.9574,Discharge,7.6666,1.7547,43.8845,optimal,-1,66.9926,0.0092,76.39,0.036,76.354,65.2681,Discharge,11.0859,1.7154,43.8843,optimal,-1,68.7215,0.0094,73.366,0.0,73.366,66.9574,Discharge,6.4086,1.7547,43.8845,optimal,-1,28.5259,0.0039,29.824,0.024,29.8,27.6843,Discharge,2.1157,0.8377,43.8786,optimal,-1,0.0,0.0,0.0,0.0,0.0,-0.0,Idle,0.0,0.0,-1,optimal,-1,0.0,0.0,0.0,0.0,0.0,-0.0,Idle,0.0,0.0,-1,optimal,-1,51.4331,0.007,54.3,0.012,54.288,50.0642,Discharge,4.2238,1.3619,43.8813,optimal,-1,15.5596,0.0021,15.286,0.0,15.286,15.0197,Discharge,0.2663,0.5378,43.8857,optimal,-1,82.5522,0.0113,97.28,0.024,97.256,80.472,Discharge,16.784,2.0689,43.8861,optimal,-1,22.475,0.0031,22.4,0.012,22.388,21.7742,Discharge,0.6138,0.6977,43.8809,optimal,-1,19.4495,0.0027,16.894,0.0,16.894,18.8191,Discharge,-1.9251,0.6277,43.8826,optimal,-1,29.8225,0.0041,36.138,0.0,36.138,28.9508,Discharge,7.1872,0.8677,43.8782,optimal,-1
4,1,4,587.572,163.6969,35.1764,0.006,43.692,0.012,43.68,32.5182,Discharge,11.1618,2.6522,42.2851,42.2851,optimal,-1,21.7266,0.0037,29.886,0.002,29.884,20.0176,Discharge,9.8664,1.7053,42.2903,optimal,-1,23.4509,0.004,27.904,0.012,27.892,21.6199,Discharge,6.2721,1.827,42.2887,optimal,-1,15.8639,0.0027,20.34,0.0,20.34,14.5697,Discharge,5.7703,1.2914,42.2986,optimal,-1,54.8338,0.0094,72.84,0.036,72.804,50.7942,Discharge,22.0098,4.0301,42.2872,optimal,-1,53.4543,0.0092,68.768,0.038,68.73,49.5117,Discharge,19.2183,3.9334,42.2871,optimal,-1,54.8338,0.0094,71.186,0.012,71.174,50.7942,Discharge,20.3798,4.0301,42.2872,optimal,-1,22.7612,0.0039,27.068,0.014,27.054,20.979,Discharge,6.075,1.7783,42.2893,optimal,-1,0.0,0.0,0.0,0.0,0.0,-0.0,Idle,0.0,0.0,-1,optimal,-1,0.0,0.0,0.0,0.0,0.0,-0.0,Idle,0.0,0.0,-1,optimal,-1,41.0391,0.007,49.394,0.036,49.358,37.9689,Discharge,11.3891,3.0632,42.2859,optimal,-1,12.4152,0.0021,17.094,0.0,17.094,11.3651,Discharge,5.7289,1.048,42.3072,optimal,-1,65.8695,0.0113,86.742,0.014,86.728,61.0545,Discharge,25.6735,4.8037,42.2879,optimal,-1,17.9331,0.0031,22.342,0.036,22.306,16.4925,Discharge,5.8135,1.4375,42.2951,optimal,-1,15.519,0.0027,17.66,0.0,17.66,14.2493,Discharge,3.4107,1.2671,42.2993,optimal,-1,23.7958,0.0041,32.868,0.0,32.868,21.9403,Discharge,10.9277,1.8514,42.2884,optimal,-1
5,1,5,548.196,202.0205,30.2594,0.0061,35.162,0.012,35.15,26.5589,Discharge,8.5911,3.6944,40.9832,40.9832,optimal,-1,18.6896,0.0037,29.484,0.0,29.484,16.3392,Discharge,13.1448,2.3466,40.9936,optimal,-1,20.1729,0.004,25.266,0.012,25.254,17.6491,Discharge,7.6049,2.5198,40.9909,optimal,-1,13.6464,0.0027,24.424,0.0,24.424,11.8856,Discharge,12.5384,1.7581,41.0067,optimal,-1,47.169,0.0094,63.788,0.012,63.776,41.5011,Discharge,22.2749,5.6585,40.9822,optimal,-1,45.9824,0.0092,70.37,0.012,70.358,40.4525,Discharge,29.9055,5.5207,40.9822,optimal,-1,47.169,0.0094,62.052,0.012,62.04,41.5011,Discharge,20.5389,5.6585,40.9822,optimal,-1,19.5796,0.0039,25.412,0.012,25.4,17.1252,Discharge,8.2748,2.4505,40.9919,optimal,-1,0.0,0.0,0.0,0.0,0.0,-0.0,Idle,0.0,0.0,-1,optimal,-1,0.0,0.0,0.0,0.0,0.0,-0.0,Idle,0.0,0.0,-1,optimal,-1,35.3026,0.0071,51.006,0.012,50.994,31.0153,Discharge,19.9787,4.2802,40.9828,optimal,-1,10.6798,0.0021,12.376,0.0,12.376,9.2658,Discharge,3.1102,1.4119,41.0203,optimal,-1,56.6621,0.0113,85.026,0.012,85.014,49.8897,Discharge,35.1243,6.7611,40.9818,optimal,-1,15.4263,0.0031,22.108,0.0,22.108,13.4574,Discharge,8.6506,1.9658,41.0011,optimal,-1,13.3497,0.0027,12.846,0.012,12.834,11.6236,Discharge,1.2104,1.7235,41.0078,optimal,-1,20.4696,0.0041,28.984,0.0,28.984,17.9111,Discharge,11.0729,2.5544,40.9905,optimal,-1
6,1,6,546.016,276.1972,25.2296,0.006,36.362,0.002,36.36,20.7026,Discharge,15.6574,4.521,39.9684,39.9684,optimal,-1,15.583,0.0037,28.024,0.0,28.024,12.7244,Discharge,15.2996,2.8549,39.9837,optimal,-1,16.8197,0.004,25.28,0.012,25.268,13.7469,Discharge,11.5211,3.0688,39.9801,optimal,-1,11.378,0.0027,23.554,0.0,23.554,9.2478,Discharge,14.3062,2.1276,40.0015,optimal,-1,39.3285,0.0093,64.884,0.002,64.882,32.3686,Discharge,32.5134,6.9505,39.9643,optimal,-1,38.3391,0.0091,68.938,0.012,68.926,31.5499,Discharge,37.3761,6.7801,39.9645,optimal,-1,39.3285,0.0093,63.254,0.002,63.252,32.3686,Discharge,30.8834,6.9505,39.9643,optimal,-1,16.325,0.0039,24.01,0.0,24.01,13.3379,Discharge,10.6721,2.9832,39.9815,optimal,-1,0.0,0.0,0.0,0.0,0.0,-0.0,Idle,0.0,0.0,-1,optimal,-1,0.0,0.0,0.0,0.0,0.0,-0.0,Idle,0.0,0.0,-1,optimal,-1,29.4345,0.007,50.65,0.014,50.636,24.1819,Discharge,26.4541,5.2456,39.9667,optimal,-1,8.9046,0.0021,13.1,0.0,13.1,7.2027,Discharge,5.8973,1.6998,40.0199,optimal,-1,47.2436,0.0112,83.152,0.012,83.14,38.9179,Discharge,44.2221,8.3145,39.963,optimal,-1,12.8621,0.003,22.128,0.0,22.128,10.4748,Discharge,11.6532,2.3843,39.9939,optimal,-1,11.1307,0.0026,13.682,0.002,13.68,9.0433,Discharge,4.6367,2.0848,40.003,optimal,-1,17.0671,0.004,29.056,0.0,29.056,13.9514,Discharge,15.1046,3.1116,39.9795,optimal,-1
7,1,7,536.282,302.8522,23.049,0.0061,35.708,0.0,35.708,17.9115,Discharge,17.7965,5.1314,39.0904,39.0904,optimal,-1,14.2361,0.0038,28.126,0.012,28.114,11.0027,Discharge,17.1113,3.2296,39.1104,optimal,-1,15.366,0.0041,23.8,0.014,23.786,11.8882,Discharge,11.8978,3.4737,39.106,optimal,-1,10.3946,0.0028,23.706,0.024,23.682,7.9922,Discharge,15.6898,2.3997,39.1328,optimal,-1,35.9293,0.0095,64.154,0.0,64.154,28.0144,Discharge,36.1396,7.9054,39.0833,optimal,-1,35.0254,0.0093,66.928,0.05,66.878,27.3054,Discharge,39.5726,7.7107,39.0836,optimal,-1,35.9293,0.0095,62.982,0.0,62.982,28.0144,Discharge,34.9676,7.9054,39.0833,optimal,-1,14.914,0.004,22.562,0.026,22.536,11.534,Discharge,11.002,3.3761,39.1077,optimal,-1,0.0,0.0,0.0,0.0,0.0,-0.0,Idle,0.0,0.0,-1,optimal,-1,0.0,0.0,0.0,0.0,0.0,-0.0,Idle,0.0,0.0,-1,optimal,-1,26.8905,0.0071,50.544,0.024,50.52,20.9246,Discharge,29.5954,5.9587,39.0876,optimal,-1,8.1349,0.0022,12.234,0.0,12.234,6.2213,Discharge,6.0127,1.9115,39.1559,optimal,-1,43.1603,0.0114,81.898,0.038,81.86,33.6861,Discharge,48.1739,9.4628,39.0812,optimal,-1,11.7505,0.0031,22.238,0.012,22.226,9.0547,Discharge,13.1713,2.6926,39.1233,optimal,-1,10.1687,0.0027,12.612,0.0,12.612,7.8151,Discharge,4.7969,2.3509,39.1347,optimal,-1,15.5919,0.0041,28.99,0.0,28.99,12.0653,Discharge,16.9247,3.5226,39.1052,optimal,-1
8,1,8,531.506,314.7093,22.284,0.0061,37.79,0.0,37.79,16.6356,Discharge,21.1544,5.6423,38.2749,38.2749,optimal,-1,13.7636,0.0038,28.554,0.0,28.554,10.2168,Discharge,18.3372,3.5431,38.2996,optimal,-1,14.856,0.0041,24.588,0.012,24.576,11.0394,Discharge,13.5366,3.8125,38.2943,optimal,-1,10.0496,0.0028,19.408,0.0,19.408,7.4198,Discharge,11.9882,2.6271,38.3263,optimal,-1,34.7368,0.0096,65.194,0.0,65.194,26.0221,Discharge,39.1719,8.7052,38.265,optimal,-1,33.8629,0.0093,63.868,0.012,63.856,25.3634,Discharge,38.4926,8.4903,38.2655,optimal,-1,34.7368,0.0096,64.878,0.0,64.878,26.0221,Discharge,38.8559,8.7052,38.265,optimal,-1,14.4191,0.004,23.656,0.0,23.656,10.7103,Discharge,12.9457,3.7047,38.2963,optimal,-1,0.0,0.0,0.0,0.0,0.0,-0.0,Idle,0.0,0.0,-1,optimal,-1,0.0,0.0,0.0,0.0,0.0,-0.0,Idle,0.0,0.0,-1,optimal,-1,25.998,0.0072,46.706,0.012,46.694,19.435,Discharge,27.259,6.5558,38.271,optimal,-1,7.8649,0.0022,13.004,0.0,13.004,5.7745,Discharge,7.2295,2.0883,38.3538,optimal,-1,41.7279,0.0115,79.118,0.012,79.106,31.2917,Discharge,47.8143,10.4247,38.2621,optimal,-1,11.3605,0.0031,22.696,0.0,22.696,8.407,Discharge,14.289,2.9504,38.3149,optimal,-1,9.8312,0.0027,13.392,0.0,13.392,7.2553,Discharge,6.1367,2.5732,38.3285,optimal,-1,15.0745,0.0041,28.702,0.0,28.702,11.2039,Discharge,17.4981,3.8664,38.2933,optimal,-1
9,1,9,529.184,318.5268,22.284,0.0061,36.592,0.0,36.592,16.1644,Discharge,20.4276,6.1135,37.4825,37.4825,optimal,-1,13.7636,0.0038,28.16,0.024,28.136,9.9278,Discharge,18.2082,3.8321,37.5117,optimal,-1,14.856,0.0041,24.716,0.024,24.692,10.7271,Discharge,13.9649,4.1248,37.5055,optimal,-1,10.0496,0.0028,18.396,0.012,18.384,7.2102,Discharge,11.1738,2.8367,37.5426,optimal,-1,34.7368,0.0095,66.232,0.024,66.208,25.2844,Discharge,40.9236,9.4429,37.4699,optimal,-1,33.8629,0.0093,64.716,0.06,64.656,24.6444,Discharge,40.0116,9.2093,37.4705,optimal,-1,34.7368,0.0095,63.466,0.024,63.442,25.2844,Discharge,38.1576,9.4429,37.4699,optimal,-1,14.4191,0.004,23.326,0.024,23.302,10.4074,Discharge,12.8946,4.0077,37.5079,optimal,-1,0.0,0.0,0.0,0.0,0.0,-0.0,Idle,0.0,0.0,-1,optimal,-1,0.0,0.0,0.0,0.0,0.0,-0.0,Idle,0.0,0.0,-1,optimal,-1,25.998,0.0071,47.652,0.024,47.628,18.8844,Discharge,28.7436,7.1065,37.4775,optimal,-1,7.8649,0.0022,12.9,0.0,12.9,5.6117,Discharge,7.2883,2.2511,37.5744,optimal,-1,41.7279,0.0114,78.336,0.048,78.288,30.4044,Discharge,47.8836,11.312,37.4661,optimal,-1,11.3605,0.0031,23.462,0.024,23.438,8.1694,Discharge,15.2686,3.188,37.5294,optimal,-1,9.8312,0.0027,13.278,0.0,13.278,7.0504,Discharge,6.2276,2.7781,37.5451,optimal,-1,15.0745,0.0041,28.252,0.012,28.24,10.887,Discharge,17.353,4.1834,37.5044,optimal,-1
10,1,10,525.534,323.3863,22.0857,0.0062,36.644,0.012,36.632,15.5115,Discharge,21.1205,6.568,36.7221,36.7221,optimal,-1,13.6411,0.0038,28.768,0.0,28.768,9.5265,Discharge,19.2415,4.1108,36.7556,optimal,-1,14.7238,0.0041,23.088,0.0,23.088,10.2936,Discharge,12.7944,4.4261,36.7486,optimal,-1,9.9602,0.0028,18.672,0.002,18.67,6.9186,Discharge,11.7514,3.0388,36.7906,optimal,-1,34.4277,0.0097,66.654,0.024,66.63,24.2635,Discharge,42.3665,10.1544,36.7069,optimal,-1,33.5615,0.0095,62.854,0.014,62.84,23.6493,Discharge,39.1907,9.9028,36.7076,optimal,-1,34.4277,0.0097,63.57,0.012,63.558,24.2635,Discharge,39.2945,10.1544,36.7069,optimal,-1,14.2907,0.004,22.66,0.0,22.66,9.9867,Discharge,12.6733,4.3,36.7513,optimal,-1,0.0,0.0,0.0,0.0,0.0,-0.0,Idle,0.0,0.0,-1,optimal,-1,0.0,0.0,0.0,0.0,0.0,-0.0,Idle,0.0,0.0,-1,optimal,-1,25.7666,0.0073,44.886,0.026,44.86,18.1217,Discharge,26.7383,7.6376,36.7161,optimal,-1,7.7949,0.0022,14.404,0.0,14.404,5.3845,Discharge,9.0195,2.4082,36.8266,optimal,-1,41.3565,0.0116,77.592,0.002,77.59,29.177,Discharge,48.413,12.1679,36.7023,optimal,-1,11.2594,0.0032,21.814,0.012,21.802,7.839,Discharge,13.963,3.4171,36.7756,optimal,-1,9.7437,0.0027,14.534,0.012,14.522,6.7652,Discharge,7.7568,2.9757,36.7935,optimal,-1,14.9403,0.0042,29.51,0.0,29.51,10.447,Discharge,19.063,4.4891,36.7474,optimal,-1
11,1,11,564.806,360.9101,22.6446,0.0062,42.512,0.0,42.512,15.6452,Discharge,26.8668,6.9932,35.9552,35.9552,optimal,-1,13.9864,0.0038,32.058,0.014,32.044,9.6111,Discharge,22.4329,4.3715,35.9928,optimal,-1,15.0964,0.0041,22.38,0.0,22.38,10.3844,Discharge,11.9956,4.7079,35.9851,optimal,-1,10.2123,0.0028,18.59,0.0,18.59,6.9817,Discharge,11.6083,3.2278,36.0317,optimal,-1,35.299,0.0096,74.914,0.014,74.9,24.4691,Discharge,50.4309,10.8203,35.9374,optimal,-1,34.411,0.0094,61.38,0.0,61.38,23.8499,Discharge,37.5301,10.5517,35.9383,optimal,-1,35.299,0.0096,72.986,0.014,72.972,24.4691,Discharge,48.5029,10.8203,35.9374,optimal,-1,14.6524,0.004,21.754,0.0,21.754,10.0751,Discharge,11.6789,4.5733,35.988,optimal,-1,0.0,0.0,0.0,0.0,0.0,-0.0,Idle,0.0,0.0,-1,optimal,-1,0.0,0.0,0.0,0.0,0.0,-0.0,Idle,0.0,0.0,-1,optimal,-1,26.4187,0.0072,46.262,0.0,46.262,18.2769,Discharge,27.9851,8.1346,35.9481,optimal,-1,7.9922,0.0022,15.482,0.0,15.482,5.4349,Discharge,10.0471,2.5551,36.0717,optimal,-1,42.4032,0.0116,82.448,0.014,82.434,29.4228,Discharge,53.0112,12.9688,35.9321,optimal,-1,11.5443,0.0031,21.674,0.0,21.674,7.9097,Discharge,13.7643,3.6315,36.0151,optimal,-1,9.9903,0.0027,17.232,0.0,17.232,6.827,Discharge,10.405,3.1606,36.0349,optimal,-1,15.3184,0.0042,35.204,0.014,35.19,10.5391,Discharge,24.6509,4.7751,35.9837,optimal,-1
12,1,12,582.732,373.7677,23.4702,0.0065,46.514,0.012,46.502,16.0337,Discharge,30.4683,7.4301,35.1693,35.1693,optimal,-1,14.4963,0.004,31.086,0.0,31.086,9.8528,Discharge,21.2332,4.6395,35.2108,optimal,-1,15.6468,0.0043,24.902,0.012,24.89,10.645,Discharge,14.245,4.9975,35.2024,optimal,-1,10.5846,0.0029,18.758,0.0,18.758,7.1594,Discharge,11.5986,3.4222,35.2535,optimal,-1,36.586,0.0102,75.37,0.012,75.358,25.0717,Discharge,50.2863,11.5041,35.149,optimal,-1,35.6656,0.0099,62.31,0.012,62.298,24.4374,Discharge,37.8606,11.2182,35.15,optimal,-1,36.586,0.0102,76.24,0.012,76.228,25.0717,Discharge,51.1563,11.5041,35.149,optimal,-1,15.1866,0.0042,23.856,0.012,23.844,10.3281,Discharge,13.5159,4.8543,35.2056,optimal,-1,0.0,0.0,0.0,0.0,0.0,-0.0,Idle,0.0,0.0,-1,optimal,-1,0.0,0.0,0.0,0.0,0.0,-0.0,Idle,0.0,0.0,-1,optimal,-1,27.382,0.0076,48.07,0.0,48.07,18.7292,Discharge,29.3408,8.6451,35.1612,optimal,-1,8.2836,0.0023,15.956,0.012,15.944,5.5751,Discharge,10.3689,2.7062,35.2974,optimal,-1,43.9492,0.0122,84.624,0.012,84.612,30.1457,Discharge,54.4663,13.7913,35.143,optimal,-1,11.9652,0.0033,20.452,0.0,20.452,8.11,Discharge,12.342,3.8519,35.2353,optimal,-1,10.3545,0.0029,20.622,0.0,20.622,7.001,Discharge,13.621,3.3506,35.257,optimal,-1,15.8769,0.0044,34.08,0.012,34.068,10.8034,Discharge,23.2646,5.0691,35.2008,optimal,-1
13,1,13,580.33,344.5247,26.1323,0.1101,45.304,0.324,44.98,18.0919,Discharge,26.8881,7.9303,34.2824,34.2824,optimal,-1,16.1405,0.068,29.534,0.394,29.14,11.1259,Discharge,18.0141,4.9467,34.3278,optimal,-1,17.4215,0.0734,28.34,0.27,28.07,12.0187,Discharge,16.0513,5.3294,34.3186,optimal,-1,11.7851,0.0497,19.462,0.204,19.258,8.0902,Discharge,11.1678,3.6453,34.3741,optimal,-1,40.7356,0.1716,73.93,0.524,73.406,28.2773,Discharge,45.1287,12.2867,34.2598,optimal,-1,39.7108,0.1673,64.256,0.798,63.458,27.5625,Discharge,35.8955,11.981,34.2608,optimal,-1,40.7356,0.1716,73.772,0.5,73.272,28.2773,Discharge,44.9947,12.2867,34.2598,optimal,-1,16.9091,0.0712,27.11,0.458,26.652,11.6616,Discharge,14.9904,5.1763,34.3221,optimal,-1,0.0,0.0,0.0,0.0,0.0,-0.0,Idle,0.0,0.0,-1,optimal,-1,0.0,0.0,0.0,0.0,0.0,-0.0,Idle,0.0,0.0,-1,optimal,-1,30.4877,0.1285,48.91,0.382,48.528,21.1296,Discharge,27.3984,9.2296,34.2734,optimal,-1,9.2232,0.0389,15.786,0.114,15.672,6.3045,Discharge,9.3675,2.8798,34.4218,optimal,-1,48.934,0.2062,85.692,0.946,84.746,33.9954,Discharge,50.7506,14.7324,34.253,optimal,-1,13.3223,0.0561,20.702,0.156,20.546,9.1616,Discharge,11.3844,4.1046,34.3543,optimal,-1,11.5289,0.0486,20.746,0.134,20.612,7.9116,Discharge,12.7004,3.5687,34.3779,optimal,-1,17.6777,0.0745,32.206,0.216,31.99,12.1973,Discharge,19.7927,5.406,34.3169,optimal,-1
14,1,14,588.626,326.919,30.0654,1.3447,47.144,3.512,43.632,20.078,Discharge,23.554,8.6426,33.2982,33.2982,optimal,-1,18.5698,0.8306,31.014,2.768,28.246,12.3543,Discharge,15.8917,5.3849,33.3473,optimal,-1,20.0436,0.8965,33.074,2.572,30.502,13.3443,Discharge,17.1577,5.8028,33.3374,optimal,-1,13.5589,0.6064,22.518,1.706,20.812,8.9884,Discharge,11.8236,3.9641,33.3971,optimal,-1,46.8666,2.0962,76.588,5.45,71.138,31.3707,Discharge,39.7673,13.3996,33.2733,optimal,-1,45.6875,2.0435,73.598,6.512,67.086,30.5783,Discharge,36.5077,13.0658,33.2744,optimal,-1,46.8666,2.0962,77.132,5.34,71.792,31.3707,Discharge,40.4213,13.3996,33.2733,optimal,-1,19.4541,0.8701,29.8,3.278,26.522,12.9483,Discharge,13.5737,5.6356,33.3412,optimal,-1,0.0,0.0,0.0,0.0,0.0,-0.0,Idle,0.0,0.0,-1,optimal,-1,0.0,0.0,0.0,0.0,0.0,-0.0,Idle,0.0,0.0,-1,optimal,-1,35.0762,1.5689,55.742,4.044,51.698,23.446,Discharge,28.252,10.0613,33.2883,optimal,-1,10.6113,0.4746,16.416,1.254,15.162,7.0084,Discharge,8.1536,3.1283,33.4484,optimal,-1,56.2988,2.5181,95.162,7.492,87.67,37.7105,Discharge,49.9595,16.0703,33.2658,optimal,-1,15.3274,0.6856,22.128,1.818,20.31,10.1764,Discharge,10.1336,4.4655,33.3758,optimal,-1,13.2641,0.5933,21.704,1.636,20.068,8.7904,Discharge,11.2776,3.8805,33.4012,optimal,-1,20.3383,0.9097,36.174,2.186,33.988,13.5423,Discharge,20.4457,5.8863,33.3356,optimal,-1
15,1,15,538.794,262.9692,30.0654,4.2936,48.242,9.32,38.922,21.1478,Discharge,17.7742,4.6239,32.2615,32.2615,optimal,-1,18.5698,2.652,32.782,6.952,25.83,13.0871,Discharge,12.7429,2.8307,32.3087,optimal,-1,20.0436,2.8624,32.418,6.63,25.788,14.1204,Discharge,11.6676,3.0607,32.2992,optimal,-1,13.5589,1.9363,22.836,4.004,18.832,9.5738,Discharge,9.2582,2.0487,32.3565,optimal,-1,46.8666,6.693,80.69,14.556,66.134,32.9308,Discharge,33.2032,7.2427,32.2377,optimal,-1,45.6875,6.5247,82.272,15.766,66.506,32.1039,Discharge,34.4021,7.059,32.2388,optimal,-1,46.8666,6.693,75.27,14.466,60.804,32.9308,Discharge,27.8732,7.2427,32.2377,optimal,-1,19.4541,2.7782,34.474,7.868,26.606,13.7071,Discharge,12.8989,2.9687,32.3028,optimal,-1,0.0,0.0,0.0,0.0,0.0,-0.0,Idle,0.0,0.0,-1,optimal,-1,0.0,0.0,0.0,0.0,0.0,-0.0,Idle,0.0,0.0,-1,optimal,-1,35.0762,5.0093,58.988,10.242,48.746,24.662,Discharge,24.084,5.405,32.252,optimal,-1,10.6113,1.5154,17.606,3.144,14.462,7.5072,Discharge,6.9548,1.5887,32.4057,optimal,-1,56.2988,8.0401,97.73,19.184,78.546,39.5459,Discharge,39.0001,8.7129,32.2306,optimal,-1,15.3274,2.1889,26.152,4.7,21.452,10.8138,Discharge,10.6382,2.3247,32.3361,optimal,-1,13.2641,1.8943,22.02,3.9,18.12,9.3672,Discharge,8.7528,2.0027,32.3604,optimal,-1,20.3383,2.9045,34.326,6.28,28.046,14.3271,Discharge,13.7189,3.1067,32.2974,optimal,-1
16,1,16,398.868,178.203,30.0939,8.1095,47.072,17.264,29.808,16.9176,Discharge,12.8904,5.0668,31.4322,31.4322,optimal,-1,18.5874,5.0088,33.026,13.382,19.644,10.4739,Discharge,9.1701,3.1047,31.4774,optimal,-1,20.0626,5.4063,31.934,11.674,20.26,11.2999,Discharge,8.9601,3.3564,31.4683,optimal,-1,13.5718,3.6572,20.43,7.996,12.434,7.6654,Discharge,4.7686,2.2491,31.5233,optimal,-1,46.9111,12.6413,77.496,27.448,50.048,26.3373,Discharge,23.7107,7.9325,31.4095,optimal,-1,45.731,12.3233,73.81,29.438,44.372,25.6763,Discharge,18.6957,7.7314,31.4106,optimal,-1,46.9111,12.6413,76.818,27.23,49.588,26.3373,Discharge,23.2507,7.9325,31.4095,optimal,-1,19.4725,5.2473,31.452,14.044,17.408,10.9695,Discharge,6.4385,3.2557,31.4718,optimal,-1,0.0,0.0,0.0,0.0,0.0,-0.0,Idle,0.0,0.0,-1,optimal,-1,0.0,0.0,0.0,0.0,0.0,-0.0,Idle,0.0,0.0,-1,optimal,-1,35.1096,9.4611,55.398,19.884,35.514,19.727,Discharge,15.787,5.9215,31.4232,optimal,-1,10.6214,2.8622,15.736,6.052,9.684,6.0134,Discharge,3.6706,1.7458,31.5705,optimal,-1,56.3524,15.1854,92.548,36.158,56.39,31.6256,Discharge,24.7644,9.5413,31.4027,optimal,-1,15.342,4.1343,25.276,8.504,16.772,8.6566,Discharge,8.1154,2.5511,31.5037,optimal,-1,13.2767,3.5777,20.31,7.216,13.094,7.5002,Discharge,5.5938,2.1988,31.5271,optimal,-1,20.3577,5.4858,35.488,11.636,23.852,11.4651,Discharge,12.3869,3.4067,31.4666,optimal,-1
17,1,17,309.164,145.1078,30.7377,12.7294,49.756,26.836,22.92,12.5763,Discharge,10.3437,5.432,30.8158,30.8158,optimal,-1,18.985,7.8623,37.152,20.468,16.684,7.792,Discharge,8.892,3.3307,30.859,optimal,-1,20.4918,8.4863,33.628,18.158,15.47,8.4053,Discharge,7.0647,3.6002,30.8503,optimal,-1,13.8621,5.7407,21.37,11.878,9.492,5.7069,Discharge,3.7851,2.4144,30.903,optimal,-1,47.9146,19.8429,81.384,42.358,39.026,19.5705,Discharge,19.4555,8.5012,30.7941,optimal,-1,46.7092,19.3437,78.462,45.444,33.018,19.0797,Discharge,13.9383,8.2858,30.7951,optimal,-1,47.9146,19.8429,82.702,41.794,40.908,19.5705,Discharge,21.3375,8.5012,30.7941,optimal,-1,19.8891,8.2367,33.142,22.21,10.932,8.16,Discharge,2.772,3.4924,30.8536,optimal,-1,0.0,0.0,0.0,0.0,0.0,-0.0,Idle,0.0,0.0,-1,optimal,-1,0.0,0.0,0.0,0.0,0.0,-0.0,Idle,0.0,0.0,-1,optimal,-1,35.8606,14.851,57.916,29.718,28.198,14.6623,Discharge,13.5357,6.3474,30.8071,optimal,-1,10.8486,4.4927,18.05,9.682,8.368,4.4804,Discharge,3.8876,1.8754,30.9483,optimal,-1,57.5578,23.8364,98.642,55.132,43.51,23.4972,Discharge,20.0128,10.2242,30.7876,optimal,-1,15.6702,6.4895,25.586,13.2,12.386,6.4429,Discharge,5.9431,2.7378,30.8842,optimal,-1,13.5607,5.6159,21.164,11.348,9.816,5.5843,Discharge,4.2317,2.3605,30.9066,optimal,-1,20.7931,8.6111,37.154,18.718,18.436,8.5279,Discharge,9.9081,3.6541,30.8487,optimal,-1
18,1,18,224.496,139.5994,30.7278,18.4874,56.742,35.87,20.872,6.5055,Discharge,14.3665,5.735,30.4969,30.4969,optimal,-1,18.9789,11.4187,42.926,29.38,13.546,4.042,Discharge,9.504,3.5183,30.5382,optimal,-1,20.4852,12.3249,31.376,24.2,7.176,4.3577,Discharge,2.8183,3.8026,30.5298,optimal,-1,13.8576,8.3374,23.08,16.692,6.388,2.9685,Discharge,3.4195,2.5517,30.5803,optimal,-1,47.8992,28.8185,91.06,58.012,33.048,10.1079,Discharge,22.9401,8.9728,30.4762,optimal,-1,46.6942,28.0935,78.014,63.582,14.432,9.8551,Discharge,4.5769,8.7456,30.4772,optimal,-1,47.8992,28.8185,95.304,56.478,38.826,10.1079,Discharge,28.7181,8.9728,30.4762,optimal,-1,19.8827,11.9624,33.292,31.122,2.17,4.2314,Discharge,-2.0614,3.6889,30.533,optimal,-1,0.0,0.0,0.0,0.0,0.0,-0.0,Idle,0.0,0.0,-1,optimal,-1,0.0,0.0,0.0,0.0,0.0,-0.0,Idle,0.0,0.0,-1,optimal,-1,35.8491,21.5686,56.232,41.14,15.092,7.5799,Discharge,7.5121,6.7006,30.4886,optimal,-1,10.8451,6.525,22.882,12.91,9.972,2.3371,Discharge,7.6349,1.9831,30.6237,optimal,-1,57.5393,34.6185,104.094,76.236,27.858,12.1302,Discharge,15.7278,10.7905,30.4701,optimal,-1,15.6651,9.4249,24.514,18.77,5.744,3.3474,Discharge,2.3966,2.8928,30.5623,optimal,-1,13.5564,8.1562,25.044,14.886,10.158,2.9054,Discharge,7.2526,2.4948,30.5838,optimal,-1,20.7864,12.5062,45.268,26.054,19.214,4.4209,Discharge,14.7931,3.8594,30.5283,optimal,-1
19,1,19,21.464,10.5777,30.2834,23.5155,52.412,46.048,6.364,0.8296,Discharge,5.5344,5.9383,30.4562,30.4562,optimal,-1,18.7045,14.5243,36.27,37.358,-1.088,0.5359,Discharge,-1.6239,3.6443,30.4957,optimal,-1,20.189,15.677,32.73,31.264,1.466,0.5734,Discharge,0.8926,3.9385,30.4877,optimal,-1,13.6572,10.605,23.486,23.23,0.256,0.4082,Idle,-0.1522,2.644,30.536,optimal,-1,47.2065,36.6565,82.182,75.414,6.768,1.2607,Discharge,5.5073,9.2893,30.4366,optimal,-1,46.0189,35.7343,77.028,83.984,-6.956,1.2305,Discharge,-8.1865,9.0541,30.4375,optimal,-1,47.2065,36.6565,82.984,72.744,10.24,1.2607,Discharge,8.9793,9.2893,30.4366,optimal,-1,19.5952,15.2159,33.71,39.63,-5.92,0.5584,Discharge,-6.4784,3.8208,30.4907,optimal,-1,0.0,0.0,0.0,0.0,0.0,-0.0,Idle,0.0,0.0,-1,optimal,-1,0.0,0.0,0.0,0.0,0.0,-0.0,Idle,0.0,0.0,-1,optimal,-1,35.3307,27.4348,56.74,55.224,1.516,0.9582,Discharge,0.5578,6.9377,30.4484,optimal,-1,10.6883,8.2996,18.772,16.594,2.178,0.3331,Idle,1.8449,2.0556,30.5774,optimal,-1,56.7072,44.0339,100.902,99.956,0.946,1.5028,Discharge,-0.5568,11.1705,30.4307,optimal,-1,15.4386,11.9883,24.196,24.804,-0.608,0.4532,Idle,-1.0612,2.9971,30.5187,optimal,-1,13.3603,10.3745,20.794,19.704,1.09,0.4007,Idle,0.6893,2.5852,30.5393,optimal,-1,20.4858,15.9075,38.198,32.986,5.212,0.5809,Discharge,4.6311,3.9974,30.4862,optimal,-1
20,1,20,-146.786,-32.8484,30.399,33.0792,53.512,59.616,-6.104,-8.7433,Charge,2.6393,6.0631,30.8848,30.8848,optimal,-1,18.7758,20.4313,36.432,48.802,-12.37,-5.3772,Charge,-6.9928,3.7218,30.9224,optimal,-1,20.266,22.0528,32.312,37.326,-5.014,-5.8089,Charge,0.7949,4.022,30.9148,optimal,-1,13.7093,14.9181,22.672,28.61,-5.938,-3.9096,Charge,-2.0284,2.7009,30.9609,optimal,-1,47.3866,51.5646,85.696,96.956,-11.26,-13.6611,Charge,2.4011,9.4831,30.8662,optimal,-1,46.1945,50.2674,73.606,101.744,-28.138,-13.316,Charge,-14.822,9.2431,30.867,optimal,-1,47.3866,51.5646,86.41,95.814,-9.404,-13.6611,Charge,4.2571,9.4831,30.8662,optimal,-1,19.6699,21.4042,29.786,45.982,-16.196,-5.6362,Charge,-10.5598,3.9019,30.9177,optimal,-1,0.0,0.0,0.0,0.0,0.0,-0.0,Idle,0.0,0.0,-1,optimal,-1,0.0,0.0,0.0,0.0,0.0,-0.0,Idle,0.0,0.0,-1,optimal,-1,35.4655,38.5924,56.76,69.054,-12.294,-10.21,Charge,-2.084,7.0831,30.8774,optimal,-1,10.7291,11.675,17.832,22.422,-4.59,-3.0463,Charge,-1.5437,2.1003,31.0005,optimal,-1,56.9236,61.9424,103.16,123.77,-20.61,-16.422,Charge,-4.188,11.4031,30.8606,optimal,-1,15.4975,16.8639,23.086,31.088,-8.002,-4.4276,Charge,-3.5744,3.0612,30.9445,optimal,-1,13.4113,14.5938,20.236,26.14,-5.904,-3.8233,Charge,-2.0807,2.6408,30.9641,optimal,-1,20.564,22.3771,41.318,42.28,-0.962,-5.8952,Charge,4.9332,4.0821,30.9134,optimal,-1
21,1,21,-260.024,-97.8334,31.1281,37.5089,54.998,70.178,-15.18,-12.4439,Charge,-2.7361,6.0631,31.4948,31.4948,optimal,-1,19.2262,23.1673,35.662,55.284,-19.622,-7.6629,Charge,-11.9591,3.7218,31.5306,optimal,-1,20.7521,25.006,33.706,45.2,-11.494,-8.2759,Charge,-3.2181,4.022,31.5233,optimal,-1,14.0382,16.9158,26.552,31.34,-4.788,-5.5785,Charge,0.7905,2.7009,31.5673,optimal,-1,48.5232,58.4698,86.382,115.252,-28.87,-19.4297,Charge,-9.4403,9.4831,31.4772,optimal,-1,47.3025,56.9989,80.96,118.528,-37.568,-18.9395,Charge,-18.6285,9.2431,31.478,optimal,-1,48.5232,58.4698,87.41,112.234,-24.824,-19.4297,Charge,-5.3943,9.4831,31.4772,optimal,-1,20.1417,24.2705,32.504,53.448,-20.944,-8.0307,Charge,-12.9133,3.9019,31.5261,optimal,-1,0.0,0.0,0.0,0.0,0.0,-0.0,Idle,0.0,0.0,-1,optimal,-1,0.0,0.0,0.0,0.0,0.0,-0.0,Idle,0.0,0.0,-1,optimal,-1,36.3161,43.7604,61.754,82.054,-20.3,-14.5274,Charge,-5.7726,7.0831,31.4878,optimal,-1,10.9864,13.2385,20.118,26.024,-5.906,-4.3524,Charge,-1.5536,2.1003,31.605,optimal,-1,58.2889,70.2373,105.606,141.752,-36.146,-23.3515,Charge,-12.7945,11.4031,31.4719,optimal,-1,15.8692,19.1222,24.298,38.61,-14.312,-6.3142,Charge,-7.9978,3.0612,31.5516,optimal,-1,13.733,16.5481,23.99,30.58,-6.59,-5.4559,Charge,-1.1341,2.6408,31.5703,optimal,-1,21.0572,25.3737,36.74,50.22,-13.48,-8.3985,Charge,-5.0815,4.0821,31.522,optimal,-1
22,1,22,-414.324,-152.5562,31.6882,45.7058,60.802,85.684,-24.882,-20.0806,Charge,-4.8014,6.0631,32.4791,32.4791,optimal,-1,19.5721,28.2301,35.524,67.642,-32.118,-12.3797,Charge,-19.7383,3.7218,32.5131,optimal,-1,21.1255,30.4705,34.398,54.778,-20.38,-13.3671,Charge,-7.0129,4.022,32.5062,optimal,-1,14.2908,20.6124,29.11,36.94,-7.83,-9.0225,Charge,1.1925,2.7009,32.548,optimal,-1,49.3964,71.2473,93.052,139.9,-46.848,-31.334,Charge,-15.514,9.4831,32.4625,optimal,-1,48.1537,69.4549,84.81,139.724,-54.914,-30.5443,Charge,-24.3697,9.2431,32.4633,optimal,-1,49.3964,71.2473,93.648,138.524,-44.876,-31.334,Charge,-13.542,9.4831,32.4625,optimal,-1,20.5042,29.5744,31.374,64.024,-32.65,-12.9721,Charge,-19.6779,3.9019,32.5088,optimal,-1,0.0,0.0,0.0,0.0,0.0,-0.0,Idle,0.0,0.0,-1,optimal,-1,0.0,0.0,0.0,0.0,0.0,-0.0,Idle,0.0,0.0,-1,optimal,-1,36.9696,53.3235,69.172,96.718,-27.546,-23.4369,Charge,-4.1091,7.0831,32.4725,optimal,-1,11.1841,16.1315,24.298,31.924,-7.626,-7.0477,Charge,-0.5783,2.1003,32.5839,optimal,-1,59.3378,85.5864,106.998,171.052,-64.054,-37.6517,Charge,-26.4023,11.4031,32.4576,optimal,-1,16.1548,23.301,26.618,44.694,-18.076,-10.2074,Charge,-7.8686,3.0612,32.5331,optimal,-1,13.9801,20.1643,29.374,37.692,-8.318,-8.825,Charge,0.507,2.6408,32.5508,optimal,-1,21.4362,30.9186,37.874,62.08,-24.206,-13.5646,Charge,-10.6414,4.0821,32.5049,optimal,-1
23,1,23,-554.01,-272.3359,32.6039,48.1481,57.856,94.466,-36.61,-21.6073,Charge,-15.0027,6.0631,33.5383,33.5383,optimal,-1,20.1377,29.7386,37.854,72.484,-34.63,-13.3226,Charge,-21.3074,3.7218,33.5705,optimal,-1,21.7359,32.0988,33.11,58.222,-25.112,-14.3849,Charge,-10.7271,4.022,33.5639,optimal,-1,14.7037,21.7139,24.026,40.692,-16.666,-9.711,Charge,-6.955,2.7009,33.6035,optimal,-1,50.8237,75.0544,90.452,153.438,-62.986,-33.7138,Charge,-29.2722,9.4831,33.5227,optimal,-1,49.5451,73.1663,77.26,150.946,-73.686,-32.8642,Charge,-40.8218,9.2431,33.5234,optimal,-1,50.8237,75.0544,92.822,152.18,-59.358,-33.7138,Charge,-25.6442,9.4831,33.5227,optimal,-1,21.0966,31.1547,32.244,67.548,-35.304,-13.96,Charge,-21.344,3.9019,33.5664,optimal,-1,0.0,0.0,0.0,0.0,0.0,-0.0,Idle,0.0,0.0,-1,optimal,-1,0.0,0.0,0.0,0.0,0.0,-0.0,Idle,0.0,0.0,-1,optimal,-1,38.0379,56.1728,59.672,106.702,-47.03,-25.218,Charge,-21.812,7.0831,33.5321,optimal,-1,11.5073,16.9935,22.846,34.834,-11.988,-7.5865,Charge,-4.4015,2.1003,33.6375,optimal,-1,61.0524,90.1597,104.264,186.41,-82.146,-40.5104,Charge,-41.6356,11.4031,33.518,optimal,-1,16.6216,24.5461,23.144,47.118,-23.974,-10.9857,Charge,-12.9883,3.0612,33.5894,optimal,-1,14.3841,21.2418,27.622,41.998,-14.376,-9.4986,Charge,-4.8774,2.6408,33.6062,optimal,-1,22.0556,32.5708,38.29,68.434,-30.144,-14.5973,Charge,-15.5467,4.0821,33.5627,optimal,-1
24,1,24,-555.218,-241.1568,33.7065,51.7346,60.714,100.496,-39.782,-24.0911,Charge,-15.6909,6.0631,34.7192,34.7192,optimal,-1,20.8187,31.9537,38.19,72.102,-33.912,-14.8567,Charge,-19.0553,3.7218,34.7496,optimal,-1,22.471,34.4897,37.904,60.914,-23.01,-16.0407,Charge,-6.9693,4.022,34.7434,optimal,-1,15.201,23.3313,25.532,43.032,-17.5,-10.8312,Charge,-6.6688,2.7009,34.7808,optimal,-1,52.5425,80.6451,93.448,158.14,-64.692,-37.5856,Charge,-27.1064,9.4831,34.7046,optimal,-1,51.2207,78.6163,84.514,155.146,-70.632,-36.6387,Charge,-33.9933,9.2431,34.7053,optimal,-1,52.5425,80.6451,94.602,156.466,-61.864,-37.5856,Charge,-24.2784,9.4831,34.7046,optimal,-1,21.8101,33.4753,34.85,70.856,-36.006,-15.5671,Charge,-20.4389,3.9019,34.7457,optimal,-1,0.0,0.0,0.0,0.0,0.0,-0.0,Idle,0.0,0.0,-1,optimal,-1,0.0,0.0,0.0,0.0,0.0,-0.0,Idle,0.0,0.0,-1,optimal,-1,39.3243,60.357,66.346,111.07,-44.724,-28.1158,Charge,-16.6082,7.0831,34.7134,optimal,-1,11.8964,18.2593,23.314,35.348,-12.034,-8.4632,Charge,-3.5708,2.1003,34.813,optimal,-1,63.1171,96.8755,109.32,191.628,-82.308,-45.1615,Charge,-37.1465,11.4031,34.7003,optimal,-1,17.1837,26.3745,26.148,49.766,-23.618,-12.252,Charge,-11.366,3.0612,34.7675,optimal,-1,14.8705,22.8241,28.228,42.634,-14.406,-10.5944,Charge,-3.8116,2.6408,34.7834,optimal,-1,22.8015,34.9969,39.926,70.656,-30.73,-16.2775,Charge,-14.4525,4.0821,34.7422,optimal,-1
25,1,25,-576.48,-261.4135,34.2678,52.3729,65.298,110.726,-45.428,-24.1682,Charge,-21.2598,6.0631,35.904,35.904,optimal,-1,21.1654,32.348,41.804,73.454,-31.65,-14.9044,Charge,-16.7456,3.7218,35.9325,optimal,-1,22.8452,34.9153,41.224,63.062,-21.838,-16.0921,Charge,-5.7459,4.022,35.9266,optimal,-1,15.4541,23.6192,24.966,45.024,-20.058,-10.8659,Charge,-9.1921,2.7009,35.9619,optimal,-1,53.4174,81.6402,102.158,170.982,-68.824,-37.7058,Charge,-31.1182,9.4831,35.8904,optimal,-1,52.0736,79.5863,88.268,159.134,-70.866,-36.7558,Charge,-34.1102,9.2431,35.891,optimal,-1,53.4174,81.6402,102.714,168.06,-65.346,-37.7058,Charge,-27.6402,9.4831,35.8904,optimal,-1,22.1733,33.8884,38.724,73.198,-34.474,-15.617,Charge,-18.857,3.9019,35.9288,optimal,-1,0.0,0.0,0.0,0.0,0.0,-0.0,Idle,0.0,0.0,-1,optimal,-1,0.0,0.0,0.0,0.0,0.0,-0.0,Idle,0.0,0.0,-1,optimal,-1,39.9791,61.1018,66.648,117.074,-50.426,-28.2057,Charge,-22.2203,7.0831,35.8985,optimal,-1,12.0945,18.4846,25.264,36.614,-11.35,-8.4904,Charge,-2.8596,2.1003,35.9922,optimal,-1,64.1681,98.0709,119.798,201.934,-82.136,-45.3059,Charge,-36.8301,11.4031,35.8863,optimal,-1,17.4698,26.6999,27.636,53.12,-25.484,-12.2913,Charge,-13.1927,3.0612,35.9493,optimal,-1,15.1181,23.1057,28.316,44.762,-16.446,-10.6284,Charge,-5.8176,2.6408,35.9643,optimal,-1,23.1811,35.4288,45.13,77.284,-32.154,-16.3297,Charge,-15.8243,4.0821,35.9255,optimal,-1
26,1,26,-599.418,-291.3409,34.9348,52.504,68.302,114.912,-46.61,-23.6322,Charge,-22.9778,6.0631,37.0624,37.0624,optimal,-1,21.5774,32.4289,41.69,75.706,-34.016,-14.5733,Charge,-19.4427,3.7218,37.0891,optimal,-1,23.2899,35.0026,44.04,65.232,-21.192,-15.7348,Charge,-5.4572,4.022,37.0836,optimal,-1,15.7549,23.6783,25.944,47.858,-21.914,-10.6242,Charge,-11.2898,2.7009,37.1167,optimal,-1,54.4572,81.8444,107.04,177.972,-70.932,-36.8703,Charge,-34.0617,9.4831,37.0498,optimal,-1,53.0872,79.7854,91.144,164.648,-73.504,-35.9413,Charge,-37.5627,9.2431,37.0504,optimal,-1,54.4572,81.8444,106.562,175.38,-68.818,-36.8703,Charge,-31.9477,9.4831,37.0498,optimal,-1,22.6049,33.9731,39.904,75.044,-35.14,-15.2702,Charge,-19.8698,3.9019,37.0857,optimal,-1,0.0,0.0,0.0,0.0,0.0,-0.0,Idle,0.0,0.0,-1,optimal,-1,0.0,0.0,0.0,0.0,0.0,-0.0,Idle,0.0,0.0,-1,optimal,-1,40.7573,61.2546,70.146,120.252,-50.106,-27.5804,Charge,-22.5256,7.0831,37.0574,optimal,-1,12.3299,18.5308,26.068,38.876,-12.808,-8.3012,Charge,-4.5068,2.1003,37.1451,optimal,-1,65.4172,98.3162,124.572,210.6,-86.028,-44.3022,Charge,-41.7258,11.4031,37.046,optimal,-1,17.8099,26.7667,25.034,53.418,-28.384,-12.018,Charge,-16.366,3.0612,37.1049,optimal,-1,15.4124,23.1635,33.74,48.28,-14.54,-10.3919,Charge,-4.1481,2.6408,37.119,optimal,-1,23.6324,35.5174,46.686,82.112,-35.426,-15.9671,Charge,-19.4589,4.0821,37.0826,optimal,-1
27,1,27,-636.43,-348.8061,36.5034,52.504,66.218,115.398,-49.18,-22.0636,Charge,-27.1164,6.0631,38.1439,38.1439,optimal,-1,22.5462,32.4289,38.43,78.514,-40.084,-13.6045,Charge,-26.4795,3.7218,38.1688,optimal,-1,24.3356,35.0026,46.118,65.282,-19.164,-14.6891,Charge,-4.4749,4.022,38.1637,optimal,-1,16.4623,23.6783,26.872,48.894,-22.022,-9.9168,Charge,-12.1052,2.7009,38.1946,optimal,-1,56.9024,81.8444,100.774,178.554,-77.78,-34.4251,Charge,-43.3549,9.4831,38.1324,optimal,-1,55.4709,79.7854,93.192,167.778,-74.586,-33.5576,Charge,-41.0284,9.2431,38.1329,optimal,-1,56.9024,81.8444,100.99,178.284,-77.294,-34.4251,Charge,-42.8689,9.4831,38.1324,optimal,-1,23.6199,33.9731,42.208,75.79,-33.582,-14.2552,Charge,-19.3268,3.9019,38.1656,optimal,-1,0.0,0.0,0.0,0.0,0.0,-0.0,Idle,0.0,0.0,-1,optimal,-1,0.0,0.0,0.0,0.0,0.0,-0.0,Idle,0.0,0.0,-1,optimal,-1,42.5873,61.2546,68.752,120.966,-52.214,-25.7504,Charge,-26.4636,7.0831,38.1393,optimal,-1,12.8836,18.5308,25.696,39.638,-13.942,-7.7476,Charge,-6.1944,2.1003,38.2212,optimal,-1,68.3544,98.3162,123.746,214.15,-90.404,-41.3649,Charge,-49.0391,11.4031,38.1289,optimal,-1,18.6096,26.7667,23.51,54.742,-31.232,-11.2183,Charge,-20.0137,3.0612,38.1836,optimal,-1,16.1044,23.1635,32.234,48.36,-16.126,-9.6999,Charge,-6.4261,2.6408,38.1967,optimal,-1,24.6935,35.5174,43.392,82.212,-38.82,-14.906,Charge,-23.914,4.0821,38.1627,optimal,-1
28,1,28,-672.31,-399.9304,37.6725,52.504,71.34,120.906,-49.566,-20.8945,Charge,-28.6715,6.0631,39.1682,39.1682,optimal,-1,23.2683,32.4289,45.532,80.806,-35.274,-12.8824,Charge,-22.3916,3.7218,39.1912,optimal,-1,25.115,35.0026,42.188,68.658,-26.47,-13.9096,Charge,-12.5604,4.022,39.1864,optimal,-1,16.9896,23.6783,25.006,52.42,-27.414,-9.3895,Charge,-18.0245,2.7009,39.2152,optimal,-1,58.7248,81.8444,108.364,186.996,-78.632,-32.6027,Charge,-46.0293,9.4831,39.1576,optimal,-1,57.2475,79.7854,93.33,177.406,-84.076,-31.781,Charge,-52.295,9.2431,39.1581,optimal,-1,58.7248,81.8444,112.38,185.4,-73.02,-32.6027,Charge,-40.4173,9.4831,39.1576,optimal,-1,24.3763,33.9731,40.972,78.574,-37.602,-13.4987,Charge,-24.1033,3.9019,39.1883,optimal,-1,0.0,0.0,0.0,0.0,0.0,-0.0,Idle,0.0,0.0,-1,optimal,-1,0.0,0.0,0.0,0.0,0.0,-0.0,Idle,0.0,0.0,-1,optimal,-1,43.9513,61.2546,66.624,130.062,-63.438,-24.3864,Charge,-39.0516,7.0831,39.164,optimal,-1,13.2962,18.5308,24.818,41.22,-16.402,-7.335,Charge,-9.067,2.1003,39.2399,optimal,-1,70.5437,98.3162,130.772,223.854,-93.082,-39.1757,Charge,-53.9063,11.4031,39.1544,optimal,-1,19.2056,26.7667,25.18,58.942,-33.762,-10.6223,Charge,-23.1397,3.0612,39.205,optimal,-1,16.6202,23.1635,30.302,50.258,-19.956,-9.1841,Charge,-10.7719,2.6408,39.2172,optimal,-1,25.4844,35.5174,50.626,84.242,-33.616,-14.1151,Charge,-19.5009,4.0821,39.1856,optimal,-1
29,1,29,-570.814,-372.6118,38.3003,52.504,73.608,121.092,-47.484,-15.2163,Charge,-32.2677,1.0126,39.9141,39.9141,optimal,-1,23.6561,32.4289,61.014,77.902,-16.888,-9.3172,Charge,-7.5708,0.5444,39.9307,optimal,-1,25.5335,35.0026,42.698,68.982,-26.284,-10.0735,Charge,-16.2105,0.6044,39.9271,optimal,-1,17.2727,23.6783,30.348,52.928,-22.58,-6.7457,Charge,-15.8343,0.3402,39.9485,optimal,-1,59.7034,81.8444,117.86,187.356,-69.496,-23.8376,Charge,-45.6584,1.6966,39.9072,optimal,-1,58.2015,79.7854,105.306,177.11,-71.804,-23.2326,Charge,-48.5714,1.6486,39.9075,optimal,-1,59.7034,81.8444,126.118,184.866,-58.748,-23.8376,Charge,-34.9104,1.6966,39.9072,optimal,-1,24.7826,33.9731,46.586,77.35,-30.764,-9.771,Charge,-20.993,0.5804,39.9285,optimal,-1,0.0,0.0,0.0,0.0,0.0,0.0,Idle,-0.0,-0.0,-1,optimal,-1,0.0,0.0,0.0,0.0,0.0,0.0,Idle,-0.0,-0.0,-1,optimal,-1,44.6837,61.2546,72.308,131.746,-59.438,-17.7875,Charge,-41.6505,1.2166,39.9113,optimal,-1,13.5178,18.5308,21.218,40.26,-19.042,-5.2331,Charge,-13.8089,0.2201,39.9668,optimal,-1,71.7192,98.3162,153.712,224.4,-70.688,-28.6776,Charge,-42.0104,2.0806,39.9052,optimal,-1,19.5256,26.7667,28.71,58.838,-30.128,-7.6533,Charge,-22.4747,0.4122,39.9408,optimal,-1,16.8972,23.1635,27.762,49.386,-21.624,-6.5945,Charge,-15.0295,0.3282,39.9499,optimal,-1,25.909,35.5174,59.672,85.518,-25.846,-10.2248,Charge,-15.6212,0.6164,39.9265,optimal,-1
30,1,30,-481.86,-301.9855,39.5785,52.3766,73.3,116.338,-43.038,-13.8106,Charge,-29.2274,1.0126,40.5911,40.5911,optimal,-1,24.4455,32.3502,61.084,74.532,-13.448,-8.449,Charge,-4.999,0.5444,40.6012,optimal,-1,26.3857,34.9177,44.962,67.324,-22.362,-9.1364,Charge,-13.2256,0.6044,40.5989,optimal,-1,17.8491,23.6208,33.96,51.478,-17.518,-6.1118,Charge,-11.4062,0.3402,40.6128,optimal,-1,61.6959,81.6458,120.028,180.124,-60.096,-21.6465,Charge,-38.4495,1.6966,40.5879,optimal,-1,60.1438,79.5918,112.772,171.338,-58.566,-21.0967,Charge,-37.4693,1.6486,40.5881,optimal,-1,61.6959,81.6458,129.19,177.682,-48.492,-21.6465,Charge,-26.8455,1.6966,40.5879,optimal,-1,25.6096,33.8907,48.4,74.664,-26.264,-8.8615,Charge,-17.4025,0.5804,40.5998,optimal,-1,0.0,0.0,0.0,0.0,0.0,0.0,Idle,-0.0,-0.0,-1,optimal,-1,0.0,0.0,0.0,0.0,0.0,0.0,Idle,-0.0,-0.0,-1,optimal,-1,46.1749,61.106,78.3,126.856,-48.556,-16.1477,Charge,-32.4083,1.2166,40.5898,optimal,-1,13.9689,18.4858,18.146,38.754,-20.608,-4.737,Charge,-15.871,0.2201,40.6247,optimal,-1,74.1127,98.0777,160.47,217.704,-57.234,-26.0456,Charge,-31.1884,2.0806,40.587,optimal,-1,20.1773,26.7018,32.046,55.66,-23.614,-6.9367,Charge,-16.6773,0.4122,40.6078,optimal,-1,17.4611,23.1073,28.184,47.57,-19.386,-5.9744,Charge,-13.4116,0.3282,40.6137,optimal,-1,26.7737,35.4312,60.364,83.042,-22.678,-9.2739,Charge,-13.4041,0.6164,40.5985,optimal,-1
31,1,31,-273.328,-133.6261,39.9613,49.6666,79.654,108.952,-29.298,-10.7295,Charge,-18.5685,1.0242,41.117,41.117,optimal,-1,24.682,30.6764,64.726,71.036,-6.31,-6.5473,Charge,0.2373,0.5528,41.1208,optimal,-1,26.6409,33.111,53.92,63.082,-9.162,-7.0835,Charge,-2.0785,0.6133,41.1198,optimal,-1,18.0218,22.3986,34.236,48.292,-14.056,-4.7242,Charge,-9.3318,0.3473,41.1263,optimal,-1,62.2926,77.4214,136.324,168.942,-32.618,-16.8417,Charge,-15.7763,1.7129,41.1175,optimal,-1,60.7255,75.4737,131.666,160.004,-28.338,-16.4127,Charge,-11.9253,1.6646,41.1175,optimal,-1,62.2926,77.4214,140.54,167.35,-26.81,-16.8417,Charge,-9.9683,1.7129,41.1175,optimal,-1,25.8573,32.1372,54.134,69.298,-15.164,-6.869,Charge,-8.295,0.5891,41.1202,optimal,-1,0.0,0.0,0.0,0.0,0.0,-0.0,Idle,0.0,0.0,-1,optimal,-1,0.0,0.0,0.0,0.0,0.0,-0.0,Idle,0.0,0.0,-1,optimal,-1,46.6215,57.9443,92.964,118.236,-25.272,-12.5524,Charge,-12.7196,1.2296,41.1172,optimal,-1,14.104,17.5294,22.16,35.654,-13.494,-3.6518,Charge,-9.8422,0.2264,41.1319,optimal,-1,74.8295,93.0031,172.954,204.872,-31.918,-20.273,Charge,-11.645,2.0995,41.1177,optimal,-1,20.3724,25.3202,42.002,51.362,-9.36,-5.3676,Charge,-3.9924,0.4198,41.124,optimal,-1,17.63,21.9117,32.562,44.652,-12.09,-4.6169,Charge,-7.4731,0.3352,41.1267,optimal,-1,27.0327,33.598,59.926,79.364,-19.438,-7.1907,Charge,-12.2473,0.6254,41.1196,optimal,-1
32,1,32,-64.514,13.571,39.6556,44.55,87.28,99.974,-12.694,-6.0039,Charge,-6.6901,1.1095,41.4113,41.4113,optimal,-1,24.4932,27.5162,70.356,64.644,5.712,-3.6288,Charge,9.3408,0.6058,41.4089,optimal,-1,26.4371,29.7,59.35,58.552,0.798,-3.9333,Charge,4.7313,0.6704,41.409,optimal,-1,17.8839,20.0912,37.036,44.254,-7.218,-2.5935,Charge,-4.6245,0.3862,41.4082,optimal,-1,61.8161,69.4456,144.07,156.032,-11.962,-9.4749,Charge,-2.4871,1.8454,41.4155,optimal,-1,60.261,67.6986,148.346,146.51,1.836,-9.2313,Charge,11.0673,1.7938,41.4153,optimal,-1,61.8161,69.4456,154.924,154.346,0.578,-9.4749,Charge,10.0529,1.8454,41.4155,optimal,-1,25.6595,28.8265,56.068,63.608,-7.54,-3.8115,Charge,-3.7285,0.6446,41.4089,optimal,-1,0.0,0.0,0.0,0.0,0.0,-0.0,Idle,0.0,0.0,-1,optimal,-1,0.0,0.0,0.0,0.0,0.0,-0.0,Idle,0.0,0.0,-1,optimal,-1,46.2649,51.975,101.924,108.716,-6.792,-7.0391,Charge,0.2471,1.329,41.413,optimal,-1,13.9961,15.7235,25.59,32.078,-6.488,-1.9844,Charge,-4.5036,0.257,41.4075,optimal,-1,74.2571,83.4221,186.036,189.334,-3.298,-11.4236,Charge,8.1256,2.2586,41.4167,optimal,-1,20.2166,22.7118,45.19,46.896,-1.706,-2.9589,Charge,1.2529,0.4637,41.4085,optimal,-1,17.4951,19.6544,38.538,40.846,-2.308,-2.5326,Charge,0.2246,0.3733,41.4081,optimal,-1,26.8259,30.1368,60.416,73.848,-13.432,-3.9942,Charge,-9.4378,0.6833,41.409,optimal,-1
33,1,33,70.638,30.7227,44.1008,39.8303,88.974,85.626,3.348,3.0458,Discharge,0.3022,1.2247,41.262,41.262,optimal,-1,27.2387,24.601,64.936,55.788,9.148,1.9604,Discharge,7.1876,0.6772,41.2533,optimal,-1,29.4005,26.5535,62.74,50.76,11.98,2.0996,Discharge,9.8804,0.7475,41.2546,optimal,-1,19.8886,17.9627,29.886,39.172,-9.286,1.4874,Discharge,-10.7734,0.4385,41.2465,optimal,-1,68.7453,62.0884,141.024,134.168,6.856,4.6324,Discharge,2.2236,2.0246,41.2698,optimal,-1,67.0159,60.5264,139.29,127.976,11.314,4.521,Discharge,6.793,1.9685,41.2695,optimal,-1,68.7453,62.0884,152.76,132.756,20.004,4.6324,Discharge,15.3716,2.0246,41.2698,optimal,-1,28.5358,25.7725,53.812,54.594,-0.782,2.0439,Discharge,-2.8259,0.7194,41.2541,optimal,-1,0.0,0.0,0.0,0.0,0.0,0.0,Idle,-0.0,-0.0,-1,optimal,-1,0.0,0.0,0.0,0.0,0.0,0.0,Idle,-0.0,-0.0,-1,optimal,-1,51.4509,46.4686,101.398,95.204,6.194,3.519,Discharge,2.675,1.4633,41.2651,optimal,-1,15.565,14.0577,26.448,27.0,-0.552,1.2091,Discharge,-1.7611,0.2981,41.2396,optimal,-1,82.5809,74.5841,173.788,164.022,9.766,5.5231,Discharge,4.2429,2.4737,41.2721,optimal,-1,22.4828,20.3056,39.992,40.978,-0.986,1.6543,Discharge,-2.6403,0.5228,41.2494,optimal,-1,19.4562,17.5722,43.33,35.31,8.02,1.4596,Discharge,6.5604,0.4245,41.246,optimal,-1,29.8329,26.944,58.796,63.182,-4.386,2.1274,Discharge,-6.5134,0.7615,41.2548,optimal,-1
34,1,34,276.038,107.5413,46.146,31.8736,91.22,71.08,20.14,12.907,Discharge,7.233,1.3655,40.6293,40.6293,optimal,-1,28.502,19.6866,66.256,45.522,20.734,8.0509,Discharge,12.6831,0.7645,40.6143,optimal,-1,30.764,21.2491,60.002,42.178,17.824,8.6734,Discharge,9.1506,0.8415,40.6169,optimal,-1,20.811,14.3744,34.898,32.474,2.424,5.9342,Discharge,-3.5102,0.5024,40.6015,optimal,-1,71.9335,49.6853,143.782,111.084,32.698,20.0046,Discharge,12.6934,2.2436,40.6407,optimal,-1,70.1239,48.4353,135.214,105.72,29.494,19.5065,Discharge,9.9875,2.182,40.6402,optimal,-1,71.9335,49.6853,157.408,109.798,47.61,20.0046,Discharge,27.6054,2.2436,40.6407,optimal,-1,29.8592,20.6241,50.736,44.18,6.556,8.4244,Discharge,-1.8684,0.8107,40.6159,optimal,-1,0.0,0.0,0.0,0.0,0.0,-0.0,Idle,0.0,0.0,-1,optimal,-1,0.0,0.0,0.0,0.0,0.0,-0.0,Idle,0.0,0.0,-1,optimal,-1,53.8371,37.1858,106.926,78.946,27.98,15.0238,Discharge,12.9562,1.6274,40.6339,optimal,-1,16.2868,11.2495,29.126,21.772,7.354,4.6891,Discharge,2.6649,0.3483,40.5883,optimal,-1,86.4107,59.6848,168.546,136.558,31.988,23.9893,Discharge,7.9987,2.7366,40.6442,optimal,-1,23.5254,16.2493,43.16,33.83,9.33,6.6812,Discharge,2.6488,0.5949,40.607,optimal,-1,20.3586,14.0619,48.34,28.566,19.774,5.8097,Discharge,13.9643,0.487,40.6004,optimal,-1,31.2164,21.5615,55.264,53.132,2.132,8.7979,Discharge,-6.6659,0.857,40.6173,optimal,-1
35,1,35,554.818,205.9843,52.1246,23.8448,96.882,57.722,39.16,26.7374,Discharge,12.4226,1.5424,39.3187,39.3187,optimal,-1,32.1946,14.7277,68.738,35.528,33.21,16.5929,Discharge,16.6171,0.874,39.2974,optimal,-1,34.7497,15.8965,57.29,32.786,24.504,17.8935,Discharge,6.6105,0.9597,39.3012,optimal,-1,23.5072,10.7535,49.192,26.164,23.028,12.171,Discharge,10.857,0.5826,39.2786,optimal,-1,81.253,37.1698,154.65,89.422,65.228,41.5642,Discharge,23.6638,2.519,39.3337,optimal,-1,79.2089,36.2347,144.504,82.594,61.91,40.5237,Discharge,21.3863,2.4504,39.333,optimal,-1,81.253,37.1698,164.626,88.53,76.096,41.5642,Discharge,34.5318,2.519,39.3337,optimal,-1,33.7277,15.429,52.294,33.488,18.806,17.3732,Discharge,1.4328,0.9254,39.2997,optimal,-1,0.0,0.0,0.0,0.0,0.0,-0.0,Idle,0.0,0.0,-1,optimal,-1,0.0,0.0,0.0,0.0,0.0,-0.0,Idle,0.0,0.0,-1,optimal,-1,60.812,27.8189,122.258,63.688,58.57,31.1594,Discharge,27.4106,1.8337,39.3247,optimal,-1,18.3969,8.4158,32.45,16.618,15.832,9.5699,Discharge,6.2621,0.4112,39.2591,optimal,-1,97.6058,44.6505,180.396,108.224,72.172,49.8881,Discharge,22.2839,3.0672,39.3382,optimal,-1,26.5733,12.1562,43.956,27.084,16.872,13.7317,Discharge,3.1403,0.6855,39.2866,optimal,-1,22.9961,10.5198,54.17,22.566,31.604,11.9109,Discharge,19.6931,0.5655,39.277,optimal,-1,35.2607,16.1303,61.576,43.75,17.826,18.1536,Discharge,-0.3276,0.9769,39.3018,optimal,-1
36,1,36,937.924,458.6605,55.3814,16.8894,109.798,42.846,66.952,36.7403,Discharge,30.2117,1.7517,37.5177,37.5177,optimal,-1,34.2061,10.4317,71.59,25.256,46.334,22.7709,Discharge,23.5631,1.0036,37.4902,optimal,-1,36.9209,11.2596,66.432,21.988,44.444,24.5618,Discharge,19.8822,1.0995,37.4951,optimal,-1,24.9759,7.6168,60.71,19.032,41.678,16.6817,Discharge,24.9963,0.6774,37.4653,optimal,-1,86.3298,26.3276,172.592,65.872,106.72,57.1574,Discharge,49.5626,2.8448,37.5363,optimal,-1,84.158,25.6652,172.026,57.15,114.876,55.7247,Discharge,59.1513,2.7681,37.5354,optimal,-1,86.3298,26.3276,175.732,65.114,110.618,57.1574,Discharge,53.4606,2.8448,37.5363,optimal,-1,35.835,10.9284,66.426,22.348,44.078,23.8455,Discharge,20.2325,1.0611,37.4932,optimal,-1,0.0,0.0,0.0,0.0,0.0,-0.0,Idle,0.0,0.0,-1,optimal,-1,0.0,0.0,0.0,0.0,0.0,-0.0,Idle,0.0,0.0,-1,optimal,-1,64.6116,19.7043,137.444,46.126,91.318,42.8296,Discharge,48.4884,2.0777,37.5251,optimal,-1,19.5464,5.961,37.9,11.524,26.376,13.0999,Discharge,13.2761,0.4855,37.4397,optimal,-1,103.7043,31.6262,207.25,77.158,130.092,68.6197,Discharge,61.4723,3.4585,37.5419,optimal,-1,28.2336,8.6103,54.476,19.356,35.12,18.8309,Discharge,16.2891,0.7925,37.476,optimal,-1,24.433,7.4512,57.664,16.542,41.122,16.3236,Discharge,24.7984,0.6582,37.4633,optimal,-1,37.4639,11.4252,70.984,32.788,38.196,24.92,Discharge,13.276,1.1187,37.496,optimal,-1
37,1,37,1150.222,587.9311,55.7064,10.6087,110.95,26.944,84.006,43.1079,Discharge,40.8981,1.9898,35.4046,35.4046,optimal,-1,34.4069,6.5525,75.526,15.218,60.308,26.7035,Discharge,33.6045,1.1509,35.3709,optimal,-1,37.1376,7.0725,63.2,13.5,49.7,28.8067,Discharge,20.8933,1.2585,35.377,optimal,-1,25.1225,4.7843,59.706,12.622,47.084,19.553,Discharge,27.531,0.7852,35.34,optimal,-1,86.8365,16.5372,174.742,41.158,133.584,67.0838,Discharge,66.5002,3.2156,35.4267,optimal,-1,84.6519,16.1211,174.642,35.038,139.604,65.4012,Discharge,74.2028,3.1295,35.4257,optimal,-1,86.8365,16.5372,182.91,40.734,142.176,67.0838,Discharge,75.0922,3.2156,35.4267,optimal,-1,36.0453,6.8645,61.778,12.94,48.838,27.9654,Discharge,20.8726,1.2154,35.3747,optimal,-1,0.0,0.0,0.0,0.0,0.0,-0.0,Idle,0.0,0.0,-1,optimal,-1,0.0,0.0,0.0,0.0,0.0,-0.0,Idle,0.0,0.0,-1,optimal,-1,64.9908,12.3769,141.17,30.132,111.038,50.2586,Discharge,60.7794,2.3554,35.4134,optimal,-1,19.6611,3.7443,40.886,6.316,34.57,15.3468,Discharge,19.2232,0.57,35.3082,optimal,-1,104.313,19.8654,208.738,47.898,160.84,80.5439,Discharge,80.2961,3.9037,35.4334,optimal,-1,28.3993,5.4084,55.778,12.228,43.55,22.0767,Discharge,21.4733,0.9142,35.3532,optimal,-1,24.5764,4.6803,56.216,10.648,45.568,19.1324,Discharge,26.4356,0.7637,35.3375,optimal,-1,37.6837,7.1765,69.51,20.154,49.356,29.2273,Discharge,20.1287,1.28,35.3781,optimal,-1
38,1,38,1281.556,653.6587,55.5572,5.1656,101.054,12.92,88.134,48.1394,Discharge,39.9946,2.2522,33.0448,33.0448,optimal,-1,34.3148,3.1905,79.98,7.806,72.174,29.811,Discharge,42.363,1.3133,33.0049,optimal,-1,37.0382,3.4438,57.632,7.592,50.04,32.1608,Discharge,17.8792,1.4336,33.0122,optimal,-1,25.0552,2.3296,60.376,6.872,53.504,21.8217,Discharge,31.6823,0.9039,32.9681,optimal,-1,86.6039,8.0523,176.9,20.346,156.554,74.9274,Discharge,81.6266,3.6242,33.0705,optimal,-1,84.4252,7.8497,166.554,18.548,148.006,73.0476,Discharge,74.9584,3.5279,33.0693,optimal,-1,86.6039,8.0523,182.798,20.158,162.64,74.9274,Discharge,87.7126,3.6242,33.0705,optimal,-1,35.9488,3.3425,55.7,6.642,49.058,31.2208,Discharge,17.8372,1.3855,33.0094,optimal,-1,0.0,0.0,0.0,0.0,0.0,-0.0,Idle,0.0,0.0,-1,optimal,-1,0.0,0.0,0.0,0.0,0.0,-0.0,Idle,0.0,0.0,-1,optimal,-1,64.8168,6.0266,139.212,16.424,122.788,56.1288,Discharge,66.6592,2.6614,33.055,optimal,-1,19.6084,1.8232,32.694,3.15,29.544,17.1222,Discharge,12.4218,0.6631,32.9301,optimal,-1,104.0337,9.6729,211.104,24.182,186.922,89.9663,Discharge,96.9557,4.3945,33.0782,optimal,-1,28.3233,2.6335,58.02,6.344,51.676,24.6415,Discharge,27.0345,1.0484,32.9838,optimal,-1,24.5106,2.279,47.65,5.744,41.906,21.3518,Discharge,20.5542,0.8798,32.965,optimal,-1,37.5828,3.4944,77.574,8.964,68.61,32.6307,Discharge,35.9793,1.4577,33.0136,optimal,-1
39,1,39,1274.304,634.2939,53.6138,2.0136,88.364,4.61,83.754,49.0684,Discharge,34.6856,2.5318,30.6395,30.6395,optimal,-1,33.1144,1.2437,78.028,3.586,74.442,30.3845,Discharge,44.0575,1.4862,30.5934,optimal,-1,35.7426,1.3424,58.696,3.462,55.234,32.7799,Discharge,22.4541,1.6203,30.602,optimal,-1,24.1788,0.9081,53.998,2.69,51.308,22.2403,Discharge,29.0677,1.0304,30.5506,optimal,-1,83.5745,3.1389,160.68,7.924,152.756,76.376,Discharge,76.38,4.0596,30.6688,optimal,-1,81.472,3.0599,157.864,8.04,149.824,74.4597,Discharge,75.3643,3.9524,30.6674,optimal,-1,83.5745,3.1389,166.966,7.838,159.128,76.376,Discharge,82.752,4.0596,30.6688,optimal,-1,34.6913,1.3029,56.164,3.158,53.006,31.8217,Discharge,21.1843,1.5667,30.5987,optimal,-1,0.0,0.0,0.0,0.0,0.0,-0.0,Idle,0.0,0.0,-1,optimal,-1,0.0,0.0,0.0,0.0,0.0,-0.0,Idle,0.0,0.0,-1,optimal,-1,62.5495,2.3492,124.72,6.488,118.232,57.2128,Discharge,61.0192,2.9875,30.6511,optimal,-1,18.9225,0.7107,30.566,1.294,29.272,17.4496,Discharge,11.8224,0.7623,30.5066,optimal,-1,100.3945,3.7706,200.022,10.154,189.868,91.7065,Discharge,98.1615,4.9174,30.6775,optimal,-1,27.3325,1.0266,52.216,2.584,49.632,25.1147,Discharge,24.5173,1.1913,30.5689,optimal,-1,23.6532,0.8884,42.344,2.054,40.29,21.7612,Discharge,18.5288,1.0036,30.5471,optimal,-1,36.2682,1.3622,70.744,3.186,67.558,33.2589,Discharge,34.2991,1.6471,30.6035,optimal,-1
40,1,40,1284.292,650.2315,51.6971,0.2773,85.14,0.808,84.332,48.6122,Discharge,35.7198,2.8076,28.2565,28.2565,optimal,-1,31.9306,0.1713,76.194,0.766,75.428,30.1024,Discharge,45.3256,1.6569,28.2044,optimal,-1,34.4648,0.1849,58.73,0.548,58.182,32.4755,Discharge,25.7065,1.8044,28.2141,optimal,-1,23.3144,0.1251,55.9,0.508,55.392,22.0341,Discharge,33.3579,1.1552,28.1556,optimal,-1,80.5867,0.4323,148.088,1.528,146.56,75.6652,Discharge,70.8948,4.4892,28.2894,optimal,-1,78.5594,0.4214,156.612,1.408,155.204,73.7667,Discharge,81.4373,4.3712,28.2878,optimal,-1,80.5867,0.4323,155.462,1.518,153.944,75.6652,Discharge,78.2788,4.4892,28.2894,optimal,-1,33.4511,0.1795,61.51,0.502,61.008,31.5262,Discharge,29.4818,1.7454,28.2104,optimal,-1,0.0,0.0,0.0,0.0,0.0,-0.0,Idle,0.0,0.0,-1,optimal,-1,0.0,0.0,0.0,0.0,0.0,-0.0,Idle,0.0,0.0,-1,optimal,-1,60.3133,0.3236,120.472,1.174,119.298,56.6806,Discharge,62.6174,3.3091,28.2696,optimal,-1,18.246,0.0979,29.878,0.224,29.654,17.2881,Discharge,12.3659,0.8601,28.1055,optimal,-1,96.8054,0.5193,194.922,1.898,193.024,90.8528,Discharge,102.1712,5.4332,28.2992,optimal,-1,26.3554,0.1414,46.066,0.456,45.61,24.8818,Discharge,20.7282,1.3322,28.1765,optimal,-1,22.8076,0.1224,44.578,0.336,44.242,21.5595,Discharge,22.6825,1.1257,28.1516,optimal,-1,34.9716,0.1876,63.064,0.65,62.414,32.9501,Discharge,29.4639,1.8339,28.2158,optimal,-1
41,1,41,1239.842,776.2412,51.9498,0.0074,95.846,0.012,95.834,35.5532,Discharge,60.2808,16.3892,26.5137,26.5137,optimal,-1,32.0867,0.0046,60.812,0.0,60.812,21.9619,Discharge,38.8501,10.1202,26.4613,optimal,-1,34.6332,0.0049,53.898,0.0,53.898,23.7043,Discharge,30.1937,10.924,26.4711,optimal,-1,23.4284,0.0033,52.606,0.002,52.604,16.0378,Discharge,36.5662,7.3872,26.4124,optimal,-1,80.9806,0.0115,150.64,0.012,150.628,55.4189,Discharge,95.2091,25.5502,26.5466,optimal,-1,78.9434,0.0112,138.106,0.002,138.104,54.0248,Discharge,84.0792,24.9073,26.5451,optimal,-1,80.9806,0.0115,150.802,0.012,150.79,55.4189,Discharge,95.3711,25.5502,26.5466,optimal,-1,33.6146,0.0048,55.278,0.0,55.278,23.0074,Discharge,32.2706,10.6025,26.4674,optimal,-1,0.0,0.0,0.0,0.0,0.0,-0.0,Idle,0.0,0.0,-1,optimal,-1,0.0,0.0,0.0,0.0,0.0,-0.0,Idle,0.0,0.0,-1,optimal,-1,60.6081,0.0086,117.496,0.014,117.482,41.4781,Discharge,76.0039,19.1214,26.5268,optimal,-1,18.3352,0.0026,27.116,0.0,27.116,12.553,Discharge,14.563,5.7796,26.362,optimal,-1,97.2786,0.0138,182.444,0.002,182.442,66.5716,Discharge,115.8704,30.6932,26.5565,optimal,-1,26.4842,0.0038,39.096,0.012,39.084,18.1287,Discharge,20.9553,8.3518,26.4333,optimal,-1,22.919,0.0033,47.852,0.0,47.852,15.6893,Discharge,32.1627,7.2265,26.4084,optimal,-1,35.1425,0.005,67.918,0.0,67.918,24.0528,Discharge,43.8652,11.0847,26.4729,optimal,-1
42,1,42,1251.722,814.4867,51.0002,0.0074,106.914,0.024,106.89,33.5312,Discharge,73.3588,17.4615,24.87,24.87,optimal,-1,31.5001,0.0046,55.296,0.0,55.296,20.713,Discharge,34.583,10.7825,24.8175,optimal,-1,34.0001,0.0049,52.32,0.012,52.308,22.3563,Discharge,29.9517,11.6389,24.8272,optimal,-1,23.0001,0.0033,45.388,0.012,45.376,15.1258,Discharge,30.2502,7.8709,24.7683,optimal,-1,79.5002,0.0115,162.972,0.036,162.936,52.267,Discharge,110.669,27.2217,24.903,optimal,-1,77.5002,0.0112,128.962,0.036,128.926,50.9522,Discharge,77.9738,26.5368,24.9015,optimal,-1,79.5002,0.0115,159.356,0.024,159.332,52.267,Discharge,107.065,27.2217,24.903,optimal,-1,33.0001,0.0048,49.522,0.012,49.51,21.699,Discharge,27.811,11.2963,24.8235,optimal,-1,0.0,0.0,0.0,0.0,0.0,-0.0,Idle,0.0,0.0,-1,optimal,-1,0.0,0.0,0.0,0.0,0.0,-0.0,Idle,0.0,0.0,-1,optimal,-1,59.5002,0.0086,114.922,0.048,114.874,39.1191,Discharge,75.7549,20.3725,24.8832,optimal,-1,18.0001,0.0026,35.098,0.0,35.098,11.8393,Discharge,23.2587,6.1582,24.7177,optimal,-1,95.5003,0.0138,174.8,0.012,174.788,62.7854,Discharge,112.0026,32.7011,24.9129,optimal,-1,26.0001,0.0038,40.804,0.036,40.768,17.0978,Discharge,23.6702,8.8985,24.7893,optimal,-1,22.5001,0.0033,52.602,0.012,52.59,14.7972,Discharge,37.7928,7.6996,24.7642,optimal,-1,34.5001,0.005,73.03,0.0,73.03,22.6849,Discharge,50.3451,11.8102,24.829,optimal,-1
43,1,43,1204.924,824.1643,47.6621,0.0074,100.72,0.024,100.696,29.2,Discharge,71.496,18.4547,23.4386,23.4386,optimal,-1,29.4384,0.0045,54.754,0.0,54.754,18.0378,Discharge,36.7162,11.396,23.3859,optimal,-1,31.7747,0.0049,53.258,0.012,53.246,19.4688,Discharge,33.7772,12.3011,23.3957,optimal,-1,21.4947,0.0033,42.574,0.0,42.574,13.1725,Discharge,29.4015,8.3189,23.3365,optimal,-1,74.2968,0.0115,153.958,0.024,153.934,45.5155,Discharge,108.4185,28.7699,23.4717,optimal,-1,72.4277,0.0112,127.352,0.012,127.34,44.3706,Discharge,82.9694,28.046,23.4702,optimal,-1,74.2968,0.0115,151.602,0.024,151.578,45.5155,Discharge,106.0625,28.7699,23.4717,optimal,-1,30.8402,0.0048,50.684,0.012,50.672,18.8964,Discharge,31.7756,11.939,23.392,optimal,-1,0.0,0.0,0.0,0.0,0.0,-0.0,Idle,0.0,0.0,-1,optimal,-1,0.0,0.0,0.0,0.0,0.0,-0.0,Idle,0.0,0.0,-1,optimal,-1,55.6058,0.0086,108.846,0.0,108.846,34.0661,Discharge,74.7799,21.5312,23.4518,optimal,-1,16.8219,0.0026,32.79,0.012,32.778,10.3105,Discharge,22.4675,6.5088,23.2856,optimal,-1,89.2496,0.0138,171.682,0.024,171.658,54.675,Discharge,116.983,34.5608,23.4816,optimal,-1,24.2983,0.0037,38.618,0.0,38.618,14.8897,Discharge,23.7283,9.4049,23.3576,optimal,-1,21.0274,0.0032,49.008,0.012,48.996,12.8863,Discharge,36.1097,8.1379,23.3324,optimal,-1,32.242,0.005,69.246,0.012,69.234,19.755,Discharge,49.479,12.4821,23.3975,optimal,-1
44,1,44,1250.378,926.5397,44.1432,0.0072,111.68,0.0,111.68,24.8347,Discharge,86.8453,19.3013,22.2213,22.2213,optimal,-1,27.2649,0.0045,53.702,0.0,53.702,15.3415,Discharge,38.3605,11.9189,22.1683,optimal,-1,29.4288,0.0048,49.562,0.0,49.562,16.5585,Discharge,33.0035,12.8655,22.1782,optimal,-1,19.9077,0.0033,45.878,0.0,45.878,11.2037,Discharge,34.6743,8.7007,22.1187,optimal,-1,68.8114,0.0113,163.306,0.0,163.306,38.7107,Discharge,124.5953,30.0894,22.2544,optimal,-1,67.0803,0.011,126.68,0.0,126.68,37.7369,Discharge,88.9431,29.3324,22.2529,optimal,-1,68.8114,0.0113,161.74,0.0,161.74,38.7107,Discharge,123.0293,30.0894,22.2544,optimal,-1,28.5632,0.0047,46.992,0.0,46.992,16.0717,Discharge,30.9203,12.4868,22.1744,optimal,-1,0.0,0.0,0.0,0.0,0.0,-0.0,Idle,0.0,0.0,-1,optimal,-1,0.0,0.0,0.0,0.0,0.0,-0.0,Idle,0.0,0.0,-1,optimal,-1,51.5004,0.0085,109.866,0.0,109.866,28.9731,Discharge,80.8929,22.5188,22.2345,optimal,-1,15.5799,0.0026,28.678,0.0,28.678,8.7697,Discharge,19.9083,6.8077,22.0676,optimal,-1,82.6602,0.0136,185.236,0.0,185.236,46.5007,Discharge,138.7353,36.146,22.2643,optimal,-1,22.5044,0.0037,40.102,0.0,40.102,12.6641,Discharge,27.4379,9.8366,22.1399,optimal,-1,19.4749,0.0032,43.798,0.0,43.798,10.9603,Discharge,32.8377,8.5114,22.1146,optimal,-1,29.8616,0.0049,83.158,0.0,83.158,16.8019,Discharge,66.3561,13.0548,22.18,optimal,-1
45,1,45,1158.552,1111.1307,43.8288,0.0072,104.822,0.002,104.82,3.6532,Discharge,101.1668,40.1685,22.0422,22.0422,optimal,-1,27.0708,0.0044,50.626,0.002,50.624,2.1656,Discharge,48.4584,24.9007,21.9964,optimal,-1,29.2192,0.0048,46.164,0.0,46.164,2.3562,Discharge,43.8078,26.8583,22.0049,optimal,-1,19.7659,0.0032,40.012,0.012,40.0,1.5177,Discharge,38.4823,18.245,21.9537,optimal,-1,68.3214,0.0112,151.746,0.002,151.744,5.8301,Discharge,145.9139,62.4802,22.071,optimal,-1,66.6027,0.0109,116.784,0.014,116.77,5.6773,Discharge,111.0927,60.9144,22.0697,optimal,-1,68.3214,0.0112,152.51,0.002,152.508,5.8301,Discharge,146.6779,62.4802,22.071,optimal,-1,28.3598,0.0046,42.34,0.002,42.338,2.2799,Discharge,40.0581,26.0753,22.0017,optimal,-1,0.0,0.0,0.0,0.0,0.0,-0.0,Idle,0.0,0.0,-1,optimal,-1,0.0,0.0,0.0,0.0,0.0,-0.0,Idle,0.0,0.0,-1,optimal,-1,51.1337,0.0084,100.446,0.014,100.432,4.3024,Discharge,96.1296,46.8229,22.0537,optimal,-1,15.469,0.0025,33.052,0.0,33.052,1.1365,Discharge,31.9155,14.3299,21.9098,optimal,-1,82.0717,0.0134,164.026,0.002,164.024,7.0522,Discharge,156.9718,75.006,22.0797,optimal,-1,22.3441,0.0037,38.004,0.012,37.992,1.7463,Discharge,36.2457,20.5941,21.972,optimal,-1,19.3363,0.0032,43.71,0.002,43.708,1.4796,Discharge,42.2284,17.8535,21.9502,optimal,-1,29.6489,0.0049,74.376,0.0,74.376,2.3943,Discharge,71.9817,27.2498,22.0065,optimal,-1
46,1,46,1020.98,997.2536,42.5699,0.0069,82.278,0.05,82.228,1.8354,Discharge,80.3926,40.7276,21.9522,21.9522,optimal,-1,26.2932,0.0043,54.696,0.0,54.696,1.0461,Discharge,53.6499,25.2428,21.9134,optimal,-1,28.3799,0.0046,43.22,0.0,43.22,1.1471,Discharge,42.0729,27.2282,21.9206,optimal,-1,19.1982,0.0031,34.344,0.002,34.342,0.7025,Discharge,33.6395,18.4926,21.8774,optimal,-1,66.359,0.0108,128.12,0.05,128.07,2.9917,Discharge,125.0783,63.3565,21.977,optimal,-1,64.6896,0.0105,109.662,0.002,109.66,2.9105,Discharge,106.7495,61.7685,21.9758,optimal,-1,66.359,0.0108,131.07,0.05,131.02,2.9917,Discharge,128.0283,63.3565,21.977,optimal,-1,27.5452,0.0045,44.458,0.0,44.458,1.1067,Discharge,43.3513,26.4341,21.9178,optimal,-1,0.0,0.0,0.0,0.0,0.0,-0.0,Idle,0.0,0.0,-1,optimal,-1,0.0,0.0,0.0,0.0,0.0,-0.0,Idle,0.0,0.0,-1,optimal,-1,49.6649,0.0081,84.582,0.028,84.554,2.1802,Discharge,82.3738,47.4766,21.9621,optimal,-1,15.0247,0.0024,28.09,0.0,28.09,0.5004,Discharge,27.5896,14.5218,21.8403,optimal,-1,79.7142,0.013,150.658,0.026,150.632,3.6408,Discharge,146.9912,76.0605,21.9844,optimal,-1,21.7023,0.0035,34.418,0.024,34.394,0.8238,Discharge,33.5702,20.875,21.8928,optimal,-1,18.7808,0.0031,34.684,0.002,34.682,0.6823,Discharge,33.9997,18.0955,21.8744,optimal,-1,28.7973,0.0047,60.958,0.024,60.934,1.1673,Discharge,59.7667,27.6253,21.9219,optimal,-1
47,1,47,883.94,879.4434,41.5473,0.0069,69.702,0.012,69.69,0.3601,Idle,69.3299,41.1803,21.9346,21.9346,optimal,-1,25.6616,0.0043,52.306,0.0,52.306,0.1379,Idle,52.1681,25.5194,21.9025,optimal,-1,27.6982,0.0046,36.27,0.0,36.27,0.1663,Idle,36.1037,27.5273,21.9084,optimal,-1,18.737,0.0031,25.718,0.0,25.718,0.0416,Idle,25.6764,18.6923,21.8728,optimal,-1,64.7649,0.0108,111.736,0.024,111.712,0.6873,Discharge,111.0247,64.0669,21.9554,optimal,-1,63.1356,0.0105,95.754,0.012,95.742,0.6643,Discharge,95.0777,62.4608,21.9544,optimal,-1,64.7649,0.0108,113.008,0.012,112.996,0.6873,Discharge,112.3087,64.0669,21.9554,optimal,-1,26.8835,0.0045,40.438,0.0,40.438,0.1549,Idle,40.2831,26.7241,21.9061,optimal,-1,0.0,0.0,0.0,0.0,0.0,-0.0,Idle,0.0,0.0,-1,optimal,-1,0.0,0.0,0.0,0.0,0.0,-0.0,Idle,0.0,0.0,-1,optimal,-1,48.4719,0.0081,67.312,0.012,67.3,0.4576,Idle,66.8424,48.0061,21.9429,optimal,-1,14.6638,0.0024,32.172,0.0,32.172,-0.0151,Idle,32.1871,14.6764,21.8424,optimal,-1,77.7994,0.013,124.354,0.012,124.342,0.871,Discharge,123.471,76.9154,21.9616,optimal,-1,21.181,0.0035,31.308,0.012,31.296,0.0756,Idle,31.2204,21.1019,21.8855,optimal,-1,18.3297,0.0031,34.356,0.0,34.356,0.0359,Idle,34.3201,18.2907,21.8704,optimal,-1,28.1055,0.0047,49.614,0.012,49.602,0.1719,Idle,49.4301,27.9289,21.9094,optimal,-1
48,1,48,787.042,848.6227,36.8778,0.0066,58.92,0.012,58.908,-4.7081,Charge,63.6161,41.5793,22.1654,22.1654,optimal,-1,22.7775,0.0041,44.31,0.012,44.298,-2.9894,Charge,47.2874,25.7628,22.1397,optimal,-1,24.5852,0.0044,33.924,0.024,33.9,-3.2099,Charge,37.1099,27.7907,22.1444,optimal,-1,16.6312,0.003,24.816,0.0,24.816,-2.2397,Charge,27.0557,18.868,22.1163,optimal,-1,57.486,0.0103,100.988,0.024,100.964,-7.2175,Charge,108.1815,64.6933,22.1823,optimal,-1,56.0398,0.01,84.666,0.024,84.642,-7.0414,Charge,91.6834,63.0712,22.1815,optimal,-1,57.486,0.0103,101.33,0.024,101.306,-7.2175,Charge,108.5235,64.6933,22.1823,optimal,-1,23.8621,0.0043,33.79,0.024,33.766,-3.1217,Charge,36.8877,26.9795,22.1426,optimal,-1,0.0,0.0,0.0,0.0,0.0,-0.0,Idle,0.0,0.0,-1,optimal,-1,0.0,0.0,0.0,0.0,0.0,-0.0,Idle,0.0,0.0,-1,optimal,-1,43.0241,0.0077,63.63,0.0,63.63,-5.4565,Charge,69.0865,48.4729,22.1721,optimal,-1,13.0157,0.0023,26.664,0.012,26.652,-1.7988,Charge,28.4508,14.8122,22.0922,optimal,-1,69.0556,0.0124,110.808,0.036,110.772,-8.6263,Charge,119.3983,77.6695,22.1874,optimal,-1,18.8005,0.0034,28.716,0.0,28.716,-2.5043,Charge,31.2203,21.3014,22.1263,optimal,-1,16.2696,0.0029,30.322,0.0,30.322,-2.1957,Charge,32.5177,18.4624,22.1144,optimal,-1,24.9468,0.0045,44.374,0.024,44.35,-3.254,Charge,47.604,28.1963,22.1452,optimal,-1
49,2,1,757.41,836.164,35.5609,0.0067,52.356,0.024,52.332,-6.0251,Charge,58.3571,41.5793,22.4607,22.4607,optimal,-1,21.9641,0.0041,48.196,0.002,48.194,-3.8029,Charge,51.9969,25.7628,22.4415,optimal,-1,23.7072,0.0044,28.882,0.012,28.87,-4.0879,Charge,32.9579,27.7907,22.445,optimal,-1,16.0372,0.003,27.882,0.0,27.882,-2.8337,Charge,30.7157,18.868,22.4243,optimal,-1,55.4331,0.0104,96.308,0.024,96.284,-9.2706,Charge,105.5546,64.6933,22.4738,optimal,-1,54.0385,0.0101,80.952,0.014,80.938,-9.0428,Charge,89.9808,63.0712,22.4732,optimal,-1,55.4331,0.0104,97.398,0.026,97.372,-9.2706,Charge,106.6426,64.6933,22.4738,optimal,-1,23.01,0.0043,31.294,0.0,31.294,-3.9739,Charge,35.2679,26.9795,22.4437,optimal,-1,0.0,0.0,0.0,0.0,0.0,-0.0,Idle,0.0,0.0,-1,optimal,-1,0.0,0.0,0.0,0.0,0.0,-0.0,Idle,0.0,0.0,-1,optimal,-1,41.4877,0.0078,60.638,0.036,60.602,-6.9931,Charge,67.5951,48.4729,22.4659,optimal,-1,12.5509,0.0024,24.054,0.0,24.054,-2.2636,Charge,26.3176,14.8122,22.4066,optimal,-1,66.5894,0.0125,110.748,0.014,110.734,-11.0926,Charge,121.8266,77.6695,22.4778,optimal,-1,18.1291,0.0034,24.534,0.012,24.522,-3.1758,Charge,27.6978,21.3014,22.4317,optimal,-1,15.6886,0.0029,27.29,0.012,27.278,-2.7767,Charge,30.0547,18.4624,22.4229,optimal,-1,24.0559,0.0045,47.054,0.0,47.054,-4.1449,Charge,51.1989,28.1963,22.4456,optimal,-1
50,2,2,684.528,671.3922,42.6077,0.0064,48.228,0.0,48.228,1.0221,Discharge,47.2059,41.5793,22.4106,22.4106,optimal,-1,26.3165,0.0039,40.704,0.0,40.704,0.5498,Discharge,40.1542,25.7628,22.3979,optimal,-1,28.4051,0.0042,25.814,0.0,25.814,0.6102,Discharge,25.2038,27.7907,22.4001,optimal,-1,19.2152,0.0029,27.162,0.0,27.162,0.3444,Idle,26.8176,18.868,22.3869,optimal,-1,66.4179,0.0099,86.834,0.0,86.834,1.7148,Discharge,85.1192,64.6933,22.4199,optimal,-1,64.747,0.0097,75.252,0.0,75.252,1.6661,Discharge,73.5859,63.0712,22.4195,optimal,-1,66.4179,0.0099,85.472,0.0,85.472,1.7148,Discharge,83.7572,64.6933,22.4199,optimal,-1,27.5697,0.0041,27.002,0.0,27.002,0.5861,Discharge,26.4159,26.9795,22.3993,optimal,-1,0.0,0.0,0.0,0.0,0.0,-0.0,Idle,0.0,0.0,-1,optimal,-1,0.0,0.0,0.0,0.0,0.0,-0.0,Idle,0.0,0.0,-1,optimal,-1,49.709,0.0074,58.036,0.0,58.036,1.2287,Discharge,56.8073,48.4729,22.4143,optimal,-1,15.038,0.0022,19.184,0.0,19.184,0.2236,Idle,18.9604,14.8122,22.3755,optimal,-1,79.7851,0.0119,101.366,0.0,101.366,2.1036,Discharge,99.2624,77.6695,22.4227,optimal,-1,21.7216,0.0032,23.018,0.0,23.018,0.4169,Idle,22.6011,21.3014,22.3916,optimal,-1,18.7975,0.0028,22.236,0.0,22.236,0.3323,Idle,21.9037,18.4624,22.386,optimal,-1,28.8229,0.0043,44.22,0.0,44.22,0.6223,Discharge,43.5977,28.1963,22.4005,optimal,-1
51,2,3,600.958,591.9072,42.2963,0.0061,40.82,0.012,40.808,0.7108,Discharge,40.0972,41.5793,22.3758,22.3758,optimal,-1,26.1242,0.0038,34.89,0.012,34.878,0.3576,Idle,34.5204,25.7628,22.3695,optimal,-1,28.1975,0.0041,27.08,0.014,27.066,0.4028,Idle,26.6632,27.7907,22.3705,optimal,-1,19.0748,0.0028,22.04,0.0,22.04,0.2041,Idle,21.8359,18.868,22.3647,optimal,-1,65.9324,0.0096,74.152,0.012,74.14,1.2242,Discharge,72.9158,64.6987,22.3814,optimal,-1,64.2738,0.0093,69.976,0.026,69.95,1.1885,Discharge,68.7615,63.076,22.3812,optimal,-1,65.9324,0.0096,73.182,0.012,73.17,1.2242,Discharge,71.9458,64.6987,22.3814,optimal,-1,27.3682,0.004,27.66,0.026,27.634,0.3847,Idle,27.2493,26.9795,22.3701,optimal,-1,0.0,0.0,0.0,0.0,0.0,-0.0,Idle,0.0,0.0,-1,optimal,-1,0.0,0.0,0.0,0.0,0.0,-0.0,Idle,0.0,0.0,-1,optimal,-1,49.3457,0.0072,48.838,0.0,48.838,0.8656,Discharge,47.9724,48.4729,22.3779,optimal,-1,14.9281,0.0022,15.454,0.012,15.442,0.1138,Idle,15.3282,14.8122,22.3597,optimal,-1,79.2018,0.0115,91.706,0.026,91.68,1.5096,Discharge,90.1704,77.6807,22.3832,optimal,-1,21.5628,0.0031,21.506,0.0,21.506,0.2583,Idle,21.2477,21.3014,22.3668,optimal,-1,18.6601,0.0027,16.42,0.012,16.408,0.195,Idle,16.213,18.4624,22.3643,optimal,-1,28.6122,0.0041,37.398,0.0,37.398,0.4118,Idle,36.9862,28.1963,22.3707,optimal,-1
52,2,4,559.808,686.5299,32.0493,0.0061,39.656,0.012,39.644,-9.706,Charge,49.35,41.7492,22.8515,22.8515,optimal,-1,19.7951,0.0038,29.358,0.0,29.358,-6.0648,Charge,35.4228,25.8562,22.8508,optimal,-1,21.3662,0.0041,24.572,0.012,24.56,-6.5317,Charge,31.0917,27.8938,22.8508,optimal,-1,14.4536,0.0028,22.184,0.0,22.184,-4.4772,Charge,26.6612,18.928,22.8513,optimal,-1,49.9591,0.0095,68.99,0.024,68.966,-15.0255,Charge,83.9915,64.9751,22.8539,optimal,-1,48.7023,0.0093,65.436,0.024,65.412,-14.6522,Charge,80.0642,63.3452,22.8538,optimal,-1,49.9591,0.0095,67.676,0.012,67.664,-15.0255,Charge,82.6895,64.9751,22.8539,optimal,-1,20.7378,0.004,22.68,0.012,22.668,-6.345,Charge,29.013,27.0788,22.8508,optimal,-1,0.0,0.0,0.0,0.0,0.0,-0.0,Idle,0.0,0.0,-1,optimal,-1,0.0,0.0,0.0,0.0,0.0,-0.0,Idle,0.0,0.0,-1,optimal,-1,37.3908,0.0071,50.198,0.012,50.186,-11.2926,Charge,61.4786,48.6763,22.8524,optimal,-1,11.3115,0.0022,13.642,0.0,13.642,-3.5433,Charge,17.1853,14.8527,22.8519,optimal,-1,60.0138,0.0114,83.876,0.024,83.852,-18.0117,Charge,101.8637,78.0141,22.8547,optimal,-1,16.3388,0.0031,21.23,0.012,21.218,-5.0375,Charge,26.2555,21.3733,22.8511,optimal,-1,14.1394,0.0027,16.166,0.0,16.166,-4.3838,Charge,20.5498,18.5205,22.8514,optimal,-1,21.6804,0.0041,34.3,0.012,34.288,-6.6251,Charge,40.9131,28.3014,22.8507,optimal,-1
53,2,5,585.64,778.0691,27.0101,0.0061,38.952,0.036,38.916,-14.7452,Charge,53.6612,41.7492,23.5743,23.5743,optimal,-1,16.6827,0.0038,30.658,0.012,30.646,-9.1772,Charge,39.8232,25.8562,23.5792,optimal,-1,18.0067,0.0041,27.422,0.002,27.42,-9.8912,Charge,37.3112,27.8938,23.578,optimal,-1,12.181,0.0028,25.06,0.012,25.048,-6.7498,Charge,31.7978,18.928,23.585,optimal,-1,42.104,0.0096,70.074,0.048,70.026,-22.8807,Charge,92.9067,64.9751,23.5734,optimal,-1,41.0447,0.0093,70.952,0.014,70.938,-22.3098,Charge,93.2478,63.3452,23.5735,optimal,-1,42.104,0.0096,68.436,0.048,68.388,-22.8807,Charge,91.2687,64.9751,23.5734,optimal,-1,17.4771,0.004,23.756,0.002,23.754,-9.6056,Charge,33.3596,27.0788,23.5785,optimal,-1,0.0,0.0,0.0,0.0,0.0,-0.0,Idle,0.0,0.0,-1,optimal,-1,0.0,0.0,0.0,0.0,0.0,-0.0,Idle,0.0,0.0,-1,optimal,-1,31.5118,0.0071,55.06,0.012,55.048,-17.1716,Charge,72.2196,48.6763,23.5739,optimal,-1,9.533,0.0022,13.692,0.0,13.692,-5.3219,Charge,19.0139,14.8527,23.591,optimal,-1,50.5777,0.0115,90.944,0.062,90.882,-27.4479,Charge,118.3299,78.0141,23.5732,optimal,-1,13.7698,0.0031,21.168,0.0,21.168,-7.6065,Charge,28.7745,21.3733,23.5825,optimal,-1,11.9162,0.0027,15.25,0.0,15.25,-6.607,Charge,21.857,18.5205,23.5855,optimal,-1,18.2715,0.0041,34.512,0.048,34.464,-10.034,Charge,44.498,28.3014,23.5778,optimal,-1
54,2,6,558.49,819.6517,21.7388,0.006,38.04,0.0,38.04,-20.0164,Charge,58.0564,41.7492,24.5555,24.5555,optimal,-1,13.4269,0.0037,28.226,0.0,28.226,-12.433,Charge,40.659,25.8562,24.5659,optimal,-1,14.4925,0.004,25.598,0.012,25.586,-13.4053,Charge,38.9913,27.8938,24.5637,optimal,-1,9.8038,0.0027,24.476,0.038,24.438,-9.127,Charge,33.565,18.928,24.5771,optimal,-1,33.8869,0.0094,66.086,0.0,66.086,-31.0976,Charge,97.1836,64.9751,24.5514,optimal,-1,33.0344,0.0092,68.11,0.05,68.06,-30.32,Charge,98.38,63.3452,24.5515,optimal,-1,33.8869,0.0094,65.48,0.0,65.48,-31.0976,Charge,96.5776,64.9751,24.5514,optimal,-1,14.0663,0.0039,20.86,0.012,20.848,-13.0164,Charge,33.8644,27.0788,24.5646,optimal,-1,0.0,0.0,0.0,0.0,0.0,-0.0,Idle,0.0,0.0,-1,optimal,-1,0.0,0.0,0.0,0.0,0.0,-0.0,Idle,0.0,0.0,-1,optimal,-1,25.3619,0.007,54.102,0.038,54.064,-23.3214,Charge,77.3854,48.6763,24.5538,optimal,-1,7.6725,0.0021,13.454,0.0,13.454,-7.1823,Charge,20.6363,14.8527,24.5885,optimal,-1,40.7069,0.0113,86.146,0.038,86.108,-37.3185,Charge,123.4265,78.0141,24.5502,optimal,-1,11.0825,0.0031,19.758,0.012,19.746,-10.2938,Charge,30.0398,21.3733,24.5723,optimal,-1,9.5906,0.0027,15.472,0.0,15.472,-8.9325,Charge,24.4045,18.5205,24.578,optimal,-1,14.7056,0.0041,32.882,0.0,32.882,-13.5998,Charge,46.4818,28.3014,24.5633,optimal,-1
55,2,7,575.054,864.8054,19.5463,0.0061,37.696,0.0,37.696,-22.209,Charge,59.905,41.7492,25.6442,25.6442,optimal,-1,12.0727,0.0038,31.97,0.0,31.97,-13.7872,Charge,45.7572,25.8562,25.6602,optimal,-1,13.0309,0.0041,27.346,0.0,27.346,-14.8671,Charge,42.2131,27.8938,25.6569,optimal,-1,8.815,0.0028,23.824,0.0,23.824,-10.1158,Charge,33.9398,18.928,25.6766,optimal,-1,30.4692,0.0096,67.014,0.0,67.014,-34.5155,Charge,101.5295,64.9751,25.6368,optimal,-1,29.7027,0.0093,70.578,0.0,70.578,-33.6519,Charge,104.2299,63.3452,25.6371,optimal,-1,30.4692,0.0096,67.714,0.0,67.714,-34.5155,Charge,102.2295,64.9751,25.6368,optimal,-1,12.6476,0.004,24.9,0.0,24.9,-14.4351,Charge,39.3351,27.0788,25.6581,optimal,-1,0.0,0.0,0.0,0.0,0.0,-0.0,Idle,0.0,0.0,-1,optimal,-1,0.0,0.0,0.0,0.0,0.0,-0.0,Idle,0.0,0.0,-1,optimal,-1,22.804,0.0072,51.774,0.0,51.774,-25.8794,Charge,77.6534,48.6763,25.6412,optimal,-1,6.8987,0.0022,13.508,0.0,13.508,-7.9562,Charge,21.4642,14.8527,25.6936,optimal,-1,36.6014,0.0115,89.726,0.0,89.726,-41.4242,Charge,131.1502,78.0141,25.6346,optimal,-1,9.9648,0.0031,19.93,0.0,19.93,-11.4116,Charge,31.3416,21.3733,25.6696,optimal,-1,8.6234,0.0027,15.542,0.0,15.542,-9.8998,Charge,25.4418,18.5205,25.678,optimal,-1,13.2225,0.0042,33.532,0.0,33.532,-15.083,Charge,48.615,28.3014,25.6563,optimal,-1
56,2,8,567.972,865.6814,18.936,0.0062,38.332,0.012,38.32,-22.8193,Charge,61.1393,41.7492,26.7628,26.7628,optimal,-1,11.6958,0.0038,36.668,0.0,36.668,-14.1642,Charge,50.8322,25.8562,26.7843,optimal,-1,12.624,0.0041,23.664,0.0,23.664,-15.274,Charge,38.938,27.8938,26.78,optimal,-1,8.5398,0.0028,19.226,0.0,19.226,-10.3911,Charge,29.6171,18.928,26.8061,optimal,-1,29.5179,0.0096,71.496,0.012,71.484,-35.4668,Charge,106.9508,64.9751,26.7521,optimal,-1,28.7753,0.0094,63.402,0.0,63.402,-34.5793,Charge,97.9813,63.3452,26.7525,optimal,-1,29.5179,0.0096,73.64,0.012,73.628,-35.4668,Charge,109.0948,64.9751,26.7521,optimal,-1,12.2527,0.004,21.546,0.0,21.546,-14.8301,Charge,36.3761,27.0788,26.7816,optimal,-1,0.0,0.0,0.0,0.0,0.0,-0.0,Idle,0.0,0.0,-1,optimal,-1,0.0,0.0,0.0,0.0,0.0,-0.0,Idle,0.0,0.0,-1,optimal,-1,22.092,0.0072,46.51,0.0,46.51,-26.5915,Charge,73.1015,48.6763,26.7585,optimal,-1,6.6833,0.0022,13.812,0.0,13.812,-8.1716,Charge,21.9836,14.8527,26.8285,optimal,-1,35.4586,0.0115,87.686,0.012,87.674,-42.5671,Charge,130.2411,78.0141,26.7489,optimal,-1,9.6536,0.0031,19.738,0.0,19.738,-11.7228,Charge,31.4608,21.3733,26.7968,optimal,-1,8.3541,0.0027,14.9,0.0,14.9,-10.1691,Charge,25.0691,18.5205,26.8079,optimal,-1,12.8096,0.0042,37.412,0.012,37.4,-15.4959,Charge,52.8959,28.3014,26.7792,optimal,-1
57,2,9,571.208,868.9174,18.936,0.0062,39.672,0.012,39.66,-22.8193,Charge,62.4793,41.7492,27.8814,27.8814,optimal,-1,11.6958,0.0038,34.07,0.0,34.07,-14.1642,Charge,48.2342,25.8562,27.9085,optimal,-1,12.624,0.0041,25.228,0.0,25.228,-15.274,Charge,40.502,27.8938,27.9031,optimal,-1,8.5398,0.0028,18.162,0.012,18.15,-10.3911,Charge,28.5411,18.928,27.9356,optimal,-1,29.5179,0.0096,72.594,0.012,72.582,-35.4668,Charge,108.0488,64.9751,27.8674,optimal,-1,28.7753,0.0094,64.714,0.012,64.702,-34.5793,Charge,99.2813,63.3452,27.868,optimal,-1,29.5179,0.0096,71.856,0.012,71.844,-35.4668,Charge,107.3108,64.9751,27.8674,optimal,-1,12.2527,0.004,22.432,0.0,22.432,-14.8301,Charge,37.2621,27.0788,27.9051,optimal,-1,0.0,0.0,0.0,0.0,0.0,-0.0,Idle,0.0,0.0,-1,optimal,-1,0.0,0.0,0.0,0.0,0.0,-0.0,Idle,0.0,0.0,-1,optimal,-1,22.092,0.0072,49.036,0.024,49.012,-26.5915,Charge,75.6035,48.6763,27.8758,optimal,-1,6.6833,0.0022,14.488,0.0,14.488,-8.1716,Charge,22.6596,14.8527,27.9634,optimal,-1,35.4586,0.0115,85.236,0.012,85.224,-42.5671,Charge,127.7911,78.0141,27.8632,optimal,-1,9.6536,0.0031,21.774,0.0,21.774,-11.7228,Charge,33.4968,21.3733,27.924,optimal,-1,8.3541,0.0027,14.992,0.012,14.98,-10.1691,Charge,25.1491,18.5205,27.9378,optimal,-1,12.8096,0.0042,37.062,0.0,37.062,-15.4959,Charge,52.5579,28.3014,27.9021,optimal,-1
58,2,10,559.776,862.3135,18.5658,0.0063,37.782,0.024,37.758,-23.1896,Charge,60.9476,41.7492,29.0182,29.0182,optimal,-1,11.4671,0.0039,35.112,0.024,35.088,-14.3929,Charge,49.4809,25.8562,29.0508,optimal,-1,12.3772,0.0042,23.55,0.012,23.538,-15.5208,Charge,39.0588,27.8938,29.0443,optimal,-1,8.3728,0.0028,18.036,0.026,18.01,-10.558,Charge,28.568,18.928,29.0832,optimal,-1,28.9408,0.0098,72.374,0.06,72.314,-36.044,Charge,108.358,64.9751,29.0008,optimal,-1,28.2128,0.0095,62.082,0.05,62.032,-35.142,Charge,97.174,63.3452,29.0016,optimal,-1,28.9408,0.0098,71.574,0.048,71.526,-36.044,Charge,107.57,64.9751,29.0008,optimal,-1,12.0132,0.0041,21.66,0.0,21.66,-15.0696,Charge,36.7296,27.0788,29.0468,optimal,-1,0.0,0.0,0.0,0.0,0.0,-0.0,Idle,0.0,0.0,-1,optimal,-1,0.0,0.0,0.0,0.0,0.0,-0.0,Idle,0.0,0.0,-1,optimal,-1,21.6601,0.0073,45.65,0.05,45.6,-27.0234,Charge,72.6234,48.6763,29.0112,optimal,-1,6.5526,0.0022,13.564,0.024,13.54,-8.3022,Charge,21.8422,14.8527,29.1165,optimal,-1,34.7654,0.0117,85.87,0.038,85.832,-43.2604,Charge,129.0924,78.0141,28.9957,optimal,-1,9.4649,0.0032,19.594,0.036,19.558,-11.9115,Charge,31.4695,21.3733,29.0693,optimal,-1,8.1908,0.0028,15.184,0.012,15.172,-10.3325,Charge,25.5045,18.5205,29.0858,optimal,-1,12.5592,0.0042,38.184,0.036,38.148,-15.7464,Charge,53.8944,28.3014,29.0431,optimal,-1
59,2,11,559.69,852.4047,19.3192,0.0063,39.956,0.024,39.932,-22.4363,Charge,62.3683,41.7492,30.118,30.118,optimal,-1,11.9324,0.0039,34.44,0.0,34.44,-13.9276,Charge,48.3676,25.8562,30.1561,optimal,-1,12.8794,0.0042,23.896,0.002,23.894,-15.0186,Charge,38.9126,27.8938,30.1486,optimal,-1,8.7126,0.0028,18.132,0.014,18.118,-10.2183,Charge,28.3363,18.928,30.1939,optimal,-1,30.1152,0.0098,71.708,0.036,71.672,-34.8697,Charge,106.5417,64.9751,30.0974,optimal,-1,29.3576,0.0095,60.62,0.028,60.592,-33.9972,Charge,94.5892,63.3452,30.0983,optimal,-1,30.1152,0.0098,72.666,0.024,72.642,-34.8697,Charge,107.5117,64.9751,30.0974,optimal,-1,12.5006,0.0041,22.106,0.002,22.104,-14.5822,Charge,36.6862,27.0788,30.1515,optimal,-1,0.0,0.0,0.0,0.0,0.0,-0.0,Idle,0.0,0.0,-1,optimal,-1,0.0,0.0,0.0,0.0,0.0,-0.0,Idle,0.0,0.0,-1,optimal,-1,22.539,0.0073,44.79,0.038,44.752,-26.1446,Charge,70.8966,48.6763,30.1097,optimal,-1,6.8185,0.0022,14.932,0.012,14.92,-8.0364,Charge,22.9564,14.8527,30.2327,optimal,-1,36.1761,0.0118,84.784,0.016,84.768,-41.8498,Charge,126.6178,78.0141,30.0912,optimal,-1,9.849,0.0032,18.274,0.024,18.25,-11.5275,Charge,29.7775,21.3733,30.1777,optimal,-1,8.5232,0.0028,16.912,0.0,16.912,-10.0001,Charge,26.9121,18.5205,30.197,optimal,-1,13.0688,0.0042,36.706,0.012,36.694,-15.2368,Charge,51.9308,28.3014,30.1472,optimal,-1
60,2,12,587.296,851.0157,21.5427,0.0061,45.702,0.024,45.678,-20.2126,Charge,65.8906,41.7492,31.1088,31.1088,optimal,-1,13.3058,0.0038,35.2,0.012,35.188,-12.5542,Charge,47.7422,25.8562,31.1525,optimal,-1,14.3618,0.0041,23.406,0.012,23.394,-13.5361,Charge,36.9301,27.8938,31.1439,optimal,-1,9.7153,0.0028,17.992,0.0,17.992,-9.2155,Charge,27.2075,18.928,31.1955,optimal,-1,33.5812,0.0095,76.31,0.036,76.274,-31.4034,Charge,107.6774,64.9751,31.0849,optimal,-1,32.7364,0.0093,60.39,0.012,60.378,-30.6181,Charge,90.9961,63.3452,31.086,optimal,-1,33.5812,0.0095,78.984,0.036,78.948,-31.4034,Charge,110.3514,64.9751,31.0849,optimal,-1,13.9394,0.004,22.446,0.012,22.434,-13.1433,Charge,35.5773,27.0788,31.1472,optimal,-1,0.0,0.0,0.0,0.0,0.0,-0.0,Idle,0.0,0.0,-1,optimal,-1,0.0,0.0,0.0,0.0,0.0,-0.0,Idle,0.0,0.0,-1,optimal,-1,25.1331,0.0071,44.982,0.012,44.97,-23.5503,Charge,68.5203,48.6763,31.0992,optimal,-1,7.6033,0.0022,16.04,0.0,16.04,-7.2515,Charge,23.2915,14.8527,31.2399,optimal,-1,40.3397,0.0115,88.014,0.036,87.978,-37.6859,Charge,125.6639,78.0141,31.0778,optimal,-1,10.9825,0.0031,18.02,0.012,18.008,-10.3938,Charge,28.4018,21.3733,31.1771,optimal,-1,9.5041,0.0027,18.652,0.0,18.652,-9.0191,Charge,27.6711,18.5205,31.1991,optimal,-1,14.573,0.0041,41.386,0.024,41.362,-13.7325,Charge,55.0945,28.3014,31.1424,optimal,-1
61,2,13,595.704,774.9356,28.1288,0.1127,49.374,0.602,48.772,-13.7331,Charge,62.5051,41.7492,31.782,31.782,optimal,-1,17.3737,0.0696,32.31,0.862,31.448,-8.5521,Charge,40.0001,25.8562,31.8312,optimal,-1,18.7525,0.0751,25.786,0.314,25.472,-9.2164,Charge,34.6884,27.8938,31.8216,optimal,-1,12.6855,0.0508,18.34,0.228,18.112,-6.2933,Charge,24.4053,18.928,31.8796,optimal,-1,43.8479,0.1757,78.36,1.09,77.27,-21.3029,Charge,98.5729,64.9751,31.7548,optimal,-1,42.7448,0.1713,61.638,1.112,60.526,-20.7717,Charge,81.2977,63.3452,31.756,optimal,-1,43.8479,0.1757,80.178,1.094,79.084,-21.3029,Charge,100.3869,64.9751,31.7548,optimal,-1,18.201,0.0729,26.39,0.704,25.686,-8.9507,Charge,34.6367,27.0788,31.8253,optimal,-1,0.0,0.0,0.0,0.0,0.0,-0.0,Idle,0.0,0.0,-1,optimal,-1,0.0,0.0,0.0,0.0,0.0,-0.0,Idle,0.0,0.0,-1,optimal,-1,32.817,0.1315,48.826,0.63,48.196,-15.9908,Charge,64.1868,48.6763,31.7711,optimal,-1,9.9278,0.0398,15.838,0.152,15.686,-4.9646,Charge,20.6506,14.8527,31.9294,optimal,-1,52.6726,0.2111,88.476,1.494,86.982,-25.5526,Charge,112.5346,78.0141,31.7467,optimal,-1,14.3402,0.0575,20.408,0.332,20.076,-7.0905,Charge,27.1665,21.3733,31.8589,optimal,-1,12.4098,0.0497,21.524,0.254,21.27,-6.1605,Charge,27.4305,18.5205,31.8836,optimal,-1,19.0283,0.0762,37.462,0.338,37.124,-9.3493,Charge,46.4733,28.3014,31.8198,optimal,-1
62,2,14,597.454,714.8077,34.4054,1.6438,52.26,4.052,48.208,-8.9875,Charge,57.1955,41.7492,32.2225,32.2225,optimal,-1,21.2504,1.0153,32.972,5.214,27.758,-5.621,Charge,33.379,25.8562,32.2773,optimal,-1,22.937,1.0959,31.912,2.988,28.924,-6.0528,Charge,34.9768,27.8938,32.2666,optimal,-1,15.5162,0.7413,20.882,1.808,19.074,-4.1532,Charge,23.2272,18.928,32.331,optimal,-1,53.632,2.5624,82.778,7.18,75.598,-13.9055,Charge,89.5035,64.9751,32.1921,optimal,-1,52.2828,2.498,72.906,8.14,64.766,-13.5604,Charge,78.3264,63.3452,32.1935,optimal,-1,53.632,2.5624,83.358,7.224,76.134,-13.9055,Charge,90.0395,64.9751,32.1921,optimal,-1,22.2623,1.0636,30.97,4.898,26.072,-5.8801,Charge,31.9521,27.0788,32.2707,optimal,-1,0.0,0.0,0.0,0.0,0.0,-0.0,Idle,0.0,0.0,-1,optimal,-1,0.0,0.0,0.0,0.0,0.0,-0.0,Idle,0.0,0.0,-1,optimal,-1,40.1397,1.9178,54.642,4.462,50.18,-10.4544,Charge,60.6344,48.6763,32.2104,optimal,-1,12.1431,0.5802,18.696,1.37,17.326,-3.2897,Charge,20.6157,14.8527,32.3863,optimal,-1,64.4259,3.0781,95.842,10.348,85.494,-16.6664,Charge,102.1604,78.0141,32.183,optimal,-1,17.54,0.838,24.126,2.074,22.052,-4.6713,Charge,26.7233,21.3733,32.3081,optimal,-1,15.1789,0.7252,22.886,2.01,20.876,-4.0668,Charge,24.9428,18.5205,32.3354,optimal,-1,23.2743,1.112,37.664,2.672,34.992,-6.1391,Charge,41.1311,28.3014,32.2647,optimal,-1
63,2,15,513.146,397.6501,34.3016,4.6974,55.674,11.47,44.204,8.8546,Discharge,35.3494,20.7496,31.7885,31.7885,optimal,-1,21.1863,2.9013,33.006,12.498,20.508,5.4819,Discharge,15.0261,12.8031,31.8423,optimal,-1,22.8677,3.1316,31.448,8.79,22.658,5.9142,Discharge,16.7438,13.8219,31.8318,optimal,-1,15.4694,2.1184,24.364,4.766,19.598,4.0119,Discharge,15.5861,9.339,31.8949,optimal,-1,53.4702,7.3224,86.052,19.952,66.1,13.7852,Discharge,52.3148,32.3625,31.7586,optimal,-1,52.125,7.1382,75.81,22.164,53.646,13.4392,Discharge,40.2068,31.5476,31.76,optimal,-1,53.4702,7.3224,85.234,19.642,65.592,13.7852,Discharge,51.8068,32.3625,31.7586,optimal,-1,22.1952,3.0395,29.548,12.762,16.786,5.7413,Discharge,11.0447,13.4144,31.8358,optimal,-1,0.0,0.0,0.0,0.0,0.0,-0.0,Idle,0.0,0.0,-1,optimal,-1,0.0,0.0,0.0,0.0,0.0,-0.0,Idle,0.0,0.0,-1,optimal,-1,40.0185,5.4803,58.498,12.764,45.734,10.3251,Discharge,35.4089,24.2131,31.7765,optimal,-1,12.1064,1.6579,19.19,4.682,14.508,3.1472,Discharge,11.3608,7.3013,31.9492,optimal,-1,64.2314,8.7961,100.458,26.946,73.512,16.5533,Discharge,56.9587,38.8821,31.7496,optimal,-1,17.4871,2.3948,24.672,6.192,18.48,4.5307,Discharge,13.9493,10.5616,31.8724,optimal,-1,15.1331,2.0724,24.13,5.426,18.704,3.9254,Discharge,14.7786,9.1352,31.8993,optimal,-1,23.204,3.1777,41.034,7.918,33.116,6.0007,Discharge,27.1153,14.0257,31.8299,optimal,-1
64,2,16,428.29,364.1808,34.3284,8.6651,58.14,21.582,36.558,4.9137,Discharge,31.6443,20.7496,31.5476,31.5476,optimal,-1,21.2028,5.352,31.636,20.616,11.02,3.0478,Discharge,7.9722,12.8031,31.6004,optimal,-1,22.8856,5.7768,38.54,15.126,23.414,3.2869,Discharge,20.1271,13.8219,31.5901,optimal,-1,15.4814,3.9078,28.338,9.686,18.652,2.2346,Discharge,16.4174,9.339,31.6521,optimal,-1,53.5119,13.5074,89.062,35.578,53.484,7.642,Discharge,45.842,32.3625,31.5183,optimal,-1,52.1657,13.1676,86.93,39.644,47.286,7.4505,Discharge,39.8355,31.5476,31.5196,optimal,-1,53.5119,13.5074,86.324,35.41,50.914,7.642,Discharge,43.272,32.3625,31.5183,optimal,-1,22.2125,5.6069,37.652,21.202,16.45,3.1913,Discharge,13.2587,13.4144,31.594,optimal,-1,0.0,0.0,0.0,0.0,0.0,-0.0,Idle,0.0,0.0,-1,optimal,-1,0.0,0.0,0.0,0.0,0.0,-0.0,Idle,0.0,0.0,-1,optimal,-1,40.0498,10.1093,65.078,24.024,41.054,5.7274,Discharge,35.3266,24.2131,31.5359,optimal,-1,12.1159,3.0583,19.848,8.42,11.428,1.7563,Discharge,9.6717,7.3013,31.7053,optimal,-1,64.2816,16.2259,109.232,48.392,60.84,9.1737,Discharge,51.6663,38.8821,31.5095,optimal,-1,17.5008,4.4175,25.466,10.702,14.764,2.5216,Discharge,12.2424,10.5616,31.63,optimal,-1,15.1449,3.8229,27.022,9.558,17.464,2.1868,Discharge,15.2772,9.1352,31.6563,optimal,-1,23.2222,5.8617,39.83,14.868,24.962,3.3348,Discharge,21.6272,14.0257,31.5882,optimal,-1
65,2,17,380.052,356.9643,34.8919,12.3746,64.788,31.906,32.882,1.7677,Discharge,31.1143,20.7496,31.461,31.461,optimal,-1,21.5509,7.6432,41.278,26.936,14.342,1.1046,Discharge,13.2374,12.8031,31.5127,optimal,-1,23.2613,8.2498,36.936,20.692,16.244,1.1896,Discharge,15.0544,13.8219,31.5026,optimal,-1,15.7356,5.5807,32.07,14.48,17.59,0.8158,Discharge,16.7742,9.339,31.5634,optimal,-1,54.3903,19.2899,102.332,50.804,51.528,2.7379,Discharge,48.7901,32.3625,31.4322,optimal,-1,53.022,18.8046,90.23,54.98,35.25,2.6698,Discharge,32.5802,31.5476,31.4335,optimal,-1,54.3903,19.2899,102.71,50.604,52.106,2.7379,Discharge,49.3681,32.3625,31.4322,optimal,-1,22.5771,8.0071,35.892,28.122,7.77,1.1556,Discharge,6.6144,13.4144,31.5065,optimal,-1,0.0,0.0,0.0,0.0,0.0,-0.0,Idle,0.0,0.0,-1,optimal,-1,0.0,0.0,0.0,0.0,0.0,-0.0,Idle,0.0,0.0,-1,optimal,-1,40.7072,14.4371,69.746,35.01,34.736,2.057,Discharge,32.679,24.2131,31.4495,optimal,-1,12.3148,4.3675,23.276,11.67,11.606,0.6459,Discharge,10.9601,7.3013,31.6155,optimal,-1,65.3368,23.1721,120.292,66.94,53.352,3.2826,Discharge,50.0694,38.8821,31.4236,optimal,-1,17.788,6.3086,26.332,15.63,10.702,0.9178,Discharge,9.7842,10.5616,31.5417,optimal,-1,15.3935,5.4594,29.888,13.26,16.628,0.7988,Discharge,15.8292,9.1352,31.5675,optimal,-1,23.6034,8.3711,47.784,22.468,25.316,1.2066,Discharge,24.1094,14.0257,31.5008,optimal,-1
66,2,18,255.708,301.8757,35.6427,18.4367,67.456,42.654,24.802,-3.5436,Charge,28.3456,20.7496,31.6347,31.6347,optimal,-1,22.0146,11.3874,38.72,35.004,3.716,-2.1759,Charge,5.8919,12.8031,31.6854,optimal,-1,23.7618,12.2911,45.098,28.766,16.332,-2.3513,Charge,18.6833,13.8219,31.6755,optimal,-1,16.0741,8.3146,32.48,19.45,13.03,-1.5795,Charge,14.6095,9.339,31.7351,optimal,-1,55.5606,28.7396,100.662,68.696,31.966,-5.5415,Charge,37.5075,32.3625,31.6064,optimal,-1,54.1629,28.0166,97.178,74.024,23.154,-5.4013,Charge,28.5553,31.5476,31.6077,optimal,-1,55.5606,28.7396,102.764,67.75,35.014,-5.5415,Charge,40.5555,32.3625,31.6064,optimal,-1,23.0629,11.9296,40.62,36.442,4.178,-2.2811,Charge,6.4591,13.4144,31.6793,optimal,-1,0.0,0.0,0.0,0.0,0.0,-0.0,Idle,0.0,0.0,-1,optimal,-1,0.0,0.0,0.0,0.0,0.0,-0.0,Idle,0.0,0.0,-1,optimal,-1,41.5831,21.5095,73.978,48.304,25.674,-4.1395,Charge,29.8135,24.2131,31.6234,optimal,-1,12.5798,6.5071,24.782,15.298,9.484,-1.2286,Charge,10.7126,7.3013,31.7862,optimal,-1,66.7426,34.5237,125.76,89.978,35.782,-6.6631,Charge,42.4451,38.8821,31.598,optimal,-1,18.1708,9.3991,25.794,21.646,4.148,-1.79,Charge,5.938,10.5616,31.7138,optimal,-1,15.7247,8.1338,30.818,17.242,13.576,-1.5444,Charge,15.1204,9.1352,31.7391,optimal,-1,24.1112,12.4719,45.24,30.388,14.852,-2.3864,Charge,17.2384,14.0257,31.6737,optimal,-1
67,2,19,99.066,200.441,37.2822,24.3102,70.248,56.946,13.302,-7.7776,Charge,21.0796,20.7496,32.0159,32.0159,optimal,-1,23.0272,15.0151,43.49,45.764,-2.274,-4.791,Charge,2.517,12.8031,32.0656,optimal,-1,24.8548,16.2068,40.396,37.346,3.05,-5.1739,Charge,8.2239,13.8219,32.0559,optimal,-1,16.8135,10.9634,36.638,27.012,9.626,-3.4889,Charge,13.1149,9.339,32.1143,optimal,-1,58.1163,37.8953,108.734,90.48,18.254,-12.1415,Charge,30.3955,32.3625,31.9882,optimal,-1,56.6543,36.9419,97.644,98.456,-0.812,-11.8352,Charge,11.0232,31.5476,31.9895,optimal,-1,58.1163,37.8953,110.692,90.518,20.174,-12.1415,Charge,32.3155,32.3625,31.9882,optimal,-1,24.1238,15.7301,35.602,45.946,-10.344,-5.0207,Charge,-5.3233,13.4144,32.0596,optimal,-1,0.0,0.0,0.0,0.0,0.0,-0.0,Idle,0.0,0.0,-1,optimal,-1,0.0,0.0,0.0,0.0,0.0,-0.0,Idle,0.0,0.0,-1,optimal,-1,43.4959,28.3619,83.526,66.164,17.362,-9.0791,Charge,26.4411,24.2131,32.0049,optimal,-1,13.1584,8.5801,22.362,20.086,2.276,-2.723,Charge,4.999,7.3013,32.1644,optimal,-1,69.8127,45.522,129.132,118.964,10.168,-14.5913,Charge,24.7593,38.8821,31.98,optimal,-1,19.0066,12.3934,31.496,29.45,2.046,-3.9484,Charge,5.9944,10.5616,32.0935,optimal,-1,16.448,10.7251,31.544,23.666,7.878,-3.4123,Charge,11.2903,9.1352,32.1183,optimal,-1,25.2203,16.4451,47.35,38.99,8.36,-5.2505,Charge,13.6105,14.0257,32.0542,optimal,-1
68,2,20,10.152,220.6565,37.6191,33.0164,79.892,70.44,9.452,-16.1469,Charge,25.5989,20.7496,32.8075,32.8075,optimal,-1,23.2353,20.3925,47.776,56.928,-9.152,-9.9602,Charge,0.8082,12.8031,32.8561,optimal,-1,25.0794,22.0109,48.78,46.428,2.352,-10.7535,Charge,13.1055,13.8219,32.8466,optimal,-1,16.9655,14.8897,33.15,33.426,-0.276,-7.2633,Charge,6.9873,9.339,32.9038,optimal,-1,58.6415,51.4667,124.618,114.19,10.428,-25.1878,Charge,35.6158,32.3625,32.7803,optimal,-1,57.1662,50.172,108.882,120.376,-11.494,-24.5533,Charge,13.0593,31.5476,32.7816,optimal,-1,58.6415,51.4667,124.666,114.21,10.456,-25.1878,Charge,35.6438,32.3625,32.7803,optimal,-1,24.3417,21.3635,44.246,55.342,-11.096,-10.4362,Charge,-0.6598,13.4144,32.8503,optimal,-1,0.0,0.0,0.0,0.0,0.0,-0.0,Idle,0.0,0.0,-1,optimal,-1,0.0,0.0,0.0,0.0,0.0,-0.0,Idle,0.0,0.0,-1,optimal,-1,43.8889,38.5191,89.458,82.454,7.004,-18.8433,Charge,25.8473,24.2131,32.7966,optimal,-1,13.2773,11.6528,25.716,24.178,1.538,-5.6769,Charge,7.2149,7.3013,32.9528,optimal,-1,70.4435,61.8248,141.142,148.804,-7.662,-30.2633,Charge,22.6013,38.8821,32.7722,optimal,-1,19.1783,16.8319,32.25,36.076,-3.826,-8.2152,Charge,4.3892,10.5616,32.8834,optimal,-1,16.5966,14.5661,42.012,29.146,12.866,-7.1047,Charge,19.9707,9.1352,32.9077,optimal,-1,25.4482,22.3346,50.512,50.95,-0.438,-10.9121,Charge,10.4741,14.0257,32.8449,optimal,-1
69,2,21,181.118,420.8318,39.3154,36.9528,111.054,77.928,33.126,-18.387,Charge,51.513,20.7496,33.7088,33.7088,optimal,-1,24.283,22.8238,53.336,57.192,-3.856,-11.3438,Charge,7.4878,12.8031,33.7564,optimal,-1,26.2103,24.6352,54.148,47.598,6.55,-12.2469,Charge,18.7969,13.8219,33.7471,optimal,-1,17.7305,16.665,34.042,34.454,-0.412,-8.2735,Charge,7.8615,9.339,33.8031,optimal,-1,61.2858,57.6029,166.258,123.926,42.332,-28.6797,Charge,71.0117,32.3625,33.6822,optimal,-1,59.744,56.1538,117.42,122.692,-5.272,-27.9574,Charge,22.6854,31.5476,33.6834,optimal,-1,61.2858,57.6029,162.23,122.738,39.492,-28.6797,Charge,68.1717,32.3625,33.6822,optimal,-1,25.4394,23.9107,47.286,56.266,-8.98,-11.8857,Charge,2.9057,13.4144,33.7507,optimal,-1,0.0,0.0,0.0,0.0,0.0,-0.0,Idle,0.0,0.0,-1,optimal,-1,0.0,0.0,0.0,0.0,0.0,-0.0,Idle,0.0,0.0,-1,optimal,-1,45.868,43.1116,100.964,87.9,13.064,-21.4568,Charge,34.5208,24.2131,33.6981,optimal,-1,13.876,13.0422,36.534,26.74,9.794,-6.4675,Charge,16.2615,7.3013,33.8511,optimal,-1,73.62,69.196,169.436,153.404,16.032,-34.458,Charge,50.49,38.8821,33.6742,optimal,-1,20.0431,18.8387,34.7,38.278,-3.578,-9.3572,Charge,5.7792,10.5616,33.7831,optimal,-1,17.345,16.3027,56.924,32.774,24.15,-8.0929,Charge,32.2429,9.1352,33.8069,optimal,-1,26.5957,24.9975,73.752,55.076,18.676,-12.4275,Charge,31.1035,14.0257,33.7455,optimal,-1
70,2,22,192.278,515.7777,41.1931,45.2562,117.822,83.854,33.968,-24.8127,Charge,58.7807,20.7496,34.9251,34.9251,optimal,-1,25.4428,27.9524,56.652,59.038,-2.386,-15.3127,Charge,12.9267,12.8031,34.9717,optimal,-1,27.4621,30.1708,57.748,49.204,8.544,-16.5307,Charge,25.0747,13.8219,34.9626,optimal,-1,18.5773,20.4097,35.216,36.436,-1.22,-11.1714,Charge,9.9514,9.339,35.0174,optimal,-1,64.2128,70.5465,175.814,130.746,45.068,-38.6962,Charge,83.7642,32.3625,34.899,optimal,-1,62.5974,68.7717,121.748,128.92,-7.172,-37.722,Charge,30.55,31.5476,34.9002,optimal,-1,64.2128,70.5465,172.566,129.2,43.366,-38.6962,Charge,82.0622,32.3625,34.899,optimal,-1,26.6544,29.2835,50.082,58.456,-8.374,-16.0435,Charge,7.6695,13.4144,34.9661,optimal,-1,0.0,0.0,0.0,0.0,0.0,-0.0,Idle,0.0,0.0,-1,optimal,-1,0.0,0.0,0.0,0.0,0.0,-0.0,Idle,0.0,0.0,-1,optimal,-1,48.0586,52.799,108.906,93.56,15.346,-28.9534,Charge,44.2994,24.2131,34.9147,optimal,-1,14.5387,15.9728,35.93,27.982,7.948,-8.7354,Charge,16.6834,7.3013,35.0643,optimal,-1,77.1361,84.7445,174.67,159.126,15.544,-46.4905,Charge,62.0345,38.8821,34.8913,optimal,-1,21.0004,23.0718,39.182,41.63,-2.448,-12.633,Charge,10.185,10.5616,34.9978,optimal,-1,18.1734,19.966,60.67,35.132,25.538,-10.9278,Charge,36.4658,9.1352,35.0211,optimal,-1,27.8659,30.6145,76.234,57.678,18.556,-16.7743,Charge,35.3303,14.0257,34.961,optimal,-1
71,2,23,268.152,586.3593,44.1863,47.8435,135.28,92.4,42.88,-24.4068,Charge,67.2868,20.7496,36.1215,36.1215,optimal,-1,27.2915,29.5504,65.928,62.514,3.414,-15.062,Charge,18.476,12.8031,36.1671,optimal,-1,29.4575,31.8957,68.55,53.77,14.78,-16.2601,Charge,31.0401,13.8219,36.1582,optimal,-1,19.9272,21.5765,36.926,38.11,-1.184,-10.9884,Charge,9.8044,9.339,36.2117,optimal,-1,68.8787,74.5796,191.61,142.636,48.974,-38.0635,Charge,87.0375,32.3625,36.096,optimal,-1,67.1459,72.7034,137.918,137.472,0.446,-37.1052,Charge,37.5512,31.5476,36.0972,optimal,-1,68.8787,74.5796,198.654,139.88,58.774,-38.0635,Charge,96.8375,32.3625,36.096,optimal,-1,28.5911,30.9576,59.348,62.508,-3.16,-15.7808,Charge,12.6208,13.4144,36.1616,optimal,-1,0.0,0.0,0.0,0.0,0.0,-0.0,Idle,0.0,0.0,-1,optimal,-1,0.0,0.0,0.0,0.0,0.0,-0.0,Idle,0.0,0.0,-1,optimal,-1,51.5507,55.8175,114.29,98.75,15.54,-28.4799,Charge,44.0199,24.2131,36.1113,optimal,-1,15.5952,16.886,42.162,32.3,9.862,-8.5921,Charge,18.4541,7.3013,36.2577,optimal,-1,82.741,89.5894,204.474,170.048,34.426,-45.7304,Charge,80.1564,38.8821,36.0884,optimal,-1,22.5264,24.3908,33.556,43.452,-9.896,-12.4261,Charge,2.5301,10.5616,36.1927,optimal,-1,19.494,21.1074,70.598,40.604,29.994,-10.7487,Charge,40.7427,9.1352,36.2154,optimal,-1,29.8907,32.3648,86.986,63.684,23.302,-16.4997,Charge,39.8017,14.0257,36.1566,optimal,-1
72,2,24,223.266,527.4755,48.713,51.2967,140.456,105.99,34.466,-23.3333,Charge,57.7993,20.7496,37.2653,37.2653,optimal,-1,30.0874,31.6833,76.816,70.62,6.196,-14.3989,Charge,20.5949,12.8031,37.3099,optimal,-1,32.4753,34.1978,73.998,60.372,13.626,-15.5444,Charge,29.1704,13.8219,37.3012,optimal,-1,21.9686,23.1338,44.172,47.402,-3.23,-10.5042,Charge,7.2742,9.339,37.3535,optimal,-1,75.935,79.9625,203.752,162.662,41.09,-36.3901,Charge,77.4801,32.3625,37.2404,optimal,-1,74.0246,77.9509,157.398,158.714,-1.316,-35.4739,Charge,34.1579,31.5476,37.2415,optimal,-1,75.935,79.9625,215.206,161.4,53.806,-36.3901,Charge,90.1961,32.3625,37.2404,optimal,-1,31.5202,33.192,61.578,69.442,-7.864,-15.0862,Charge,7.2222,13.4144,37.3045,optimal,-1,0.0,0.0,0.0,0.0,0.0,-0.0,Idle,0.0,0.0,-1,optimal,-1,0.0,0.0,0.0,0.0,0.0,-0.0,Idle,0.0,0.0,-1,optimal,-1,56.8318,59.8462,131.624,117.294,14.33,-27.2275,Charge,41.5575,24.2131,37.2553,optimal,-1,17.1928,18.1047,38.618,36.804,1.814,-8.2132,Charge,10.0272,7.3013,37.3984,optimal,-1,91.2175,96.0556,231.416,196.036,35.38,-43.7202,Charge,79.1002,38.8821,37.2329,optimal,-1,24.8341,26.1513,37.088,51.862,-14.774,-11.8788,Charge,-2.8952,10.5616,37.3349,optimal,-1,21.491,22.6309,71.01,45.332,25.678,-10.2751,Charge,35.9531,9.1352,37.3571,optimal,-1,32.9529,34.7007,95.406,71.342,24.064,-15.7735,Charge,39.8375,14.0257,37.2996,optimal,-1
73,2,25,341.366,597.6411,53.065,51.9726,161.566,116.666,44.9,-19.6571,Charge,64.5571,20.7496,38.2289,38.2289,optimal,-1,32.7755,32.1007,86.822,77.244,9.578,-12.1283,Charge,21.7063,12.8031,38.2724,optimal,-1,35.3767,34.6484,85.468,67.744,17.724,-13.0936,Charge,30.8176,13.8219,38.264,optimal,-1,23.9313,23.4386,54.538,51.118,3.42,-8.8463,Charge,12.2663,9.339,38.3151,optimal,-1,82.719,81.0161,238.944,181.522,57.422,-30.6596,Charge,88.0816,32.3625,38.2045,optimal,-1,80.6381,78.978,181.164,175.296,5.868,-29.8875,Charge,35.7555,31.5476,38.2056,optimal,-1,82.719,81.0161,248.59,179.786,68.804,-30.6596,Charge,99.4636,32.3625,38.2045,optimal,-1,34.3362,33.6293,76.646,76.418,0.228,-12.7075,Charge,12.9355,13.4144,38.2672,optimal,-1,0.0,0.0,0.0,0.0,0.0,-0.0,Idle,0.0,0.0,-1,optimal,-1,0.0,0.0,0.0,0.0,0.0,-0.0,Idle,0.0,0.0,-1,optimal,-1,61.9092,60.6347,158.082,129.93,28.152,-22.9386,Charge,51.0906,24.2131,38.2191,optimal,-1,18.7288,18.3433,46.974,39.55,7.424,-6.9158,Charge,14.3398,7.3013,38.3589,optimal,-1,99.3669,97.3212,263.208,217.388,45.82,-36.8364,Charge,82.6564,38.8821,38.1972,optimal,-1,27.0528,26.4958,43.922,59.052,-15.13,-10.0047,Charge,-5.1253,10.5616,38.2968,optimal,-1,23.411,22.9291,90.752,49.672,41.08,-8.6533,Charge,49.7333,9.1352,38.3186,optimal,-1,35.8969,35.1579,105.014,78.938,26.076,-13.2867,Charge,39.3627,14.0257,38.2624,optimal,-1
74,2,26,457.456,659.6679,57.3423,52.1036,175.42,118.9,56.52,-15.5109,Charge,72.0309,20.7496,38.9892,38.9892,optimal,-1,35.4173,32.1816,99.696,77.206,22.49,-9.5674,Charge,32.0574,12.8031,39.0318,optimal,-1,38.2282,34.7357,84.742,69.742,15.0,-10.3295,Charge,25.3295,13.8219,39.0235,optimal,-1,25.8602,23.4977,55.212,50.956,4.256,-6.9765,Charge,11.2325,9.339,39.0734,optimal,-1,89.3865,81.2203,263.266,183.238,80.028,-24.1964,Charge,104.2244,32.3625,38.9654,optimal,-1,87.1377,79.1771,185.67,177.152,8.518,-23.5869,Charge,32.1049,31.5476,38.9665,optimal,-1,89.3865,81.2203,274.57,181.812,92.758,-24.1964,Charge,116.9544,32.3625,38.9654,optimal,-1,37.1038,33.7141,77.324,76.822,0.502,-10.0247,Charge,10.5267,13.4144,39.0267,optimal,-1,0.0,0.0,0.0,0.0,0.0,-0.0,Idle,0.0,0.0,-1,optimal,-1,0.0,0.0,0.0,0.0,0.0,-0.0,Idle,0.0,0.0,-1,optimal,-1,66.8993,60.7875,170.818,129.456,41.362,-18.1014,Charge,59.4634,24.2131,38.9797,optimal,-1,20.2384,18.3895,51.21,41.874,9.336,-5.4524,Charge,14.7884,7.3013,39.1162,optimal,-1,107.3762,97.5666,275.504,220.128,55.376,-29.0724,Charge,84.4484,38.8821,38.9583,optimal,-1,29.2333,26.5626,47.442,56.95,-9.508,-7.8909,Charge,-1.6171,10.5616,39.0556,optimal,-1,25.2981,22.9869,103.888,51.774,52.114,-6.8241,Charge,58.9381,9.1352,39.0768,optimal,-1,38.7904,35.2466,109.058,80.354,28.704,-10.4819,Charge,39.1859,14.0257,39.022,optimal,-1
75,2,27,492.308,625.994,62.5976,52.1036,182.322,123.218,59.104,-10.2556,Charge,69.3596,20.7496,39.4919,39.4919,optimal,-1,38.6632,32.1816,108.114,81.426,26.688,-6.3215,Charge,33.0095,12.8031,39.5335,optimal,-1,41.7318,34.7357,81.144,71.92,9.224,-6.8259,Charge,16.0499,13.8219,39.5254,optimal,-1,28.2303,23.4977,61.38,53.088,8.292,-4.6064,Charge,12.8984,9.339,39.5741,optimal,-1,97.5787,81.2203,278.648,190.97,87.678,-16.0042,Charge,103.6822,32.3625,39.4687,optimal,-1,95.1238,79.1771,191.41,182.712,8.698,-15.6008,Charge,24.2988,31.5476,39.4697,optimal,-1,97.5787,81.2203,289.802,189.87,99.932,-16.0042,Charge,115.9362,32.3625,39.4687,optimal,-1,40.5043,33.7141,79.146,80.224,-1.078,-6.6241,Charge,5.5461,13.4144,39.5285,optimal,-1,0.0,0.0,0.0,0.0,0.0,-0.0,Idle,0.0,0.0,-1,optimal,-1,0.0,0.0,0.0,0.0,0.0,-0.0,Idle,0.0,0.0,-1,optimal,-1,73.0306,60.7875,176.546,134.732,41.814,-11.9701,Charge,53.7841,24.2131,39.4826,optimal,-1,22.0933,18.3895,58.252,41.004,17.248,-3.5976,Charge,20.8456,7.3013,39.6159,optimal,-1,117.2171,97.5666,284.716,231.386,53.33,-19.2315,Charge,72.5615,38.8821,39.4617,optimal,-1,31.9125,26.5626,55.892,59.732,-3.84,-5.2117,Charge,1.3717,10.5616,39.5567,optimal,-1,27.6166,22.9869,106.964,50.006,56.958,-4.5055,Charge,61.4635,9.1352,39.5774,optimal,-1,42.3455,35.2466,114.748,86.488,28.26,-6.9268,Charge,35.1868,14.0257,39.5239,optimal,-1
76,2,28,702.56,804.9047,65.0012,52.1036,188.338,120.838,67.5,-7.8519,Charge,75.3519,20.7496,39.8768,39.8768,optimal,-1,40.1478,32.1816,112.514,79.958,32.556,-4.8369,Charge,37.3929,12.8031,39.9174,optimal,-1,43.3342,34.7357,92.19,69.998,22.192,-5.2235,Charge,27.4155,13.8219,39.9095,optimal,-1,29.3143,23.4977,78.12,53.276,24.844,-3.5224,Charge,28.3664,9.339,39.957,optimal,-1,101.3255,81.2203,292.612,187.462,105.15,-12.2574,Charge,117.4074,32.3625,39.8541,optimal,-1,98.7764,79.1771,227.58,179.67,47.91,-11.9483,Charge,59.8583,31.5476,39.8552,optimal,-1,101.3255,81.2203,298.352,185.878,112.474,-12.2574,Charge,124.7314,32.3625,39.8541,optimal,-1,42.0596,33.7141,89.608,79.45,10.158,-5.0689,Charge,15.2269,13.4144,39.9125,optimal,-1,0.0,0.0,0.0,0.0,0.0,-0.0,Idle,0.0,0.0,-1,optimal,-1,0.0,0.0,0.0,0.0,0.0,-0.0,Idle,0.0,0.0,-1,optimal,-1,75.8348,60.7875,199.584,132.164,67.42,-9.1659,Charge,76.5859,24.2131,39.8678,optimal,-1,22.9416,18.3895,57.484,39.342,18.142,-2.7492,Charge,20.8912,7.3013,39.9977,optimal,-1,121.718,97.5666,320.916,228.522,92.394,-14.7306,Charge,107.1246,38.8821,39.8473,optimal,-1,33.1379,26.5626,67.018,58.546,8.472,-3.9864,Charge,12.4584,10.5616,39.94,optimal,-1,28.677,22.9869,103.996,48.94,55.056,-3.4451,Charge,58.5011,9.1352,39.9602,optimal,-1,43.9714,35.2466,124.25,85.958,38.292,-5.3008,Charge,43.5928,14.0257,39.908,optimal,-1
77,2,29,993.278,838.7157,67.8918,52.1036,188.414,107.988,80.426,11.8383,Discharge,68.5877,3.9499,39.2965,39.2965,optimal,-1,41.9332,32.1816,125.85,71.284,54.566,7.3909,Discharge,47.1751,2.3606,39.3308,optimal,-1,45.2612,34.7357,97.132,62.212,34.92,7.9611,Discharge,26.9589,2.5644,39.3241,optimal,-1,30.6179,23.4977,88.422,48.024,40.398,5.4524,Discharge,34.9456,1.6678,39.3643,optimal,-1,105.8314,81.2203,301.68,167.638,134.042,18.3386,Discharge,115.7034,6.2725,39.2774,optimal,-1,103.169,79.1771,252.176,159.474,92.702,17.8824,Discharge,74.8196,6.1095,39.2783,optimal,-1,105.8314,81.2203,310.926,166.158,144.768,18.3386,Discharge,126.4294,6.2725,39.2774,optimal,-1,43.93,33.7141,94.132,70.504,23.628,7.733,Discharge,15.895,2.4829,39.3266,optimal,-1,0.0,0.0,0.0,0.0,0.0,0.0,Idle,-0.0,-0.0,-1,optimal,-1,0.0,0.0,0.0,0.0,0.0,0.0,Idle,-0.0,-0.0,-1,optimal,-1,79.2072,60.7875,210.864,119.174,91.69,13.777,Discharge,77.913,4.6426,39.2889,optimal,-1,23.9618,18.3895,54.806,35.926,18.88,4.3121,Discharge,14.5679,1.2603,39.3988,optimal,-1,127.1308,97.5666,354.116,200.436,153.68,21.9878,Discharge,131.6922,7.5764,39.2717,optimal,-1,34.6115,26.5626,66.838,53.236,13.602,6.1366,Discharge,7.4654,1.9123,39.35,optimal,-1,29.9523,22.9869,102.8,45.472,57.328,5.3383,Discharge,51.9897,1.627,39.3671,optimal,-1,45.9268,35.2466,128.496,75.848,52.648,8.0751,Discharge,44.5729,2.6051,39.3229,optimal,-1
78,2,30,1230.294,1050.8359,69.6738,51.9762,192.822,96.568,96.254,13.7476,Discharge,82.5064,3.9499,38.6226,38.6226,optimal,-1,43.0338,32.103,138.386,65.862,72.524,8.5702,Discharge,63.9538,2.3606,38.6506,optimal,-1,46.4492,34.6508,99.166,55.538,43.628,9.234,Discharge,34.394,2.5644,38.6451,optimal,-1,31.4215,23.4403,89.28,45.204,44.076,6.3134,Discharge,37.7626,1.6678,38.6781,optimal,-1,108.6091,81.0217,323.14,150.236,172.904,21.3148,Discharge,151.5892,6.2725,38.6072,optimal,-1,105.8768,78.9835,254.962,147.006,107.956,20.7838,Discharge,87.1722,6.1095,38.6079,optimal,-1,108.6091,81.0217,327.13,148.892,178.238,21.3148,Discharge,156.9232,6.2725,38.6072,optimal,-1,45.083,33.6317,96.962,63.276,33.686,8.9685,Discharge,24.7175,2.4829,38.6472,optimal,-1,0.0,0.0,0.0,0.0,0.0,0.0,Idle,-0.0,-0.0,-1,optimal,-1,0.0,0.0,0.0,0.0,0.0,0.0,Idle,-0.0,-0.0,-1,optimal,-1,81.286,60.6389,218.216,110.012,108.204,16.0045,Discharge,92.1995,4.6426,38.6164,optimal,-1,24.5907,18.3445,56.008,32.3,23.708,4.9859,Discharge,18.7221,1.2603,38.7063,optimal,-1,130.4675,97.328,368.008,182.304,185.704,25.5631,Discharge,160.1409,7.5764,38.6025,optimal,-1,35.52,26.4977,70.468,47.97,22.498,7.11,Discharge,15.388,1.9123,38.6663,optimal,-1,30.7384,22.9307,106.604,41.934,64.67,6.1807,Discharge,58.4893,1.627,38.6803,optimal,-1,47.1322,35.1604,142.222,65.978,76.244,9.3667,Discharge,66.8773,2.6051,38.6441,optimal,-1
79,2,31,1365.496,1089.8309,70.3288,45.253,199.29,89.876,109.414,21.1259,Discharge,88.2881,3.9499,37.587,37.587,optimal,-1,43.4384,27.9504,133.866,63.626,70.24,13.1274,Discharge,57.1126,2.3606,37.6087,optimal,-1,46.8859,30.1687,107.51,53.684,53.826,14.1528,Discharge,39.6732,2.5644,37.6045,optimal,-1,31.7169,20.4082,97.266,40.61,56.656,9.6409,Discharge,47.0151,1.6678,37.6301,optimal,-1,109.6302,70.5414,325.51,143.198,182.312,32.8163,Discharge,149.4957,6.2725,37.5752,optimal,-1,106.8722,68.7668,266.308,138.812,127.496,31.9959,Discharge,95.5001,6.1095,37.5757,optimal,-1,109.6302,70.5414,329.478,141.304,188.174,32.8163,Discharge,155.3577,6.2725,37.5752,optimal,-1,45.5069,29.2813,104.446,60.6,43.846,13.7427,Discharge,30.1033,2.4829,37.6061,optimal,-1,0.0,0.0,0.0,0.0,0.0,-0.0,Idle,0.0,0.0,-1,optimal,-1,0.0,0.0,0.0,0.0,0.0,-0.0,Idle,0.0,0.0,-1,optimal,-1,82.0503,52.7952,232.438,101.212,131.226,24.6125,Discharge,106.6135,4.6426,37.5823,optimal,-1,24.8219,15.9716,60.466,29.514,30.952,7.59,Discharge,23.362,1.2603,37.6522,optimal,-1,131.6942,84.7385,366.064,174.608,191.456,39.3793,Discharge,152.0767,7.5764,37.5717,optimal,-1,35.8539,23.0702,75.95,44.168,31.782,10.8714,Discharge,20.9106,1.9123,37.621,optimal,-1,31.0274,19.9646,117.272,38.78,78.492,9.4358,Discharge,69.0562,1.627,37.6319,optimal,-1,47.5754,30.6123,134.818,65.194,69.624,14.3579,Discharge,55.2661,2.6051,37.6037,optimal,-1
80,2,32,1481.14,1094.309,74.4379,40.8366,207.96,86.9,121.06,29.6514,Discharge,91.4086,3.9499,36.1335,36.1335,optimal,-1,45.9763,25.2226,121.804,59.244,62.56,18.3931,Discharge,44.1669,2.3606,36.149,optimal,-1,49.6253,27.2244,114.138,51.758,62.38,19.8365,Discharge,42.5435,2.5644,36.1459,optimal,-1,33.57,18.4165,107.534,40.072,67.462,13.4857,Discharge,53.9763,1.6678,36.1643,optimal,-1,116.0355,63.657,330.494,135.92,194.574,46.106,Discharge,148.468,6.2725,36.1253,optimal,-1,113.1164,62.0555,276.32,133.292,143.028,44.9513,Discharge,98.0767,6.1095,36.1257,optimal,-1,116.0355,63.657,323.89,135.066,188.824,46.106,Discharge,142.718,6.2725,36.1253,optimal,-1,48.1657,26.4237,112.508,57.032,55.476,19.2592,Discharge,36.2168,2.4829,36.1471,optimal,-1,0.0,0.0,0.0,0.0,0.0,-0.0,Idle,0.0,0.0,-1,optimal,-1,0.0,0.0,0.0,0.0,0.0,-0.0,Idle,0.0,0.0,-1,optimal,-1,86.8442,47.6426,243.29,97.044,146.246,34.5589,Discharge,111.6871,4.6426,36.1302,optimal,-1,26.2722,14.4129,66.518,27.676,38.842,10.599,Discharge,28.243,1.2603,36.1801,optimal,-1,139.3886,76.4685,372.712,169.084,203.628,55.3437,Discharge,148.2843,7.5764,36.1229,optimal,-1,37.9487,20.8186,78.754,41.6,37.154,15.2178,Discharge,21.9362,1.9123,36.1577,optimal,-1,32.8402,18.0161,118.886,36.798,82.088,13.1971,Discharge,68.8909,1.627,36.1656,optimal,-1,50.355,27.6247,140.422,62.604,77.818,20.1252,Discharge,57.6928,2.6051,36.1454,optimal,-1
81,2,33,1684.588,1202.3319,77.2915,36.3718,217.66,77.554,140.106,36.9697,Discharge,103.1363,3.9499,34.3213,34.3213,optimal,-1,47.7389,22.465,128.47,50.244,78.226,22.9133,Discharge,55.3127,2.3606,34.3305,optimal,-1,51.5277,24.2479,119.902,44.464,75.438,24.7154,Discharge,50.7226,2.5644,34.3286,optimal,-1,34.8569,16.403,102.66,34.98,67.68,16.7862,Discharge,50.8938,1.6678,34.3397,optimal,-1,120.4838,56.6973,337.348,121.108,216.24,57.514,Discharge,158.726,6.2725,34.3167,optimal,-1,117.4527,55.2709,278.854,112.568,166.286,56.0723,Discharge,110.2137,6.1095,34.3169,optimal,-1,120.4838,56.6973,338.09,120.134,217.956,57.514,Discharge,160.442,6.2725,34.3167,optimal,-1,50.0121,23.5347,118.662,48.192,70.47,23.9945,Discharge,46.4755,2.4829,34.3293,optimal,-1,0.0,0.0,0.0,0.0,0.0,0.0,Idle,-0.0,-0.0,-1,optimal,-1,0.0,0.0,0.0,0.0,0.0,0.0,Idle,-0.0,-0.0,-1,optimal,-1,90.1734,42.4338,234.638,84.588,150.05,43.097,Discharge,106.953,4.6426,34.3194,optimal,-1,27.2793,12.8371,68.534,22.79,45.744,13.182,Discharge,32.562,1.2603,34.3492,optimal,-1,144.7321,68.1081,386.35,148.88,237.47,69.0476,Discharge,168.4224,7.5764,34.3154,optimal,-1,39.4035,18.5425,76.738,35.692,41.046,18.9487,Discharge,22.0973,1.9123,34.3358,optimal,-1,34.0992,16.0464,117.774,30.536,87.238,16.4257,Discharge,70.8123,1.627,34.3405,optimal,-1,52.2854,24.6045,150.422,59.784,90.638,25.0758,Discharge,65.5622,2.6051,34.3283,optimal,-1
82,2,34,2066.436,1449.4752,81.0745,29.8241,216.77,62.55,154.22,47.3005,Discharge,106.9195,3.9499,32.0026,32.0026,optimal,-1,50.0754,18.4208,141.824,36.582,105.242,29.294,Discharge,75.948,2.3606,32.0055,optimal,-1,54.0496,19.8827,126.386,33.468,92.918,31.6025,Discharge,61.3155,2.5644,32.0049,optimal,-1,36.563,13.4501,115.906,29.186,86.72,21.4451,Discharge,65.2749,1.6678,32.0087,optimal,-1,126.3808,46.4905,346.624,95.54,251.084,73.6178,Discharge,177.4662,6.2725,32.0017,optimal,-1,123.2014,45.3209,317.608,86.504,231.104,71.771,Discharge,159.333,6.1095,32.0017,optimal,-1,126.3808,46.4905,346.034,93.602,252.432,73.6178,Discharge,178.8142,6.2725,32.0017,optimal,-1,52.46,19.2979,129.758,35.948,93.81,30.6791,Discharge,63.1309,2.4829,32.0051,optimal,-1,0.0,0.0,0.0,0.0,0.0,-0.0,Idle,0.0,0.0,-1,optimal,-1,0.0,0.0,0.0,0.0,0.0,-0.0,Idle,0.0,0.0,-1,optimal,-1,94.5869,34.7948,254.74,68.788,185.952,55.1495,Discharge,130.8025,4.6426,32.0022,optimal,-1,28.6145,10.5262,68.896,17.65,51.246,16.8281,Discharge,34.4179,1.2603,32.012,optimal,-1,151.8159,55.8471,412.496,114.052,298.444,88.3924,Discharge,210.0516,7.5764,32.0014,optimal,-1,41.3321,15.2044,96.482,28.898,67.584,24.2153,Discharge,43.3687,1.9123,32.0074,optimal,-1,35.7682,13.1577,112.942,24.57,88.372,20.9834,Discharge,67.3886,1.627,32.009,optimal,-1,54.8445,20.1751,154.394,47.086,107.308,32.0642,Discharge,75.2438,2.6051,32.0048,optimal,-1
83,2,35,2387.786,1649.4046,84.6248,24.0624,228.026,46.774,181.252,56.6124,Discharge,124.6396,3.9499,29.2275,29.2275,optimal,-1,52.2682,14.8621,146.178,30.176,116.002,35.0455,Discharge,80.9565,2.3606,29.2241,optimal,-1,56.4165,16.0416,134.224,26.366,107.858,37.8105,Discharge,70.0475,2.5644,29.2247,optimal,-1,38.1641,10.8517,121.738,20.594,101.144,25.6446,Discharge,75.4994,1.6678,29.2213,optimal,-1,131.9151,37.5091,362.036,72.102,289.934,88.1335,Discharge,201.8005,6.2725,29.2302,optimal,-1,128.5964,36.5654,339.534,67.98,271.554,85.9215,Discharge,185.6325,6.1095,29.2301,optimal,-1,131.9151,37.5091,357.592,71.358,286.234,88.1335,Discharge,198.1005,6.2725,29.2302,optimal,-1,54.7572,15.5698,138.352,28.858,109.494,36.7045,Discharge,72.7895,2.4829,29.2245,optimal,-1,0.0,0.0,0.0,0.0,0.0,-0.0,Idle,0.0,0.0,-1,optimal,-1,0.0,0.0,0.0,0.0,0.0,-0.0,Idle,0.0,0.0,-1,optimal,-1,98.7289,28.0728,268.076,51.534,216.542,66.0134,Discharge,150.5286,4.6426,29.2286,optimal,-1,29.8676,8.4926,72.24,13.774,58.466,20.1147,Discharge,38.3513,1.2603,29.2183,optimal,-1,158.464,45.0581,427.492,87.018,340.474,105.8295,Discharge,234.6445,7.5764,29.231,optimal,-1,43.142,12.2671,105.338,22.558,82.78,28.9626,Discharge,53.8174,1.9123,29.2225,optimal,-1,37.3344,10.6158,122.452,19.376,103.076,25.0916,Discharge,77.9844,1.627,29.221,optimal,-1,57.2462,16.2775,155.98,33.004,122.976,38.3635,Discharge,84.6125,2.6051,29.2248,optimal,-1
84,2,36,2735.888,1888.8636,86.1422,17.2478,233.714,30.648,203.066,64.9444,Discharge,138.1216,3.9499,26.044,26.044,optimal,-1,53.2055,10.6531,153.372,20.332,133.04,40.1918,Discharge,92.8482,2.3606,26.0343,optimal,-1,57.4281,11.4985,148.23,16.37,131.86,43.3652,Discharge,88.4948,2.5644,26.0361,optimal,-1,38.8484,7.7784,124.244,14.216,110.028,29.4022,Discharge,80.6258,1.6678,26.0254,optimal,-1,134.2804,26.8863,373.214,47.61,325.604,101.1216,Discharge,224.4824,6.2725,26.0503,optimal,-1,130.9023,26.2099,370.128,44.218,325.91,98.5829,Discharge,227.3271,6.1095,26.05,optimal,-1,134.2804,26.8863,370.442,47.318,323.124,101.1216,Discharge,222.0024,6.2725,26.0503,optimal,-1,55.739,11.1603,151.976,17.896,134.08,42.0958,Discharge,91.9842,2.4829,26.0354,optimal,-1,0.0,0.0,0.0,0.0,0.0,-0.0,Idle,0.0,0.0,-1,optimal,-1,0.0,0.0,0.0,0.0,0.0,-0.0,Idle,0.0,0.0,-1,optimal,-1,100.4992,20.1224,282.886,34.636,248.25,75.7341,Discharge,172.5159,4.6426,26.0465,optimal,-1,30.4031,6.0875,72.068,8.448,63.62,23.0554,Discharge,40.5646,1.2603,26.0162,optimal,-1,161.3054,32.2974,451.578,57.622,393.956,121.4316,Discharge,272.5244,7.5764,26.0522,optimal,-1,43.9156,8.793,113.97,14.744,99.226,33.2103,Discharge,66.0157,1.9123,26.0292,optimal,-1,38.0039,7.6093,124.632,12.756,111.876,28.7675,Discharge,83.1085,1.627,26.0246,optimal,-1,58.2726,11.6676,154.32,22.072,132.248,43.9999,Discharge,88.2481,2.6051,26.0364,optimal,-1
85,2,37,3017.874,2078.32,86.4331,10.4425,232.5,20.264,212.236,72.0407,Discharge,140.1953,3.9499,22.5126,22.5126,optimal,-1,53.3851,6.4498,170.356,14.168,156.188,44.5748,Discharge,111.6132,2.3606,22.4966,optimal,-1,57.6221,6.9616,165.51,12.026,153.484,48.096,Discharge,105.388,2.5644,22.4996,optimal,-1,38.9796,4.7093,128.338,10.658,117.68,32.6025,Discharge,85.0775,1.6678,22.4816,optimal,-1,134.7339,16.278,388.652,33.062,355.59,112.1834,Discharge,243.4066,6.2725,22.5225,optimal,-1,131.3444,15.8685,393.124,31.254,361.87,109.3664,Discharge,252.5036,6.1095,22.522,optimal,-1,134.7339,16.278,388.97,32.92,356.05,112.1834,Discharge,243.8666,6.2725,22.5225,optimal,-1,55.9273,6.7569,167.416,12.35,155.066,46.6875,Discharge,108.3785,2.4829,22.4985,optimal,-1,0.0,0.0,0.0,0.0,0.0,-0.0,Idle,0.0,0.0,-1,optimal,-1,0.0,0.0,0.0,0.0,0.0,-0.0,Idle,0.0,0.0,-1,optimal,-1,100.8386,12.1829,293.934,25.004,268.93,84.0131,Discharge,184.9169,4.6426,22.5165,optimal,-1,30.5058,3.6856,69.628,5.886,63.742,25.5599,Discharge,38.1821,1.2603,22.4662,optimal,-1,161.8502,19.554,488.852,39.802,449.05,134.7197,Discharge,314.3303,7.5764,22.5255,optimal,-1,44.0639,5.3236,120.19,10.676,109.514,36.828,Discharge,72.686,1.9123,22.488,optimal,-1,38.1322,4.607,120.514,9.18,111.334,31.8982,Discharge,79.4358,1.627,22.4804,optimal,-1,58.4694,7.064,161.974,14.834,147.14,48.8003,Discharge,98.3397,2.6051,22.5002,optimal,-1
86,2,38,3089.434,2083.2931,86.3426,5.2453,227.104,13.12,213.984,77.1474,Discharge,136.8366,3.9499,18.7308,18.7308,optimal,-1,53.3292,3.2398,165.828,7.814,158.014,47.7289,Discharge,110.2851,2.3606,18.7086,optimal,-1,57.5617,3.4969,171.366,7.318,164.048,51.5005,Discharge,112.5475,2.5644,18.7128,optimal,-1,38.9388,2.3655,130.624,6.602,124.022,34.9055,Discharge,89.1165,1.6678,18.6876,optimal,-1,134.5929,8.1765,370.788,20.636,350.152,120.1438,Discharge,230.0082,6.2725,18.7444,optimal,-1,131.2069,7.9708,398.656,18.06,380.596,117.1265,Discharge,263.4695,6.1095,18.7437,optimal,-1,134.5929,8.1765,378.504,20.372,358.132,120.1438,Discharge,237.9882,6.2725,18.7444,optimal,-1,55.8687,3.394,175.514,6.786,168.728,49.9918,Discharge,118.7362,2.4829,18.7112,optimal,-1,0.0,0.0,0.0,0.0,0.0,-0.0,Idle,0.0,0.0,-1,optimal,-1,0.0,0.0,0.0,0.0,0.0,-0.0,Idle,0.0,0.0,-1,optimal,-1,100.733,6.1195,288.998,15.728,273.27,89.9709,Discharge,183.2991,4.6426,18.7362,optimal,-1,30.4739,1.8513,67.248,3.254,63.994,27.3623,Discharge,36.6317,1.2603,18.6659,optimal,-1,161.6807,9.8221,494.594,24.548,470.046,144.2822,Discharge,325.7638,7.5764,18.7485,optimal,-1,44.0178,2.6741,116.56,6.016,110.544,39.4314,Discharge,71.1126,1.9123,18.6966,optimal,-1,38.0923,2.3141,111.356,5.422,105.934,34.1512,Discharge,71.7828,1.627,18.6858,optimal,-1,58.4082,3.5483,157.724,9.754,147.97,52.2548,Discharge,95.7152,2.6051,18.7136,optimal,-1
87,2,39,3224.332,2228.4105,82.2726,1.959,234.898,4.792,230.106,76.3636,Discharge,153.7424,3.9499,14.9875,14.9875,optimal,-1,50.8154,1.21,157.884,3.534,154.35,47.2448,Discharge,107.1052,2.3606,14.959,optimal,-1,54.8484,1.306,168.498,3.104,165.394,50.978,Discharge,114.416,2.5644,14.9644,optimal,-1,37.1033,0.8835,132.426,2.6,129.826,34.552,Discharge,95.274,1.6678,14.9319,optimal,-1,128.2484,3.0538,384.1,8.048,376.052,118.9221,Discharge,257.1299,6.2725,15.0047,optimal,-1,125.022,2.977,393.224,7.606,385.618,115.9355,Discharge,269.6825,6.1095,15.0039,optimal,-1,128.2484,3.0538,386.004,7.892,378.112,118.9221,Discharge,259.1899,6.2725,15.0047,optimal,-1,53.2352,1.2676,168.938,3.02,165.918,49.4847,Discharge,116.4333,2.4829,14.9624,optimal,-1,0.0,0.0,0.0,0.0,0.0,-0.0,Idle,0.0,0.0,-1,optimal,-1,0.0,0.0,0.0,0.0,0.0,-0.0,Idle,0.0,0.0,-1,optimal,-1,95.9847,2.2855,298.366,6.196,292.17,89.0565,Discharge,203.1135,4.6426,14.9943,optimal,-1,29.0374,0.6914,79.3,1.506,77.794,27.0857,Discharge,50.7083,1.2603,14.904,optimal,-1,154.0594,3.6684,483.978,9.736,474.242,142.8146,Discharge,331.4274,7.5764,15.0099,optimal,-1,41.9429,0.9987,123.668,2.34,121.328,39.0318,Discharge,82.2962,1.9123,14.9435,optimal,-1,36.2967,0.8643,115.508,2.27,113.238,33.8054,Discharge,79.4326,1.627,14.9297,optimal,-1,55.655,1.3252,163.504,3.32,160.184,51.7246,Discharge,108.4594,2.6051,14.9654,optimal,-1
88,2,40,3275.426,2296.4595,79.243,0.2297,248.834,1.03,247.804,75.0633,Discharge,172.7407,3.9499,11.308,11.308,optimal,-1,48.9442,0.1419,153.166,0.784,152.382,46.4417,Discharge,105.9403,2.3606,11.2732,optimal,-1,52.8286,0.1532,165.144,0.62,164.524,50.1111,Discharge,114.4129,2.5644,11.2798,optimal,-1,35.737,0.1036,119.492,0.544,118.948,33.9656,Discharge,84.9824,1.6678,11.24,optimal,-1,123.5258,0.3581,396.128,1.72,394.408,116.8952,Discharge,277.5128,6.2725,11.3287,optimal,-1,120.4182,0.3491,381.386,1.564,379.822,113.9596,Discharge,265.8624,6.1095,11.3278,optimal,-1,123.5258,0.3581,399.07,1.766,397.304,116.8952,Discharge,280.4088,6.2725,11.3287,optimal,-1,51.2749,0.1487,159.216,0.546,158.67,48.6433,Discharge,110.0267,2.4829,11.2773,optimal,-1,0.0,0.0,0.0,0.0,0.0,-0.0,Idle,0.0,0.0,-1,optimal,-1,0.0,0.0,0.0,0.0,0.0,-0.0,Idle,0.0,0.0,-1,optimal,-1,92.4501,0.268,298.41,1.26,297.15,87.5395,Discharge,209.6105,4.6426,11.3162,optimal,-1,27.9681,0.0811,87.732,0.312,87.42,26.6268,Discharge,60.7932,1.2603,11.2058,optimal,-1,148.3863,0.4302,468.892,2.14,466.752,140.3797,Discharge,326.3723,7.5764,11.335,optimal,-1,40.3984,0.1171,120.23,0.482,119.748,38.3689,Discharge,81.3791,1.9123,11.2542,optimal,-1,34.9601,0.1014,127.838,0.438,127.4,33.2317,Discharge,94.1683,1.627,11.2372,optimal,-1,53.6055,0.1554,163.778,0.684,163.094,50.845,Discharge,112.249,2.6051,11.281,optimal,-1
89,2,41,3251.296,2519.5194,76.8752,0.0073,245.968,0.0,245.968,56.1183,Discharge,189.8497,20.7496,8.5571,8.5571,optimal,-1,47.4817,0.0045,154.928,0.02,154.908,34.6741,Discharge,120.2339,12.8031,8.5213,optimal,-1,51.2501,0.0049,166.908,0.012,166.896,37.4233,Discharge,129.4727,13.8219,8.5281,optimal,-1,34.6692,0.0033,112.732,0.014,112.718,25.3269,Discharge,87.3911,9.339,8.4871,optimal,-1,119.8348,0.0114,394.01,0.012,393.998,87.4608,Discharge,306.5372,32.3625,8.5784,optimal,-1,116.8201,0.0112,377.384,0.034,377.35,85.2614,Discharge,292.0886,31.5476,8.5774,optimal,-1,119.8348,0.0114,395.374,0.02,395.354,87.4608,Discharge,307.8932,32.3625,8.5784,optimal,-1,49.7428,0.0047,157.554,0.012,157.542,36.3236,Discharge,121.2184,13.4144,8.5255,optimal,-1,0.0,0.0,0.0,0.0,0.0,-0.0,Idle,0.0,0.0,-1,optimal,-1,0.0,0.0,0.0,0.0,0.0,-0.0,Idle,0.0,0.0,-1,optimal,-1,89.6877,0.0086,291.284,0.014,291.27,65.466,Discharge,225.804,24.2131,8.5655,optimal,-1,27.1324,0.0026,88.666,0.0,88.666,19.8285,Discharge,68.8375,7.3013,8.4518,optimal,-1,143.9525,0.0137,470.702,0.034,470.668,105.0567,Discharge,365.6113,38.8821,8.5848,optimal,-1,39.1913,0.0037,112.99,0.012,112.978,28.6259,Discharge,84.3521,10.5616,8.5017,optimal,-1,33.9155,0.0032,119.248,0.0,119.248,24.777,Discharge,94.471,9.1352,8.4842,optimal,-1,52.0038,0.005,163.744,0.012,163.732,37.9731,Discharge,125.7589,14.0257,8.5293,optimal,-1
90,2,42,3191.742,2504.1793,73.4844,0.0074,237.94,0.012,237.928,52.7274,Discharge,185.2006,20.7496,5.9724,5.9724,optimal,-1,45.3874,0.0045,153.408,0.004,153.404,32.5798,Discharge,120.8242,12.8031,5.9356,optimal,-1,48.9896,0.0049,166.25,0.012,166.238,35.1628,Discharge,131.0752,13.8219,5.9426,optimal,-1,33.14,0.0033,114.736,0.012,114.724,23.7977,Discharge,90.9263,9.339,5.9004,optimal,-1,114.5491,0.0115,377.146,0.012,377.134,82.1751,Discharge,294.9589,32.3625,5.9943,optimal,-1,111.6674,0.0112,378.17,0.028,378.142,80.1086,Discharge,298.0334,31.5476,5.9933,optimal,-1,114.5491,0.0115,377.858,0.016,377.842,82.1751,Discharge,295.6669,32.3625,5.9943,optimal,-1,47.5487,0.0048,163.706,0.012,163.694,34.1296,Discharge,129.5644,13.4144,5.9399,optimal,-1,0.0,0.0,0.0,0.0,0.0,-0.0,Idle,0.0,0.0,-1,optimal,-1,0.0,0.0,0.0,0.0,0.0,-0.0,Idle,0.0,0.0,-1,optimal,-1,85.7317,0.0086,276.088,0.024,276.064,61.51,Discharge,214.554,24.2131,5.9811,optimal,-1,25.9357,0.0026,88.99,0.0,88.99,18.6317,Discharge,70.3583,7.3013,5.8641,optimal,-1,137.6031,0.0138,472.342,0.016,472.326,98.7072,Discharge,373.6188,38.8821,6.0009,optimal,-1,37.4626,0.0037,107.816,0.024,107.792,26.8972,Discharge,80.8948,10.5616,5.9154,optimal,-1,32.4196,0.0032,111.218,0.0,111.218,23.2811,Discharge,87.9369,9.1352,5.8975,optimal,-1,49.71,0.005,166.246,0.0,166.246,35.6793,Discharge,130.5667,14.0257,5.9439,optimal,-1
91,2,43,2980.294,2387.6193,66.2072,0.0073,232.632,0.0,232.632,45.4503,Discharge,187.1817,20.7496,3.7444,3.7444,optimal,-1,40.8927,0.0045,133.792,0.038,133.754,28.0851,Discharge,105.6689,12.8031,3.7066,optimal,-1,44.1381,0.0049,158.746,0.0,158.746,30.3113,Discharge,128.4347,13.8219,3.7138,optimal,-1,29.8582,0.0033,104.032,0.012,104.02,20.5158,Discharge,83.5042,9.339,3.6704,optimal,-1,103.2053,0.0114,362.288,0.036,362.252,70.8314,Discharge,291.4206,32.3625,3.7669,optimal,-1,100.609,0.0111,337.252,0.038,337.214,69.0502,Discharge,268.1638,31.5476,3.7658,optimal,-1,103.2053,0.0114,359.772,0.026,359.746,70.8314,Discharge,288.9146,32.3625,3.7669,optimal,-1,42.84,0.0047,148.206,0.012,148.194,29.4208,Discharge,118.7732,13.4144,3.7111,optimal,-1,0.0,0.0,0.0,0.0,0.0,-0.0,Idle,0.0,0.0,-1,optimal,-1,0.0,0.0,0.0,0.0,0.0,-0.0,Idle,0.0,0.0,-1,optimal,-1,77.2417,0.0085,250.5,0.024,250.476,53.0201,Discharge,197.4559,24.2131,3.7533,optimal,-1,23.3672,0.0026,87.418,0.0,87.418,16.0633,Discharge,71.3547,7.3013,3.6331,optimal,-1,123.9762,0.0137,441.362,0.05,441.312,85.0805,Discharge,356.2315,38.8821,3.7736,optimal,-1,33.7527,0.0037,94.214,0.012,94.202,23.1873,Discharge,71.0147,10.5616,3.6859,optimal,-1,29.2091,0.0032,108.368,0.0,108.368,20.0706,Discharge,88.2974,9.1352,3.6674,optimal,-1,44.7872,0.005,161.984,0.024,161.96,30.7566,Discharge,131.2034,14.0257,3.7151,optimal,-1
92,2,44,2861.122,2396.0799,56.4187,0.0072,214.814,0.014,214.8,35.6619,Discharge,179.1381,20.7496,1.9963,1.9963,optimal,-1,34.8469,0.0045,131.002,0.0,131.002,22.0393,Discharge,108.9627,12.8031,1.9575,optimal,-1,37.6125,0.0048,149.096,0.012,149.084,23.7858,Discharge,125.2982,13.8219,1.9649,optimal,-1,25.4437,0.0033,111.558,0.002,111.556,16.1015,Discharge,95.4545,9.339,1.9202,optimal,-1,87.9468,0.0113,340.536,0.026,340.51,55.573,Discharge,284.937,32.3625,2.0193,optimal,-1,85.7343,0.011,333.282,0.026,333.256,54.1758,Discharge,279.0802,31.5476,2.0182,optimal,-1,87.9468,0.0113,342.73,0.014,342.716,55.573,Discharge,287.143,32.3625,2.0193,optimal,-1,36.5062,0.0047,134.292,0.012,134.28,23.0872,Discharge,111.1928,13.4144,1.962,optimal,-1,0.0,0.0,0.0,0.0,0.0,-0.0,Idle,0.0,0.0,-1,optimal,-1,0.0,0.0,0.0,0.0,0.0,-0.0,Idle,0.0,0.0,-1,optimal,-1,65.8219,0.0084,248.218,0.016,248.202,41.6003,Discharge,206.6017,24.2131,2.0054,optimal,-1,19.9125,0.0025,75.17,0.012,75.158,12.6086,Discharge,62.5494,7.3013,1.8819,optimal,-1,105.6468,0.0135,442.296,0.014,442.282,66.7513,Discharge,375.5307,38.8821,2.0262,optimal,-1,28.7625,0.0037,85.348,0.012,85.336,18.1972,Discharge,67.1388,10.5616,1.9361,optimal,-1,24.8906,0.0032,93.054,0.002,93.052,15.7522,Discharge,77.2998,9.1352,1.9172,optimal,-1,38.1656,0.0049,159.9,0.012,159.888,24.135,Discharge,135.753,14.0257,1.9662,optimal,-1
93,2,45,2487.716,2302.9044,55.9423,0.0071,198.362,0.026,198.336,14.186,Discharge,184.15,41.7492,1.3009,1.3009,optimal,-1,34.5526,0.0044,113.96,0.014,113.946,8.6921,Discharge,105.2539,25.8562,1.2676,optimal,-1,37.2949,0.0048,130.578,0.012,130.566,9.3963,Discharge,121.1697,27.8938,1.274,optimal,-1,25.2289,0.0032,89.936,0.0,89.936,6.2976,Discharge,83.6384,18.928,1.2357,optimal,-1,87.2042,0.0111,294.784,0.026,294.758,22.218,Discharge,272.54,64.9751,1.3206,optimal,-1,85.0104,0.0108,282.2,0.026,282.174,21.6544,Discharge,260.5196,63.3452,1.3197,optimal,-1,87.2042,0.0111,304.28,0.028,304.252,22.218,Discharge,282.034,64.9751,1.3206,optimal,-1,36.198,0.0046,121.546,0.024,121.522,9.1146,Discharge,112.4074,27.0788,1.2715,optimal,-1,0.0,0.0,0.0,0.0,0.0,-0.0,Idle,0.0,0.0,-1,optimal,-1,0.0,0.0,0.0,0.0,0.0,-0.0,Idle,0.0,0.0,-1,optimal,-1,65.2661,0.0083,208.228,0.026,208.202,16.5815,Discharge,191.6205,48.6763,1.3087,optimal,-1,19.7444,0.0025,59.156,0.0,59.156,4.8892,Discharge,54.2668,14.8527,1.2028,optimal,-1,104.7548,0.0134,389.896,0.026,389.87,26.7273,Discharge,363.1427,78.0141,1.3265,optimal,-1,28.5196,0.0036,74.15,0.014,74.136,7.1427,Discharge,66.9933,21.3733,1.2493,optimal,-1,24.6804,0.0031,79.718,0.012,79.706,6.1568,Discharge,73.5492,18.5205,1.2331,optimal,-1,37.8433,0.0048,141.156,0.0,141.156,9.5371,Discharge,131.6189,28.3014,1.2751,optimal,-1
94,2,46,2227.098,2074.1146,53.5011,0.0069,178.398,0.012,178.386,11.7451,Discharge,166.6409,41.7492,0.7252,0.7252,optimal,-1,33.0448,0.0042,109.324,0.014,109.31,7.1844,Discharge,102.1256,25.8562,0.6974,optimal,-1,35.6674,0.0046,112.782,0.002,112.78,7.769,Discharge,105.011,27.8938,0.7027,optimal,-1,24.128,0.0031,75.996,0.0,75.996,5.1968,Discharge,70.7992,18.928,0.6708,optimal,-1,83.3988,0.0107,266.784,0.024,266.76,18.413,Discharge,248.347,64.9751,0.7416,optimal,-1,81.3007,0.0104,249.568,0.004,249.564,17.945,Discharge,231.619,63.3452,0.7408,optimal,-1,83.3988,0.0107,275.176,0.026,275.15,18.413,Discharge,256.737,64.9751,0.7416,optimal,-1,34.6184,0.0044,111.702,0.002,111.7,7.5352,Discharge,104.1648,27.0788,0.7007,optimal,-1,0.0,0.0,0.0,0.0,0.0,-0.0,Idle,0.0,0.0,-1,optimal,-1,0.0,0.0,0.0,0.0,0.0,-0.0,Idle,0.0,0.0,-1,optimal,-1,62.418,0.008,179.394,0.0,179.394,13.7337,Discharge,165.6603,48.6763,0.7317,optimal,-1,18.8827,0.0024,52.694,0.012,52.682,4.0276,Discharge,48.6544,14.8527,0.6434,optimal,-1,100.1835,0.0129,347.98,0.016,347.964,22.1565,Discharge,325.8075,78.0141,0.7465,optimal,-1,27.2751,0.0035,66.774,0.0,66.774,5.8983,Discharge,60.8757,21.3733,0.6822,optimal,-1,23.6034,0.003,72.564,0.0,72.564,5.0799,Discharge,67.4841,18.5205,0.6686,optimal,-1,36.1919,0.0047,128.086,0.012,128.074,7.8859,Discharge,120.1881,28.3014,0.7037,optimal,-1
95,2,47,1848.164,1709.038,52.4384,0.0069,149.682,0.0,149.682,10.6823,Discharge,138.9997,41.7492,0.2015,0.2015,optimal,-1,32.3884,0.0043,98.964,0.0,98.964,6.528,Discharge,92.436,25.8562,0.1793,optimal,-1,34.9589,0.0046,85.292,0.014,85.278,7.0605,Discharge,78.2175,27.8938,0.1836,optimal,-1,23.6487,0.0031,57.216,0.026,57.19,4.7175,Discharge,52.4725,18.928,0.158,optimal,-1,81.7422,0.0108,228.634,0.0,228.634,16.7563,Discharge,211.8777,64.9751,0.2147,optimal,-1,79.6858,0.0105,201.306,0.04,201.266,16.3301,Discharge,184.9359,63.3452,0.214,optimal,-1,81.7422,0.0108,237.832,0.0,237.832,16.7563,Discharge,221.0757,64.9751,0.2147,optimal,-1,33.9307,0.0045,86.256,0.014,86.242,6.8475,Discharge,79.3945,27.0788,0.1819,optimal,-1,0.0,0.0,0.0,0.0,0.0,-0.0,Idle,0.0,0.0,-1,optimal,-1,0.0,0.0,0.0,0.0,0.0,-0.0,Idle,0.0,0.0,-1,optimal,-1,61.1781,0.0081,157.766,0.026,157.74,12.4938,Discharge,145.2462,48.6763,0.2067,optimal,-1,18.5077,0.0024,46.702,0.0,46.702,3.6526,Discharge,43.0494,14.8527,0.1361,optimal,-1,98.1935,0.0129,272.998,0.04,272.958,20.1664,Discharge,252.7916,78.0141,0.2186,optimal,-1,26.7333,0.0035,63.454,0.0,63.454,5.3565,Discharge,58.0975,21.3733,0.1671,optimal,-1,23.1346,0.003,67.99,0.0,67.99,4.611,Discharge,63.379,18.5205,0.1563,optimal,-1,35.473,0.0047,94.232,0.0,94.232,7.167,Discharge,87.065,28.3014,0.1843,optimal,-1
96,2,48,1702.77,1763.0075,37.1488,0.0068,129.88,0.002,129.878,-4.6072,Charge,134.4852,41.7492,0.4274,0.4274,optimal,-1,22.9448,0.0042,94.032,0.002,94.03,-2.9155,Charge,96.9455,25.8562,0.4107,optimal,-1,24.7659,0.0046,83.386,0.0,83.386,-3.1325,Charge,86.5185,27.8938,0.4139,optimal,-1,16.7534,0.0031,53.792,0.0,53.792,-2.1777,Charge,55.9697,18.928,0.3948,optimal,-1,57.9084,0.0107,208.692,0.002,208.69,-7.0773,Charge,215.7673,64.9751,0.4372,optimal,-1,56.4516,0.0104,186.17,0.002,186.168,-6.904,Charge,193.072,63.3452,0.4368,optimal,-1,57.9084,0.0107,216.158,0.004,216.154,-7.0773,Charge,223.2313,64.9751,0.4372,optimal,-1,24.0375,0.0044,81.85,0.0,81.85,-3.0457,Charge,84.8957,27.0788,0.4127,optimal,-1,0.0,0.0,0.0,0.0,0.0,-0.0,Idle,0.0,0.0,-1,optimal,-1,0.0,0.0,0.0,0.0,0.0,-0.0,Idle,0.0,0.0,-1,optimal,-1,43.3403,0.008,142.7,0.002,142.698,-5.344,Charge,148.042,48.6763,0.4313,optimal,-1,13.1113,0.0024,36.684,0.0,36.684,-1.7437,Charge,38.4277,14.8527,0.3783,optimal,-1,69.5629,0.0128,260.838,0.002,260.836,-8.464,Charge,269.3,78.0141,0.4402,optimal,-1,18.9386,0.0035,56.22,0.0,56.22,-2.4381,Charge,58.6581,21.3733,0.4016,optimal,-1,16.3892,0.003,55.682,0.002,55.68,-2.1343,Charge,57.8143,18.5205,0.3934,optimal,-1,25.1301,0.0046,96.704,0.0,96.704,-3.1759,Charge,99.8799,28.3014,0.4145,optimal,-1
97,3,1,1505.51,1523.8181,40.3647,0.0071,102.93,0.012,102.918,-1.3916,Charge,104.3096,41.7492,0.4956,0.4956,optimal,-1,24.9311,0.0044,85.804,0.0,85.804,-0.9294,Charge,86.7334,25.8562,0.4845,optimal,-1,26.9098,0.0047,78.166,0.0,78.166,-0.9888,Charge,79.1548,27.8938,0.4866,optimal,-1,18.2037,0.0032,54.482,0.0,54.482,-0.7275,Charge,55.2095,18.928,0.4738,optimal,-1,62.9215,0.0111,173.546,0.024,173.522,-2.0647,Charge,175.5867,64.9751,0.5021,optimal,-1,61.3385,0.0108,177.078,0.012,177.066,-2.0175,Charge,179.0835,63.3452,0.5018,optimal,-1,62.9215,0.0111,184.44,0.012,184.428,-2.0647,Charge,186.4927,64.9751,0.5021,optimal,-1,26.1183,0.0046,77.342,0.0,77.342,-0.965,Charge,78.307,27.0788,0.4858,optimal,-1,0.0,0.0,0.0,0.0,0.0,-0.0,Idle,0.0,0.0,-1,optimal,-1,0.0,0.0,0.0,0.0,0.0,-0.0,Idle,0.0,0.0,-1,optimal,-1,47.0922,0.0083,126.232,0.012,126.22,-1.5924,Charge,127.8124,48.6763,0.4982,optimal,-1,14.2464,0.0025,27.77,0.0,27.77,-0.6088,Charge,28.3788,14.8527,0.4629,optimal,-1,75.5849,0.0133,242.134,0.012,242.122,-2.4425,Charge,244.5645,78.0141,0.5041,optimal,-1,20.5781,0.0036,47.828,0.012,47.816,-0.7988,Charge,48.6148,21.3733,0.4784,optimal,-1,17.808,0.0031,42.31,0.0,42.31,-0.7157,Charge,43.0257,18.5205,0.473,optimal,-1,27.3055,0.0048,85.556,0.012,85.544,-1.0006,Charge,86.5446,28.3014,0.487,optimal,-1
98,3,2,1455.458,1385.808,47.1097,0.0064,97.436,0.014,97.422,5.3541,Discharge,92.0679,41.7492,0.2331,0.2331,optimal,-1,29.0972,0.004,84.566,0.0,84.566,3.237,Discharge,81.329,25.8562,0.2276,optimal,-1,31.4065,0.0043,70.296,0.0,70.296,3.5083,Discharge,66.7877,27.8938,0.2286,optimal,-1,21.2456,0.0029,57.784,0.014,57.77,2.3146,Discharge,55.4554,18.928,0.2222,optimal,-1,73.4357,0.01,169.026,0.014,169.012,8.4506,Discharge,160.5614,64.9751,0.2364,optimal,-1,71.5883,0.0098,171.958,0.014,171.944,8.2333,Discharge,163.7107,63.3452,0.2362,optimal,-1,73.4357,0.01,180.172,0.014,180.158,8.4506,Discharge,171.7074,64.9751,0.2364,optimal,-1,30.4828,0.0042,66.358,0.0,66.358,3.3998,Discharge,62.9582,27.0788,0.2282,optimal,-1,0.0,0.0,0.0,0.0,0.0,-0.0,Idle,0.0,0.0,-1,optimal,-1,0.0,0.0,0.0,0.0,0.0,-0.0,Idle,0.0,0.0,-1,optimal,-1,54.9613,0.0075,123.18,0.026,123.154,6.2775,Discharge,116.8765,48.6763,0.2344,optimal,-1,16.627,0.0023,25.2,0.002,25.198,1.772,Discharge,23.426,14.8527,0.2168,optimal,-1,88.2152,0.0121,240.394,0.002,240.392,10.189,Discharge,230.203,78.0141,0.2374,optimal,-1,24.0167,0.0033,44.652,0.012,44.64,2.6402,Discharge,41.9998,21.3733,0.2245,optimal,-1,20.7837,0.0028,37.64,0.012,37.628,2.2604,Discharge,35.3676,18.5205,0.2218,optimal,-1,31.8683,0.0044,86.922,0.002,86.92,3.5626,Discharge,83.3574,28.3014,0.2288,optimal,-1
99,3,3,1345.314,1283.4687,46.5108,0.0061,91.564,0.0,91.564,4.7555,Discharge,86.8085,41.7492,0.0,0.0,optimal,-1,28.7273,0.0038,73.822,0.0,73.822,2.8673,Discharge,70.9547,25.8562,-0.0,optimal,-1,31.0072,0.0041,69.804,0.024,69.78,3.1093,Discharge,66.6707,27.8938,0.0,optimal,-1,20.9755,0.0027,51.498,0.012,51.486,2.0447,Discharge,49.4413,18.928,0.0,optimal,-1,72.5021,0.0095,156.086,0.0,156.086,7.5175,Discharge,148.5685,64.9751,-0.0,optimal,-1,70.6782,0.0093,159.536,0.036,159.5,7.3237,Discharge,152.1763,63.3452,0.0,optimal,-1,72.5021,0.0095,163.104,0.0,163.104,7.5175,Discharge,155.5865,64.9751,-0.0,optimal,-1,30.0952,0.0039,66.982,0.024,66.958,3.0125,Discharge,63.9455,27.0788,-0.0,optimal,-1,0.0,0.0,0.0,0.0,0.0,-0.0,Idle,0.0,0.0,-1,optimal,-1,0.0,0.0,0.0,0.0,0.0,-0.0,Idle,0.0,0.0,-1,optimal,-1,54.2626,0.0071,109.084,0.012,109.072,5.5792,Discharge,103.4928,48.6763,0.0,optimal,-1,16.4156,0.0021,25.736,0.0,25.736,1.5608,Discharge,24.1752,14.8527,0.0,optimal,-1,87.0937,0.0114,222.054,0.024,222.03,9.0682,Discharge,212.9618,78.0141,0.0,optimal,-1,23.7114,0.0031,38.658,0.012,38.646,2.335,Discharge,36.311,21.3733,-0.0,optimal,-1,20.5195,0.0027,35.63,0.0,35.63,1.9963,Discharge,33.6337,18.5205,-0.0,optimal,-1,31.4632,0.0041,81.9,0.0,81.9,3.1577,Discharge,78.7423,28.3014,0.0,optimal,-1
100,3,4,1233.78,1233.7788,37.6389,0.006,81.062,0.036,81.026,0.0001,Idle,81.0259,37.6327,-0.0,-0.0,optimal,-1,23.2475,0.0037,70.192,0.0,70.192,0.0001,Idle,70.1919,23.2438,-0.0,optimal,-1,25.0926,0.004,64.716,0.0,64.716,0.0001,Idle,64.7159,25.0885,-0.0,optimal,-1,16.9744,0.0027,47.654,0.0,47.654,0.0,Idle,47.654,16.9716,-0.0,optimal,-1,58.6723,0.0094,140.422,0.036,140.386,0.0001,Idle,140.3859,58.6628,-0.0,optimal,-1,57.1963,0.0092,150.604,0.0,150.604,0.0001,Idle,150.6039,57.187,-0.0,optimal,-1,58.6723,0.0094,148.448,0.036,148.412,0.0001,Idle,148.4119,58.6628,-0.0,optimal,-1,24.3546,0.0039,60.736,0.0,60.736,0.0001,Idle,60.7359,24.3506,-0.0,optimal,-1,0.0,0.0,0.0,0.0,0.0,-0.0,Idle,0.0,0.0,-1,optimal,-1,0.0,0.0,0.0,0.0,0.0,-0.0,Idle,0.0,0.0,-1,optimal,-1,43.912,0.007,101.86,0.012,101.848,0.0001,Idle,101.8479,43.9049,-0.0,optimal,-1,13.2843,0.0021,24.79,0.024,24.766,0.0,Idle,24.766,13.2821,-0.0,optimal,-1,70.4806,0.0113,205.088,0.0,205.088,0.0002,Idle,205.0878,70.4692,-0.0,optimal,-1,19.1884,0.0031,33.034,0.0,33.034,0.0,Idle,33.034,19.1853,-0.0,optimal,-1,16.6054,0.0027,33.194,0.024,33.17,0.0,Idle,33.17,16.6027,-0.0,optimal,-1,25.4616,0.0041,72.16,0.012,72.148,0.0001,Idle,72.1479,25.4574,-0.0,optimal,-1
101,3,5,1231.574,1231.5746,32.7218,0.006,72.71,0.012,72.698,-0.0,Idle,72.698,32.7158,0.0,0.0,optimal,-1,20.2105,0.0037,72.574,0.0,72.574,-0.0,Idle,72.574,20.2068,0.0,optimal,-1,21.8145,0.004,64.064,0.0,64.064,-0.0,Idle,64.064,21.8105,0.0,optimal,-1,14.7569,0.0027,54.866,0.0,54.866,-0.0,Idle,54.866,14.7542,0.0,optimal,-1,51.0075,0.0094,134.098,0.024,134.074,-0.0001,Idle,134.0741,50.9982,0.0,optimal,-1,49.7243,0.0092,158.83,0.012,158.818,-0.0001,Idle,158.8181,49.7152,0.0,optimal,-1,51.0075,0.0094,143.892,0.012,143.88,-0.0001,Idle,143.8801,50.9982,0.0,optimal,-1,21.1729,0.0039,57.182,0.0,57.182,-0.0,Idle,57.182,21.1691,0.0,optimal,-1,0.0,0.0,0.0,0.0,0.0,-0.0,Idle,0.0,0.0,-1,optimal,-1,0.0,0.0,0.0,0.0,0.0,-0.0,Idle,0.0,0.0,-1,optimal,-1,38.1755,0.0071,108.656,0.012,108.644,-0.0001,Idle,108.6441,38.1685,0.0,optimal,-1,11.5489,0.0021,22.526,0.012,22.514,-0.0,Idle,22.514,11.5468,0.0,optimal,-1,61.2732,0.0113,209.052,0.0,209.052,-0.0001,Idle,209.0521,61.262,0.0,optimal,-1,16.6817,0.0031,34.832,0.012,34.82,-0.0,Idle,34.82,16.6787,0.0,optimal,-1,14.4361,0.0027,28.43,0.012,28.418,-0.0,Idle,28.418,14.4335,0.0,optimal,-1,22.1353,0.0041,69.97,0.0,69.97,-0.0,Idle,69.97,22.1313,0.0,optimal,-1
102,3,6,1217.484,1226.2428,27.2894,0.006,83.71,0.038,83.672,-0.6691,Charge,84.3411,27.9525,0.0328,0.0328,optimal,-1,16.8552,0.0037,65.82,0.0,65.82,-0.4269,Idle,66.2469,17.2785,0.0339,optimal,-1,18.1929,0.004,56.666,0.012,56.654,-0.458,Idle,57.112,18.6469,0.0337,optimal,-1,12.307,0.0027,53.222,0.036,53.186,-0.3214,Idle,53.5074,12.6257,0.0349,optimal,-1,42.5393,0.0093,140.454,0.038,140.416,-1.023,Charge,141.439,43.5531,0.0322,optimal,-1,41.4692,0.009,147.06,0.048,147.012,-0.9982,Charge,148.0102,42.4583,0.0322,optimal,-1,42.5393,0.0093,147.658,0.038,147.62,-1.023,Charge,148.643,43.5531,0.0322,optimal,-1,17.6578,0.0039,52.402,0.012,52.39,-0.4456,Idle,52.8356,18.0995,0.0338,optimal,-1,0.0,0.0,0.0,0.0,0.0,-0.0,Idle,0.0,0.0,-1,optimal,-1,0.0,0.0,0.0,0.0,0.0,-0.0,Idle,0.0,0.0,-1,optimal,-1,31.8376,0.0069,112.388,0.038,112.35,-0.7747,Charge,113.1247,32.6053,0.0325,optimal,-1,9.6315,0.0021,24.552,0.024,24.528,-0.2593,Idle,24.7873,9.8887,0.036,optimal,-1,51.1007,0.0111,192.982,0.048,192.934,-1.2217,Charge,194.1557,52.3113,0.032,optimal,-1,13.9122,0.003,39.65,0.012,39.638,-0.3586,Idle,39.9966,14.2678,0.0345,optimal,-1,12.0394,0.0026,36.544,0.026,36.518,-0.3152,Idle,36.8332,12.352,0.035,optimal,-1,18.4605,0.004,64.758,0.012,64.746,-0.4642,Idle,65.2102,18.9206,0.0336,optimal,-1
103,3,7,1142.534,1179.7331,25.1088,0.0061,78.624,0.0,78.624,-2.8502,Charge,81.4742,27.953,0.1725,0.1725,optimal,-1,15.5084,0.0037,58.506,0.012,58.494,-1.7741,Charge,60.2681,17.2787,0.1747,optimal,-1,16.7392,0.004,55.948,0.0,55.948,-1.9121,Charge,57.8601,18.6472,0.1743,optimal,-1,11.3236,0.0027,49.652,0.0,49.652,-1.305,Charge,50.957,12.6258,0.1768,optimal,-1,39.1402,0.0094,133.058,0.024,133.034,-4.423,Charge,137.457,43.5538,0.1713,optimal,-1,38.1555,0.0092,136.84,0.012,136.828,-4.3127,Charge,141.1407,42.459,0.1713,optimal,-1,39.1402,0.0094,136.054,0.012,136.042,-4.423,Charge,140.465,43.5538,0.1713,optimal,-1,16.2469,0.0039,51.3,0.0,51.3,-1.8569,Charge,53.1569,18.0998,0.1744,optimal,-1,0.0,0.0,0.0,0.0,0.0,-0.0,Idle,0.0,0.0,-1,optimal,-1,0.0,0.0,0.0,0.0,0.0,-0.0,Idle,0.0,0.0,-1,optimal,-1,29.2936,0.0071,106.226,0.012,106.214,-3.3193,Charge,109.5333,32.6058,0.172,optimal,-1,8.8619,0.0021,22.75,0.0,22.75,-1.0291,Charge,23.7791,9.8889,0.1789,optimal,-1,47.0174,0.0113,181.17,0.012,181.158,-5.306,Charge,186.464,52.3121,0.1709,optimal,-1,12.8006,0.0031,38.7,0.012,38.688,-1.4706,Charge,40.1586,14.268,0.1759,optimal,-1,11.0774,0.0027,32.568,0.0,32.568,-1.2774,Charge,33.8454,12.3521,0.177,optimal,-1,16.9854,0.0041,61.246,0.012,61.234,-1.9397,Charge,63.1737,18.9209,0.1742,optimal,-1
104,3,8,1067.822,1119.4211,24.0044,0.0061,75.408,0.024,75.384,-3.9546,Charge,79.3386,27.953,0.3664,0.3664,optimal,-1,14.8263,0.0037,58.924,0.06,58.864,-2.4562,Charge,61.3202,17.2787,0.3696,optimal,-1,16.003,0.004,49.434,0.002,49.432,-2.6483,Charge,52.0803,18.6472,0.369,optimal,-1,10.8255,0.0027,41.25,0.0,41.25,-1.8031,Charge,43.0531,12.6258,0.3728,optimal,-1,37.4187,0.0095,129.572,0.072,129.5,-6.1446,Charge,135.6446,43.5538,0.3645,optimal,-1,36.4773,0.0092,121.806,0.014,121.792,-5.9909,Charge,127.7829,42.459,0.3646,optimal,-1,37.4187,0.0095,132.636,0.072,132.564,-6.1446,Charge,138.7086,43.5538,0.3645,optimal,-1,15.5323,0.0039,46.228,0.014,46.214,-2.5715,Charge,48.7855,18.0998,0.3692,optimal,-1,0.0,0.0,0.0,0.0,0.0,-0.0,Idle,0.0,0.0,-1,optimal,-1,0.0,0.0,0.0,0.0,0.0,-0.0,Idle,0.0,0.0,-1,optimal,-1,28.0052,0.0071,98.35,0.024,98.326,-4.6077,Charge,102.9337,32.6058,0.3656,optimal,-1,8.4722,0.0021,18.39,0.0,18.39,-1.4188,Charge,19.8088,9.8889,0.376,optimal,-1,44.9495,0.0114,166.992,0.062,166.93,-7.374,Charge,174.304,52.3121,0.3639,optimal,-1,12.2376,0.0031,37.906,0.012,37.894,-2.0336,Charge,39.9276,14.268,0.3714,optimal,-1,10.5902,0.0027,30.022,0.012,30.01,-1.7646,Charge,31.7746,12.3521,0.373,optimal,-1,16.2383,0.0041,61.308,0.036,61.272,-2.6867,Charge,63.9587,18.9209,0.3689,optimal,-1
105,3,9,1022.042,1073.641,24.0044,0.0061,64.512,0.002,64.51,-3.9546,Charge,68.4646,27.953,0.5602,0.5602,optimal,-1,14.8263,0.0037,58.962,0.0,58.962,-2.4562,Charge,61.4182,17.2787,0.5646,optimal,-1,16.003,0.004,50.81,0.012,50.798,-2.6483,Charge,53.4463,18.6472,0.5637,optimal,-1,10.8255,0.0027,40.824,0.014,40.81,-1.803,Charge,42.613,12.6258,0.5687,optimal,-1,37.4187,0.0094,119.112,0.002,119.11,-6.1445,Charge,125.2545,43.5538,0.5577,optimal,-1,36.4773,0.0092,125.346,0.026,125.32,-5.9909,Charge,131.3109,42.459,0.5578,optimal,-1,37.4187,0.0094,121.138,0.002,121.136,-6.1445,Charge,127.2805,43.5538,0.5577,optimal,-1,15.5323,0.0039,47.63,0.012,47.618,-2.5715,Charge,50.1895,18.0998,0.564,optimal,-1,0.0,0.0,0.0,0.0,0.0,-0.0,Idle,0.0,0.0,-1,optimal,-1,0.0,0.0,0.0,0.0,0.0,-0.0,Idle,0.0,0.0,-1,optimal,-1,28.0052,0.0071,90.378,0.014,90.364,-4.6077,Charge,94.9717,32.6058,0.5592,optimal,-1,8.4722,0.0021,20.6,0.002,20.598,-1.4188,Charge,22.0168,9.8889,0.5731,optimal,-1,44.9495,0.0113,164.322,0.026,164.296,-7.374,Charge,171.67,52.3121,0.557,optimal,-1,12.2376,0.0031,33.26,0.0,33.26,-2.0336,Charge,35.2936,14.268,0.567,optimal,-1,10.5902,0.0027,27.052,0.0,27.052,-1.7646,Charge,28.8166,12.3521,0.5691,optimal,-1,16.2383,0.0041,58.21,0.002,58.208,-2.6867,Charge,60.8947,18.9209,0.5636,optimal,-1
106,3,10,987.948,1042.263,23.7962,0.0061,58.81,0.024,58.786,-4.1629,Charge,62.9489,27.953,0.7643,0.7643,optimal,-1,14.6977,0.0038,58.72,0.0,58.72,-2.5848,Charge,61.3048,17.2787,0.7697,optimal,-1,15.8641,0.0041,53.05,0.0,53.05,-2.7872,Charge,55.8372,18.6472,0.7687,optimal,-1,10.7316,0.0028,37.266,0.0,37.266,-1.897,Charge,39.163,12.6258,0.7749,optimal,-1,37.0941,0.0096,114.86,0.024,114.836,-6.4692,Charge,121.3052,43.5538,0.7611,optimal,-1,36.1609,0.0093,121.27,0.0,121.27,-6.3074,Charge,127.5774,42.459,0.7613,optimal,-1,37.0941,0.0096,116.692,0.024,116.668,-6.4692,Charge,123.1372,43.5538,0.7611,optimal,-1,15.3976,0.004,45.028,0.0,45.028,-2.7062,Charge,47.7342,18.0998,0.7691,optimal,-1,0.0,0.0,0.0,0.0,0.0,-0.0,Idle,0.0,0.0,-1,optimal,-1,0.0,0.0,0.0,0.0,0.0,-0.0,Idle,0.0,0.0,-1,optimal,-1,27.7623,0.0072,85.078,0.0,85.078,-4.8507,Charge,89.9287,32.6058,0.763,optimal,-1,8.3987,0.0022,20.334,0.012,20.322,-1.4924,Charge,21.8144,9.8889,0.7803,optimal,-1,44.5596,0.0115,162.764,0.012,162.752,-7.764,Charge,170.516,52.3121,0.7602,optimal,-1,12.1314,0.0031,29.976,0.0,29.976,-2.1398,Charge,32.1158,14.268,0.7727,optimal,-1,10.4983,0.0027,25.184,0.012,25.172,-1.8565,Charge,27.0285,12.3521,0.7754,optimal,-1,16.0974,0.0042,59.036,0.012,59.024,-2.8276,Charge,61.8516,18.9209,0.7685,optimal,-1
107,3,11,936.454,987.568,24.0417,0.0061,58.518,0.0,58.518,-3.9174,Charge,62.4354,27.953,0.9563,0.9563,optimal,-1,14.8493,0.0038,53.77,0.0,53.77,-2.4332,Charge,56.2032,17.2787,0.9628,optimal,-1,16.0278,0.0041,49.55,0.012,49.538,-2.6235,Charge,52.1615,18.6472,0.9616,optimal,-1,10.8423,0.0028,35.62,0.0,35.62,-1.7863,Charge,37.4063,12.6258,0.9691,optimal,-1,37.4768,0.0096,109.798,0.0,109.798,-6.0866,Charge,115.8846,43.5538,0.9525,optimal,-1,36.534,0.0093,112.662,0.012,112.65,-5.9343,Charge,118.5843,42.459,0.9527,optimal,-1,37.4768,0.0096,111.964,0.0,111.964,-6.0866,Charge,118.0506,43.5538,0.9525,optimal,-1,15.5564,0.004,41.374,0.012,41.362,-2.5474,Charge,43.9094,18.0998,0.962,optimal,-1,0.0,0.0,0.0,0.0,0.0,-0.0,Idle,0.0,0.0,-1,optimal,-1,0.0,0.0,0.0,0.0,0.0,-0.0,Idle,0.0,0.0,-1,optimal,-1,28.0487,0.0072,80.566,0.0,80.566,-4.5643,Charge,85.1303,32.6058,0.9548,optimal,-1,8.4853,0.0022,20.264,0.0,20.264,-1.4057,Charge,21.6697,9.8889,0.9756,optimal,-1,45.0193,0.0115,152.88,0.012,152.868,-7.3043,Charge,160.1723,52.3121,0.9514,optimal,-1,12.2566,0.0031,28.264,0.0,28.264,-2.0146,Charge,30.2786,14.268,0.9664,optimal,-1,10.6066,0.0027,24.762,0.0,24.762,-1.7482,Charge,26.5102,12.3521,0.9696,optimal,-1,16.2635,0.0042,56.51,0.0,56.51,-2.6616,Charge,59.1716,18.9209,0.9613,optimal,-1
108,3,12,856.102,895.385,24.9496,0.0067,54.544,0.036,54.508,-3.0101,Charge,57.5181,27.953,1.1039,1.1039,optimal,-1,15.41,0.0041,50.254,0.0,50.254,-1.8728,Charge,52.1268,17.2787,1.1115,optimal,-1,16.633,0.0044,47.008,0.024,46.984,-2.0186,Charge,49.0026,18.6472,1.11,optimal,-1,11.2518,0.003,28.188,0.012,28.176,-1.3771,Charge,29.5531,12.6258,1.1188,optimal,-1,38.892,0.0104,101.46,0.036,101.424,-4.6722,Charge,106.0962,43.5538,1.0995,optimal,-1,37.9136,0.0101,101.052,0.036,101.016,-4.5555,Charge,105.5715,42.459,1.0997,optimal,-1,38.892,0.0104,104.83,0.036,104.794,-4.6722,Charge,109.4662,43.5538,1.0995,optimal,-1,16.1438,0.0043,40.81,0.024,40.786,-1.9603,Charge,42.7463,18.0998,1.1105,optimal,-1,0.0,0.0,0.0,0.0,0.0,-0.0,Idle,0.0,0.0,-1,optimal,-1,0.0,0.0,0.0,0.0,0.0,-0.0,Idle,0.0,0.0,-1,optimal,-1,29.1078,0.0078,69.976,0.036,69.94,-3.5058,Charge,73.4458,32.6058,1.1021,optimal,-1,8.8057,0.0023,19.334,0.0,19.334,-1.0855,Charge,20.4195,9.8889,1.1263,optimal,-1,46.7193,0.0125,139.212,0.048,139.164,-5.6053,Charge,144.7693,52.3121,1.0982,optimal,-1,12.7194,0.0034,25.516,0.012,25.504,-1.552,Charge,27.056,14.268,1.1156,optimal,-1,11.0072,0.0029,23.242,0.012,23.23,-1.3479,Charge,24.5779,12.3521,1.1194,optimal,-1,16.8776,0.0045,51.0,0.012,50.988,-2.0478,Charge,53.0358,18.9209,1.1097,optimal,-1
109,3,13,780.494,795.1514,26.9549,0.1234,50.982,0.462,50.52,-1.1215,Charge,51.6415,27.953,1.1588,1.1588,optimal,-1,16.6486,0.0762,46.752,0.424,46.328,-0.7063,Charge,47.0343,17.2787,1.1675,optimal,-1,17.9699,0.0822,44.75,0.282,44.468,-0.7596,Charge,45.2276,18.6472,1.1658,optimal,-1,12.1561,0.0556,23.922,0.178,23.744,-0.5254,Charge,24.2694,12.6258,1.1759,optimal,-1,42.0179,0.1923,94.558,0.812,93.746,-1.7282,Charge,95.4742,43.5538,1.1538,optimal,-1,40.9608,0.1875,90.198,0.728,89.47,-1.6856,Charge,91.1556,42.459,1.154,optimal,-1,42.0179,0.1923,97.354,0.812,96.542,-1.7282,Charge,98.2702,43.5538,1.1538,optimal,-1,17.4414,0.0798,37.822,0.352,37.47,-0.7383,Charge,38.2083,18.0998,1.1665,optimal,-1,0.0,0.0,0.0,0.0,0.0,-0.0,Idle,0.0,0.0,-1,optimal,-1,0.0,0.0,0.0,0.0,0.0,-0.0,Idle,0.0,0.0,-1,optimal,-1,31.4473,0.1439,62.988,0.496,62.492,-1.3024,Charge,63.7944,32.6058,1.1568,optimal,-1,9.5135,0.0435,16.396,0.184,16.212,-0.4189,Idle,16.6309,9.8889,1.1845,optimal,-1,50.4743,0.231,129.254,0.908,128.346,-2.0688,Charge,130.4148,52.3121,1.1523,optimal,-1,13.7417,0.0629,22.926,0.296,22.63,-0.5892,Charge,23.2192,14.268,1.1723,optimal,-1,11.8918,0.0544,21.246,0.19,21.056,-0.5147,Charge,21.5707,12.3521,1.1766,optimal,-1,18.2342,0.0835,47.8,0.33,47.47,-0.7702,Charge,48.2402,18.9209,1.1655,optimal,-1
110,3,14,789.852,776.2189,30.5532,1.552,64.394,4.476,59.918,1.0482,Discharge,58.8698,27.953,1.1075,1.1075,optimal,-1,18.8711,0.9586,44.754,3.558,41.196,0.6337,Discharge,40.5623,17.2787,1.1172,optimal,-1,20.3688,1.0347,44.506,2.76,41.746,0.6869,Discharge,41.0591,18.6472,1.1153,optimal,-1,13.7789,0.6999,25.06,1.728,23.332,0.4531,Idle,22.8789,12.6258,1.1266,optimal,-1,47.627,2.4194,106.344,7.152,99.192,1.6539,Discharge,97.5381,43.5538,1.1018,optimal,-1,46.4288,2.3585,92.616,6.93,85.686,1.6114,Discharge,84.0746,42.459,1.1021,optimal,-1,47.627,2.4194,108.532,7.098,101.434,1.6539,Discharge,99.7801,43.5538,1.1018,optimal,-1,19.7697,1.0043,38.128,3.504,34.624,0.6656,Discharge,33.9584,18.0998,1.1161,optimal,-1,0.0,0.0,0.0,0.0,0.0,-0.0,Idle,0.0,0.0,-1,optimal,-1,0.0,0.0,0.0,0.0,0.0,-0.0,Idle,0.0,0.0,-1,optimal,-1,35.6454,1.8107,67.166,4.63,62.536,1.2288,Discharge,61.3072,32.6058,1.1052,optimal,-1,10.7835,0.5478,16.16,1.644,14.516,0.3468,Idle,14.1692,9.8889,1.1363,optimal,-1,57.2123,2.9063,137.182,8.774,128.408,1.9939,Discharge,126.4141,52.3121,1.1001,optimal,-1,15.5761,0.7912,27.46,2.188,25.272,0.5169,Discharge,24.7551,14.268,1.1226,optimal,-1,13.4793,0.6847,22.33,1.964,20.366,0.4425,Idle,19.9235,12.3521,1.1274,optimal,-1,20.6683,1.0499,54.484,2.858,51.626,0.6975,Discharge,50.9285,18.9209,1.115,optimal,-1
111,3,15,685.814,530.2894,30.3184,4.5474,57.26,10.37,46.89,11.9196,Discharge,34.9704,13.8515,0.5232,0.5232,optimal,-1,18.7261,2.8087,43.732,9.09,34.642,7.403,Discharge,27.239,8.5144,0.5297,optimal,-1,20.2123,3.0316,47.83,6.862,40.968,7.9821,Discharge,32.9859,9.1986,0.5284,optimal,-1,13.673,2.0508,26.908,4.03,22.878,5.4343,Discharge,17.4437,6.1879,0.536,optimal,-1,47.2611,7.0886,96.576,16.166,80.41,18.5206,Discharge,61.8894,21.6519,0.5194,optimal,-1,46.0722,6.9103,99.594,17.388,82.206,18.0574,Discharge,64.1486,21.1045,0.5196,optimal,-1,47.2611,7.0886,98.538,16.198,82.34,18.5206,Discharge,63.8194,21.6519,0.5194,optimal,-1,19.6178,2.9424,42.688,9.86,32.828,7.7505,Discharge,25.0775,8.9249,0.5289,optimal,-1,0.0,0.0,0.0,0.0,0.0,-0.0,Idle,0.0,0.0,-1,optimal,-1,0.0,0.0,0.0,0.0,0.0,-0.0,Idle,0.0,0.0,-1,optimal,-1,35.3715,5.3053,66.788,10.574,56.214,13.8883,Discharge,42.3257,16.1779,0.5217,optimal,-1,10.7006,1.605,17.0,3.568,13.432,4.2762,Discharge,9.1558,4.8194,0.5424,optimal,-1,56.7728,8.5152,134.474,21.68,112.794,22.2265,Discharge,90.5675,26.0311,0.5183,optimal,-1,15.4565,2.3183,25.542,4.958,20.584,6.1292,Discharge,14.4548,7.009,0.5333,optimal,-1,13.3758,2.0062,22.938,4.306,18.632,5.3185,Discharge,13.3135,6.0511,0.5365,optimal,-1,20.5095,3.0762,47.42,6.424,40.996,8.0979,Discharge,32.8981,9.3355,0.5282,optimal,-1
112,3,16,494.84,394.8616,30.1482,8.6371,50.038,18.964,31.074,7.6596,Discharge,23.4144,13.8515,0.1477,0.1477,optimal,-1,18.621,5.3347,41.832,15.276,26.556,4.7719,Discharge,21.7841,8.5144,0.1509,optimal,-1,20.0988,5.7581,36.132,12.596,23.536,5.1421,Discharge,18.3939,9.1986,0.1503,optimal,-1,13.5963,3.8952,31.018,8.094,22.924,3.5132,Discharge,19.4108,6.1879,0.1541,optimal,-1,46.9958,13.4638,89.74,29.274,60.466,11.8801,Discharge,48.5859,21.6519,0.1458,optimal,-1,45.8135,13.1251,88.374,31.656,56.718,11.5839,Discharge,45.1341,21.1045,0.1459,optimal,-1,46.9958,13.4638,88.358,29.328,59.03,11.8801,Discharge,47.1499,21.6519,0.1458,optimal,-1,19.5077,5.5887,34.372,16.872,17.5,4.994,Discharge,12.506,8.9249,0.1506,optimal,-1,0.0,0.0,0.0,0.0,0.0,-0.0,Idle,0.0,0.0,-1,optimal,-1,0.0,0.0,0.0,0.0,0.0,-0.0,Idle,0.0,0.0,-1,optimal,-1,35.173,10.0767,67.646,19.756,47.89,8.9184,Discharge,38.9716,16.1779,0.1469,optimal,-1,10.6406,3.0484,17.486,6.558,10.928,2.7727,Discharge,8.1553,4.8194,0.1573,optimal,-1,56.4541,16.1735,114.922,39.258,75.664,14.2495,Discharge,61.4145,26.0311,0.1452,optimal,-1,15.3697,4.4032,27.006,8.814,18.192,3.9574,Discharge,14.2346,7.009,0.1527,optimal,-1,13.3007,3.8105,23.204,7.808,15.396,3.4391,Discharge,11.9569,6.0511,0.1543,optimal,-1,20.3944,5.8428,41.548,12.582,28.966,5.2162,Discharge,23.7498,9.3355,0.1502,optimal,-1
113,3,17,417.11,377.7208,30.6989,13.8345,49.946,26.06,23.886,3.0129,Discharge,20.8731,13.8515,-0.0,-0.0,optimal,-1,18.9611,8.5448,45.578,20.916,24.662,1.9019,Discharge,22.7601,8.5144,-0.0,optimal,-1,20.4659,9.223,37.22,17.19,20.03,2.0443,Discharge,17.9857,9.1986,-0.0,optimal,-1,13.8446,6.2391,29.97,11.724,18.246,1.4176,Discharge,16.8284,6.1879,-0.0,optimal,-1,47.8542,21.5655,94.21,40.914,53.296,4.6368,Discharge,48.6592,21.6519,-0.0,optimal,-1,46.6503,21.023,89.728,44.15,45.578,4.5228,Discharge,41.0552,21.1045,-0.0,optimal,-1,47.8542,21.5655,92.938,41.266,51.672,4.6368,Discharge,47.0352,21.6519,-0.0,optimal,-1,19.864,8.9517,34.848,21.876,12.972,1.9874,Discharge,10.9846,8.9249,-0.0,optimal,-1,0.0,0.0,0.0,0.0,0.0,-0.0,Idle,0.0,0.0,-1,optimal,-1,0.0,0.0,0.0,0.0,0.0,-0.0,Idle,0.0,0.0,-1,optimal,-1,35.8154,16.1402,65.722,28.65,37.072,3.4972,Discharge,33.5748,16.1779,-0.0,optimal,-1,10.8349,4.8828,20.692,9.216,11.476,1.1327,Discharge,10.3433,4.8194,-0.0,optimal,-1,57.4852,25.9057,119.11,53.766,65.344,5.5484,Discharge,59.7956,26.0311,-0.0,optimal,-1,15.6504,7.0529,26.252,12.756,13.496,1.5885,Discharge,11.9075,7.009,-0.0,optimal,-1,13.5436,6.1034,23.292,11.388,11.904,1.3891,Discharge,10.5149,6.0511,-0.0,optimal,-1,20.7669,9.3586,44.916,17.44,27.476,2.0728,Discharge,25.4032,9.3355,-0.0,optimal,-1
114,3,18,329.758,330.8358,30.5931,19.1692,55.696,33.396,22.3,-0.0853,Idle,22.3853,11.5092,0.0042,0.0042,optimal,-1,18.8958,11.8398,48.062,29.082,18.98,-0.0385,Idle,19.0185,7.0944,0.0031,optimal,-1,20.3954,12.7795,35.736,23.866,11.87,-0.0445,Idle,11.9145,7.6604,0.0033,optimal,-1,13.7969,8.6449,33.756,16.228,17.528,-0.018,Idle,17.546,5.17,0.002,optimal,-1,47.6893,29.8814,99.412,54.976,44.436,-0.154,Idle,44.59,17.9619,0.0048,optimal,-1,46.4896,29.1297,92.296,61.696,30.6,-0.1492,Idle,30.7492,17.5091,0.0048,optimal,-1,47.6893,29.8814,100.606,55.12,45.486,-0.154,Idle,45.64,17.9619,0.0048,optimal,-1,19.7956,12.4036,34.988,29.086,5.902,-0.0421,Idle,5.9441,7.434,0.0032,optimal,-1,0.0,0.0,0.0,0.0,0.0,-0.0,Idle,0.0,0.0,-1,optimal,-1,0.0,0.0,0.0,0.0,0.0,-0.0,Idle,0.0,0.0,-1,optimal,-1,35.692,22.3641,69.522,40.086,29.436,-0.1059,Idle,29.5419,13.4339,0.0045,optimal,-1,10.7976,6.7656,21.076,12.062,9.014,-0.006,Idle,9.02,4.038,0.0008,optimal,-1,57.2871,35.8952,124.404,72.984,51.42,-0.1925,Idle,51.6125,21.5844,0.005,optimal,-1,15.5965,9.7725,26.878,18.484,8.394,-0.0252,Idle,8.4192,5.8492,0.0024,optimal,-1,13.497,8.457,24.422,15.522,8.9,-0.0168,Idle,8.9168,5.0568,0.0019,optimal,-1,20.6954,12.9674,48.446,22.954,25.492,-0.0457,Idle,25.5377,7.7736,0.0033,optimal,-1
115,3,19,194.694,287.0205,29.9597,25.4659,54.702,41.616,13.086,-7.0834,Charge,20.1694,11.5772,0.3514,0.3514,optimal,-1,18.5045,15.7289,52.824,37.552,15.272,-4.361,Charge,19.633,7.1366,0.3492,optimal,-1,19.9731,16.9772,35.488,29.262,6.226,-4.7101,Charge,10.9361,7.7059,0.3496,optimal,-1,13.5112,11.4846,29.478,21.974,7.504,-3.1744,Charge,10.6784,5.201,0.347,optimal,-1,46.7018,39.6968,99.726,70.002,29.724,-11.0622,Charge,40.7862,18.0672,0.3527,optimal,-1,45.527,38.6981,91.196,77.732,13.464,-10.7829,Charge,24.2469,17.6118,0.3527,optimal,-1,46.7018,39.6968,104.252,71.67,32.582,-11.0622,Charge,43.6442,18.0672,0.3527,optimal,-1,19.3857,16.4779,31.676,34.736,-3.06,-4.5704,Charge,1.5104,7.4782,0.3494,optimal,-1,0.0,0.0,0.0,0.0,0.0,-0.0,Idle,0.0,0.0,-1,optimal,-1,0.0,0.0,0.0,0.0,0.0,-0.0,Idle,0.0,0.0,-1,optimal,-1,34.953,29.7102,65.93,50.824,15.106,-8.27,Charge,23.376,13.5128,0.3519,optimal,-1,10.574,8.9879,22.486,14.548,7.938,-2.4763,Charge,10.4143,4.0624,0.3448,optimal,-1,56.101,47.6861,126.186,94.702,31.484,-13.2959,Charge,44.7799,21.7108,0.3531,optimal,-1,15.2736,12.9826,24.496,23.272,1.224,-3.5932,Charge,4.8172,5.8842,0.3479,optimal,-1,13.2175,11.2349,23.646,18.722,4.924,-3.1046,Charge,8.0286,5.0871,0.3468,optimal,-1,20.2668,17.2269,49.962,30.742,19.22,-4.7799,Charge,23.9999,7.8198,0.3497,optimal,-1
116,3,20,57.722,265.0458,29.774,34.0995,50.598,48.544,2.054,-15.9027,Charge,17.9567,11.5772,1.131,1.131,optimal,-1,18.3898,21.0615,48.562,42.058,6.504,-9.8083,Charge,16.3123,7.1366,1.1276,optimal,-1,19.8493,22.733,33.988,33.24,0.748,-10.5896,Charge,11.3376,7.7059,1.1282,optimal,-1,13.4275,15.3782,29.502,25.63,3.872,-7.1517,Charge,11.0237,5.201,1.1244,optimal,-1,46.4124,53.1551,94.42,80.824,13.596,-24.81,Charge,38.406,18.0672,1.1329,optimal,-1,45.2448,51.8179,86.988,88.86,-1.872,-24.1849,Charge,22.3129,17.6118,1.1328,optimal,-1,46.4124,53.1551,94.806,82.376,12.43,-24.81,Charge,37.24,18.0672,1.1329,optimal,-1,19.2655,22.0644,32.134,39.234,-7.1,-10.2771,Charge,3.1771,7.4782,1.128,optimal,-1,0.0,0.0,0.0,0.0,0.0,-0.0,Idle,0.0,0.0,-1,optimal,-1,0.0,0.0,0.0,0.0,0.0,-0.0,Idle,0.0,0.0,-1,optimal,-1,34.7363,39.7828,66.126,60.054,6.072,-18.5593,Charge,24.6313,13.5128,1.1317,optimal,-1,10.5085,12.0351,17.76,16.328,1.432,-5.5891,Charge,7.0211,4.0624,1.121,optimal,-1,55.7533,63.853,119.53,108.246,11.284,-29.8105,Charge,41.0945,21.7108,1.1335,optimal,-1,15.1789,17.3841,26.558,27.156,-0.598,-8.0893,Charge,7.4913,5.8842,1.1257,optimal,-1,13.1356,15.0439,19.276,20.984,-1.708,-6.9955,Charge,5.2875,5.0871,1.1241,optimal,-1,20.1412,23.0673,46.678,35.67,11.008,-10.7459,Charge,21.7539,7.8198,1.1284,optimal,-1
117,3,21,3.076,274.0225,29.809,39.0138,55.604,53.854,1.75,-20.7821,Charge,22.5321,11.5772,2.1497,2.1497,optimal,-1,18.4114,24.0968,53.206,48.01,5.196,-12.822,Charge,18.018,7.1366,2.1452,optimal,-1,19.8726,26.0092,29.848,38.66,-8.812,-13.8425,Charge,5.0305,7.7059,2.1461,optimal,-1,13.4433,17.5945,28.464,28.52,-0.056,-9.3522,Charge,9.2962,5.201,2.1409,optimal,-1,46.4669,60.8157,101.37,88.73,12.64,-32.416,Charge,45.056,18.0672,2.1523,optimal,-1,45.2979,59.2857,87.686,101.574,-13.888,-31.5996,Charge,17.7116,17.6118,2.1521,optimal,-1,46.4669,60.8157,106.452,90.544,15.908,-32.416,Charge,48.324,18.0672,2.1523,optimal,-1,19.2882,25.2442,28.052,45.9,-17.848,-13.4343,Charge,-4.4137,7.4782,2.1457,optimal,-1,0.0,0.0,0.0,0.0,0.0,-0.0,Idle,0.0,0.0,-1,optimal,-1,0.0,0.0,0.0,0.0,0.0,-0.0,Idle,0.0,0.0,-1,optimal,-1,34.7771,45.5161,64.828,64.744,0.084,-24.2518,Charge,24.3358,13.5128,2.1507,optimal,-1,10.5208,13.7696,20.512,19.294,1.218,-7.3112,Charge,8.5292,4.0624,2.1365,optimal,-1,55.8188,73.0553,119.794,122.552,-2.758,-38.9473,Charge,36.1893,21.7108,2.153,optimal,-1,15.1967,19.8894,29.03,29.172,-0.142,-10.5768,Charge,10.4348,5.8842,2.1428,optimal,-1,13.151,17.212,22.702,24.196,-1.494,-9.1481,Charge,7.6541,5.0871,2.1406,optimal,-1,20.1649,26.3917,50.856,39.578,11.278,-14.0466,Charge,25.3246,7.8198,2.1462,optimal,-1
118,3,22,-107.056,294.5632,29.8768,49.1032,50.682,62.71,-12.028,-30.8036,Charge,18.7756,11.5772,3.6597,3.6597,optimal,-1,18.4533,30.3285,55.184,53.652,1.532,-19.0118,Charge,20.5438,7.1366,3.6541,optimal,-1,19.9179,32.7355,30.904,42.188,-11.284,-20.5235,Charge,9.2395,7.7059,3.6552,optimal,-1,13.4739,22.1446,31.022,33.708,-2.686,-13.8717,Charge,11.1857,5.201,3.6487,optimal,-1,46.5727,76.5433,96.448,101.464,-5.016,-48.0378,Charge,43.0218,18.0672,3.6629,optimal,-1,45.4011,74.6176,92.758,114.066,-21.308,-46.8283,Charge,25.5203,17.6118,3.6627,optimal,-1,46.5727,76.5433,104.584,103.938,0.646,-48.0378,Charge,48.6838,18.0672,3.6629,optimal,-1,19.3321,31.7727,29.694,50.074,-20.38,-19.9188,Charge,-0.4612,7.4782,3.6548,optimal,-1,0.0,0.0,0.0,0.0,0.0,-0.0,Idle,0.0,0.0,-1,optimal,-1,0.0,0.0,0.0,0.0,0.0,-0.0,Idle,0.0,0.0,-1,optimal,-1,34.8563,57.2871,66.462,75.974,-9.512,-35.9436,Charge,26.4316,13.5128,3.661,optimal,-1,10.5448,17.3305,19.428,22.462,-3.034,-10.8482,Charge,7.8142,4.0624,3.6432,optimal,-1,55.9459,91.9482,121.984,138.002,-16.018,-57.7131,Charge,41.6951,21.7108,3.6639,optimal,-1,15.2313,25.033,29.066,33.52,-4.454,-15.6859,Charge,11.2319,5.8842,3.651,optimal,-1,13.181,21.6632,22.146,28.496,-6.35,-13.5694,Charge,7.2194,5.0871,3.6483,optimal,-1,20.2108,33.2169,47.066,44.23,2.836,-20.8259,Charge,23.6619,7.8198,3.6554,optimal,-1
119,3,23,-174.588,282.4178,30.1807,53.6548,52.282,69.704,-17.422,-35.0513,Charge,17.6293,11.5772,5.3779,5.3779,optimal,-1,18.641,33.1397,52.81,55.244,-2.434,-21.6353,Charge,19.2013,7.1366,5.3712,optimal,-1,20.1205,35.7699,30.858,47.134,-16.276,-23.3553,Charge,7.0793,7.7059,5.3725,optimal,-1,13.6109,24.1973,32.324,34.314,-1.99,-15.7874,Charge,13.7974,5.201,5.3647,optimal,-1,47.0464,83.6383,94.232,110.886,-16.654,-54.6592,Charge,38.0052,18.0672,5.3817,optimal,-1,45.8629,81.5342,95.85,119.878,-24.028,-53.2832,Charge,29.2552,17.6118,5.3816,optimal,-1,47.0464,83.6383,101.718,113.824,-12.106,-54.6592,Charge,42.5532,18.0672,5.3817,optimal,-1,19.5287,34.7178,29.972,53.162,-23.19,-22.6673,Charge,-0.5227,7.4782,5.372,optimal,-1,0.0,0.0,0.0,0.0,0.0,-0.0,Idle,0.0,0.0,-1,optimal,-1,0.0,0.0,0.0,0.0,0.0,-0.0,Idle,0.0,0.0,-1,optimal,-1,35.2108,62.5972,68.126,81.456,-13.33,-40.8992,Charge,27.5692,13.5128,5.3794,optimal,-1,10.652,18.937,18.83,23.206,-4.376,-12.3474,Charge,7.9714,4.0624,5.3581,optimal,-1,56.5149,100.4712,124.176,147.626,-23.45,-65.6671,Charge,42.2171,21.7108,5.3829,optimal,-1,15.3862,27.3534,26.97,36.632,-9.662,-17.8513,Charge,8.1893,5.8842,5.3675,optimal,-1,13.315,23.6712,21.736,29.59,-7.854,-15.4434,Charge,7.5894,5.0871,5.3642,optimal,-1,20.4164,36.2959,46.732,48.548,-1.816,-23.6993,Charge,21.8833,7.8198,5.3727,optimal,-1
120,3,24,-176.106,346.387,30.2564,58.7528,52.246,73.666,-21.42,-40.0736,Charge,18.6536,11.5772,7.3422,7.3422,optimal,-1,18.6878,36.2885,57.002,53.228,3.774,-24.7373,Charge,28.5113,7.1366,7.3345,optimal,-1,20.171,39.1686,31.99,47.326,-15.336,-26.7035,Charge,11.3675,7.7059,7.336,optimal,-1,13.6451,26.4964,31.26,35.376,-4.116,-18.0523,Charge,13.9363,5.201,7.3269,optimal,-1,47.1644,91.5853,99.58,116.066,-16.486,-62.4881,Charge,46.0021,18.0672,7.3468,optimal,-1,45.9779,89.2813,95.564,120.468,-24.904,-60.9151,Charge,36.0111,17.6118,7.3466,optimal,-1,47.1644,91.5853,104.29,117.846,-13.556,-62.4881,Charge,48.9321,18.0672,7.3468,optimal,-1,19.5777,38.0165,31.574,51.624,-20.05,-25.9171,Charge,5.8671,7.4782,7.3354,optimal,-1,0.0,0.0,0.0,0.0,0.0,-0.0,Idle,0.0,0.0,-1,optimal,-1,0.0,0.0,0.0,0.0,0.0,-0.0,Idle,0.0,0.0,-1,optimal,-1,35.2992,68.545,71.386,84.042,-12.656,-46.7586,Charge,34.1026,13.5128,7.3441,optimal,-1,10.6787,20.7363,17.284,26.758,-9.474,-14.12,Charge,4.646,4.0624,7.3192,optimal,-1,56.6567,110.0175,128.538,147.38,-18.842,-75.0717,Charge,56.2297,21.7108,7.3481,optimal,-1,15.4248,29.9524,25.494,39.076,-13.582,-20.4117,Charge,6.8297,5.8842,7.3302,optimal,-1,13.3484,25.9204,24.694,31.564,-6.87,-17.6591,Charge,10.7891,5.0871,7.3263,optimal,-1,20.4676,39.7446,48.86,51.448,-2.588,-27.0968,Charge,24.5088,7.8198,7.3362,optimal,-1
121,3,25,-222.222,301.457,30.3761,58.9634,51.748,80.726,-28.978,-40.1645,Charge,11.1865,11.5772,9.3111,9.3111,optimal,-1,18.7617,36.4186,60.524,57.556,2.968,-24.7935,Charge,27.7615,7.1366,9.3022,optimal,-1,20.2507,39.309,37.046,50.858,-13.812,-26.7642,Charge,12.9522,7.7059,9.3039,optimal,-1,13.699,26.5914,32.156,37.886,-5.73,-18.0933,Charge,12.3633,5.201,9.2936,optimal,-1,47.351,91.9136,101.516,126.458,-24.942,-62.6299,Charge,37.6879,18.0672,9.3163,optimal,-1,46.1598,89.6013,101.15,128.43,-27.28,-61.0534,Charge,33.7734,17.6118,9.316,optimal,-1,47.351,91.9136,107.126,128.15,-21.024,-62.6299,Charge,41.6059,18.0672,9.3163,optimal,-1,19.6551,38.1528,35.048,55.648,-20.6,-25.9759,Charge,5.3759,7.4782,9.3033,optimal,-1,0.0,0.0,0.0,0.0,0.0,-0.0,Idle,0.0,0.0,-1,optimal,-1,0.0,0.0,0.0,0.0,0.0,-0.0,Idle,0.0,0.0,-1,optimal,-1,35.4388,68.7907,70.878,89.968,-19.09,-46.8647,Charge,27.7747,13.5128,9.3132,optimal,-1,10.721,20.8106,18.186,27.398,-9.212,-14.1521,Charge,4.9401,4.0624,9.2847,optimal,-1,56.8807,110.4119,137.668,161.006,-23.338,-75.242,Charge,51.904,21.7108,9.3178,optimal,-1,15.4859,30.0598,27.592,41.726,-14.134,-20.4581,Charge,6.3241,5.8842,9.2973,optimal,-1,13.4012,26.0133,21.222,32.442,-11.22,-17.6992,Charge,6.4792,5.0871,9.2929,optimal,-1,20.5485,39.887,52.448,58.278,-5.83,-27.1583,Charge,21.3283,7.8198,9.3042,optimal,-1
122,3,26,-309.912,213.6328,30.3864,58.9634,55.802,86.01,-30.208,-40.1543,Charge,9.9463,11.5772,11.2794,11.2794,optimal,-1,18.7681,36.4186,60.176,59.91,0.266,-24.7872,Charge,25.0532,7.1366,11.2694,optimal,-1,20.2576,39.309,31.606,52.45,-20.844,-26.7573,Charge,5.9133,7.7059,11.2714,optimal,-1,13.7037,26.5914,28.058,40.452,-12.394,-18.0887,Charge,5.6947,5.201,11.2598,optimal,-1,47.367,91.9136,101.996,134.412,-32.416,-62.6138,Charge,30.1978,18.0672,11.2852,optimal,-1,46.1754,89.6013,91.966,134.798,-42.832,-61.0377,Charge,18.2057,17.6118,11.285,optimal,-1,47.367,91.9136,108.606,136.348,-27.742,-62.6138,Charge,34.8718,18.0672,11.2852,optimal,-1,19.6618,38.1528,34.348,57.278,-22.93,-25.9693,Charge,3.0393,7.4782,11.2706,optimal,-1,0.0,0.0,0.0,0.0,0.0,-0.0,Idle,0.0,0.0,-1,optimal,-1,0.0,0.0,0.0,0.0,0.0,-0.0,Idle,0.0,0.0,-1,optimal,-1,35.4508,68.7907,61.98,96.048,-34.068,-46.8527,Charge,12.7847,13.5128,11.2818,optimal,-1,10.7246,20.8106,22.592,28.566,-5.974,-14.1484,Charge,8.1744,4.0624,11.2498,optimal,-1,56.9,110.4119,129.632,170.056,-40.424,-75.2227,Charge,34.7987,21.7108,11.287,optimal,-1,15.4911,30.0598,23.646,44.16,-20.514,-20.4529,Charge,-0.0611,5.8842,11.2639,optimal,-1,13.4058,26.0133,25.796,34.4,-8.604,-17.6947,Charge,9.0907,5.0871,11.259,optimal,-1,20.5555,39.887,50.202,61.43,-11.228,-27.1513,Charge,15.9233,7.8198,11.2717,optimal,-1
123,3,27,-369.226,153.5251,30.4473,58.9634,57.176,86.452,-29.276,-40.0934,Charge,10.8174,11.5772,13.2448,13.2448,optimal,-1,18.8057,36.4186,49.518,63.002,-13.484,-24.7496,Charge,11.2656,7.1366,13.2337,optimal,-1,20.2982,39.309,33.234,53.146,-19.912,-26.7167,Charge,6.8047,7.7059,13.2358,optimal,-1,13.7311,26.5914,28.352,41.302,-12.95,-18.0613,Charge,5.1113,5.201,13.2229,optimal,-1,47.4619,91.9136,96.418,136.618,-40.2,-62.5189,Charge,22.3189,18.0672,13.2513,optimal,-1,46.2679,89.6013,87.952,137.8,-49.848,-60.9452,Charge,11.0972,17.6118,13.251,optimal,-1,47.4619,91.9136,102.576,138.136,-35.56,-62.5189,Charge,26.9589,18.0672,13.2513,optimal,-1,19.7012,38.1528,30.768,59.62,-28.852,-25.9299,Charge,-2.9221,7.4782,13.235,optimal,-1,0.0,0.0,0.0,0.0,0.0,-0.0,Idle,0.0,0.0,-1,optimal,-1,0.0,0.0,0.0,0.0,0.0,-0.0,Idle,0.0,0.0,-1,optimal,-1,35.5218,68.7907,64.228,96.96,-32.732,-46.7817,Charge,14.0497,13.5128,13.2474,optimal,-1,10.7461,20.8106,22.734,28.206,-5.472,-14.1269,Charge,8.6549,4.0624,13.2119,optimal,-1,57.014,110.4119,121.696,175.354,-53.658,-75.1087,Charge,21.4507,21.7108,13.2532,optimal,-1,15.5221,30.0598,21.788,43.26,-21.472,-20.4218,Charge,-1.0502,5.8842,13.2275,optimal,-1,13.4326,26.0133,25.332,35.42,-10.088,-17.6678,Charge,7.5798,5.0871,13.2221,optimal,-1,20.5967,39.887,47.08,62.802,-15.722,-27.1102,Charge,11.3882,7.8198,13.2362,optimal,-1
124,3,28,-206.798,312.8186,30.6876,58.9634,62.906,71.62,-8.714,-39.853,Charge,31.139,11.5772,15.1984,15.1984,optimal,-1,18.9541,36.4186,41.982,53.594,-11.612,-24.6011,Charge,12.9891,7.1366,15.1862,optimal,-1,20.4584,39.309,33.206,46.648,-13.442,-26.5565,Charge,13.1145,7.7059,15.1885,optimal,-1,13.8395,26.5914,27.934,34.858,-6.924,-17.9528,Charge,11.0288,5.201,15.1743,optimal,-1,47.8366,91.9136,98.628,115.834,-17.206,-62.1442,Charge,44.9382,18.0672,15.2055,optimal,-1,46.6332,89.6013,81.522,118.926,-37.404,-60.5799,Charge,23.1759,17.6118,15.2051,optimal,-1,47.8366,91.9136,103.05,116.916,-13.866,-62.1442,Charge,48.2782,18.0672,15.2055,optimal,-1,19.8567,38.1528,27.574,51.272,-23.698,-25.7743,Charge,2.0763,7.4782,15.1876,optimal,-1,0.0,0.0,0.0,0.0,0.0,-0.0,Idle,0.0,0.0,-1,optimal,-1,0.0,0.0,0.0,0.0,0.0,-0.0,Idle,0.0,0.0,-1,optimal,-1,35.8023,68.7907,68.916,82.744,-13.828,-46.5013,Charge,32.6733,13.5128,15.2012,optimal,-1,10.8309,20.8106,23.602,22.702,0.9,-14.0421,Charge,14.9421,4.0624,15.1622,optimal,-1,57.4641,110.4119,113.536,150.166,-36.63,-74.6586,Charge,38.0286,21.7108,15.2076,optimal,-1,15.6447,30.0598,21.038,37.566,-16.528,-20.2993,Charge,3.7713,5.8842,15.1794,optimal,-1,13.5387,26.0133,27.834,28.184,-0.35,-17.5618,Charge,17.2118,5.0871,15.1734,optimal,-1,20.7593,39.887,47.088,54.584,-7.496,-26.9475,Charge,19.4515,7.8198,15.1889,optimal,-1
125,3,29,-253.342,138.606,31.0044,58.9634,57.164,75.24,-18.076,-30.0744,Charge,11.9984,2.1154,16.6726,16.6726,optimal,-1,19.1498,36.4186,39.554,52.042,-12.488,-18.4961,Charge,6.0081,1.2273,16.6541,optimal,-1,20.6696,39.309,33.794,48.116,-14.322,-19.9805,Charge,5.6585,1.3412,16.6577,optimal,-1,13.9824,26.5914,28.814,36.376,-7.562,-13.4492,Charge,5.8872,0.8402,16.6362,optimal,-1,48.3305,91.9136,94.906,118.786,-23.88,-46.9966,Charge,23.1166,3.4134,16.6834,optimal,-1,47.1146,89.6013,83.144,121.58,-38.436,-45.8091,Charge,7.3731,3.3224,16.6829,optimal,-1,48.3305,91.9136,95.554,119.662,-24.108,-46.9966,Charge,22.8886,3.4134,16.6834,optimal,-1,20.0617,38.1528,28.54,52.582,-24.042,-19.3868,Charge,-4.6552,1.2956,16.6563,optimal,-1,0.0,0.0,0.0,0.0,0.0,0.0,Idle,-0.0,-0.0,-1,optimal,-1,0.0,0.0,0.0,0.0,0.0,0.0,Idle,-0.0,-0.0,-1,optimal,-1,36.1718,68.7907,72.016,85.824,-13.808,-35.1214,Charge,21.3134,2.5026,16.6769,optimal,-1,10.9427,20.8106,18.706,24.048,-5.342,-10.4804,Charge,5.1384,0.6125,16.6178,optimal,-1,58.0573,110.4119,110.95,152.616,-41.666,-56.4968,Charge,14.8308,4.1422,16.6866,optimal,-1,15.8062,30.0598,24.138,39.548,-15.41,-15.2304,Charge,-0.1796,0.9768,16.6439,optimal,-1,13.6784,26.0133,27.67,29.126,-1.456,-13.1523,Charge,11.6963,0.8174,16.6347,optimal,-1,20.9736,39.887,42.346,55.092,-12.746,-20.2774,Charge,7.5314,1.364,16.6583,optimal,-1
126,3,30,-241.804,141.6168,31.2966,58.6017,61.304,80.216,-18.912,-29.4205,Charge,10.5085,2.1154,18.1148,18.1148,optimal,-1,19.3303,36.1952,41.572,51.34,-9.768,-18.0922,Charge,8.3242,1.2273,18.09,optimal,-1,20.8644,39.0678,34.672,49.87,-15.198,-19.5446,Charge,4.3466,1.3412,18.0948,optimal,-1,14.1142,26.4282,29.312,35.238,-5.926,-13.1542,Charge,7.2282,0.8402,18.066,optimal,-1,48.7859,91.3497,99.238,122.44,-23.202,-45.9772,Charge,22.7752,3.4134,18.1292,optimal,-1,47.5586,89.0516,85.112,121.078,-35.966,-44.8153,Charge,8.8493,3.3224,18.1285,optimal,-1,48.7859,91.3497,100.924,122.94,-22.016,-45.9772,Charge,23.9612,3.4134,18.1292,optimal,-1,20.2508,37.9187,31.096,55.006,-23.91,-18.9636,Charge,-4.9464,1.2956,18.0929,optimal,-1,0.0,0.0,0.0,0.0,0.0,0.0,Idle,-0.0,-0.0,-1,optimal,-1,0.0,0.0,0.0,0.0,0.0,0.0,Idle,-0.0,-0.0,-1,optimal,-1,36.5127,68.3686,70.66,87.416,-16.756,-34.3584,Charge,17.6024,2.5026,18.1205,optimal,-1,11.0459,20.6829,23.778,25.948,-2.17,-10.2496,Charge,8.0796,0.6125,18.0413,optimal,-1,58.6045,109.7345,113.416,152.974,-39.558,-55.2722,Charge,15.7142,4.1422,18.1335,optimal,-1,15.9551,29.8754,24.79,40.424,-15.634,-14.8971,Charge,-0.7369,0.9768,18.0763,optimal,-1,13.8073,25.8537,30.256,31.122,-0.866,-12.8638,Charge,11.9978,0.8174,18.064,optimal,-1,21.1713,39.6423,43.482,55.404,-11.922,-19.835,Charge,7.913,1.364,18.0956,optimal,-1
127,3,31,-136.364,156.624,31.6127,51.9823,57.908,72.004,-14.096,-22.485,Charge,8.389,2.1154,19.217,19.217,optimal,-1,19.5255,32.1067,49.02,48.31,0.71,-13.8085,Charge,14.5185,1.2273,19.1859,optimal,-1,21.0751,34.6549,35.416,45.356,-9.94,-14.9209,Charge,4.9809,1.3412,19.1919,optimal,-1,14.2567,23.443,31.578,31.572,0.006,-10.0265,Charge,10.0325,0.8402,19.1558,optimal,-1,49.2786,81.0312,93.66,113.384,-19.724,-35.166,Charge,15.442,3.4134,19.235,optimal,-1,48.0389,78.9927,95.596,110.6,-15.004,-34.2762,Charge,19.2722,3.3224,19.2342,optimal,-1,49.2786,81.0312,100.702,112.974,-12.272,-35.166,Charge,22.894,3.4134,19.235,optimal,-1,20.4553,33.6356,34.602,49.884,-15.282,-14.476,Charge,-0.806,1.2956,19.1896,optimal,-1,0.0,0.0,0.0,0.0,0.0,-0.0,Idle,0.0,0.0,-1,optimal,-1,0.0,0.0,0.0,0.0,0.0,-0.0,Idle,0.0,0.0,-1,optimal,-1,36.8815,60.646,74.518,79.758,-5.24,-26.2671,Charge,21.0271,2.5026,19.2242,optimal,-1,11.1574,18.3467,19.124,23.044,-3.92,-7.8017,Charge,3.8817,0.6125,19.1249,optimal,-1,59.1964,97.3394,124.996,141.15,-16.154,-42.2852,Charge,26.1312,4.1422,19.2404,optimal,-1,16.1163,26.5008,21.25,36.312,-15.062,-11.3613,Charge,-3.7007,0.9768,19.1687,optimal,-1,13.9468,22.9334,28.896,27.896,1.0,-9.804,Charge,10.804,0.8174,19.1534,optimal,-1,21.3851,35.1645,41.106,52.492,-11.386,-15.1434,Charge,3.7574,1.364,19.193,optimal,-1
128,3,32,73.86,283.74,32.451,46.4469,60.684,58.44,2.244,-16.1113,Charge,18.3553,2.1154,20.0068,20.0068,optimal,-1,20.0433,28.6878,49.436,38.188,11.248,-9.8719,Charge,21.1199,1.2273,19.9694,optimal,-1,21.634,30.9646,34.762,35.366,-0.604,-10.6718,Charge,10.0678,1.3412,19.9766,optimal,-1,14.6348,20.9467,31.508,27.466,4.042,-7.1521,Charge,11.1941,0.8402,19.9332,optimal,-1,50.5854,72.4026,100.308,89.962,10.346,-25.2306,Charge,35.5766,3.4134,20.0284,optimal,-1,49.3128,70.5811,95.26,89.474,5.786,-24.5906,Charge,30.3766,3.3224,20.0274,optimal,-1,50.5854,72.4026,104.152,90.446,13.706,-25.2306,Charge,38.9366,3.4134,20.0284,optimal,-1,20.9977,30.0539,32.162,39.36,-7.198,-10.3518,Charge,3.1538,1.2956,19.9738,optimal,-1,0.0,0.0,0.0,0.0,0.0,-0.0,Idle,0.0,0.0,-1,optimal,-1,0.0,0.0,0.0,0.0,0.0,-0.0,Idle,0.0,0.0,-1,optimal,-1,37.8595,54.1881,81.868,64.376,17.492,-18.8311,Charge,36.3231,2.5026,20.0154,optimal,-1,11.4533,16.393,19.522,19.132,0.39,-5.5522,Charge,5.9422,0.6125,19.896,optimal,-1,60.7661,86.9741,124.976,113.674,11.302,-30.3502,Charge,41.6522,4.1422,20.0349,optimal,-1,16.5437,23.6788,26.144,28.31,-2.166,-8.112,Charge,5.946,0.9768,19.9487,optimal,-1,14.3166,20.4913,29.438,22.474,6.964,-6.9921,Charge,13.9561,0.8174,19.9303,optimal,-1,21.9522,31.42,43.164,42.856,0.308,-10.8318,Charge,11.1398,1.364,19.9779,optimal,-1
129,3,33,145.324,292.5241,33.102,42.2908,58.102,48.31,9.792,-11.3043,Charge,21.0963,2.1154,20.5609,20.5609,optimal,-1,20.4453,26.1208,43.506,33.856,9.65,-6.9028,Charge,16.5528,1.2273,20.5172,optimal,-1,22.068,28.1939,31.3,30.686,0.614,-7.4671,Charge,8.0811,1.3412,20.5256,optimal,-1,14.9283,19.0723,34.358,23.808,10.55,-4.9842,Charge,15.5342,0.8402,20.475,optimal,-1,51.6001,65.924,99.28,76.31,22.97,-17.7373,Charge,40.7073,3.4134,20.5862,optimal,-1,50.302,64.2655,86.74,77.61,9.13,-17.2858,Charge,26.4158,3.3224,20.585,optimal,-1,51.6001,65.924,99.168,76.898,22.27,-17.7373,Charge,40.0073,3.4134,20.5862,optimal,-1,21.4189,27.3647,28.16,33.83,-5.67,-7.2414,Charge,1.5714,1.2956,20.5224,optimal,-1,0.0,0.0,0.0,0.0,0.0,0.0,Idle,-0.0,-0.0,-1,optimal,-1,0.0,0.0,0.0,0.0,0.0,0.0,Idle,-0.0,-0.0,-1,optimal,-1,38.619,49.3393,79.288,55.126,24.162,-13.2229,Charge,37.3849,2.5026,20.571,optimal,-1,11.683,14.9262,20.112,16.006,4.106,-3.8556,Charge,7.9616,0.6125,20.4315,optimal,-1,61.9851,79.1917,115.128,98.382,16.746,-21.3488,Charge,38.0948,4.1422,20.5938,optimal,-1,16.8755,21.56,28.736,23.484,5.252,-5.6614,Charge,10.9134,0.9768,20.4931,optimal,-1,14.6038,18.6577,26.8,19.766,7.034,-4.8713,Charge,11.9053,0.8174,20.4715,optimal,-1,22.3925,28.6085,44.35,35.632,8.718,-7.58,Charge,16.298,1.364,20.5272,optimal,-1
130,3,34,252.51,272.7928,35.0863,34.5417,58.586,44.514,14.072,-1.5708,Charge,15.6428,2.1154,20.6379,20.6379,optimal,-1,21.671,21.3346,47.43,31.294,16.136,-0.8909,Charge,17.0269,1.2273,20.5879,optimal,-1,23.3909,23.0278,41.972,29.822,12.15,-0.9781,Charge,13.1281,1.3412,20.5975,optimal,-1,15.8232,15.5776,35.066,21.566,13.5,-0.5946,Charge,14.0946,0.8402,20.5396,optimal,-1,54.6934,53.8444,100.726,71.442,29.284,-2.5645,Charge,31.8485,3.4134,20.6669,optimal,-1,53.3174,52.4898,100.314,72.242,28.072,-2.4947,Charge,30.5667,3.3224,20.6655,optimal,-1,54.6934,53.8444,101.732,71.326,30.406,-2.5645,Charge,32.9705,3.4134,20.6669,optimal,-1,22.7029,22.3505,35.948,32.34,3.608,-0.9432,Charge,4.5512,1.2956,20.5939,optimal,-1,0.0,0.0,0.0,0.0,0.0,-0.0,Idle,0.0,0.0,-1,optimal,-1,0.0,0.0,0.0,0.0,0.0,-0.0,Idle,0.0,0.0,-1,optimal,-1,40.934,40.2986,84.102,49.652,34.45,-1.8672,Charge,36.3172,2.5026,20.6495,optimal,-1,12.3834,12.1912,18.802,13.518,5.284,-0.4203,Idle,5.7043,0.6125,20.4899,optimal,-1,65.7008,64.681,131.466,95.004,36.462,-3.1223,Charge,39.5843,4.1422,20.6755,optimal,-1,17.8871,17.6095,28.714,20.846,7.868,-0.6992,Charge,8.5672,0.9768,20.5603,optimal,-1,15.4793,15.239,26.39,16.688,9.702,-0.5771,Charge,10.2791,0.8174,20.5357,optimal,-1,23.7349,23.3664,47.036,35.52,11.516,-0.9955,Charge,12.5115,1.364,20.5993,optimal,-1
131,3,35,388.206,245.0763,39.7186,26.6415,63.92,37.29,26.63,10.9616,Discharge,15.6684,2.1154,20.1006,20.1006,optimal,-1,24.532,16.4551,50.884,25.346,25.538,6.8497,Discharge,18.6883,1.2273,20.0443,optimal,-1,26.479,17.761,34.972,23.662,11.31,7.3768,Discharge,3.9332,1.3412,20.0551,optimal,-1,17.9123,12.0148,35.294,17.55,17.744,5.0573,Discharge,12.6867,0.8402,19.9899,optimal,-1,61.9142,41.5294,111.248,58.51,52.738,16.9713,Discharge,35.7667,3.4134,20.1332,optimal,-1,60.3566,40.4847,94.15,57.046,37.104,16.5496,Discharge,20.5544,3.3224,20.1317,optimal,-1,61.9142,41.5294,110.654,59.106,51.548,16.9713,Discharge,34.5767,3.4134,20.1332,optimal,-1,25.7002,17.2386,34.128,25.638,8.49,7.166,Discharge,1.324,1.2956,20.051,optimal,-1,0.0,0.0,0.0,0.0,0.0,-0.0,Idle,0.0,0.0,-1,optimal,-1,0.0,0.0,0.0,0.0,0.0,-0.0,Idle,0.0,0.0,-1,optimal,-1,46.3383,31.0818,79.958,39.326,40.632,12.754,Discharge,27.878,2.5026,20.1136,optimal,-1,14.0183,9.4029,23.134,10.808,12.326,4.0029,Discharge,8.3231,0.6125,19.9339,optimal,-1,74.3749,49.8876,125.78,78.26,47.52,20.3452,Discharge,27.1748,4.1422,20.1429,optimal,-1,20.2487,13.582,32.538,15.994,16.544,5.6899,Discharge,10.8541,0.9768,20.0132,optimal,-1,17.5229,11.7536,29.146,12.586,16.56,4.9518,Discharge,11.6082,0.8174,19.9855,optimal,-1,26.8684,18.0222,53.878,30.356,23.522,7.4823,Discharge,16.0397,1.364,20.0571,optimal,-1
132,3,36,644.844,356.9553,42.831,18.6373,72.56,23.516,49.044,22.0639,Discharge,26.9801,2.1299,19.019,19.019,optimal,-1,26.4545,11.5113,50.104,14.858,35.246,13.7045,Discharge,21.5415,1.2387,18.9567,optimal,-1,28.554,12.4249,39.184,13.024,26.16,14.7762,Discharge,11.3838,1.353,18.9686,optimal,-1,19.316,8.405,39.266,10.038,29.228,10.0607,Discharge,19.1673,0.8502,18.8964,optimal,-1,66.766,29.0522,112.036,35.788,76.248,34.2814,Discharge,41.9666,3.4323,19.0551,optimal,-1,65.0864,28.3214,103.51,32.38,71.13,33.4241,Discharge,37.7059,3.3409,19.0535,optimal,-1,66.766,29.0522,116.91,36.03,80.88,34.2814,Discharge,46.5986,3.4323,19.0551,optimal,-1,27.7142,12.0594,37.892,14.416,23.476,14.3475,Discharge,9.1285,1.3073,18.9641,optimal,-1,0.0,0.0,0.0,0.0,0.0,-0.0,Idle,0.0,0.0,-1,optimal,-1,0.0,0.0,0.0,0.0,0.0,-0.0,Idle,0.0,0.0,-1,optimal,-1,49.9695,21.7435,84.572,23.432,61.14,25.7077,Discharge,35.4323,2.5183,19.0334,optimal,-1,15.1168,6.5779,29.406,6.986,22.42,7.9172,Discharge,14.5028,0.6217,18.8343,optimal,-1,80.2032,34.8992,132.588,44.842,87.746,41.1404,Discharge,46.6056,4.1635,19.066,optimal,-1,21.8354,9.5014,33.358,10.162,23.196,11.3467,Discharge,11.8493,0.9873,18.9222,optimal,-1,18.896,8.2223,30.692,8.122,22.57,9.8463,Discharge,12.7237,0.8274,18.8914,optimal,-1,28.9739,12.6076,54.894,18.534,36.36,14.9906,Discharge,21.3694,1.3758,18.9708,optimal,-1
133,3,37,902.056,531.1367,42.4752,11.8073,81.732,10.058,71.674,28.4317,Discharge,43.2423,2.2362,17.6253,17.6253,optimal,-1,26.2347,7.2927,51.542,6.026,45.516,17.6373,Discharge,27.8787,1.3047,17.5569,optimal,-1,28.3168,7.8715,46.348,5.696,40.652,19.0212,Discharge,21.6308,1.4241,17.57,optimal,-1,19.1555,5.3249,38.906,4.67,34.236,12.932,Discharge,21.304,0.8986,17.4907,optimal,-1,66.2114,18.4055,123.108,15.15,107.958,44.2081,Discharge,63.7499,3.5977,17.6649,optimal,-1,64.5457,17.9425,115.408,14.552,100.856,43.101,Discharge,57.755,3.5022,17.6631,optimal,-1,66.2114,18.4055,126.484,15.184,111.3,44.2081,Discharge,67.0919,3.5977,17.6649,optimal,-1,27.484,7.64,49.076,6.278,42.798,18.4676,Discharge,24.3304,1.3763,17.565,optimal,-1,0.0,0.0,0.0,0.0,0.0,-0.0,Idle,0.0,0.0,-1,optimal,-1,0.0,0.0,0.0,0.0,0.0,-0.0,Idle,0.0,0.0,-1,optimal,-1,49.5544,13.7752,87.678,10.962,76.716,33.137,Discharge,43.579,2.6423,17.6411,optimal,-1,14.9913,4.1673,33.726,3.438,30.288,10.1642,Discharge,20.1238,0.6597,17.4226,optimal,-1,79.5369,22.1098,146.372,18.244,128.128,53.0651,Discharge,75.0629,4.3621,17.6768,optimal,-1,21.654,6.0194,35.25,4.968,30.282,14.5927,Discharge,15.6893,1.0419,17.519,optimal,-1,18.7391,5.2091,34.894,4.04,30.854,12.6552,Discharge,18.1988,0.8747,17.4853,optimal,-1,28.7332,7.9873,57.692,6.894,50.798,19.298,Discharge,31.5,1.448,17.5724,optimal,-1
134,3,38,969.048,528.446,42.4752,6.3438,79.416,4.06,75.356,33.7758,Discharge,41.5802,2.3556,15.9696,15.9696,optimal,-1,26.2347,3.9182,52.294,2.336,49.958,20.9378,Discharge,29.0202,1.3786,15.8951,optimal,-1,28.3168,4.2292,48.514,2.486,46.028,22.5837,Discharge,23.4443,1.5039,15.9095,optimal,-1,19.1555,2.8609,34.696,1.702,32.994,15.3417,Discharge,17.6523,0.9528,15.8231,optimal,-1,66.2114,9.8889,125.374,6.022,119.352,52.5391,Discharge,66.8129,3.7834,16.0128,optimal,-1,64.5457,9.6401,112.634,5.93,106.704,51.2224,Discharge,55.4816,3.6832,16.0108,optimal,-1,66.2114,9.8889,125.698,5.99,119.708,52.5391,Discharge,67.1689,3.7834,16.0128,optimal,-1,27.484,4.1048,49.438,2.638,46.8,21.9253,Discharge,24.8747,1.4538,15.904,optimal,-1,0.0,0.0,0.0,0.0,0.0,-0.0,Idle,0.0,0.0,-1,optimal,-1,0.0,0.0,0.0,0.0,0.0,-0.0,Idle,0.0,0.0,-1,optimal,-1,49.5544,7.4011,85.566,4.402,81.164,39.3719,Discharge,41.7921,2.7814,15.9868,optimal,-1,14.9913,2.239,29.722,1.478,28.244,12.0499,Discharge,16.1941,0.7023,15.749,optimal,-1,79.5369,11.8791,149.894,7.038,142.856,63.0729,Discharge,79.7831,4.5849,16.0257,optimal,-1,21.654,3.2341,34.406,2.17,32.236,17.3168,Discharge,14.9192,1.1031,15.8539,optimal,-1,18.7391,2.7987,32.794,1.61,31.184,15.0126,Discharge,16.1714,0.9278,15.8172,optimal,-1,28.7332,4.2914,59.08,2.616,56.464,22.9129,Discharge,33.5511,1.5289,15.9121,optimal,-1
135,3,39,936.456,471.444,40.6292,2.4974,73.79,0.878,72.912,35.6479,Discharge,37.2641,2.4839,14.2222,14.2222,optimal,-1,25.0945,1.5425,48.824,0.596,48.228,22.0938,Discharge,26.1342,1.4582,14.1417,optimal,-1,27.0861,1.6649,43.464,0.736,42.728,23.8315,Discharge,18.8965,1.5897,14.1571,optimal,-1,18.323,1.1263,34.67,0.402,34.268,16.1856,Discharge,18.0824,1.0111,14.0638,optimal,-1,63.3337,3.8929,118.324,1.378,116.946,55.4578,Discharge,61.4882,3.983,14.2688,optimal,-1,61.7404,3.795,101.208,1.742,99.466,54.0676,Discharge,45.3984,3.8778,14.2667,optimal,-1,63.3337,3.8929,120.456,1.308,119.148,55.4578,Discharge,63.6902,3.983,14.2688,optimal,-1,26.2895,1.6159,42.878,0.814,42.064,23.1365,Discharge,18.9275,1.5371,14.1512,optimal,-1,0.0,0.0,0.0,0.0,0.0,-0.0,Idle,0.0,0.0,-1,optimal,-1,0.0,0.0,0.0,0.0,0.0,-0.0,Idle,0.0,0.0,-1,optimal,-1,47.4007,2.9136,77.152,1.04,76.112,41.5561,Discharge,34.5559,2.931,14.2408,optimal,-1,14.3397,0.8814,27.486,0.372,27.114,12.7102,Discharge,14.4038,0.7481,13.9837,optimal,-1,76.0801,4.6764,140.654,1.828,138.826,66.5791,Discharge,72.2469,4.8246,14.2828,optimal,-1,20.7129,1.2732,32.23,0.556,31.674,18.2709,Discharge,13.4031,1.1689,14.0971,optimal,-1,17.9246,1.1018,29.326,0.37,28.956,15.8381,Discharge,13.1179,0.9848,14.0574,optimal,-1,27.4844,1.6894,58.59,0.576,58.014,24.1791,Discharge,33.8349,1.616,14.16,optimal,-1
136,3,40,912.022,430.4933,39.8738,0.3438,68.494,0.016,68.478,36.9147,Discharge,31.5633,2.6154,12.4126,12.4126,optimal,-1,24.628,0.2123,45.628,0.01,45.618,22.876,Discharge,22.742,1.5397,12.3261,optimal,-1,26.5826,0.2292,41.56,0.042,41.518,24.6758,Discharge,16.8422,1.6776,12.3428,optimal,-1,17.9823,0.155,33.724,0.0,33.724,16.7565,Discharge,16.9675,1.0708,12.2425,optimal,-1,62.1563,0.5359,113.648,0.042,113.606,57.4328,Discharge,56.1732,4.1876,12.4628,optimal,-1,60.5926,0.5224,100.148,0.078,100.07,55.9929,Discharge,44.0771,4.0773,12.4604,optimal,-1,62.1563,0.5359,113.76,0.024,113.736,57.4328,Discharge,56.3032,4.1876,12.4628,optimal,-1,25.8007,0.2224,41.424,0.032,41.392,23.9559,Discharge,17.4361,1.6224,12.3364,optimal,-1,0.0,0.0,0.0,0.0,0.0,-0.0,Idle,0.0,0.0,-1,optimal,-1,0.0,0.0,0.0,0.0,0.0,-0.0,Idle,0.0,0.0,-1,optimal,-1,46.5195,0.4011,81.332,0.052,81.28,43.0341,Discharge,38.2459,3.0843,12.4326,optimal,-1,14.0731,0.1213,26.582,0.002,26.58,13.1569,Discharge,13.4231,0.7949,12.1564,optimal,-1,74.6657,0.6437,130.812,0.052,130.76,68.9517,Discharge,61.8083,5.0702,12.4778,optimal,-1,20.3278,0.1753,34.212,0.04,34.172,18.9163,Discharge,15.2557,1.2363,12.2782,optimal,-1,17.5914,0.1517,29.256,0.0,29.256,16.3966,Discharge,12.8594,1.0432,12.2356,optimal,-1,26.9735,0.2326,51.834,0.002,51.832,25.0358,Discharge,26.7962,1.7052,12.3458,optimal,-1
137,3,41,952.314,632.0637,39.3135,0.0074,70.138,0.06,70.078,24.5615,Discharge,45.5165,14.7446,11.2086,11.2086,optimal,-1,24.2818,0.0045,43.876,0.0,43.876,15.1653,Discharge,28.7107,9.112,11.1225,optimal,-1,26.209,0.0049,52.234,0.012,52.222,16.3699,Discharge,35.8521,9.8342,11.1391,optimal,-1,17.7296,0.0033,34.82,0.026,34.794,11.0695,Discharge,23.7245,6.6568,11.0393,optimal,-1,61.2827,0.0115,111.392,0.06,111.332,38.2945,Discharge,73.0375,22.9767,11.2585,optimal,-1,59.741,0.0112,111.624,0.038,111.586,37.3308,Discharge,74.2552,22.399,11.2562,optimal,-1,61.2827,0.0115,113.266,0.06,113.206,38.2945,Discharge,74.9115,22.9767,11.2585,optimal,-1,25.4381,0.0048,49.004,0.012,48.992,15.8881,Discharge,33.1039,9.5453,11.1328,optimal,-1,0.0,0.0,0.0,0.0,0.0,-0.0,Idle,0.0,0.0,-1,optimal,-1,0.0,0.0,0.0,0.0,0.0,-0.0,Idle,0.0,0.0,-1,optimal,-1,45.8657,0.0086,83.996,0.026,83.97,28.6573,Discharge,55.3127,17.1998,11.2285,optimal,-1,13.8753,0.0026,23.998,0.024,23.974,8.6602,Discharge,15.3138,5.2126,10.9536,optimal,-1,73.6164,0.0138,143.602,0.074,143.528,46.0043,Discharge,97.5237,27.5983,11.2735,optimal,-1,20.0422,0.0038,33.906,0.0,33.906,12.515,Discharge,21.391,7.5234,11.0749,optimal,-1,17.3442,0.0032,29.202,0.024,29.178,10.8285,Discharge,18.3495,6.5124,11.0324,optimal,-1,26.5944,0.005,51.708,0.036,51.672,16.6108,Discharge,35.0612,9.9786,11.1421,optimal,-1
138,3,42,956.63,655.9317,38.275,0.0074,71.396,0.048,71.348,23.062,Discharge,48.286,15.2055,10.0782,10.0782,optimal,-1,23.6404,0.0046,42.036,0.012,42.024,14.2392,Discharge,27.7848,9.3966,9.9924,optimal,-1,25.5166,0.0049,50.154,0.002,50.152,15.3703,Discharge,34.7817,10.1414,10.0089,optimal,-1,17.2613,0.0033,36.054,0.0,36.054,10.3933,Discharge,25.6607,6.8646,9.9096,optimal,-1,59.6639,0.0115,114.666,0.048,114.618,35.957,Discharge,78.661,23.6954,10.1278,optimal,-1,58.1629,0.0113,110.91,0.014,110.896,35.0521,Discharge,75.8439,23.0996,10.1255,optimal,-1,59.6639,0.0115,113.996,0.06,113.936,35.957,Discharge,77.979,23.6954,10.1278,optimal,-1,24.7661,0.0048,45.822,0.002,45.82,14.9179,Discharge,30.9021,9.8435,10.0026,optimal,-1,0.0,0.0,0.0,0.0,0.0,-0.0,Idle,0.0,0.0,-1,optimal,-1,0.0,0.0,0.0,0.0,0.0,-0.0,Idle,0.0,0.0,-1,optimal,-1,44.6541,0.0086,88.818,0.012,88.806,26.9079,Discharge,61.8981,17.7376,10.0979,optimal,-1,13.5088,0.0026,23.664,0.024,23.64,8.1311,Discharge,15.5089,5.3751,9.8243,optimal,-1,71.6717,0.0139,142.258,0.026,142.232,43.1962,Discharge,99.0358,28.4616,10.1427,optimal,-1,19.5127,0.0038,34.698,0.0,34.698,11.7507,Discharge,22.9473,7.7582,9.945,optimal,-1,16.886,0.0033,29.734,0.024,29.71,10.1671,Discharge,19.5429,6.7156,9.9027,optimal,-1,25.8919,0.005,52.72,0.024,52.696,15.5966,Discharge,37.0994,10.2903,10.0119,optimal,-1
139,3,43,930.162,662.8687,36.1524,0.0074,72.798,0.036,72.762,20.5001,Discharge,52.2619,15.6449,9.0732,9.0732,optimal,-1,22.3294,0.0045,44.188,0.012,44.176,12.6569,Discharge,31.5191,9.668,8.9879,optimal,-1,24.1016,0.0049,46.308,0.0,46.308,13.6625,Discharge,32.6455,10.4342,9.0043,optimal,-1,16.304,0.0033,31.546,0.012,31.534,9.2381,Discharge,22.2959,7.0626,8.9054,optimal,-1,56.3552,0.0115,112.076,0.048,112.028,31.9633,Discharge,80.0647,24.3805,9.1227,optimal,-1,54.9375,0.0112,106.73,0.012,106.718,31.1588,Discharge,75.5592,23.7675,9.1204,optimal,-1,56.3552,0.0115,111.014,0.048,110.966,31.9633,Discharge,79.0027,24.3805,9.1227,optimal,-1,23.3927,0.0048,47.468,0.0,47.468,13.2603,Discharge,34.2077,10.1277,8.9981,optimal,-1,0.0,0.0,0.0,0.0,0.0,-0.0,Idle,0.0,0.0,-1,optimal,-1,0.0,0.0,0.0,0.0,0.0,-0.0,Idle,0.0,0.0,-1,optimal,-1,42.1778,0.0086,82.006,0.024,81.982,23.919,Discharge,58.063,18.2503,9.0929,optimal,-1,12.7597,0.0026,21.94,0.012,21.928,7.227,Discharge,14.701,5.5301,8.8205,optimal,-1,67.6972,0.0138,139.718,0.024,139.694,38.3987,Discharge,101.2953,29.2847,9.1375,optimal,-1,18.4306,0.0038,32.628,0.024,32.604,10.4447,Discharge,22.1593,7.9821,8.9407,optimal,-1,15.9496,0.0032,28.984,0.012,28.972,9.037,Discharge,19.935,6.9094,8.8986,optimal,-1,24.456,0.005,53.034,0.012,53.022,13.8636,Discharge,39.1584,10.5875,9.0073,optimal,-1
140,3,44,862.448,616.3312,34.9295,0.0073,66.064,0.012,66.052,18.8761,Discharge,47.1759,16.0462,8.1479,8.1479,optimal,-1,21.5741,0.0045,42.436,0.012,42.424,11.6539,Discharge,30.7701,9.9157,8.063,optimal,-1,23.2864,0.0048,41.244,0.012,41.232,12.5798,Discharge,28.6522,10.7017,8.0793,optimal,-1,15.7525,0.0033,31.6,0.012,31.588,8.5058,Discharge,23.0822,7.2435,7.9809,optimal,-1,54.449,0.0113,104.418,0.038,104.38,29.4315,Discharge,74.9485,25.0062,8.1971,optimal,-1,53.0792,0.011,99.062,0.036,99.026,28.6908,Discharge,70.3352,24.3774,8.1949,optimal,-1,54.449,0.0113,104.008,0.026,103.982,29.4315,Discharge,74.5505,25.0062,8.1971,optimal,-1,22.6015,0.0047,42.01,0.012,41.998,12.2095,Discharge,29.7885,10.3873,8.0731,optimal,-1,0.0,0.0,0.0,0.0,0.0,-0.0,Idle,0.0,0.0,-1,optimal,-1,0.0,0.0,0.0,0.0,0.0,-0.0,Idle,0.0,0.0,-1,optimal,-1,40.7511,0.0085,76.458,0.026,76.432,22.0242,Discharge,54.4078,18.7185,8.1676,optimal,-1,12.3281,0.0026,23.256,0.012,23.244,6.654,Discharge,16.59,5.6715,7.8964,optimal,-1,65.4073,0.0136,126.278,0.024,126.254,35.3574,Discharge,90.8966,30.0363,8.2119,optimal,-1,17.8072,0.0037,30.904,0.026,30.878,9.6169,Discharge,21.2611,8.1866,8.016,optimal,-1,15.4101,0.0032,29.134,0.012,29.122,8.3206,Discharge,20.8014,7.0863,7.9741,optimal,-1,23.6288,0.0049,45.848,0.012,45.836,12.765,Discharge,33.071,10.8589,8.0823,optimal,-1
141,3,45,869.28,844.7944,34.9943,0.0072,68.444,0.012,68.432,1.8981,Discharge,66.5339,33.089,8.0549,8.0549,optimal,-1,21.6141,0.0044,47.52,0.002,47.518,1.0673,Discharge,46.4507,20.5424,7.9783,optimal,-1,23.3295,0.0048,38.186,0.012,38.174,1.1738,Discharge,37.0002,22.151,7.993,optimal,-1,15.7817,0.0032,29.886,0.012,29.874,0.7051,Discharge,29.1689,15.0734,7.9042,optimal,-1,54.5499,0.0112,107.172,0.014,107.158,3.1124,Discharge,104.0456,51.4264,8.0993,optimal,-1,53.1776,0.0109,96.944,0.024,96.92,3.0272,Discharge,93.8928,50.1396,8.0972,optimal,-1,54.5499,0.0112,110.522,0.014,110.508,3.1124,Discharge,107.3956,51.4264,8.0993,optimal,-1,22.6434,0.0046,39.394,0.012,39.382,1.1312,Discharge,38.2508,21.5075,7.9874,optimal,-1,0.0,0.0,0.0,0.0,0.0,-0.0,Idle,0.0,0.0,-1,optimal,-1,0.0,0.0,0.0,0.0,0.0,-0.0,Idle,0.0,0.0,-1,optimal,-1,40.8267,0.0084,69.858,0.012,69.846,2.2602,Discharge,67.5858,38.5581,8.0726,optimal,-1,12.3509,0.0025,23.884,0.0,23.884,0.4921,Idle,23.3919,11.8563,7.828,optimal,-1,65.5285,0.0134,130.074,0.026,130.048,3.7941,Discharge,126.2539,61.7211,8.1126,optimal,-1,17.8402,0.0037,29.312,0.012,29.3,0.8329,Discharge,28.4671,17.0036,7.9359,optimal,-1,15.4387,0.0032,28.322,0.0,28.322,0.6838,Discharge,27.6382,14.7517,7.8981,optimal,-1,23.6726,0.0048,49.928,0.014,49.914,1.1951,Discharge,48.7189,22.4727,7.9957,optimal,-1
142,3,46,839.112,825.6141,34.2933,0.0069,63.194,0.0,63.194,1.0547,Discharge,62.1393,33.2317,8.0032,8.0032,optimal,-1,21.1811,0.0043,51.384,0.012,51.372,0.5501,Discharge,50.8219,20.6268,7.9346,optimal,-1,22.8622,0.0046,36.19,0.012,36.178,0.6148,Discharge,35.5632,22.2428,7.9478,optimal,-1,15.4656,0.0031,27.166,0.0,27.166,0.3301,Idle,26.8359,15.1323,7.8684,optimal,-1,53.4571,0.0108,102.592,0.024,102.568,1.7922,Discharge,100.7758,51.6541,8.0429,optimal,-1,52.1123,0.0105,94.544,0.024,94.52,1.7405,Discharge,92.7795,50.3613,8.0411,optimal,-1,53.4571,0.0108,107.948,0.012,107.936,1.7922,Discharge,106.1438,51.6541,8.0429,optimal,-1,22.1898,0.0045,39.756,0.012,39.744,0.5889,Discharge,39.1551,21.5964,7.9428,optimal,-1,0.0,0.0,0.0,0.0,0.0,-0.0,Idle,0.0,0.0,-1,optimal,-1,0.0,0.0,0.0,0.0,0.0,-0.0,Idle,0.0,0.0,-1,optimal,-1,40.0088,0.0081,64.622,0.012,64.61,1.2747,Discharge,63.3353,38.7261,8.019,optimal,-1,12.1035,0.0024,22.756,0.0,22.756,0.2007,Idle,22.5553,11.9003,7.8001,optimal,-1,64.2158,0.0129,125.172,0.024,125.148,2.2063,Discharge,122.9417,61.9966,8.0548,optimal,-1,17.4828,0.0035,29.826,0.012,29.814,0.4078,Idle,29.4062,17.0716,7.8967,optimal,-1,15.1294,0.003,27.476,0.0,27.476,0.3172,Idle,27.1588,14.8091,7.8629,optimal,-1,23.1984,0.0047,46.63,0.0,46.63,0.6277,Discharge,46.0023,22.566,7.9502,optimal,-1
143,3,47,763.076,750.8082,34.3213,0.0069,57.438,0.012,57.426,0.9597,Discharge,56.4663,33.3547,7.9562,7.9562,optimal,-1,21.1984,0.0043,43.332,0.0,43.332,0.495,Idle,42.837,20.6992,7.8953,optimal,-1,22.8808,0.0046,35.55,0.0,35.55,0.5546,Discharge,34.9954,22.3217,7.907,optimal,-1,15.4782,0.0031,25.746,0.0,25.746,0.2924,Idle,25.4536,15.1827,7.8366,optimal,-1,53.5008,0.0108,91.694,0.012,91.682,1.6388,Discharge,90.0432,51.8512,7.9914,optimal,-1,52.1549,0.0105,87.24,0.0,87.24,1.5912,Discharge,85.6488,50.5532,7.9898,optimal,-1,53.5008,0.0108,96.222,0.012,96.21,1.6388,Discharge,94.5712,51.8512,7.9914,optimal,-1,22.2079,0.0045,36.704,0.0,36.704,0.5307,Discharge,36.1733,21.6727,7.9026,optimal,-1,0.0,0.0,0.0,0.0,0.0,-0.0,Idle,0.0,0.0,-1,optimal,-1,0.0,0.0,0.0,0.0,0.0,-0.0,Idle,0.0,0.0,-1,optimal,-1,40.0415,0.0081,59.814,0.0,59.814,1.1622,Discharge,58.6518,38.8712,7.9702,optimal,-1,12.1134,0.0024,25.026,0.012,25.014,0.1733,Idle,24.8407,11.9377,7.7761,optimal,-1,64.2683,0.013,111.424,0.0,111.424,2.0201,Discharge,109.4039,62.2352,8.0019,optimal,-1,17.4971,0.0035,25.958,0.0,25.958,0.3639,Idle,25.5941,17.1297,7.8617,optimal,-1,15.1417,0.0031,28.934,0.012,28.922,0.2805,Idle,28.6415,14.8582,7.8317,optimal,-1,23.2173,0.0047,38.054,0.0,38.054,0.5665,Discharge,37.4875,22.6462,7.9092,optimal,-1
144,3,48,706.88,655.0969,37.4666,0.0073,50.374,0.0,50.374,3.9895,Discharge,46.3845,33.4697,7.7606,7.7606,optimal,-1,23.1411,0.0045,42.418,0.0,42.418,2.3698,Discharge,40.0482,20.7668,7.7073,optimal,-1,24.9777,0.0049,30.898,0.024,30.874,2.5775,Discharge,28.2965,22.3954,7.7175,optimal,-1,16.8967,0.0033,24.66,0.014,24.646,1.6638,Discharge,22.9822,15.2296,7.6557,optimal,-1,58.4038,0.0114,85.886,0.0,85.886,6.3567,Discharge,79.5293,52.0356,7.7915,optimal,-1,56.9345,0.0111,80.208,0.038,80.17,6.1906,Discharge,73.9794,50.7327,7.7901,optimal,-1,58.4038,0.0114,90.0,0.0,90.0,6.3567,Discharge,83.6433,52.0356,7.7915,optimal,-1,24.2431,0.0047,30.864,0.024,30.84,2.4944,Discharge,28.3456,21.7439,7.7136,optimal,-1,0.0,0.0,0.0,0.0,0.0,-0.0,Idle,0.0,0.0,-1,optimal,-1,0.0,0.0,0.0,0.0,0.0,-0.0,Idle,0.0,0.0,-1,optimal,-1,43.711,0.0085,59.172,0.014,59.158,4.6955,Discharge,54.4625,39.0069,7.7729,optimal,-1,13.2235,0.0026,23.762,0.0,23.762,1.2485,Discharge,22.5135,11.9724,7.6027,optimal,-1,70.158,0.0137,101.39,0.026,101.364,7.6857,Discharge,93.6783,62.4585,7.8007,optimal,-1,19.1006,0.0037,26.334,0.012,26.322,1.913,Discharge,24.409,17.1839,7.6778,optimal,-1,16.5294,0.0032,26.116,0.0,26.116,1.6223,Discharge,24.4937,14.9039,7.6515,optimal,-1,25.345,0.005,34.95,0.0,34.95,2.619,Discharge,32.331,22.7211,7.7194,optimal,-1
145,4,1,655.95,616.2846,36.5829,0.0062,42.642,0.012,42.63,3.0595,Discharge,39.5705,33.5171,7.6106,7.6106,optimal,-1,22.5953,0.0038,43.568,0.0,43.568,1.7988,Discharge,41.7692,20.7927,7.5645,optimal,-1,24.3886,0.0041,25.178,0.0,25.178,1.9604,Discharge,23.2176,22.424,7.5734,optimal,-1,16.4982,0.0028,25.918,0.002,25.916,1.2492,Discharge,24.6668,15.2462,7.5199,optimal,-1,57.0262,0.0096,80.132,0.012,80.12,4.9022,Discharge,75.2178,52.1144,7.6373,optimal,-1,55.5916,0.0094,73.764,0.002,73.762,4.7729,Discharge,68.9891,50.8093,7.6361,optimal,-1,57.0262,0.0096,82.84,0.012,82.828,4.9022,Discharge,77.9258,52.1144,7.6373,optimal,-1,23.6713,0.004,28.42,0.0,28.42,1.8958,Discharge,26.5242,21.7715,7.57,optimal,-1,0.0,0.0,0.0,0.0,0.0,-0.0,Idle,0.0,0.0,-1,optimal,-1,0.0,0.0,0.0,0.0,0.0,-0.0,Idle,0.0,0.0,-1,optimal,-1,42.68,0.0072,55.876,0.002,55.874,3.6091,Discharge,52.2649,39.0637,7.6213,optimal,-1,12.9116,0.0022,18.936,0.012,18.924,0.9259,Discharge,17.9981,11.9835,7.4741,optimal,-1,68.5032,0.0116,97.782,0.002,97.78,5.9367,Discharge,91.8433,62.5549,7.6453,optimal,-1,18.6501,0.0032,23.954,0.0,23.954,1.4432,Discharge,22.5108,17.2038,7.539,optimal,-1,16.1395,0.0027,20.17,0.012,20.158,1.2169,Discharge,18.9411,14.9199,7.5163,optimal,-1,24.7472,0.0042,36.838,0.0,36.838,1.9927,Discharge,34.8453,22.7503,7.575,optimal,-1
146,4,2,616.928,485.7641,43.7113,0.006,42.104,0.0,42.104,10.0761,Discharge,32.0279,33.6291,7.1167,7.1167,optimal,-1,26.9981,0.0037,37.722,0.024,37.698,6.1358,Discharge,31.5622,20.8587,7.0775,optimal,-1,29.1408,0.004,22.09,0.0,22.09,6.6409,Discharge,15.4491,22.4959,7.0851,optimal,-1,19.7129,0.0027,27.15,0.024,27.126,4.4182,Discharge,22.7078,15.292,7.0397,optimal,-1,68.1381,0.0094,77.76,0.024,77.736,15.8351,Discharge,61.9009,52.2937,7.1394,optimal,-1,66.424,0.0092,68.014,0.048,67.966,15.4309,Discharge,52.5351,50.9839,7.1383,optimal,-1,68.1381,0.0094,77.214,0.024,77.19,15.8351,Discharge,61.3549,52.2937,7.1394,optimal,-1,28.2838,0.0039,22.234,0.0,22.234,6.4389,Discharge,15.7951,21.841,7.0822,optimal,-1,0.0,0.0,0.0,0.0,0.0,-0.0,Idle,0.0,0.0,-1,optimal,-1,0.0,0.0,0.0,0.0,0.0,-0.0,Idle,0.0,0.0,-1,optimal,-1,50.9965,0.007,54.966,0.036,54.93,11.7937,Discharge,43.1363,39.1958,7.1257,optimal,-1,15.4275,0.0021,16.958,0.0,16.958,3.4078,Discharge,13.5502,12.0176,7.0007,optimal,-1,81.8515,0.0113,93.494,0.048,93.446,19.0682,Discharge,74.3778,62.772,7.1462,optimal,-1,22.2842,0.0031,20.698,0.012,20.686,5.0244,Discharge,15.6616,17.2567,7.0559,optimal,-1,19.2844,0.0027,19.146,0.0,19.146,4.3171,Discharge,14.8289,14.9646,7.0366,optimal,-1,29.5694,0.0041,37.618,0.0,37.618,6.742,Discharge,30.876,22.8233,7.0864,optimal,-1
147,4,3,542.806,417.8465,43.5848,0.006,38.33,0.024,38.306,9.5997,Discharge,28.7063,33.9791,6.6461,6.6461,optimal,-1,26.92,0.0037,30.852,0.012,30.84,5.8446,Discharge,24.9954,21.0717,6.6137,optimal,-1,29.0565,0.004,23.788,0.0,23.788,6.326,Discharge,17.462,22.7265,6.6199,optimal,-1,19.6559,0.0027,20.664,0.0,20.664,4.2078,Discharge,16.4562,15.4454,6.5823,optimal,-1,67.9409,0.0093,66.596,0.036,66.56,15.0878,Discharge,51.4722,52.8438,6.6649,optimal,-1,66.2317,0.0091,63.278,0.0,63.278,14.7027,Discharge,48.5753,51.5199,6.664,optimal,-1,67.9409,0.0093,66.756,0.036,66.72,15.0878,Discharge,51.6322,52.8438,6.6649,optimal,-1,28.2019,0.0039,23.136,0.0,23.136,6.1334,Discharge,17.0026,22.0646,6.6175,optimal,-1,0.0,0.0,0.0,0.0,0.0,-0.0,Idle,0.0,0.0,-1,optimal,-1,0.0,0.0,0.0,0.0,0.0,-0.0,Idle,0.0,0.0,-1,optimal,-1,50.8489,0.007,46.3,0.024,46.276,11.2365,Discharge,35.0395,39.6054,6.6536,optimal,-1,15.3829,0.0021,15.422,0.0,15.422,3.2449,Discharge,12.1771,12.1358,6.5501,optimal,-1,81.6146,0.0112,81.916,0.012,81.904,18.1689,Discharge,63.7351,63.4345,6.6705,optimal,-1,22.2197,0.003,19.778,0.012,19.766,4.7855,Discharge,14.9805,17.4312,6.5957,optimal,-1,19.2286,0.0026,16.268,0.012,16.256,4.1115,Discharge,12.1445,15.1144,6.5798,optimal,-1,29.4838,0.004,29.902,0.012,29.89,6.4223,Discharge,23.4677,23.0575,6.6211,optimal,-1
148,4,4,523.816,517.3022,34.8265,0.006,37.88,0.014,37.866,0.5153,Discharge,37.3507,34.3053,6.6209,6.6209,optimal,-1,21.5105,0.0037,28.106,0.012,28.094,0.2367,Idle,27.8573,21.2701,6.5949,optimal,-1,23.2177,0.004,22.616,0.0,22.616,0.2724,Idle,22.3436,22.9413,6.5999,optimal,-1,15.7061,0.0027,20.582,0.014,20.568,0.1152,Idle,20.4528,15.5882,6.5698,optimal,-1,54.2884,0.0093,64.87,0.026,64.844,0.9225,Discharge,63.9215,53.3566,6.6359,optimal,-1,52.9227,0.0091,61.058,0.014,61.044,0.8939,Discharge,60.1501,52.0196,6.6352,optimal,-1,54.2884,0.0093,63.72,0.026,63.694,0.9225,Discharge,62.7715,53.3566,6.6359,optimal,-1,22.5348,0.0039,22.474,0.0,22.474,0.2581,Idle,22.2159,22.2729,6.598,optimal,-1,0.0,0.0,0.0,0.0,0.0,-0.0,Idle,0.0,0.0,-1,optimal,-1,0.0,0.0,0.0,0.0,0.0,-0.0,Idle,0.0,0.0,-1,optimal,-1,40.631,0.007,45.476,0.016,45.46,0.6367,Discharge,44.8233,39.9872,6.6269,optimal,-1,12.2917,0.0021,14.232,0.012,14.22,0.0438,Idle,14.1762,12.2458,6.544,optimal,-1,65.2144,0.0112,78.886,0.026,78.86,1.1511,Discharge,77.7089,64.052,6.6404,optimal,-1,17.7547,0.0031,19.076,0.0,19.076,0.1581,Idle,18.9179,17.5936,6.5805,optimal,-1,15.3646,0.0026,15.666,0.014,15.652,0.1081,Idle,15.5439,15.2539,6.5677,optimal,-1,23.5591,0.004,29.36,0.012,29.348,0.2795,Idle,29.0685,23.2756,6.6008,optimal,-1
149,4,5,533.86,593.0534,29.7874,0.006,39.796,0.012,39.784,-4.5239,Charge,44.3079,34.3053,6.8426,6.8426,optimal,-1,18.3981,0.0037,26.608,0.012,26.596,-2.8758,Charge,29.4718,21.2701,6.8231,optimal,-1,19.8582,0.004,20.518,0.0,20.518,-3.0871,Charge,23.6051,22.9413,6.8269,optimal,-1,13.4335,0.0027,23.198,0.0,23.198,-2.1574,Charge,25.3554,15.5882,6.8043,optimal,-1,46.4332,0.0094,67.222,0.024,67.198,-6.9327,Charge,74.1307,53.3566,6.8539,optimal,-1,45.2651,0.0091,62.378,0.0,62.378,-6.7637,Charge,69.1417,52.0196,6.8534,optimal,-1,46.4332,0.0094,64.118,0.024,64.094,-6.9327,Charge,71.0267,53.3566,6.8539,optimal,-1,19.2742,0.0039,20.074,0.0,20.074,-3.0026,Charge,23.0766,22.2729,6.8255,optimal,-1,0.0,0.0,0.0,0.0,0.0,-0.0,Idle,0.0,0.0,-1,optimal,-1,0.0,0.0,0.0,0.0,0.0,-0.0,Idle,0.0,0.0,-1,optimal,-1,34.7519,0.007,50.726,0.012,50.714,-5.2423,Charge,55.9563,39.9872,6.8471,optimal,-1,10.5132,0.0021,14.966,0.0,14.966,-1.7348,Charge,16.7008,12.2458,6.7849,optimal,-1,55.7783,0.0113,77.352,0.012,77.34,-8.285,Charge,85.625,64.052,6.8573,optimal,-1,15.1857,0.0031,22.476,0.012,22.464,-2.4109,Charge,24.8749,17.5936,6.8124,optimal,-1,13.1415,0.0027,16.12,0.0,16.12,-2.1151,Charge,18.2351,15.2539,6.8028,optimal,-1,20.1503,0.0041,28.428,0.012,28.416,-3.1294,Charge,31.5454,23.2756,6.8276,optimal,-1
150,4,6,491.186,624.422,24.1088,0.0059,33.048,0.012,33.036,-10.2024,Charge,43.2384,34.3053,7.3427,7.3427,optimal,-1,14.8907,0.0037,27.514,0.0,27.514,-6.3831,Charge,33.8971,21.2701,7.3297,optimal,-1,16.0725,0.0039,19.23,0.0,19.23,-6.8727,Charge,26.1027,22.9413,7.3322,optimal,-1,10.8726,0.0027,22.448,0.0,22.448,-4.7182,Charge,27.1662,15.5882,7.3172,optimal,-1,37.5814,0.0092,59.194,0.012,59.182,-15.7844,Charge,74.9664,53.3566,7.3503,optimal,-1,36.6359,0.009,60.166,0.0,60.166,-15.3927,Charge,75.5587,52.0196,7.3499,optimal,-1,37.5814,0.0092,58.338,0.012,58.326,-15.7844,Charge,74.1104,53.3566,7.3503,optimal,-1,15.5998,0.0038,19.828,0.0,19.828,-6.6769,Charge,26.5049,22.2729,7.3313,optimal,-1,0.0,0.0,0.0,0.0,0.0,-0.0,Idle,0.0,0.0,-1,optimal,-1,0.0,0.0,0.0,0.0,0.0,-0.0,Idle,0.0,0.0,-1,optimal,-1,28.1269,0.0069,45.348,0.012,45.336,-11.8672,Charge,57.2032,39.9872,7.3457,optimal,-1,8.509,0.0021,13.026,0.0,13.026,-3.7389,Charge,16.7649,12.2458,7.3042,optimal,-1,45.1449,0.0111,74.196,0.0,74.196,-18.9182,Charge,93.1142,64.052,7.3525,optimal,-1,12.2908,0.003,19.624,0.012,19.612,-5.3058,Charge,24.9178,17.5936,7.3225,optimal,-1,10.6362,0.0026,12.35,0.0,12.35,-4.6203,Charge,16.9703,15.2539,7.3161,optimal,-1,16.3089,0.004,26.936,0.0,26.936,-6.9707,Charge,33.9067,23.2756,7.3327,optimal,-1
151,4,7,496.004,659.6584,21.7759,0.0059,33.718,0.024,33.694,-12.5352,Charge,46.2292,34.3053,7.9572,7.9572,optimal,-1,13.4498,0.0036,27.97,0.0,27.97,-7.8239,Charge,35.7939,21.2701,7.9507,optimal,-1,14.5173,0.0039,20.11,0.0,20.11,-8.428,Charge,28.538,22.9413,7.9519,optimal,-1,9.8205,0.0026,21.844,0.026,21.818,-5.7703,Charge,27.5883,15.5882,7.9444,optimal,-1,33.9448,0.0092,58.198,0.036,58.162,-19.4209,Charge,77.5829,53.3566,7.961,optimal,-1,33.0909,0.0089,62.182,0.038,62.144,-18.9377,Charge,81.0817,52.0196,7.9608,optimal,-1,33.9448,0.0092,58.146,0.024,58.122,-19.4209,Charge,77.5429,53.3566,7.961,optimal,-1,14.0903,0.0038,21.776,0.0,21.776,-8.1864,Charge,29.9624,22.2729,7.9515,optimal,-1,0.0,0.0,0.0,0.0,0.0,-0.0,Idle,0.0,0.0,-1,optimal,-1,0.0,0.0,0.0,0.0,0.0,-0.0,Idle,0.0,0.0,-1,optimal,-1,25.4052,0.0069,46.146,0.05,46.096,-14.5888,Charge,60.6848,39.9872,7.9587,optimal,-1,7.6856,0.0021,12.958,0.012,12.946,-4.5623,Charge,17.5083,12.2458,7.9379,optimal,-1,40.7765,0.011,74.624,0.026,74.598,-23.2866,Charge,97.8846,64.052,7.9621,optimal,-1,11.1014,0.003,20.47,0.024,20.446,-6.4951,Charge,26.9411,17.5936,7.9471,optimal,-1,9.607,0.0026,13.058,0.0,13.058,-5.6495,Charge,18.7075,15.2539,7.9439,optimal,-1,14.7308,0.004,25.076,0.012,25.064,-8.5488,Charge,33.6128,23.2756,7.9522,optimal,-1
152,4,8,476.358,654.4574,20.6681,0.0058,33.322,0.012,33.31,-13.643,Charge,46.953,34.3053,8.626,8.626,optimal,-1,12.7656,0.0036,27.954,0.0,27.954,-8.5082,Charge,36.4622,21.2701,8.6259,optimal,-1,13.7787,0.0039,19.852,0.0,19.852,-9.1665,Charge,29.0185,22.9413,8.6259,optimal,-1,9.3209,0.0026,17.56,0.0,17.56,-6.2699,Charge,23.8299,15.5882,8.6259,optimal,-1,32.2179,0.0091,58.618,0.024,58.594,-21.1478,Charge,79.7418,53.3566,8.626,optimal,-1,31.4074,0.0089,56.758,0.0,56.758,-20.6211,Charge,77.3791,52.0196,8.626,optimal,-1,32.2179,0.0091,58.648,0.024,58.624,-21.1478,Charge,79.7718,53.3566,8.626,optimal,-1,13.3735,0.0038,20.684,0.0,20.684,-8.9032,Charge,29.5872,22.2729,8.6259,optimal,-1,0.0,0.0,0.0,0.0,0.0,-0.0,Idle,0.0,0.0,-1,optimal,-1,0.0,0.0,0.0,0.0,0.0,-0.0,Idle,0.0,0.0,-1,optimal,-1,24.1127,0.0068,42.37,0.012,42.358,-15.8813,Charge,58.2393,39.9872,8.626,optimal,-1,7.2946,0.0021,12.238,0.0,12.238,-4.9533,Charge,17.1913,12.2458,8.6258,optimal,-1,38.702,0.0109,69.98,0.012,69.968,-25.361,Charge,95.329,64.052,8.626,optimal,-1,10.5367,0.003,20.452,0.012,20.44,-7.0599,Charge,27.4999,17.5936,8.6259,optimal,-1,9.1183,0.0026,12.544,0.0,12.544,-6.1383,Charge,18.6823,15.2539,8.6259,optimal,-1,13.9813,0.0039,25.486,0.012,25.474,-9.2982,Charge,34.7722,23.2756,8.6259,optimal,-1
153,4,9,477.988,656.0882,20.6681,0.0059,31.474,0.012,31.462,-13.6431,Charge,45.1051,34.3053,9.2948,9.2948,optimal,-1,12.7656,0.0036,29.914,0.0,29.914,-8.5082,Charge,38.4222,21.2701,9.3012,optimal,-1,13.7787,0.0039,20.758,0.012,20.746,-9.1665,Charge,29.9125,22.9413,9.3,optimal,-1,9.3209,0.0027,17.536,0.012,17.524,-6.2699,Charge,23.7939,15.5882,9.3074,optimal,-1,32.2179,0.0092,57.524,0.012,57.512,-21.1479,Charge,78.6599,53.3566,9.291,optimal,-1,31.4074,0.009,58.064,0.024,58.04,-20.6212,Charge,78.6612,52.0196,9.2912,optimal,-1,32.2179,0.0092,58.714,0.012,58.702,-21.1479,Charge,79.8499,53.3566,9.291,optimal,-1,13.3735,0.0038,21.38,0.0,21.38,-8.9032,Charge,30.2832,22.2729,9.3004,optimal,-1,0.0,0.0,0.0,0.0,0.0,-0.0,Idle,0.0,0.0,-1,optimal,-1,0.0,0.0,0.0,0.0,0.0,-0.0,Idle,0.0,0.0,-1,optimal,-1,24.1127,0.0069,41.452,0.036,41.416,-15.8814,Charge,57.2974,39.9872,9.2933,optimal,-1,7.2946,0.0021,13.392,0.0,13.392,-4.9533,Charge,18.3453,12.2458,9.3138,optimal,-1,38.702,0.011,70.636,0.024,70.612,-25.3611,Charge,95.9731,64.052,9.2899,optimal,-1,10.5367,0.003,19.586,0.012,19.574,-7.0599,Charge,26.6339,17.5936,9.3047,optimal,-1,9.1183,0.0026,13.106,0.0,13.106,-6.1383,Charge,19.2443,15.2539,9.3079,optimal,-1,13.9813,0.004,24.608,0.0,24.608,-9.2982,Charge,33.9062,23.2756,9.2997,optimal,-1
154,4,10,452.886,633.7021,20.4599,0.006,31.138,0.024,31.114,-13.8514,Charge,44.9654,34.3053,9.9738,9.9738,optimal,-1,12.637,0.0037,27.736,0.0,27.736,-8.6369,Charge,36.3729,21.2701,9.9867,optimal,-1,13.6399,0.004,19.136,0.012,19.124,-9.3054,Charge,28.4294,22.9413,9.9842,optimal,-1,9.227,0.0027,16.064,0.0,16.064,-6.3639,Charge,22.4279,15.5882,9.9991,optimal,-1,31.8933,0.0093,55.308,0.024,55.284,-21.4726,Charge,76.7566,53.3566,9.9663,optimal,-1,31.091,0.0091,54.06,0.012,54.048,-20.9377,Charge,74.9857,52.0196,9.9666,optimal,-1,31.8933,0.0093,56.526,0.024,56.502,-21.4726,Charge,77.9746,53.3566,9.9663,optimal,-1,13.2387,0.0039,19.804,0.0,19.804,-9.038,Charge,28.842,22.2729,9.9851,optimal,-1,0.0,0.0,0.0,0.0,0.0,-0.0,Idle,0.0,0.0,-1,optimal,-1,0.0,0.0,0.0,0.0,0.0,-0.0,Idle,0.0,0.0,-1,optimal,-1,23.8698,0.007,38.004,0.024,37.98,-16.1244,Charge,54.1044,39.9872,9.9708,optimal,-1,7.2211,0.0021,12.962,0.012,12.95,-5.0268,Charge,17.9768,12.2458,10.012,optimal,-1,38.3121,0.0112,67.69,0.012,67.678,-25.7511,Charge,93.4291,64.052,9.964,optimal,-1,10.4305,0.003,17.142,0.0,17.142,-7.1661,Charge,24.3081,17.5936,9.9938,optimal,-1,9.0264,0.0026,13.372,0.024,13.348,-6.2302,Charge,19.5782,15.2539,10.0002,optimal,-1,13.8405,0.004,24.112,0.0,24.112,-9.4391,Charge,33.5511,23.2756,9.9837,optimal,-1
155,4,11,505.694,679.783,20.9758,0.006,38.556,0.012,38.544,-13.3355,Charge,51.8795,34.3053,10.6275,10.6275,optimal,-1,12.9556,0.0037,29.256,0.024,29.232,-8.3182,Charge,37.5502,21.2701,10.6468,optimal,-1,13.9839,0.004,21.842,0.012,21.83,-8.9615,Charge,30.7915,22.9413,10.6431,optimal,-1,9.4597,0.0027,16.088,0.0,16.088,-6.1312,Charge,22.2192,15.5882,10.6656,optimal,-1,32.6976,0.0093,63.768,0.048,63.72,-20.6683,Charge,84.3883,53.3566,10.6162,optimal,-1,31.875,0.0091,54.906,0.024,54.882,-20.1538,Charge,75.0358,52.0196,10.6167,optimal,-1,32.6976,0.0093,65.988,0.036,65.952,-20.6683,Charge,86.6203,53.3566,10.6162,optimal,-1,13.5726,0.0039,22.372,0.012,22.36,-8.7042,Charge,31.0642,22.2729,10.6445,optimal,-1,0.0,0.0,0.0,0.0,0.0,-0.0,Idle,0.0,0.0,-1,optimal,-1,0.0,0.0,0.0,0.0,0.0,-0.0,Idle,0.0,0.0,-1,optimal,-1,24.4718,0.007,41.014,0.024,40.99,-15.5225,Charge,56.5125,39.9872,10.623,optimal,-1,7.4032,0.0021,14.526,0.0,14.526,-4.8447,Charge,19.3707,12.2458,10.6848,optimal,-1,39.2782,0.0112,73.75,0.036,73.714,-24.7851,Charge,98.4991,64.052,10.6129,optimal,-1,10.6935,0.0031,18.038,0.012,18.026,-6.9031,Charge,24.9291,17.5936,10.6576,optimal,-1,9.254,0.0026,16.5,0.012,16.488,-6.0026,Charge,22.4906,15.2539,10.6671,optimal,-1,14.1895,0.0041,29.366,0.024,29.342,-9.0901,Charge,38.4321,23.2756,10.6424,optimal,-1
156,4,12,527.694,689.5713,21.9122,0.0059,43.568,0.012,43.556,-12.3989,Charge,55.9549,34.3053,11.2352,11.2352,optimal,-1,13.534,0.0036,28.964,0.024,28.94,-7.7398,Charge,36.6798,21.2701,11.2611,optimal,-1,14.6082,0.0039,20.73,0.024,20.706,-8.3371,Charge,29.0431,22.9413,11.2561,optimal,-1,9.882,0.0027,17.538,0.002,17.536,-5.7089,Charge,23.2449,15.5882,11.2861,optimal,-1,34.1573,0.0092,68.236,0.036,68.2,-19.2085,Charge,87.4085,53.3566,11.2203,optimal,-1,33.298,0.009,53.928,0.026,53.902,-18.7306,Charge,72.6326,52.0196,11.221,optimal,-1,34.1573,0.0092,70.862,0.036,70.826,-19.2085,Charge,90.0345,53.3566,11.2203,optimal,-1,14.1785,0.0038,21.502,0.024,21.478,-8.0982,Charge,29.5762,22.2729,11.258,optimal,-1,0.0,0.0,0.0,0.0,0.0,-0.0,Idle,0.0,0.0,-1,optimal,-1,0.0,0.0,0.0,0.0,0.0,-0.0,Idle,0.0,0.0,-1,optimal,-1,25.5643,0.0069,43.714,0.002,43.712,-14.4298,Charge,58.1418,39.9872,11.2293,optimal,-1,7.7337,0.0021,14.848,0.012,14.836,-4.5142,Charge,19.3502,12.2458,11.3118,optimal,-1,41.0317,0.0111,74.118,0.05,74.068,-23.0314,Charge,97.0994,64.052,11.2158,optimal,-1,11.1709,0.003,20.94,0.0,20.94,-6.4256,Charge,27.3656,17.5936,11.2754,optimal,-1,9.6672,0.0026,17.782,0.012,17.77,-5.5894,Charge,23.3594,15.2539,11.2881,optimal,-1,14.823,0.004,31.248,0.024,31.224,-8.4566,Charge,39.6806,23.2756,11.2552,optimal,-1
157,4,13,588.39,709.6722,25.0814,0.0618,48.98,0.052,48.928,-9.2856,Charge,58.2136,34.3053,11.6904,11.6904,optimal,-1,15.4915,0.0381,27.486,0.002,27.484,-5.8168,Charge,33.3008,21.2701,11.7228,optimal,-1,16.7209,0.0412,28.878,0.024,28.854,-6.2616,Charge,35.1156,22.9413,11.7165,optimal,-1,11.3112,0.0279,18.58,0.014,18.566,-4.3048,Charge,22.8708,15.5882,11.754,optimal,-1,39.0975,0.0963,73.944,0.052,73.892,-14.3554,Charge,88.2474,53.3566,11.6717,optimal,-1,38.1139,0.0938,62.45,0.04,62.41,-13.9996,Charge,76.4096,52.0196,11.6726,optimal,-1,39.0975,0.0963,74.97,0.054,74.916,-14.3554,Charge,89.2714,53.3566,11.6717,optimal,-1,16.2291,0.04,26.904,0.024,26.88,-6.0837,Charge,32.9637,22.2729,11.7189,optimal,-1,0.0,0.0,0.0,0.0,0.0,-0.0,Idle,0.0,0.0,-1,optimal,-1,0.0,0.0,0.0,0.0,0.0,-0.0,Idle,0.0,0.0,-1,optimal,-1,29.2616,0.0721,51.02,0.014,51.006,-10.7976,Charge,61.8036,39.9872,11.683,optimal,-1,8.8523,0.0218,15.282,0.002,15.28,-3.4154,Charge,18.6954,12.2458,11.7862,optimal,-1,46.9662,0.1156,86.614,0.09,86.524,-17.2015,Charge,103.7255,64.052,11.6661,optimal,-1,12.7866,0.0315,21.84,0.0,21.84,-4.8385,Charge,26.6785,17.5936,11.7406,optimal,-1,11.0653,0.0272,19.474,0.002,19.472,-4.2159,Charge,23.6879,15.2539,11.7566,optimal,-1,16.9668,0.0418,32.388,0.05,32.338,-6.3505,Charge,38.6885,23.2756,11.7154,optimal,-1
158,4,14,605.654,689.2963,29.0014,1.0951,47.452,0.85,46.602,-6.3989,Charge,53.0009,34.3053,12.0041,12.0041,optimal,-1,17.9126,0.6764,31.576,0.652,30.924,-4.0339,Charge,34.9579,21.2701,12.0429,optimal,-1,19.3343,0.7301,31.648,0.538,31.11,-4.3371,Charge,35.4471,22.9413,12.0354,optimal,-1,13.0791,0.4939,19.298,0.342,18.956,-3.003,Charge,21.959,15.5882,12.0804,optimal,-1,45.2081,1.707,76.168,1.318,74.85,-9.8556,Charge,84.7056,53.3566,11.9816,optimal,-1,44.0708,1.6641,68.12,1.438,66.682,-9.613,Charge,76.295,52.0196,11.9827,optimal,-1,45.2081,1.707,76.948,1.32,75.628,-9.8556,Charge,85.4836,53.3566,11.9816,optimal,-1,18.7656,0.7086,30.976,0.722,30.254,-4.2158,Charge,34.4698,22.2729,12.0383,optimal,-1,0.0,0.0,0.0,0.0,0.0,-0.0,Idle,0.0,0.0,-1,optimal,-1,0.0,0.0,0.0,0.0,0.0,-0.0,Idle,0.0,0.0,-1,optimal,-1,33.835,1.2776,49.522,0.86,48.662,-7.4299,Charge,56.0919,39.9872,11.9951,optimal,-1,10.2358,0.3865,16.226,0.164,16.062,-2.3966,Charge,18.4586,12.2458,12.119,optimal,-1,54.3065,2.0506,91.348,1.876,89.472,-11.7961,Charge,101.2681,64.052,11.9749,optimal,-1,14.785,0.5583,22.182,0.47,21.712,-3.3668,Charge,25.0788,17.5936,12.0644,optimal,-1,12.7947,0.4831,20.982,0.222,20.76,-2.9423,Charge,23.7023,15.2539,12.0835,optimal,-1,19.6186,0.7408,34.618,0.638,33.98,-4.3978,Charge,38.3778,23.2756,12.0341,optimal,-1
159,4,15,617.76,505.2182,29.0058,3.3485,49.302,3.768,45.534,8.6297,Discharge,36.9043,17.0276,11.5811,11.5811,optimal,-1,17.9153,2.0682,34.484,2.454,32.03,5.3371,Discharge,26.6929,10.5101,11.6193,optimal,-1,19.3372,2.2323,33.88,2.026,31.854,5.7592,Discharge,26.0948,11.3457,11.612,optimal,-1,13.081,1.5101,22.58,1.554,21.026,3.9019,Discharge,17.1241,7.6691,11.6563,optimal,-1,45.2149,5.2197,79.514,5.736,73.778,13.4419,Discharge,60.3361,26.5533,11.5589,optimal,-1,44.0774,5.0884,77.724,5.47,72.254,13.1042,Discharge,59.1498,25.8848,11.5599,optimal,-1,45.2149,5.2197,79.018,5.632,73.386,13.4419,Discharge,59.9441,26.5533,11.5589,optimal,-1,18.7684,2.1667,33.968,2.504,31.464,5.5904,Discharge,25.8736,11.0114,11.6148,optimal,-1,0.0,0.0,0.0,0.0,0.0,-0.0,Idle,0.0,0.0,-1,optimal,-1,0.0,0.0,0.0,0.0,0.0,-0.0,Idle,0.0,0.0,-1,optimal,-1,33.8401,3.9066,57.394,3.796,53.598,10.0649,Discharge,43.5331,19.8686,11.5722,optimal,-1,10.2373,1.1818,17.444,1.194,16.25,3.0576,Discharge,13.1924,5.9979,11.6944,optimal,-1,54.3147,6.2702,99.018,7.018,92.0,16.1435,Discharge,75.8565,31.901,11.5523,optimal,-1,14.7873,1.7071,24.32,1.816,22.504,4.4084,Discharge,18.0956,8.6718,11.6405,optimal,-1,12.7967,1.4773,21.562,1.45,20.112,3.8174,Discharge,16.2946,7.502,11.6593,optimal,-1,19.6216,2.2651,34.59,2.62,31.97,5.8436,Discharge,26.1264,11.5128,11.6106,optimal,-1
160,4,16,539.178,459.3899,29.1527,6.0073,46.69,8.37,38.32,6.1177,Discharge,32.2023,17.0276,11.2812,11.2812,optimal,-1,18.0061,3.7104,35.628,5.654,29.974,3.7856,Discharge,26.1884,10.5101,11.3189,optimal,-1,19.4351,4.0049,32.238,4.672,27.566,4.0846,Discharge,23.4814,11.3457,11.3116,optimal,-1,13.1473,2.7092,21.198,2.982,18.216,2.769,Discharge,15.447,7.6691,11.3553,optimal,-1,45.4439,9.3643,78.148,13.268,64.88,9.5263,Discharge,55.3537,26.5533,11.2594,optimal,-1,44.3006,9.1287,74.406,12.016,62.39,9.2871,Discharge,53.1029,25.8848,11.2604,optimal,-1,45.4439,9.3643,77.614,12.69,64.924,9.5263,Discharge,55.3977,26.5533,11.2594,optimal,-1,18.8635,3.8871,32.282,5.536,26.746,3.965,Discharge,22.781,11.0114,11.3144,optimal,-1,0.0,0.0,0.0,0.0,0.0,-0.0,Idle,0.0,0.0,-1,optimal,-1,0.0,0.0,0.0,0.0,0.0,-0.0,Idle,0.0,0.0,-1,optimal,-1,34.0115,7.0085,51.972,8.53,43.442,7.1343,Discharge,36.3077,19.8686,11.2725,optimal,-1,10.2892,2.1202,20.086,2.712,17.374,2.171,Discharge,15.203,5.9979,11.3928,optimal,-1,54.5898,11.249,95.458,15.372,80.086,11.4398,Discharge,68.6462,31.901,11.2528,optimal,-1,14.8621,3.0625,21.578,3.93,17.648,3.1278,Discharge,14.5202,8.6718,11.3397,optimal,-1,12.8615,2.6503,22.266,3.66,18.606,2.7092,Discharge,15.8968,7.502,11.3583,optimal,-1,19.7209,4.0638,34.748,5.742,29.006,4.1444,Discharge,24.8616,11.5128,11.3103,optimal,-1
161,4,17,473.132,432.7795,28.9914,8.8704,48.828,14.678,34.15,3.0934,Discharge,31.0566,17.0276,11.1295,11.1295,optimal,-1,17.9064,5.4788,31.986,11.392,20.594,1.9176,Discharge,18.6764,10.5101,11.1667,optimal,-1,19.3276,5.9136,39.29,8.644,30.646,2.0683,Discharge,28.5777,11.3457,11.1595,optimal,-1,13.0745,4.0004,20.842,5.874,14.968,1.4051,Discharge,13.5629,7.6691,11.2026,optimal,-1,45.1924,13.8274,80.864,23.95,56.914,4.8118,Discharge,52.1022,26.5533,11.108,optimal,-1,44.0555,13.4795,77.052,23.298,53.754,4.6912,Discharge,49.0628,25.8848,11.109,optimal,-1,45.1924,13.8274,78.676,23.22,55.456,4.8118,Discharge,50.6442,26.5533,11.108,optimal,-1,18.7591,5.7397,36.094,10.676,25.418,2.008,Discharge,23.41,11.0114,11.1623,optimal,-1,0.0,0.0,0.0,0.0,0.0,-0.0,Idle,0.0,0.0,-1,optimal,-1,0.0,0.0,0.0,0.0,0.0,-0.0,Idle,0.0,0.0,-1,optimal,-1,33.8233,10.3488,56.516,16.33,40.186,3.6059,Discharge,36.5801,19.8686,11.121,optimal,-1,10.2322,3.1307,18.734,4.864,13.87,1.1036,Discharge,12.7664,5.9979,11.2396,optimal,-1,54.2877,16.6102,99.578,28.636,70.942,5.7765,Discharge,65.1655,31.901,11.1016,optimal,-1,14.7799,4.5222,22.824,7.492,15.332,1.586,Discharge,13.746,8.6718,11.1872,optimal,-1,12.7903,3.9134,22.39,6.644,15.746,1.3749,Discharge,14.3711,7.502,11.2055,optimal,-1,19.6118,6.0006,35.096,9.94,25.156,2.0985,Discharge,23.0575,11.5128,11.1582,optimal,-1
162,4,18,433.32,455.2671,28.999,13.6559,53.878,20.52,33.358,-1.6845,Charge,35.0425,17.0276,11.2121,11.2121,optimal,-1,17.9112,8.4345,35.774,17.052,18.722,-1.0334,Charge,19.7554,10.5101,11.2487,optimal,-1,19.3327,9.1039,34.968,12.18,22.788,-1.1169,Charge,23.9049,11.3457,11.2417,optimal,-1,13.078,6.1585,24.434,8.474,15.96,-0.7496,Charge,16.7096,7.6691,11.2841,optimal,-1,45.2044,21.2872,88.176,33.722,54.454,-2.6361,Charge,57.0901,26.5533,11.1909,optimal,-1,44.0672,20.7516,80.946,33.66,47.286,-2.5693,Charge,49.8553,25.8848,11.1919,optimal,-1,45.2044,21.2872,88.348,33.014,55.334,-2.6361,Charge,57.9701,26.5533,11.1909,optimal,-1,18.7641,8.8362,33.868,15.79,18.078,-1.0835,Charge,19.1615,11.0114,11.2444,optimal,-1,0.0,0.0,0.0,0.0,0.0,-0.0,Idle,0.0,0.0,-1,optimal,-1,0.0,0.0,0.0,0.0,0.0,-0.0,Idle,0.0,0.0,-1,optimal,-1,33.8322,15.9319,60.178,22.77,37.408,-1.9683,Charge,39.3763,19.8686,11.2037,optimal,-1,10.235,4.8197,21.984,7.022,14.962,-0.5827,Charge,15.5447,5.9979,11.3205,optimal,-1,54.3021,25.5714,102.772,41.53,61.242,-3.1703,Charge,64.4123,31.901,11.1846,optimal,-1,14.7838,6.9618,25.592,10.32,15.272,-0.8498,Charge,16.1218,8.6718,11.269,optimal,-1,12.7937,6.0247,24.01,9.254,14.756,-0.7329,Charge,15.4889,7.502,11.287,optimal,-1,19.617,9.2378,38.064,14.364,23.7,-1.1336,Charge,24.8336,11.5128,11.2404,optimal,-1
163,4,19,433.04,525.7486,28.5121,18.5958,58.102,22.514,35.588,-7.1113,Charge,42.6993,17.0276,11.5607,11.5607,optimal,-1,17.6104,11.4856,40.19,18.094,22.096,-4.3853,Charge,26.4813,10.5101,11.5967,optimal,-1,19.008,12.3972,34.554,14.106,20.448,-4.7348,Charge,25.1828,11.3457,11.5898,optimal,-1,12.8584,8.3863,24.278,9.548,14.73,-3.197,Charge,17.927,7.6691,11.6316,optimal,-1,44.4453,28.9875,90.874,36.198,54.676,-11.0955,Charge,65.7715,26.5533,11.5398,optimal,-1,43.3272,28.2583,81.23,37.282,43.948,-10.8159,Charge,54.7639,25.8848,11.5408,optimal,-1,44.4453,28.9875,94.378,36.094,58.284,-11.0955,Charge,69.3795,26.5533,11.5398,optimal,-1,18.449,12.0326,33.384,17.0,16.384,-4.595,Charge,20.979,11.0114,11.5925,optimal,-1,0.0,0.0,0.0,0.0,0.0,-0.0,Idle,0.0,0.0,-1,optimal,-1,0.0,0.0,0.0,0.0,0.0,-0.0,Idle,0.0,0.0,-1,optimal,-1,33.2641,21.6951,58.946,25.736,33.21,-8.2996,Charge,41.5096,19.8686,11.5524,optimal,-1,10.0631,6.5632,21.008,7.37,13.638,-2.4981,Charge,16.1361,5.9979,11.6674,optimal,-1,53.3902,34.8215,111.712,45.196,66.516,-13.3323,Charge,79.8483,31.901,11.5336,optimal,-1,14.5356,9.4802,21.822,11.384,10.438,-3.6164,Charge,14.0544,8.6718,11.6167,optimal,-1,12.5789,8.204,24.554,10.224,14.33,-3.1271,Charge,17.4571,7.502,11.6344,optimal,-1,19.2876,12.5795,44.072,15.318,28.754,-4.8047,Charge,33.5587,11.5128,11.5886,optimal,-1
164,4,20,333.816,443.0042,28.3966,19.7441,52.474,27.892,24.582,-8.3752,Charge,32.9572,17.0276,11.9713,11.9713,optimal,-1,17.5391,12.1949,45.002,22.336,22.666,-5.1659,Charge,27.8319,10.5101,12.0067,optimal,-1,18.931,13.1627,31.374,17.54,13.834,-5.5774,Charge,19.4114,11.3457,11.9999,optimal,-1,12.8063,8.9042,21.974,12.246,9.728,-3.767,Charge,13.495,7.6691,12.041,optimal,-1,44.2652,30.7776,91.378,45.716,45.662,-13.0656,Charge,58.7276,26.5533,11.9507,optimal,-1,43.1516,30.0033,76.506,46.618,29.888,-12.7365,Charge,42.6245,25.8848,11.9517,optimal,-1,44.2652,30.7776,93.506,44.958,48.548,-13.0656,Charge,61.6136,26.5533,11.9507,optimal,-1,18.3742,12.7756,32.496,21.192,11.304,-5.4128,Charge,16.7168,11.0114,12.0025,optimal,-1,0.0,0.0,0.0,0.0,0.0,-0.0,Idle,0.0,0.0,-1,optimal,-1,0.0,0.0,0.0,0.0,0.0,-0.0,Idle,0.0,0.0,-1,optimal,-1,33.1293,23.0348,55.092,32.478,22.614,-9.7741,Charge,32.3881,19.8686,11.9631,optimal,-1,10.0223,6.9685,19.822,9.46,10.362,-2.9441,Charge,13.3061,5.9979,12.0763,optimal,-1,53.174,36.9718,109.63,55.974,53.656,-15.6989,Charge,69.3549,31.901,11.9446,optimal,-1,14.4767,10.0656,21.818,15.02,6.798,-4.2607,Charge,11.0587,8.6718,12.0264,optimal,-1,12.5279,8.7106,21.724,13.032,8.692,-3.6847,Charge,12.3767,7.502,12.0439,optimal,-1,19.2094,13.3563,44.51,19.028,25.482,-5.6596,Charge,31.1416,11.5128,11.9987,optimal,-1
165,4,21,198.798,326.839,28.3594,21.1528,49.95,36.368,13.582,-9.821,Charge,23.403,17.0276,12.4527,12.4527,optimal,-1,17.5161,13.065,46.422,29.55,16.872,-6.0589,Charge,22.9309,10.5101,12.4876,optimal,-1,18.9063,14.1019,31.456,23.844,7.612,-6.5413,Charge,14.1533,11.3457,12.4809,optimal,-1,12.7895,9.5395,21.986,16.852,5.134,-4.4191,Charge,9.5531,7.6691,12.5214,optimal,-1,44.2073,32.9735,90.5,58.962,31.538,-15.3195,Charge,46.8575,26.5533,12.4325,optimal,-1,43.0952,32.144,73.318,62.124,11.194,-14.9336,Charge,26.1276,25.8848,12.4334,optimal,-1,44.2073,32.9735,92.914,59.566,33.348,-15.3195,Charge,48.6675,26.5533,12.4325,optimal,-1,18.3502,13.6871,31.22,27.786,3.434,-6.3483,Charge,9.7823,11.0114,12.4835,optimal,-1,0.0,0.0,0.0,0.0,0.0,-0.0,Idle,0.0,0.0,-1,optimal,-1,0.0,0.0,0.0,0.0,0.0,-0.0,Idle,0.0,0.0,-1,optimal,-1,33.086,24.6783,56.49,42.164,14.326,-11.4609,Charge,25.7869,19.8686,12.4446,optimal,-1,10.0092,7.4657,17.278,12.784,4.494,-3.4544,Charge,7.9484,5.9979,12.5561,optimal,-1,53.1044,39.6097,107.57,76.004,31.566,-18.4063,Charge,49.9723,31.901,12.4264,optimal,-1,14.4577,10.7838,22.282,18.46,3.822,-4.9978,Charge,8.8198,8.6718,12.5069,optimal,-1,12.5115,9.3321,20.554,16.858,3.696,-4.3226,Charge,8.0186,7.502,12.5241,optimal,-1,19.1843,14.3092,43.646,25.466,18.18,-6.6377,Charge,24.8177,11.5128,12.4797,optimal,-1
166,4,22,234.24,384.2795,28.5486,23.0291,55.142,37.402,17.74,-11.5081,Charge,29.2481,17.0276,13.0168,13.0168,optimal,-1,17.633,14.2239,45.814,29.672,16.142,-7.101,Charge,23.243,10.5101,13.0512,optimal,-1,19.0324,15.3527,35.82,23.314,12.506,-7.666,Charge,20.172,11.3457,13.0446,optimal,-1,12.8749,10.3857,23.654,17.762,5.892,-5.1799,Charge,11.0719,7.6691,13.0844,optimal,-1,44.5022,35.8983,92.042,60.488,31.554,-17.9494,Charge,49.5034,26.5533,12.9969,optimal,-1,43.3827,34.9952,81.744,61.886,19.858,-17.4974,Charge,37.3554,25.8848,12.9978,optimal,-1,44.5022,35.8983,96.402,61.496,34.906,-17.9494,Charge,52.8554,26.5533,12.9969,optimal,-1,18.4726,14.9012,35.52,27.48,8.04,-7.44,Charge,15.48,11.0114,13.0471,optimal,-1,0.0,0.0,0.0,0.0,0.0,-0.0,Idle,0.0,0.0,-1,optimal,-1,0.0,0.0,0.0,0.0,0.0,-0.0,Idle,0.0,0.0,-1,optimal,-1,33.3067,26.8673,64.594,42.016,22.578,-13.4292,Charge,36.0072,19.8686,13.0089,optimal,-1,10.076,8.1279,18.884,12.986,5.898,-4.0499,Charge,9.9479,5.9979,13.1186,optimal,-1,53.4586,43.1231,108.448,77.59,30.858,-21.5655,Charge,52.4235,31.901,12.9909,optimal,-1,14.5542,11.7403,28.118,19.384,8.734,-5.8579,Charge,14.5919,8.6718,13.0702,optimal,-1,12.595,10.1599,24.918,16.012,8.906,-5.0669,Charge,13.9729,7.502,13.0871,optimal,-1,19.3123,15.5785,38.162,27.534,10.628,-7.779,Charge,18.407,11.5128,13.0434,optimal,-1
167,4,23,165.496,317.0885,28.8519,23.4515,48.73,41.642,7.088,-11.6272,Charge,18.7152,17.0276,13.5868,13.5868,optimal,-1,17.8203,14.4847,44.65,28.944,15.706,-7.1745,Charge,22.8805,10.5101,13.6206,optimal,-1,19.2346,15.6343,32.288,24.076,8.212,-7.7454,Charge,15.9574,11.3457,13.6141,optimal,-1,13.0116,10.5762,25.744,18.706,7.038,-5.2336,Charge,12.2716,7.6691,13.6533,optimal,-1,44.975,36.5567,82.314,64.538,17.776,-18.135,Charge,35.911,26.5533,13.5672,optimal,-1,43.8435,35.6371,83.174,62.496,20.678,-17.6783,Charge,38.3563,25.8848,13.5681,optimal,-1,44.975,36.5567,88.68,65.318,23.362,-18.135,Charge,41.497,26.5533,13.5672,optimal,-1,18.6689,15.1745,32.068,27.098,4.97,-7.5171,Charge,12.4871,11.0114,13.6166,optimal,-1,0.0,0.0,0.0,0.0,0.0,-0.0,Idle,0.0,0.0,-1,optimal,-1,0.0,0.0,0.0,0.0,0.0,-0.0,Idle,0.0,0.0,-1,optimal,-1,33.6605,27.3601,59.424,43.362,16.062,-13.5682,Charge,29.6302,19.8686,13.579,optimal,-1,10.183,8.277,18.792,13.946,4.846,-4.0919,Charge,8.9379,5.9979,13.6869,optimal,-1,54.0266,43.9141,107.576,81.814,25.762,-21.7885,Charge,47.5505,31.901,13.5613,optimal,-1,14.7088,11.9557,23.452,19.092,4.36,-5.9187,Charge,10.2787,8.6718,13.6393,optimal,-1,12.7288,10.3462,21.688,16.702,4.986,-5.1194,Charge,10.1054,7.502,13.656,optimal,-1,19.5175,15.8642,35.314,30.664,4.65,-7.8596,Charge,12.5096,11.5128,13.6129,optimal,-1
168,4,24,133.83,290.1904,28.8847,23.85,56.0,44.924,11.076,-11.9929,Charge,23.0689,17.0276,14.1747,14.1747,optimal,-1,17.8405,14.7309,39.412,32.86,6.552,-7.4004,Charge,13.9524,10.5101,14.2079,optimal,-1,19.2565,15.9,32.576,27.998,4.578,-7.9892,Charge,12.5672,11.3457,14.2015,optimal,-1,13.0264,10.7559,27.666,19.61,8.056,-5.3985,Charge,13.4545,7.6691,14.2401,optimal,-1,45.0261,37.1779,88.312,71.116,17.196,-18.705,Charge,35.901,26.5533,14.1554,optimal,-1,43.8934,36.2426,82.916,70.574,12.342,-18.234,Charge,30.576,25.8848,14.1563,optimal,-1,45.0261,37.1779,92.176,71.736,20.44,-18.705,Charge,39.145,26.5533,14.1554,optimal,-1,18.6901,15.4323,30.818,31.612,-0.794,-7.7537,Charge,6.9597,11.0114,14.204,optimal,-1,0.0,0.0,0.0,0.0,0.0,-0.0,Idle,0.0,0.0,-1,optimal,-1,0.0,0.0,0.0,0.0,0.0,-0.0,Idle,0.0,0.0,-1,optimal,-1,33.6988,27.8249,63.91,48.86,15.05,-13.9948,Charge,29.0448,19.8686,14.167,optimal,-1,10.1946,8.4176,23.738,14.124,9.614,-4.221,Charge,13.835,5.9979,14.2732,optimal,-1,54.088,44.6602,105.302,91.644,13.658,-22.4732,Charge,36.1312,31.901,14.1496,optimal,-1,14.7255,12.1588,25.822,22.098,3.724,-6.1051,Charge,9.8291,8.6718,14.2263,optimal,-1,12.7432,10.522,25.952,17.346,8.606,-5.2808,Charge,13.8868,7.502,14.2427,optimal,-1,19.5396,16.1338,36.212,32.48,3.732,-8.1069,Charge,11.8389,11.5128,14.2004,optimal,-1
169,4,25,27.446,191.1884,28.898,24.4294,54.482,51.084,3.398,-12.559,Charge,15.957,17.0276,14.7903,14.7903,optimal,-1,17.8488,15.0887,36.126,38.436,-2.31,-7.7501,Charge,5.4401,10.5101,14.823,optimal,-1,19.2653,16.2863,31.416,32.502,-1.086,-8.3666,Charge,7.2806,11.3457,14.8167,optimal,-1,13.0324,11.0172,29.212,22.782,6.43,-5.6538,Charge,12.0838,7.6691,14.8546,optimal,-1,45.0469,38.0811,86.626,82.432,4.194,-19.5875,Charge,23.7815,26.5533,14.7714,optimal,-1,43.9136,37.1231,83.486,81.172,2.314,-19.0943,Charge,21.4083,25.8848,14.7722,optimal,-1,45.0469,38.0811,86.692,83.318,3.374,-19.5875,Charge,22.9615,26.5533,14.7714,optimal,-1,18.6987,15.8073,31.12,35.91,-4.79,-8.12,Charge,3.33,11.0114,14.8191,optimal,-1,0.0,0.0,0.0,0.0,0.0,-0.0,Idle,0.0,0.0,-1,optimal,-1,0.0,0.0,0.0,0.0,0.0,-0.0,Idle,0.0,0.0,-1,optimal,-1,33.7143,28.501,66.566,56.596,9.97,-14.6552,Charge,24.6252,19.8686,14.7828,optimal,-1,10.1993,8.6221,22.974,15.83,7.144,-4.4208,Charge,11.5648,5.9979,14.8872,optimal,-1,54.1129,45.7453,99.828,106.448,-6.62,-23.5334,Charge,16.9134,31.901,14.7657,optimal,-1,14.7323,12.4542,30.05,25.664,4.386,-6.3937,Charge,10.7797,8.6718,14.8411,optimal,-1,12.7491,10.7777,24.022,19.452,4.57,-5.5305,Charge,10.1005,7.502,14.8572,optimal,-1,19.5486,16.5258,35.372,38.9,-3.528,-8.4899,Charge,4.9619,11.5128,14.8156,optimal,-1
170,4,26,61.666,233.4034,28.8809,25.0254,54.618,48.89,5.728,-13.1722,Charge,18.9002,17.0276,15.436,15.436,optimal,-1,17.8382,15.4569,35.812,36.998,-1.186,-8.1288,Charge,6.9428,10.5101,15.4681,optimal,-1,19.2539,16.6836,36.904,30.25,6.654,-8.7754,Charge,15.4294,11.3457,15.462,optimal,-1,13.0247,11.286,24.308,21.798,2.51,-5.9304,Charge,8.4404,7.6691,15.4992,optimal,-1,45.0202,39.0102,85.596,77.554,8.042,-20.5433,Charge,28.5853,26.5533,15.4174,optimal,-1,43.8876,38.0288,82.518,77.01,5.508,-20.0261,Charge,25.5341,25.8848,15.4182,optimal,-1,45.0202,39.0102,89.31,79.116,10.194,-20.5433,Charge,30.7373,26.5533,15.4174,optimal,-1,18.6876,16.1929,34.354,33.8,0.554,-8.5167,Charge,9.0707,11.0114,15.4643,optimal,-1,0.0,0.0,0.0,0.0,0.0,-0.0,Idle,0.0,0.0,-1,optimal,-1,0.0,0.0,0.0,0.0,0.0,-0.0,Idle,0.0,0.0,-1,optimal,-1,33.6944,29.1963,57.178,53.188,3.99,-15.3706,Charge,19.3606,19.8686,15.4286,optimal,-1,10.1933,8.8325,25.256,15.76,9.496,-4.6372,Charge,14.1332,5.9979,15.5312,optimal,-1,54.0809,46.8614,105.854,100.732,5.122,-24.6815,Charge,29.8035,31.901,15.4118,optimal,-1,14.7236,12.7581,22.652,23.424,-0.772,-6.7063,Charge,5.9343,8.6718,15.4859,optimal,-1,12.7416,11.0406,25.002,18.54,6.462,-5.801,Charge,12.263,7.502,15.5018,optimal,-1,19.5371,16.929,36.872,37.508,-0.636,-8.9047,Charge,8.2687,11.5128,15.4608,optimal,-1
171,4,27,110.432,285.2827,28.8072,25.1905,54.212,45.324,8.888,-13.411,Charge,22.299,17.0276,16.0934,16.0934,optimal,-1,17.7927,15.5589,33.682,32.736,0.946,-8.2762,Charge,9.2222,10.5101,16.125,optimal,-1,19.2048,16.7937,36.15,27.456,8.694,-8.9345,Charge,17.6285,11.3457,16.1189,optimal,-1,12.9915,11.3604,24.852,19.796,5.056,-6.038,Charge,11.094,7.6691,16.1555,optimal,-1,44.9053,39.2676,84.504,70.674,13.83,-20.9155,Charge,34.7455,26.5533,16.0751,optimal,-1,43.7757,38.2797,82.132,70.268,11.864,-20.3889,Charge,32.2529,25.8848,16.0759,optimal,-1,44.9053,39.2676,86.54,71.444,15.096,-20.9155,Charge,36.0115,26.5533,16.0751,optimal,-1,18.64,16.2998,32.804,30.538,2.266,-8.6712,Charge,10.9372,11.0114,16.1212,optimal,-1,0.0,0.0,0.0,0.0,0.0,-0.0,Idle,0.0,0.0,-1,optimal,-1,0.0,0.0,0.0,0.0,0.0,-0.0,Idle,0.0,0.0,-1,optimal,-1,33.6084,29.3889,60.606,49.398,11.208,-15.6492,Charge,26.8572,19.8686,16.0861,optimal,-1,10.1672,8.8908,24.4,14.93,9.47,-4.7214,Charge,14.1914,5.9979,16.187,optimal,-1,53.9429,47.1705,101.568,90.054,11.514,-25.1286,Charge,36.6426,31.901,16.0696,optimal,-1,14.686,12.8422,23.83,21.792,2.038,-6.828,Charge,8.866,8.6718,16.1425,optimal,-1,12.7091,11.1135,25.638,17.272,8.366,-5.9064,Charge,14.2724,7.502,16.158,optimal,-1,19.4872,17.0407,34.98,33.784,1.196,-9.0662,Charge,10.2622,11.5128,16.1178,optimal,-1
172,4,28,127.956,301.0583,28.9846,25.2339,56.946,44.232,12.714,-13.2769,Charge,25.9909,17.0276,16.7442,16.7442,optimal,-1,17.9023,15.5856,34.02,31.89,2.13,-8.1934,Charge,10.3234,10.5101,16.7753,optimal,-1,19.3231,16.8226,35.404,26.348,9.056,-8.8451,Charge,17.9011,11.3457,16.7693,optimal,-1,13.0715,11.38,23.246,20.088,3.158,-5.9776,Charge,9.1356,7.6691,16.8053,optimal,-1,45.1819,39.3352,87.35,68.244,19.106,-20.7065,Charge,39.8125,26.5533,16.7262,optimal,-1,44.0453,38.3456,77.88,69.018,8.862,-20.1851,Charge,29.0471,25.8848,16.7271,optimal,-1,45.1819,39.3352,89.618,69.246,20.372,-20.7065,Charge,41.0785,26.5533,16.7262,optimal,-1,18.7548,16.3278,31.512,29.626,1.886,-8.5845,Charge,10.4705,11.0114,16.7716,optimal,-1,0.0,0.0,0.0,0.0,0.0,-0.0,Idle,0.0,0.0,-1,optimal,-1,0.0,0.0,0.0,0.0,0.0,-0.0,Idle,0.0,0.0,-1,optimal,-1,33.8154,29.4395,58.266,48.524,9.742,-15.4927,Charge,25.2347,19.8686,16.7371,optimal,-1,10.2299,8.9061,23.85,13.936,9.914,-4.6741,Charge,14.5881,5.9979,16.8362,optimal,-1,54.2752,47.2517,102.566,87.962,14.604,-24.8775,Charge,39.4815,31.901,16.7209,optimal,-1,14.7765,12.8643,22.512,21.122,1.39,-6.7596,Charge,8.1496,8.6718,16.7924,optimal,-1,12.7873,11.1326,25.492,17.114,8.378,-5.8472,Charge,14.2252,7.502,16.8077,optimal,-1,19.6073,17.07,38.496,31.852,6.644,-8.9755,Charge,15.6195,11.5128,16.7682,optimal,-1
173,4,29,49.752,43.4861,28.8574,25.1863,53.42,46.998,6.422,0.4655,Idle,5.9565,3.2055,16.7214,16.7214,optimal,-1,17.8237,15.5562,33.872,34.654,-0.782,0.3654,Idle,-1.1474,1.902,16.7463,optimal,-1,19.2382,16.7909,28.124,28.456,-0.332,0.3782,Idle,-0.7102,2.0691,16.7415,optimal,-1,13.0141,11.3585,26.926,22.204,4.722,0.3218,Idle,4.4002,1.3338,16.7703,optimal,-1,44.9836,39.261,85.222,73.366,11.856,0.6119,Discharge,11.2441,5.1107,16.707,optimal,-1,43.8519,38.2733,73.378,74.612,-1.234,0.6016,Discharge,-1.8356,4.977,16.7077,optimal,-1,44.9836,39.261,86.296,74.954,11.342,0.6119,Discharge,10.7301,5.1107,16.707,optimal,-1,18.6724,16.297,24.958,32.308,-7.35,0.3731,Idle,-7.7231,2.0023,16.7433,optimal,-1,0.0,0.0,0.0,0.0,0.0,0.0,Idle,-0.0,-0.0,-1,optimal,-1,0.0,0.0,0.0,0.0,0.0,0.0,Idle,-0.0,-0.0,-1,optimal,-1,33.6669,29.384,61.484,51.548,9.936,0.5092,Discharge,9.4268,3.7737,16.7157,optimal,-1,10.185,8.8893,20.768,14.666,6.102,0.2961,Idle,5.8059,0.9996,16.795,optimal,-1,54.0368,47.1626,94.232,97.552,-3.32,0.694,Discharge,-4.014,6.1802,16.7027,optimal,-1,14.7116,12.8401,25.688,21.446,4.242,0.3372,Idle,3.9048,1.5344,16.76,optimal,-1,12.7312,11.1116,23.83,18.084,5.746,0.3192,Idle,5.4268,1.3004,16.7723,optimal,-1,19.5212,17.0378,37.632,35.23,2.402,0.3808,Idle,2.0212,2.1026,16.7406,optimal,-1
174,4,30,32.424,47.4345,29.1496,27.1102,53.892,49.192,4.7,-1.1662,Charge,5.8662,3.2055,16.7786,16.7786,optimal,-1,18.0041,16.7446,33.882,36.578,-2.696,-0.6424,Charge,-2.0536,1.902,16.7972,optimal,-1,19.433,18.0735,29.94,31.426,-1.486,-0.7096,Charge,-0.7764,2.0691,16.7937,optimal,-1,13.1459,12.2262,30.03,23.498,6.532,-0.4141,Idle,6.9461,1.3338,16.8153,optimal,-1,45.439,42.2601,85.35,77.226,8.124,-1.9317,Charge,10.0557,5.1107,16.7677,optimal,-1,44.2959,41.1969,78.616,79.872,-1.256,-1.878,Charge,0.622,4.977,16.7682,optimal,-1,45.439,42.2601,85.89,78.754,7.136,-1.9317,Charge,9.0677,5.1107,16.7677,optimal,-1,18.8615,17.5419,27.076,34.656,-7.58,-0.6827,Charge,-6.8973,2.0023,16.795,optimal,-1,0.0,0.0,0.0,0.0,0.0,0.0,Idle,-0.0,-0.0,-1,optimal,-1,0.0,0.0,0.0,0.0,0.0,0.0,Idle,-0.0,-0.0,-1,optimal,-1,34.0078,31.6286,63.572,55.704,7.868,-1.3945,Charge,9.2625,3.7737,16.7743,optimal,-1,10.2881,9.5683,21.098,15.99,5.108,-0.2798,Idle,5.3878,0.9996,16.8339,optimal,-1,54.584,50.7652,99.51,102.98,-3.47,-2.3614,Charge,-1.1086,6.1802,16.7645,optimal,-1,14.8606,13.8209,26.852,22.28,4.572,-0.4947,Idle,5.0667,1.5344,16.8076,optimal,-1,12.8601,11.9604,24.878,20.224,4.654,-0.4007,Idle,5.0547,1.3004,16.8168,optimal,-1,19.7188,18.3393,36.318,36.1,0.218,-0.723,Charge,0.941,2.1026,16.793,optimal,-1
175,4,31,26.744,-11.3073,29.0726,22.9639,51.078,46.76,4.318,2.9032,Discharge,1.4148,3.2055,16.6363,16.6363,optimal,-1,17.9566,14.1836,32.928,35.354,-2.426,1.871,Discharge,-4.297,1.902,16.6488,optimal,-1,19.3818,15.3093,29.924,30.642,-0.718,2.0034,Discharge,-2.7214,2.0691,16.6463,optimal,-1,13.1112,10.3563,29.632,22.51,7.122,1.4211,Discharge,5.7009,1.3338,16.6608,optimal,-1,45.3191,35.7967,78.418,74.686,3.732,4.4118,Discharge,-0.6798,5.1107,16.629,optimal,-1,44.179,34.8961,77.268,77.164,0.104,4.3059,Discharge,-4.2019,4.977,16.6293,optimal,-1,45.3191,35.7967,81.932,75.676,6.256,4.4118,Discharge,1.8442,5.1107,16.629,optimal,-1,18.8117,14.859,27.4,32.994,-5.594,1.9504,Discharge,-7.5444,2.0023,16.6473,optimal,-1,0.0,0.0,0.0,0.0,0.0,-0.0,Idle,0.0,0.0,-1,optimal,-1,0.0,0.0,0.0,0.0,0.0,-0.0,Idle,0.0,0.0,-1,optimal,-1,33.9181,26.7912,60.748,54.8,5.948,3.3531,Discharge,2.5949,3.7737,16.6334,optimal,-1,10.2609,8.1049,20.202,14.992,5.21,1.1564,Discharge,4.0536,0.9996,16.6733,optimal,-1,54.4399,43.001,96.852,98.718,-1.866,5.2587,Discharge,-7.1247,6.1802,16.6268,optimal,-1,14.8213,11.7071,24.906,21.872,3.034,1.5799,Discharge,1.4541,1.5344,16.6557,optimal,-1,12.8262,10.1311,23.328,19.562,3.766,1.3946,Discharge,2.3714,1.3004,16.6618,optimal,-1,19.6668,15.5344,32.7,34.842,-2.142,2.0298,Discharge,-4.1718,2.1026,16.6459,optimal,-1
176,4,32,81.668,-0.7996,29.8723,20.3572,54.178,42.304,11.874,6.3096,Discharge,5.5644,3.2055,16.327,16.327,optimal,-1,18.4506,12.5736,31.42,30.98,0.44,3.975,Discharge,-3.535,1.902,16.3333,optimal,-1,19.9149,13.5715,27.44,26.994,0.446,4.2743,Discharge,-3.8283,2.0691,16.3321,optimal,-1,13.4718,9.1807,24.862,19.596,5.266,2.9573,Discharge,2.3087,1.3338,16.3394,optimal,-1,46.5657,31.7333,81.584,67.67,13.914,9.7217,Discharge,4.1923,5.1107,16.3233,optimal,-1,45.3942,30.935,70.92,67.282,3.638,9.4823,Discharge,-5.8443,4.977,16.3235,optimal,-1,46.5657,31.7333,84.398,68.356,16.042,9.7217,Discharge,6.3203,5.1107,16.3233,optimal,-1,19.3292,13.1723,23.584,29.116,-5.532,4.1545,Discharge,-9.6865,2.0023,16.3325,optimal,-1,0.0,0.0,0.0,0.0,0.0,-0.0,Idle,0.0,0.0,-1,optimal,-1,0.0,0.0,0.0,0.0,0.0,-0.0,Idle,0.0,0.0,-1,optimal,-1,34.8511,23.7501,59.18,47.946,11.234,7.3272,Discharge,3.9068,3.7737,16.3255,optimal,-1,10.5432,7.1849,21.294,13.882,7.412,2.3587,Discharge,5.0533,0.9996,16.3457,optimal,-1,55.9374,38.1199,91.186,87.7,3.486,11.6373,Discharge,-8.1513,6.1802,16.3222,optimal,-1,15.229,10.3782,23.264,19.37,3.894,3.3165,Discharge,0.5775,1.5344,16.3368,optimal,-1,13.179,8.9811,25.086,17.042,8.044,2.8974,Discharge,5.1466,1.3004,16.3399,optimal,-1,20.2078,13.7711,33.952,32.442,1.51,4.3341,Discharge,-2.8241,2.1026,16.3318,optimal,-1
177,4,33,117.148,-3.7882,30.5234,18.058,53.766,41.386,12.38,9.2598,Discharge,3.1202,3.2055,15.873,15.873,optimal,-1,18.8527,11.1535,35.324,30.424,4.9,5.7972,Discharge,-0.8972,1.902,15.8732,optimal,-1,20.3489,12.0387,27.984,26.872,1.112,6.2411,Discharge,-5.1291,2.0691,15.8732,optimal,-1,13.7654,8.1438,25.544,18.6,6.944,4.2878,Discharge,2.6562,1.3338,15.8733,optimal,-1,47.5805,28.1493,83.324,66.814,16.51,14.3206,Discharge,2.1894,5.1107,15.873,optimal,-1,46.3835,27.4411,76.432,66.004,10.428,13.9654,Discharge,-3.5374,4.977,15.873,optimal,-1,47.5805,28.1493,87.902,67.244,20.658,14.3206,Discharge,6.3374,5.1107,15.873,optimal,-1,19.7504,11.6846,24.218,28.982,-4.764,6.0635,Discharge,-10.8275,2.0023,15.8732,optimal,-1,0.0,0.0,0.0,0.0,0.0,0.0,Idle,-0.0,-0.0,-1,optimal,-1,0.0,0.0,0.0,0.0,0.0,0.0,Idle,-0.0,-0.0,-1,optimal,-1,35.6106,21.0677,62.538,47.204,15.334,10.7692,Discharge,4.5648,3.7737,15.873,optimal,-1,10.7729,6.3734,17.502,13.784,3.718,3.3999,Discharge,0.3181,0.9996,15.8735,optimal,-1,57.1565,33.8145,97.386,85.1,12.286,17.1617,Discharge,-4.8757,6.1802,15.8729,optimal,-1,15.5609,9.2061,26.442,20.148,6.294,4.8205,Discharge,1.4735,1.5344,15.8733,optimal,-1,13.4662,7.9668,21.826,16.72,5.106,4.199,Discharge,0.907,1.3004,15.8733,optimal,-1,20.6482,12.2157,37.178,30.936,6.242,6.3299,Discharge,-0.0879,2.1026,15.8732,optimal,-1
178,4,34,196.69,2.9077,32.5077,14.4557,56.864,38.964,17.9,14.8465,Discharge,3.0535,3.2055,15.1453,15.1453,optimal,-1,20.0783,8.9285,32.96,27.794,5.166,9.2478,Discharge,-4.0818,1.902,15.1392,optimal,-1,21.6718,9.6371,34.49,24.49,10.0,9.9655,Discharge,0.0345,2.0691,15.1404,optimal,-1,14.6603,6.5192,26.572,17.144,9.428,6.8073,Discharge,2.6207,1.3338,15.1334,optimal,-1,50.6737,22.5338,88.56,62.446,26.114,23.0293,Discharge,3.0847,5.1107,15.1488,optimal,-1,49.3989,21.9669,79.582,60.534,19.048,22.455,Discharge,-3.407,4.977,15.1486,optimal,-1,50.6737,22.5338,88.678,62.71,25.968,23.0293,Discharge,2.9387,5.1107,15.1488,optimal,-1,21.0344,9.3537,27.378,26.584,0.794,9.6784,Discharge,-8.8844,2.0023,15.14,optimal,-1,0.0,0.0,0.0,0.0,0.0,-0.0,Idle,0.0,0.0,-1,optimal,-1,0.0,0.0,0.0,0.0,0.0,-0.0,Idle,0.0,0.0,-1,optimal,-1,37.9256,16.8649,67.606,43.784,23.822,17.287,Discharge,6.535,3.7737,15.1467,optimal,-1,11.4733,5.102,21.056,11.738,9.318,5.3717,Discharge,3.9463,0.9996,15.1274,optimal,-1,60.8722,27.0689,101.026,79.182,21.844,27.6231,Discharge,-5.7791,6.1802,15.1498,optimal,-1,16.5725,7.3696,28.164,19.334,8.83,7.6686,Discharge,1.1614,1.5344,15.1359,optimal,-1,14.3416,6.3775,24.052,14.408,9.644,6.6637,Discharge,2.9803,1.3004,15.1329,optimal,-1,21.9905,9.7788,38.036,29.222,8.814,10.1091,Discharge,-1.2951,2.1026,15.1406,optimal,-1
179,4,35,424.474,135.2044,37.2553,11.8802,64.162,29.814,34.348,22.1696,Discharge,12.1784,3.2055,14.0585,14.0585,optimal,-1,23.0106,7.3377,43.456,19.776,23.68,13.7708,Discharge,9.9092,1.902,14.0463,optimal,-1,24.8368,7.9201,34.248,17.648,16.6,14.8476,Discharge,1.7524,2.0691,14.0487,optimal,-1,16.8014,5.3577,27.434,12.988,14.446,10.1099,Discharge,4.3361,1.3338,14.0345,optimal,-1,58.0744,18.5191,100.412,46.2,54.212,34.4447,Discharge,19.7673,5.1107,14.0656,optimal,-1,56.6134,18.0532,90.834,43.812,47.022,33.5832,Discharge,13.4388,4.977,14.0653,optimal,-1,58.0744,18.5191,100.842,46.762,54.08,34.4447,Discharge,19.6353,5.1107,14.0656,optimal,-1,24.1063,7.6872,38.662,19.15,19.512,14.4169,Discharge,5.0951,2.0023,14.0478,optimal,-1,0.0,0.0,0.0,0.0,0.0,-0.0,Idle,0.0,0.0,-1,optimal,-1,0.0,0.0,0.0,0.0,0.0,-0.0,Idle,0.0,0.0,-1,optimal,-1,43.4645,13.8602,68.542,31.75,36.792,25.8306,Discharge,10.9614,3.7737,14.0614,optimal,-1,13.1489,4.193,24.966,8.86,16.106,7.9563,Discharge,8.1497,0.9996,14.0223,optimal,-1,69.7623,22.2462,112.118,58.652,53.466,41.3359,Discharge,12.1301,6.1802,14.0677,optimal,-1,18.9929,6.0565,31.548,13.976,17.572,11.402,Discharge,6.17,1.5344,14.0396,optimal,-1,16.4361,5.2412,30.48,10.3,20.18,9.8945,Discharge,10.2855,1.3004,14.0335,optimal,-1,25.2021,8.0366,39.104,22.646,16.458,15.063,Discharge,1.395,2.1026,14.0491,optimal,-1
180,4,36,651.41,274.1661,40.6029,8.4809,68.954,21.416,47.538,28.9165,Discharge,18.6215,3.2055,12.6411,12.6411,optimal,-1,25.0783,5.2382,51.362,12.668,38.694,17.938,Discharge,20.756,1.902,12.6227,optimal,-1,27.0686,5.654,39.38,11.676,27.704,19.3455,Discharge,8.3585,2.0691,12.6262,optimal,-1,18.3111,3.8247,33.766,8.884,24.882,13.1526,Discharge,11.7294,1.3338,12.6049,optimal,-1,63.2928,13.2203,108.502,32.112,76.39,44.9619,Discharge,31.4281,5.1107,12.6517,optimal,-1,61.7005,12.8877,104.942,28.964,75.978,43.8359,Discharge,32.1421,4.977,12.6512,optimal,-1,63.2928,13.2203,110.972,32.536,78.436,44.9619,Discharge,33.4741,5.1107,12.6517,optimal,-1,26.2725,5.4877,46.38,12.522,33.858,18.7825,Discharge,15.0755,2.0023,12.6248,optimal,-1,0.0,0.0,0.0,0.0,0.0,-0.0,Idle,0.0,0.0,-1,optimal,-1,0.0,0.0,0.0,0.0,0.0,-0.0,Idle,0.0,0.0,-1,optimal,-1,47.3701,9.8944,77.048,21.572,55.476,33.702,Discharge,21.774,3.7737,12.6453,optimal,-1,14.3304,2.9933,24.926,6.414,18.512,10.3376,Discharge,8.1744,0.9996,12.5866,optimal,-1,76.031,15.881,132.16,39.734,92.426,53.9698,Discharge,38.4562,6.1802,12.6549,optimal,-1,20.6995,4.3236,36.85,9.326,27.524,14.8416,Discharge,12.6824,1.5344,12.6125,optimal,-1,17.9131,3.7416,27.76,7.074,20.686,12.8711,Discharge,7.8149,1.3004,12.6034,optimal,-1,27.4667,5.7371,49.656,16.35,33.306,19.627,Discharge,13.679,2.1026,12.6268,optimal,-1
181,4,37,739.912,313.5382,41.2571,5.3673,70.538,15.888,54.65,32.6843,Discharge,21.9657,3.2055,11.0389,11.0389,optimal,-1,25.4823,3.3151,45.65,8.508,37.142,20.2653,Discharge,16.8767,1.902,11.0143,optimal,-1,27.5047,3.5782,44.494,8.258,36.236,21.8574,Discharge,14.3786,2.0691,11.019,optimal,-1,18.6062,2.4205,33.954,6.408,27.546,14.8518,Discharge,12.6942,1.3338,10.9906,optimal,-1,64.3126,8.3666,111.874,23.326,88.548,50.8353,Discharge,37.7127,5.1107,11.0531,optimal,-1,62.6946,8.1561,106.304,20.004,86.3,49.5616,Discharge,36.7384,4.977,11.0525,optimal,-1,64.3126,8.3666,111.066,23.616,87.45,50.8353,Discharge,36.6147,5.1107,11.0531,optimal,-1,26.6958,3.4729,45.98,8.654,37.326,21.2206,Discharge,16.1054,2.0023,11.0172,optimal,-1,0.0,0.0,0.0,0.0,0.0,-0.0,Idle,0.0,0.0,-1,optimal,-1,0.0,0.0,0.0,0.0,0.0,-0.0,Idle,0.0,0.0,-1,optimal,-1,48.1333,6.2618,84.62,15.7,68.92,38.0978,Discharge,30.8222,3.7737,11.0446,optimal,-1,14.5613,1.8943,24.87,3.986,20.884,11.6674,Discharge,9.2166,0.9996,10.9661,optimal,-1,77.256,10.0505,129.884,28.706,101.178,61.0253,Discharge,40.1527,6.1802,11.0574,optimal,-1,21.033,2.7362,39.15,6.876,32.274,16.7624,Discharge,15.5116,1.5344,11.0007,optimal,-1,18.2017,2.3679,28.892,4.652,24.24,14.5334,Discharge,9.7066,1.3004,10.9886,optimal,-1,27.9092,3.6308,49.52,12.302,37.218,22.1759,Discharge,15.0421,2.1026,11.0199,optimal,-1
182,4,38,789.97,329.0528,41.2571,2.7181,69.53,11.322,58.208,35.3335,Discharge,22.8745,3.2055,9.3068,9.3068,optimal,-1,25.4823,1.6788,44.238,5.376,38.862,21.9015,Discharge,16.9605,1.902,9.2761,optimal,-1,27.5047,1.812,43.212,5.898,37.314,23.6236,Discharge,13.6904,2.0691,9.282,optimal,-1,18.6062,1.2258,36.022,4.548,31.474,16.0465,Discharge,15.4275,1.3338,9.2464,optimal,-1,64.3126,4.237,110.098,16.228,93.87,54.9649,Discharge,38.9051,5.1107,9.3247,optimal,-1,62.6946,4.1304,106.994,14.096,92.898,53.5873,Discharge,39.3107,4.977,9.3238,optimal,-1,64.3126,4.237,108.724,16.138,92.586,54.9649,Discharge,37.6211,5.1107,9.3247,optimal,-1,26.6958,1.7588,46.802,5.934,40.868,22.9347,Discharge,17.9333,2.0023,9.2797,optimal,-1,0.0,0.0,0.0,0.0,0.0,-0.0,Idle,0.0,0.0,-1,optimal,-1,0.0,0.0,0.0,0.0,0.0,-0.0,Idle,0.0,0.0,-1,optimal,-1,48.1333,3.1711,85.252,11.532,73.72,41.1885,Discharge,32.5315,3.7737,9.3139,optimal,-1,14.5613,0.9593,25.232,2.996,22.236,12.6024,Discharge,9.6336,0.9996,9.2158,optimal,-1,77.256,5.0897,126.894,19.366,107.528,65.9861,Discharge,41.5419,6.1802,9.33,optimal,-1,21.033,1.3857,40.816,4.996,35.82,18.113,Discharge,17.707,1.5344,9.2591,optimal,-1,18.2017,1.1991,29.488,3.606,25.882,15.7021,Discharge,10.1799,1.3004,9.2439,optimal,-1,27.9092,1.8387,46.844,8.14,38.704,23.968,Discharge,14.736,2.1026,9.2831,optimal,-1
183,4,39,866.69,392.3243,40.6448,1.0743,73.532,5.328,68.204,36.3649,Discharge,31.8391,3.2055,7.5243,7.5243,optimal,-1,25.1041,0.6636,44.942,2.884,42.058,22.5386,Discharge,19.5194,1.902,7.4873,optimal,-1,27.0965,0.7162,43.63,3.336,40.294,24.3112,Discharge,15.9828,2.0691,7.4944,optimal,-1,18.33,0.4845,32.182,2.078,30.104,16.5117,Discharge,13.5923,1.3338,7.4516,optimal,-1,63.358,1.6747,115.5,7.86,107.64,56.5727,Discharge,51.0673,5.1107,7.5456,optimal,-1,61.7641,1.6326,102.688,7.388,95.3,55.1546,Discharge,40.1454,4.977,7.5447,optimal,-1,63.358,1.6747,116.48,7.67,108.81,56.5727,Discharge,52.2373,5.1107,7.5456,optimal,-1,26.2996,0.6952,43.924,3.37,40.554,23.6021,Discharge,16.9519,2.0023,7.4917,optimal,-1,0.0,0.0,0.0,0.0,0.0,-0.0,Idle,0.0,0.0,-1,optimal,-1,0.0,0.0,0.0,0.0,0.0,-0.0,Idle,0.0,0.0,-1,optimal,-1,47.4189,1.2534,77.722,5.84,71.882,42.3918,Discharge,29.4902,3.7737,7.5328,optimal,-1,14.3452,0.3792,28.736,1.656,27.08,12.9665,Discharge,14.1135,0.9996,7.4149,optimal,-1,76.1093,2.0117,130.984,9.28,121.704,67.9174,Discharge,53.7866,6.1802,7.5521,optimal,-1,20.7209,0.5477,37.046,2.812,34.234,18.6388,Discharge,15.5952,1.5344,7.4669,optimal,-1,17.9315,0.474,31.322,1.856,29.466,16.1572,Discharge,13.3088,1.3004,7.4487,optimal,-1,27.495,0.7268,52.896,3.536,49.36,24.6657,Discharge,24.6943,2.1026,7.4957,optimal,-1
184,4,40,919.816,436.3064,40.3753,0.1036,73.316,0.832,72.484,37.0662,Discharge,35.4178,3.2055,5.7073,5.7073,optimal,-1,24.9377,0.064,45.798,0.572,45.226,22.9717,Discharge,22.2543,1.902,5.6642,optimal,-1,26.9169,0.069,46.012,0.668,45.344,24.7787,Discharge,20.5653,2.0691,5.6725,optimal,-1,18.2085,0.0467,30.314,0.32,29.994,16.8279,Discharge,13.1661,1.3338,5.6225,optimal,-1,62.9379,0.1614,114.388,1.336,113.052,57.6658,Discharge,55.3862,5.1107,5.7323,optimal,-1,61.3546,0.1574,102.796,1.332,101.464,56.2202,Discharge,45.2438,4.977,5.7311,optimal,-1,62.9379,0.1614,117.55,1.296,116.254,57.6658,Discharge,58.5882,5.1107,5.7323,optimal,-1,26.1252,0.067,44.41,0.736,43.674,24.0559,Discharge,19.6181,2.0023,5.6693,optimal,-1,0.0,0.0,0.0,0.0,0.0,-0.0,Idle,0.0,0.0,-1,optimal,-1,0.0,0.0,0.0,0.0,0.0,-0.0,Idle,0.0,0.0,-1,optimal,-1,47.1045,0.1208,75.056,0.82,74.236,43.2099,Discharge,31.0261,3.7737,5.7172,optimal,-1,14.2501,0.0366,26.596,0.296,26.3,13.214,Discharge,13.086,0.9996,5.5796,optimal,-1,75.6047,0.1939,136.554,1.7,134.854,69.2305,Discharge,65.6235,6.1802,5.7397,optimal,-1,20.5835,0.0528,33.196,0.472,32.724,18.9963,Discharge,13.7277,1.5344,5.6403,optimal,-1,17.8126,0.0457,28.612,0.258,28.354,16.4665,Discharge,11.8875,1.3004,5.6191,optimal,-1,27.3127,0.0701,56.548,0.692,55.856,25.1401,Discharge,30.7159,2.1026,5.674,optimal,-1
185,4,41,988.748,679.5258,40.7483,0.0072,76.562,0.014,76.548,23.7134,Discharge,52.8346,17.0276,4.5449,4.5449,optimal,-1,25.1681,0.0045,49.418,0.002,49.416,14.6535,Discharge,34.7625,10.5101,4.5012,optimal,-1,27.1655,0.0048,45.024,0.0,45.024,15.8151,Discharge,29.2089,11.3457,4.5096,optimal,-1,18.3767,0.0033,36.334,0.014,36.32,10.7043,Discharge,25.6157,7.6691,4.459,optimal,-1,63.5194,0.0113,122.316,0.016,122.3,36.9549,Discharge,85.3451,26.5533,4.5702,optimal,-1,61.9214,0.011,109.162,0.014,109.148,36.0256,Discharge,73.1224,25.8848,4.569,optimal,-1,63.5194,0.0113,123.232,0.016,123.216,36.9549,Discharge,86.2611,26.5533,4.5702,optimal,-1,26.3665,0.0047,45.066,0.0,45.066,15.3504,Discharge,29.7156,11.0114,4.5064,optimal,-1,0.0,0.0,0.0,0.0,0.0,-0.0,Idle,0.0,0.0,-1,optimal,-1,0.0,0.0,0.0,0.0,0.0,-0.0,Idle,0.0,0.0,-1,optimal,-1,47.5397,0.0084,85.162,0.016,85.146,27.6626,Discharge,57.4834,19.8686,4.5549,optimal,-1,14.3818,0.0026,25.05,0.012,25.038,8.3813,Discharge,16.6567,5.9979,4.4155,optimal,-1,76.3032,0.0135,147.524,0.002,147.522,44.3886,Discharge,103.1334,31.901,4.5777,optimal,-1,20.7736,0.0037,33.212,0.014,33.198,12.0982,Discharge,21.0998,8.6718,4.477,optimal,-1,17.9772,0.0032,32.03,0.014,32.016,10.472,Discharge,21.544,7.502,4.4555,optimal,-1,27.565,0.0049,58.792,0.002,58.79,16.0474,Discharge,42.7426,11.5128,4.5111,optimal,-1
186,4,42,984.498,685.0867,39.9959,0.0072,76.604,0.024,76.58,22.961,Discharge,53.619,17.0276,3.4193,3.4193,optimal,-1,24.7033,0.0045,49.718,0.012,49.706,14.1888,Discharge,35.5172,10.5101,3.3751,optimal,-1,26.6639,0.0048,47.018,0.0,47.018,15.3134,Discharge,31.7046,11.3457,3.3836,optimal,-1,18.0374,0.0033,33.32,0.014,33.306,10.365,Discharge,22.941,7.6691,3.3323,optimal,-1,62.3465,0.0113,122.52,0.06,122.46,35.782,Discharge,86.678,26.5533,3.4449,optimal,-1,60.7781,0.011,108.916,0.038,108.878,34.8823,Discharge,73.9957,25.8848,3.4438,optimal,-1,62.3465,0.0113,122.5,0.036,122.464,35.782,Discharge,86.682,26.5533,3.4449,optimal,-1,25.8797,0.0047,44.826,0.0,44.826,14.8636,Discharge,29.9624,11.0114,3.3804,optimal,-1,0.0,0.0,0.0,0.0,0.0,-0.0,Idle,0.0,0.0,-1,optimal,-1,0.0,0.0,0.0,0.0,0.0,-0.0,Idle,0.0,0.0,-1,optimal,-1,46.6619,0.0084,86.73,0.05,86.68,26.7848,Discharge,59.8952,19.8686,3.4295,optimal,-1,14.1162,0.0026,22.684,0.0,22.684,8.1157,Discharge,14.5683,5.9979,3.2883,optimal,-1,74.8942,0.0135,146.43,0.026,146.404,42.9797,Discharge,103.4243,31.901,3.4526,optimal,-1,20.3901,0.0037,36.102,0.048,36.054,11.7146,Discharge,24.3394,8.6718,3.3506,optimal,-1,17.6452,0.0032,30.848,0.0,30.848,10.1401,Discharge,20.7079,7.502,3.3288,optimal,-1,27.056,0.0049,56.614,0.024,56.59,15.5384,Discharge,41.0516,11.5128,3.3852,optimal,-1
187,4,43,957.594,680.4814,38.2857,0.0072,74.404,0.012,74.392,21.2509,Discharge,53.1411,17.0276,2.3776,2.3776,optimal,-1,23.6471,0.0044,48.436,0.012,48.424,13.1325,Discharge,35.2915,10.5101,2.3328,optimal,-1,25.5238,0.0048,45.206,0.024,45.182,14.1734,Discharge,31.0086,11.3457,2.3414,optimal,-1,17.2661,0.0032,31.646,0.012,31.634,9.5938,Discharge,22.0402,7.6691,2.2895,optimal,-1,59.6807,0.0112,117.926,0.024,117.902,33.1162,Discharge,84.7858,26.5533,2.4035,optimal,-1,58.1793,0.0109,108.702,0.06,108.642,32.2835,Discharge,76.3585,25.8848,2.4023,optimal,-1,59.6807,0.0112,116.54,0.012,116.528,33.1162,Discharge,83.4118,26.5533,2.4035,optimal,-1,24.7731,0.0047,46.324,0.012,46.312,13.757,Discharge,32.555,11.0114,2.3382,optimal,-1,0.0,0.0,0.0,0.0,0.0,-0.0,Idle,0.0,0.0,-1,optimal,-1,0.0,0.0,0.0,0.0,0.0,-0.0,Idle,0.0,0.0,-1,optimal,-1,44.6667,0.0084,82.848,0.048,82.8,24.7897,Discharge,58.0103,19.8686,2.3879,optimal,-1,13.5126,0.0025,25.356,0.012,25.344,7.5121,Discharge,17.8319,5.9979,2.245,optimal,-1,71.6919,0.0135,138.758,0.048,138.71,39.7774,Discharge,98.9326,31.901,2.4113,optimal,-1,19.5182,0.0037,36.562,0.012,36.55,10.8428,Discharge,25.7072,8.6718,2.3081,optimal,-1,16.8908,0.0032,31.83,0.012,31.818,9.3856,Discharge,22.4324,7.502,2.286,optimal,-1,25.8992,0.0049,53.356,0.0,53.356,14.3815,Discharge,38.9745,11.5128,2.343,optimal,-1
188,4,44,881.896,620.1521,37.107,0.0072,67.32,0.012,67.308,20.0722,Discharge,47.2358,17.0276,1.3937,1.3937,optimal,-1,22.919,0.0044,45.776,0.012,45.764,12.4046,Discharge,33.3594,10.5101,1.3483,optimal,-1,24.738,0.0048,44.936,0.0,44.936,13.3876,Discharge,31.5484,11.3457,1.3571,optimal,-1,16.7345,0.0032,26.98,0.012,26.968,9.0622,Discharge,17.9058,7.6691,1.3045,optimal,-1,57.8433,0.0112,108.27,0.012,108.258,31.2789,Discharge,76.9791,26.5533,1.4199,optimal,-1,56.3881,0.0109,100.5,0.024,100.476,30.4924,Discharge,69.9836,25.8848,1.4187,optimal,-1,57.8433,0.0112,109.196,0.012,109.184,31.2789,Discharge,77.9051,26.5533,1.4199,optimal,-1,24.0104,0.0046,42.26,0.012,42.248,12.9944,Discharge,29.2536,11.0114,1.3537,optimal,-1,0.0,0.0,0.0,0.0,0.0,-0.0,Idle,0.0,0.0,-1,optimal,-1,0.0,0.0,0.0,0.0,0.0,-0.0,Idle,0.0,0.0,-1,optimal,-1,43.2915,0.0084,73.542,0.024,73.518,23.4146,Discharge,50.1034,19.8686,1.4041,optimal,-1,13.0966,0.0025,24.814,0.0,24.814,7.0962,Discharge,17.7178,5.9979,1.2594,optimal,-1,69.4847,0.0134,131.848,0.024,131.824,37.5703,Discharge,94.2537,31.901,1.4278,optimal,-1,18.9173,0.0036,29.706,0.012,29.694,10.2419,Discharge,19.4521,8.6718,1.3233,optimal,-1,16.3707,0.0032,27.974,0.0,27.974,8.8656,Discharge,19.1084,7.502,1.3009,optimal,-1,25.1018,0.0048,48.93,0.0,48.93,13.5842,Discharge,35.3458,11.5128,1.3587,optimal,-1
189,4,45,882.214,845.8394,37.1177,0.0071,68.498,0.036,68.462,2.8054,Discharge,65.6566,34.3053,1.2562,1.2562,optimal,-1,22.9257,0.0044,45.48,0.002,45.478,1.6511,Discharge,43.8269,21.2701,1.2173,optimal,-1,24.7451,0.0047,42.492,0.012,42.48,1.7991,Discharge,40.6809,22.9413,1.2248,optimal,-1,16.7394,0.0032,28.23,0.012,28.218,1.148,Discharge,27.07,15.5882,1.1797,optimal,-1,57.86,0.0111,107.914,0.048,107.866,4.4923,Discharge,103.3737,53.3566,1.2787,optimal,-1,56.4044,0.0108,99.432,0.038,99.394,4.3739,Discharge,95.0201,52.0196,1.2776,optimal,-1,57.86,0.0111,111.602,0.038,111.564,4.4923,Discharge,107.0717,53.3566,1.2787,optimal,-1,24.0174,0.0046,37.132,0.012,37.12,1.7399,Discharge,35.3801,22.2729,1.2219,optimal,-1,0.0,0.0,0.0,0.0,0.0,-0.0,Idle,0.0,0.0,-1,optimal,-1,0.0,0.0,0.0,0.0,0.0,-0.0,Idle,0.0,0.0,-1,optimal,-1,43.304,0.0083,75.466,0.036,75.43,3.3085,Discharge,72.1215,39.9872,1.2651,optimal,-1,13.1004,0.0025,27.424,0.012,27.412,0.852,Discharge,26.56,12.2458,1.1411,optimal,-1,69.5048,0.0133,128.728,0.026,128.702,5.4394,Discharge,123.2626,64.052,1.2854,optimal,-1,18.9228,0.0036,31.78,0.024,31.756,1.3256,Discharge,30.4304,17.5936,1.1958,optimal,-1,16.3755,0.0031,29.442,0.024,29.418,1.1184,Discharge,28.2996,15.2539,1.1766,optimal,-1,25.109,0.0048,48.926,0.012,48.914,1.8287,Discharge,47.0853,23.2756,1.2261,optimal,-1
190,4,46,860.48,829.4498,36.7075,0.0067,63.194,0.014,63.18,2.3955,Discharge,60.7845,34.3053,1.1387,1.1387,optimal,-1,22.6723,0.0042,49.708,0.0,49.708,1.398,Discharge,48.31,21.2701,1.1063,optimal,-1,24.4717,0.0045,44.29,0.0,44.29,1.5258,Discharge,42.7642,22.9413,1.1126,optimal,-1,16.5544,0.003,26.336,0.0,26.336,0.9631,Discharge,25.3729,15.5882,1.075,optimal,-1,57.2205,0.0105,101.694,0.014,101.68,3.8534,Discharge,97.8266,53.3566,1.1575,optimal,-1,55.781,0.0102,99.188,0.0,99.188,3.7511,Discharge,95.4369,52.0196,1.1566,optimal,-1,57.2205,0.0105,107.986,0.014,107.972,3.8534,Discharge,104.1186,53.3566,1.1575,optimal,-1,23.7519,0.0044,43.356,0.0,43.356,1.4747,Discharge,41.8813,22.2729,1.1102,optimal,-1,0.0,0.0,0.0,0.0,0.0,-0.0,Idle,0.0,0.0,-1,optimal,-1,0.0,0.0,0.0,0.0,0.0,-0.0,Idle,0.0,0.0,-1,optimal,-1,42.8254,0.0079,66.686,0.014,66.672,2.8303,Discharge,63.8417,39.9872,1.1462,optimal,-1,12.9556,0.0024,24.542,0.0,24.542,0.7074,Discharge,23.8346,12.2458,1.0428,optimal,-1,68.7366,0.0126,132.068,0.0,132.068,4.6719,Discharge,127.3961,64.052,1.1631,optimal,-1,18.7136,0.0034,27.976,0.002,27.974,1.1166,Discharge,26.8574,17.5936,1.0884,optimal,-1,16.1945,0.003,26.438,0.012,26.426,0.9376,Discharge,25.4884,15.2539,1.0725,optimal,-1,24.8315,0.0046,47.088,0.0,47.088,1.5514,Discharge,45.5366,23.2756,1.1137,optimal,-1
191,4,47,761.696,731.9852,36.6063,0.0068,60.404,0.012,60.392,2.2943,Discharge,58.0977,34.3053,1.0263,1.0263,optimal,-1,22.6098,0.0042,43.198,0.0,43.198,1.3355,Discharge,41.8625,21.2701,1.0004,optimal,-1,24.4042,0.0045,30.73,0.012,30.718,1.4584,Discharge,29.2596,22.9413,1.0053,optimal,-1,16.5087,0.003,26.806,0.0,26.806,0.9175,Discharge,25.8885,15.5882,0.9753,optimal,-1,57.0628,0.0105,93.98,0.012,93.968,3.6957,Discharge,90.2723,53.3566,1.0413,optimal,-1,55.6272,0.0103,83.11,0.012,83.098,3.5973,Discharge,79.5007,52.0196,1.0406,optimal,-1,57.0628,0.0105,99.978,0.012,99.966,3.6957,Discharge,96.2703,53.3566,1.0413,optimal,-1,23.6864,0.0044,31.846,0.0,31.846,1.4092,Discharge,30.4368,22.2729,1.0034,optimal,-1,0.0,0.0,0.0,0.0,0.0,-0.0,Idle,0.0,0.0,-1,optimal,-1,0.0,0.0,0.0,0.0,0.0,-0.0,Idle,0.0,0.0,-1,optimal,-1,42.7074,0.0079,60.654,0.012,60.642,2.7123,Discharge,57.9297,39.9872,1.0322,optimal,-1,12.9199,0.0024,27.974,0.0,27.974,0.6716,Discharge,27.3024,12.2458,0.9495,optimal,-1,68.5471,0.0127,108.79,0.024,108.766,4.4824,Discharge,104.2836,64.052,1.0458,optimal,-1,18.662,0.0034,25.442,0.0,25.442,1.065,Discharge,24.377,17.5936,0.986,optimal,-1,16.1498,0.003,29.042,0.0,29.042,0.8929,Discharge,28.1491,15.2539,0.9733,optimal,-1,24.7631,0.0046,39.85,0.012,39.838,1.483,Discharge,38.355,23.2756,1.0063,optimal,-1
192,4,48,695.052,688.7199,34.8129,0.0063,52.704,0.0,52.704,0.5013,Discharge,52.2027,34.3053,1.0017,1.0017,optimal,-1,21.5021,0.0039,38.288,0.012,38.276,0.228,Idle,38.048,21.2701,0.9823,optimal,-1,23.2086,0.0042,31.27,0.0,31.27,0.2631,Idle,31.0069,22.9413,0.986,optimal,-1,15.6999,0.0029,23.164,0.002,23.162,0.1089,Idle,23.0531,15.5882,0.9635,optimal,-1,54.2672,0.0099,84.29,0.012,84.278,0.9008,Discharge,83.3772,53.3566,1.0129,optimal,-1,52.902,0.0096,78.804,0.002,78.802,0.8728,Discharge,77.9292,52.0196,1.0124,optimal,-1,54.2672,0.0099,88.018,0.012,88.006,0.9008,Discharge,87.1052,53.3566,1.0129,optimal,-1,22.526,0.0041,33.054,0.0,33.054,0.2491,Idle,32.8049,22.2729,0.9846,optimal,-1,0.0,0.0,0.0,0.0,0.0,-0.0,Idle,0.0,0.0,-1,optimal,-1,0.0,0.0,0.0,0.0,0.0,-0.0,Idle,0.0,0.0,-1,optimal,-1,40.6151,0.0074,56.282,0.002,56.28,0.6205,Discharge,55.6595,39.9872,1.0062,optimal,-1,12.2869,0.0022,24.64,0.0,24.64,0.0388,Idle,24.6012,12.2458,0.9441,optimal,-1,65.1889,0.0118,99.148,0.014,99.134,1.125,Discharge,98.009,64.052,1.0163,optimal,-1,17.7478,0.0032,23.134,0.0,23.134,0.151,Idle,22.983,17.5936,0.9715,optimal,-1,15.3586,0.0028,26.228,0.0,26.228,0.1019,Idle,26.1261,15.2539,0.9619,optimal,-1,23.5499,0.0043,36.096,0.012,36.084,0.2701,Idle,35.8139,23.2756,0.9867,optimal,-1
