Time,Node 611.V3_rms,Node 632.V2_rms,Node 632.V1_rms,Node 632.V3_rms,Node 633.V1_rms,Node 633.V2_rms,Node 633.V3_rms,Node 645.V2_rms,Node 645.V3_rms,UpperBound,LowerBound
0.0,2336.376953125,2460.8935546875,2460.8935546875,2460.8935546875,2460.5625,2460.52392578125,2460.486572265625,2447.47802734375,2457.5869140625,2522.0,2282.0
0.25,2336.154296875,2460.8935546875,2460.8935546875,2460.8935546875,2460.56201171875,2460.525146484375,2460.485595703125,2447.4931640625,2457.591064453125,2522.0,2282.0
0.5,2336.150634765625,2460.8935546875,2460.8935546875,2462.223388671875,2460.56201171875,2460.525390625,2461.8154296875,2447.494873046875,2457.5927734375,2522.0,2282.0
0.75,2336.148681640625,2462.223388671875,2460.8935546875,2460.8935546875,2460.56201171875,2461.85498046875,2460.48583984375,2447.49609375,2457.59423828125,2522.0,2282.0
1.0,2336.1474609375,2460.8935546875,2460.8935546875,2462.223388671875,2460.561767578125,2460.525390625,2461.8154296875,2448.8193359375,2457.594970703125,2522.0,2282.0
1.25,2336.14794921875,2460.8935546875,2460.8935546875,2460.8935546875,2460.561767578125,2460.525390625,2460.48583984375,2447.49658203125,2458.9228515625,2522.0,2282.0
1.5,2336.147705078125,2460.8935546875,2460.8935546875,2460.8935546875,2460.561767578125,2460.525390625,2460.48583984375,2447.496826171875,2457.5947265625,2522.0,2282.0
1.75,2336.147705078125,2460.8935546875,2460.8935546875,2460.8935546875,2460.561767578125,2460.525390625,2460.48583984375,2447.496826171875,2457.594970703125,2522.0,2282.0
2.0,2336.1474609375,2460.8935546875,2460.8935546875,2460.8935546875,2460.561767578125,2460.525390625,2460.48583984375,2447.496826171875,2458.923095703125,2522.0,2282.0
2.25,2336.1474609375,2460.8935546875,2460.8935546875,2460.8935546875,2460.561767578125,2460.525390625,2460.48583984375,2447.496826171875,2457.594970703125,2522.0,2282.0
2.5,2336.1474609375,2460.8935546875,2460.8935546875,2462.223388671875,2460.56201171875,2460.525390625,2461.8154296875,2448.8193359375,2457.594970703125,2522.0,2282.0
2.75,2336.1474609375,2460.8935546875,2460.8935546875,2462.223388671875,2460.561767578125,2460.525390625,2461.8154296875,2447.496826171875,2457.594970703125,2522.0,2282.0
3.0,2336.1474609375,2462.223388671875,2460.8935546875,2460.8935546875,2460.561767578125,2461.855224609375,2460.48583984375,2447.496826171875,2457.594970703125,2522.0,2282.0
3.25,2336.147216796875,2460.8935546875,2460.8935546875,2460.8935546875,2460.561767578125,2460.525390625,2460.48583984375,2447.496826171875,2457.594970703125,2522.0,2282.0
3.5,2337.41015625,2460.8935546875,2462.223388671875,2460.8935546875,2460.56201171875,2460.525390625,2460.48583984375,2447.496826171875,2457.594970703125,2522.0,2282.0
3.75,2336.1474609375,2460.8935546875,2462.223388671875,2460.8935546875,2461.8916015625,2460.525390625,2460.48583984375,2447.49658203125,2457.594970703125,2522.0,2282.0
4.0,2336.147705078125,2460.8935546875,2460.8935546875,2460.8935546875,2460.561767578125,2460.525390625,2460.48583984375,2447.496826171875,2458.923095703125,2522.0,2282.0
4.25,2336.14794921875,2460.8935546875,2460.8935546875,2460.8935546875,2460.561767578125,2460.525390625,2460.48583984375,2447.496826171875,2458.923095703125,2522.0,2282.0
4.5,2336.1474609375,2460.8935546875,2460.8935546875,2460.8935546875,2460.561767578125,2460.525390625,2460.48583984375,2447.49658203125,2457.594970703125,2522.0,2282.0
4.75,2336.147705078125,2460.8935546875,2460.8935546875,2462.223388671875,2460.561767578125,2460.525390625,2461.8154296875,2447.496826171875,2457.594970703125,2522.0,2282.0
5.0,2336.1474609375,2462.223388671875,2460.8935546875,2460.8935546875,2460.561767578125,2460.525390625,2460.48583984375,2447.496826171875,2457.594970703125,2522.0,2282.0
5.25,2336.1474609375,2460.8935546875,2460.8935546875,2460.8935546875,2460.561767578125,2460.525390625,2460.48583984375,2447.496826171875,2457.594970703125,2522.0,2282.0
5.5,2336.14794921875,2460.8935546875,2460.8935546875,2460.8935546875,2460.56201171875,2460.525390625,2460.48583984375,2447.496826171875,2457.594970703125,2522.0,2282.0
5.75,2336.147216796875,2460.8935546875,2460.8935546875,2462.223388671875,2460.56201171875,2460.525390625,2461.8154296875,2448.8193359375,2457.594970703125,2522.0,2282.0
6.0,2336.147705078125,2460.8935546875,2460.8935546875,2460.8935546875,2460.561767578125,2460.525390625,2460.48583984375,2447.496826171875,2457.594970703125,2522.0,2282.0
6.25,2336.1474609375,2460.8935546875,2460.8935546875,2460.8935546875,2460.56201171875,2460.525390625,2460.48583984375,2447.496826171875,2457.594970703125,2522.0,2282.0
6.5,2336.1474609375,2460.8935546875,2460.8935546875,2460.8935546875,2460.561767578125,2460.525390625,2460.48583984375,2448.8193359375,2457.594970703125,2522.0,2282.0
6.75,2336.147705078125,2460.8935546875,2460.8935546875,2460.8935546875,2460.561767578125,2460.525390625,2460.48583984375,2447.496826171875,2457.594970703125,2522.0,2282.0
7.0,2336.147705078125,2462.223388671875,2460.8935546875,2460.8935546875,2460.561767578125,2460.525390625,2460.48583984375,2447.496826171875,2457.594970703125,2522.0,2282.0
7.25,2336.1474609375,2460.8935546875,2460.8935546875,2460.8935546875,2460.561767578125,2460.525390625,2460.48583984375,2447.496826171875,2457.594970703125,2522.0,2282.0
7.5,2336.147705078125,2460.8935546875,2460.8935546875,2460.8935546875,2460.561767578125,2460.525390625,2460.48583984375,2447.496826171875,2457.594970703125,2522.0,2282.0
7.75,2337.409912109375,2460.8935546875,2462.223388671875,2460.8935546875,2460.561767578125,2460.525390625,2460.48583984375,2447.496826171875,2457.594970703125,2522.0,2282.0
8.0,2336.147705078125,2460.8935546875,2460.8935546875,2460.8935546875,2460.561767578125,2460.525390625,2460.48583984375,2447.496826171875,2457.5947265625,2522.0,2282.0
8.25,2336.147216796875,2460.8935546875,2460.8935546875,2460.8935546875,2460.561767578125,2460.525390625,2460.48583984375,2447.49658203125,2458.923095703125,2522.0,2282.0
8.5,2336.147705078125,2460.8935546875,2460.8935546875,2460.893310546875,2460.561767578125,2460.525390625,2460.485595703125,2447.496826171875,2458.9228515625,2522.0,2282.0
8.75,2336.1474609375,2460.8935546875,2460.8935546875,2460.8935546875,2460.561767578125,2460.525390625,2460.48583984375,2448.8193359375,2457.594970703125,2522.0,2282.0
9.0,2336.14697265625,2460.8935546875,2460.8935546875,2460.8935546875,2460.561767578125,2460.525390625,2460.48583984375,2447.496826171875,2457.594970703125,2522.0,2282.0
9.25,2336.147705078125,2462.223388671875,2460.8935546875,2460.8935546875,2460.561767578125,2460.525390625,2460.48583984375,2447.49658203125,2457.594970703125,2522.0,2282.0
9.5,2336.147705078125,2460.8935546875,2460.8935546875,2460.8935546875,2460.561767578125,2460.525390625,2460.48583984375,2447.49658203125,2457.594970703125,2522.0,2282.0
9.75,2336.1474609375,2460.8935546875,2460.8935546875,2460.8935546875,2460.561767578125,2460.525390625,2460.48583984375,2447.496826171875,2457.594970703125,2522.0,2282.0
10.0,2336.14794921875,2460.8935546875,2462.223388671875,2460.8935546875,2460.56201171875,2460.525390625,2460.48583984375,2447.496826171875,2457.594970703125,2522.0,2282.0
10.25,2336.147705078125,2460.8935546875,2460.8935546875,2460.8935546875,2460.561767578125,2460.525390625,2460.48583984375,2447.49658203125,2457.594970703125,2522.0,2282.0
10.5,2453.611328125,2460.8935546875,2460.8935546875,2460.8935546875,2460.91064453125,2460.874755859375,2460.829345703125,2460.8935546875,2460.8935546875,2522.0,2282.0
10.75,2453.611328125,2460.8935546875,2460.8935546875,2460.8935546875,2460.91064453125,2460.874755859375,2460.829345703125,2460.8935546875,2460.8935546875,2522.0,2282.0
11.0,2453.611328125,2460.8935546875,2460.8935546875,2460.8935546875,2460.91064453125,2460.874755859375,2460.829345703125,2460.8935546875,2460.8935546875,2522.0,2282.0
11.25,2453.611328125,2460.8935546875,2460.8935546875,2460.8935546875,2460.91064453125,2460.874755859375,2460.829345703125,2460.8935546875,2460.8935546875,2522.0,2282.0
11.5,2453.611328125,2460.8935546875,2460.8935546875,2460.8935546875,2460.91064453125,2460.874755859375,2460.8291015625,2460.8935546875,2460.8935546875,2522.0,2282.0
11.75,2453.611328125,2460.8935546875,2460.8935546875,2460.8935546875,2460.91064453125,2460.874755859375,2460.829345703125,2460.8935546875,2460.8935546875,2522.0,2282.0
12.0,2453.611328125,2460.8935546875,2460.8935546875,2460.8935546875,2460.91064453125,2460.874755859375,2460.829345703125,2460.8935546875,2460.8935546875,2522.0,2282.0
12.25,2454.937255859375,2460.8935546875,2460.8935546875,2460.8935546875,2462.240478515625,2460.874755859375,2460.829345703125,2460.8935546875,2460.8935546875,2522.0,2282.0
12.5,2453.611328125,2460.8935546875,2460.8935546875,2460.8935546875,2460.91064453125,2460.874755859375,2460.829345703125,2460.8935546875,2460.8935546875,2522.0,2282.0
12.75,2453.611328125,2460.8935546875,2460.8935546875,2460.8935546875,2460.91064453125,2460.874755859375,2460.829345703125,2460.8935546875,2460.8935546875,2522.0,2282.0
13.0,2453.611328125,2460.8935546875,2460.8935546875,2460.8935546875,2460.91064453125,2460.874755859375,2460.829345703125,2460.8935546875,2460.8935546875,2522.0,2282.0
13.25,2453.611328125,2460.8935546875,2460.8935546875,2460.8935546875,2460.91064453125,2460.874755859375,2460.829345703125,2460.8935546875,2460.8935546875,2522.0,2282.0
13.5,2453.611328125,2460.8935546875,2460.8935546875,2462.223388671875,2460.91064453125,2460.874755859375,2462.1591796875,2460.8935546875,2462.223388671875,2522.0,2282.0
13.75,2453.611328125,2462.223388671875,2460.8935546875,2460.8935546875,2460.91064453125,2460.874755859375,2460.829345703125,2462.223388671875,2460.8935546875,2522.0,2282.0
14.0,2453.611328125,2460.8935546875,2460.8935546875,2460.8935546875,2460.91064453125,2460.874755859375,2460.829345703125,2460.8935546875,2460.8935546875,2522.0,2282.0
14.25,2453.611328125,2460.8935546875,2460.8935546875,2460.8935546875,2460.91064453125,2460.874755859375,2460.829345703125,2460.8935546875,2460.8935546875,2522.0,2282.0
14.5,2453.611328125,2460.8935546875,2462.223388671875,2460.8935546875,2460.91064453125,2460.874755859375,2460.8291015625,2460.8935546875,2460.8935546875,2522.0,2282.0
14.75,2453.611328125,2460.8935546875,2460.8935546875,2460.8935546875,2460.91064453125,2460.874755859375,2460.829345703125,2460.8935546875,2460.8935546875,2522.0,2282.0
15.0,2453.611328125,2460.8935546875,2460.8935546875,2460.8935546875,2460.91064453125,2460.874755859375,2460.829345703125,2460.8935546875,2460.8935546875,2522.0,2282.0
15.25,2453.611328125,2460.8935546875,2460.8935546875,2460.8935546875,2460.91064453125,2460.874755859375,2460.8291015625,2460.8935546875,2460.8935546875,2522.0,2282.0
15.5,2453.611328125,2460.8935546875,2460.8935546875,2460.8935546875,2460.91064453125,2460.874755859375,2460.829345703125,2460.8935546875,2460.8935546875,2522.0,2282.0
15.75,2453.611328125,2460.8935546875,2460.8935546875,2460.8935546875,2460.91064453125,2460.874755859375,2460.8291015625,2460.8935546875,2460.8935546875,2522.0,2282.0
16.0,2453.611328125,2462.223388671875,2460.8935546875,2460.8935546875,2460.91064453125,2460.874755859375,2460.829345703125,2462.223388671875,2460.8935546875,2522.0,2282.0
16.25,2453.611328125,2460.8935546875,2460.8935546875,2460.8935546875,2460.91064453125,2460.874755859375,2460.8291015625,2460.8935546875,2460.8935546875,2522.0,2282.0
16.5,2453.611328125,2460.8935546875,2460.8935546875,2460.8935546875,2460.91064453125,2460.874755859375,2460.829345703125,2460.8935546875,2460.8935546875,2522.0,2282.0
16.75,2454.937255859375,2460.8935546875,2460.8935546875,2460.8935546875,2462.240478515625,2460.874755859375,2460.8291015625,2460.8935546875,2460.8935546875,2522.0,2282.0
17.0,2453.611328125,2460.8935546875,2460.8935546875,2460.8935546875,2460.91064453125,2460.874755859375,2460.829345703125,2460.8935546875,2460.8935546875,2522.0,2282.0
17.25,2453.611328125,2460.8935546875,2460.8935546875,2460.8935546875,2460.91064453125,2460.875,2460.8291015625,2460.8935546875,2460.8935546875,2522.0,2282.0
17.5,2453.611328125,2460.8935546875,2460.8935546875,2460.8935546875,2460.91064453125,2460.874755859375,2460.829345703125,2460.8935546875,2460.8935546875,2522.0,2282.0
17.75,2453.611328125,2460.8935546875,2460.8935546875,2460.8935546875,2460.91064453125,2460.875,2460.8291015625,2460.8935546875,2460.8935546875,2522.0,2282.0
18.0,2453.611328125,2460.8935546875,2460.8935546875,2462.223388671875,2460.91064453125,2460.874755859375,2462.158935546875,2460.8935546875,2462.223388671875,2522.0,2282.0
18.25,2453.611328125,2462.223388671875,2460.8935546875,2460.8935546875,2460.91064453125,2460.874755859375,2460.8291015625,2462.223388671875,2460.8935546875,2522.0,2282.0
18.5,2453.611328125,2460.8935546875,2460.8935546875,2460.8935546875,2460.91064453125,2460.874755859375,2460.829345703125,2460.8935546875,2460.8935546875,2522.0,2282.0
18.75,2453.611328125,2460.8935546875,2460.8935546875,2460.8935546875,2460.91064453125,2460.874755859375,2460.829345703125,2460.8935546875,2460.8935546875,2522.0,2282.0
19.0,2453.611328125,2460.8935546875,2462.223388671875,2460.8935546875,2460.91064453125,2460.874755859375,2460.829345703125,2460.8935546875,2460.8935546875,2522.0,2282.0
19.25,2427.5859375,2460.8935546875,2460.8935546875,2460.8935546875,2459.80322265625,2460.440673828125,2460.33935546875,2455.851806640625,2461.786865234375,2522.0,2282.0
19.5,2427.586181640625,2460.8935546875,2460.8935546875,2460.8935546875,2459.802978515625,2460.440673828125,2460.33935546875,2455.851806640625,2461.786865234375,2522.0,2282.0
19.75,2427.58740234375,2460.8935546875,2460.8935546875,2460.8935546875,2459.80322265625,2460.440673828125,2460.33935546875,2455.851806640625,2461.786865234375,2522.0,2282.0
20.0,2425.8564453125,2460.8935546875,2460.8935546875,2460.8935546875,2459.883544921875,2460.491943359375,2460.294921875,2456.109130859375,2461.766845703125,2522.0,2282.0
20.25,2425.817138671875,2460.8935546875,2462.223388671875,2460.8935546875,2459.883544921875,2460.491943359375,2460.294921875,2456.109375,2461.766845703125,2522.0,2282.0
20.5,2425.814208984375,2460.8935546875,2460.8935546875,2460.8935546875,2459.883544921875,2460.491943359375,2460.294921875,2456.109375,2461.766845703125,2522.0,2282.0
20.75,2425.81396484375,2460.8935546875,2460.8935546875,2460.8935546875,2459.883544921875,2460.491943359375,2460.294921875,2456.109130859375,2461.766845703125,2522.0,2282.0
21.0,2425.814453125,2460.8935546875,2460.8935546875,2460.8935546875,2459.883544921875,2460.491943359375,2460.294921875,2456.109375,2463.09716796875,2522.0,2282.0
21.25,2427.125244140625,2460.8935546875,2460.8935546875,2460.8935546875,2459.883544921875,2460.491943359375,2460.294921875,2456.109130859375,2461.766845703125,2522.0,2282.0
21.5,2425.820068359375,2460.8935546875,2460.8935546875,2460.8935546875,2459.883544921875,2460.491943359375,2460.294921875,2457.437744140625,2461.766845703125,2522.0,2282.0
21.75,2425.815185546875,2462.223388671875,2460.8935546875,2460.8935546875,2459.883544921875,2460.491943359375,2460.294921875,2456.110595703125,2461.7666015625,2522.0,2282.0
22.0,2425.81494140625,2460.8935546875,2460.8935546875,2460.8935546875,2459.883544921875,2460.491943359375,2460.294921875,2456.110595703125,2461.7666015625,2522.0,2282.0
22.25,2425.626220703125,2460.8935546875,2460.8935546875,2460.8935546875,2459.8837890625,2460.491943359375,2460.294677734375,2456.1982421875,2461.6904296875,2522.0,2282.0
22.5,2425.62646484375,2460.8935546875,2460.8935546875,2460.8935546875,2461.213134765625,2460.4921875,2460.294677734375,2456.1982421875,2461.6904296875,2522.0,2282.0
22.75,2425.62451171875,2460.8935546875,2460.8935546875,2460.8935546875,2459.8837890625,2460.491943359375,2460.294677734375,2456.1982421875,2461.6904296875,2522.0,2282.0
23.0,2425.624755859375,2460.8935546875,2460.8935546875,2460.8935546875,2459.8837890625,2460.4921875,2460.294677734375,2456.1982421875,2461.6904296875,2522.0,2282.0
23.25,2425.624755859375,2460.8935546875,2460.8935546875,2460.8935546875,2459.8837890625,2460.4921875,2460.294677734375,2456.1982421875,2461.6904296875,2522.0,2282.0
23.5,2425.63330078125,2460.8935546875,2460.8935546875,2462.223388671875,2459.8837890625,2460.4921875,2461.624267578125,2457.525634765625,2461.6904296875,2522.0,2282.0
23.75,2426.940185546875,2460.8935546875,2460.8935546875,2462.223388671875,2459.8837890625,2460.4921875,2461.624267578125,2457.526611328125,2461.6904296875,2522.0,2282.0
24.0,2425.62548828125,2462.223388671875,2460.8935546875,2460.8935546875,2459.8837890625,2460.4921875,2460.294677734375,2456.19970703125,2461.690185546875,2522.0,2282.0
24.25,2426.10498046875,2460.8935546875,2460.8935546875,2460.8935546875,2459.9248046875,2460.4375,2460.240234375,2456.274658203125,2461.545166015625,2522.0,2282.0
24.5,2426.10693359375,2460.8935546875,2460.8935546875,2460.8935546875,2459.9248046875,2460.437744140625,2460.240234375,2456.2734375,2461.54541015625,2522.0,2282.0
24.75,2426.106689453125,2460.8935546875,2462.223388671875,2460.8935546875,2461.254150390625,2460.4375,2460.240234375,2456.273193359375,2461.54541015625,2522.0,2282.0
25.0,2426.10498046875,2460.8935546875,2460.8935546875,2460.8935546875,2459.9248046875,2460.4375,2460.240234375,2456.273193359375,2462.875732421875,2522.0,2282.0
25.25,2426.10498046875,2460.8935546875,2460.8935546875,2460.8935546875,2459.9248046875,2460.4375,2460.240234375,2456.273193359375,2461.54541015625,2522.0,2282.0
25.5,2426.10498046875,2460.8935546875,2460.8935546875,2460.8935546875,2459.9248046875,2460.437744140625,2460.240234375,2456.2734375,2461.54541015625,2522.0,2282.0
25.75,2426.10498046875,2460.8935546875,2460.8935546875,2460.8935546875,2459.9248046875,2460.4375,2460.240234375,2456.273193359375,2461.54541015625,2522.0,2282.0
26.0,2426.11376953125,2460.8935546875,2460.8935546875,2460.8935546875,2459.9248046875,2460.4375,2460.240234375,2457.6015625,2461.54541015625,2522.0,2282.0
26.25,2424.982177734375,2460.8935546875,2460.8935546875,2460.8935546875,2459.973876953125,2461.879638671875,2460.193359375,2456.351318359375,2461.678466796875,2522.0,2282.0
26.5,2424.982177734375,2460.8935546875,2460.8935546875,2460.8935546875,2459.97412109375,2460.550048828125,2460.193359375,2456.352783203125,2461.67822265625,2522.0,2282.0
26.75,2424.984375,2460.8935546875,2462.223388671875,2460.8935546875,2461.30322265625,2460.5498046875,2460.193603515625,2456.352783203125,2461.678466796875,2522.0,2282.0
27.0,2424.982177734375,2460.8935546875,2460.8935546875,2460.8935546875,2459.97412109375,2460.550048828125,2460.193603515625,2456.352783203125,2461.678466796875,2522.0,2282.0
27.25,2424.98193359375,2460.8935546875,2460.8935546875,2460.8935546875,2459.973876953125,2460.5498046875,2460.193603515625,2456.352783203125,2461.678466796875,2522.0,2282.0
27.5,2424.982177734375,2460.8935546875,2460.8935546875,2460.8935546875,2459.97412109375,2460.5498046875,2460.193603515625,2456.352783203125,2463.0087890625,2522.0,2282.0
27.75,2424.982177734375,2460.8935546875,2460.8935546875,2460.8935546875,2459.973876953125,2460.5498046875,2460.193603515625,2456.352783203125,2463.0087890625,2522.0,2282.0
28.0,2426.29248046875,2460.8935546875,2460.8935546875,2460.8935546875,2459.97412109375,2460.5498046875,2460.193603515625,2456.352783203125,2461.67822265625,2522.0,2282.0
28.25,2424.966796875,2460.8935546875,2460.8935546875,2460.8935546875,2459.97998046875,2460.492431640625,2460.199462890625,2456.38232421875,2461.65283203125,2522.0,2282.0
28.5,2424.9658203125,2460.8935546875,2460.8935546875,2460.8935546875,2459.97998046875,2461.822021484375,2460.199462890625,2456.381103515625,2461.653076171875,2522.0,2282.0
28.75,2424.9658203125,2460.8935546875,2460.8935546875,2460.8935546875,2459.97998046875,2460.492431640625,2460.199462890625,2456.38232421875,2461.652587890625,2522.0,2282.0
29.0,2424.9658203125,2460.8935546875,2460.8935546875,2460.8935546875,2459.97998046875,2460.492431640625,2460.199462890625,2456.38232421875,2461.65283203125,2522.0,2282.0
29.25,2424.965576171875,2460.8935546875,2460.8935546875,2460.8935546875,2459.97998046875,2460.492431640625,2460.199462890625,2456.38232421875,2461.65283203125,2522.0,2282.0
29.5,2424.9658203125,2460.8935546875,2460.8935546875,2460.8935546875,2459.97998046875,2460.492431640625,2460.199462890625,2456.38232421875,2461.65283203125,2522.0,2282.0
29.75,2424.9658203125,2460.8935546875,2460.8935546875,2460.8935546875,2459.97998046875,2460.492431640625,2460.199462890625,2456.38232421875,2461.65283203125,2522.0,2282.0
30.0,2424.9697265625,2460.8935546875,2460.8935546875,2460.8935546875,2459.965576171875,2460.5234375,2460.195556640625,2456.3642578125,2461.6494140625,2522.0,2282.0
30.25,2426.264892578125,2460.8935546875,2460.8935546875,2462.223388671875,2459.951171875,2460.527099609375,2461.500244140625,2456.361572265625,2461.63134765625,2522.0,2282.0
30.5,2424.954833984375,2460.8935546875,2460.8935546875,2460.8935546875,2459.951171875,2460.527099609375,2460.170654296875,2457.68896484375,2461.63134765625,2522.0,2282.0
30.75,2424.949951171875,2460.8935546875,2460.8935546875,2460.8935546875,2459.951171875,2461.856689453125,2460.170654296875,2456.359130859375,2461.631591796875,2522.0,2282.0
31.0,2424.94921875,2460.8935546875,2460.8935546875,2460.8935546875,2459.951171875,2460.527099609375,2460.170654296875,2456.360595703125,2461.631103515625,2522.0,2282.0
31.25,2424.951171875,2460.8935546875,2462.223388671875,2460.8935546875,2461.280517578125,2460.527099609375,2460.170654296875,2456.360595703125,2461.63134765625,2522.0,2282.0
31.5,2424.951416015625,2460.8935546875,2462.223388671875,2460.8935546875,2461.280517578125,2460.527099609375,2460.170654296875,2456.360595703125,2461.63134765625,2522.0,2282.0
31.75,2424.94921875,2460.8935546875,2460.8935546875,2460.8935546875,2459.951171875,2460.527099609375,2460.170654296875,2456.360595703125,2461.63134765625,2522.0,2282.0
32.0,2425.006591796875,2460.8935546875,2460.8935546875,2460.8935546875,2459.951171875,2460.527099609375,2460.16943359375,2456.360595703125,2462.95654296875,2522.0,2282.0
32.25,2425.330810546875,2460.8935546875,2460.8935546875,2460.8935546875,2459.9541015625,2460.5302734375,2460.141845703125,2456.24365234375,2461.57080078125,2522.0,2282.0
32.5,2425.330810546875,2460.8935546875,2460.8935546875,2460.8935546875,2459.9541015625,2460.5302734375,2460.14208984375,2456.24365234375,2461.57080078125,2522.0,2282.0
32.75,2425.33203125,2460.8935546875,2460.8935546875,2460.8935546875,2459.9541015625,2460.5302734375,2460.141845703125,2456.24365234375,2461.571044921875,2522.0,2282.0
33.0,2425.3310546875,2460.8935546875,2460.8935546875,2460.8935546875,2459.9541015625,2461.85986328125,2460.14208984375,2456.2421875,2461.571044921875,2522.0,2282.0
33.25,2425.3310546875,2460.8935546875,2460.8935546875,2460.8935546875,2459.9541015625,2460.5302734375,2460.141845703125,2456.24365234375,2461.57080078125,2522.0,2282.0
33.5,2425.33251953125,2460.8935546875,2460.8935546875,2460.8935546875,2459.9541015625,2460.5302734375,2460.14208984375,2456.24365234375,2461.57080078125,2522.0,2282.0
33.75,2425.33056640625,2460.8935546875,2462.223388671875,2460.8935546875,2461.283447265625,2460.5302734375,2460.14208984375,2456.24365234375,2461.571044921875,2522.0,2282.0
34.0,2425.32421875,2460.8935546875,2460.8935546875,2460.8935546875,2459.9541015625,2460.5302734375,2460.142333984375,2456.24365234375,2461.572509765625,2522.0,2282.0
34.25,2425.1904296875,2460.8935546875,2460.8935546875,2460.8935546875,2459.983154296875,2460.52734375,2460.138916015625,2456.265625,2462.922607421875,2522.0,2282.0
34.5,2425.1904296875,2460.8935546875,2460.8935546875,2460.8935546875,2459.983154296875,2460.52734375,2460.138916015625,2456.265380859375,2462.922607421875,2522.0,2282.0
34.75,2426.5078125,2460.8935546875,2460.8935546875,2462.223388671875,2459.983154296875,2460.52734375,2461.468505859375,2456.2666015625,2461.59228515625,2522.0,2282.0
35.0,2425.195068359375,2460.8935546875,2460.8935546875,2460.8935546875,2459.983154296875,2460.52734375,2460.138916015625,2456.265380859375,2461.592529296875,2522.0,2282.0
35.25,2425.1904296875,2460.8935546875,2460.8935546875,2460.8935546875,2459.983154296875,2461.85693359375,2460.138916015625,2456.26416015625,2461.59228515625,2522.0,2282.0
35.5,2425.1904296875,2460.8935546875,2460.8935546875,2460.8935546875,2459.983154296875,2460.52734375,2460.138916015625,2456.265380859375,2461.59228515625,2522.0,2282.0
35.75,2425.19189453125,2460.8935546875,2460.8935546875,2460.8935546875,2459.983154296875,2460.52734375,2460.138916015625,2456.265380859375,2461.592529296875,2522.0,2282.0
36.0,2425.23583984375,2460.8935546875,2462.223388671875,2460.8935546875,2461.3125,2460.52734375,2460.14111328125,2456.265380859375,2461.59326171875,2522.0,2282.0
36.25,2425.79150390625,2460.8935546875,2460.8935546875,2460.8935546875,2459.89892578125,2460.475341796875,2460.18310546875,2456.214111328125,2461.59619140625,2522.0,2282.0
36.5,2425.79150390625,2462.223388671875,2460.8935546875,2460.8935546875,2459.89892578125,2461.80517578125,2460.18310546875,2456.214111328125,2461.596435546875,2522.0,2282.0
36.75,2425.79150390625,2460.8935546875,2460.8935546875,2460.8935546875,2459.89892578125,2460.475341796875,2460.18310546875,2456.2138671875,2462.9267578125,2522.0,2282.0
37.0,2425.79296875,2460.8935546875,2460.8935546875,2460.8935546875,2459.89892578125,2460.475341796875,2460.18310546875,2456.214111328125,2461.596435546875,2522.0,2282.0
37.25,2425.79150390625,2460.8935546875,2460.8935546875,2460.8935546875,2459.89892578125,2460.475341796875,2460.18310546875,2456.2138671875,2461.59619140625,2522.0,2282.0
37.5,2425.9208984375,2460.8935546875,2462.223388671875,2460.8935546875,2461.1845703125,2460.45947265625,2460.18408203125,2456.123779296875,2461.591064453125,2522.0,2282.0
37.75,2427.373291015625,2460.8935546875,2460.8935546875,2460.8935546875,2459.811767578125,2460.452392578125,2460.2236328125,2456.096923828125,2461.535888671875,2522.0,2282.0
38.0,2427.373291015625,2460.8935546875,2460.8935546875,2460.8935546875,2459.811767578125,2460.452392578125,2460.2236328125,2456.096923828125,2461.535888671875,2522.0,2282.0
38.25,2427.37353515625,2460.8935546875,2460.8935546875,2460.8935546875,2459.8115234375,2460.452392578125,2460.2236328125,2456.096923828125,2461.535888671875,2522.0,2282.0
38.5,2427.37353515625,2460.8935546875,2460.8935546875,2460.8935546875,2459.811767578125,2460.452392578125,2460.2236328125,2456.096923828125,2462.8662109375,2522.0,2282.0
38.75,2428.69189453125,2460.8935546875,2460.8935546875,2462.223388671875,2459.8115234375,2460.452392578125,2461.55322265625,2456.09814453125,2461.535888671875,2522.0,2282.0
39.0,2427.379150390625,2460.8935546875,2460.8935546875,2460.8935546875,2459.8115234375,2460.452392578125,2460.2236328125,2457.42529296875,2461.535888671875,2522.0,2282.0
39.25,2427.373779296875,2460.8935546875,2460.8935546875,2460.8935546875,2459.8115234375,2461.781982421875,2460.2236328125,2456.095703125,2461.5361328125,2522.0,2282.0
39.5,2427.373779296875,2460.8935546875,2460.8935546875,2460.8935546875,2459.8115234375,2460.452392578125,2460.2236328125,2456.096923828125,2461.535888671875,2522.0,2282.0
39.75,2426.781494140625,2460.8935546875,2462.223388671875,2460.8935546875,2461.19873046875,2460.350830078125,2460.3125,2456.134521484375,2461.463623046875,2522.0,2282.0
40.0,2426.779541015625,2460.8935546875,2462.223388671875,2460.8935546875,2461.19873046875,2460.350830078125,2460.3125,2456.134521484375,2461.46337890625,2522.0,2282.0
40.25,2426.779296875,2460.8935546875,2460.8935546875,2460.8935546875,2459.869384765625,2460.350830078125,2460.3125,2456.134521484375,2461.46337890625,2522.0,2282.0
40.5,2426.779541015625,2460.8935546875,2460.8935546875,2460.8935546875,2459.86962890625,2460.350830078125,2460.3125,2456.134521484375,2462.793701171875,2522.0,2282.0
40.75,2426.77978515625,2460.8935546875,2460.8935546875,2460.8935546875,2459.869384765625,2460.350830078125,2460.3125,2456.134521484375,2462.793701171875,2522.0,2282.0
41.0,2428.095703125,2460.8935546875,2460.8935546875,2462.223388671875,2459.86962890625,2460.350830078125,2461.64208984375,2457.4619140625,2461.46337890625,2522.0,2282.0
41.25,2426.7802734375,2460.8935546875,2460.8935546875,2460.8935546875,2459.86962890625,2460.350830078125,2460.3125,2456.134521484375,2461.463623046875,2522.0,2282.0
41.5,2426.72607421875,2460.8935546875,2460.8935546875,2460.8935546875,2459.86962890625,2461.680419921875,2460.3125,2456.133056640625,2461.466552734375,2522.0,2282.0
41.75,2425.781982421875,2460.8935546875,2460.8935546875,2460.8935546875,2459.933837890625,2460.319091796875,2460.28076171875,2456.229736328125,2461.50244140625,2522.0,2282.0
42.0,2425.78369140625,2460.8935546875,2460.8935546875,2460.8935546875,2459.933837890625,2460.319091796875,2460.28076171875,2456.229736328125,2461.50244140625,2522.0,2282.0
42.25,2425.781494140625,2460.8935546875,2460.8935546875,2460.8935546875,2459.933837890625,2460.319091796875,2460.28076171875,2456.229736328125,2461.50244140625,2522.0,2282.0
42.5,2425.78173828125,2460.8935546875,2460.8935546875,2460.8935546875,2459.933837890625,2460.319091796875,2460.28076171875,2456.229736328125,2461.50244140625,2522.0,2282.0
42.75,2425.78173828125,2460.8935546875,2460.8935546875,2460.8935546875,2459.933837890625,2460.319091796875,2460.28076171875,2456.229736328125,2461.50244140625,2522.0,2282.0
43.0,2425.78173828125,2460.8935546875,2460.8935546875,2460.8935546875,2459.933837890625,2460.319091796875,2460.28076171875,2456.229736328125,2462.832763671875,2522.0,2282.0
43.25,2427.094482421875,2460.8935546875,2460.8935546875,2462.223388671875,2459.933837890625,2460.319091796875,2461.6103515625,2456.230712890625,2461.50244140625,2522.0,2282.0
43.5,2425.71875,2460.8935546875,2460.8935546875,2460.8935546875,2459.900634765625,2460.319091796875,2460.280517578125,2456.229736328125,2461.5048828125,2522.0,2282.0
43.75,2425.0615234375,2460.8935546875,2460.8935546875,2460.8935546875,2459.866943359375,2460.37939453125,2460.3095703125,2456.377685546875,2461.537353515625,2522.0,2282.0
44.0,2425.061279296875,2460.8935546875,2460.8935546875,2460.8935546875,2459.866943359375,2460.37939453125,2460.3095703125,2456.376220703125,2461.537353515625,2522.0,2282.0
44.25,2425.063720703125,2460.8935546875,2462.223388671875,2460.8935546875,2461.1962890625,2460.37939453125,2460.309814453125,2456.376220703125,2461.537353515625,2522.0,2282.0
44.5,2425.06103515625,2460.8935546875,2460.8935546875,2460.8935546875,2459.866943359375,2460.37939453125,2460.3095703125,2456.376220703125,2461.537353515625,2522.0,2282.0
44.75,2425.061279296875,2460.8935546875,2460.8935546875,2460.8935546875,2459.866943359375,2460.37939453125,2460.309814453125,2456.376220703125,2461.53759765625,2522.0,2282.0
45.0,2425.061279296875,2460.8935546875,2460.8935546875,2460.8935546875,2459.866943359375,2460.37939453125,2460.3095703125,2456.376220703125,2462.86767578125,2522.0,2282.0
45.25,2425.061279296875,2460.8935546875,2460.8935546875,2462.223388671875,2459.866943359375,2460.37939453125,2461.63916015625,2456.376220703125,2461.537353515625,2522.0,2282.0
45.5,2439.7578125,2460.8935546875,2460.8935546875,2460.8935546875,2460.162109375,2460.592041015625,2460.54443359375,2458.863525390625,2462.0927734375,2522.0,2282.0
45.75,2440.182373046875,2460.8935546875,2460.8935546875,2460.8935546875,2460.4599609375,2460.650146484375,2460.54443359375,2457.8828125,2462.092041015625,2522.0,2282.0
46.0,2440.180908203125,2460.8935546875,2460.8935546875,2460.8935546875,2460.4599609375,2461.979736328125,2460.54443359375,2457.8828125,2462.091796875,2522.0,2282.0
46.25,2440.1806640625,2460.8935546875,2460.8935546875,2460.8935546875,2460.4599609375,2460.650146484375,2460.54443359375,2457.8828125,2462.092041015625,2522.0,2282.0
46.5,2440.180908203125,2460.8935546875,2460.8935546875,2460.8935546875,2460.4599609375,2460.650146484375,2460.54443359375,2457.8828125,2462.092041015625,2522.0,2282.0
46.75,2440.180908203125,2460.8935546875,2460.8935546875,2460.8935546875,2460.4599609375,2460.650146484375,2460.54443359375,2457.883056640625,2462.092041015625,2522.0,2282.0
47.0,2440.180908203125,2460.8935546875,2460.8935546875,2460.8935546875,2460.4599609375,2460.650146484375,2460.54443359375,2457.8828125,2462.092041015625,2522.0,2282.0
47.25,2440.18505859375,2460.8935546875,2460.8935546875,2460.8935546875,2460.4599609375,2460.650146484375,2460.54443359375,2457.8828125,2463.422607421875,2522.0,2282.0
47.5,2440.17333984375,2460.8935546875,2460.8935546875,2462.223388671875,2460.405517578125,2460.658447265625,2461.851806640625,2457.8515625,2462.04931640625,2522.0,2282.0
47.75,2440.17529296875,2462.223388671875,2460.8935546875,2460.8935546875,2460.405517578125,2460.6591796875,2460.522216796875,2457.83935546875,2462.049072265625,2522.0,2282.0
48.0,2440.174560546875,2462.223388671875,2460.8935546875,2460.8935546875,2460.405517578125,2461.989013671875,2460.522216796875,2457.83935546875,2462.04931640625,2522.0,2282.0
48.25,2440.17431640625,2460.8935546875,2460.8935546875,2460.8935546875,2460.405517578125,2460.6591796875,2460.522216796875,2457.83935546875,2462.048828125,2522.0,2282.0
48.5,2440.174560546875,2460.8935546875,2460.8935546875,2460.8935546875,2460.405517578125,2460.6591796875,2460.522216796875,2457.83935546875,2462.049072265625,2522.0,2282.0
48.75,2440.17431640625,2460.8935546875,2460.8935546875,2460.8935546875,2460.405517578125,2460.6591796875,2460.522216796875,2457.83935546875,2462.049072265625,2522.0,2282.0
49.0,2440.174560546875,2460.8935546875,2460.8935546875,2460.8935546875,2460.405517578125,2460.6591796875,2460.522216796875,2457.83935546875,2462.04931640625,2522.0,2282.0
49.25,2440.1787109375,2460.8935546875,2460.8935546875,2460.8935546875,2460.405517578125,2460.659423828125,2460.522216796875,2457.83935546875,2463.379638671875,2522.0,2282.0
49.5,2439.949951171875,2460.8935546875,2460.8935546875,2460.8935546875,2460.405517578125,2460.6591796875,2460.522216796875,2457.736572265625,2462.05712890625,2522.0,2282.0
49.75,2439.949951171875,2460.8935546875,2460.8935546875,2462.223388671875,2460.405517578125,2460.659423828125,2461.851806640625,2457.737060546875,2462.05712890625,2522.0,2282.0
50.0,2439.95068359375,2460.8935546875,2460.8935546875,2460.8935546875,2460.405517578125,2460.6591796875,2460.522216796875,2457.736572265625,2462.05712890625,2522.0,2282.0
50.25,2439.94970703125,2460.8935546875,2460.8935546875,2460.8935546875,2460.405517578125,2460.659423828125,2460.522216796875,2457.736572265625,2462.056884765625,2522.0,2282.0
50.5,2439.94970703125,2460.8935546875,2460.8935546875,2460.8935546875,2460.405517578125,2460.6591796875,2460.522216796875,2457.736572265625,2462.05712890625,2522.0,2282.0
50.75,2439.94970703125,2460.8935546875,2460.8935546875,2460.8935546875,2460.405517578125,2460.659423828125,2460.522216796875,2457.736572265625,2462.05712890625,2522.0,2282.0
51.0,2439.94970703125,2460.8935546875,2460.8935546875,2460.8935546875,2460.405517578125,2460.6591796875,2460.522216796875,2457.736572265625,2462.05712890625,2522.0,2282.0
51.25,2439.94970703125,2460.8935546875,2460.8935546875,2460.8935546875,2460.405517578125,2460.659423828125,2460.522216796875,2457.736572265625,2462.05712890625,2522.0,2282.0
51.5,2442.541748046875,2460.8935546875,2460.8935546875,2460.8935546875,2460.260498046875,2460.57861328125,2460.63232421875,2457.59814453125,2463.305908203125,2522.0,2282.0
51.75,2442.538818359375,2460.8935546875,2460.8935546875,2460.8935546875,2460.260498046875,2460.57861328125,2460.63232421875,2457.597900390625,2461.975341796875,2522.0,2282.0
52.0,2442.5390625,2460.8935546875,2460.8935546875,2462.223388671875,2460.260498046875,2460.57861328125,2461.962158203125,2457.5986328125,2461.975341796875,2522.0,2282.0
52.25,2442.538818359375,2462.223388671875,2460.8935546875,2460.8935546875,2460.260498046875,2460.57861328125,2460.63232421875,2457.597900390625,2461.975341796875,2522.0,2282.0
52.5,2442.53857421875,2460.8935546875,2460.8935546875,2460.8935546875,2460.260498046875,2460.57861328125,2460.63232421875,2457.597900390625,2461.97509765625,2522.0,2282.0
52.75,2442.53857421875,2460.8935546875,2460.8935546875,2460.8935546875,2460.260498046875,2460.57861328125,2460.63232421875,2457.597900390625,2461.97509765625,2522.0,2282.0
53.0,2442.538330078125,2460.8935546875,2460.8935546875,2460.8935546875,2460.260498046875,2460.57861328125,2460.63232421875,2457.597900390625,2461.975341796875,2522.0,2282.0
53.25,2442.53857421875,2460.8935546875,2460.8935546875,2460.8935546875,2460.260498046875,2460.57861328125,2460.63232421875,2457.597900390625,2461.975341796875,2522.0,2282.0
53.5,2440.23095703125,2460.8935546875,2460.8935546875,2460.8935546875,2460.34423828125,2460.630126953125,2460.5888671875,2457.884765625,2461.929931640625,2522.0,2282.0
53.75,2441.549560546875,2460.8935546875,2460.8935546875,2460.8935546875,2460.34423828125,2460.630126953125,2460.5888671875,2457.884521484375,2461.929931640625,2522.0,2282.0
54.0,2440.235595703125,2460.8935546875,2460.8935546875,2460.8935546875,2460.34423828125,2460.630126953125,2460.5888671875,2457.884765625,2461.929931640625,2522.0,2282.0
54.25,2440.232177734375,2460.8935546875,2460.8935546875,2460.8935546875,2460.34423828125,2460.630126953125,2461.91845703125,2459.212890625,2461.929931640625,2522.0,2282.0
54.5,2440.232666015625,2462.223388671875,2460.8935546875,2460.8935546875,2460.34423828125,2460.630126953125,2460.5888671875,2457.884765625,2461.929931640625,2522.0,2282.0
54.75,2440.23095703125,2460.8935546875,2460.8935546875,2460.8935546875,2460.34423828125,2460.630126953125,2460.5888671875,2457.884765625,2461.929931640625,2522.0,2282.0
55.0,2440.230712890625,2460.8935546875,2460.8935546875,2460.8935546875,2460.34423828125,2460.630126953125,2460.5888671875,2457.884765625,2461.9296875,2522.0,2282.0
55.25,2440.230712890625,2460.8935546875,2460.8935546875,2460.8935546875,2460.34423828125,2460.630126953125,2460.5888671875,2457.884521484375,2461.929931640625,2522.0,2282.0
55.5,2439.85546875,2460.8935546875,2460.8935546875,2460.8935546875,2460.25146484375,2460.660888671875,2460.62353515625,2458.027099609375,2461.892578125,2522.0,2282.0
55.75,2439.84423828125,2460.8935546875,2460.8935546875,2460.8935546875,2460.25146484375,2460.664794921875,2460.62353515625,2458.068359375,2461.892333984375,2522.0,2282.0
56.0,2441.16259765625,2460.8935546875,2460.8935546875,2460.8935546875,2460.25146484375,2460.664794921875,2460.62353515625,2458.068359375,2461.892333984375,2522.0,2282.0
56.25,2439.844482421875,2460.8935546875,2460.8935546875,2460.8935546875,2460.25146484375,2460.664794921875,2460.62353515625,2458.068359375,2461.892333984375,2522.0,2282.0
56.5,2439.844482421875,2462.223388671875,2460.8935546875,2460.8935546875,2460.25146484375,2461.99462890625,2460.62353515625,2458.068603515625,2461.892333984375,2522.0,2282.0
56.75,2439.845947265625,2462.223388671875,2460.8935546875,2460.8935546875,2460.251220703125,2460.664794921875,2460.62353515625,2458.068359375,2461.892333984375,2522.0,2282.0
57.0,2439.84423828125,2460.8935546875,2460.8935546875,2460.8935546875,2460.25146484375,2460.664794921875,2460.62353515625,2458.068603515625,2461.892333984375,2522.0,2282.0
57.25,2439.84423828125,2460.8935546875,2460.893310546875,2460.8935546875,2460.251220703125,2460.664794921875,2460.62353515625,2458.068359375,2461.892333984375,2522.0,2282.0
57.5,2439.234619140625,2460.8935546875,2460.8935546875,2460.8935546875,2460.428466796875,2460.574462890625,2460.671142578125,2458.068603515625,2461.892333984375,2522.0,2282.0
57.75,2439.213623046875,2460.8935546875,2460.8935546875,2460.8935546875,2460.42822265625,2460.554931640625,2460.67138671875,2458.068603515625,2461.892333984375,2522.0,2282.0
58.0,2439.21337890625,2460.8935546875,2460.8935546875,2460.8935546875,2460.428466796875,2460.554931640625,2460.671142578125,2458.068603515625,2461.892333984375,2522.0,2282.0
58.25,2439.218505859375,2460.8935546875,2460.8935546875,2460.8935546875,2460.428466796875,2460.5546875,2460.67138671875,2458.068359375,2463.222900390625,2522.0,2282.0
58.5,2439.218505859375,2460.8935546875,2460.8935546875,2460.8935546875,2460.428466796875,2460.554931640625,2460.671142578125,2458.068603515625,2461.892333984375,2522.0,2282.0
58.75,2439.21435546875,2460.8935546875,2460.8935546875,2460.8935546875,2460.428466796875,2460.554931640625,2462.0009765625,2459.39697265625,2461.892333984375,2522.0,2282.0
59.0,2439.213623046875,2460.8935546875,2460.8935546875,2460.8935546875,2460.428466796875,2461.884521484375,2460.671142578125,2458.068603515625,2461.892333984375,2522.0,2282.0
59.25,2439.213623046875,2460.8935546875,2460.8935546875,2460.8935546875,2460.428466796875,2460.554931640625,2460.67138671875,2458.068603515625,2461.892333984375,2522.0,2282.0
59.5,2438.7353515625,2460.8935546875,2460.8935546875,2460.8935546875,2460.480224609375,2460.4833984375,2460.5849609375,2458.23291015625,2461.8291015625,2522.0,2282.0
59.75,2438.711669921875,2460.8935546875,2460.8935546875,2460.8935546875,2460.53369140625,2460.468505859375,2460.5849609375,2458.281982421875,2461.82958984375,2522.0,2282.0
60.0,2438.711669921875,2460.8935546875,2460.8935546875,2460.8935546875,2460.53369140625,2460.468505859375,2460.5849609375,2458.281982421875,2461.82958984375,2522.0,2282.0
60.25,2438.711669921875,2460.8935546875,2460.8935546875,2460.8935546875,2460.53369140625,2460.468505859375,2460.5849609375,2458.281982421875,2461.82958984375,2522.0,2282.0
60.5,2438.711669921875,2460.8935546875,2460.8935546875,2460.8935546875,2460.53369140625,2460.468505859375,2460.5849609375,2458.281982421875,2461.82958984375,2522.0,2282.0
60.75,2438.7119140625,2460.8935546875,2460.8935546875,2460.8935546875,2460.53369140625,2460.468505859375,2460.585205078125,2458.281982421875,2461.82958984375,2522.0,2282.0
61.0,2438.71240234375,2460.8935546875,2460.8935546875,2460.8935546875,2460.53369140625,2460.468505859375,2461.914794921875,2459.610595703125,2461.829345703125,2522.0,2282.0
61.25,2438.711669921875,2460.8935546875,2460.8935546875,2460.8935546875,2460.53369140625,2460.468505859375,2460.585205078125,2458.281982421875,2461.82958984375,2522.0,2282.0
61.5,2438.55224609375,2460.8935546875,2460.8935546875,2460.8935546875,2460.475830078125,2460.474365234375,2460.591064453125,2458.003173828125,2461.827880859375,2522.0,2282.0
61.75,2438.552978515625,2460.8935546875,2460.8935546875,2460.8935546875,2460.475830078125,2460.474365234375,2460.591064453125,2458.003173828125,2461.828125,2522.0,2282.0
62.0,2438.552978515625,2460.8935546875,2462.223388671875,2460.8935546875,2461.805419921875,2460.474365234375,2460.591064453125,2458.003173828125,2461.827880859375,2522.0,2282.0
62.25,2438.55322265625,2460.8935546875,2460.8935546875,2460.8935546875,2460.475830078125,2460.474365234375,2460.591064453125,2458.003173828125,2461.828125,2522.0,2282.0
62.5,2438.552978515625,2460.8935546875,2460.8935546875,2460.8935546875,2460.475830078125,2460.474365234375,2460.591064453125,2458.003173828125,2461.828125,2522.0,2282.0
62.75,2439.870849609375,2460.8935546875,2460.8935546875,2460.8935546875,2460.475830078125,2460.474365234375,2460.591064453125,2458.003173828125,2463.158447265625,2522.0,2282.0
63.0,2438.553466796875,2460.8935546875,2460.8935546875,2460.8935546875,2460.475830078125,2460.474365234375,2460.591064453125,2458.00341796875,2461.828125,2522.0,2282.0
63.25,2438.554931640625,2460.8935546875,2460.8935546875,2460.8935546875,2460.475830078125,2460.474365234375,2460.591064453125,2458.003173828125,2461.828125,2522.0,2282.0
63.5,2437.020751953125,2460.8935546875,2460.8935546875,2460.8935546875,2460.47900390625,2460.477294921875,2460.5625,2457.995361328125,2461.875,2522.0,2282.0
63.75,2437.019775390625,2460.8935546875,2460.8935546875,2460.8935546875,2460.47900390625,2460.477294921875,2460.5625,2457.99658203125,2461.874755859375,2522.0,2282.0
64.0,2437.01953125,2460.8935546875,2460.8935546875,2460.8935546875,2460.47900390625,2460.477294921875,2460.5625,2457.9951171875,2461.875,2522.0,2282.0
64.25,2437.019775390625,2460.8935546875,2462.223388671875,2460.8935546875,2461.80859375,2460.477294921875,2460.5625,2457.995361328125,2461.875,2522.0,2282.0
64.5,2437.019775390625,2460.8935546875,2460.8935546875,2460.8935546875,2460.47900390625,2460.477294921875,2460.5625,2457.995361328125,2461.875,2522.0,2282.0
64.75,2437.019775390625,2460.8935546875,2460.8935546875,2460.8935546875,2460.47900390625,2460.477294921875,2460.5625,2457.995361328125,2463.205322265625,2522.0,2282.0
65.0,2438.336669921875,2460.8935546875,2460.8935546875,2460.8935546875,2460.47900390625,2460.477294921875,2460.5625,2457.995361328125,2463.205322265625,2522.0,2282.0
65.25,2437.025634765625,2460.8935546875,2460.8935546875,2460.8935546875,2460.47900390625,2460.477294921875,2460.5625,2457.995361328125,2461.875,2522.0,2282.0
65.5,2436.234130859375,2460.8935546875,2460.8935546875,2460.8935546875,2460.44677734375,2460.509033203125,2461.892333984375,2459.205322265625,2461.976806640625,2522.0,2282.0
65.75,2436.23388671875,2462.223388671875,2460.8935546875,2460.8935546875,2460.44677734375,2461.8388671875,2460.5625,2457.876953125,2461.9765625,2522.0,2282.0
66.0,2436.234130859375,2460.8935546875,2460.8935546875,2460.8935546875,2460.446533203125,2460.509033203125,2460.5625,2457.8779296875,2461.9765625,2522.0,2282.0
66.25,2436.23388671875,2460.8935546875,2460.8935546875,2460.8935546875,2460.44677734375,2460.50927734375,2460.5625,2457.876953125,2461.976806640625,2522.0,2282.0
66.5,2436.23388671875,2460.8935546875,2462.223388671875,2460.8935546875,2461.776123046875,2460.509033203125,2460.5625,2457.876708984375,2461.976806640625,2522.0,2282.0
66.75,2436.23388671875,2460.8935546875,2460.8935546875,2460.8935546875,2460.44677734375,2460.50927734375,2460.5625,2457.876953125,2461.976806640625,2522.0,2282.0
67.0,2436.23388671875,2460.8935546875,2460.8935546875,2460.8935546875,2460.44677734375,2460.509033203125,2460.5625,2457.876708984375,2461.976806640625,2522.0,2282.0
67.25,2437.55029296875,2460.8935546875,2460.8935546875,2460.8935546875,2460.44677734375,2460.50927734375,2460.5625,2457.876953125,2463.30712890625,2522.0,2282.0
67.5,2434.79638671875,2460.8935546875,2460.8935546875,2460.8935546875,2460.484619140625,2460.387939453125,2460.60009765625,2457.884765625,2461.929931640625,2522.0,2282.0
67.75,2434.790283203125,2460.8935546875,2460.8935546875,2460.8935546875,2460.484619140625,2460.387939453125,2460.599853515625,2457.884765625,2461.929931640625,2522.0,2282.0
68.0,2434.791748046875,2462.223388671875,2460.8935546875,2460.8935546875,2460.484619140625,2461.717529296875,2460.60009765625,2457.884765625,2461.9296875,2522.0,2282.0
68.25,2434.78955078125,2460.8935546875,2460.8935546875,2460.8935546875,2460.48486328125,2460.387939453125,2460.599853515625,2457.8857421875,2461.9296875,2522.0,2282.0
68.5,2434.78955078125,2460.8935546875,2460.8935546875,2460.8935546875,2460.484619140625,2460.387939453125,2460.60009765625,2457.884765625,2461.929931640625,2522.0,2282.0
68.75,2434.78955078125,2460.8935546875,2462.223388671875,2460.8935546875,2461.814453125,2460.387939453125,2460.60009765625,2457.884765625,2461.929931640625,2522.0,2282.0
69.0,2434.78955078125,2460.8935546875,2460.8935546875,2460.8935546875,2460.484619140625,2460.387939453125,2460.60009765625,2457.884765625,2461.929931640625,2522.0,2282.0
69.25,2434.78955078125,2460.8935546875,2460.8935546875,2460.8935546875,2460.48486328125,2460.387939453125,2460.60009765625,2457.884521484375,2463.26025390625,2522.0,2282.0
69.5,2432.71435546875,2460.8935546875,2460.8935546875,2460.8935546875,2460.539794921875,2460.379150390625,2460.62255859375,2458.046630859375,2463.201416015625,2522.0,2282.0
69.75,2434.028564453125,2460.8935546875,2460.8935546875,2460.8935546875,2460.539794921875,2460.379150390625,2460.62255859375,2458.046875,2461.870849609375,2522.0,2282.0
70.0,2432.71484375,2460.8935546875,2460.8935546875,2460.8935546875,2460.539794921875,2460.379150390625,2461.9521484375,2458.046630859375,2461.87109375,2522.0,2282.0
70.25,2432.7158203125,2462.223388671875,2460.8935546875,2460.8935546875,2460.539794921875,2461.708740234375,2460.62255859375,2458.046875,2461.870849609375,2522.0,2282.0
70.5,2432.71630859375,2460.8935546875,2460.8935546875,2460.8935546875,2460.539794921875,2460.379150390625,2460.62255859375,2458.046875,2461.870849609375,2522.0,2282.0
70.75,2432.714111328125,2460.8935546875,2460.8935546875,2460.8935546875,2460.539794921875,2460.379150390625,2460.62255859375,2458.046630859375,2461.870849609375,2522.0,2282.0
71.0,2432.714111328125,2460.8935546875,2462.223388671875,2460.8935546875,2461.869384765625,2460.379150390625,2460.62255859375,2458.046630859375,2461.87109375,2522.0,2282.0
71.25,2432.714111328125,2460.8935546875,2460.8935546875,2460.8935546875,2460.539794921875,2460.379150390625,2460.62255859375,2458.046630859375,2461.870849609375,2522.0,2282.0
71.5,2434.48974609375,2460.8935546875,2460.8935546875,2460.8935546875,2460.269775390625,2460.4599609375,2460.673095703125,2457.570068359375,2461.838623046875,2522.0,2282.0
71.75,2435.80615234375,2460.8935546875,2460.8935546875,2460.8935546875,2460.269775390625,2460.459716796875,2460.673095703125,2457.570068359375,2461.838623046875,2522.0,2282.0
72.0,2434.4970703125,2460.8935546875,2460.8935546875,2460.8935546875,2460.269775390625,2460.4599609375,2460.673095703125,2457.570556640625,2461.838623046875,2522.0,2282.0
72.25,2434.4912109375,2460.8935546875,2460.8935546875,2460.8935546875,2460.269775390625,2460.4599609375,2462.002685546875,2458.898193359375,2461.838623046875,2522.0,2282.0
72.5,2434.4912109375,2460.8935546875,2460.8935546875,2460.8935546875,2460.269775390625,2460.4599609375,2460.673095703125,2457.570068359375,2461.838623046875,2522.0,2282.0
72.75,2434.49169921875,2460.8935546875,2460.8935546875,2460.8935546875,2460.269775390625,2460.459716796875,2460.673095703125,2457.5712890625,2461.838134765625,2522.0,2282.0
73.0,2434.49072265625,2460.8935546875,2460.8935546875,2460.8935546875,2460.269775390625,2460.4599609375,2460.673095703125,2457.570068359375,2461.838623046875,2522.0,2282.0
73.25,2434.490478515625,2460.8935546875,2462.223388671875,2460.8935546875,2461.599365234375,2460.4599609375,2460.673095703125,2457.570068359375,2461.838623046875,2522.0,2282.0
73.5,2451.145751953125,2460.8935546875,2460.8935546875,2460.8935546875,2460.66650390625,2460.854248046875,2461.0,2458.494384765625,2462.53076171875,2522.0,2282.0
73.75,2451.14453125,2460.8935546875,2460.8935546875,2460.8935546875,2460.66650390625,2460.854248046875,2461.0,2458.494384765625,2462.53076171875,2522.0,2282.0
74.0,2451.14453125,2460.8935546875,2460.8935546875,2460.8935546875,2460.66650390625,2460.8544921875,2461.0,2458.494384765625,2463.861328125,2522.0,2282.0
74.25,2451.14453125,2460.8935546875,2460.8935546875,2460.8935546875,2460.66650390625,2460.854248046875,2461.0,2459.823486328125,2462.530517578125,2522.0,2282.0
74.5,2451.14453125,2460.8935546875,2460.8935546875,2460.8935546875,2460.66650390625,2460.8544921875,2461.0,2458.494384765625,2462.530517578125,2522.0,2282.0
74.75,2451.14453125,2462.223388671875,2460.8935546875,2460.8935546875,2460.66650390625,2462.18408203125,2461.0,2458.49462890625,2462.530029296875,2522.0,2282.0
75.0,2451.14453125,2460.8935546875,2460.8935546875,2460.8935546875,2460.66650390625,2460.8544921875,2461.0,2458.495361328125,2462.5302734375,2522.0,2282.0
75.25,2451.14453125,2460.8935546875,2460.8935546875,2460.8935546875,2460.66650390625,2460.854248046875,2461.0,2458.494384765625,2462.530517578125,2522.0,2282.0
75.5,2451.46044921875,2460.8935546875,2462.223388671875,2460.8935546875,2462.0576171875,2460.915283203125,2460.90185546875,2458.611328125,2462.5908203125,2522.0,2282.0
75.75,2450.136474609375,2460.8935546875,2460.8935546875,2460.8935546875,2460.727783203125,2460.9150390625,2460.90185546875,2458.611083984375,2462.5908203125,2522.0,2282.0
76.0,2450.136474609375,2460.8935546875,2460.8935546875,2460.8935546875,2460.727783203125,2460.915283203125,2460.90185546875,2458.611083984375,2462.5908203125,2522.0,2282.0
76.25,2450.136474609375,2460.8935546875,2460.8935546875,2460.8935546875,2460.727783203125,2460.9150390625,2460.90185546875,2458.611083984375,2463.921630859375,2522.0,2282.0
76.5,2450.136474609375,2460.8935546875,2460.8935546875,2460.8935546875,2460.727783203125,2460.9150390625,2460.90185546875,2459.940185546875,2462.5908203125,2522.0,2282.0
76.75,2450.136474609375,2460.8935546875,2460.8935546875,2460.8935546875,2460.727783203125,2460.9150390625,2460.90185546875,2458.611083984375,2462.5908203125,2522.0,2282.0
77.0,2450.136474609375,2460.8935546875,2460.8935546875,2460.8935546875,2460.727783203125,2460.9150390625,2460.90185546875,2458.611083984375,2462.5908203125,2522.0,2282.0
77.25,2450.136474609375,2460.8935546875,2460.8935546875,2460.8935546875,2460.727783203125,2460.9150390625,2460.90185546875,2458.612060546875,2462.590576171875,2522.0,2282.0
77.5,2448.453125,2460.8935546875,2460.8935546875,2460.8935546875,2460.925537109375,2460.889892578125,2460.68603515625,2458.735595703125,2462.604248046875,2522.0,2282.0
77.75,2448.453125,2460.8935546875,2462.223388671875,2460.8935546875,2462.25537109375,2460.889892578125,2460.686279296875,2458.735595703125,2462.604248046875,2522.0,2282.0
78.0,2448.454833984375,2460.8935546875,2460.8935546875,2460.8935546875,2460.925537109375,2460.889892578125,2460.68603515625,2458.73583984375,2462.604248046875,2522.0,2282.0
78.25,2448.453125,2460.8935546875,2460.8935546875,2460.8935546875,2460.925537109375,2460.889892578125,2460.686279296875,2458.735595703125,2462.604248046875,2522.0,2282.0
78.5,2448.453125,2462.223388671875,2460.8935546875,2460.8935546875,2460.925537109375,2462.219970703125,2460.68603515625,2458.735595703125,2462.604248046875,2522.0,2282.0
78.75,2448.453125,2460.8935546875,2460.8935546875,2462.223388671875,2460.925537109375,2460.889892578125,2462.015869140625,2460.064697265625,2462.6044921875,2522.0,2282.0
79.0,2448.453125,2460.8935546875,2460.8935546875,2460.8935546875,2460.925537109375,2460.889892578125,2460.68603515625,2458.735595703125,2462.604248046875,2522.0,2282.0
79.25,2448.453369140625,2460.8935546875,2460.8935546875,2460.8935546875,2460.925537109375,2460.889892578125,2460.686279296875,2458.736572265625,2462.603759765625,2522.0,2282.0
79.5,2448.462890625,2460.8935546875,2460.8935546875,2460.8935546875,2461.10546875,2460.782958984375,2460.705078125,2458.684326171875,2462.6083984375,2522.0,2282.0
79.75,2448.462890625,2460.8935546875,2462.223388671875,2460.8935546875,2462.435302734375,2460.783203125,2460.705322265625,2458.684326171875,2462.6083984375,2522.0,2282.0
80.0,2449.7861328125,2460.8935546875,2460.8935546875,2460.8935546875,2461.10546875,2460.782958984375,2460.705078125,2458.684326171875,2462.6083984375,2522.0,2282.0
80.25,2448.462890625,2460.8935546875,2460.8935546875,2460.8935546875,2461.10546875,2460.782958984375,2460.705078125,2458.684326171875,2462.6083984375,2522.0,2282.0
80.5,2448.462890625,2460.8935546875,2460.8935546875,2460.8935546875,2461.10546875,2460.782958984375,2460.705078125,2458.684326171875,2462.6083984375,2522.0,2282.0
80.75,2448.46337890625,2460.8935546875,2460.8935546875,2460.8935546875,2461.10546875,2460.783203125,2460.705078125,2458.6845703125,2462.6083984375,2522.0,2282.0
81.0,2448.462890625,2460.8935546875,2460.8935546875,2462.223388671875,2461.10546875,2460.782958984375,2462.034912109375,2460.01318359375,2462.6083984375,2522.0,2282.0
81.25,2448.462890625,2462.223388671875,2460.8935546875,2460.8935546875,2461.10546875,2462.11279296875,2460.705078125,2458.684326171875,2462.6083984375,2522.0,2282.0
81.5,2447.85009765625,2462.223388671875,2460.8935546875,2460.8935546875,2461.0244140625,2461.936767578125,2460.8466796875,2458.67822265625,2462.49267578125,2522.0,2282.0
81.75,2447.849853515625,2460.8935546875,2460.8935546875,2460.8935546875,2461.024658203125,2460.607177734375,2460.8466796875,2458.67822265625,2462.49267578125,2522.0,2282.0
82.0,2447.849853515625,2460.8935546875,2462.223388671875,2460.8935546875,2462.3544921875,2460.60693359375,2460.8466796875,2458.67822265625,2462.4931640625,2522.0,2282.0
82.25,2449.172607421875,2460.8935546875,2460.8935546875,2460.8935546875,2461.024658203125,2460.60693359375,2460.8466796875,2458.67822265625,2462.4931640625,2522.0,2282.0
82.5,2449.172607421875,2460.8935546875,2460.8935546875,2460.8935546875,2461.0244140625,2460.60693359375,2460.8466796875,2458.67822265625,2462.4931640625,2522.0,2282.0
82.75,2447.849853515625,2460.8935546875,2460.8935546875,2460.8935546875,2461.024658203125,2460.607177734375,2460.8466796875,2458.67822265625,2462.4931640625,2522.0,2282.0
83.0,2447.85009765625,2460.8935546875,2460.8935546875,2460.8935546875,2461.0244140625,2460.60693359375,2460.8466796875,2458.678466796875,2462.4931640625,2522.0,2282.0
83.25,2447.849853515625,2460.8935546875,2460.8935546875,2460.8935546875,2461.0244140625,2460.607177734375,2460.8466796875,2458.67822265625,2462.4931640625,2522.0,2282.0
83.5,2448.93701171875,2460.8935546875,2460.8935546875,2460.8935546875,2461.1875,2460.483154296875,2460.785888671875,2458.583251953125,2462.454345703125,2522.0,2282.0
83.75,2448.936767578125,2460.8935546875,2460.8935546875,2460.8935546875,2461.1875,2460.483154296875,2460.785888671875,2458.584228515625,2462.453857421875,2522.0,2282.0
84.0,2448.93701171875,2460.8935546875,2460.8935546875,2460.8935546875,2461.1875,2460.483154296875,2460.785888671875,2458.583251953125,2462.45361328125,2522.0,2282.0
84.25,2448.936767578125,2460.8935546875,2462.223388671875,2460.8935546875,2462.517578125,2460.483154296875,2460.785888671875,2458.58349609375,2462.454345703125,2522.0,2282.0
84.5,2448.93701171875,2460.8935546875,2462.223388671875,2460.8935546875,2462.517578125,2460.483154296875,2460.785888671875,2458.583251953125,2462.4541015625,2522.0,2282.0
84.75,2448.938720703125,2460.8935546875,2460.8935546875,2460.8935546875,2461.1875,2460.483154296875,2460.785888671875,2458.583251953125,2462.4541015625,2522.0,2282.0
85.0,2448.938720703125,2460.8935546875,2460.8935546875,2460.8935546875,2461.1875,2460.483154296875,2460.785888671875,2458.583251953125,2462.454345703125,2522.0,2282.0
85.25,2448.93701171875,2460.8935546875,2460.8935546875,2460.8935546875,2461.1875,2460.483154296875,2460.785888671875,2458.58349609375,2462.4541015625,2522.0,2282.0
85.5,2450.046142578125,2460.8935546875,2460.8935546875,2462.223388671875,2461.12646484375,2460.42236328125,2462.213623046875,2459.9775390625,2462.5185546875,2522.0,2282.0
85.75,2450.04638671875,2462.223388671875,2460.8935546875,2460.8935546875,2461.12646484375,2461.751953125,2460.8837890625,2458.648681640625,2462.5185546875,2522.0,2282.0
86.0,2450.04638671875,2460.8935546875,2460.8935546875,2460.8935546875,2461.12646484375,2460.422119140625,2460.8837890625,2458.6494140625,2462.518310546875,2522.0,2282.0
86.25,2450.046875,2460.8935546875,2460.8935546875,2460.8935546875,2461.12646484375,2460.422119140625,2460.8837890625,2458.6494140625,2462.51806640625,2522.0,2282.0
86.5,2450.04638671875,2460.8935546875,2462.223388671875,2460.8935546875,2462.45654296875,2460.42236328125,2460.8837890625,2458.648681640625,2462.5185546875,2522.0,2282.0
86.75,2451.370361328125,2460.8935546875,2460.8935546875,2460.8935546875,2461.12646484375,2460.422119140625,2460.8837890625,2458.648681640625,2462.5185546875,2522.0,2282.0
87.0,2450.046630859375,2460.8935546875,2460.8935546875,2460.8935546875,2461.12646484375,2460.42236328125,2460.8837890625,2458.648681640625,2462.5185546875,2522.0,2282.0
87.25,2450.046630859375,2460.8935546875,2460.8935546875,2460.8935546875,2461.12646484375,2460.422119140625,2460.8837890625,2458.648681640625,2462.5185546875,2522.0,2282.0
87.5,2449.514892578125,2460.8935546875,2460.8935546875,2460.8935546875,2461.12646484375,2460.517822265625,2460.7890625,2458.8759765625,2462.52392578125,2522.0,2282.0
87.75,2449.5146484375,2460.8935546875,2460.8935546875,2460.8935546875,2461.12646484375,2460.517822265625,2460.7890625,2458.8759765625,2462.52392578125,2522.0,2282.0
88.0,2449.5146484375,2462.223388671875,2460.8935546875,2460.8935546875,2461.12646484375,2461.847412109375,2460.7890625,2458.8759765625,2462.52392578125,2522.0,2282.0
88.25,2449.514404296875,2460.8935546875,2460.8935546875,2460.8935546875,2461.12646484375,2460.517822265625,2460.7890625,2458.876708984375,2462.5234375,2522.0,2282.0
88.5,2450.83837890625,2460.8935546875,2460.8935546875,2460.8935546875,2461.12646484375,2460.517822265625,2460.7890625,2458.8759765625,2462.52392578125,2522.0,2282.0
88.75,2449.515869140625,2460.8935546875,2460.8935546875,2460.8935546875,2461.12646484375,2460.517822265625,2460.7890625,2458.8759765625,2462.52392578125,2522.0,2282.0
89.0,2449.515869140625,2460.8935546875,2460.8935546875,2460.8935546875,2461.12646484375,2460.517822265625,2460.7890625,2458.8759765625,2462.52392578125,2522.0,2282.0
89.25,2449.514404296875,2460.8935546875,2460.8935546875,2460.8935546875,2461.12646484375,2460.517822265625,2460.7890625,2458.8759765625,2462.52392578125,2522.0,2282.0
89.5,2450.82421875,2460.8935546875,2460.8935546875,2460.8935546875,2461.08837890625,2460.607177734375,2460.783203125,2458.67041015625,2463.870849609375,2522.0,2282.0
89.75,2450.82373046875,2460.8935546875,2460.8935546875,2460.8935546875,2461.08837890625,2460.607177734375,2462.113037109375,2459.9990234375,2462.5400390625,2522.0,2282.0
90.0,2450.82373046875,2460.8935546875,2460.8935546875,2460.8935546875,2461.08837890625,2460.607177734375,2460.783203125,2458.67041015625,2462.5400390625,2522.0,2282.0
90.25,2450.82373046875,2460.8935546875,2460.8935546875,2460.8935546875,2461.08837890625,2460.60693359375,2460.783203125,2458.67041015625,2462.5400390625,2522.0,2282.0
90.5,2450.82373046875,2460.8935546875,2460.8935546875,2460.8935546875,2461.08837890625,2460.607177734375,2460.783203125,2458.67041015625,2462.53955078125,2522.0,2282.0
90.75,2450.82373046875,2460.8935546875,2460.8935546875,2460.8935546875,2461.08837890625,2460.607177734375,2460.783203125,2458.67041015625,2462.5400390625,2522.0,2282.0
91.0,2452.148193359375,2460.8935546875,2460.8935546875,2460.8935546875,2461.08837890625,2460.607177734375,2460.783203125,2458.67041015625,2462.5400390625,2522.0,2282.0
91.25,2450.82373046875,2460.8935546875,2460.8935546875,2460.8935546875,2461.08837890625,2460.607177734375,2460.783203125,2458.67041015625,2462.5400390625,2522.0,2282.0
91.5,2452.167236328125,2460.8935546875,2460.8935546875,2460.8935546875,2460.72900390625,2460.85302734375,2460.71337890625,2458.595458984375,2462.6845703125,2522.0,2282.0
91.75,2452.1669921875,2460.8935546875,2460.8935546875,2460.8935546875,2460.72900390625,2460.85302734375,2460.713623046875,2458.595458984375,2464.015380859375,2522.0,2282.0
92.0,2452.1669921875,2460.8935546875,2460.8935546875,2462.223388671875,2460.72900390625,2460.85302734375,2460.71337890625,2458.595947265625,2462.6845703125,2522.0,2282.0
92.25,2452.1669921875,2460.8935546875,2460.8935546875,2460.8935546875,2460.72900390625,2460.85302734375,2460.713623046875,2458.595458984375,2462.6845703125,2522.0,2282.0
92.5,2452.1669921875,2460.8935546875,2460.8935546875,2460.8935546875,2460.72900390625,2462.182861328125,2460.71337890625,2458.595458984375,2462.6845703125,2522.0,2282.0
92.75,2452.1669921875,2460.8935546875,2460.8935546875,2460.8935546875,2460.72900390625,2460.85302734375,2460.713623046875,2458.595458984375,2462.6845703125,2522.0,2282.0
93.0,2452.1669921875,2460.8935546875,2460.8935546875,2460.8935546875,2460.72900390625,2460.85302734375,2460.71337890625,2458.595458984375,2462.6845703125,2522.0,2282.0
93.25,2452.16748046875,2460.8935546875,2460.8935546875,2460.8935546875,2460.72900390625,2460.85302734375,2460.713623046875,2458.595458984375,2462.6845703125,2522.0,2282.0
93.5,2451.05615234375,2460.8935546875,2460.8935546875,2460.8935546875,2460.745849609375,2460.901611328125,2460.76171875,2458.5283203125,2462.782470703125,2522.0,2282.0
93.75,2451.056640625,2460.8935546875,2460.8935546875,2460.8935546875,2460.745849609375,2460.901611328125,2460.76171875,2458.5283203125,2464.11328125,2522.0,2282.0
94.0,2451.056640625,2460.8935546875,2460.8935546875,2460.8935546875,2460.745849609375,2460.901611328125,2460.76171875,2458.5283203125,2464.11328125,2522.0,2282.0
94.25,2451.056396484375,2460.8935546875,2460.8935546875,2462.223388671875,2460.74560546875,2460.901611328125,2460.76171875,2459.85693359375,2462.782470703125,2522.0,2282.0
94.5,2451.056396484375,2460.8935546875,2460.8935546875,2460.8935546875,2460.745849609375,2460.901611328125,2460.76171875,2458.5283203125,2462.782470703125,2522.0,2282.0
94.75,2451.056396484375,2460.8935546875,2460.8935546875,2460.8935546875,2460.745849609375,2462.2314453125,2460.76171875,2458.5283203125,2462.7822265625,2522.0,2282.0
95.0,2451.056396484375,2460.8935546875,2460.8935546875,2460.8935546875,2460.745849609375,2460.901611328125,2460.76171875,2458.529052734375,2462.781982421875,2522.0,2282.0
95.25,2451.056396484375,2460.8935546875,2460.8935546875,2460.8935546875,2460.74560546875,2460.901611328125,2460.761962890625,2458.5283203125,2462.782470703125,2522.0,2282.0
95.5,2450.435546875,2460.8935546875,2460.8935546875,2460.8935546875,2460.919677734375,2460.7568359375,2460.86962890625,2458.5283203125,2462.782470703125,2522.0,2282.0
95.75,2450.43505859375,2460.8935546875,2460.8935546875,2460.8935546875,2460.919677734375,2460.756591796875,2460.86962890625,2458.5283203125,2462.782470703125,2522.0,2282.0
96.0,2450.43505859375,2460.8935546875,2460.8935546875,2460.8935546875,2460.919677734375,2460.756591796875,2460.86962890625,2458.5283203125,2462.782470703125,2522.0,2282.0
96.25,2450.435302734375,2460.8935546875,2460.8935546875,2460.8935546875,2460.919677734375,2460.7568359375,2460.86962890625,2458.5283203125,2464.113525390625,2522.0,2282.0
96.5,2450.434814453125,2460.8935546875,2460.8935546875,2462.223388671875,2460.919677734375,2460.756591796875,2460.86962890625,2459.85693359375,2462.782470703125,2522.0,2282.0
96.75,2450.434814453125,2460.8935546875,2460.8935546875,2460.8935546875,2460.919677734375,2460.7568359375,2460.86962890625,2458.5283203125,2462.782470703125,2522.0,2282.0
97.0,2450.434814453125,2462.223388671875,2460.8935546875,2460.8935546875,2460.919677734375,2460.756591796875,2460.86962890625,2458.5283203125,2462.782470703125,2522.0,2282.0
97.25,2450.43505859375,2460.8935546875,2460.8935546875,2460.8935546875,2460.919677734375,2460.7568359375,2460.86962890625,2458.5283203125,2462.782470703125,2522.0,2282.0
97.5,2433.345947265625,2460.8935546875,2460.8935546875,2460.8935546875,2460.11767578125,2460.308349609375,2460.6806640625,2456.9248046875,2461.749755859375,2522.0,2282.0
97.75,2433.351806640625,2460.8935546875,2460.8935546875,2460.8935546875,2460.117919921875,2460.308349609375,2460.6806640625,2456.9248046875,2461.749755859375,2522.0,2282.0
98.0,2433.353271484375,2460.8935546875,2460.8935546875,2460.8935546875,2460.11767578125,2460.308349609375,2460.6806640625,2456.9248046875,2461.749755859375,2522.0,2282.0
98.25,2434.671630859375,2460.8935546875,2460.8935546875,2460.8935546875,2460.117919921875,2460.308349609375,2460.6806640625,2456.9248046875,2463.080078125,2522.0,2282.0
98.5,2433.352294921875,2460.8935546875,2460.8935546875,2460.8935546875,2460.11767578125,2460.308349609375,2460.6806640625,2456.9248046875,2461.749755859375,2522.0,2282.0
98.75,2433.35205078125,2460.8935546875,2460.8935546875,2462.223388671875,2460.117919921875,2460.308349609375,2460.680419921875,2456.9248046875,2461.749755859375,2522.0,2282.0
99.0,2433.351806640625,2460.8935546875,2460.8935546875,2460.8935546875,2460.11767578125,2460.308349609375,2460.6806640625,2456.9248046875,2461.749755859375,2522.0,2282.0
99.25,2433.352783203125,2460.8935546875,2460.8935546875,2460.8935546875,2460.117919921875,2461.637939453125,2460.680419921875,2456.925048828125,2461.749755859375,2522.0,2282.0
99.5,2435.734375,2460.8935546875,2460.8935546875,2460.8935546875,2459.9921875,2460.18408203125,2460.653564453125,2457.06689453125,2461.5068359375,2522.0,2282.0
99.75,2435.734619140625,2460.8935546875,2462.223388671875,2460.8935546875,2461.32177734375,2460.18408203125,2460.6533203125,2457.06689453125,2461.507080078125,2522.0,2282.0
100.0,2435.736083984375,2460.8935546875,2460.893310546875,2460.8935546875,2459.9921875,2460.18408203125,2460.653564453125,2457.06689453125,2461.507080078125,2522.0,2282.0
100.25,2435.734619140625,2460.8935546875,2460.8935546875,2460.8935546875,2459.992431640625,2460.18408203125,2460.6533203125,2457.06689453125,2462.837158203125,2522.0,2282.0
100.5,2435.734619140625,2460.8935546875,2460.8935546875,2460.8935546875,2459.9921875,2460.18408203125,2460.6533203125,2457.06689453125,2462.837158203125,2522.0,2282.0
100.75,2435.740234375,2460.8935546875,2460.8935546875,2460.8935546875,2459.992431640625,2460.18408203125,2460.6533203125,2457.06689453125,2461.5068359375,2522.0,2282.0
101.0,2435.734619140625,2460.8935546875,2460.8935546875,2460.8935546875,2459.992431640625,2460.18408203125,2461.983154296875,2458.395263671875,2461.5068359375,2522.0,2282.0
101.25,2435.736083984375,2462.223388671875,2460.8935546875,2460.8935546875,2459.992431640625,2461.513671875,2460.6533203125,2457.067138671875,2461.5068359375,2522.0,2282.0
101.5,2434.759033203125,2460.8935546875,2460.8935546875,2460.8935546875,2460.04052734375,2461.593994140625,2460.638427734375,2457.00634765625,2461.55810546875,2522.0,2282.0
101.75,2434.75732421875,2460.8935546875,2460.8935546875,2460.8935546875,2460.04052734375,2460.2646484375,2460.638427734375,2457.007568359375,2461.557861328125,2522.0,2282.0
102.0,2434.75732421875,2460.8935546875,2462.223388671875,2460.8935546875,2461.369873046875,2460.2646484375,2460.638427734375,2457.007568359375,2461.557861328125,2522.0,2282.0
102.25,2434.759033203125,2460.8935546875,2460.8935546875,2460.8935546875,2460.04052734375,2460.2646484375,2460.638427734375,2457.0078125,2461.557861328125,2522.0,2282.0
102.5,2434.7578125,2460.8935546875,2460.8935546875,2460.8935546875,2460.04052734375,2460.2646484375,2460.638427734375,2457.007568359375,2461.557861328125,2522.0,2282.0
102.75,2434.75732421875,2460.8935546875,2460.8935546875,2460.8935546875,2460.04052734375,2460.2646484375,2460.638427734375,2457.007568359375,2462.88818359375,2522.0,2282.0
103.0,2434.763427734375,2460.8935546875,2460.8935546875,2460.8935546875,2460.04052734375,2460.2646484375,2460.638427734375,2457.00830078125,2461.557861328125,2522.0,2282.0
103.25,2434.757568359375,2460.8935546875,2460.8935546875,2460.8935546875,2460.04052734375,2460.2646484375,2461.96826171875,2458.33544921875,2461.557861328125,2522.0,2282.0
103.5,2436.6142578125,2460.8935546875,2460.8935546875,2460.8935546875,2459.671142578125,2460.469970703125,2460.686279296875,2457.00927734375,2461.3955078125,2522.0,2282.0
103.75,2436.61328125,2460.8935546875,2460.8935546875,2460.8935546875,2459.671142578125,2460.469970703125,2460.686279296875,2457.0107421875,2461.395751953125,2522.0,2282.0
104.0,2436.613525390625,2460.8935546875,2460.8935546875,2460.8935546875,2459.671142578125,2460.469970703125,2460.686279296875,2457.00927734375,2461.3955078125,2522.0,2282.0
104.25,2436.61328125,2460.8935546875,2462.223388671875,2460.8935546875,2461.000244140625,2460.469970703125,2460.686279296875,2457.00927734375,2461.3955078125,2522.0,2282.0
104.5,2436.61328125,2460.8935546875,2460.8935546875,2460.8935546875,2459.671142578125,2460.469970703125,2460.686279296875,2457.00927734375,2461.3955078125,2522.0,2282.0
104.75,2436.61474609375,2460.8935546875,2460.8935546875,2460.8935546875,2459.671142578125,2460.469970703125,2460.686279296875,2457.00927734375,2461.3955078125,2522.0,2282.0
105.0,2436.61865234375,2460.8935546875,2460.8935546875,2460.8935546875,2459.671142578125,2460.469970703125,2460.686279296875,2457.00927734375,2462.725830078125,2522.0,2282.0
105.25,2436.613037109375,2460.8935546875,2460.8935546875,2462.223388671875,2459.671142578125,2460.469970703125,2462.01611328125,2457.009765625,2461.3955078125,2522.0,2282.0
105.5,2413.9140625,2460.8935546875,2460.8935546875,2460.8935546875,2459.081298828125,2459.9833984375,2461.470458984375,2454.630126953125,2460.58251953125,2522.0,2282.0
105.75,2413.914794921875,2462.223388671875,2460.8935546875,2460.8935546875,2459.081298828125,2461.312744140625,2460.140869140625,2454.626953125,2460.58251953125,2522.0,2282.0
106.0,2415.224609375,2460.8935546875,2460.8935546875,2460.8935546875,2459.081298828125,2461.312744140625,2460.14111328125,2454.630859375,2460.582763671875,2522.0,2282.0
106.25,2413.912109375,2460.8935546875,2460.8935546875,2460.8935546875,2459.081298828125,2459.9833984375,2460.14111328125,2454.628662109375,2460.582763671875,2522.0,2282.0
106.5,2413.911865234375,2460.8935546875,2460.8935546875,2460.8935546875,2459.081298828125,2459.9833984375,2460.14111328125,2454.62890625,2460.58251953125,2522.0,2282.0
106.75,2413.911865234375,2460.8935546875,2460.8935546875,2460.8935546875,2459.081298828125,2459.9833984375,2460.140869140625,2454.628662109375,2460.58251953125,2522.0,2282.0
107.0,2413.9130859375,2460.8935546875,2460.8935546875,2460.8935546875,2459.081298828125,2459.9833984375,2460.140869140625,2454.628662109375,2460.58251953125,2522.0,2282.0
107.25,2413.911865234375,2460.8935546875,2460.8935546875,2460.8935546875,2459.081298828125,2459.9833984375,2460.140869140625,2454.628662109375,2460.58251953125,2522.0,2282.0
107.5,2412.45947265625,2460.8935546875,2460.8935546875,2460.8935546875,2459.243408203125,2460.08203125,2460.081298828125,2454.32421875,2460.884765625,2522.0,2282.0
107.75,2412.458740234375,2460.8935546875,2460.8935546875,2460.8935546875,2459.243408203125,2460.08203125,2461.41064453125,2454.325927734375,2460.884765625,2522.0,2282.0
108.0,2412.461669921875,2462.223388671875,2460.8935546875,2460.8935546875,2459.243408203125,2461.41162109375,2460.081298828125,2454.322509765625,2460.884521484375,2522.0,2282.0
108.25,2413.770751953125,2460.8935546875,2460.8935546875,2460.8935546875,2459.243408203125,2461.41162109375,2460.081298828125,2454.326171875,2460.884765625,2522.0,2282.0
108.5,2412.458984375,2460.8935546875,2460.8935546875,2460.8935546875,2459.243408203125,2460.08203125,2460.081298828125,2454.32421875,2460.884765625,2522.0,2282.0
108.75,2412.458740234375,2460.8935546875,2462.223388671875,2460.8935546875,2460.572509765625,2460.08203125,2460.081298828125,2454.32421875,2460.884765625,2522.0,2282.0
109.0,2412.45849609375,2460.8935546875,2460.8935546875,2460.8935546875,2459.243408203125,2460.08203125,2460.081298828125,2454.32421875,2460.884765625,2522.0,2282.0
109.25,2412.460205078125,2460.8935546875,2460.8935546875,2460.8935546875,2459.243408203125,2460.08203125,2460.081298828125,2454.32421875,2462.214599609375,2522.0,2282.0
109.5,2413.739990234375,2460.8935546875,2460.8935546875,2460.8935546875,2459.375732421875,2459.990234375,2460.020263671875,2454.21337890625,2462.26953125,2522.0,2282.0
109.75,2413.738525390625,2460.8935546875,2460.8935546875,2460.8935546875,2459.375732421875,2459.989990234375,2460.020263671875,2454.21337890625,2460.93994140625,2522.0,2282.0
110.0,2413.741455078125,2460.8935546875,2460.8935546875,2460.8935546875,2459.375732421875,2459.990234375,2461.349609375,2454.215087890625,2460.939697265625,2522.0,2282.0
110.25,2413.738525390625,2462.223388671875,2460.8935546875,2460.8935546875,2459.375732421875,2461.3193359375,2460.020263671875,2454.211669921875,2460.93994140625,2522.0,2282.0
110.5,2415.0498046875,2460.8935546875,2460.8935546875,2460.8935546875,2459.375732421875,2459.990234375,2460.020263671875,2454.21337890625,2460.939697265625,2522.0,2282.0
110.75,2413.744384765625,2460.8935546875,2460.8935546875,2460.8935546875,2459.375732421875,2459.989990234375,2460.020263671875,2454.21337890625,2460.93994140625,2522.0,2282.0
111.0,2413.738525390625,2460.8935546875,2462.223388671875,2460.8935546875,2460.704833984375,2459.990234375,2460.020263671875,2454.21337890625,2460.93994140625,2522.0,2282.0
111.25,2413.738525390625,2460.8935546875,2460.8935546875,2460.8935546875,2459.375732421875,2459.989990234375,2460.020263671875,2454.21337890625,2460.93994140625,2522.0,2282.0
111.5,2412.014892578125,2460.8935546875,2460.8935546875,2460.8935546875,2459.40869140625,2460.021728515625,2459.9560546875,2454.43359375,2460.992431640625,2522.0,2282.0
111.75,2412.018798828125,2460.8935546875,2460.8935546875,2460.8935546875,2459.408447265625,2460.021728515625,2459.9560546875,2454.43359375,2462.322265625,2522.0,2282.0
112.0,2412.015380859375,2460.8935546875,2460.8935546875,2460.8935546875,2459.40869140625,2460.021728515625,2459.9560546875,2454.43359375,2460.992431640625,2522.0,2282.0
112.25,2412.015625,2460.8935546875,2460.8935546875,2460.8935546875,2459.408447265625,2460.021728515625,2459.9560546875,2455.760009765625,2460.992431640625,2522.0,2282.0
112.5,2412.015380859375,2462.223388671875,2460.8935546875,2460.8935546875,2459.40869140625,2461.351318359375,2459.9560546875,2454.431884765625,2460.992431640625,2522.0,2282.0
112.75,2413.31884765625,2460.8935546875,2460.8935546875,2460.8935546875,2459.408447265625,2460.021728515625,2459.9560546875,2454.43359375,2460.992431640625,2522.0,2282.0
113.0,2412.021484375,2460.8935546875,2460.8935546875,2460.8935546875,2459.40869140625,2460.021728515625,2459.9560546875,2454.433349609375,2460.9921875,2522.0,2282.0
113.25,2412.015380859375,2460.8935546875,2462.223388671875,2460.8935546875,2460.737548828125,2460.021728515625,2459.9560546875,2454.43359375,2460.992431640625,2522.0,2282.0
113.5,2412.998046875,2460.8935546875,2460.8935546875,2460.8935546875,2459.248291015625,2460.085205078125,2460.051513671875,2454.28515625,2461.119873046875,2522.0,2282.0
113.75,2413.000244140625,2460.8935546875,2460.8935546875,2460.8935546875,2459.248291015625,2460.085205078125,2460.051513671875,2454.28515625,2461.119873046875,2522.0,2282.0
114.0,2413.000732421875,2460.8935546875,2460.8935546875,2460.8935546875,2459.248046875,2460.085205078125,2460.051513671875,2454.28515625,2462.449951171875,2522.0,2282.0
114.25,2412.99853515625,2460.8935546875,2460.8935546875,2462.223388671875,2459.248291015625,2460.085205078125,2461.380859375,2454.28515625,2461.119873046875,2522.0,2282.0
114.5,2413.001220703125,2460.8935546875,2460.8935546875,2460.8935546875,2459.248291015625,2460.085205078125,2460.051513671875,2455.611328125,2461.119873046875,2522.0,2282.0
114.75,2414.310791015625,2460.8935546875,2460.8935546875,2460.8935546875,2459.248291015625,2460.085205078125,2460.051513671875,2454.286865234375,2461.1201171875,2522.0,2282.0
115.0,2412.999267578125,2460.8935546875,2460.8935546875,2460.8935546875,2459.248046875,2460.085205078125,2460.051513671875,2454.28515625,2461.119873046875,2522.0,2282.0
115.25,2412.998291015625,2460.8935546875,2462.223388671875,2460.8935546875,2460.5771484375,2460.085205078125,2460.051513671875,2454.28515625,2461.119873046875,2522.0,2282.0
115.5,2411.96630859375,2460.8935546875,2460.8935546875,2460.8935546875,2459.244384765625,2460.146240234375,2460.01708984375,2454.39599609375,2461.06494140625,2522.0,2282.0
115.75,2411.966064453125,2460.8935546875,2460.8935546875,2460.8935546875,2459.244384765625,2460.146240234375,2460.01708984375,2454.39599609375,2461.06494140625,2522.0,2282.0
116.0,2411.967529296875,2460.8935546875,2460.8935546875,2460.8935546875,2459.244384765625,2460.146240234375,2460.01708984375,2454.39599609375,2462.394775390625,2522.0,2282.0
116.25,2411.96630859375,2460.8935546875,2460.8935546875,2460.8935546875,2459.244384765625,2460.146240234375,2460.01708984375,2454.39599609375,2461.06494140625,2522.0,2282.0
116.5,2411.966064453125,2460.8935546875,2460.8935546875,2462.223388671875,2459.244384765625,2460.146240234375,2461.346435546875,2454.39599609375,2461.06494140625,2522.0,2282.0
116.75,2411.968994140625,2460.8935546875,2460.8935546875,2460.8935546875,2459.244384765625,2460.146240234375,2460.01708984375,2455.722412109375,2461.06494140625,2522.0,2282.0
117.0,2413.2783203125,2460.8935546875,2460.8935546875,2460.8935546875,2459.244384765625,2460.146240234375,2460.01708984375,2454.397705078125,2461.065185546875,2522.0,2282.0
117.25,2411.971923828125,2460.8935546875,2460.8935546875,2460.8935546875,2459.244384765625,2460.146240234375,2460.01708984375,2454.39599609375,2461.06494140625,2522.0,2282.0
117.5,2410.528564453125,2460.8935546875,2462.223388671875,2460.8935546875,2460.62939453125,2460.23291015625,2459.944580078125,2454.572509765625,2461.074462890625,2522.0,2282.0
117.75,2410.5283203125,2460.8935546875,2460.8935546875,2460.8935546875,2459.300537109375,2460.23291015625,2459.944580078125,2454.572509765625,2461.074462890625,2522.0,2282.0
118.0,2410.5283203125,2460.8935546875,2460.8935546875,2460.8935546875,2459.300537109375,2460.23291015625,2459.944580078125,2454.572509765625,2461.074462890625,2522.0,2282.0
118.25,2410.5302734375,2460.8935546875,2460.8935546875,2460.8935546875,2459.300537109375,2460.233154296875,2459.944580078125,2454.572509765625,2462.404541015625,2522.0,2282.0
118.5,2410.528564453125,2460.8935546875,2460.8935546875,2460.8935546875,2459.300537109375,2460.23291015625,2461.27392578125,2454.57421875,2461.07421875,2522.0,2282.0
118.75,2410.53125,2460.8935546875,2460.8935546875,2460.8935546875,2459.300537109375,2460.23291015625,2459.9443359375,2455.900634765625,2461.074462890625,2522.0,2282.0
119.0,2410.53125,2460.8935546875,2460.8935546875,2460.8935546875,2459.300537109375,2460.23291015625,2459.944580078125,2455.89892578125,2461.074462890625,2522.0,2282.0
119.25,2410.534912109375,2460.8935546875,2460.8935546875,2460.8935546875,2459.300537109375,2460.23291015625,2459.944580078125,2454.572509765625,2461.074462890625,2522.0,2282.0
119.5,2409.919677734375,2460.8935546875,2460.8935546875,2460.8935546875,2459.3349609375,2460.20458984375,2459.91552734375,2454.73486328125,2461.015380859375,2522.0,2282.0
119.75,2409.9130859375,2460.8935546875,2462.223388671875,2460.8935546875,2460.6640625,2460.20458984375,2459.91552734375,2454.73486328125,2461.015380859375,2522.0,2282.0
120.0,2409.9130859375,2460.8935546875,2460.8935546875,2460.8935546875,2459.3349609375,2460.20458984375,2459.91552734375,2454.73486328125,2461.015380859375,2522.0,2282.0
120.25,2409.91259765625,2460.8935546875,2460.8935546875,2460.8935546875,2459.3349609375,2460.20458984375,2459.91552734375,2454.73486328125,2461.015380859375,2522.0,2282.0
120.5,2409.914794921875,2460.8935546875,2460.8935546875,2460.8935546875,2459.3349609375,2460.20458984375,2459.91552734375,2454.73486328125,2462.345458984375,2522.0,2282.0
120.75,2409.913818359375,2460.8935546875,2460.8935546875,2462.223388671875,2459.3349609375,2460.20458984375,2459.91552734375,2454.73486328125,2461.015380859375,2522.0,2282.0
121.0,2409.9130859375,2460.8935546875,2460.8935546875,2462.223388671875,2459.3349609375,2460.20458984375,2461.244873046875,2454.73486328125,2461.015380859375,2522.0,2282.0
121.25,2409.915771484375,2460.8935546875,2460.8935546875,2460.8935546875,2459.3349609375,2460.20458984375,2459.91552734375,2456.061279296875,2461.015380859375,2522.0,2282.0
121.5,2410.3681640625,2462.223388671875,2460.8935546875,2460.8935546875,2459.355224609375,2461.585693359375,2459.935302734375,2454.747314453125,2461.084228515625,2522.0,2282.0
121.75,2409.0654296875,2460.8935546875,2460.8935546875,2460.8935546875,2459.355224609375,2460.256103515625,2459.93505859375,2454.7490234375,2461.083984375,2522.0,2282.0
122.0,2409.065185546875,2460.8935546875,2462.223388671875,2460.8935546875,2460.68408203125,2460.256103515625,2459.93505859375,2454.7490234375,2461.083984375,2522.0,2282.0
122.25,2409.065185546875,2460.8935546875,2460.8935546875,2460.8935546875,2459.355224609375,2460.256103515625,2459.93505859375,2454.748779296875,2461.083984375,2522.0,2282.0
122.5,2409.065185546875,2460.8935546875,2460.8935546875,2460.8935546875,2459.355224609375,2460.256103515625,2459.935302734375,2454.7490234375,2461.083984375,2522.0,2282.0
122.75,2409.0673828125,2460.8935546875,2460.8935546875,2460.8935546875,2459.355224609375,2460.256103515625,2459.93505859375,2454.748779296875,2461.083740234375,2522.0,2282.0
123.0,2409.06689453125,2460.8935546875,2460.8935546875,2460.8935546875,2459.355224609375,2460.256103515625,2459.93505859375,2454.7490234375,2462.413818359375,2522.0,2282.0
123.25,2409.06591796875,2460.8935546875,2460.8935546875,2462.223388671875,2459.355224609375,2460.256103515625,2461.264404296875,2456.076904296875,2461.083984375,2522.0,2282.0
123.5,2408.9619140625,2460.8935546875,2460.8935546875,2460.8935546875,2459.358154296875,2460.22802734375,2459.938232421875,2456.15673828125,2461.054443359375,2522.0,2282.0
123.75,2410.269287109375,2460.8935546875,2460.8935546875,2460.8935546875,2459.358154296875,2460.227783203125,2459.938232421875,2454.831787109375,2461.054443359375,2522.0,2282.0
124.0,2408.9658203125,2460.8935546875,2460.8935546875,2460.8935546875,2459.358154296875,2460.22802734375,2459.938232421875,2454.830078125,2461.054443359375,2522.0,2282.0
124.25,2408.95947265625,2460.8935546875,2462.223388671875,2460.8935546875,2460.687255859375,2460.227783203125,2459.938232421875,2454.830078125,2461.054443359375,2522.0,2282.0
124.5,2408.959228515625,2460.8935546875,2460.8935546875,2460.8935546875,2459.358154296875,2460.22802734375,2459.93798828125,2454.830078125,2461.054443359375,2522.0,2282.0
124.75,2408.958984375,2460.8935546875,2460.8935546875,2460.8935546875,2459.358154296875,2460.22802734375,2459.938232421875,2454.830078125,2461.054443359375,2522.0,2282.0
125.0,2408.958740234375,2460.8935546875,2460.8935546875,2460.8935546875,2459.358154296875,2460.22802734375,2459.93798828125,2454.830078125,2462.38427734375,2522.0,2282.0
125.25,2408.962158203125,2460.8935546875,2460.8935546875,2460.8935546875,2459.358154296875,2460.22802734375,2459.938232421875,2454.830078125,2461.054443359375,2522.0,2282.0
125.5,2408.9658203125,2460.8935546875,2460.8935546875,2462.223388671875,2459.3583984375,2460.195556640625,2461.299072265625,2454.64599609375,2461.091796875,2522.0,2282.0
125.75,2408.968505859375,2462.223388671875,2460.8935546875,2460.8935546875,2459.358154296875,2460.195556640625,2459.9697265625,2454.64599609375,2461.092041015625,2522.0,2282.0
126.0,2408.966796875,2462.223388671875,2460.8935546875,2460.8935546875,2459.3583984375,2461.52490234375,2459.9697265625,2454.644287109375,2461.092041015625,2522.0,2282.0
126.25,2408.972412109375,2460.8935546875,2460.8935546875,2460.8935546875,2459.358154296875,2460.195556640625,2459.9697265625,2454.645751953125,2461.092041015625,2522.0,2282.0
126.5,2408.966064453125,2460.8935546875,2462.223388671875,2460.8935546875,2460.687255859375,2460.195556640625,2459.9697265625,2454.64599609375,2461.092041015625,2522.0,2282.0
126.75,2408.965576171875,2460.8935546875,2460.8935546875,2460.8935546875,2459.3583984375,2460.195556640625,2459.9697265625,2454.64599609375,2461.092041015625,2522.0,2282.0
127.0,2408.965576171875,2460.8935546875,2460.8935546875,2460.8935546875,2459.3583984375,2460.195556640625,2459.9697265625,2454.64599609375,2461.092041015625,2522.0,2282.0
127.25,2408.96533203125,2460.8935546875,2460.8935546875,2460.8935546875,2459.358154296875,2460.195556640625,2459.9697265625,2454.64599609375,2462.421875,2522.0,2282.0
127.5,2410.82080078125,2460.8935546875,2460.8935546875,2460.8935546875,2459.27099609375,2460.236083984375,2459.9482421875,2454.366455078125,2461.09033203125,2522.0,2282.0
127.75,2410.81982421875,2460.8935546875,2460.8935546875,2460.8935546875,2459.27099609375,2460.236083984375,2459.9482421875,2455.692626953125,2461.090576171875,2522.0,2282.0
128.0,2410.81982421875,2460.8935546875,2460.8935546875,2460.8935546875,2459.27099609375,2460.236083984375,2459.9482421875,2455.692626953125,2461.09033203125,2522.0,2282.0
128.25,2412.128173828125,2460.8935546875,2460.8935546875,2460.8935546875,2459.27099609375,2460.236083984375,2459.9482421875,2454.3681640625,2461.090576171875,2522.0,2282.0
128.5,2410.8232421875,2460.8935546875,2460.8935546875,2460.8935546875,2459.27099609375,2460.236083984375,2459.9482421875,2454.366455078125,2461.090576171875,2522.0,2282.0
128.75,2410.81689453125,2460.8935546875,2460.8935546875,2460.8935546875,2459.27099609375,2460.236083984375,2459.9482421875,2454.366455078125,2461.090576171875,2522.0,2282.0
129.0,2410.81689453125,2460.8935546875,2462.223388671875,2460.8935546875,2460.599853515625,2460.236083984375,2459.9482421875,2454.3662109375,2461.09033203125,2522.0,2282.0
129.25,2410.81689453125,2460.8935546875,2460.8935546875,2460.8935546875,2459.27099609375,2460.236083984375,2459.9482421875,2454.366455078125,2461.090576171875,2522.0,2282.0
129.5,2410.32763671875,2460.8935546875,2460.8935546875,2460.8935546875,2459.277099609375,2460.2421875,2459.89013671875,2454.4990234375,2462.386962890625,2522.0,2282.0
129.75,2410.3291015625,2460.8935546875,2460.8935546875,2460.8935546875,2459.27685546875,2460.2421875,2459.89013671875,2454.4990234375,2461.05712890625,2522.0,2282.0
130.0,2410.32568359375,2460.8935546875,2460.8935546875,2460.8935546875,2459.27685546875,2460.2421875,2459.889892578125,2454.4990234375,2461.056884765625,2522.0,2282.0
130.25,2410.325927734375,2460.8935546875,2460.8935546875,2460.8935546875,2459.27685546875,2460.2421875,2459.89013671875,2454.500732421875,2461.056640625,2522.0,2282.0
130.5,2410.325927734375,2460.8935546875,2460.8935546875,2460.8935546875,2459.277099609375,2460.2421875,2459.89013671875,2454.4990234375,2461.056884765625,2522.0,2282.0
130.75,2410.32568359375,2460.8935546875,2460.8935546875,2460.8935546875,2459.277099609375,2460.2421875,2459.89013671875,2454.4990234375,2461.056884765625,2522.0,2282.0
131.0,2410.875732421875,2460.8935546875,2460.8935546875,2460.8935546875,2459.21240234375,2460.2421875,2459.95361328125,2454.469482421875,2461.08251953125,2522.0,2282.0
131.25,2410.8759765625,2460.8935546875,2460.8935546875,2460.8935546875,2459.21240234375,2460.241943359375,2459.953369140625,2454.46923828125,2461.080810546875,2522.0,2282.0
131.5,2410.874267578125,2460.8935546875,2460.8935546875,2460.8935546875,2459.21240234375,2460.241943359375,2459.953369140625,2454.469482421875,2462.412353515625,2522.0,2282.0
131.75,2410.872802734375,2460.8935546875,2460.8935546875,2460.8935546875,2459.21240234375,2460.241943359375,2459.953369140625,2454.469482421875,2461.08251953125,2522.0,2282.0
132.0,2410.879150390625,2460.8935546875,2460.8935546875,2460.8935546875,2459.21240234375,2460.241943359375,2459.953369140625,2454.469482421875,2461.08251953125,2522.0,2282.0
132.25,2410.87451171875,2460.8935546875,2460.8935546875,2460.8935546875,2459.21240234375,2460.241943359375,2459.95361328125,2454.469482421875,2462.412353515625,2522.0,2282.0
132.5,2411.125732421875,2460.8935546875,2460.8935546875,2460.8935546875,2459.2412109375,2460.175537109375,2460.013916015625,2454.477294921875,2461.035400390625,2522.0,2282.0
132.75,2411.13232421875,2460.8935546875,2460.8935546875,2460.8935546875,2459.2412109375,2460.175537109375,2460.013916015625,2454.477294921875,2461.035400390625,2522.0,2282.0
133.0,2411.1259765625,2462.223388671875,2460.8935546875,2460.8935546875,2459.2412109375,2460.175537109375,2460.013916015625,2454.477294921875,2461.035400390625,2522.0,2282.0
133.25,2411.1259765625,2460.8935546875,2460.8935546875,2460.8935546875,2459.2412109375,2460.175537109375,2461.34326171875,2455.8037109375,2461.035400390625,2522.0,2282.0
133.5,2411.126953125,2460.8935546875,2460.8935546875,2460.8935546875,2459.2412109375,2460.175537109375,2460.013916015625,2454.477294921875,2461.035400390625,2522.0,2282.0
133.75,2413.53662109375,2462.223388671875,2460.8935546875,2460.8935546875,2459.18408203125,2461.478515625,2460.0517578125,2454.38818359375,2460.949462890625,2522.0,2282.0
134.0,2412.232177734375,2460.8935546875,2460.8935546875,2460.8935546875,2459.18408203125,2461.478515625,2460.0517578125,2454.3916015625,2460.949462890625,2522.0,2282.0
134.25,2412.235107421875,2460.8935546875,2460.8935546875,2460.8935546875,2459.18408203125,2460.149169921875,2460.0517578125,2454.389892578125,2460.949462890625,2522.0,2282.0
134.5,2412.23193359375,2460.8935546875,2460.8935546875,2460.8935546875,2459.18408203125,2460.149169921875,2460.0517578125,2454.389892578125,2460.949462890625,2522.0,2282.0
134.75,2412.2451171875,2460.8935546875,2460.8935546875,2460.8935546875,2459.18408203125,2460.149169921875,2460.0517578125,2454.3916015625,2460.94921875,2522.0,2282.0
135.0,2411.193359375,2460.8935546875,2460.8935546875,2460.8935546875,2459.314208984375,2460.056884765625,2459.9912109375,2454.57421875,2460.911865234375,2522.0,2282.0
135.25,2411.193115234375,2460.8935546875,2460.8935546875,2460.8935546875,2459.314453125,2460.056884765625,2459.9912109375,2454.57421875,2460.911865234375,2522.0,2282.0
135.5,2411.193603515625,2460.8935546875,2460.8935546875,2460.8935546875,2459.314208984375,2460.056884765625,2459.9912109375,2454.575927734375,2460.91162109375,2522.0,2282.0
135.75,2411.193603515625,2460.8935546875,2460.8935546875,2460.8935546875,2459.314208984375,2460.056884765625,2459.9912109375,2454.57421875,2460.911865234375,2522.0,2282.0
136.0,2411.193115234375,2460.8935546875,2460.8935546875,2460.8935546875,2459.314208984375,2460.056884765625,2459.9912109375,2454.57421875,2460.911865234375,2522.0,2282.0
136.25,2412.50390625,2460.8935546875,2460.8935546875,2460.8935546875,2459.314453125,2460.056884765625,2459.9912109375,2454.573974609375,2460.911865234375,2522.0,2282.0
136.5,2409.942626953125,2460.8935546875,2460.8935546875,2460.8935546875,2459.3759765625,2460.086181640625,2459.924560546875,2454.728759765625,2460.89990234375,2522.0,2282.0
136.75,2409.94921875,2460.8935546875,2462.223388671875,2460.8935546875,2460.705078125,2460.08642578125,2459.92431640625,2454.728759765625,2460.89990234375,2522.0,2282.0
137.0,2411.25244140625,2460.8935546875,2460.8935546875,2460.8935546875,2459.3759765625,2460.086181640625,2459.92431640625,2454.728759765625,2460.89990234375,2522.0,2282.0
137.25,2409.942626953125,2460.8935546875,2460.8935546875,2460.8935546875,2459.3759765625,2460.086181640625,2459.92431640625,2454.728759765625,2460.89990234375,2522.0,2282.0
137.5,2411.252685546875,2460.8935546875,2460.8935546875,2460.8935546875,2459.3759765625,2460.086181640625,2459.92431640625,2454.728759765625,2460.89990234375,2522.0,2282.0
137.75,2433.777587890625,2460.8935546875,2460.8935546875,2460.8935546875,2460.041748046875,2460.458984375,2460.419189453125,2457.12451171875,2462.94873046875,2522.0,2282.0
138.0,2433.776123046875,2460.8935546875,2460.8935546875,2460.8935546875,2460.041748046875,2460.458984375,2460.419189453125,2457.12451171875,2462.94873046875,2522.0,2282.0
138.25,2433.77587890625,2460.8935546875,2460.893310546875,2460.8935546875,2460.04150390625,2460.458984375,2460.419189453125,2457.12451171875,2461.618408203125,2522.0,2282.0
138.5,2433.77587890625,2460.8935546875,2460.8935546875,2460.8935546875,2460.041748046875,2460.458984375,2460.419189453125,2457.12451171875,2461.618408203125,2522.0,2282.0
138.75,2433.77685546875,2462.223388671875,2460.8935546875,2460.8935546875,2460.041748046875,2460.458984375,2460.419189453125,2457.12451171875,2461.618408203125,2522.0,2282.0
139.0,2433.77783203125,2462.223388671875,2460.8935546875,2460.8935546875,2460.041748046875,2461.78857421875,2460.419189453125,2457.12451171875,2461.618408203125,2522.0,2282.0
139.25,2431.61376953125,2460.8935546875,2460.8935546875,2460.8935546875,2460.127685546875,2460.41552734375,2460.47119140625,2457.499755859375,2461.658447265625,2522.0,2282.0
139.5,2431.61279296875,2460.8935546875,2460.8935546875,2460.8935546875,2460.12744140625,2460.41552734375,2460.47119140625,2457.49853515625,2461.658935546875,2522.0,2282.0
139.75,2431.61962890625,2460.8935546875,2460.8935546875,2462.223388671875,2460.127685546875,2460.41552734375,2460.47119140625,2457.49853515625,2461.65869140625,2522.0,2282.0
140.0,2431.6123046875,2460.8935546875,2460.8935546875,2460.8935546875,2460.127685546875,2460.41552734375,2460.47119140625,2457.49853515625,2461.65869140625,2522.0,2282.0
140.25,2431.61279296875,2460.8935546875,2460.8935546875,2460.8935546875,2460.127685546875,2460.41552734375,2461.80078125,2457.49853515625,2461.65869140625,2522.0,2282.0
140.5,2433.486572265625,2460.8935546875,2460.8935546875,2460.8935546875,2460.037841796875,2460.389404296875,2460.54052734375,2457.219482421875,2461.657470703125,2522.0,2282.0
140.75,2433.487548828125,2462.223388671875,2460.8935546875,2460.8935546875,2460.037841796875,2460.389404296875,2460.54052734375,2457.219482421875,2461.6572265625,2522.0,2282.0
141.0,2433.487060546875,2460.8935546875,2460.8935546875,2462.223388671875,2460.037841796875,2460.389404296875,2461.8701171875,2457.22021484375,2461.6572265625,2522.0,2282.0
141.25,2433.48681640625,2460.8935546875,2462.223388671875,2460.8935546875,2461.3671875,2460.389404296875,2460.54052734375,2457.219482421875,2461.6572265625,2522.0,2282.0
141.5,2433.487060546875,2460.8935546875,2460.8935546875,2460.8935546875,2460.037841796875,2460.389404296875,2460.54052734375,2457.219482421875,2461.6572265625,2522.0,2282.0
141.75,2433.487060546875,2460.8935546875,2460.8935546875,2462.223388671875,2460.037841796875,2460.389404296875,2461.8701171875,2458.54736328125,2461.6572265625,2522.0,2282.0
142.0,2433.48681640625,2460.8935546875,2460.8935546875,2460.8935546875,2460.037841796875,2460.389404296875,2460.54052734375,2457.219482421875,2461.657470703125,2522.0,2282.0
142.25,2431.798583984375,2460.8935546875,2460.8935546875,2460.8935546875,2460.15380859375,2461.67529296875,2460.559814453125,2457.42529296875,2461.641357421875,2522.0,2282.0
142.5,2431.798095703125,2460.8935546875,2460.8935546875,2460.8935546875,2460.15380859375,2460.345703125,2460.559814453125,2457.42529296875,2461.641357421875,2522.0,2282.0
142.75,2431.798095703125,2460.8935546875,2460.8935546875,2460.8935546875,2460.153564453125,2460.345703125,2460.559814453125,2457.42529296875,2461.641357421875,2522.0,2282.0
143.0,2431.80517578125,2460.8935546875,2460.8935546875,2462.223388671875,2460.15380859375,2460.345703125,2460.559814453125,2457.42529296875,2461.641357421875,2522.0,2282.0
143.25,2431.80517578125,2460.8935546875,2460.8935546875,2462.223388671875,2460.153564453125,2460.345703125,2461.8896484375,2457.42578125,2461.641357421875,2522.0,2282.0
143.5,2433.546142578125,2460.8935546875,2460.8935546875,2460.8935546875,2460.136962890625,2460.360595703125,2460.4482421875,2457.35205078125,2461.623779296875,2522.0,2282.0
143.75,2432.23193359375,2460.8935546875,2460.8935546875,2460.8935546875,2460.136962890625,2460.360595703125,2460.448486328125,2457.35205078125,2461.6240234375,2522.0,2282.0
144.0,2432.23193359375,2460.8935546875,2460.8935546875,2460.8935546875,2460.136962890625,2460.360595703125,2460.4482421875,2457.353271484375,2461.62353515625,2522.0,2282.0
144.25,2432.231689453125,2460.8935546875,2460.8935546875,2460.8935546875,2460.136962890625,2460.360595703125,2460.4482421875,2457.35205078125,2461.623779296875,2522.0,2282.0
144.5,2432.231689453125,2460.8935546875,2460.8935546875,2460.8935546875,2460.136962890625,2460.360595703125,2460.4482421875,2457.35205078125,2461.623779296875,2522.0,2282.0
144.75,2432.231689453125,2460.8935546875,2460.8935546875,2460.8935546875,2460.136962890625,2460.360595703125,2460.4482421875,2457.35205078125,2462.9541015625,2522.0,2282.0
145.0,2431.68310546875,2460.8935546875,2460.8935546875,2460.8935546875,2460.27099609375,2460.1123046875,2460.516845703125,2457.36767578125,2462.860107421875,2522.0,2282.0
145.25,2431.68310546875,2460.8935546875,2460.8935546875,2460.8935546875,2460.271240234375,2460.1123046875,2460.516845703125,2457.36767578125,2461.530029296875,2522.0,2282.0
145.5,2431.68310546875,2460.8935546875,2460.8935546875,2460.8935546875,2460.271240234375,2460.1123046875,2460.516845703125,2457.369140625,2461.52978515625,2522.0,2282.0
145.75,2431.68408203125,2460.8935546875,2460.8935546875,2460.8935546875,2460.27099609375,2460.1123046875,2460.516845703125,2457.369140625,2461.52978515625,2522.0,2282.0
146.0,2431.684326171875,2460.8935546875,2460.8935546875,2460.8935546875,2460.27099609375,2460.1123046875,2460.516845703125,2457.36767578125,2461.52978515625,2522.0,2282.0
146.25,2431.684814453125,2460.8935546875,2460.8935546875,2460.8935546875,2460.271240234375,2460.1123046875,2460.516845703125,2457.36767578125,2461.52978515625,2522.0,2282.0
146.5,2435.685302734375,2460.8935546875,2460.8935546875,2460.8935546875,2459.978759765625,2459.978759765625,2460.734375,2457.3037109375,2461.30322265625,2522.0,2282.0
146.75,2435.6845703125,2460.8935546875,2460.8935546875,2460.8935546875,2459.97900390625,2459.978759765625,2460.734375,2457.303955078125,2461.30322265625,2522.0,2282.0
147.0,2435.684326171875,2460.8935546875,2460.8935546875,2460.8935546875,2459.978759765625,2461.30810546875,2460.734375,2457.303955078125,2461.302978515625,2522.0,2282.0
147.25,2435.684814453125,2462.223388671875,2460.8935546875,2460.8935546875,2459.978759765625,2461.30810546875,2460.734375,2457.303955078125,2461.30322265625,2522.0,2282.0
147.5,2435.6845703125,2460.8935546875,2460.8935546875,2460.8935546875,2459.978759765625,2459.978759765625,2460.734375,2457.303955078125,2461.30322265625,2522.0,2282.0
147.75,2434.73291015625,2462.223388671875,2460.8935546875,2460.8935546875,2460.009521484375,2459.914794921875,2460.76611328125,2457.25244140625,2461.30712890625,2522.0,2282.0
148.0,2434.732666015625,2460.8935546875,2460.8935546875,2460.8935546875,2460.009521484375,2459.914794921875,2460.766357421875,2457.25244140625,2461.30712890625,2522.0,2282.0
148.25,2434.73193359375,2460.8935546875,2462.223388671875,2460.8935546875,2461.3388671875,2459.914794921875,2460.766357421875,2457.25244140625,2461.30712890625,2522.0,2282.0
148.5,2434.73193359375,2460.8935546875,2460.8935546875,2460.8935546875,2460.009521484375,2459.914794921875,2460.76611328125,2457.25244140625,2461.30712890625,2522.0,2282.0
148.75,2434.73193359375,2460.8935546875,2460.8935546875,2460.8935546875,2460.009521484375,2459.914794921875,2460.766357421875,2457.25244140625,2461.30712890625,2522.0,2282.0
149.0,2434.73193359375,2460.8935546875,2460.8935546875,2460.8935546875,2460.009521484375,2459.914794921875,2460.766357421875,2457.25244140625,2461.30712890625,2522.0,2282.0
149.25,2435.196533203125,2460.8935546875,2462.223388671875,2460.8935546875,2461.2861328125,2459.861328125,2461.030029296875,2457.062255859375,2461.229248046875,2522.0,2282.0
149.5,2436.515625,2460.8935546875,2460.8935546875,2462.223388671875,2459.956787109375,2459.861328125,2462.360107421875,2457.062255859375,2461.22900390625,2522.0,2282.0
149.75,2435.196533203125,2460.8935546875,2460.8935546875,2460.8935546875,2459.956787109375,2459.861328125,2461.030029296875,2457.062255859375,2461.229248046875,2522.0,2282.0
150.0,2435.196533203125,2460.8935546875,2462.223388671875,2460.8935546875,2461.2861328125,2459.861328125,2461.030029296875,2457.0625,2461.229248046875,2522.0,2282.0
150.25,2435.19775390625,2460.8935546875,2460.8935546875,2460.8935546875,2459.956787109375,2459.861328125,2461.030029296875,2457.062255859375,2461.229248046875,2522.0,2282.0
150.5,2435.202880859375,2460.8935546875,2460.8935546875,2460.8935546875,2459.956787109375,2459.861328125,2462.35986328125,2457.062744140625,2461.22900390625,2522.0,2282.0
150.75,2435.196533203125,2460.8935546875,2460.8935546875,2460.8935546875,2459.956787109375,2459.861328125,2461.030029296875,2457.062255859375,2461.22900390625,2522.0,2282.0
151.0,2433.78125,2460.8935546875,2460.8935546875,2460.8935546875,2459.851318359375,2459.916259765625,2461.14794921875,2456.93603515625,2462.708251953125,2522.0,2282.0
151.25,2433.78125,2460.8935546875,2460.8935546875,2460.8935546875,2459.851318359375,2459.916259765625,2461.147705078125,2456.93603515625,2462.708251953125,2522.0,2282.0
151.5,2433.781005859375,2460.8935546875,2460.8935546875,2460.8935546875,2459.8515625,2459.916259765625,2461.14794921875,2456.93603515625,2461.3779296875,2522.0,2282.0
151.75,2433.7880859375,2460.8935546875,2460.8935546875,2462.223388671875,2459.851318359375,2459.916259765625,2462.477783203125,2458.263671875,2461.3779296875,2522.0,2282.0
152.0,2433.781494140625,2460.8935546875,2460.8935546875,2460.8935546875,2459.8515625,2459.916259765625,2461.14794921875,2456.93603515625,2461.3779296875,2522.0,2282.0
152.25,2434.507080078125,2460.8935546875,2460.8935546875,2460.8935546875,2459.988525390625,2459.57470703125,2461.282470703125,2456.995361328125,2461.326904296875,2522.0,2282.0
152.5,2434.50732421875,2460.8935546875,2460.8935546875,2460.8935546875,2459.988525390625,2459.57470703125,2461.28271484375,2456.9951171875,2462.6572265625,2522.0,2282.0
152.75,2434.508544921875,2460.8935546875,2460.8935546875,2460.8935546875,2459.98876953125,2460.90380859375,2461.28271484375,2456.995361328125,2461.3271484375,2522.0,2282.0
153.0,2434.50830078125,2460.8935546875,2460.8935546875,2460.8935546875,2459.98876953125,2459.57470703125,2461.28271484375,2456.996826171875,2461.3271484375,2522.0,2282.0
153.25,2434.507080078125,2460.8935546875,2460.8935546875,2460.8935546875,2459.988525390625,2459.57470703125,2461.28271484375,2456.9951171875,2461.326904296875,2522.0,2282.0
153.5,2434.50830078125,2462.223388671875,2460.8935546875,2460.8935546875,2459.98876953125,2460.90380859375,2461.28271484375,2456.995361328125,2461.3271484375,2522.0,2282.0
153.75,2436.33837890625,2460.8935546875,2460.8935546875,2460.8935546875,2460.097412109375,2460.691650390625,2461.294189453125,2456.5400390625,2461.316162109375,2522.0,2282.0
154.0,2436.337890625,2460.8935546875,2460.8935546875,2460.8935546875,2460.097412109375,2459.362548828125,2461.294189453125,2456.5400390625,2461.316162109375,2522.0,2282.0
154.25,2436.33837890625,2462.223388671875,2460.8935546875,2460.8935546875,2460.097412109375,2459.362548828125,2461.294189453125,2456.5400390625,2461.316162109375,2522.0,2282.0
154.5,2436.343994140625,2460.8935546875,2460.8935546875,2460.8935546875,2460.097412109375,2459.362548828125,2461.294189453125,2456.5400390625,2461.316162109375,2522.0,2282.0
154.75,2436.337646484375,2460.8935546875,2460.8935546875,2460.8935546875,2460.097412109375,2459.362548828125,2461.294189453125,2456.5400390625,2461.316162109375,2522.0,2282.0
155.0,2439.3154296875,2460.8935546875,2460.8935546875,2460.8935546875,2460.1796875,2459.2841796875,2461.154052734375,2456.43701171875,2461.323974609375,2522.0,2282.0
155.25,2439.317138671875,2460.8935546875,2460.8935546875,2460.8935546875,2460.1796875,2459.2841796875,2461.154052734375,2457.7646484375,2461.323974609375,2522.0,2282.0
155.5,2439.3154296875,2460.8935546875,2460.8935546875,2460.8935546875,2460.1796875,2459.2841796875,2461.154052734375,2456.43701171875,2461.323974609375,2522.0,2282.0
155.75,2439.3154296875,2460.8935546875,2460.8935546875,2460.8935546875,2460.179931640625,2459.284423828125,2461.154052734375,2456.437255859375,2461.323974609375,2522.0,2282.0
156.0,2439.3154296875,2460.8935546875,2460.8935546875,2460.8935546875,2460.1796875,2459.2841796875,2461.154052734375,2456.43701171875,2462.654052734375,2522.0,2282.0
156.25,2439.3154296875,2460.8935546875,2460.8935546875,2460.8935546875,2460.1796875,2459.2841796875,2461.154052734375,2456.43701171875,2461.323974609375,2522.0,2282.0
156.5,2439.315185546875,2462.223388671875,2460.8935546875,2460.8935546875,2460.1796875,2460.61328125,2461.154052734375,2456.437255859375,2461.323974609375,2522.0,2282.0
156.75,2429.81787109375,2460.8935546875,2460.8935546875,2460.8935546875,2459.99755859375,2460.75048828125,2460.880615234375,2456.1220703125,2461.232666015625,2522.0,2282.0
157.0,2429.822509765625,2462.223388671875,2460.8935546875,2460.8935546875,2459.99755859375,2459.42138671875,2460.880615234375,2456.1220703125,2461.232666015625,2522.0,2282.0
157.25,2429.817626953125,2460.8935546875,2460.8935546875,2460.8935546875,2459.99755859375,2459.42138671875,2460.88037109375,2456.123779296875,2461.232666015625,2522.0,2282.0
157.5,2429.8173828125,2460.8935546875,2460.8935546875,2460.8935546875,2459.99755859375,2459.42138671875,2460.880615234375,2456.1220703125,2461.232666015625,2522.0,2282.0
157.75,2429.818603515625,2460.8935546875,2460.8935546875,2460.8935546875,2459.99755859375,2459.42138671875,2460.880615234375,2456.123779296875,2461.232421875,2522.0,2282.0
158.0,2429.8173828125,2460.8935546875,2460.8935546875,2460.8935546875,2459.99755859375,2459.42138671875,2460.88037109375,2456.1220703125,2461.232666015625,2522.0,2282.0
158.25,2442.944091796875,2460.8935546875,2460.8935546875,2460.8935546875,2460.41162109375,2459.83447265625,2461.286865234375,2457.29736328125,2463.282958984375,2522.0,2282.0
158.5,2444.264404296875,2460.8935546875,2460.8935546875,2460.8935546875,2460.41162109375,2459.83447265625,2461.287109375,2457.297119140625,2461.952392578125,2522.0,2282.0
158.75,2442.947265625,2460.8935546875,2460.8935546875,2460.8935546875,2460.41162109375,2459.83447265625,2461.286865234375,2457.297119140625,2461.952392578125,2522.0,2282.0
159.0,2444.26416015625,2460.8935546875,2460.8935546875,2460.8935546875,2460.41162109375,2459.83447265625,2461.286865234375,2457.297119140625,2461.952392578125,2522.0,2282.0
159.25,2442.944091796875,2460.8935546875,2460.8935546875,2460.8935546875,2460.41162109375,2459.83447265625,2461.286865234375,2457.297119140625,2461.952392578125,2522.0,2282.0
159.5,2442.944091796875,2460.8935546875,2460.8935546875,2460.8935546875,2460.41162109375,2459.83447265625,2461.286865234375,2457.297119140625,2463.28271484375,2522.0,2282.0
159.75,2445.274658203125,2460.8935546875,2460.8935546875,2460.8935546875,2460.084716796875,2459.890869140625,2461.374267578125,2457.0322265625,2462.019287109375,2522.0,2282.0
160.0,2445.276123046875,2460.8935546875,2460.8935546875,2460.8935546875,2460.08447265625,2459.890869140625,2461.374267578125,2457.0322265625,2462.01953125,2522.0,2282.0
160.25,2445.274658203125,2460.8935546875,2460.8935546875,2462.223388671875,2460.08447265625,2459.890625,2462.704345703125,2457.032958984375,2462.019287109375,2522.0,2282.0
160.5,2445.27490234375,2460.8935546875,2460.8935546875,2460.8935546875,2460.084716796875,2459.890869140625,2461.37451171875,2457.0322265625,2462.01953125,2522.0,2282.0
160.75,2446.59619140625,2460.8935546875,2460.8935546875,2460.8935546875,2460.084716796875,2459.890869140625,2461.374267578125,2457.0322265625,2462.01953125,2522.0,2282.0
161.0,2442.786376953125,2460.8935546875,2460.8935546875,2460.8935546875,2460.5,2459.63720703125,2461.215087890625,2457.37841796875,2461.923095703125,2522.0,2282.0
161.25,2442.786376953125,2460.8935546875,2460.8935546875,2460.8935546875,2460.5,2459.63720703125,2461.21533203125,2457.378173828125,2461.923095703125,2522.0,2282.0
161.5,2442.786376953125,2460.8935546875,2460.8935546875,2460.8935546875,2460.5,2459.63720703125,2461.215087890625,2457.37841796875,2461.923095703125,2522.0,2282.0
161.75,2442.78662109375,2460.8935546875,2460.8935546875,2460.8935546875,2460.5,2459.63720703125,2461.21533203125,2457.37939453125,2461.9228515625,2522.0,2282.0
162.0,2444.10986328125,2460.8935546875,2460.8935546875,2460.8935546875,2460.499755859375,2459.63720703125,2461.21533203125,2457.37841796875,2461.923095703125,2522.0,2282.0
162.25,2442.786376953125,2460.8935546875,2460.8935546875,2460.8935546875,2460.499755859375,2459.63720703125,2461.215087890625,2457.378173828125,2461.923095703125,2522.0,2282.0
162.5,2441.956787109375,2460.8935546875,2460.8935546875,2460.8935546875,2460.474365234375,2459.642333984375,2461.189697265625,2457.981201171875,2461.806640625,2522.0,2282.0
162.75,2441.956298828125,2460.8935546875,2460.8935546875,2460.8935546875,2460.474365234375,2460.971435546875,2461.189697265625,2457.9814453125,2461.806396484375,2522.0,2282.0
163.0,2441.95654296875,2462.223388671875,2460.8935546875,2460.8935546875,2460.474365234375,2460.971435546875,2461.189697265625,2457.9814453125,2461.806396484375,2522.0,2282.0
163.25,2441.956787109375,2460.8935546875,2460.8935546875,2462.223388671875,2460.474365234375,2459.642333984375,2462.519775390625,2457.9814453125,2461.806640625,2522.0,2282.0
163.5,2441.956787109375,2460.8935546875,2460.8935546875,2460.8935546875,2460.474365234375,2459.642333984375,2461.189697265625,2457.981689453125,2461.806640625,2522.0,2282.0
163.75,2443.100830078125,2460.8935546875,2460.8935546875,2460.8935546875,2460.372314453125,2459.66845703125,2461.310302734375,2457.60888671875,2461.765869140625,2522.0,2282.0
164.0,2443.100341796875,2462.223388671875,2460.8935546875,2460.8935546875,2460.372314453125,2459.66845703125,2461.310302734375,2457.607421875,2461.76611328125,2522.0,2282.0
164.25,2443.10009765625,2460.8935546875,2460.8935546875,2460.8935546875,2460.372314453125,2459.66845703125,2461.310302734375,2457.607421875,2461.76611328125,2522.0,2282.0
164.5,2443.10009765625,2460.8935546875,2460.8935546875,2460.8935546875,2460.372314453125,2459.66845703125,2461.310302734375,2457.607421875,2461.76611328125,2522.0,2282.0
164.75,2443.100341796875,2460.8935546875,2460.8935546875,2460.8935546875,2460.372314453125,2459.66845703125,2461.310302734375,2457.607421875,2461.76611328125,2522.0,2282.0
165.0,2444.420166015625,2460.8935546875,2460.8935546875,2460.8935546875,2460.372314453125,2459.66845703125,2461.310302734375,2457.607421875,2461.76611328125,2522.0,2282.0
165.25,2441.971435546875,2460.8935546875,2460.8935546875,2460.8935546875,2460.4560546875,2460.038818359375,2460.950927734375,2457.4716796875,2462.124267578125,2522.0,2282.0
165.5,2441.971435546875,2460.8935546875,2460.8935546875,2462.223388671875,2460.455810546875,2460.038818359375,2462.28076171875,2457.47216796875,2462.124267578125,2522.0,2282.0
165.75,2441.97216796875,2460.8935546875,2460.8935546875,2460.8935546875,2460.4560546875,2461.3681640625,2460.950927734375,2457.4716796875,2462.1240234375,2522.0,2282.0
166.0,2441.971923828125,2460.8935546875,2460.8935546875,2460.8935546875,2460.4560546875,2460.038818359375,2460.950927734375,2457.471435546875,2462.124267578125,2522.0,2282.0
166.25,2441.97119140625,2460.8935546875,2460.8935546875,2460.8935546875,2460.4560546875,2460.038818359375,2460.950927734375,2457.4716796875,2462.124267578125,2522.0,2282.0
166.5,2441.971923828125,2460.8935546875,2460.8935546875,2460.8935546875,2460.4560546875,2460.038818359375,2460.950927734375,2457.47265625,2462.1240234375,2522.0,2282.0
166.75,2441.806640625,2460.8935546875,2460.8935546875,2460.8935546875,2460.5029296875,2459.927490234375,2460.90234375,2459.01318359375,2462.061279296875,2522.0,2282.0
167.0,2441.806640625,2460.8935546875,2460.8935546875,2462.223388671875,2460.5029296875,2459.927490234375,2462.232177734375,2459.013671875,2462.061279296875,2522.0,2282.0
167.25,2441.806640625,2460.8935546875,2460.8935546875,2460.8935546875,2460.5029296875,2461.2568359375,2460.90234375,2457.68505859375,2462.06103515625,2522.0,2282.0
167.5,2441.806640625,2460.8935546875,2460.8935546875,2460.8935546875,2460.503173828125,2459.927490234375,2460.90234375,2459.01318359375,2462.061279296875,2522.0,2282.0
167.75,2441.805908203125,2460.8935546875,2460.8935546875,2460.8935546875,2460.503173828125,2459.927490234375,2460.90234375,2457.686279296875,2462.060791015625,2522.0,2282.0
168.0,2439.16748046875,2460.8935546875,2460.8935546875,2462.223388671875,2460.76416015625,2459.996337890625,2462.10986328125,2457.721435546875,2462.151123046875,2522.0,2282.0
168.25,2439.171630859375,2460.8935546875,2460.8935546875,2460.8935546875,2460.76416015625,2459.996337890625,2460.780029296875,2457.720703125,2462.151123046875,2522.0,2282.0
168.5,2439.16748046875,2460.8935546875,2460.8935546875,2462.223388671875,2460.76416015625,2459.996337890625,2462.10986328125,2457.721435546875,2462.151123046875,2522.0,2282.0
168.75,2439.171630859375,2460.8935546875,2460.8935546875,2460.8935546875,2460.76416015625,2459.996337890625,2460.780029296875,2457.720703125,2462.151123046875,2522.0,2282.0
169.0,2439.16748046875,2460.8935546875,2460.8935546875,2460.8935546875,2460.76416015625,2459.996337890625,2460.780029296875,2457.720947265625,2462.151123046875,2522.0,2282.0
169.25,2439.168701171875,2460.8935546875,2460.8935546875,2460.8935546875,2460.76416015625,2459.996337890625,2460.780029296875,2457.720703125,2462.151123046875,2522.0,2282.0
169.5,2440.485595703125,2460.8935546875,2460.8935546875,2460.8935546875,2460.76416015625,2459.996337890625,2460.780029296875,2457.720947265625,2462.151123046875,2522.0,2282.0
169.75,2437.086669921875,2460.8935546875,2460.8935546875,2460.8935546875,2460.7021484375,2460.284912109375,2460.781982421875,2457.48974609375,2462.47021484375,2522.0,2282.0
170.0,2437.085693359375,2460.8935546875,2460.8935546875,2460.8935546875,2460.7021484375,2460.284912109375,2460.781982421875,2457.48974609375,2462.469970703125,2522.0,2282.0
170.25,2438.4052734375,2460.8935546875,2460.8935546875,2460.8935546875,2460.7021484375,2460.284912109375,2460.781982421875,2457.48974609375,2462.47021484375,2522.0,2282.0
170.5,2437.087158203125,2462.223388671875,2460.8935546875,2460.8935546875,2460.7021484375,2461.6142578125,2460.781982421875,2457.48974609375,2462.47021484375,2522.0,2282.0
170.75,2437.08642578125,2460.8935546875,2460.8935546875,2460.8935546875,2460.7021484375,2460.284912109375,2460.781982421875,2457.48974609375,2462.47021484375,2522.0,2282.0
171.0,2434.9033203125,2460.8935546875,2460.8935546875,2460.8935546875,2460.764892578125,2460.507080078125,2460.7490234375,2457.6806640625,2462.547607421875,2522.0,2282.0
171.25,2434.903564453125,2460.8935546875,2460.8935546875,2460.8935546875,2460.764892578125,2460.507080078125,2460.7490234375,2457.6806640625,2462.547607421875,2522.0,2282.0
171.5,2434.902099609375,2460.8935546875,2460.8935546875,2460.8935546875,2460.764892578125,2460.507080078125,2460.7490234375,2457.680419921875,2462.5478515625,2522.0,2282.0
171.75,2434.902099609375,2460.8935546875,2460.8935546875,2460.8935546875,2460.764892578125,2460.507080078125,2460.7490234375,2457.6796875,2463.878662109375,2522.0,2282.0
172.0,2434.903076171875,2460.8935546875,2460.8935546875,2460.8935546875,2460.764892578125,2460.507080078125,2460.7490234375,2457.6806640625,2462.547607421875,2522.0,2282.0
172.25,2434.902099609375,2460.8935546875,2460.8935546875,2460.8935546875,2460.764892578125,2460.507080078125,2460.7490234375,2457.6796875,2463.878662109375,2522.0,2282.0
172.5,2436.885498046875,2460.8935546875,2460.8935546875,2460.8935546875,2460.615234375,2460.45361328125,2460.633056640625,2458.064208984375,2462.378662109375,2522.0,2282.0
172.75,2436.886474609375,2462.223388671875,2460.8935546875,2460.8935546875,2460.615234375,2461.783203125,2460.633056640625,2458.063232421875,2462.379150390625,2522.0,2282.0
173.0,2436.885498046875,2460.8935546875,2460.8935546875,2460.8935546875,2460.615234375,2460.45361328125,2460.633056640625,2458.063232421875,2462.379150390625,2522.0,2282.0
173.25,2436.885498046875,2460.8935546875,2460.8935546875,2460.8935546875,2460.615234375,2460.45361328125,2460.633056640625,2458.063232421875,2463.709716796875,2522.0,2282.0
173.5,2436.885498046875,2460.8935546875,2460.8935546875,2460.8935546875,2460.615234375,2460.45361328125,2460.633056640625,2458.063232421875,2462.379150390625,2522.0,2282.0
173.75,2436.885498046875,2460.8935546875,2460.8935546875,2460.8935546875,2460.615234375,2460.45361328125,2460.633056640625,2458.063232421875,2462.37890625,2522.0,2282.0
174.0,2436.890625,2460.8935546875,2460.8935546875,2460.8935546875,2460.615234375,2460.45361328125,2460.633056640625,2458.063232421875,2462.379150390625,2522.0,2282.0
174.25,2439.153564453125,2460.8935546875,2460.8935546875,2460.8935546875,2460.671142578125,2460.06396484375,2460.782958984375,2458.0166015625,2462.058349609375,2522.0,2282.0
174.5,2439.154296875,2462.223388671875,2460.8935546875,2460.8935546875,2460.671142578125,2460.06396484375,2460.782958984375,2458.015380859375,2462.05859375,2522.0,2282.0
174.75,2440.474609375,2460.8935546875,2460.8935546875,2460.8935546875,2460.671142578125,2460.06396484375,2460.782958984375,2458.015380859375,2463.38916015625,2522.0,2282.0
175.0,2439.15380859375,2460.8935546875,2460.8935546875,2460.8935546875,2460.671142578125,2460.06396484375,2460.782958984375,2458.015869140625,2462.05859375,2522.0,2282.0
175.25,2373.69921875,2460.8935546875,2460.8935546875,2460.8935546875,2458.539306640625,2459.181884765625,2459.571044921875,2451.30029296875,2459.770751953125,2522.0,2282.0
175.5,2372.420654296875,2460.8935546875,2460.8935546875,2460.8935546875,2458.539306640625,2459.181884765625,2459.571044921875,2451.30029296875,2459.770751953125,2522.0,2282.0
175.75,2372.41552734375,2460.8935546875,2460.8935546875,2460.8935546875,2458.539306640625,2459.181884765625,2459.5712890625,2451.30029296875,2459.77099609375,2522.0,2282.0
176.0,2373.69873046875,2460.8935546875,2460.8935546875,2460.8935546875,2458.539306640625,2459.181884765625,2459.571044921875,2451.30029296875,2459.770751953125,2522.0,2282.0
176.25,2372.415283203125,2460.8935546875,2460.8935546875,2460.8935546875,2458.539306640625,2459.181884765625,2459.571044921875,2451.30029296875,2459.770751953125,2522.0,2282.0
176.5,2372.96875,2460.8935546875,2460.8935546875,2460.8935546875,2458.3212890625,2459.359375,2459.653564453125,2452.641845703125,2459.83935546875,2522.0,2282.0
176.75,2372.973388671875,2460.8935546875,2460.8935546875,2460.8935546875,2458.3212890625,2459.359619140625,2459.653564453125,2451.314453125,2459.839599609375,2522.0,2282.0
177.0,2372.96826171875,2460.8935546875,2460.8935546875,2460.8935546875,2458.3212890625,2459.359375,2459.653564453125,2451.314453125,2459.839599609375,2522.0,2282.0
177.25,2372.968017578125,2460.8935546875,2460.8935546875,2460.8935546875,2458.3212890625,2459.359375,2459.653564453125,2451.314453125,2459.839599609375,2522.0,2282.0
177.5,2372.973388671875,2460.8935546875,2460.8935546875,2460.8935546875,2458.3212890625,2459.359375,2459.653564453125,2451.314453125,2459.83935546875,2522.0,2282.0
177.75,2372.968017578125,2460.8935546875,2460.8935546875,2460.8935546875,2458.3212890625,2459.359375,2459.653564453125,2451.314453125,2459.83935546875,2522.0,2282.0
178.0,2374.510498046875,2460.8935546875,2460.8935546875,2460.8935546875,2458.1123046875,2459.250244140625,2459.8310546875,2451.5380859375,2460.8955078125,2522.0,2282.0
178.25,2349.67529296875,2460.8935546875,2462.223388671875,2460.8935546875,2457.255859375,2459.20458984375,2459.3779296875,2449.073486328125,2458.7314453125,2522.0,2282.0
178.5,2349.68505859375,2462.223388671875,2460.8935546875,2460.8935546875,2457.255859375,2459.20458984375,2459.3779296875,2450.39697265625,2458.732177734375,2522.0,2282.0
178.75,2349.673095703125,2460.8935546875,2460.8935546875,2460.8935546875,2457.255859375,2459.20458984375,2459.3779296875,2449.073486328125,2458.731201171875,2522.0,2282.0
179.0,2349.676513671875,2460.8935546875,2460.8935546875,2460.8935546875,2457.255859375,2459.20458984375,2459.3779296875,2449.073486328125,2458.731201171875,2522.0,2282.0
179.25,2363.390625,2460.8935546875,2460.8935546875,2460.8935546875,2457.58642578125,2459.345703125,2459.515625,2449.771484375,2459.14404296875,2522.0,2282.0
179.5,2364.665771484375,2460.8935546875,2460.8935546875,2460.8935546875,2457.586181640625,2459.345703125,2459.515625,2449.771484375,2459.143798828125,2522.0,2282.0
179.75,2363.38525390625,2462.223388671875,2460.8935546875,2460.8935546875,2457.586181640625,2459.345703125,2459.515625,2451.09521484375,2459.144287109375,2522.0,2282.0
180.0,2363.385498046875,2460.8935546875,2460.8935546875,2460.8935546875,2458.914306640625,2459.345703125,2459.515625,2449.771484375,2459.143798828125,2522.0,2282.0
180.25,2363.402587890625,2460.8935546875,2460.8935546875,2462.223388671875,2457.586181640625,2459.345703125,2460.844482421875,2449.7744140625,2459.1435546875,2522.0,2282.0
180.5,2380.675537109375,2460.8935546875,2460.8935546875,2460.8935546875,2458.556640625,2459.378173828125,2459.5107421875,2450.90283203125,2459.708251953125,2522.0,2282.0
180.75,2380.672119140625,2460.8935546875,2460.8935546875,2460.8935546875,2459.88525390625,2459.378173828125,2459.5107421875,2450.902587890625,2459.708251953125,2522.0,2282.0
181.0,2380.672119140625,2460.8935546875,2462.223388671875,2460.8935546875,2458.556640625,2459.378173828125,2459.510986328125,2450.902587890625,2459.70849609375,2522.0,2282.0
181.25,2380.673828125,2460.8935546875,2460.8935546875,2460.8935546875,2459.88525390625,2459.378173828125,2459.5107421875,2450.902587890625,2459.70849609375,2522.0,2282.0
181.5,2380.672119140625,2460.8935546875,2460.8935546875,2460.8935546875,2459.88525390625,2459.378173828125,2459.5107421875,2450.90283203125,2459.70849609375,2522.0,2282.0
181.75,2380.669189453125,2460.8935546875,2460.8935546875,2460.8935546875,2458.556640625,2459.378173828125,2459.5107421875,2452.22998046875,2459.708251953125,2522.0,2282.0
182.0,2385.56103515625,2460.8935546875,2460.8935546875,2460.8935546875,2458.42041015625,2459.71240234375,2459.685302734375,2451.599365234375,2461.44921875,2522.0,2282.0
182.25,2385.550048828125,2460.8935546875,2460.8935546875,2460.8935546875,2458.42041015625,2459.71240234375,2459.685302734375,2451.599365234375,2460.119873046875,2522.0,2282.0
182.5,2385.549560546875,2460.8935546875,2460.8935546875,2460.8935546875,2458.42041015625,2459.71240234375,2459.68505859375,2451.599365234375,2460.119873046875,2522.0,2282.0
182.75,2385.552978515625,2460.8935546875,2462.223388671875,2460.8935546875,2458.42041015625,2459.71240234375,2459.68505859375,2451.599365234375,2460.119873046875,2522.0,2282.0
183.0,2385.550048828125,2460.8935546875,2460.8935546875,2460.8935546875,2458.42041015625,2459.71240234375,2459.68505859375,2451.599365234375,2460.119873046875,2522.0,2282.0
183.25,2391.564208984375,2460.8935546875,2460.8935546875,2460.8935546875,2458.672607421875,2460.0615234375,2459.84033203125,2452.603759765625,2460.669677734375,2522.0,2282.0
183.5,2391.5576171875,2460.8935546875,2460.8935546875,2460.8935546875,2458.672607421875,2460.0615234375,2459.84033203125,2452.603759765625,2460.669677734375,2522.0,2282.0
183.75,2391.558349609375,2460.8935546875,2460.8935546875,2460.8935546875,2458.672607421875,2460.0615234375,2459.84033203125,2452.603759765625,2460.669677734375,2522.0,2282.0
184.0,2391.55810546875,2460.8935546875,2460.8935546875,2460.8935546875,2458.672607421875,2460.0615234375,2459.84033203125,2452.603759765625,2460.669677734375,2522.0,2282.0
184.25,2392.86474609375,2460.8935546875,2462.223388671875,2460.8935546875,2460.001220703125,2460.0615234375,2459.84033203125,2452.603515625,2460.669677734375,2522.0,2282.0
184.5,2391.557861328125,2460.8935546875,2460.8935546875,2460.8935546875,2458.672607421875,2460.0615234375,2459.84033203125,2452.603515625,2461.99951171875,2522.0,2282.0
184.75,2394.5361328125,2460.8935546875,2460.8935546875,2460.8935546875,2458.665283203125,2460.116943359375,2459.91259765625,2452.6943359375,2460.79443359375,2522.0,2282.0
185.0,2394.714111328125,2460.8935546875,2460.8935546875,2460.8935546875,2458.624267578125,2460.171630859375,2459.918212890625,2452.78662109375,2462.124755859375,2522.0,2282.0
185.25,2396.0087890625,2460.8935546875,2460.8935546875,2460.8935546875,2458.624267578125,2460.171630859375,2459.918212890625,2452.78662109375,2460.794921875,2522.0,2282.0
185.5,2394.714111328125,2460.8935546875,2460.8935546875,2460.8935546875,2458.624267578125,2460.171630859375,2459.918212890625,2452.786376953125,2460.794921875,2522.0,2282.0
185.75,2394.726806640625,2460.8935546875,2460.8935546875,2460.8935546875,2458.624267578125,2460.171630859375,2459.918212890625,2452.78662109375,2460.794921875,2522.0,2282.0
186.0,2394.714111328125,2460.8935546875,2460.8935546875,2460.8935546875,2458.624267578125,2461.501220703125,2459.918212890625,2452.78857421875,2460.795166015625,2522.0,2282.0
186.25,2398.87353515625,2460.8935546875,2460.8935546875,2460.8935546875,2458.74560546875,2460.19677734375,2460.0693359375,2453.46337890625,2460.858642578125,2522.0,2282.0
186.5,2398.867431640625,2460.8935546875,2460.8935546875,2460.8935546875,2458.74560546875,2460.19677734375,2460.0693359375,2453.46533203125,2460.85888671875,2522.0,2282.0
186.75,2398.863525390625,2460.8935546875,2460.8935546875,2460.8935546875,2458.74560546875,2460.19677734375,2460.069580078125,2453.46337890625,2460.858642578125,2522.0,2282.0
187.0,2398.87255859375,2460.8935546875,2460.8935546875,2460.8935546875,2458.74560546875,2460.19677734375,2460.0693359375,2453.46533203125,2460.858642578125,2522.0,2282.0
187.25,2398.864013671875,2460.8935546875,2460.8935546875,2460.8935546875,2458.74560546875,2460.19677734375,2460.069580078125,2453.46337890625,2460.858642578125,2522.0,2282.0
187.5,2398.864013671875,2460.8935546875,2460.8935546875,2460.8935546875,2458.74560546875,2461.526123046875,2460.069580078125,2453.46533203125,2460.858642578125,2522.0,2282.0
187.75,2402.843994140625,2460.8935546875,2460.8935546875,2460.8935546875,2459.0107421875,2460.235595703125,2460.202392578125,2453.91015625,2461.079345703125,2522.0,2282.0
188.0,2402.84326171875,2460.8935546875,2460.8935546875,2460.8935546875,2459.0107421875,2460.235595703125,2460.202392578125,2453.91015625,2461.079345703125,2522.0,2282.0
188.25,2402.842529296875,2460.8935546875,2460.8935546875,2460.8935546875,2459.0107421875,2460.235595703125,2460.202392578125,2453.91015625,2461.079345703125,2522.0,2282.0
188.5,2402.842529296875,2460.8935546875,2460.8935546875,2460.8935546875,2460.339599609375,2460.235595703125,2460.2021484375,2453.91015625,2461.079345703125,2522.0,2282.0
188.75,2404.141845703125,2460.8935546875,2460.8935546875,2460.8935546875,2459.0107421875,2460.235595703125,2460.202392578125,2453.91015625,2461.079345703125,2522.0,2282.0
189.0,2401.5205078125,2460.8935546875,2460.8935546875,2460.8935546875,2459.0615234375,2460.3798828125,2460.124267578125,2453.930419921875,2461.263427734375,2522.0,2282.0
189.25,2401.509765625,2460.8935546875,2462.223388671875,2460.8935546875,2460.390380859375,2460.3798828125,2460.1240234375,2453.930419921875,2461.263427734375,2522.0,2282.0
189.5,2401.510986328125,2460.8935546875,2460.8935546875,2460.8935546875,2459.0615234375,2460.3798828125,2460.124267578125,2453.930419921875,2462.59375,2522.0,2282.0
189.75,2401.50927734375,2460.8935546875,2460.8935546875,2460.8935546875,2459.0615234375,2460.3798828125,2460.1240234375,2453.930419921875,2461.263427734375,2522.0,2282.0
190.0,2401.509033203125,2460.8935546875,2460.8935546875,2460.8935546875,2459.0615234375,2460.3798828125,2460.1240234375,2453.930419921875,2461.263427734375,2522.0,2282.0
190.25,2401.509765625,2460.8935546875,2460.8935546875,2460.8935546875,2459.0615234375,2460.3798828125,2460.124267578125,2453.930419921875,2461.263671875,2522.0,2282.0
190.5,2403.787353515625,2460.8935546875,2460.8935546875,2460.8935546875,2459.24951171875,2460.12109375,2459.99169921875,2454.05078125,2460.998779296875,2522.0,2282.0
190.75,2403.791015625,2460.8935546875,2460.8935546875,2460.8935546875,2460.578369140625,2460.12109375,2459.99169921875,2454.05078125,2460.998779296875,2522.0,2282.0
191.0,2403.78759765625,2460.8935546875,2460.8935546875,2460.8935546875,2459.24951171875,2460.12109375,2459.99169921875,2454.05078125,2460.998779296875,2522.0,2282.0
191.25,2403.787841796875,2460.8935546875,2460.8935546875,2460.8935546875,2459.24951171875,2460.121337890625,2459.99169921875,2454.05078125,2460.998779296875,2522.0,2282.0
191.5,2403.7890625,2460.8935546875,2460.8935546875,2460.8935546875,2459.24951171875,2460.121337890625,2459.99169921875,2454.051025390625,2460.998779296875,2522.0,2282.0
191.75,2403.78759765625,2460.8935546875,2460.8935546875,2460.8935546875,2459.24951171875,2460.121337890625,2459.99169921875,2454.05078125,2462.328857421875,2522.0,2282.0
192.0,2403.78759765625,2460.8935546875,2460.8935546875,2460.8935546875,2459.24951171875,2460.121337890625,2459.99169921875,2454.05078125,2460.998779296875,2522.0,2282.0
192.25,2403.787841796875,2460.8935546875,2460.8935546875,2460.8935546875,2459.24951171875,2460.12109375,2459.99169921875,2455.377197265625,2460.9990234375,2522.0,2282.0
192.5,2405.88671875,2462.223388671875,2460.8935546875,2460.8935546875,2459.30517578125,2461.45068359375,2459.992919921875,2454.051025390625,2461.02587890625,2522.0,2282.0
192.75,2407.617431640625,2460.8935546875,2460.8935546875,2460.8935546875,2459.351806640625,2460.220947265625,2459.995849609375,2454.52099609375,2461.078369140625,2522.0,2282.0
193.0,2406.311767578125,2460.8935546875,2460.8935546875,2460.8935546875,2459.351806640625,2460.22119140625,2459.995849609375,2454.52099609375,2461.078369140625,2522.0,2282.0
193.25,2406.308837890625,2460.8935546875,2460.8935546875,2460.8935546875,2459.351806640625,2460.220947265625,2459.995849609375,2454.52099609375,2461.078369140625,2522.0,2282.0
193.5,2406.308837890625,2460.8935546875,2460.8935546875,2460.8935546875,2459.351806640625,2460.22119140625,2459.995849609375,2454.52099609375,2461.078369140625,2522.0,2282.0
193.75,2406.30810546875,2460.8935546875,2460.8935546875,2460.8935546875,2459.351806640625,2460.220947265625,2459.995849609375,2454.52099609375,2462.408447265625,2522.0,2282.0
194.0,2406.310791015625,2460.8935546875,2460.8935546875,2460.8935546875,2459.351806640625,2460.220947265625,2459.995849609375,2454.52099609375,2461.078369140625,2522.0,2282.0
194.25,2406.31103515625,2460.8935546875,2460.8935546875,2460.8935546875,2459.351806640625,2460.220947265625,2459.995849609375,2454.52099609375,2461.07861328125,2522.0,2282.0
194.5,2406.308837890625,2460.8935546875,2460.8935546875,2462.223388671875,2459.351806640625,2460.220947265625,2461.3251953125,2455.847412109375,2461.078369140625,2522.0,2282.0
194.75,2411.846435546875,2462.223388671875,2460.8935546875,2460.8935546875,2459.339599609375,2461.63427734375,2460.015625,2454.6083984375,2461.16455078125,2522.0,2282.0
195.0,2410.5361328125,2460.8935546875,2460.8935546875,2460.8935546875,2459.339599609375,2460.3046875,2460.015625,2454.6083984375,2461.16455078125,2522.0,2282.0
195.25,2410.535888671875,2460.8935546875,2460.8935546875,2460.8935546875,2459.339599609375,2460.3046875,2460.015625,2454.6083984375,2461.16455078125,2522.0,2282.0
195.5,2410.53564453125,2460.8935546875,2462.223388671875,2460.8935546875,2460.668701171875,2460.3046875,2460.015625,2454.608154296875,2461.16455078125,2522.0,2282.0
195.75,2410.53564453125,2460.8935546875,2460.8935546875,2460.8935546875,2459.339599609375,2460.3046875,2460.015625,2454.6083984375,2461.16455078125,2522.0,2282.0
196.0,2410.535400390625,2460.8935546875,2460.8935546875,2460.8935546875,2459.339599609375,2460.3046875,2460.015625,2454.6083984375,2461.16455078125,2522.0,2282.0
196.25,2410.53759765625,2460.8935546875,2460.8935546875,2460.8935546875,2459.339599609375,2460.3046875,2460.015625,2454.6083984375,2462.494384765625,2522.0,2282.0
196.5,2410.53662109375,2460.8935546875,2460.8935546875,2462.223388671875,2459.339599609375,2460.3046875,2461.344970703125,2454.6083984375,2461.164306640625,2522.0,2282.0
196.75,2411.759765625,2460.8935546875,2460.8935546875,2460.8935546875,2459.4033203125,2460.367431640625,2460.14111328125,2456.1533203125,2461.379638671875,2522.0,2282.0
197.0,2413.070068359375,2460.893310546875,2460.8935546875,2460.8935546875,2459.4033203125,2460.367431640625,2460.140869140625,2454.82666015625,2461.379638671875,2522.0,2282.0
197.25,2411.764892578125,2460.8935546875,2460.8935546875,2460.8935546875,2459.4033203125,2460.367431640625,2460.140869140625,2454.826904296875,2461.37939453125,2522.0,2282.0
197.5,2411.758544921875,2460.8935546875,2460.8935546875,2460.8935546875,2459.4033203125,2460.367431640625,2460.140869140625,2454.826904296875,2461.379638671875,2522.0,2282.0
197.75,2411.758544921875,2460.8935546875,2460.8935546875,2460.8935546875,2459.4033203125,2460.367431640625,2460.140869140625,2454.826904296875,2461.379638671875,2522.0,2282.0
198.0,2411.758544921875,2460.8935546875,2460.8935546875,2460.8935546875,2459.4033203125,2460.367431640625,2460.140869140625,2454.826904296875,2461.379638671875,2522.0,2282.0
198.25,2411.76025390625,2460.8935546875,2460.8935546875,2460.8935546875,2459.4033203125,2460.367431640625,2460.140869140625,2454.826904296875,2462.709716796875,2522.0,2282.0
198.5,2411.76171875,2460.8935546875,2460.8935546875,2460.8935546875,2459.4033203125,2460.367431640625,2460.140869140625,2454.826904296875,2461.379638671875,2522.0,2282.0
198.75,2412.69091796875,2460.8935546875,2460.8935546875,2460.8935546875,2459.359619140625,2460.4189453125,2460.224365234375,2454.957763671875,2461.508544921875,2522.0,2282.0
199.0,2413.998046875,2460.8935546875,2460.8935546875,2460.8935546875,2459.359619140625,2460.4189453125,2460.224609375,2456.284423828125,2461.508544921875,2522.0,2282.0
199.25,2413.998046875,2462.223388671875,2460.8935546875,2460.8935546875,2459.359619140625,2461.74853515625,2460.224365234375,2454.9580078125,2461.508544921875,2522.0,2282.0
199.5,2412.687744140625,2460.8935546875,2460.8935546875,2460.8935546875,2459.359619140625,2460.4189453125,2460.224609375,2454.957763671875,2461.50830078125,2522.0,2282.0
199.75,2412.687255859375,2460.8935546875,2462.223388671875,2460.8935546875,2459.359619140625,2460.4189453125,2460.224609375,2454.957763671875,2461.508544921875,2522.0,2282.0
200.0,2412.6875,2460.8935546875,2462.223388671875,2460.8935546875,2460.688720703125,2460.4189453125,2460.224609375,2454.957763671875,2461.508544921875,2522.0,2282.0
200.25,2412.687255859375,2460.8935546875,2460.8935546875,2460.8935546875,2459.359619140625,2460.4189453125,2460.224365234375,2454.957763671875,2461.508544921875,2522.0,2282.0
200.5,2412.68896484375,2460.8935546875,2460.8935546875,2460.8935546875,2459.359619140625,2460.4189453125,2460.224609375,2454.957763671875,2461.508544921875,2522.0,2282.0
200.75,2415.0595703125,2460.8935546875,2460.8935546875,2460.8935546875,2459.41162109375,2460.406982421875,2460.27587890625,2455.215576171875,2462.818603515625,2522.0,2282.0
201.0,2415.059326171875,2460.8935546875,2460.8935546875,2460.8935546875,2459.41162109375,2460.406982421875,2460.27587890625,2455.21533203125,2461.488525390625,2522.0,2282.0
201.25,2416.3701171875,2460.8935546875,2460.8935546875,2460.8935546875,2459.41162109375,2460.406982421875,2460.27587890625,2456.542236328125,2461.488525390625,2522.0,2282.0
201.5,2415.064697265625,2462.223388671875,2460.8935546875,2460.8935546875,2459.41162109375,2461.736572265625,2460.27587890625,2455.215576171875,2461.488525390625,2522.0,2282.0
201.75,2415.058837890625,2460.8935546875,2460.8935546875,2460.8935546875,2459.41162109375,2461.736572265625,2460.27587890625,2455.215576171875,2461.488525390625,2522.0,2282.0
202.0,2415.05859375,2460.8935546875,2460.8935546875,2460.8935546875,2459.41162109375,2460.406982421875,2460.27587890625,2455.215576171875,2461.488525390625,2522.0,2282.0
202.25,2415.05859375,2460.8935546875,2462.223388671875,2460.8935546875,2460.74072265625,2460.406982421875,2460.27587890625,2455.215576171875,2461.488525390625,2522.0,2282.0
202.5,2415.06005859375,2460.8935546875,2460.8935546875,2460.8935546875,2459.41162109375,2460.406982421875,2460.27587890625,2455.21533203125,2461.488525390625,2522.0,2282.0
202.75,2416.4892578125,2460.8935546875,2460.8935546875,2460.8935546875,2459.499267578125,2460.398193359375,2460.266845703125,2455.318603515625,2461.48046875,2522.0,2282.0
203.0,2416.486083984375,2460.8935546875,2460.8935546875,2460.8935546875,2459.4990234375,2460.398193359375,2460.266845703125,2455.318359375,2462.810791015625,2522.0,2282.0
203.25,2416.486083984375,2460.8935546875,2460.8935546875,2462.223388671875,2459.499267578125,2460.398193359375,2461.59619140625,2455.318603515625,2461.48046875,2522.0,2282.0
203.5,2417.798095703125,2460.8935546875,2460.8935546875,2460.8935546875,2459.4990234375,2460.398193359375,2460.266845703125,2456.645263671875,2461.48046875,2522.0,2282.0
203.75,2416.4921875,2462.223388671875,2460.8935546875,2460.8935546875,2459.499267578125,2461.727783203125,2460.266845703125,2455.318603515625,2461.48046875,2522.0,2282.0
204.0,2416.486083984375,2460.8935546875,2460.8935546875,2460.8935546875,2459.4990234375,2460.398193359375,2460.266845703125,2455.320068359375,2461.48046875,2522.0,2282.0
204.25,2416.486083984375,2460.8935546875,2460.8935546875,2460.8935546875,2459.4990234375,2460.398193359375,2460.266845703125,2455.318359375,2461.478759765625,2522.0,2282.0
204.5,2416.486083984375,2460.8935546875,2462.223388671875,2460.8935546875,2460.828125,2460.398193359375,2460.266845703125,2455.318359375,2461.480712890625,2522.0,2282.0
204.75,2416.3857421875,2460.8935546875,2460.8935546875,2460.8935546875,2459.470458984375,2460.401123046875,2460.269775390625,2455.22314453125,2461.441650390625,2522.0,2282.0
205.0,2416.385009765625,2460.8935546875,2460.8935546875,2460.8935546875,2459.470458984375,2460.401123046875,2460.269775390625,2455.223388671875,2461.441650390625,2522.0,2282.0
205.25,2416.382080078125,2460.8935546875,2460.8935546875,2460.8935546875,2459.470458984375,2460.401123046875,2460.269775390625,2455.22314453125,2462.771728515625,2522.0,2282.0
205.5,2416.382080078125,2460.8935546875,2460.8935546875,2460.8935546875,2459.470458984375,2460.401123046875,2460.269775390625,2455.223388671875,2461.441650390625,2522.0,2282.0
205.75,2416.382080078125,2460.8935546875,2460.8935546875,2462.223388671875,2459.470458984375,2460.401123046875,2461.599365234375,2456.550048828125,2461.44140625,2522.0,2282.0
206.0,2417.69384765625,2462.223388671875,2460.8935546875,2460.8935546875,2459.470458984375,2461.730712890625,2460.269775390625,2455.223388671875,2461.441650390625,2522.0,2282.0
206.25,2416.38232421875,2460.8935546875,2460.8935546875,2460.8935546875,2459.470458984375,2460.401123046875,2460.269775390625,2455.224853515625,2461.44140625,2522.0,2282.0
206.5,2416.382080078125,2460.8935546875,2460.8935546875,2460.8935546875,2459.470458984375,2460.401123046875,2460.269775390625,2455.223388671875,2461.441650390625,2522.0,2282.0
206.75,2417.584716796875,2460.8935546875,2462.223388671875,2460.8935546875,2460.744140625,2460.44189453125,2460.215576171875,2455.357666015625,2461.24560546875,2522.0,2282.0
207.0,2417.586181640625,2460.8935546875,2460.8935546875,2460.8935546875,2459.4150390625,2460.44189453125,2460.215576171875,2455.357666015625,2461.24560546875,2522.0,2282.0
207.25,2417.58642578125,2460.8935546875,2460.8935546875,2460.8935546875,2459.4150390625,2460.44189453125,2460.215576171875,2455.357666015625,2462.57568359375,2522.0,2282.0
207.5,2417.58544921875,2460.8935546875,2460.8935546875,2460.8935546875,2459.4150390625,2460.44189453125,2460.215576171875,2455.357666015625,2462.575439453125,2522.0,2282.0
207.75,2417.5849609375,2460.8935546875,2460.8935546875,2460.8935546875,2459.4150390625,2460.44189453125,2460.215576171875,2455.357666015625,2461.245361328125,2522.0,2282.0
208.0,2417.584716796875,2460.8935546875,2460.8935546875,2462.223388671875,2459.4150390625,2460.44189453125,2461.545166015625,2456.6845703125,2461.245361328125,2522.0,2282.0
208.25,2417.590576171875,2462.223388671875,2460.893310546875,2460.8935546875,2459.4150390625,2461.771484375,2460.215576171875,2455.357666015625,2461.24560546875,2522.0,2282.0
208.5,2417.5849609375,2460.8935546875,2460.8935546875,2460.8935546875,2459.4150390625,2461.771484375,2460.215576171875,2455.357666015625,2461.24560546875,2522.0,2282.0
208.75,2434.66552734375,2460.8935546875,2460.8935546875,2460.8935546875,2460.162353515625,2460.673583984375,2460.632568359375,2457.4873046875,2462.0302734375,2522.0,2282.0
209.0,2434.66552734375,2460.8935546875,2462.223388671875,2460.8935546875,2461.49169921875,2460.673583984375,2460.632568359375,2457.4873046875,2462.0302734375,2522.0,2282.0
209.25,2434.66552734375,2460.8935546875,2460.8935546875,2460.8935546875,2460.162353515625,2460.673583984375,2460.632568359375,2457.4873046875,2462.0302734375,2522.0,2282.0
209.5,2434.66552734375,2460.8935546875,2460.8935546875,2460.8935546875,2460.162353515625,2460.673583984375,2460.632568359375,2457.4873046875,2462.0302734375,2522.0,2282.0
209.75,2434.6689453125,2460.8935546875,2460.8935546875,2460.8935546875,2460.162353515625,2460.673583984375,2460.632568359375,2457.4873046875,2462.0302734375,2522.0,2282.0
210.0,2434.66552734375,2460.8935546875,2460.8935546875,2462.223388671875,2460.162353515625,2460.673583984375,2461.96240234375,2457.48779296875,2462.028564453125,2522.0,2282.0
210.25,2434.66552734375,2460.8935546875,2460.8935546875,2462.223388671875,2460.162353515625,2460.673583984375,2461.96240234375,2457.4873046875,2462.0302734375,2522.0,2282.0
210.5,2434.666748046875,2462.223388671875,2460.8935546875,2460.8935546875,2460.162353515625,2462.00341796875,2460.632568359375,2457.4873046875,2462.0302734375,2522.0,2282.0
210.75,2436.087890625,2460.8935546875,2460.8935546875,2460.8935546875,2460.242919921875,2460.62548828125,2460.489501953125,2457.458740234375,2462.055419921875,2522.0,2282.0
211.0,2436.0888671875,2460.8935546875,2460.8935546875,2460.8935546875,2460.242919921875,2460.62548828125,2460.489501953125,2457.45751953125,2462.0556640625,2522.0,2282.0
211.25,2436.088134765625,2460.8935546875,2462.223388671875,2460.8935546875,2461.572509765625,2460.62548828125,2460.489501953125,2457.457763671875,2462.055908203125,2522.0,2282.0
211.5,2436.087890625,2460.8935546875,2460.8935546875,2460.8935546875,2460.242919921875,2460.62548828125,2460.489501953125,2457.45751953125,2462.0556640625,2522.0,2282.0
211.75,2437.404296875,2460.8935546875,2460.8935546875,2460.8935546875,2460.242919921875,2460.62548828125,2460.489501953125,2457.457763671875,2462.055908203125,2522.0,2282.0
212.0,2437.40771484375,2460.8935546875,2460.8935546875,2460.8935546875,2460.2431640625,2460.62548828125,2460.489501953125,2457.457763671875,2463.38623046875,2522.0,2282.0
212.25,2436.087890625,2460.8935546875,2460.8935546875,2462.223388671875,2460.242919921875,2460.62548828125,2461.819091796875,2457.458251953125,2462.0556640625,2522.0,2282.0
212.5,2436.088623046875,2460.8935546875,2460.8935546875,2460.8935546875,2460.242919921875,2460.625244140625,2460.489501953125,2457.45751953125,2462.055908203125,2522.0,2282.0
212.75,2436.93310546875,2462.223388671875,2460.8935546875,2460.8935546875,2460.150146484375,2461.957763671875,2460.5556640625,2457.3984375,2462.1064453125,2522.0,2282.0
213.0,2436.931884765625,2460.8935546875,2460.8935546875,2460.8935546875,2460.150146484375,2460.628173828125,2460.5556640625,2457.3994140625,2462.1064453125,2522.0,2282.0
213.25,2436.93212890625,2460.8935546875,2460.8935546875,2460.8935546875,2460.150146484375,2460.628173828125,2460.5556640625,2457.398193359375,2462.106689453125,2522.0,2282.0
213.5,2436.93212890625,2460.8935546875,2462.223388671875,2460.8935546875,2461.4794921875,2460.6279296875,2460.5556640625,2457.398193359375,2462.106689453125,2522.0,2282.0
213.75,2436.93212890625,2460.8935546875,2460.8935546875,2460.8935546875,2460.150146484375,2460.628173828125,2460.5556640625,2457.3984375,2462.106689453125,2522.0,2282.0
214.0,2436.93212890625,2460.8935546875,2460.8935546875,2460.8935546875,2460.150146484375,2460.628173828125,2460.5556640625,2457.398193359375,2462.106689453125,2522.0,2282.0
214.25,2436.9345703125,2460.8935546875,2460.8935546875,2460.8935546875,2460.150146484375,2460.628173828125,2460.5556640625,2457.3984375,2462.106689453125,2522.0,2282.0
214.5,2436.93212890625,2460.8935546875,2460.8935546875,2462.223388671875,2460.150146484375,2460.6279296875,2461.885498046875,2457.39892578125,2462.106689453125,2522.0,2282.0
214.75,2438.036376953125,2460.8935546875,2460.8935546875,2460.8935546875,2460.11181640625,2460.685546875,2460.58154296875,2457.370361328125,2461.969970703125,2522.0,2282.0
215.0,2438.037109375,2460.8935546875,2460.8935546875,2460.8935546875,2460.11181640625,2460.685546875,2460.58154296875,2457.370361328125,2461.969970703125,2522.0,2282.0
215.25,2438.03564453125,2460.8935546875,2460.8935546875,2460.8935546875,2460.11181640625,2460.685546875,2460.58154296875,2457.37158203125,2461.9697265625,2522.0,2282.0
215.5,2438.036865234375,2460.8935546875,2460.8935546875,2460.8935546875,2460.11181640625,2460.685546875,2460.58154296875,2457.370361328125,2461.969970703125,2522.0,2282.0
215.75,2438.03564453125,2460.8935546875,2460.8935546875,2460.8935546875,2460.11181640625,2460.685546875,2460.58154296875,2457.370361328125,2461.969970703125,2522.0,2282.0
216.0,2438.03564453125,2460.8935546875,2460.8935546875,2460.8935546875,2460.11181640625,2460.685546875,2460.58154296875,2457.370361328125,2461.969970703125,2522.0,2282.0
216.25,2439.356201171875,2460.8935546875,2460.8935546875,2460.8935546875,2460.11181640625,2460.685546875,2460.58154296875,2457.37060546875,2461.969970703125,2522.0,2282.0
216.5,2438.035888671875,2460.8935546875,2460.8935546875,2460.8935546875,2460.11181640625,2460.685546875,2460.58154296875,2457.37109375,2461.969970703125,2522.0,2282.0
216.75,2438.418701171875,2460.8935546875,2460.8935546875,2460.8935546875,2460.079833984375,2460.6220703125,2460.676513671875,2457.268310546875,2461.977783203125,2522.0,2282.0
217.0,2438.4189453125,2460.8935546875,2460.8935546875,2462.223388671875,2460.079833984375,2460.621826171875,2462.00634765625,2457.267578125,2461.97802734375,2522.0,2282.0
217.25,2438.418212890625,2462.223388671875,2460.8935546875,2460.8935546875,2460.079833984375,2461.95166015625,2460.676513671875,2457.267578125,2461.977783203125,2522.0,2282.0
217.5,2438.419677734375,2460.8935546875,2460.8935546875,2460.8935546875,2460.079833984375,2460.621826171875,2460.676513671875,2457.268798828125,2461.9775390625,2522.0,2282.0
217.75,2438.418212890625,2460.8935546875,2462.223388671875,2460.8935546875,2460.079833984375,2460.6220703125,2460.676513671875,2457.267578125,2461.97802734375,2522.0,2282.0
218.0,2438.41845703125,2460.8935546875,2460.8935546875,2460.8935546875,2460.079833984375,2460.621826171875,2460.676513671875,2457.267578125,2461.97802734375,2522.0,2282.0
218.25,2438.41845703125,2460.8935546875,2460.8935546875,2460.8935546875,2460.079833984375,2460.6220703125,2460.676513671875,2457.267578125,2461.97802734375,2522.0,2282.0
218.5,2437.327392578125,2460.8935546875,2460.8935546875,2460.8935546875,2460.089599609375,2460.65673828125,2460.534912109375,2457.293212890625,2463.303955078125,2522.0,2282.0
218.75,2437.21630859375,2460.8935546875,2460.8935546875,2460.8935546875,2460.11767578125,2460.691650390625,2460.5244140625,2457.319091796875,2461.973876953125,2522.0,2282.0
219.0,2437.216064453125,2460.8935546875,2460.8935546875,2462.223388671875,2460.11767578125,2460.691650390625,2461.854248046875,2457.319580078125,2461.973876953125,2522.0,2282.0
219.25,2437.216552734375,2462.223388671875,2460.8935546875,2460.8935546875,2460.11767578125,2460.691650390625,2460.5244140625,2457.319091796875,2461.973876953125,2522.0,2282.0
219.5,2437.2158203125,2460.8935546875,2460.8935546875,2460.8935546875,2460.11767578125,2460.691650390625,2460.5244140625,2457.320068359375,2461.973876953125,2522.0,2282.0
219.75,2437.2158203125,2460.8935546875,2460.8935546875,2460.8935546875,2460.11767578125,2460.691650390625,2460.5244140625,2457.319091796875,2461.973876953125,2522.0,2282.0
220.0,2437.2158203125,2460.8935546875,2462.223388671875,2460.8935546875,2460.11767578125,2460.691650390625,2460.5244140625,2457.319091796875,2461.973876953125,2522.0,2282.0
220.25,2437.2158203125,2460.8935546875,2460.8935546875,2460.8935546875,2460.11767578125,2460.691650390625,2460.5244140625,2457.31884765625,2461.973876953125,2522.0,2282.0
220.5,2439.446044921875,2460.8935546875,2460.8935546875,2460.8935546875,2460.10888671875,2460.656005859375,2460.488525390625,2457.275634765625,2461.889892578125,2522.0,2282.0
220.75,2441.020263671875,2460.8935546875,2460.8935546875,2460.8935546875,2460.045654296875,2460.6201171875,2460.485107421875,2457.231689453125,2461.887939453125,2522.0,2282.0
221.0,2439.701904296875,2460.8935546875,2460.8935546875,2460.8935546875,2460.045654296875,2460.6201171875,2460.485107421875,2457.231689453125,2461.88818359375,2522.0,2282.0
221.25,2439.7021484375,2460.8935546875,2460.8935546875,2460.8935546875,2460.045654296875,2460.6201171875,2460.485107421875,2457.23193359375,2461.887939453125,2522.0,2282.0
221.5,2439.702880859375,2460.8935546875,2460.8935546875,2460.8935546875,2460.045654296875,2460.6201171875,2460.485107421875,2457.231689453125,2461.887939453125,2522.0,2282.0
221.75,2439.703125,2460.8935546875,2460.8935546875,2460.8935546875,2460.045654296875,2460.6201171875,2460.485107421875,2457.23291015625,2461.8876953125,2522.0,2282.0
222.0,2439.702880859375,2460.8935546875,2460.8935546875,2460.8935546875,2460.045654296875,2460.6201171875,2460.485107421875,2457.23291015625,2461.8876953125,2522.0,2282.0
222.25,2439.70166015625,2460.8935546875,2462.223388671875,2460.8935546875,2460.045654296875,2460.6201171875,2460.485107421875,2457.231689453125,2461.88818359375,2522.0,2282.0
222.5,2438.243408203125,2460.8935546875,2460.8935546875,2460.8935546875,2460.053955078125,2460.64453125,2460.500732421875,2457.245361328125,2462.025146484375,2522.0,2282.0
222.75,2438.10400390625,2460.8935546875,2460.8935546875,2460.8935546875,2460.094482421875,2460.668701171875,2460.501708984375,2457.259765625,2462.02490234375,2522.0,2282.0
223.0,2439.421630859375,2460.8935546875,2460.8935546875,2460.8935546875,2460.094482421875,2460.6689453125,2460.501708984375,2457.259765625,2462.02490234375,2522.0,2282.0
223.25,2438.104248046875,2460.8935546875,2460.8935546875,2460.8935546875,2460.094482421875,2460.6689453125,2460.501708984375,2457.259765625,2462.02490234375,2522.0,2282.0
223.5,2438.10400390625,2460.8935546875,2460.8935546875,2462.223388671875,2460.094482421875,2460.6689453125,2461.831298828125,2458.587646484375,2462.02490234375,2522.0,2282.0
223.75,2438.105224609375,2462.223388671875,2460.8935546875,2460.8935546875,2460.094482421875,2460.6689453125,2460.501708984375,2457.259765625,2462.02490234375,2522.0,2282.0
224.0,2438.10400390625,2460.8935546875,2460.8935546875,2460.8935546875,2460.094482421875,2460.6689453125,2460.501708984375,2457.260986328125,2462.024658203125,2522.0,2282.0
224.25,2438.10400390625,2460.8935546875,2460.8935546875,2460.8935546875,2460.094482421875,2460.6689453125,2460.501708984375,2457.259765625,2462.02490234375,2522.0,2282.0
224.5,2438.10400390625,2460.8935546875,2462.223388671875,2460.8935546875,2460.0966796875,2460.6689453125,2460.501708984375,2457.259765625,2462.02490234375,2522.0,2282.0
224.75,2437.87890625,2460.8935546875,2460.8935546875,2460.8935546875,2460.12060546875,2460.631103515625,2460.558837890625,2457.259765625,2462.02490234375,2522.0,2282.0
225.0,2437.87890625,2460.8935546875,2460.8935546875,2460.8935546875,2460.12060546875,2460.631103515625,2460.558837890625,2457.259765625,2462.02490234375,2522.0,2282.0
225.25,2439.196533203125,2460.8935546875,2460.8935546875,2460.8935546875,2460.120849609375,2460.631103515625,2460.558837890625,2457.259765625,2462.02490234375,2522.0,2282.0
225.5,2437.880859375,2460.8935546875,2460.8935546875,2460.8935546875,2460.12060546875,2460.631103515625,2460.558837890625,2457.259765625,2462.024658203125,2522.0,2282.0
225.75,2437.879638671875,2460.8935546875,2460.8935546875,2460.8935546875,2460.12060546875,2460.631103515625,2460.558837890625,2458.587646484375,2462.02490234375,2522.0,2282.0
226.0,2437.8798828125,2462.223388671875,2460.8935546875,2460.8935546875,2460.120849609375,2460.631103515625,2460.558837890625,2457.259765625,2462.02490234375,2522.0,2282.0
226.25,2437.87890625,2460.8935546875,2460.8935546875,2460.8935546875,2460.120849609375,2460.631103515625,2460.558837890625,2457.2607421875,2462.024658203125,2522.0,2282.0
226.5,2437.880126953125,2460.8935546875,2460.8935546875,2460.8935546875,2460.115478515625,2460.61083984375,2460.558837890625,2457.148681640625,2462.0244140625,2522.0,2282.0
226.75,2437.108642578125,2460.8935546875,2460.8935546875,2460.8935546875,2461.441162109375,2460.590087890625,2460.676513671875,2457.038330078125,2462.134765625,2522.0,2282.0
227.0,2437.108642578125,2460.8935546875,2460.8935546875,2460.8935546875,2460.11181640625,2460.590087890625,2460.676513671875,2457.038330078125,2462.134765625,2522.0,2282.0
227.25,2437.108642578125,2460.8935546875,2460.8935546875,2460.8935546875,2460.11181640625,2460.590087890625,2460.676513671875,2457.0380859375,2462.134765625,2522.0,2282.0
227.5,2438.428955078125,2460.8935546875,2460.8935546875,2460.8935546875,2460.11181640625,2460.590087890625,2460.676513671875,2457.038330078125,2462.134765625,2522.0,2282.0
227.75,2437.108642578125,2460.8935546875,2460.8935546875,2460.8935546875,2460.11181640625,2460.590087890625,2460.676513671875,2457.038330078125,2462.134765625,2522.0,2282.0
228.0,2437.108642578125,2460.8935546875,2460.8935546875,2462.223388671875,2460.11181640625,2460.590087890625,2462.006103515625,2457.0390625,2462.134765625,2522.0,2282.0
228.25,2437.109375,2462.223388671875,2460.8935546875,2460.8935546875,2460.11181640625,2460.590087890625,2460.676513671875,2457.038330078125,2462.134765625,2522.0,2282.0
228.5,2437.110107421875,2460.8935546875,2460.8935546875,2460.8935546875,2460.1220703125,2460.63330078125,2460.676513671875,2457.05712890625,2462.134521484375,2522.0,2282.0
228.75,2436.55419921875,2460.8935546875,2460.8935546875,2460.8935546875,2460.166748046875,2460.6767578125,2460.604248046875,2457.073974609375,2462.224853515625,2522.0,2282.0
229.0,2436.552978515625,2460.8935546875,2460.8935546875,2460.8935546875,2460.166748046875,2460.6767578125,2460.604248046875,2457.073974609375,2462.224609375,2522.0,2282.0
229.25,2436.552978515625,2460.8935546875,2460.8935546875,2460.8935546875,2460.166748046875,2460.6767578125,2460.604248046875,2457.073974609375,2462.224609375,2522.0,2282.0
229.5,2436.552978515625,2460.8935546875,2460.8935546875,2460.8935546875,2460.166748046875,2460.6767578125,2460.604248046875,2457.073974609375,2462.224609375,2522.0,2282.0
229.75,2436.558349609375,2460.8935546875,2460.8935546875,2460.8935546875,2460.166748046875,2460.6767578125,2460.604248046875,2457.073974609375,2463.55517578125,2522.0,2282.0
230.0,2436.555419921875,2460.8935546875,2460.8935546875,2460.8935546875,2460.166748046875,2460.676513671875,2460.604248046875,2457.073974609375,2462.224609375,2522.0,2282.0
230.25,2436.552978515625,2460.8935546875,2460.8935546875,2462.223388671875,2460.166748046875,2460.6767578125,2461.93408203125,2457.074951171875,2462.224609375,2522.0,2282.0
230.5,2436.5537109375,2462.223388671875,2460.8935546875,2460.8935546875,2460.161865234375,2460.585693359375,2460.604248046875,2456.983154296875,2462.224609375,2522.0,2282.0
230.75,2438.635498046875,2460.8935546875,2460.8935546875,2460.8935546875,2460.176025390625,2460.494873046875,2460.707763671875,2456.892822265625,2462.099609375,2522.0,2282.0
231.0,2438.635498046875,2460.8935546875,2460.8935546875,2460.8935546875,2460.176025390625,2460.494873046875,2460.707763671875,2456.8916015625,2462.099853515625,2522.0,2282.0
231.25,2438.63525390625,2460.8935546875,2460.8935546875,2460.8935546875,2461.50537109375,2460.494873046875,2460.707763671875,2456.891845703125,2462.099853515625,2522.0,2282.0
231.5,2438.635498046875,2460.8935546875,2460.8935546875,2460.8935546875,2460.176025390625,2460.494873046875,2460.707763671875,2456.8916015625,2462.099853515625,2522.0,2282.0
231.75,2438.635498046875,2460.8935546875,2460.8935546875,2460.8935546875,2460.176025390625,2460.494873046875,2460.707763671875,2456.891845703125,2462.099853515625,2522.0,2282.0
232.0,2438.64013671875,2460.8935546875,2460.8935546875,2460.8935546875,2460.176025390625,2460.494873046875,2460.707763671875,2456.891845703125,2463.430419921875,2522.0,2282.0
232.25,2438.635498046875,2460.8935546875,2460.8935546875,2462.223388671875,2460.176025390625,2460.494873046875,2462.03759765625,2458.220458984375,2462.099853515625,2522.0,2282.0
232.5,2437.310302734375,2460.8935546875,2460.8935546875,2460.8935546875,2460.237060546875,2460.49169921875,2460.6767578125,2457.275390625,2461.928466796875,2522.0,2282.0
232.75,2437.243408203125,2462.223388671875,2460.8935546875,2460.8935546875,2460.237060546875,2460.491943359375,2460.673095703125,2457.275390625,2461.930908203125,2522.0,2282.0
233.0,2437.24365234375,2460.8935546875,2460.8935546875,2460.8935546875,2460.237060546875,2460.49169921875,2460.673095703125,2457.276611328125,2461.9306640625,2522.0,2282.0
233.25,2437.2421875,2460.8935546875,2460.8935546875,2460.8935546875,2460.237060546875,2460.491943359375,2460.673095703125,2457.275390625,2461.930908203125,2522.0,2282.0
233.5,2437.242431640625,2460.8935546875,2460.8935546875,2460.8935546875,2461.566650390625,2460.49169921875,2460.673095703125,2457.275390625,2461.930908203125,2522.0,2282.0
233.75,2437.242431640625,2460.8935546875,2460.8935546875,2460.8935546875,2460.237060546875,2460.491943359375,2460.673095703125,2457.275390625,2461.930908203125,2522.0,2282.0
234.0,2437.242431640625,2460.8935546875,2460.8935546875,2460.8935546875,2460.237060546875,2460.49169921875,2460.673095703125,2457.275390625,2461.930908203125,2522.0,2282.0
234.25,2438.5595703125,2460.8935546875,2460.8935546875,2460.8935546875,2460.237060546875,2460.491943359375,2460.673095703125,2457.275390625,2463.261474609375,2522.0,2282.0
234.5,2437.5166015625,2460.8935546875,2460.8935546875,2460.8935546875,2460.275390625,2460.3388671875,2460.74072265625,2458.8115234375,2461.75048828125,2522.0,2282.0
234.75,2437.589111328125,2460.8935546875,2460.8935546875,2460.8935546875,2460.275390625,2460.3388671875,2460.7421875,2457.48291015625,2461.752685546875,2522.0,2282.0
235.0,2437.589111328125,2462.223388671875,2460.8935546875,2460.8935546875,2460.275390625,2460.3388671875,2460.7421875,2457.48291015625,2461.752685546875,2522.0,2282.0
235.25,2437.589599609375,2460.8935546875,2460.8935546875,2460.8935546875,2460.275390625,2460.3388671875,2460.7421875,2457.48291015625,2461.75244140625,2522.0,2282.0
235.5,2437.588134765625,2460.8935546875,2460.8935546875,2460.8935546875,2460.275390625,2460.3388671875,2460.7421875,2457.48291015625,2461.752685546875,2522.0,2282.0
235.75,2437.58837890625,2460.8935546875,2460.8935546875,2460.8935546875,2461.60498046875,2460.3388671875,2460.7421875,2457.48291015625,2461.752685546875,2522.0,2282.0
236.0,2437.58837890625,2460.8935546875,2460.8935546875,2460.8935546875,2460.275390625,2460.3388671875,2460.7421875,2457.48291015625,2461.752685546875,2522.0,2282.0
236.25,2437.58837890625,2460.8935546875,2460.8935546875,2460.8935546875,2460.275390625,2460.3388671875,2460.7421875,2457.48291015625,2461.752685546875,2522.0,2282.0
236.5,2451.07373046875,2460.8935546875,2460.8935546875,2460.8935546875,2460.815673828125,2460.58935546875,2460.94677734375,2458.971923828125,2463.71630859375,2522.0,2282.0
236.75,2450.912109375,2460.8935546875,2460.8935546875,2462.223388671875,2460.815673828125,2460.58935546875,2462.286865234375,2460.301513671875,2462.400634765625,2522.0,2282.0
237.0,2450.912109375,2460.8935546875,2460.8935546875,2460.8935546875,2460.815673828125,2460.58935546875,2460.95703125,2460.301513671875,2462.400634765625,2522.0,2282.0
237.25,2450.912109375,2460.8935546875,2460.8935546875,2460.8935546875,2460.815673828125,2461.9189453125,2460.95703125,2458.97265625,2462.400390625,2522.0,2282.0
237.5,2450.912109375,2460.8935546875,2460.8935546875,2460.8935546875,2460.815673828125,2460.58935546875,2460.95703125,2458.97265625,2462.400390625,2522.0,2282.0
237.75,2450.911865234375,2460.8935546875,2462.223388671875,2460.8935546875,2462.1455078125,2460.58935546875,2460.95703125,2458.97265625,2462.400634765625,2522.0,2282.0
238.0,2452.236572265625,2460.8935546875,2460.8935546875,2460.8935546875,2462.1455078125,2460.58935546875,2460.95703125,2458.97265625,2462.400634765625,2522.0,2282.0
238.25,2450.91357421875,2460.8935546875,2460.8935546875,2460.8935546875,2460.815673828125,2460.58935546875,2460.95703125,2458.97265625,2462.400634765625,2522.0,2282.0
238.5,2451.541748046875,2460.8935546875,2460.8935546875,2460.8935546875,2460.81298828125,2460.618408203125,2460.9541015625,2458.862060546875,2463.786376953125,2522.0,2282.0
238.75,2451.541748046875,2460.8935546875,2460.8935546875,2462.223388671875,2460.81298828125,2460.618408203125,2462.283935546875,2458.862060546875,2462.45556640625,2522.0,2282.0
239.0,2451.541748046875,2460.8935546875,2460.8935546875,2462.223388671875,2460.81298828125,2460.618408203125,2462.283935546875,2460.190673828125,2462.45556640625,2522.0,2282.0
239.25,2451.541748046875,2462.223388671875,2460.8935546875,2460.8935546875,2460.81298828125,2461.947998046875,2460.953857421875,2458.862060546875,2462.45556640625,2522.0,2282.0
239.5,2451.541748046875,2460.8935546875,2460.8935546875,2460.8935546875,2460.81298828125,2460.618408203125,2460.9541015625,2458.86279296875,2462.455322265625,2522.0,2282.0
239.75,2451.541748046875,2460.8935546875,2462.223388671875,2460.8935546875,2460.81298828125,2460.6181640625,2460.953857421875,2458.86181640625,2462.45556640625,2522.0,2282.0
240.0,2451.541748046875,2460.8935546875,2460.8935546875,2460.8935546875,2460.81298828125,2460.618408203125,2460.953857421875,2458.862060546875,2462.45556640625,2522.0,2282.0
240.25,2451.54296875,2460.8935546875,2460.8935546875,2460.8935546875,2460.812744140625,2460.618408203125,2460.9541015625,2458.862060546875,2462.45556640625,2522.0,2282.0
240.5,2450.58740234375,2460.8935546875,2460.8935546875,2460.8935546875,2460.913818359375,2460.623291015625,2461.05322265625,2458.67041015625,2462.5400390625,2522.0,2282.0
240.75,2450.5869140625,2460.8935546875,2460.8935546875,2460.8935546875,2460.913818359375,2460.623291015625,2461.05322265625,2458.67041015625,2462.5400390625,2522.0,2282.0
241.0,2450.586669921875,2460.8935546875,2460.8935546875,2460.8935546875,2460.913818359375,2460.623291015625,2461.05322265625,2458.67041015625,2462.5400390625,2522.0,2282.0
241.25,2450.586669921875,2460.8935546875,2460.8935546875,2462.223388671875,2460.913818359375,2460.623291015625,2462.383056640625,2458.67041015625,2462.5400390625,2522.0,2282.0
241.5,2450.586669921875,2462.223388671875,2460.8935546875,2460.8935546875,2460.913818359375,2461.953125,2461.05322265625,2458.67041015625,2462.5400390625,2522.0,2282.0
241.75,2450.586669921875,2460.8935546875,2460.8935546875,2460.8935546875,2460.913818359375,2461.952880859375,2461.05322265625,2458.67041015625,2462.53955078125,2522.0,2282.0
242.0,2450.5869140625,2460.8935546875,2460.8935546875,2460.8935546875,2460.913818359375,2460.623291015625,2461.05322265625,2458.67041015625,2462.5400390625,2522.0,2282.0
242.25,2451.9111328125,2460.8935546875,2462.223388671875,2460.8935546875,2462.24365234375,2460.623291015625,2461.05322265625,2458.67041015625,2462.5400390625,2522.0,2282.0
242.5,2450.328125,2460.8935546875,2460.8935546875,2460.8935546875,2460.92578125,2460.667236328125,2460.906982421875,2458.67041015625,2462.5400390625,2522.0,2282.0
242.75,2450.326904296875,2460.8935546875,2460.8935546875,2460.8935546875,2460.92578125,2460.667236328125,2460.9072265625,2458.67041015625,2462.5400390625,2522.0,2282.0
243.0,2450.326904296875,2460.8935546875,2460.8935546875,2460.8935546875,2460.92578125,2460.667236328125,2460.9072265625,2458.67041015625,2463.870849609375,2522.0,2282.0
243.25,2450.326904296875,2460.8935546875,2460.8935546875,2460.8935546875,2460.92578125,2460.667236328125,2460.9072265625,2458.670654296875,2462.5400390625,2522.0,2282.0
243.5,2450.32666015625,2460.8935546875,2460.8935546875,2460.8935546875,2460.92578125,2460.667236328125,2460.9072265625,2458.67041015625,2462.5400390625,2522.0,2282.0
243.75,2450.326904296875,2460.8935546875,2460.8935546875,2460.8935546875,2460.92578125,2460.667236328125,2460.9072265625,2458.67041015625,2462.5400390625,2522.0,2282.0
244.0,2450.326904296875,2460.8935546875,2460.8935546875,2460.8935546875,2460.92578125,2461.9970703125,2460.9072265625,2458.67041015625,2462.53955078125,2522.0,2282.0
244.25,2450.3271484375,2460.8935546875,2460.8935546875,2460.8935546875,2460.92578125,2460.667236328125,2460.9072265625,2458.67041015625,2462.5400390625,2522.0,2282.0
244.5,2451.726318359375,2460.8935546875,2462.223388671875,2460.8935546875,2462.145751953125,2460.780517578125,2460.767578125,2458.8837890625,2462.47705078125,2522.0,2282.0
244.75,2451.727294921875,2460.8935546875,2460.8935546875,2460.8935546875,2460.81591796875,2460.780517578125,2460.767578125,2458.8837890625,2462.47705078125,2522.0,2282.0
245.0,2451.7265625,2460.8935546875,2460.8935546875,2460.8935546875,2460.81591796875,2460.780517578125,2460.767578125,2458.8837890625,2462.47705078125,2522.0,2282.0
245.25,2451.7265625,2460.8935546875,2460.8935546875,2460.8935546875,2460.81591796875,2460.780517578125,2460.767578125,2458.8837890625,2463.807861328125,2522.0,2282.0
245.5,2451.7265625,2460.8935546875,2460.8935546875,2460.8935546875,2460.81591796875,2460.780517578125,2460.767578125,2458.884033203125,2462.47705078125,2522.0,2282.0
245.75,2451.7265625,2460.8935546875,2460.8935546875,2460.8935546875,2460.81591796875,2460.780517578125,2460.767578125,2458.8837890625,2462.47705078125,2522.0,2282.0
246.0,2451.726318359375,2460.8935546875,2460.8935546875,2460.8935546875,2460.81591796875,2460.780517578125,2460.767578125,2458.884521484375,2462.476806640625,2522.0,2282.0
246.25,2451.7265625,2460.8935546875,2460.8935546875,2460.8935546875,2460.81591796875,2460.780517578125,2460.767578125,2458.884521484375,2462.4765625,2522.0,2282.0
246.5,2449.843505859375,2460.8935546875,2460.8935546875,2460.8935546875,2460.893798828125,2460.79443359375,2460.8125,2458.91943359375,2462.56689453125,2522.0,2282.0
246.75,2449.84326171875,2460.8935546875,2462.223388671875,2460.8935546875,2462.2236328125,2460.79443359375,2460.8125,2458.91943359375,2462.56689453125,2522.0,2282.0
247.0,2451.167236328125,2460.8935546875,2460.8935546875,2460.8935546875,2460.893798828125,2460.79443359375,2460.8125,2458.91943359375,2462.56689453125,2522.0,2282.0
247.25,2449.843505859375,2460.8935546875,2460.8935546875,2460.8935546875,2460.893798828125,2460.79443359375,2460.8125,2458.91943359375,2462.56689453125,2522.0,2282.0
247.5,2449.84326171875,2460.8935546875,2460.8935546875,2460.8935546875,2460.893798828125,2460.79443359375,2460.8125,2458.91943359375,2463.897705078125,2522.0,2282.0
247.75,2449.84326171875,2460.8935546875,2460.8935546875,2460.8935546875,2460.893798828125,2460.79443359375,2460.8125,2458.91943359375,2462.56689453125,2522.0,2282.0
248.0,2449.84326171875,2460.8935546875,2460.8935546875,2462.223388671875,2460.893798828125,2460.79443359375,2462.142333984375,2460.248291015625,2462.566650390625,2522.0,2282.0
248.25,2449.84326171875,2462.223388671875,2460.8935546875,2460.8935546875,2460.893798828125,2462.124267578125,2460.8125,2458.91943359375,2462.56689453125,2522.0,2282.0
248.5,2452.69287109375,2460.8935546875,2460.8935546875,2460.8935546875,2460.73486328125,2460.763427734375,2460.7509765625,2458.671142578125,2462.53955078125,2522.0,2282.0
248.75,2452.693359375,2460.8935546875,2460.8935546875,2460.8935546875,2460.73486328125,2460.763671875,2460.7509765625,2458.67041015625,2462.5400390625,2522.0,2282.0
249.0,2452.69287109375,2460.8935546875,2462.223388671875,2460.8935546875,2462.064697265625,2460.763671875,2460.7509765625,2458.67041015625,2462.5400390625,2522.0,2282.0
249.25,2452.693115234375,2460.8935546875,2460.8935546875,2460.8935546875,2460.73486328125,2460.763671875,2460.7509765625,2458.6689453125,2462.541748046875,2522.0,2282.0
249.5,2452.693115234375,2460.8935546875,2460.8935546875,2460.8935546875,2460.73486328125,2460.763671875,2460.7509765625,2458.67041015625,2462.5400390625,2522.0,2282.0
249.75,2452.693115234375,2460.8935546875,2460.8935546875,2460.8935546875,2460.73486328125,2460.763671875,2460.7509765625,2458.67041015625,2463.87060546875,2522.0,2282.0
250.0,2452.693115234375,2460.8935546875,2460.8935546875,2462.223388671875,2460.73486328125,2460.763671875,2462.080810546875,2458.670654296875,2462.5400390625,2522.0,2282.0
250.25,2452.693115234375,2460.8935546875,2460.8935546875,2460.8935546875,2460.73486328125,2460.763671875,2460.7509765625,2458.67041015625,2462.5400390625,2522.0,2282.0
250.5,2452.509765625,2460.8935546875,2460.8935546875,2460.8935546875,2460.745849609375,2460.80615234375,2460.8564453125,2458.75927734375,2462.463623046875,2522.0,2282.0
250.75,2452.509765625,2460.8935546875,2460.8935546875,2460.8935546875,2460.745849609375,2460.80615234375,2460.8564453125,2458.76025390625,2462.46337890625,2522.0,2282.0
251.0,2452.510009765625,2460.8935546875,2460.8935546875,2460.8935546875,2460.745849609375,2460.80615234375,2460.8564453125,2458.75927734375,2462.463623046875,2522.0,2282.0
251.25,2453.835205078125,2460.8935546875,2462.223388671875,2460.8935546875,2462.07568359375,2460.80615234375,2460.8564453125,2458.75927734375,2462.463623046875,2522.0,2282.0
251.5,2452.510009765625,2460.8935546875,2460.8935546875,2460.8935546875,2460.745849609375,2460.80615234375,2460.8564453125,2458.75927734375,2462.463623046875,2522.0,2282.0
251.75,2452.510009765625,2460.8935546875,2460.8935546875,2460.8935546875,2460.745849609375,2460.80615234375,2460.8564453125,2458.75927734375,2462.463623046875,2522.0,2282.0
252.0,2452.510009765625,2460.8935546875,2460.8935546875,2460.8935546875,2460.745849609375,2460.80615234375,2460.8564453125,2458.75927734375,2463.794189453125,2522.0,2282.0
252.25,2452.509765625,2460.8935546875,2460.8935546875,2460.8935546875,2460.745849609375,2460.80615234375,2460.8564453125,2458.759521484375,2462.463623046875,2522.0,2282.0
252.5,2453.5478515625,2460.8935546875,2460.8935546875,2462.223388671875,2460.678955078125,2460.802734375,2462.278564453125,2460.125732421875,2462.391357421875,2522.0,2282.0
252.75,2453.5478515625,2462.223388671875,2460.8935546875,2460.8935546875,2460.678955078125,2462.132568359375,2460.948486328125,2458.796875,2462.391357421875,2522.0,2282.0
253.0,2453.5478515625,2460.8935546875,2460.8935546875,2460.8935546875,2460.678955078125,2460.802978515625,2460.948486328125,2458.797607421875,2462.39111328125,2522.0,2282.0
253.25,2453.5478515625,2460.8935546875,2462.223388671875,2460.8935546875,2460.678955078125,2460.802978515625,2460.948486328125,2458.796875,2462.391357421875,2522.0,2282.0
253.5,2453.5478515625,2460.8935546875,2460.8935546875,2460.8935546875,2460.678955078125,2460.802734375,2460.948486328125,2458.796630859375,2462.391357421875,2522.0,2282.0
253.75,2453.547607421875,2460.8935546875,2460.8935546875,2460.8935546875,2460.678955078125,2460.802734375,2460.948486328125,2458.796630859375,2462.391357421875,2522.0,2282.0
254.0,2453.5478515625,2460.8935546875,2460.8935546875,2460.8935546875,2460.678955078125,2460.802978515625,2460.948486328125,2458.796630859375,2462.391357421875,2522.0,2282.0
254.25,2453.5478515625,2460.8935546875,2460.8935546875,2460.8935546875,2460.678955078125,2460.802734375,2460.948486328125,2458.796630859375,2462.391357421875,2522.0,2282.0
254.5,2452.727783203125,2460.8935546875,2460.8935546875,2462.223388671875,2460.640869140625,2460.89208984375,2462.272705078125,2458.7890625,2462.438232421875,2522.0,2282.0
254.75,2452.727783203125,2460.8935546875,2460.8935546875,2462.223388671875,2460.640869140625,2460.89208984375,2462.272705078125,2458.788818359375,2462.438232421875,2522.0,2282.0
255.0,2452.727783203125,2462.223388671875,2460.8935546875,2460.8935546875,2460.640869140625,2462.221923828125,2460.94287109375,2458.788818359375,2462.438232421875,2522.0,2282.0
255.25,2452.727783203125,2460.8935546875,2460.8935546875,2460.8935546875,2460.640869140625,2462.221923828125,2460.942626953125,2458.788818359375,2462.437744140625,2522.0,2282.0
255.5,2452.72802734375,2460.8935546875,2460.8935546875,2460.8935546875,2460.640869140625,2460.89208984375,2460.94287109375,2458.788818359375,2462.438232421875,2522.0,2282.0
255.75,2454.05322265625,2460.8935546875,2460.8935546875,2460.8935546875,2460.640869140625,2460.89208984375,2460.942626953125,2458.788818359375,2462.438232421875,2522.0,2282.0
256.0,2452.72802734375,2460.8935546875,2460.8935546875,2460.8935546875,2461.970458984375,2460.89208984375,2460.942626953125,2458.788818359375,2462.438232421875,2522.0,2282.0
256.25,2452.72802734375,2460.8935546875,2460.8935546875,2460.8935546875,2460.640869140625,2460.89208984375,2460.942626953125,2458.788818359375,2462.438232421875,2522.0,2282.0
256.5,2453.954833984375,2460.8935546875,2460.8935546875,2460.8935546875,2460.52490234375,2460.90380859375,2460.955078125,2458.788818359375,2463.768798828125,2522.0,2282.0
256.75,2453.95458984375,2460.8935546875,2460.8935546875,2460.8935546875,2460.52490234375,2460.90380859375,2460.955078125,2458.788818359375,2462.438232421875,2522.0,2282.0
257.0,2453.95458984375,2460.8935546875,2460.8935546875,2462.223388671875,2460.52490234375,2460.90380859375,2462.284912109375,2460.11767578125,2462.438232421875,2522.0,2282.0
257.25,2453.95458984375,2462.223388671875,2460.8935546875,2460.8935546875,2460.52490234375,2462.233642578125,2460.955078125,2458.788818359375,2462.438232421875,2522.0,2282.0
257.5,2453.95458984375,2460.8935546875,2460.8935546875,2460.8935546875,2460.52490234375,2460.90380859375,2460.955078125,2458.789794921875,2462.437744140625,2522.0,2282.0
257.75,2453.95458984375,2460.8935546875,2460.8935546875,2460.8935546875,2460.52490234375,2460.90380859375,2460.955078125,2458.788818359375,2462.438232421875,2522.0,2282.0
258.0,2453.954345703125,2460.8935546875,2462.223388671875,2460.8935546875,2461.8544921875,2460.90380859375,2460.955078125,2458.788818359375,2462.438232421875,2522.0,2282.0
258.25,2453.95458984375,2460.8935546875,2460.8935546875,2460.8935546875,2460.52490234375,2460.90380859375,2460.955078125,2458.788818359375,2462.438232421875,2522.0,2282.0
258.5,2452.60498046875,2460.8935546875,2460.8935546875,2460.8935546875,2460.681640625,2460.9013671875,2460.8251953125,2458.905517578125,2462.49853515625,2522.0,2282.0
258.75,2452.60498046875,2460.8935546875,2460.8935546875,2460.8935546875,2460.681640625,2460.9013671875,2460.8251953125,2458.905517578125,2463.8291015625,2522.0,2282.0
259.0,2452.60498046875,2460.8935546875,2460.8935546875,2460.8935546875,2460.681640625,2460.9013671875,2460.8251953125,2460.234375,2462.49853515625,2522.0,2282.0
259.25,2452.60498046875,2460.8935546875,2460.8935546875,2460.8935546875,2460.681640625,2460.9013671875,2460.8251953125,2458.905517578125,2462.49853515625,2522.0,2282.0
259.5,2452.60498046875,2460.8935546875,2460.8935546875,2460.8935546875,2460.681640625,2460.9013671875,2460.8251953125,2458.905517578125,2462.498291015625,2522.0,2282.0
259.75,2452.60498046875,2460.8935546875,2460.8935546875,2460.8935546875,2460.681640625,2460.9013671875,2460.8251953125,2458.906494140625,2462.498046875,2522.0,2282.0
260.0,2452.60498046875,2460.8935546875,2460.8935546875,2460.8935546875,2460.681640625,2460.9013671875,2460.8251953125,2458.905517578125,2462.49853515625,2522.0,2282.0
260.25,2452.60498046875,2460.8935546875,2460.8935546875,2460.8935546875,2460.681640625,2460.9013671875,2460.8251953125,2458.905517578125,2462.49853515625,2522.0,2282.0
260.5,2435.461669921875,2460.8935546875,2460.8935546875,2460.8935546875,2460.260986328125,2460.674072265625,2460.537841796875,2457.650390625,2461.97119140625,2522.0,2282.0
260.75,2435.4423828125,2460.8935546875,2460.8935546875,2460.8935546875,2460.260986328125,2460.674072265625,2460.537841796875,2457.6494140625,2461.971435546875,2522.0,2282.0
261.0,2435.4482421875,2460.8935546875,2460.8935546875,2460.8935546875,2460.260986328125,2460.674072265625,2460.537841796875,2457.6494140625,2461.971435546875,2522.0,2282.0
261.25,2435.445556640625,2460.8935546875,2460.8935546875,2460.8935546875,2460.260986328125,2460.674072265625,2460.537841796875,2457.64990234375,2461.971435546875,2522.0,2282.0
261.5,2435.44287109375,2460.8935546875,2460.8935546875,2460.8935546875,2460.260986328125,2460.674072265625,2460.537841796875,2457.6494140625,2461.971435546875,2522.0,2282.0
261.75,2435.443603515625,2462.223388671875,2460.8935546875,2460.8935546875,2460.260986328125,2462.00390625,2460.537841796875,2457.6494140625,2461.97119140625,2522.0,2282.0
262.0,2435.443603515625,2460.8935546875,2460.8935546875,2460.8935546875,2460.260986328125,2462.00390625,2460.537841796875,2457.6494140625,2461.97119140625,2522.0,2282.0
262.25,2435.443359375,2460.8935546875,2460.8935546875,2460.8935546875,2460.260986328125,2460.674072265625,2460.537841796875,2457.6494140625,2461.971435546875,2522.0,2282.0
262.5,2435.52197265625,2460.8935546875,2462.223388671875,2460.8935546875,2461.566650390625,2460.651123046875,2460.514892578125,2457.73046875,2461.94189453125,2522.0,2282.0
262.75,2435.521484375,2460.8935546875,2460.8935546875,2460.8935546875,2460.237060546875,2460.651123046875,2460.514892578125,2457.73046875,2461.94189453125,2522.0,2282.0
263.0,2435.521484375,2460.8935546875,2460.8935546875,2460.8935546875,2460.2373046875,2460.651123046875,2460.514892578125,2457.73046875,2461.94189453125,2522.0,2282.0
263.25,2435.527587890625,2460.8935546875,2460.8935546875,2460.8935546875,2460.2373046875,2460.651123046875,2460.51513671875,2457.73046875,2461.94189453125,2522.0,2282.0
263.5,2435.521484375,2460.8935546875,2460.8935546875,2462.223388671875,2460.237060546875,2460.651123046875,2461.844482421875,2457.730712890625,2461.94189453125,2522.0,2282.0
263.75,2435.521484375,2460.8935546875,2460.8935546875,2462.223388671875,2460.2373046875,2460.651123046875,2461.8447265625,2457.73046875,2461.94189453125,2522.0,2282.0
264.0,2435.522705078125,2462.223388671875,2460.8935546875,2460.8935546875,2460.2373046875,2461.98095703125,2460.514892578125,2457.73046875,2461.94189453125,2522.0,2282.0
264.25,2435.522705078125,2460.8935546875,2460.8935546875,2460.8935546875,2460.2373046875,2461.98095703125,2460.514892578125,2457.73046875,2461.941650390625,2522.0,2282.0
264.5,2436.4873046875,2460.8935546875,2460.8935546875,2460.8935546875,2460.205078125,2460.65087890625,2460.546630859375,2457.489013671875,2461.867919921875,2522.0,2282.0
264.75,2436.4873046875,2460.8935546875,2462.223388671875,2460.8935546875,2461.53466796875,2460.651123046875,2460.546630859375,2457.489013671875,2461.8681640625,2522.0,2282.0
265.0,2436.4873046875,2460.8935546875,2460.8935546875,2460.8935546875,2460.205078125,2460.651123046875,2460.546630859375,2457.489013671875,2461.867919921875,2522.0,2282.0
265.25,2436.4873046875,2460.8935546875,2460.8935546875,2460.8935546875,2460.205078125,2460.651123046875,2460.546630859375,2457.489013671875,2461.867919921875,2522.0,2282.0
265.5,2437.803955078125,2460.8935546875,2460.8935546875,2460.8935546875,2460.205078125,2460.651123046875,2460.546630859375,2457.489013671875,2463.198486328125,2522.0,2282.0
265.75,2436.489990234375,2460.8935546875,2460.8935546875,2460.8935546875,2460.205078125,2460.651123046875,2460.546630859375,2457.489501953125,2461.867919921875,2522.0,2282.0
266.0,2436.4873046875,2460.8935546875,2460.8935546875,2462.223388671875,2460.205078125,2460.651123046875,2461.876220703125,2457.489013671875,2461.867919921875,2522.0,2282.0
266.25,2436.488525390625,2460.8935546875,2460.8935546875,2460.8935546875,2460.205078125,2460.651123046875,2460.546630859375,2457.489013671875,2461.867919921875,2522.0,2282.0
266.5,2437.056640625,2460.8935546875,2460.8935546875,2460.8935546875,2460.298095703125,2461.914306640625,2460.54345703125,2457.4296875,2461.918701171875,2522.0,2282.0
266.75,2437.057373046875,2460.8935546875,2460.8935546875,2460.893310546875,2460.298095703125,2460.584716796875,2460.543212890625,2457.4296875,2461.9189453125,2522.0,2282.0
267.0,2437.0576171875,2460.8935546875,2460.893310546875,2460.8935546875,2460.298095703125,2460.584716796875,2460.54345703125,2457.4296875,2461.9189453125,2522.0,2282.0
267.25,2437.0576171875,2460.8935546875,2460.8935546875,2460.8935546875,2460.298095703125,2460.584716796875,2460.543212890625,2457.4296875,2461.9189453125,2522.0,2282.0
267.5,2437.0576171875,2460.8935546875,2460.8935546875,2460.8935546875,2460.298095703125,2460.584716796875,2460.54345703125,2457.4296875,2461.9189453125,2522.0,2282.0
267.75,2438.37451171875,2460.8935546875,2460.8935546875,2460.8935546875,2460.298095703125,2460.584716796875,2460.54345703125,2457.4296875,2463.249267578125,2522.0,2282.0
268.0,2437.059814453125,2460.8935546875,2460.8935546875,2460.8935546875,2460.298095703125,2460.584716796875,2460.54345703125,2457.4296875,2461.9189453125,2522.0,2282.0
268.25,2437.05859375,2460.8935546875,2460.8935546875,2460.8935546875,2460.298095703125,2460.584716796875,2460.54345703125,2457.4296875,2461.9189453125,2522.0,2282.0
268.5,2421.258544921875,2462.223388671875,2460.8935546875,2460.8935546875,2459.630859375,2461.6328125,2460.235107421875,2455.328125,2461.270751953125,2522.0,2282.0
268.75,2421.22119140625,2460.8935546875,2460.8935546875,2460.8935546875,2459.630859375,2460.30322265625,2460.235107421875,2455.32958984375,2461.27099609375,2522.0,2282.0
269.0,2421.221435546875,2460.8935546875,2460.8935546875,2460.8935546875,2459.630859375,2460.30322265625,2460.235107421875,2455.327880859375,2461.27099609375,2522.0,2282.0
269.25,2421.2236328125,2460.8935546875,2462.223388671875,2460.8935546875,2460.960205078125,2460.30322265625,2460.23486328125,2455.328125,2461.27099609375,2522.0,2282.0
269.5,2421.225341796875,2460.8935546875,2460.8935546875,2460.8935546875,2459.630859375,2460.30322265625,2460.235107421875,2455.328125,2461.271240234375,2522.0,2282.0
269.75,2421.221435546875,2460.8935546875,2460.8935546875,2460.8935546875,2459.631103515625,2460.30322265625,2460.235107421875,2455.328125,2461.27099609375,2522.0,2282.0
270.0,2421.221435546875,2460.8935546875,2460.8935546875,2460.8935546875,2459.630859375,2460.30322265625,2460.235107421875,2455.328125,2462.60107421875,2522.0,2282.0
270.25,2421.22119140625,2460.8935546875,2460.8935546875,2460.8935546875,2459.630859375,2460.30322265625,2460.235107421875,2455.327880859375,2461.27099609375,2522.0,2282.0
270.5,2422.647216796875,2460.8935546875,2460.8935546875,2462.223388671875,2459.715576171875,2460.325927734375,2461.523193359375,2455.283935546875,2461.390625,2522.0,2282.0
270.75,2422.652099609375,2462.223388671875,2460.8935546875,2460.8935546875,2459.715576171875,2461.6552734375,2460.193603515625,2455.28271484375,2461.390380859375,2522.0,2282.0
271.0,2422.652099609375,2460.8935546875,2460.8935546875,2460.8935546875,2459.715576171875,2460.325927734375,2460.193603515625,2455.2841796875,2461.390625,2522.0,2282.0
271.25,2422.651611328125,2460.8935546875,2460.8935546875,2460.8935546875,2459.715576171875,2460.325927734375,2460.193603515625,2455.28271484375,2461.390380859375,2522.0,2282.0
271.5,2422.65185546875,2460.8935546875,2462.223388671875,2460.8935546875,2461.044677734375,2460.325927734375,2460.193603515625,2455.28271484375,2461.390625,2522.0,2282.0
271.75,2422.651611328125,2460.8935546875,2460.8935546875,2460.8935546875,2459.715576171875,2460.32568359375,2460.193603515625,2455.28271484375,2461.390380859375,2522.0,2282.0
272.0,2422.6513671875,2460.8935546875,2460.8935546875,2460.8935546875,2459.715576171875,2460.325927734375,2460.193603515625,2455.28271484375,2461.390625,2522.0,2282.0
272.25,2422.65185546875,2460.8935546875,2460.8935546875,2460.8935546875,2459.715576171875,2460.32568359375,2460.193603515625,2455.282470703125,2462.720703125,2522.0,2282.0
272.5,2421.68603515625,2460.8935546875,2460.8935546875,2460.8935546875,2459.873291015625,2460.1640625,2460.2216796875,2455.488525390625,2461.37451171875,2522.0,2282.0
272.75,2421.686279296875,2460.8935546875,2460.8935546875,2462.223388671875,2459.873291015625,2460.1640625,2461.551025390625,2455.48876953125,2461.37451171875,2522.0,2282.0
273.0,2423.000244140625,2460.8935546875,2460.8935546875,2460.8935546875,2459.873291015625,2460.1640625,2460.221435546875,2455.488525390625,2461.37451171875,2522.0,2282.0
273.25,2421.6865234375,2460.8935546875,2460.8935546875,2460.8935546875,2459.873291015625,2460.1640625,2460.2216796875,2455.490234375,2461.37451171875,2522.0,2282.0
273.5,2421.6884765625,2460.8935546875,2460.8935546875,2460.8935546875,2459.873291015625,2460.1640625,2460.221435546875,2455.48876953125,2461.37451171875,2522.0,2282.0
273.75,2421.687255859375,2460.8935546875,2462.223388671875,2460.8935546875,2461.202392578125,2460.1640625,2460.2216796875,2455.488525390625,2461.37451171875,2522.0,2282.0
274.0,2421.6884765625,2460.8935546875,2460.8935546875,2460.8935546875,2459.873291015625,2460.1640625,2460.221435546875,2455.48876953125,2461.37451171875,2522.0,2282.0
274.25,2421.685791015625,2460.8935546875,2460.8935546875,2460.8935546875,2459.873291015625,2460.1640625,2460.2216796875,2455.48876953125,2461.37451171875,2522.0,2282.0
274.5,2421.6796875,2460.8935546875,2460.8935546875,2460.8935546875,2459.876708984375,2460.198486328125,2460.161376953125,2455.48095703125,2462.751708984375,2522.0,2282.0
274.75,2421.679443359375,2460.8935546875,2460.8935546875,2462.223388671875,2459.876708984375,2460.198486328125,2461.49072265625,2455.480712890625,2461.42138671875,2522.0,2282.0
275.0,2421.679443359375,2460.8935546875,2460.8935546875,2462.223388671875,2459.876708984375,2460.198486328125,2461.49072265625,2455.482177734375,2461.42138671875,2522.0,2282.0
275.25,2422.993896484375,2460.8935546875,2460.8935546875,2460.8935546875,2459.876708984375,2460.198486328125,2460.161376953125,2455.48095703125,2461.421630859375,2522.0,2282.0
275.5,2421.68017578125,2460.8935546875,2460.8935546875,2460.8935546875,2459.876708984375,2460.198486328125,2460.161376953125,2455.482421875,2461.421630859375,2522.0,2282.0
275.75,2421.6796875,2460.8935546875,2460.8935546875,2460.8935546875,2459.876708984375,2460.198486328125,2460.161376953125,2455.48095703125,2461.421630859375,2522.0,2282.0
276.0,2421.680419921875,2460.8935546875,2462.223388671875,2460.8935546875,2461.2060546875,2460.198486328125,2460.161376953125,2455.48095703125,2461.42138671875,2522.0,2282.0
276.25,2421.67919921875,2460.8935546875,2460.8935546875,2460.8935546875,2459.876708984375,2460.198486328125,2460.161376953125,2455.480712890625,2461.421630859375,2522.0,2282.0
276.5,2421.843994140625,2460.8935546875,2460.8935546875,2460.8935546875,2459.71630859375,2460.357421875,2460.161865234375,2455.310546875,2461.527587890625,2522.0,2282.0
276.75,2421.841552734375,2460.8935546875,2460.8935546875,2460.8935546875,2459.71630859375,2460.357421875,2460.161865234375,2455.310546875,2462.857666015625,2522.0,2282.0
277.0,2421.841796875,2460.8935546875,2460.8935546875,2460.8935546875,2459.71630859375,2460.357421875,2460.161865234375,2455.310546875,2461.527587890625,2522.0,2282.0
277.25,2421.841796875,2460.8935546875,2460.8935546875,2462.223388671875,2459.71630859375,2460.357421875,2461.4912109375,2456.637451171875,2461.527587890625,2522.0,2282.0
277.5,2421.84619140625,2462.223388671875,2460.8935546875,2460.8935546875,2459.71630859375,2461.68701171875,2460.161865234375,2455.310791015625,2461.527587890625,2522.0,2282.0
277.75,2421.841796875,2460.8935546875,2460.8935546875,2460.8935546875,2459.71630859375,2460.357421875,2460.161865234375,2455.31201171875,2461.52734375,2522.0,2282.0
278.0,2421.841552734375,2460.8935546875,2460.8935546875,2460.8935546875,2459.71630859375,2460.357421875,2460.161865234375,2455.310546875,2461.527587890625,2522.0,2282.0
278.25,2421.841796875,2460.8935546875,2462.223388671875,2460.8935546875,2461.045654296875,2460.357421875,2460.161865234375,2455.310546875,2461.527587890625,2522.0,2282.0
278.5,2422.017333984375,2460.8935546875,2460.8935546875,2460.8935546875,2459.628662109375,2460.334716796875,2460.20263671875,2455.47314453125,2461.468505859375,2522.0,2282.0
278.75,2422.013671875,2460.8935546875,2460.8935546875,2460.8935546875,2459.628662109375,2460.334716796875,2460.20263671875,2455.47314453125,2461.468505859375,2522.0,2282.0
279.0,2422.01318359375,2460.8935546875,2460.8935546875,2460.8935546875,2459.628662109375,2460.334716796875,2460.20263671875,2455.472900390625,2462.798583984375,2522.0,2282.0
279.25,2422.013427734375,2460.8935546875,2460.8935546875,2462.223388671875,2459.628662109375,2460.334716796875,2461.5322265625,2455.472900390625,2461.468505859375,2522.0,2282.0
279.5,2423.328125,2460.8935546875,2460.8935546875,2462.223388671875,2459.628662109375,2460.334716796875,2461.5322265625,2456.7998046875,2461.468505859375,2522.0,2282.0
279.75,2422.017578125,2462.223388671875,2460.8935546875,2460.8935546875,2459.628662109375,2461.664306640625,2460.20263671875,2455.47314453125,2461.468505859375,2522.0,2282.0
280.0,2422.01318359375,2460.8935546875,2460.8935546875,2460.8935546875,2459.628662109375,2460.334716796875,2460.20263671875,2455.474365234375,2461.468505859375,2522.0,2282.0
280.25,2422.015380859375,2460.8935546875,2460.8935546875,2460.8935546875,2459.628662109375,2460.334716796875,2460.20263671875,2455.472900390625,2461.468505859375,2522.0,2282.0
280.5,2420.81494140625,2460.8935546875,2460.8935546875,2460.8935546875,2459.74755859375,2460.35791015625,2460.130126953125,2455.63525390625,2461.40966796875,2522.0,2282.0
280.75,2420.815185546875,2460.8935546875,2460.8935546875,2460.8935546875,2459.74755859375,2460.35791015625,2460.130126953125,2455.63525390625,2461.409423828125,2522.0,2282.0
281.0,2420.8125,2460.8935546875,2460.8935546875,2460.8935546875,2459.74755859375,2460.35791015625,2460.130126953125,2455.63525390625,2461.409423828125,2522.0,2282.0
281.25,2420.81298828125,2460.8935546875,2460.8935546875,2460.8935546875,2459.74755859375,2460.35791015625,2460.130126953125,2455.63525390625,2461.40966796875,2522.0,2282.0
281.5,2420.81298828125,2460.8935546875,2460.8935546875,2460.8935546875,2459.74755859375,2460.35791015625,2460.130126953125,2455.63525390625,2461.40966796875,2522.0,2282.0
281.75,2420.81298828125,2460.8935546875,2460.8935546875,2462.223388671875,2459.74755859375,2460.35791015625,2461.45947265625,2456.96240234375,2461.409423828125,2522.0,2282.0
282.0,2420.823486328125,2462.223388671875,2460.8935546875,2460.8935546875,2459.74755859375,2461.6875,2460.130126953125,2455.635498046875,2461.409423828125,2522.0,2282.0
282.25,2420.81298828125,2460.8935546875,2460.8935546875,2460.8935546875,2459.74755859375,2460.35791015625,2460.130126953125,2455.636962890625,2461.409423828125,2522.0,2282.0
282.5,2420.68896484375,2460.8935546875,2460.8935546875,2460.8935546875,2459.7509765625,2460.3291015625,2460.1328125,2455.694580078125,2461.358642578125,2522.0,2282.0
282.75,2420.6884765625,2460.8935546875,2462.223388671875,2460.8935546875,2461.080322265625,2460.3291015625,2460.1328125,2455.694580078125,2461.3583984375,2522.0,2282.0
283.0,2420.6884765625,2460.8935546875,2460.8935546875,2460.8935546875,2459.7509765625,2460.3291015625,2460.1328125,2455.694580078125,2461.358642578125,2522.0,2282.0
283.25,2420.688232421875,2460.8935546875,2460.8935546875,2460.8935546875,2459.7509765625,2460.3291015625,2460.1328125,2455.69482421875,2461.3583984375,2522.0,2282.0
283.5,2420.688232421875,2460.8935546875,2460.8935546875,2460.8935546875,2459.7509765625,2460.3291015625,2460.1328125,2455.694580078125,2461.358642578125,2522.0,2282.0
283.75,2420.688232421875,2460.8935546875,2460.8935546875,2460.8935546875,2459.7509765625,2460.3291015625,2460.1328125,2455.69482421875,2461.3583984375,2522.0,2282.0
284.0,2420.688232421875,2460.8935546875,2460.8935546875,2462.223388671875,2459.7509765625,2460.3291015625,2461.46240234375,2455.69580078125,2461.3583984375,2522.0,2282.0
284.25,2420.68896484375,2462.223388671875,2460.8935546875,2460.8935546875,2459.7509765625,2461.65869140625,2460.1328125,2455.69482421875,2461.3583984375,2522.0,2282.0
284.5,2420.514404296875,2460.8935546875,2460.8935546875,2460.8935546875,2459.812255859375,2461.6875,2460.06640625,2455.724365234375,2461.3330078125,2522.0,2282.0
284.75,2420.512451171875,2460.8935546875,2460.8935546875,2460.8935546875,2459.812255859375,2460.358154296875,2460.06640625,2455.724365234375,2461.3330078125,2522.0,2282.0
285.0,2420.5126953125,2460.8935546875,2462.223388671875,2460.8935546875,2461.141357421875,2460.35791015625,2460.06640625,2455.724365234375,2461.3330078125,2522.0,2282.0
285.25,2420.51513671875,2460.8935546875,2460.8935546875,2460.8935546875,2459.812255859375,2460.358154296875,2460.06640625,2455.724365234375,2461.3330078125,2522.0,2282.0
285.5,2420.5126953125,2460.8935546875,2460.8935546875,2460.8935546875,2459.81201171875,2460.35791015625,2460.06640625,2455.724365234375,2461.3330078125,2522.0,2282.0
285.75,2420.512451171875,2460.8935546875,2460.8935546875,2460.8935546875,2459.812255859375,2460.358154296875,2460.06640625,2455.724365234375,2462.6630859375,2522.0,2282.0
286.0,2420.512451171875,2460.8935546875,2460.8935546875,2460.8935546875,2459.81201171875,2460.35791015625,2460.06640625,2455.724365234375,2461.3330078125,2522.0,2282.0
286.25,2421.826904296875,2460.8935546875,2460.8935546875,2460.8935546875,2459.812255859375,2460.358154296875,2460.06640625,2457.051513671875,2461.3330078125,2522.0,2282.0
286.5,2420.516357421875,2460.8935546875,2460.8935546875,2460.8935546875,2459.77783203125,2460.418701171875,2460.063232421875,2455.656982421875,2461.43115234375,2522.0,2282.0
286.75,2420.50537109375,2460.8935546875,2460.8935546875,2460.8935546875,2459.778076171875,2460.418701171875,2460.063232421875,2455.65869140625,2461.430908203125,2522.0,2282.0
287.0,2420.505126953125,2460.8935546875,2460.8935546875,2460.8935546875,2459.77783203125,2460.418701171875,2460.063232421875,2455.6572265625,2461.43115234375,2522.0,2282.0
287.25,2420.507568359375,2460.8935546875,2462.223388671875,2460.8935546875,2461.107177734375,2460.418701171875,2460.063232421875,2455.6572265625,2461.430908203125,2522.0,2282.0
287.5,2420.5078125,2460.8935546875,2460.8935546875,2460.8935546875,2459.77783203125,2460.418701171875,2460.0634765625,2455.6572265625,2461.43115234375,2522.0,2282.0
287.75,2420.5048828125,2460.8935546875,2460.8935546875,2460.8935546875,2459.77783203125,2460.418701171875,2460.063232421875,2455.656982421875,2461.430908203125,2522.0,2282.0
288.0,2420.50537109375,2460.8935546875,2460.8935546875,2460.8935546875,2459.77783203125,2460.418701171875,2460.063232421875,2455.6572265625,2462.76123046875,2522.0,2282.0
288.25,2420.505126953125,2460.8935546875,2460.8935546875,2462.223388671875,2459.77783203125,2460.41845703125,2461.392822265625,2455.6572265625,2461.430908203125,2522.0,2282.0
288.5,2420.049072265625,2460.8935546875,2460.8935546875,2462.223388671875,2459.83837890625,2460.384033203125,2461.3896484375,2455.68798828125,2461.405517578125,2522.0,2282.0
288.75,2420.058837890625,2462.223388671875,2460.8935546875,2460.8935546875,2459.83837890625,2461.713623046875,2460.060302734375,2455.686767578125,2461.405517578125,2522.0,2282.0
289.0,2420.04833984375,2460.8935546875,2460.8935546875,2460.8935546875,2459.83837890625,2460.384033203125,2460.060302734375,2455.688232421875,2461.405517578125,2522.0,2282.0
289.25,2420.05029296875,2460.8935546875,2460.8935546875,2460.8935546875,2459.83837890625,2460.384033203125,2460.060302734375,2455.686767578125,2461.405517578125,2522.0,2282.0
289.5,2420.04833984375,2460.8935546875,2460.8935546875,2460.8935546875,2459.83837890625,2460.384033203125,2460.060302734375,2455.686767578125,2461.405517578125,2522.0,2282.0
289.75,2420.05078125,2460.8935546875,2460.8935546875,2460.8935546875,2459.838134765625,2460.384033203125,2460.060302734375,2455.686767578125,2461.405517578125,2522.0,2282.0
290.0,2420.047607421875,2460.8935546875,2460.8935546875,2460.8935546875,2459.83837890625,2460.384033203125,2460.06005859375,2455.686767578125,2461.405517578125,2522.0,2282.0
290.25,2420.048095703125,2460.8935546875,2460.8935546875,2460.8935546875,2459.838134765625,2460.384033203125,2460.060302734375,2455.686767578125,2462.735595703125,2522.0,2282.0
290.5,2420.27490234375,2460.8935546875,2460.8935546875,2460.8935546875,2459.809326171875,2460.386962890625,2460.063232421875,2455.635498046875,2461.409423828125,2522.0,2282.0
290.75,2421.585205078125,2460.8935546875,2460.8935546875,2460.8935546875,2459.809326171875,2460.386962890625,2460.063232421875,2456.96240234375,2461.40966796875,2522.0,2282.0
291.0,2421.59130859375,2460.8935546875,2460.8935546875,2460.8935546875,2459.809326171875,2460.386962890625,2460.063232421875,2455.635498046875,2461.409423828125,2522.0,2282.0
291.25,2420.278076171875,2460.8935546875,2460.8935546875,2460.8935546875,2459.809326171875,2460.386962890625,2460.063232421875,2455.63671875,2461.409423828125,2522.0,2282.0
291.5,2420.27734375,2460.8935546875,2460.8935546875,2460.893310546875,2459.809326171875,2460.386962890625,2460.063232421875,2455.635498046875,2461.409423828125,2522.0,2282.0
291.75,2420.27978515625,2460.8935546875,2462.223388671875,2460.8935546875,2461.138671875,2460.386962890625,2460.063232421875,2455.63525390625,2461.409423828125,2522.0,2282.0
292.0,2420.279541015625,2460.8935546875,2462.223388671875,2460.8935546875,2461.138671875,2460.386962890625,2460.063232421875,2455.635498046875,2461.409423828125,2522.0,2282.0
292.25,2420.27685546875,2460.8935546875,2460.8935546875,2460.8935546875,2459.809326171875,2460.386962890625,2460.063232421875,2455.63525390625,2461.409423828125,2522.0,2282.0
292.5,2420.18505859375,2460.8935546875,2460.8935546875,2460.8935546875,2459.809326171875,2460.386962890625,2460.063232421875,2455.575927734375,2462.79052734375,2522.0,2282.0
292.75,2420.184814453125,2460.8935546875,2460.8935546875,2460.8935546875,2459.809326171875,2460.386962890625,2460.063232421875,2455.575927734375,2461.460693359375,2522.0,2282.0
293.0,2420.184814453125,2460.8935546875,2460.8935546875,2462.223388671875,2459.809326171875,2460.386962890625,2461.392578125,2455.577392578125,2461.46044921875,2522.0,2282.0
293.25,2420.18994140625,2462.223388671875,2460.8935546875,2460.8935546875,2459.809326171875,2461.716552734375,2460.063232421875,2455.576171875,2461.46044921875,2522.0,2282.0
293.5,2420.184814453125,2460.8935546875,2460.8935546875,2460.8935546875,2459.8095703125,2460.386962890625,2460.063232421875,2455.57763671875,2461.460205078125,2522.0,2282.0
293.75,2420.184814453125,2460.8935546875,2460.8935546875,2460.8935546875,2459.809326171875,2460.386962890625,2460.063232421875,2455.575927734375,2461.460693359375,2522.0,2282.0
294.0,2420.18505859375,2460.8935546875,2462.223388671875,2460.8935546875,2461.138671875,2460.386962890625,2460.063232421875,2455.575927734375,2461.46044921875,2522.0,2282.0
294.25,2420.186767578125,2460.8935546875,2460.8935546875,2460.8935546875,2459.809326171875,2460.386962890625,2460.063232421875,2455.575927734375,2461.460693359375,2522.0,2282.0
294.5,2420.6533203125,2460.8935546875,2460.8935546875,2460.8935546875,2459.806396484375,2460.35205078125,2460.12353515625,2455.532470703125,2461.41748046875,2522.0,2282.0
294.75,2420.655029296875,2460.8935546875,2460.8935546875,2460.8935546875,2459.806396484375,2460.35205078125,2460.123779296875,2455.532470703125,2462.747802734375,2522.0,2282.0
295.0,2420.655029296875,2460.8935546875,2460.8935546875,2460.8935546875,2459.806396484375,2460.35205078125,2460.12353515625,2455.5322265625,2461.41748046875,2522.0,2282.0
295.25,2421.96923828125,2460.8935546875,2460.8935546875,2460.8935546875,2459.806396484375,2460.35205078125,2460.12353515625,2456.859375,2461.41748046875,2522.0,2282.0
295.5,2421.96923828125,2460.8935546875,2460.8935546875,2460.8935546875,2459.806396484375,2460.35205078125,2460.12353515625,2455.5322265625,2461.41748046875,2522.0,2282.0
295.75,2420.655517578125,2460.8935546875,2460.8935546875,2460.8935546875,2459.806396484375,2460.35205078125,2460.123779296875,2455.533935546875,2461.41748046875,2522.0,2282.0
296.0,2420.6572265625,2460.8935546875,2460.8935546875,2460.8935546875,2459.806396484375,2460.35205078125,2460.12353515625,2455.5322265625,2461.41748046875,2522.0,2282.0
296.25,2420.658447265625,2460.8935546875,2462.223388671875,2460.8935546875,2461.135498046875,2460.35205078125,2460.123779296875,2455.532470703125,2461.417724609375,2522.0,2282.0
296.5,2421.352294921875,2460.8935546875,2462.223388671875,2460.8935546875,2461.04833984375,2460.328857421875,2460.16455078125,2455.548095703125,2461.323486328125,2522.0,2282.0
296.75,2421.351806640625,2460.8935546875,2460.8935546875,2460.8935546875,2459.71923828125,2460.328857421875,2460.16455078125,2455.548095703125,2461.323486328125,2522.0,2282.0
297.0,2421.352294921875,2460.8935546875,2460.8935546875,2460.8935546875,2459.71923828125,2460.328857421875,2460.16455078125,2455.548095703125,2462.653564453125,2522.0,2282.0
297.25,2421.352294921875,2460.8935546875,2460.8935546875,2462.223388671875,2459.71923828125,2460.328857421875,2461.494140625,2455.548095703125,2461.323486328125,2522.0,2282.0
297.5,2421.352294921875,2460.8935546875,2460.8935546875,2462.223388671875,2459.71923828125,2460.328857421875,2461.494140625,2455.54931640625,2461.323486328125,2522.0,2282.0
297.75,2422.66650390625,2462.223388671875,2460.8935546875,2460.8935546875,2459.71923828125,2460.328857421875,2460.16455078125,2455.548095703125,2461.323486328125,2522.0,2282.0
298.0,2421.352783203125,2462.223388671875,2460.8935546875,2460.8935546875,2459.71923828125,2461.658447265625,2460.16455078125,2455.548095703125,2461.323486328125,2522.0,2282.0
298.25,2421.3525390625,2460.8935546875,2460.8935546875,2460.8935546875,2459.71923828125,2460.328857421875,2460.16455078125,2455.548095703125,2461.323486328125,2522.0,2282.0
298.5,2421.8017578125,2460.8935546875,2460.8935546875,2460.8935546875,2459.730712890625,2460.27734375,2460.11328125,2455.5341796875,2461.255126953125,2522.0,2282.0
298.75,2421.8056640625,2460.8935546875,2460.8935546875,2460.8935546875,2459.73095703125,2460.27734375,2460.11328125,2455.533935546875,2461.255126953125,2522.0,2282.0
299.0,2421.80322265625,2460.8935546875,2460.8935546875,2460.8935546875,2459.730712890625,2460.27734375,2460.11328125,2455.533935546875,2461.255126953125,2522.0,2282.0
299.25,2421.80322265625,2460.8935546875,2460.8935546875,2460.8935546875,2459.73095703125,2460.27734375,2460.11328125,2455.5341796875,2462.5849609375,2522.0,2282.0
299.5,2421.80322265625,2460.8935546875,2460.8935546875,2460.8935546875,2459.73095703125,2460.27734375,2460.11328125,2455.533935546875,2461.255126953125,2522.0,2282.0
299.75,2423.11181640625,2460.8935546875,2460.8935546875,2460.8935546875,2459.73095703125,2460.27734375,2460.11328125,2456.861083984375,2461.255126953125,2522.0,2282.0
300.0,2421.807861328125,2462.223388671875,2460.8935546875,2460.8935546875,2459.73095703125,2460.27734375,2460.11328125,2455.533935546875,2461.255126953125,2522.0,2282.0
300.25,2421.8037109375,2460.8935546875,2460.8935546875,2460.8935546875,2459.73095703125,2460.27734375,2460.11328125,2455.53564453125,2461.255126953125,2522.0,2282.0
300.5,2420.21630859375,2460.8935546875,2460.8935546875,2460.8935546875,2459.782958984375,2460.297119140625,2460.1328125,2455.76953125,2461.213623046875,2522.0,2282.0
300.75,2420.21337890625,2460.8935546875,2462.223388671875,2460.8935546875,2461.1123046875,2460.297119140625,2460.1328125,2455.769775390625,2461.213623046875,2522.0,2282.0
301.0,2420.21337890625,2460.8935546875,2460.8935546875,2460.8935546875,2459.782958984375,2460.297119140625,2460.1328125,2455.76953125,2461.213623046875,2522.0,2282.0
301.25,2420.211181640625,2460.8935546875,2460.8935546875,2460.8935546875,2459.782958984375,2460.297119140625,2460.1328125,2455.769775390625,2461.213623046875,2522.0,2282.0
301.5,2420.211181640625,2460.8935546875,2460.8935546875,2460.8935546875,2459.782958984375,2460.297119140625,2460.1328125,2455.76953125,2462.54345703125,2522.0,2282.0
301.75,2420.211181640625,2460.8935546875,2460.8935546875,2462.223388671875,2459.782958984375,2460.297119140625,2461.462158203125,2455.76953125,2461.213623046875,2522.0,2282.0
302.0,2420.211181640625,2460.8935546875,2460.8935546875,2462.223388671875,2459.782958984375,2460.297119140625,2461.462158203125,2457.0966796875,2461.213623046875,2522.0,2282.0
302.25,2421.525146484375,2460.8935546875,2460.8935546875,2460.8935546875,2459.783203125,2460.297119140625,2460.1328125,2455.769775390625,2461.213623046875,2522.0,2282.0
302.5,2420.42529296875,2462.223388671875,2460.8935546875,2460.8935546875,2459.754150390625,2461.59765625,2460.16748046875,2455.724365234375,2461.3330078125,2522.0,2282.0
302.75,2420.42138671875,2460.8935546875,2460.8935546875,2460.8935546875,2459.754150390625,2460.268310546875,2460.16748046875,2455.724365234375,2461.3330078125,2522.0,2282.0
303.0,2420.423583984375,2460.8935546875,2460.8935546875,2460.8935546875,2459.754150390625,2460.268310546875,2460.16748046875,2455.724365234375,2461.3330078125,2522.0,2282.0
303.25,2420.423583984375,2460.8935546875,2460.8935546875,2460.8935546875,2459.754150390625,2460.268310546875,2460.16748046875,2455.724365234375,2461.3330078125,2522.0,2282.0
303.5,2420.42138671875,2460.8935546875,2460.8935546875,2460.8935546875,2459.754150390625,2460.268310546875,2460.16748046875,2455.724365234375,2461.3330078125,2522.0,2282.0
303.75,2420.42138671875,2460.8935546875,2460.8935546875,2460.8935546875,2459.754150390625,2460.268310546875,2460.16748046875,2455.724365234375,2461.3330078125,2522.0,2282.0
304.0,2420.42138671875,2460.8935546875,2460.8935546875,2460.8935546875,2459.754150390625,2460.268310546875,2460.16748046875,2455.724365234375,2461.3330078125,2522.0,2282.0
304.25,2420.42138671875,2460.8935546875,2460.8935546875,2462.223388671875,2459.754150390625,2460.268310546875,2461.4970703125,2455.7255859375,2461.3330078125,2522.0,2282.0
304.5,2437.41162109375,2462.223388671875,2460.8935546875,2460.8935546875,2460.384521484375,2461.9052734375,2460.533935546875,2457.516845703125,2462.00537109375,2522.0,2282.0
304.75,2437.431396484375,2460.8935546875,2460.8935546875,2460.8935546875,2460.384521484375,2460.575439453125,2460.53369140625,2457.51806640625,2462.00439453125,2522.0,2282.0
305.0,2437.43115234375,2460.8935546875,2460.8935546875,2460.8935546875,2460.384521484375,2460.575439453125,2460.53369140625,2457.516845703125,2462.0048828125,2522.0,2282.0
305.25,2437.4306640625,2460.8935546875,2462.223388671875,2460.8935546875,2461.714111328125,2460.575439453125,2460.53369140625,2457.516845703125,2462.0048828125,2522.0,2282.0
305.5,2437.430908203125,2460.8935546875,2460.8935546875,2460.8935546875,2460.384521484375,2460.575439453125,2460.53369140625,2457.516845703125,2462.0048828125,2522.0,2282.0
305.75,2438.748046875,2460.8935546875,2460.8935546875,2460.8935546875,2460.384521484375,2460.575439453125,2460.53369140625,2457.516845703125,2462.0048828125,2522.0,2282.0
306.0,2438.748046875,2460.8935546875,2460.8935546875,2460.8935546875,2460.384521484375,2460.575439453125,2460.53369140625,2457.516845703125,2463.335205078125,2522.0,2282.0
306.25,2437.43115234375,2460.8935546875,2460.8935546875,2460.8935546875,2460.384521484375,2460.575439453125,2460.53369140625,2457.517578125,2462.0048828125,2522.0,2282.0
306.5,2438.423095703125,2460.8935546875,2460.8935546875,2462.223388671875,2460.353515625,2460.57568359375,2461.8955078125,2457.4140625,2462.0126953125,2522.0,2282.0
306.75,2438.425048828125,2462.223388671875,2460.8935546875,2460.8935546875,2460.353515625,2460.57568359375,2460.56591796875,2457.4140625,2462.0126953125,2522.0,2282.0
307.0,2438.425048828125,2462.223388671875,2460.8935546875,2460.8935546875,2460.353515625,2461.9052734375,2460.56591796875,2457.4140625,2462.0126953125,2522.0,2282.0
307.25,2438.424560546875,2460.8935546875,2460.8935546875,2460.8935546875,2460.353515625,2460.57568359375,2460.56591796875,2457.4140625,2462.012939453125,2522.0,2282.0
307.5,2438.423828125,2460.8935546875,2462.223388671875,2460.8935546875,2461.68310546875,2460.57568359375,2460.56591796875,2457.4140625,2462.012939453125,2522.0,2282.0
307.75,2438.424072265625,2460.8935546875,2460.8935546875,2460.8935546875,2460.353515625,2460.57568359375,2460.56591796875,2457.4140625,2462.012939453125,2522.0,2282.0
308.0,2438.424072265625,2460.8935546875,2460.8935546875,2460.8935546875,2460.353515625,2460.57568359375,2460.56591796875,2457.4140625,2462.012939453125,2522.0,2282.0
308.25,2439.744384765625,2460.8935546875,2460.8935546875,2460.8935546875,2460.353515625,2460.57568359375,2460.56591796875,2457.4140625,2463.34326171875,2522.0,2282.0
308.5,2436.18408203125,2460.8935546875,2460.8935546875,2462.223388671875,2460.353515625,2460.607421875,2460.5341796875,2459.05078125,2461.98876953125,2522.0,2282.0
308.75,2436.184326171875,2460.8935546875,2460.8935546875,2462.223388671875,2460.353515625,2460.607421875,2461.864013671875,2457.72314453125,2461.98876953125,2522.0,2282.0
309.0,2436.1845703125,2460.8935546875,2460.8935546875,2460.8935546875,2460.353515625,2460.607666015625,2460.5341796875,2457.72265625,2461.98876953125,2522.0,2282.0
309.25,2436.18603515625,2460.8935546875,2460.8935546875,2460.8935546875,2460.353515625,2460.607421875,2460.5341796875,2457.7236328125,2461.988525390625,2522.0,2282.0
309.5,2436.184326171875,2460.8935546875,2460.8935546875,2460.8935546875,2460.353515625,2460.607421875,2460.5341796875,2457.72265625,2461.98876953125,2522.0,2282.0
309.75,2436.183837890625,2460.8935546875,2462.223388671875,2460.8935546875,2461.68310546875,2460.607421875,2460.5341796875,2457.72265625,2461.98876953125,2522.0,2282.0
310.0,2436.183837890625,2460.8935546875,2462.223388671875,2460.8935546875,2461.68310546875,2460.607421875,2460.5341796875,2457.72265625,2461.98876953125,2522.0,2282.0
310.25,2436.183837890625,2460.8935546875,2460.8935546875,2460.8935546875,2460.353515625,2460.607421875,2460.534423828125,2457.72265625,2461.98876953125,2522.0,2282.0
310.5,2438.96826171875,2460.8935546875,2460.8935546875,2460.8935546875,2460.33056640625,2460.584716796875,2460.51171875,2457.678955078125,2463.2763671875,2522.0,2282.0
310.75,2437.657958984375,2460.8935546875,2460.8935546875,2460.8935546875,2460.330322265625,2460.584716796875,2460.51171875,2457.678955078125,2461.94580078125,2522.0,2282.0
311.0,2437.653076171875,2460.8935546875,2460.8935546875,2462.223388671875,2460.33056640625,2460.584716796875,2461.84130859375,2457.679443359375,2461.94580078125,2522.0,2282.0
311.25,2437.653564453125,2462.223388671875,2460.8935546875,2460.8935546875,2460.330322265625,2460.584716796875,2460.51171875,2457.67919921875,2461.946044921875,2522.0,2282.0
311.5,2437.65380859375,2460.8935546875,2460.8935546875,2460.8935546875,2460.330322265625,2460.584716796875,2460.51171875,2457.68017578125,2461.94580078125,2522.0,2282.0
311.75,2437.653076171875,2460.8935546875,2460.8935546875,2460.8935546875,2460.330322265625,2460.584716796875,2460.51171875,2457.678955078125,2461.946044921875,2522.0,2282.0
312.0,2437.652587890625,2460.8935546875,2462.223388671875,2460.8935546875,2461.659912109375,2460.584716796875,2460.51171875,2457.678955078125,2461.94580078125,2522.0,2282.0
312.25,2437.65283203125,2460.8935546875,2460.8935546875,2460.8935546875,2460.330322265625,2460.584716796875,2460.51171875,2457.678955078125,2461.946044921875,2522.0,2282.0
312.5,2438.797119140625,2460.8935546875,2460.8935546875,2460.8935546875,2460.17041015625,2460.584228515625,2460.670166015625,2457.481201171875,2461.9150390625,2522.0,2282.0
312.75,2438.800048828125,2460.8935546875,2460.8935546875,2460.8935546875,2460.17041015625,2460.584228515625,2460.670166015625,2457.481201171875,2461.9150390625,2522.0,2282.0
313.0,2438.7978515625,2460.8935546875,2460.8935546875,2460.8935546875,2460.170166015625,2460.584228515625,2460.670166015625,2457.481201171875,2461.9150390625,2522.0,2282.0
313.25,2438.7978515625,2460.8935546875,2460.8935546875,2462.223388671875,2460.17041015625,2460.584228515625,2462.0,2458.80908203125,2461.9150390625,2522.0,2282.0
313.5,2438.798583984375,2462.223388671875,2460.8935546875,2460.8935546875,2460.17041015625,2460.584228515625,2460.670166015625,2457.481201171875,2461.9150390625,2522.0,2282.0
313.75,2438.797607421875,2460.8935546875,2460.8935546875,2460.8935546875,2460.17041015625,2460.584228515625,2460.670166015625,2457.482421875,2461.91455078125,2522.0,2282.0
314.0,2438.7978515625,2460.8935546875,2460.8935546875,2460.8935546875,2460.170166015625,2460.584228515625,2460.670166015625,2457.481201171875,2461.9150390625,2522.0,2282.0
314.25,2438.79736328125,2460.8935546875,2462.223388671875,2460.8935546875,2461.499755859375,2460.584228515625,2460.670166015625,2457.481201171875,2461.9150390625,2522.0,2282.0
314.5,2439.623291015625,2460.8935546875,2460.8935546875,2460.8935546875,2460.10595703125,2460.647705078125,2460.670654296875,2457.238037109375,2462.00341796875,2522.0,2282.0
314.75,2440.942138671875,2460.8935546875,2460.8935546875,2460.8935546875,2460.10595703125,2460.647705078125,2460.670654296875,2457.238037109375,2462.00341796875,2522.0,2282.0
315.0,2440.944580078125,2460.8935546875,2460.8935546875,2460.8935546875,2460.10595703125,2460.647705078125,2460.670654296875,2457.238037109375,2463.333740234375,2522.0,2282.0
315.25,2439.6240234375,2460.8935546875,2460.8935546875,2460.8935546875,2460.10595703125,2460.647705078125,2460.670654296875,2457.23779296875,2462.00341796875,2522.0,2282.0
315.5,2439.6240234375,2460.8935546875,2460.8935546875,2462.223388671875,2460.10595703125,2460.647705078125,2462.000244140625,2457.23876953125,2462.00341796875,2522.0,2282.0
315.75,2439.624755859375,2460.8935546875,2460.8935546875,2460.8935546875,2460.10595703125,2460.647705078125,2460.670654296875,2457.238037109375,2462.00341796875,2522.0,2282.0
316.0,2439.623779296875,2462.223388671875,2460.8935546875,2460.8935546875,2460.10595703125,2461.977294921875,2460.670654296875,2457.238037109375,2462.003173828125,2522.0,2282.0
316.25,2439.623779296875,2460.8935546875,2460.8935546875,2460.8935546875,2460.10595703125,2460.647705078125,2460.670654296875,2457.238037109375,2462.00341796875,2522.0,2282.0
316.5,2439.111083984375,2460.8935546875,2462.223388671875,2460.8935546875,2461.438232421875,2460.6826171875,2460.6103515625,2457.289306640625,2461.99951171875,2522.0,2282.0
316.75,2439.111083984375,2460.8935546875,2460.8935546875,2460.8935546875,2460.108642578125,2460.6826171875,2460.6103515625,2457.289306640625,2461.999267578125,2522.0,2282.0
317.0,2439.111083984375,2460.8935546875,2460.8935546875,2460.8935546875,2460.10888671875,2460.6826171875,2460.6103515625,2457.289306640625,2461.99951171875,2522.0,2282.0
317.25,2440.42919921875,2460.8935546875,2460.8935546875,2460.8935546875,2460.10888671875,2460.6826171875,2460.6103515625,2457.28955078125,2463.329833984375,2522.0,2282.0
317.5,2439.111328125,2460.8935546875,2460.8935546875,2460.8935546875,2460.108642578125,2460.6826171875,2460.6103515625,2457.289306640625,2461.99951171875,2522.0,2282.0
317.75,2439.111572265625,2460.8935546875,2460.8935546875,2462.223388671875,2460.10888671875,2460.6826171875,2461.940185546875,2458.617431640625,2461.999267578125,2522.0,2282.0
318.0,2439.11181640625,2460.8935546875,2460.8935546875,2460.8935546875,2460.108642578125,2460.6826171875,2460.6103515625,2457.289306640625,2461.99951171875,2522.0,2282.0
318.25,2439.112060546875,2460.8935546875,2460.8935546875,2460.8935546875,2460.10888671875,2460.6826171875,2460.6103515625,2457.29052734375,2461.9990234375,2522.0,2282.0
318.5,2437.020751953125,2460.8935546875,2460.8935546875,2460.8935546875,2460.4521484375,2460.54736328125,2460.473876953125,2457.370361328125,2461.969970703125,2522.0,2282.0
318.75,2437.019775390625,2460.8935546875,2462.223388671875,2460.8935546875,2461.78173828125,2460.54736328125,2460.4736328125,2457.370361328125,2461.969970703125,2522.0,2282.0
319.0,2437.019775390625,2460.8935546875,2462.223388671875,2460.8935546875,2461.78173828125,2460.54736328125,2460.473876953125,2457.370361328125,2461.969970703125,2522.0,2282.0
319.25,2437.019775390625,2460.8935546875,2460.8935546875,2460.8935546875,2460.4521484375,2460.54736328125,2460.4736328125,2457.370361328125,2461.969970703125,2522.0,2282.0
319.5,2437.019775390625,2460.8935546875,2460.8935546875,2460.8935546875,2460.4521484375,2460.54736328125,2460.473876953125,2457.370361328125,2463.30029296875,2522.0,2282.0
319.75,2437.022705078125,2460.8935546875,2460.8935546875,2462.223388671875,2460.4521484375,2460.54736328125,2460.4736328125,2457.370361328125,2461.969970703125,2522.0,2282.0
320.0,2437.020263671875,2460.8935546875,2460.8935546875,2462.223388671875,2460.4521484375,2460.54736328125,2461.803466796875,2457.37109375,2461.969970703125,2522.0,2282.0
320.25,2437.020263671875,2460.8935546875,2460.8935546875,2460.8935546875,2460.4521484375,2460.54736328125,2460.4736328125,2457.370361328125,2461.969970703125,2522.0,2282.0
320.5,2437.10205078125,2462.223388671875,2460.8935546875,2460.8935546875,2460.49853515625,2461.92236328125,2460.518798828125,2457.273681640625,2462.093017578125,2522.0,2282.0
320.75,2437.099365234375,2460.8935546875,2460.8935546875,2460.8935546875,2460.49853515625,2460.5927734375,2460.518798828125,2457.273681640625,2462.09326171875,2522.0,2282.0
321.0,2437.09912109375,2460.8935546875,2462.223388671875,2460.8935546875,2461.828369140625,2460.5927734375,2460.518798828125,2457.273681640625,2462.09326171875,2522.0,2282.0
321.25,2437.099365234375,2460.8935546875,2460.8935546875,2460.8935546875,2460.49853515625,2460.5927734375,2460.518798828125,2457.273681640625,2462.09326171875,2522.0,2282.0
321.5,2437.099365234375,2460.8935546875,2460.8935546875,2460.8935546875,2460.49853515625,2460.5927734375,2460.518798828125,2457.273681640625,2462.09326171875,2522.0,2282.0
321.75,2437.1044921875,2460.8935546875,2460.8935546875,2460.8935546875,2460.49853515625,2460.5927734375,2460.518798828125,2457.273681640625,2462.09326171875,2522.0,2282.0
322.0,2437.099609375,2460.8935546875,2460.8935546875,2462.223388671875,2460.49853515625,2460.5927734375,2460.518798828125,2457.2744140625,2462.09326171875,2522.0,2282.0
322.25,2437.099609375,2460.8935546875,2460.8935546875,2462.223388671875,2460.49853515625,2460.5927734375,2461.848388671875,2458.602294921875,2462.09326171875,2522.0,2282.0
322.5,2437.8232421875,2460.8935546875,2460.8935546875,2460.8935546875,2460.48779296875,2460.454833984375,2460.508056640625,2457.605712890625,2461.928466796875,2522.0,2282.0
322.75,2437.823974609375,2460.8935546875,2460.8935546875,2460.8935546875,2460.48779296875,2460.454833984375,2460.508056640625,2457.60693359375,2461.92822265625,2522.0,2282.0
323.0,2437.823486328125,2460.8935546875,2460.8935546875,2460.8935546875,2460.48779296875,2460.454833984375,2460.508056640625,2457.605712890625,2461.928466796875,2522.0,2282.0
323.25,2437.823486328125,2460.8935546875,2462.223388671875,2460.8935546875,2461.8173828125,2460.454833984375,2460.508056640625,2457.605712890625,2461.928466796875,2522.0,2282.0
323.5,2437.82373046875,2460.8935546875,2460.8935546875,2460.8935546875,2460.48779296875,2460.454833984375,2460.508056640625,2457.605712890625,2461.928466796875,2522.0,2282.0
323.75,2437.82373046875,2460.8935546875,2460.8935546875,2460.8935546875,2460.48779296875,2460.454833984375,2460.508056640625,2457.605712890625,2461.928466796875,2522.0,2282.0
324.0,2437.82373046875,2460.8935546875,2460.8935546875,2460.893310546875,2460.48779296875,2460.454833984375,2460.508056640625,2457.60595703125,2463.2587890625,2522.0,2282.0
324.25,2437.8291015625,2460.8935546875,2460.8935546875,2460.8935546875,2460.48779296875,2460.454833984375,2460.508056640625,2457.605712890625,2461.928466796875,2522.0,2282.0
324.5,2437.30322265625,2460.8935546875,2460.8935546875,2462.223388671875,2460.5576171875,2460.4609375,2461.716796875,2459.088134765625,2461.916259765625,2522.0,2282.0
324.75,2437.304443359375,2462.223388671875,2460.8935546875,2460.8935546875,2460.5576171875,2461.79052734375,2460.38720703125,2457.76025390625,2461.916259765625,2522.0,2282.0
325.0,2437.302490234375,2462.223388671875,2460.8935546875,2460.8935546875,2460.5576171875,2461.79052734375,2460.38720703125,2457.76025390625,2461.916259765625,2522.0,2282.0
325.25,2437.30224609375,2460.8935546875,2460.8935546875,2460.8935546875,2460.5576171875,2460.4609375,2460.38720703125,2457.760009765625,2461.91650390625,2522.0,2282.0
325.5,2437.302001953125,2460.8935546875,2462.223388671875,2460.8935546875,2461.887451171875,2460.4609375,2460.38720703125,2457.760009765625,2461.91650390625,2522.0,2282.0
325.75,2437.302490234375,2460.8935546875,2460.8935546875,2460.8935546875,2460.5576171875,2460.4609375,2460.38720703125,2457.760009765625,2461.91650390625,2522.0,2282.0
326.0,2437.302490234375,2460.8935546875,2460.8935546875,2460.8935546875,2460.557861328125,2460.4609375,2460.38720703125,2457.760009765625,2461.91650390625,2522.0,2282.0
326.25,2438.61962890625,2460.8935546875,2460.8935546875,2460.8935546875,2460.5576171875,2460.4609375,2460.38720703125,2457.760009765625,2461.91650390625,2522.0,2282.0
326.5,2437.025390625,2460.8935546875,2460.8935546875,2460.8935546875,2460.513916015625,2460.44873046875,2460.533447265625,2457.789794921875,2461.890869140625,2522.0,2282.0
326.75,2437.02099609375,2460.8935546875,2460.8935546875,2460.8935546875,2460.513916015625,2460.44873046875,2460.533447265625,2459.117919921875,2461.890869140625,2522.0,2282.0
327.0,2437.02099609375,2460.8935546875,2460.8935546875,2460.8935546875,2460.513916015625,2460.44873046875,2460.533447265625,2457.78955078125,2461.890869140625,2522.0,2282.0
327.25,2437.020263671875,2460.8935546875,2460.8935546875,2460.8935546875,2460.513916015625,2460.44873046875,2460.533447265625,2457.790771484375,2461.890869140625,2522.0,2282.0
327.5,2437.020263671875,2460.8935546875,2460.8935546875,2460.8935546875,2460.513916015625,2460.44873046875,2460.533447265625,2457.791015625,2461.890625,2522.0,2282.0
327.75,2437.020263671875,2460.8935546875,2462.223388671875,2460.8935546875,2461.843505859375,2460.44873046875,2460.533447265625,2457.78955078125,2461.89111328125,2522.0,2282.0
328.0,2437.020263671875,2460.8935546875,2460.8935546875,2460.8935546875,2460.513916015625,2460.44873046875,2460.533447265625,2457.78955078125,2461.890869140625,2522.0,2282.0
328.25,2437.020263671875,2460.8935546875,2460.8935546875,2460.8935546875,2460.513916015625,2460.44873046875,2460.533447265625,2457.789794921875,2461.89111328125,2522.0,2282.0
328.5,2436.557861328125,2460.8935546875,2460.8935546875,2460.8935546875,2460.516845703125,2460.419677734375,2460.53662109375,2457.8115234375,2463.242919921875,2522.0,2282.0
328.75,2437.876953125,2460.8935546875,2460.8935546875,2460.8935546875,2460.516845703125,2460.419921875,2460.53662109375,2457.8115234375,2461.91259765625,2522.0,2282.0
329.0,2436.557861328125,2460.8935546875,2460.8935546875,2462.223388671875,2460.516845703125,2460.419677734375,2461.8662109375,2457.811767578125,2461.912353515625,2522.0,2282.0
329.25,2436.559326171875,2462.223388671875,2460.8935546875,2460.8935546875,2460.516845703125,2460.419921875,2460.53662109375,2457.8115234375,2461.91259765625,2522.0,2282.0
329.5,2436.558349609375,2460.8935546875,2460.8935546875,2460.8935546875,2460.516845703125,2460.419677734375,2460.53662109375,2457.8125,2461.912353515625,2522.0,2282.0
329.75,2436.55712890625,2460.8935546875,2460.8935546875,2460.8935546875,2460.516845703125,2460.419921875,2460.53662109375,2457.8125,2461.912109375,2522.0,2282.0
330.0,2436.556884765625,2460.8935546875,2462.223388671875,2460.8935546875,2461.846435546875,2460.419677734375,2460.53662109375,2457.811279296875,2461.912353515625,2522.0,2282.0
330.25,2436.55712890625,2460.8935546875,2460.8935546875,2460.8935546875,2460.516845703125,2460.419921875,2460.53662109375,2457.8115234375,2461.912353515625,2522.0,2282.0
330.5,2437.89990234375,2460.8935546875,2460.8935546875,2460.8935546875,2460.394775390625,2460.457275390625,2460.57470703125,2457.74609375,2461.84814453125,2522.0,2282.0
330.75,2437.9013671875,2460.8935546875,2460.8935546875,2460.8935546875,2460.394775390625,2460.457275390625,2460.57470703125,2457.74609375,2463.178466796875,2522.0,2282.0
331.0,2437.906494140625,2460.8935546875,2460.8935546875,2460.8935546875,2460.394775390625,2460.457275390625,2460.57470703125,2457.74609375,2461.847900390625,2522.0,2282.0
331.25,2437.90185546875,2460.8935546875,2460.8935546875,2462.223388671875,2460.394775390625,2460.457275390625,2461.904541015625,2457.74658203125,2461.847900390625,2522.0,2282.0
331.5,2437.90185546875,2460.8935546875,2460.8935546875,2460.8935546875,2460.394775390625,2460.457275390625,2460.57470703125,2457.74609375,2461.847900390625,2522.0,2282.0
331.75,2437.90234375,2460.8935546875,2460.8935546875,2460.8935546875,2460.394775390625,2460.457275390625,2460.57470703125,2457.747314453125,2461.847900390625,2522.0,2282.0
332.0,2437.9013671875,2460.8935546875,2460.8935546875,2460.8935546875,2460.394775390625,2460.457275390625,2460.57470703125,2457.74609375,2461.84814453125,2522.0,2282.0
332.25,2437.90087890625,2460.8935546875,2462.223388671875,2460.8935546875,2461.724365234375,2460.457275390625,2460.57470703125,2457.74609375,2461.847900390625,2522.0,2282.0
332.5,2453.30029296875,2460.8935546875,2462.223388671875,2460.8935546875,2462.157470703125,2460.72900390625,2460.716064453125,2459.126220703125,2462.38916015625,2522.0,2282.0
332.75,2451.976806640625,2460.8935546875,2460.8935546875,2460.8935546875,2460.82763671875,2460.72900390625,2460.716064453125,2459.126708984375,2462.388671875,2522.0,2282.0
333.0,2451.975830078125,2460.8935546875,2460.8935546875,2460.8935546875,2460.82763671875,2460.72900390625,2460.716064453125,2459.126708984375,2462.388671875,2522.0,2282.0
333.25,2451.975830078125,2460.8935546875,2460.8935546875,2462.223388671875,2460.82763671875,2460.72900390625,2460.716064453125,2459.126708984375,2462.388671875,2522.0,2282.0
333.5,2451.975830078125,2460.8935546875,2460.8935546875,2462.223388671875,2460.82763671875,2460.72900390625,2462.0458984375,2460.45556640625,2462.388671875,2522.0,2282.0
333.75,2451.975830078125,2462.223388671875,2460.8935546875,2460.8935546875,2460.82763671875,2460.72900390625,2460.716064453125,2459.126708984375,2462.388671875,2522.0,2282.0
334.0,2451.975830078125,2460.8935546875,2460.8935546875,2460.8935546875,2460.82763671875,2460.72900390625,2460.716064453125,2459.127685546875,2462.388427734375,2522.0,2282.0
334.25,2451.975830078125,2460.8935546875,2460.8935546875,2460.8935546875,2460.82763671875,2460.72900390625,2460.716064453125,2459.126708984375,2462.388671875,2522.0,2282.0
334.5,2451.635986328125,2460.8935546875,2462.223388671875,2460.8935546875,2462.218505859375,2460.726318359375,2460.681396484375,2459.2294921875,2462.380859375,2522.0,2282.0
334.75,2452.960693359375,2460.8935546875,2460.8935546875,2460.8935546875,2460.888671875,2460.726318359375,2460.681396484375,2459.2294921875,2462.380615234375,2522.0,2282.0
335.0,2451.635986328125,2460.8935546875,2460.8935546875,2460.8935546875,2460.888671875,2460.72607421875,2460.681396484375,2459.2294921875,2462.380859375,2522.0,2282.0
335.25,2451.635986328125,2460.8935546875,2460.8935546875,2460.8935546875,2460.888671875,2460.726318359375,2460.681396484375,2459.2294921875,2462.380615234375,2522.0,2282.0
335.5,2451.635986328125,2460.8935546875,2460.8935546875,2460.8935546875,2460.888671875,2460.72607421875,2460.681396484375,2459.2294921875,2462.380615234375,2522.0,2282.0
335.75,2451.635986328125,2460.8935546875,2460.8935546875,2460.8935546875,2460.888671875,2460.72607421875,2460.681396484375,2459.2294921875,2462.380615234375,2522.0,2282.0
336.0,2451.6357421875,2462.223388671875,2460.8935546875,2460.8935546875,2460.888671875,2460.72607421875,2460.681396484375,2459.2294921875,2462.38037109375,2522.0,2282.0
336.25,2451.6357421875,2460.8935546875,2460.8935546875,2460.8935546875,2460.888671875,2460.72607421875,2460.681396484375,2459.230224609375,2462.38037109375,2522.0,2282.0
336.5,2451.718505859375,2460.8935546875,2460.8935546875,2460.8935546875,2460.9345703125,2460.771728515625,2460.7265625,2459.127685546875,2462.38818359375,2522.0,2282.0
336.75,2453.043212890625,2460.8935546875,2462.223388671875,2460.8935546875,2462.2646484375,2460.771728515625,2460.7265625,2459.126708984375,2462.388671875,2522.0,2282.0
337.0,2453.043212890625,2460.8935546875,2460.8935546875,2460.8935546875,2460.9345703125,2460.771728515625,2460.7265625,2459.126708984375,2462.388671875,2522.0,2282.0
337.25,2451.71826171875,2460.8935546875,2460.8935546875,2460.8935546875,2460.9345703125,2460.771728515625,2460.7265625,2459.126708984375,2462.388671875,2522.0,2282.0
337.5,2451.71826171875,2460.8935546875,2460.8935546875,2460.8935546875,2460.9345703125,2460.771728515625,2460.7265625,2459.126708984375,2462.388671875,2522.0,2282.0
337.75,2451.71826171875,2460.8935546875,2460.8935546875,2462.223388671875,2460.9345703125,2460.771728515625,2460.7265625,2459.126708984375,2462.388671875,2522.0,2282.0
338.0,2451.71826171875,2460.8935546875,2460.8935546875,2462.223388671875,2460.9345703125,2460.771728515625,2462.056396484375,2460.45556640625,2462.388671875,2522.0,2282.0
338.25,2451.71826171875,2462.223388671875,2460.8935546875,2460.8935546875,2460.9345703125,2460.771728515625,2460.7265625,2459.126708984375,2462.388671875,2522.0,2282.0
338.5,2452.260986328125,2460.8935546875,2460.8935546875,2460.8935546875,2460.91162109375,2460.685302734375,2460.76708984375,2459.11376953125,2462.320068359375,2522.0,2282.0
338.75,2452.26123046875,2460.8935546875,2460.8935546875,2460.8935546875,2460.91162109375,2460.685302734375,2460.76708984375,2459.11279296875,2462.3203125,2522.0,2282.0
339.0,2452.26123046875,2460.8935546875,2462.223388671875,2460.8935546875,2462.24169921875,2460.685302734375,2460.76708984375,2459.11279296875,2462.3203125,2522.0,2282.0
339.25,2452.261962890625,2460.8935546875,2460.8935546875,2460.8935546875,2460.91162109375,2460.685302734375,2460.76708984375,2459.11279296875,2462.3203125,2522.0,2282.0
339.5,2452.261474609375,2460.8935546875,2460.8935546875,2460.8935546875,2460.91162109375,2460.685302734375,2460.76708984375,2459.11279296875,2462.3203125,2522.0,2282.0
339.75,2452.26123046875,2460.8935546875,2460.8935546875,2460.8935546875,2460.91162109375,2460.685302734375,2460.76708984375,2459.11279296875,2462.3203125,2522.0,2282.0
340.0,2452.26123046875,2460.8935546875,2460.8935546875,2462.223388671875,2460.91162109375,2460.685302734375,2460.76708984375,2460.441650390625,2462.3203125,2522.0,2282.0
340.25,2452.26123046875,2460.8935546875,2460.8935546875,2460.8935546875,2460.91162109375,2460.685302734375,2460.76708984375,2459.11279296875,2462.3203125,2522.0,2282.0
340.5,2451.909423828125,2462.223388671875,2460.8935546875,2460.8935546875,2460.8447265625,2460.809326171875,2460.732666015625,2458.98046875,2462.353759765625,2522.0,2282.0
340.75,2451.909912109375,2460.8935546875,2460.8935546875,2460.8935546875,2460.8447265625,2460.809326171875,2460.73291015625,2458.98046875,2462.353271484375,2522.0,2282.0
341.0,2451.909423828125,2460.8935546875,2460.8935546875,2460.8935546875,2460.8447265625,2460.809326171875,2460.732666015625,2458.98046875,2462.353759765625,2522.0,2282.0
341.25,2451.910400390625,2460.8935546875,2460.8935546875,2460.8935546875,2460.8447265625,2460.809326171875,2460.73291015625,2458.98046875,2462.353759765625,2522.0,2282.0
341.5,2451.910400390625,2460.8935546875,2460.8935546875,2460.8935546875,2460.8447265625,2460.809326171875,2460.732666015625,2458.98046875,2462.353759765625,2522.0,2282.0
341.75,2451.90966796875,2460.8935546875,2460.8935546875,2460.8935546875,2460.8447265625,2460.809326171875,2460.73291015625,2458.98046875,2462.353759765625,2522.0,2282.0
342.0,2451.90966796875,2460.8935546875,2460.8935546875,2460.8935546875,2460.8447265625,2460.809326171875,2460.732666015625,2458.98046875,2463.684326171875,2522.0,2282.0
342.25,2451.90966796875,2460.8935546875,2460.8935546875,2460.8935546875,2460.8447265625,2460.809326171875,2462.0625,2460.309326171875,2462.353759765625,2522.0,2282.0
342.5,2450.966552734375,2460.8935546875,2460.8935546875,2460.8935546875,2460.879638671875,2460.7490234375,2460.735595703125,2459.15625,2462.36328125,2522.0,2282.0
342.75,2450.96630859375,2460.8935546875,2460.8935546875,2460.8935546875,2460.879638671875,2462.07861328125,2460.735595703125,2459.156494140625,2462.36328125,2522.0,2282.0
343.0,2450.966552734375,2460.8935546875,2460.8935546875,2460.8935546875,2460.879638671875,2460.7490234375,2460.735595703125,2459.156494140625,2462.36279296875,2522.0,2282.0
343.25,2450.96630859375,2460.8935546875,2460.8935546875,2460.8935546875,2460.879638671875,2460.7490234375,2460.735595703125,2459.15625,2462.36328125,2522.0,2282.0
343.5,2450.966552734375,2460.8935546875,2460.8935546875,2460.8935546875,2460.8798828125,2460.7490234375,2460.735595703125,2459.15625,2462.36328125,2522.0,2282.0
343.75,2450.9677734375,2460.8935546875,2460.8935546875,2460.8935546875,2460.879638671875,2460.7490234375,2460.735595703125,2459.15625,2462.36328125,2522.0,2282.0
344.0,2450.966552734375,2460.8935546875,2460.8935546875,2460.8935546875,2460.8798828125,2460.7490234375,2460.735595703125,2459.15625,2462.36328125,2522.0,2282.0
344.25,2450.966552734375,2460.8935546875,2460.8935546875,2460.8935546875,2460.879638671875,2460.7490234375,2460.735595703125,2459.15625,2463.69384765625,2522.0,2282.0
344.5,2452.91845703125,2460.8935546875,2460.8935546875,2462.223388671875,2461.03369140625,2460.64794921875,2460.729248046875,2458.84033203125,2462.43408203125,2522.0,2282.0
344.75,2452.918701171875,2460.8935546875,2460.8935546875,2460.8935546875,2461.03369140625,2460.64794921875,2460.729248046875,2458.84033203125,2462.43408203125,2522.0,2282.0
345.0,2452.91845703125,2460.8935546875,2460.8935546875,2460.8935546875,2461.03369140625,2461.9775390625,2460.729248046875,2458.84033203125,2462.43408203125,2522.0,2282.0
345.25,2452.918701171875,2460.8935546875,2460.8935546875,2460.8935546875,2461.03369140625,2460.64794921875,2460.729248046875,2458.841064453125,2462.433837890625,2522.0,2282.0
345.5,2452.918701171875,2460.8935546875,2460.8935546875,2460.8935546875,2461.03369140625,2460.64794921875,2460.729248046875,2458.84033203125,2462.43408203125,2522.0,2282.0
345.75,2454.244140625,2460.8935546875,2460.8935546875,2460.8935546875,2461.03369140625,2460.64794921875,2460.729248046875,2458.84033203125,2462.43408203125,2522.0,2282.0
346.0,2452.918701171875,2460.8935546875,2460.8935546875,2460.8935546875,2461.03369140625,2460.64794921875,2460.729248046875,2458.840087890625,2462.43408203125,2522.0,2282.0
346.25,2452.918701171875,2460.8935546875,2460.8935546875,2460.8935546875,2461.03369140625,2460.64794921875,2460.729248046875,2458.84033203125,2462.434326171875,2522.0,2282.0
346.5,2453.0498046875,2460.8935546875,2460.8935546875,2460.8935546875,2460.841796875,2460.869873046875,2460.6982421875,2458.699951171875,2463.84521484375,2522.0,2282.0
346.75,2453.0498046875,2460.8935546875,2460.8935546875,2462.223388671875,2460.841796875,2460.8701171875,2460.6982421875,2460.02880859375,2462.5146484375,2522.0,2282.0
347.0,2453.0498046875,2460.8935546875,2460.8935546875,2460.8935546875,2460.841796875,2460.869873046875,2460.6982421875,2458.699951171875,2462.5146484375,2522.0,2282.0
347.25,2453.0498046875,2462.223388671875,2460.8935546875,2460.8935546875,2460.841796875,2460.869873046875,2460.6982421875,2458.7001953125,2462.51416015625,2522.0,2282.0
347.5,2453.0498046875,2460.8935546875,2460.8935546875,2460.8935546875,2460.841796875,2460.869873046875,2460.6982421875,2458.700927734375,2462.51416015625,2522.0,2282.0
347.75,2454.37548828125,2460.8935546875,2460.8935546875,2460.8935546875,2460.841796875,2460.869873046875,2460.6982421875,2458.699951171875,2462.514404296875,2522.0,2282.0
348.0,2454.37548828125,2460.8935546875,2462.223388671875,2460.8935546875,2462.171630859375,2460.8701171875,2460.6982421875,2458.699951171875,2462.5146484375,2522.0,2282.0
348.25,2453.0498046875,2460.8935546875,2460.8935546875,2460.8935546875,2460.841796875,2460.8701171875,2460.6982421875,2458.699951171875,2462.514404296875,2522.0,2282.0
348.5,2451.398193359375,2460.8935546875,2460.8935546875,2460.8935546875,2460.841552734375,2460.8701171875,2460.6982421875,2458.956787109375,2462.49462890625,2522.0,2282.0
348.75,2451.398193359375,2460.8935546875,2460.8935546875,2460.8935546875,2460.841796875,2460.8701171875,2462.028076171875,2460.285888671875,2462.49462890625,2522.0,2282.0
349.0,2451.398193359375,2460.8935546875,2460.8935546875,2460.8935546875,2460.841796875,2460.8701171875,2460.6982421875,2458.956787109375,2462.494384765625,2522.0,2282.0
349.25,2452.722900390625,2460.8935546875,2460.8935546875,2460.8935546875,2460.841796875,2460.8701171875,2460.6982421875,2458.95703125,2462.494384765625,2522.0,2282.0
349.5,2451.421630859375,2460.8935546875,2460.8935546875,2460.8935546875,2460.905517578125,2460.902099609375,2460.603271484375,2458.95703125,2462.494384765625,2522.0,2282.0
349.75,2451.421142578125,2460.8935546875,2460.8935546875,2460.8935546875,2460.905517578125,2460.902099609375,2460.603271484375,2458.95703125,2463.8251953125,2522.0,2282.0
350.0,2451.421142578125,2460.8935546875,2460.8935546875,2460.8935546875,2460.905517578125,2460.902099609375,2460.603271484375,2458.956787109375,2462.494384765625,2522.0,2282.0
350.25,2451.4208984375,2460.8935546875,2460.8935546875,2462.223388671875,2460.905517578125,2460.902099609375,2460.603271484375,2458.95703125,2462.494384765625,2522.0,2282.0
350.5,2451.421142578125,2460.8935546875,2460.8935546875,2460.8935546875,2460.905517578125,2460.902099609375,2460.603271484375,2458.956787109375,2462.494384765625,2522.0,2282.0
350.75,2451.4208984375,2460.8935546875,2460.8935546875,2460.8935546875,2460.90576171875,2462.23193359375,2460.603271484375,2458.95703125,2462.494140625,2522.0,2282.0
351.0,2451.421142578125,2460.8935546875,2460.8935546875,2460.8935546875,2460.905517578125,2460.902099609375,2460.603271484375,2458.95703125,2462.49462890625,2522.0,2282.0
351.25,2451.4208984375,2460.8935546875,2462.223388671875,2460.8935546875,2462.235595703125,2460.902099609375,2460.603271484375,2458.95703125,2462.494384765625,2522.0,2282.0
351.5,2453.15576171875,2460.8935546875,2460.8935546875,2460.8935546875,2460.722900390625,2460.846923828125,2460.770751953125,2458.921142578125,2462.40478515625,2522.0,2282.0
351.75,2453.15576171875,2460.8935546875,2460.8935546875,2460.8935546875,2460.722900390625,2460.846923828125,2460.770751953125,2458.921142578125,2462.40478515625,2522.0,2282.0
352.0,2453.15576171875,2460.8935546875,2460.8935546875,2460.8935546875,2460.722900390625,2460.846923828125,2460.770751953125,2458.921142578125,2463.7353515625,2522.0,2282.0
352.25,2453.15576171875,2460.8935546875,2460.8935546875,2460.8935546875,2460.722900390625,2460.846923828125,2460.770751953125,2458.92138671875,2462.40478515625,2522.0,2282.0
352.5,2453.15576171875,2460.8935546875,2460.8935546875,2460.8935546875,2460.722900390625,2460.846923828125,2462.1005859375,2458.921142578125,2462.40478515625,2522.0,2282.0
352.75,2453.15576171875,2462.223388671875,2460.8935546875,2460.8935546875,2460.722900390625,2462.1767578125,2460.770751953125,2458.92138671875,2462.404541015625,2522.0,2282.0
353.0,2453.15576171875,2460.8935546875,2460.8935546875,2460.8935546875,2460.722900390625,2462.1767578125,2460.770751953125,2458.92138671875,2462.404541015625,2522.0,2282.0
353.25,2453.156005859375,2460.8935546875,2460.8935546875,2460.8935546875,2460.722900390625,2460.846923828125,2460.770751953125,2458.921142578125,2462.40478515625,2522.0,2282.0
353.5,2454.60400390625,2460.8935546875,2462.223388671875,2460.8935546875,2461.91845703125,2460.904052734375,2460.8916015625,2458.943115234375,2462.42626953125,2522.0,2282.0
353.75,2453.2783203125,2460.8935546875,2460.8935546875,2460.8935546875,2460.5888671875,2460.904052734375,2460.8916015625,2458.94287109375,2462.426025390625,2522.0,2282.0
354.0,2453.2783203125,2460.8935546875,2460.8935546875,2460.8935546875,2460.5888671875,2460.904052734375,2460.8916015625,2458.943115234375,2462.42626953125,2522.0,2282.0
354.25,2453.278076171875,2460.8935546875,2460.8935546875,2460.8935546875,2460.5888671875,2460.904052734375,2460.8916015625,2458.94287109375,2463.7568359375,2522.0,2282.0
354.5,2453.2783203125,2460.8935546875,2460.8935546875,2460.8935546875,2460.5888671875,2460.904052734375,2460.8916015625,2458.94287109375,2462.42626953125,2522.0,2282.0
354.75,2453.278076171875,2460.8935546875,2460.8935546875,2460.8935546875,2460.5888671875,2460.904052734375,2460.8916015625,2458.94287109375,2462.42626953125,2522.0,2282.0
355.0,2453.2783203125,2460.8935546875,2460.8935546875,2460.8935546875,2460.5888671875,2460.904052734375,2460.8916015625,2458.94287109375,2462.42626953125,2522.0,2282.0
355.25,2453.278076171875,2460.8935546875,2460.8935546875,2460.8935546875,2460.5888671875,2462.23388671875,2460.8916015625,2458.943115234375,2462.42578125,2522.0,2282.0
355.5,2439.343505859375,2460.8935546875,2460.8935546875,2460.8935546875,2460.135986328125,2460.64501953125,2460.66748046875,2457.4296875,2461.9189453125,2522.0,2282.0
355.75,2439.33935546875,2460.8935546875,2462.223388671875,2460.8935546875,2461.46533203125,2460.64501953125,2460.667724609375,2457.4296875,2461.9189453125,2522.0,2282.0
356.0,2439.33935546875,2460.8935546875,2460.8935546875,2460.8935546875,2460.135986328125,2460.64501953125,2460.66748046875,2457.4296875,2461.9189453125,2522.0,2282.0
356.25,2440.65771484375,2460.8935546875,2460.8935546875,2460.8935546875,2460.135986328125,2460.64501953125,2460.667724609375,2457.4296875,2461.9189453125,2522.0,2282.0
356.5,2439.34130859375,2460.8935546875,2460.8935546875,2460.8935546875,2460.135986328125,2460.64501953125,2460.66748046875,2457.4296875,2463.249267578125,2522.0,2282.0
356.75,2439.33935546875,2460.8935546875,2460.8935546875,2460.8935546875,2460.1357421875,2460.64501953125,2460.667724609375,2457.430419921875,2461.9189453125,2522.0,2282.0
357.0,2439.340576171875,2460.8935546875,2460.8935546875,2460.8935546875,2460.135986328125,2460.64501953125,2460.66748046875,2457.4296875,2461.9189453125,2522.0,2282.0
357.25,2439.34033203125,2460.8935546875,2460.8935546875,2460.8935546875,2460.135986328125,2460.64501953125,2460.667724609375,2457.4296875,2461.9189453125,2522.0,2282.0
357.5,2438.119140625,2460.8935546875,2460.8935546875,2460.8935546875,2460.204833984375,2461.980712890625,2460.546875,2457.379638671875,2461.922607421875,2522.0,2282.0
357.75,2438.1181640625,2460.8935546875,2460.8935546875,2460.8935546875,2460.204833984375,2460.651123046875,2460.546875,2457.378173828125,2461.9228515625,2522.0,2282.0
358.0,2438.117919921875,2460.8935546875,2462.223388671875,2460.8935546875,2461.534423828125,2460.651123046875,2460.546875,2457.37841796875,2461.9228515625,2522.0,2282.0
358.25,2438.117919921875,2460.8935546875,2460.8935546875,2460.8935546875,2460.204833984375,2460.651123046875,2460.546875,2457.37841796875,2461.923095703125,2522.0,2282.0
358.5,2438.117919921875,2460.8935546875,2460.8935546875,2460.8935546875,2460.204833984375,2460.651123046875,2460.546875,2457.378173828125,2461.923095703125,2522.0,2282.0
358.75,2438.122802734375,2460.8935546875,2460.8935546875,2460.8935546875,2460.204833984375,2460.651123046875,2460.546875,2457.378173828125,2463.25341796875,2522.0,2282.0
359.0,2438.1181640625,2460.8935546875,2460.8935546875,2460.8935546875,2460.205078125,2460.651123046875,2460.546875,2457.37890625,2461.923095703125,2522.0,2282.0
359.25,2438.119140625,2460.8935546875,2460.8935546875,2460.8935546875,2460.204833984375,2460.651123046875,2460.546875,2457.37841796875,2461.923095703125,2522.0,2282.0
359.5,2438.296875,2460.8935546875,2460.8935546875,2460.8935546875,2460.275146484375,2460.59375,2460.4892578125,2457.45166015625,2461.9404296875,2522.0,2282.0
359.75,2438.297119140625,2460.8935546875,2460.8935546875,2460.8935546875,2460.275146484375,2461.92333984375,2460.4892578125,2457.45263671875,2461.940185546875,2522.0,2282.0
360.0,2438.29638671875,2460.8935546875,2460.8935546875,2460.8935546875,2460.275146484375,2460.59375,2460.4892578125,2457.451416015625,2461.9404296875,2522.0,2282.0
360.25,2438.2958984375,2460.8935546875,2462.223388671875,2460.8935546875,2461.604736328125,2460.59375,2460.4892578125,2457.451416015625,2461.9404296875,2522.0,2282.0
360.5,2438.2958984375,2460.8935546875,2460.8935546875,2460.8935546875,2460.275146484375,2460.59375,2460.4892578125,2457.451416015625,2461.9404296875,2522.0,2282.0
360.75,2438.296142578125,2460.8935546875,2460.8935546875,2460.8935546875,2460.275146484375,2460.59375,2460.4892578125,2457.451416015625,2461.9404296875,2522.0,2282.0
361.0,2439.616455078125,2460.8935546875,2460.8935546875,2460.8935546875,2460.275146484375,2460.593505859375,2460.4892578125,2457.451416015625,2463.270751953125,2522.0,2282.0
361.25,2438.296142578125,2460.8935546875,2460.8935546875,2462.223388671875,2460.275146484375,2460.59375,2461.81884765625,2457.4521484375,2461.9404296875,2522.0,2282.0
361.5,2437.17431640625,2460.8935546875,2460.8935546875,2460.8935546875,2460.231201171875,2460.613037109375,2461.93359375,2458.625732421875,2461.952392578125,2522.0,2282.0
361.75,2437.1748046875,2462.223388671875,2460.8935546875,2460.8935546875,2460.231201171875,2461.94287109375,2460.603759765625,2457.297119140625,2461.952392578125,2522.0,2282.0
362.0,2437.175048828125,2460.8935546875,2460.8935546875,2460.8935546875,2460.231201171875,2461.94287109375,2460.603759765625,2457.29833984375,2461.9521484375,2522.0,2282.0
362.25,2437.174072265625,2460.8935546875,2460.8935546875,2460.8935546875,2460.231201171875,2460.61328125,2460.603759765625,2457.297119140625,2461.952392578125,2522.0,2282.0
362.5,2437.173583984375,2460.893310546875,2460.8935546875,2460.8935546875,2460.231201171875,2460.613037109375,2460.603759765625,2457.297119140625,2461.952392578125,2522.0,2282.0
362.75,2437.173828125,2460.8935546875,2460.8935546875,2460.8935546875,2460.231201171875,2460.61328125,2460.603759765625,2457.297119140625,2461.952392578125,2522.0,2282.0
363.0,2437.173828125,2460.8935546875,2460.8935546875,2460.8935546875,2460.231201171875,2460.613037109375,2460.603759765625,2457.297119140625,2461.952392578125,2522.0,2282.0
363.25,2438.49072265625,2460.8935546875,2460.8935546875,2460.8935546875,2460.231201171875,2460.61328125,2460.603759765625,2457.297119140625,2463.282958984375,2522.0,2282.0
363.5,2418.16357421875,2460.8935546875,2460.8935546875,2460.8935546875,2459.61962890625,2460.2607421875,2460.129638671875,2455.31396484375,2461.202392578125,2522.0,2282.0
363.75,2418.152587890625,2460.8935546875,2460.8935546875,2460.8935546875,2459.61962890625,2460.2607421875,2460.129638671875,2456.640869140625,2461.202392578125,2522.0,2282.0
364.0,2418.15283203125,2460.8935546875,2460.893310546875,2460.8935546875,2459.61962890625,2460.2607421875,2460.129638671875,2455.31396484375,2461.202392578125,2522.0,2282.0
364.25,2418.158203125,2460.8935546875,2460.8935546875,2460.8935546875,2459.61962890625,2461.59033203125,2460.129638671875,2455.315673828125,2461.202392578125,2522.0,2282.0
364.5,2418.15283203125,2460.8935546875,2460.8935546875,2460.8935546875,2459.61962890625,2460.2607421875,2460.129638671875,2455.31396484375,2461.20263671875,2522.0,2282.0
364.75,2418.152587890625,2460.8935546875,2462.223388671875,2460.8935546875,2460.94873046875,2460.2607421875,2460.129638671875,2455.31396484375,2461.202392578125,2522.0,2282.0
365.0,2418.154296875,2460.8935546875,2460.8935546875,2460.8935546875,2459.61962890625,2460.2607421875,2460.129638671875,2455.31396484375,2461.20263671875,2522.0,2282.0
365.25,2418.1552734375,2460.8935546875,2460.8935546875,2460.8935546875,2459.61962890625,2460.2607421875,2460.12939453125,2455.31396484375,2461.202392578125,2522.0,2282.0
365.5,2416.907958984375,2460.8935546875,2460.8935546875,2460.8935546875,2459.608154296875,2460.282958984375,2460.182861328125,2454.9970703125,2462.603515625,2522.0,2282.0
365.75,2416.906494140625,2460.8935546875,2460.8935546875,2460.8935546875,2459.608154296875,2460.282958984375,2460.182861328125,2454.9970703125,2461.2734375,2522.0,2282.0
366.0,2416.906494140625,2460.8935546875,2460.8935546875,2460.8935546875,2459.608154296875,2460.282958984375,2461.512451171875,2456.3251953125,2461.2734375,2522.0,2282.0
366.25,2418.218505859375,2460.8935546875,2460.8935546875,2460.8935546875,2459.608154296875,2460.282958984375,2460.182861328125,2454.9970703125,2461.2734375,2522.0,2282.0
366.5,2416.912353515625,2460.8935546875,2460.8935546875,2460.8935546875,2459.608154296875,2461.6123046875,2460.182861328125,2454.998779296875,2461.2734375,2522.0,2282.0
366.75,2416.906494140625,2460.8935546875,2460.8935546875,2460.8935546875,2459.608154296875,2460.282958984375,2460.182861328125,2454.9970703125,2461.2734375,2522.0,2282.0
367.0,2416.906494140625,2460.8935546875,2462.223388671875,2460.8935546875,2460.937255859375,2460.282958984375,2460.182861328125,2454.9970703125,2461.273681640625,2522.0,2282.0
367.25,2416.906494140625,2460.8935546875,2460.8935546875,2460.8935546875,2459.608154296875,2460.282958984375,2460.182861328125,2454.9970703125,2461.2734375,2522.0,2282.0
367.5,2418.090087890625,2460.8935546875,2460.8935546875,2460.8935546875,2459.63525390625,2460.087158203125,2460.146484375,2454.895751953125,2461.119140625,2522.0,2282.0
367.75,2418.085693359375,2460.8935546875,2460.8935546875,2460.8935546875,2459.63525390625,2460.087158203125,2460.146484375,2454.895751953125,2461.118896484375,2522.0,2282.0
368.0,2418.085693359375,2460.8935546875,2460.8935546875,2460.8935546875,2459.63525390625,2460.087158203125,2460.146484375,2454.895751953125,2461.119140625,2522.0,2282.0
368.25,2418.085693359375,2460.8935546875,2460.8935546875,2460.8935546875,2459.63525390625,2460.087158203125,2461.475830078125,2454.897216796875,2461.119140625,2522.0,2282.0
368.5,2419.392333984375,2460.8935546875,2460.8935546875,2460.8935546875,2459.63525390625,2460.087158203125,2460.146484375,2454.895751953125,2461.119140625,2522.0,2282.0
368.75,2418.085693359375,2460.8935546875,2460.8935546875,2460.8935546875,2459.63525390625,2460.087158203125,2460.146484375,2454.895751953125,2461.118896484375,2522.0,2282.0
369.0,2418.085693359375,2460.8935546875,2460.8935546875,2460.8935546875,2459.63525390625,2460.087158203125,2460.146484375,2454.895751953125,2461.119140625,2522.0,2282.0
369.25,2418.085693359375,2460.8935546875,2460.8935546875,2460.8935546875,2459.63525390625,2460.087158203125,2460.146484375,2454.8955078125,2461.118896484375,2522.0,2282.0
369.5,2415.835693359375,2460.8935546875,2460.8935546875,2460.8935546875,2459.638427734375,2460.089599609375,2460.11767578125,2454.968994140625,2461.13671875,2522.0,2282.0
369.75,2415.8349609375,2460.8935546875,2460.8935546875,2460.8935546875,2459.638427734375,2460.089599609375,2460.11767578125,2454.968994140625,2461.136474609375,2522.0,2282.0
370.0,2415.8359375,2460.8935546875,2460.8935546875,2460.8935546875,2459.638427734375,2460.089599609375,2460.11767578125,2454.968994140625,2462.466552734375,2522.0,2282.0
370.25,2415.8349609375,2460.8935546875,2460.8935546875,2460.8935546875,2459.638427734375,2460.089599609375,2460.11767578125,2454.968994140625,2461.136474609375,2522.0,2282.0
370.5,2415.834716796875,2460.8935546875,2460.8935546875,2460.8935546875,2459.638427734375,2460.089599609375,2461.447021484375,2456.295654296875,2461.136474609375,2522.0,2282.0
370.75,2417.146728515625,2462.223388671875,2460.8935546875,2460.8935546875,2459.638427734375,2461.419189453125,2460.11767578125,2454.968994140625,2461.136474609375,2522.0,2282.0
371.0,2417.146728515625,2460.8935546875,2460.8935546875,2460.8935546875,2459.638427734375,2460.089599609375,2460.11767578125,2454.968994140625,2461.13623046875,2522.0,2282.0
371.25,2415.8349609375,2460.8935546875,2460.8935546875,2460.8935546875,2459.638427734375,2460.089599609375,2460.11767578125,2454.968994140625,2461.136474609375,2522.0,2282.0
371.5,2454.937255859375,2460.8935546875,2462.223388671875,2460.8935546875,2462.240478515625,2460.874755859375,2460.829345703125,2460.8935546875,2460.8935546875,2522.0,2282.0
371.75,2453.611328125,2460.8935546875,2460.8935546875,2460.8935546875,2460.91064453125,2460.874755859375,2460.829345703125,2460.8935546875,2460.8935546875,2522.0,2282.0
372.0,2453.611328125,2460.8935546875,2460.8935546875,2460.8935546875,2460.91064453125,2460.874755859375,2460.829345703125,2460.8935546875,2460.8935546875,2522.0,2282.0
372.25,2453.611328125,2460.8935546875,2460.8935546875,2460.8935546875,2460.91064453125,2460.874755859375,2460.829345703125,2460.8935546875,2460.8935546875,2522.0,2282.0
372.5,2453.611328125,2460.8935546875,2460.8935546875,2460.8935546875,2460.91064453125,2460.874755859375,2460.8291015625,2460.8935546875,2460.8935546875,2522.0,2282.0
372.75,2453.611328125,2460.8935546875,2460.8935546875,2460.8935546875,2460.91064453125,2460.874755859375,2460.829345703125,2460.8935546875,2460.8935546875,2522.0,2282.0
373.0,2453.611328125,2460.8935546875,2460.8935546875,2460.8935546875,2460.91064453125,2460.874755859375,2460.8291015625,2460.8935546875,2460.8935546875,2522.0,2282.0
373.25,2453.611328125,2460.8935546875,2460.8935546875,2460.8935546875,2460.91064453125,2460.874755859375,2460.829345703125,2460.8935546875,2460.8935546875,2522.0,2282.0
373.5,2453.611328125,2460.8935546875,2460.8935546875,2460.8935546875,2460.91064453125,2460.874755859375,2460.8291015625,2460.8935546875,2460.8935546875,2522.0,2282.0
373.75,2454.937255859375,2460.8935546875,2462.223388671875,2460.8935546875,2462.240478515625,2460.874755859375,2460.829345703125,2460.8935546875,2460.8935546875,2522.0,2282.0
374.0,2453.611328125,2460.8935546875,2460.8935546875,2460.8935546875,2460.91064453125,2460.874755859375,2460.8291015625,2460.8935546875,2460.8935546875,2522.0,2282.0
374.25,2453.611328125,2460.8935546875,2460.8935546875,2460.8935546875,2460.91064453125,2460.874755859375,2460.829345703125,2460.8935546875,2460.8935546875,2522.0,2282.0
374.5,2453.611328125,2460.8935546875,2460.8935546875,2460.8935546875,2460.91064453125,2460.874755859375,2460.8291015625,2460.8935546875,2460.8935546875,2522.0,2282.0
374.75,2453.611328125,2460.8935546875,2460.8935546875,2460.8935546875,2460.91064453125,2460.874755859375,2460.829345703125,2460.8935546875,2460.8935546875,2522.0,2282.0
375.0,2453.611328125,2460.8935546875,2460.8935546875,2460.8935546875,2460.91064453125,2460.874755859375,2462.158935546875,2460.8935546875,2460.8935546875,2522.0,2282.0
375.25,2453.611328125,2462.223388671875,2460.8935546875,2460.8935546875,2460.91064453125,2462.20458984375,2460.829345703125,2462.223388671875,2460.8935546875,2522.0,2282.0
375.5,2453.611328125,2460.8935546875,2460.8935546875,2460.8935546875,2460.91064453125,2460.874755859375,2460.829345703125,2460.8935546875,2460.8935546875,2522.0,2282.0
375.75,2453.611328125,2460.8935546875,2462.223388671875,2460.8935546875,2462.240478515625,2460.874755859375,2460.829345703125,2460.8935546875,2460.8935546875,2522.0,2282.0
376.0,2453.611328125,2460.8935546875,2460.8935546875,2460.8935546875,2460.91064453125,2460.874755859375,2460.829345703125,2460.8935546875,2460.8935546875,2522.0,2282.0
376.25,2453.611328125,2460.8935546875,2460.8935546875,2460.8935546875,2460.91064453125,2460.874755859375,2460.829345703125,2460.8935546875,2460.8935546875,2522.0,2282.0
376.5,2453.611328125,2460.8935546875,2460.8935546875,2460.8935546875,2460.91064453125,2460.874755859375,2460.829345703125,2460.8935546875,2460.8935546875,2522.0,2282.0
376.75,2453.611328125,2460.8935546875,2460.8935546875,2460.8935546875,2460.91064453125,2460.874755859375,2460.829345703125,2460.8935546875,2460.8935546875,2522.0,2282.0
377.0,2453.611328125,2460.8935546875,2460.8935546875,2462.223388671875,2460.91064453125,2460.874755859375,2462.1591796875,2460.8935546875,2462.223388671875,2522.0,2282.0
377.25,2453.611328125,2462.223388671875,2460.8935546875,2460.8935546875,2460.91064453125,2460.874755859375,2460.829345703125,2462.223388671875,2460.8935546875,2522.0,2282.0
377.5,2453.611328125,2462.223388671875,2460.8935546875,2460.8935546875,2460.91064453125,2462.20458984375,2460.829345703125,2462.223388671875,2460.8935546875,2522.0,2282.0
377.75,2453.611328125,2460.8935546875,2460.8935546875,2460.8935546875,2460.91064453125,2460.874755859375,2460.829345703125,2460.8935546875,2460.8935546875,2522.0,2282.0
378.0,2453.611328125,2460.8935546875,2462.223388671875,2460.8935546875,2462.240478515625,2460.874755859375,2460.829345703125,2460.8935546875,2460.8935546875,2522.0,2282.0
378.25,2453.611328125,2460.8935546875,2460.8935546875,2460.8935546875,2460.91064453125,2460.874755859375,2460.829345703125,2460.8935546875,2460.8935546875,2522.0,2282.0
378.5,2453.611328125,2460.8935546875,2460.8935546875,2460.8935546875,2460.91064453125,2460.874755859375,2460.829345703125,2460.8935546875,2460.8935546875,2522.0,2282.0
378.75,2453.611328125,2460.8935546875,2460.8935546875,2460.8935546875,2460.91064453125,2460.874755859375,2460.829345703125,2460.8935546875,2460.8935546875,2522.0,2282.0
379.0,2453.611328125,2460.8935546875,2460.8935546875,2460.8935546875,2460.91064453125,2460.874755859375,2460.829345703125,2460.8935546875,2460.8935546875,2522.0,2282.0
379.25,2453.611328125,2460.8935546875,2460.8935546875,2462.223388671875,2460.91064453125,2460.874755859375,2462.1591796875,2460.8935546875,2462.223388671875,2522.0,2282.0
379.5,2453.611328125,2460.8935546875,2460.8935546875,2460.8935546875,2460.91064453125,2460.874755859375,2460.829345703125,2460.8935546875,2460.8935546875,2522.0,2282.0
379.75,2453.611328125,2460.8935546875,2460.8935546875,2460.8935546875,2460.91064453125,2460.874755859375,2460.829345703125,2460.8935546875,2460.8935546875,2522.0,2282.0
380.0,2453.611328125,2460.8935546875,2460.8935546875,2460.8935546875,2460.91064453125,2460.874755859375,2460.829345703125,2460.8935546875,2460.8935546875,2522.0,2282.0
380.25,2453.611328125,2460.8935546875,2462.223388671875,2460.8935546875,2462.240478515625,2460.874755859375,2460.829345703125,2460.8935546875,2460.8935546875,2522.0,2282.0
380.5,2453.611328125,2460.8935546875,2462.223388671875,2460.8935546875,2462.240478515625,2460.874755859375,2460.829345703125,2460.8935546875,2460.8935546875,2522.0,2282.0
380.75,2453.611328125,2460.8935546875,2460.8935546875,2460.8935546875,2460.91064453125,2460.874755859375,2460.829345703125,2460.8935546875,2460.8935546875,2522.0,2282.0
381.0,2453.611328125,2460.8935546875,2460.8935546875,2460.8935546875,2460.91064453125,2460.874755859375,2460.829345703125,2460.8935546875,2460.8935546875,2522.0,2282.0
381.25,2453.611328125,2460.8935546875,2460.8935546875,2460.8935546875,2460.91064453125,2460.874755859375,2460.8291015625,2460.8935546875,2460.8935546875,2522.0,2282.0
381.5,2453.611328125,2460.8935546875,2460.8935546875,2462.223388671875,2460.91064453125,2460.874755859375,2462.1591796875,2460.8935546875,2462.223388671875,2522.0,2282.0
381.75,2453.611328125,2460.8935546875,2460.8935546875,2460.8935546875,2460.91064453125,2460.874755859375,2462.158935546875,2460.8935546875,2460.8935546875,2522.0,2282.0
382.0,2453.611328125,2462.223388671875,2460.8935546875,2460.8935546875,2460.91064453125,2462.20458984375,2460.829345703125,2462.223388671875,2460.8935546875,2522.0,2282.0
382.25,2453.611328125,2460.8935546875,2460.8935546875,2460.8935546875,2460.91064453125,2460.874755859375,2460.8291015625,2460.8935546875,2460.8935546875,2522.0,2282.0
382.5,2453.611328125,2460.8935546875,2462.223388671875,2460.8935546875,2462.240478515625,2460.874755859375,2460.829345703125,2460.8935546875,2460.8935546875,2522.0,2282.0
382.75,2453.611328125,2460.8935546875,2460.8935546875,2460.8935546875,2460.91064453125,2460.874755859375,2460.8291015625,2460.8935546875,2460.8935546875,2522.0,2282.0
383.0,2453.611328125,2460.8935546875,2460.8935546875,2460.8935546875,2460.91064453125,2460.874755859375,2460.829345703125,2460.8935546875,2460.8935546875,2522.0,2282.0
383.25,2453.611328125,2460.8935546875,2460.8935546875,2460.8935546875,2460.91064453125,2460.875,2460.8291015625,2460.8935546875,2460.8935546875,2522.0,2282.0
383.5,2453.611328125,2460.8935546875,2460.8935546875,2460.8935546875,2460.91064453125,2460.874755859375,2460.829345703125,2460.8935546875,2460.8935546875,2522.0,2282.0
383.75,2453.611328125,2460.8935546875,2460.8935546875,2460.8935546875,2460.91064453125,2460.875,2460.8291015625,2460.8935546875,2460.8935546875,2522.0,2282.0
384.0,2453.611328125,2462.223388671875,2460.8935546875,2460.8935546875,2460.91064453125,2460.874755859375,2460.829345703125,2462.223388671875,2460.8935546875,2522.0,2282.0
384.25,2453.611328125,2460.8935546875,2460.8935546875,2460.8935546875,2460.91064453125,2460.874755859375,2460.8291015625,2460.8935546875,2460.8935546875,2522.0,2282.0
384.5,2453.611328125,2460.8935546875,2460.8935546875,2460.8935546875,2460.91064453125,2460.874755859375,2460.829345703125,2460.8935546875,2460.8935546875,2522.0,2282.0
384.75,2454.937255859375,2460.8935546875,2462.223388671875,2460.8935546875,2462.240478515625,2460.874755859375,2460.829345703125,2460.8935546875,2460.8935546875,2522.0,2282.0
385.0,2453.611328125,2460.8935546875,2460.8935546875,2460.8935546875,2460.91064453125,2460.874755859375,2460.829345703125,2460.8935546875,2460.8935546875,2522.0,2282.0
385.25,2453.611328125,2460.8935546875,2460.8935546875,2460.8935546875,2460.91064453125,2460.874755859375,2460.829345703125,2460.8935546875,2460.8935546875,2522.0,2282.0
385.5,2453.611328125,2460.8935546875,2460.8935546875,2460.8935546875,2460.91064453125,2460.874755859375,2460.829345703125,2460.8935546875,2460.8935546875,2522.0,2282.0
385.75,2453.611328125,2460.8935546875,2460.8935546875,2462.223388671875,2460.91064453125,2460.874755859375,2460.829345703125,2460.8935546875,2462.223388671875,2522.0,2282.0
386.0,2453.611328125,2460.8935546875,2460.8935546875,2460.8935546875,2460.91064453125,2460.874755859375,2460.829345703125,2460.8935546875,2460.8935546875,2522.0,2282.0
386.25,2453.611328125,2462.223388671875,2460.8935546875,2460.8935546875,2460.91064453125,2460.874755859375,2460.829345703125,2462.223388671875,2460.8935546875,2522.0,2282.0
386.5,2453.611328125,2460.8935546875,2460.8935546875,2460.8935546875,2460.91064453125,2460.874755859375,2460.829345703125,2460.8935546875,2460.8935546875,2522.0,2282.0
386.75,2453.611328125,2460.8935546875,2460.8935546875,2460.8935546875,2460.91064453125,2460.874755859375,2460.829345703125,2460.8935546875,2460.8935546875,2522.0,2282.0
387.0,2454.937255859375,2460.8935546875,2462.223388671875,2460.8935546875,2460.91064453125,2460.874755859375,2460.829345703125,2460.8935546875,2460.8935546875,2522.0,2282.0
387.25,2453.611328125,2460.8935546875,2460.8935546875,2460.8935546875,2460.91064453125,2460.874755859375,2460.829345703125,2460.8935546875,2460.8935546875,2522.0,2282.0
387.5,2453.611328125,2460.8935546875,2460.8935546875,2460.8935546875,2460.91064453125,2460.874755859375,2460.829345703125,2460.8935546875,2460.8935546875,2522.0,2282.0
387.75,2453.611328125,2460.8935546875,2460.8935546875,2460.8935546875,2460.91064453125,2460.874755859375,2460.829345703125,2460.8935546875,2460.8935546875,2522.0,2282.0
388.0,2453.611328125,2460.8935546875,2460.8935546875,2462.223388671875,2460.91064453125,2460.874755859375,2460.829345703125,2460.8935546875,2462.223388671875,2522.0,2282.0
388.25,2453.611328125,2460.8935546875,2460.8935546875,2460.8935546875,2460.91064453125,2460.874755859375,2460.829345703125,2460.8935546875,2460.8935546875,2522.0,2282.0
388.5,2453.611328125,2460.8935546875,2460.8935546875,2460.8935546875,2460.91064453125,2462.20458984375,2460.829345703125,2460.8935546875,2460.8935546875,2522.0,2282.0
388.75,2453.611328125,2460.8935546875,2460.8935546875,2460.8935546875,2460.91064453125,2460.874755859375,2460.829345703125,2460.8935546875,2460.8935546875,2522.0,2282.0
389.0,2453.611328125,2460.8935546875,2460.8935546875,2460.8935546875,2460.91064453125,2460.874755859375,2460.829345703125,2460.8935546875,2460.8935546875,2522.0,2282.0
389.25,2454.937255859375,2460.8935546875,2460.8935546875,2460.8935546875,2462.240478515625,2460.874755859375,2460.829345703125,2460.8935546875,2460.8935546875,2522.0,2282.0
389.5,2453.611328125,2460.8935546875,2460.8935546875,2460.8935546875,2460.91064453125,2460.874755859375,2460.8291015625,2460.8935546875,2460.8935546875,2522.0,2282.0
389.75,2453.611328125,2460.8935546875,2460.8935546875,2460.8935546875,2460.91064453125,2460.874755859375,2460.829345703125,2460.8935546875,2460.8935546875,2522.0,2282.0
390.0,2453.611328125,2460.8935546875,2460.8935546875,2460.8935546875,2460.91064453125,2460.874755859375,2460.829345703125,2460.8935546875,2460.8935546875,2522.0,2282.0
390.25,2453.611328125,2460.8935546875,2460.893310546875,2460.8935546875,2460.91064453125,2460.874755859375,2462.1591796875,2460.8935546875,2460.8935546875,2522.0,2282.0
390.5,2453.611328125,2460.8935546875,2460.8935546875,2460.8935546875,2460.91064453125,2460.874755859375,2460.8291015625,2460.8935546875,2460.8935546875,2522.0,2282.0
390.75,2453.611328125,2460.8935546875,2460.8935546875,2460.8935546875,2460.91064453125,2462.20458984375,2460.829345703125,2460.8935546875,2460.8935546875,2522.0,2282.0
391.0,2453.611328125,2460.8935546875,2462.223388671875,2460.8935546875,2460.91064453125,2460.874755859375,2460.829345703125,2460.8935546875,2460.8935546875,2522.0,2282.0
391.25,2454.937255859375,2460.8935546875,2462.223388671875,2460.8935546875,2462.240478515625,2460.874755859375,2460.829345703125,2460.8935546875,2460.8935546875,2522.0,2282.0
391.5,2453.611328125,2460.8935546875,2460.8935546875,2460.893310546875,2460.91064453125,2460.875,2460.8291015625,2460.8935546875,2460.893310546875,2522.0,2282.0
391.75,2453.611328125,2460.8935546875,2460.8935546875,2460.8935546875,2460.91064453125,2460.874755859375,2460.829345703125,2460.8935546875,2460.8935546875,2522.0,2282.0
392.0,2453.611328125,2460.8935546875,2460.8935546875,2460.8935546875,2460.91064453125,2460.874755859375,2460.8291015625,2460.8935546875,2460.8935546875,2522.0,2282.0
392.25,2453.611328125,2460.8935546875,2460.8935546875,2460.8935546875,2460.91064453125,2460.874755859375,2460.829345703125,2460.8935546875,2460.8935546875,2522.0,2282.0
392.5,2453.611328125,2460.8935546875,2460.8935546875,2462.223388671875,2460.91064453125,2460.874755859375,2460.829345703125,2460.8935546875,2462.223388671875,2522.0,2282.0
392.75,2453.611328125,2460.8935546875,2460.8935546875,2460.8935546875,2460.91064453125,2460.874755859375,2460.829345703125,2460.8935546875,2460.8935546875,2522.0,2282.0
393.0,2453.611328125,2460.8935546875,2460.8935546875,2460.8935546875,2460.91064453125,2460.875,2460.829345703125,2460.8935546875,2460.8935546875,2522.0,2282.0
393.25,2453.611328125,2460.8935546875,2460.8935546875,2460.8935546875,2460.91064453125,2460.874755859375,2460.829345703125,2460.8935546875,2460.8935546875,2522.0,2282.0
393.5,2454.937255859375,2460.8935546875,2460.8935546875,2460.8935546875,2460.91064453125,2460.874755859375,2460.829345703125,2460.8935546875,2460.8935546875,2522.0,2282.0
393.75,2453.611328125,2460.8935546875,2460.8935546875,2460.8935546875,2460.91064453125,2460.874755859375,2460.829345703125,2460.8935546875,2460.8935546875,2522.0,2282.0
394.0,2453.611328125,2460.8935546875,2460.8935546875,2460.8935546875,2460.91064453125,2460.874755859375,2460.829345703125,2460.8935546875,2460.8935546875,2522.0,2282.0
394.25,2453.611328125,2460.8935546875,2460.8935546875,2460.8935546875,2460.91064453125,2460.874755859375,2460.829345703125,2460.8935546875,2460.8935546875,2522.0,2282.0
394.5,2453.611328125,2460.8935546875,2460.8935546875,2460.8935546875,2460.91064453125,2460.874755859375,2460.829345703125,2460.8935546875,2460.8935546875,2522.0,2282.0
394.75,2453.611328125,2460.8935546875,2460.8935546875,2460.8935546875,2460.91064453125,2460.874755859375,2460.829345703125,2460.8935546875,2460.8935546875,2522.0,2282.0
395.0,2453.611328125,2462.223388671875,2460.8935546875,2460.8935546875,2460.91064453125,2462.20458984375,2460.829345703125,2462.223388671875,2460.8935546875,2522.0,2282.0
395.25,2453.611328125,2460.8935546875,2460.8935546875,2460.8935546875,2460.91064453125,2460.874755859375,2460.829345703125,2460.8935546875,2460.8935546875,2522.0,2282.0
395.5,2453.611328125,2460.8935546875,2462.223388671875,2460.8935546875,2460.91064453125,2460.874755859375,2460.829345703125,2460.8935546875,2460.8935546875,2522.0,2282.0
395.75,2453.611328125,2460.8935546875,2462.223388671875,2460.8935546875,2462.240478515625,2460.874755859375,2460.829345703125,2460.8935546875,2460.8935546875,2522.0,2282.0
396.0,2453.611328125,2460.8935546875,2460.8935546875,2460.8935546875,2460.91064453125,2460.874755859375,2460.829345703125,2460.8935546875,2460.8935546875,2522.0,2282.0
396.25,2453.611328125,2460.8935546875,2460.8935546875,2460.8935546875,2460.91064453125,2460.874755859375,2460.829345703125,2460.8935546875,2460.8935546875,2522.0,2282.0
396.5,2453.611328125,2460.8935546875,2460.8935546875,2460.8935546875,2460.91064453125,2460.874755859375,2460.829345703125,2460.8935546875,2460.8935546875,2522.0,2282.0
396.75,2453.611328125,2460.8935546875,2460.8935546875,2462.223388671875,2460.91064453125,2460.874755859375,2462.1591796875,2460.8935546875,2462.223388671875,2522.0,2282.0
397.0,2453.611328125,2460.8935546875,2460.8935546875,2460.8935546875,2460.91064453125,2460.874755859375,2460.829345703125,2460.8935546875,2460.8935546875,2522.0,2282.0
397.25,2453.611328125,2460.8935546875,2460.8935546875,2460.8935546875,2460.91064453125,2460.874755859375,2460.829345703125,2460.8935546875,2460.8935546875,2522.0,2282.0
397.5,2453.611328125,2460.8935546875,2460.8935546875,2460.8935546875,2460.91064453125,2460.874755859375,2460.829345703125,2460.8935546875,2460.8935546875,2522.0,2282.0
397.75,2453.611328125,2460.8935546875,2460.8935546875,2460.8935546875,2460.91064453125,2460.874755859375,2460.829345703125,2460.8935546875,2460.8935546875,2522.0,2282.0
398.0,2453.611328125,2460.893310546875,2460.8935546875,2460.8935546875,2460.91064453125,2460.874755859375,2460.829345703125,2460.893310546875,2460.8935546875,2522.0,2282.0
398.25,2453.611328125,2460.8935546875,2460.8935546875,2460.8935546875,2460.91064453125,2460.874755859375,2460.829345703125,2460.8935546875,2460.8935546875,2522.0,2282.0
398.5,2453.611328125,2460.8935546875,2460.8935546875,2460.8935546875,2460.91064453125,2460.874755859375,2460.829345703125,2460.8935546875,2460.8935546875,2522.0,2282.0
398.75,2453.611328125,2460.8935546875,2460.8935546875,2460.8935546875,2460.91064453125,2460.874755859375,2460.829345703125,2460.8935546875,2460.8935546875,2522.0,2282.0
399.0,2453.611328125,2460.8935546875,2460.8935546875,2462.223388671875,2460.91064453125,2460.874755859375,2462.1591796875,2460.8935546875,2462.223388671875,2522.0,2282.0
399.25,2453.611328125,2460.8935546875,2460.8935546875,2460.8935546875,2460.91064453125,2460.874755859375,2460.8291015625,2460.8935546875,2460.8935546875,2522.0,2282.0
399.5,2453.611328125,2462.223388671875,2460.8935546875,2460.8935546875,2460.91064453125,2462.20458984375,2460.829345703125,2462.223388671875,2460.8935546875,2522.0,2282.0
399.75,2453.611328125,2460.8935546875,2460.8935546875,2460.8935546875,2460.91064453125,2460.874755859375,2460.8291015625,2460.8935546875,2460.8935546875,2522.0,2282.0
400.0,2453.611328125,2460.8935546875,2462.223388671875,2460.8935546875,2460.91064453125,2460.874755859375,2460.829345703125,2460.8935546875,2460.8935546875,2522.0,2282.0
400.25,2453.611328125,2460.8935546875,2460.8935546875,2460.8935546875,2460.91064453125,2460.874755859375,2460.8291015625,2460.8935546875,2460.8935546875,2522.0,2282.0
400.5,2453.611328125,2460.8935546875,2460.8935546875,2460.8935546875,2460.91064453125,2460.874755859375,2460.829345703125,2460.8935546875,2460.8935546875,2522.0,2282.0
400.75,2453.611328125,2460.8935546875,2460.8935546875,2460.8935546875,2460.91064453125,2460.875,2460.8291015625,2460.8935546875,2460.8935546875,2522.0,2282.0
401.0,2453.611328125,2460.8935546875,2460.8935546875,2462.223388671875,2460.91064453125,2460.874755859375,2460.829345703125,2460.8935546875,2462.223388671875,2522.0,2282.0
401.25,2453.611328125,2460.8935546875,2460.8935546875,2460.8935546875,2460.91064453125,2460.874755859375,2460.8291015625,2460.8935546875,2460.8935546875,2522.0,2282.0
401.5,2453.611328125,2462.223388671875,2460.8935546875,2460.8935546875,2460.91064453125,2460.874755859375,2460.829345703125,2462.223388671875,2460.8935546875,2522.0,2282.0
401.75,2453.611328125,2460.8935546875,2460.8935546875,2460.8935546875,2460.91064453125,2460.875,2460.829345703125,2460.8935546875,2460.8935546875,2522.0,2282.0
402.0,2453.611328125,2460.8935546875,2460.8935546875,2460.8935546875,2460.91064453125,2460.874755859375,2460.829345703125,2460.8935546875,2460.8935546875,2522.0,2282.0
402.25,2454.937255859375,2460.8935546875,2462.223388671875,2460.8935546875,2460.91064453125,2460.874755859375,2460.829345703125,2460.8935546875,2460.8935546875,2522.0,2282.0
402.5,2453.611328125,2460.8935546875,2460.8935546875,2460.8935546875,2460.91064453125,2460.874755859375,2460.829345703125,2460.8935546875,2460.8935546875,2522.0,2282.0
402.75,2453.611328125,2460.8935546875,2460.8935546875,2460.8935546875,2460.91064453125,2460.875,2460.829345703125,2460.8935546875,2460.8935546875,2522.0,2282.0
403.0,2453.611328125,2460.8935546875,2460.8935546875,2460.8935546875,2460.91064453125,2460.874755859375,2460.829345703125,2460.8935546875,2460.8935546875,2522.0,2282.0
403.25,2453.611328125,2460.8935546875,2460.8935546875,2460.8935546875,2460.91064453125,2460.874755859375,2460.829345703125,2460.8935546875,2460.8935546875,2522.0,2282.0
403.5,2453.611328125,2460.8935546875,2460.8935546875,2460.8935546875,2460.91064453125,2460.874755859375,2460.829345703125,2460.8935546875,2460.8935546875,2522.0,2282.0
403.75,2453.611328125,2462.223388671875,2460.8935546875,2460.8935546875,2460.91064453125,2460.874755859375,2460.829345703125,2462.223388671875,2460.8935546875,2522.0,2282.0
404.0,2453.611328125,2460.8935546875,2460.8935546875,2460.8935546875,2460.91064453125,2460.874755859375,2460.829345703125,2460.8935546875,2460.8935546875,2522.0,2282.0
404.25,2453.611328125,2460.8935546875,2460.8935546875,2460.8935546875,2460.91064453125,2460.874755859375,2460.829345703125,2460.8935546875,2460.8935546875,2522.0,2282.0
404.5,2454.937255859375,2460.8935546875,2462.223388671875,2460.8935546875,2460.91064453125,2460.874755859375,2460.829345703125,2460.8935546875,2460.8935546875,2522.0,2282.0
404.75,2453.611328125,2460.8935546875,2460.8935546875,2460.8935546875,2460.91064453125,2460.874755859375,2460.829345703125,2460.8935546875,2460.8935546875,2522.0,2282.0
405.0,2453.611328125,2460.8935546875,2460.8935546875,2460.8935546875,2460.91064453125,2460.874755859375,2460.829345703125,2460.8935546875,2460.8935546875,2522.0,2282.0
405.25,2453.611328125,2460.8935546875,2460.8935546875,2460.8935546875,2460.91064453125,2460.874755859375,2460.829345703125,2460.8935546875,2460.8935546875,2522.0,2282.0
405.5,2453.611328125,2460.8935546875,2460.8935546875,2460.8935546875,2460.91064453125,2460.874755859375,2460.829345703125,2460.8935546875,2460.8935546875,2522.0,2282.0
405.75,2453.611328125,2460.8935546875,2460.8935546875,2460.8935546875,2460.91064453125,2460.874755859375,2460.829345703125,2460.8935546875,2460.8935546875,2522.0,2282.0
406.0,2453.611328125,2462.223388671875,2460.8935546875,2460.8935546875,2460.91064453125,2460.874755859375,2460.829345703125,2462.223388671875,2460.8935546875,2522.0,2282.0
406.25,2453.611328125,2460.8935546875,2460.8935546875,2460.8935546875,2460.91064453125,2460.874755859375,2460.829345703125,2460.8935546875,2460.8935546875,2522.0,2282.0
406.5,2453.611328125,2460.8935546875,2460.8935546875,2460.8935546875,2460.91064453125,2460.874755859375,2460.829345703125,2460.8935546875,2460.8935546875,2522.0,2282.0
406.75,2454.937255859375,2460.8935546875,2462.223388671875,2460.8935546875,2460.91064453125,2460.874755859375,2460.829345703125,2460.8935546875,2460.8935546875,2522.0,2282.0
407.0,2453.611328125,2460.8935546875,2460.8935546875,2460.8935546875,2460.91064453125,2460.874755859375,2460.829345703125,2460.8935546875,2460.8935546875,2522.0,2282.0
407.25,2453.611328125,2460.8935546875,2460.8935546875,2460.8935546875,2460.91064453125,2460.874755859375,2460.829345703125,2460.8935546875,2460.8935546875,2522.0,2282.0
407.5,2453.611328125,2460.8935546875,2460.8935546875,2460.8935546875,2460.91064453125,2460.874755859375,2460.8291015625,2460.8935546875,2460.8935546875,2522.0,2282.0
407.75,2453.611328125,2460.8935546875,2460.8935546875,2460.8935546875,2460.91064453125,2460.874755859375,2460.829345703125,2460.8935546875,2460.8935546875,2522.0,2282.0
408.0,2453.611328125,2460.8935546875,2460.8935546875,2460.8935546875,2460.91064453125,2460.874755859375,2460.8291015625,2460.8935546875,2460.8935546875,2522.0,2282.0
408.25,2453.611328125,2462.223388671875,2460.8935546875,2460.8935546875,2460.91064453125,2460.874755859375,2460.829345703125,2462.223388671875,2460.8935546875,2522.0,2282.0
408.5,2453.611328125,2460.8935546875,2460.8935546875,2460.8935546875,2460.91064453125,2460.874755859375,2460.8291015625,2460.8935546875,2460.8935546875,2522.0,2282.0
408.75,2453.611328125,2460.8935546875,2460.8935546875,2460.8935546875,2460.91064453125,2460.874755859375,2460.829345703125,2460.8935546875,2460.8935546875,2522.0,2282.0
409.0,2453.611328125,2460.8935546875,2462.223388671875,2460.8935546875,2460.91064453125,2460.875,2460.8291015625,2460.8935546875,2460.8935546875,2522.0,2282.0
409.25,2453.611328125,2460.8935546875,2460.8935546875,2460.8935546875,2460.91064453125,2460.874755859375,2460.829345703125,2460.8935546875,2460.8935546875,2522.0,2282.0
409.5,2453.611328125,2460.8935546875,2460.8935546875,2460.8935546875,2460.91064453125,2460.875,2460.8291015625,2460.8935546875,2460.8935546875,2522.0,2282.0
409.75,2453.611328125,2460.8935546875,2460.8935546875,2460.8935546875,2460.91064453125,2460.874755859375,2460.829345703125,2460.8935546875,2460.8935546875,2522.0,2282.0
410.0,2453.611328125,2460.8935546875,2460.8935546875,2460.8935546875,2460.91064453125,2460.875,2460.829345703125,2460.8935546875,2460.8935546875,2522.0,2282.0
410.25,2453.611328125,2460.8935546875,2460.8935546875,2460.8935546875,2460.91064453125,2460.874755859375,2460.829345703125,2460.8935546875,2460.8935546875,2522.0,2282.0
410.5,2453.611328125,2462.223388671875,2460.8935546875,2460.8935546875,2460.91064453125,2460.875,2460.829345703125,2462.223388671875,2460.8935546875,2522.0,2282.0
410.75,2453.611328125,2460.8935546875,2460.8935546875,2460.8935546875,2460.91064453125,2460.874755859375,2460.829345703125,2460.8935546875,2460.8935546875,2522.0,2282.0
411.0,2453.611328125,2460.8935546875,2460.8935546875,2460.8935546875,2460.91064453125,2460.874755859375,2460.829345703125,2460.8935546875,2460.8935546875,2522.0,2282.0
411.25,2454.937255859375,2460.8935546875,2460.8935546875,2460.8935546875,2462.240478515625,2460.874755859375,2460.829345703125,2460.8935546875,2460.8935546875,2522.0,2282.0
411.5,2453.611328125,2460.8935546875,2460.8935546875,2460.8935546875,2460.91064453125,2460.874755859375,2460.829345703125,2460.8935546875,2460.8935546875,2522.0,2282.0
411.75,2453.611328125,2460.8935546875,2460.8935546875,2460.8935546875,2460.91064453125,2460.874755859375,2460.829345703125,2460.8935546875,2460.8935546875,2522.0,2282.0
412.0,2453.611328125,2460.8935546875,2460.8935546875,2460.8935546875,2460.91064453125,2460.874755859375,2460.829345703125,2460.8935546875,2460.8935546875,2522.0,2282.0
412.25,2453.611328125,2460.8935546875,2460.8935546875,2462.223388671875,2460.91064453125,2460.874755859375,2462.1591796875,2460.8935546875,2462.223388671875,2522.0,2282.0
412.5,2453.611328125,2460.8935546875,2460.8935546875,2460.8935546875,2460.91064453125,2460.874755859375,2460.829345703125,2460.8935546875,2460.8935546875,2522.0,2282.0
