Time,Node 634.V1_rms,Node 634.V2_rms,Node 634.V3_rms,UpperBound,LowerBound
0.0,283.6258850097656,283.624267578125,283.6265563964844,263.0,291.0
0.25,283.6255798339844,283.6237487792969,283.7790222167969,263.0,291.0
0.5,283.6254577636719,283.6239013671875,283.7791442871094,263.0,291.0
0.75,283.62542724609375,283.6239318847656,283.62591552734375,263.0,291.0
1.0,283.6253967285156,283.7772521972656,283.6259460449219,263.0,291.0
1.25,283.6253967285156,283.62396240234375,283.6259460449219,263.0,291.0
1.5,283.7786560058594,283.6239929199219,283.6259460449219,263.0,291.0
1.75,283.6253967285156,283.6239929199219,283.6259460449219,263.0,291.0
2.0,283.6253967285156,283.6239929199219,283.6259460449219,263.0,291.0
2.25,283.6253967285156,283.6239929199219,283.6259460449219,263.0,291.0
2.5,283.6253967285156,283.6239929199219,283.6259460449219,263.0,291.0
2.75,283.6253967285156,283.6239929199219,283.6259765625,263.0,291.0
3.0,283.6253967285156,283.7772521972656,283.6259460449219,263.0,291.0
3.25,283.6253967285156,283.6239929199219,283.6259765625,263.0,291.0
3.5,283.6253967285156,283.6239929199219,283.6259460449219,263.0,291.0
3.75,283.6253967285156,283.6239929199219,283.6259460449219,263.0,291.0
4.0,283.6253967285156,283.6239929199219,283.6259460449219,263.0,291.0
4.25,283.6253967285156,283.6239929199219,283.6259765625,263.0,291.0
4.5,283.6253967285156,283.6239929199219,283.6259460449219,263.0,291.0
4.75,283.6253967285156,283.6239929199219,283.6259765625,263.0,291.0
5.0,283.6253967285156,283.6239929199219,283.6259460449219,263.0,291.0
5.25,283.6253967285156,283.6239929199219,283.6259460449219,263.0,291.0
5.5,283.6253967285156,283.6239929199219,283.6259460449219,263.0,291.0
5.75,283.7786560058594,283.6239929199219,283.6259460449219,263.0,291.0
6.0,283.6253967285156,283.6239929199219,283.6259460449219,263.0,291.0
6.25,283.6253967285156,283.6239929199219,283.6259460449219,263.0,291.0
6.5,283.6253967285156,283.62396240234375,283.6259460449219,263.0,291.0
6.75,283.6253967285156,283.6239929199219,283.6259460449219,263.0,291.0
7.0,283.6253967285156,283.6239929199219,283.6259460449219,263.0,291.0
7.25,283.6253967285156,283.7772521972656,283.6259460449219,263.0,291.0
7.5,283.6253967285156,283.6239929199219,283.6259460449219,263.0,291.0
7.75,283.6253967285156,283.6239929199219,283.6259460449219,263.0,291.0
8.0,283.7786560058594,283.6239929199219,283.6259460449219,263.0,291.0
8.25,283.6253967285156,283.6239929199219,283.6259460449219,263.0,291.0
8.5,283.6253967285156,283.6239929199219,283.6259460449219,263.0,291.0
8.75,283.6253967285156,283.6239929199219,283.6259460449219,263.0,291.0
9.0,283.6253967285156,283.6239929199219,283.6259460449219,263.0,291.0
9.25,283.6253967285156,283.6239929199219,283.6259460449219,263.0,291.0
9.5,283.6253967285156,283.7772521972656,283.6259460449219,263.0,291.0
9.75,283.6253967285156,283.6239929199219,283.6259460449219,263.0,291.0
10.0,283.6253967285156,283.6239929199219,283.6259460449219,263.0,291.0
10.25,283.7786560058594,283.6239929199219,283.6259460449219,263.0,291.0
10.5,283.6253967285156,283.6239929199219,283.6259460449219,263.0,291.0
10.75,283.93841552734375,283.93707275390625,283.9383544921875,263.0,291.0
11.0,283.9383850097656,283.9370422363281,283.9383544921875,263.0,291.0
11.25,283.9383850097656,283.9370422363281,283.9383544921875,263.0,291.0
11.5,283.9383850097656,283.9370422363281,283.9383544921875,263.0,291.0
11.75,283.9383850097656,283.9370422363281,283.9383544921875,263.0,291.0
12.0,283.9383850097656,284.0904846191406,283.9383544921875,263.0,291.0
12.25,283.93841552734375,283.9370422363281,283.9383544921875,263.0,291.0
12.5,283.9383850097656,283.9370422363281,283.9383544921875,263.0,291.0
12.75,283.93841552734375,283.9370422363281,283.9383544921875,263.0,291.0
13.0,283.9383850097656,283.9370422363281,283.9383544921875,263.0,291.0
13.25,283.9383850097656,283.9370422363281,283.9383544921875,263.0,291.0
13.5,283.9383850097656,283.9370422363281,283.9383544921875,263.0,291.0
13.75,283.9383850097656,283.9370422363281,283.9383544921875,263.0,291.0
14.0,283.9383850097656,283.9370422363281,283.9383544921875,263.0,291.0
14.25,283.9383850097656,283.9370422363281,283.9383544921875,263.0,291.0
14.5,283.9383850097656,283.9370422363281,283.9383544921875,263.0,291.0
14.75,283.9383850097656,283.9370422363281,283.9383544921875,263.0,291.0
15.0,283.9383850097656,283.9370422363281,283.9383544921875,263.0,291.0
15.25,283.9383850097656,283.9370422363281,283.9383544921875,263.0,291.0
15.5,283.9383850097656,283.9370422363281,283.9383544921875,263.0,291.0
15.75,283.9383850097656,283.9370422363281,283.9383544921875,263.0,291.0
16.0,283.9383850097656,283.9370422363281,283.9383239746094,263.0,291.0
16.25,283.9383850097656,283.9370422363281,283.9383544921875,263.0,291.0
16.5,283.9383850097656,283.9370422363281,283.9383544921875,263.0,291.0
16.75,283.9383850097656,283.9370422363281,283.9383544921875,263.0,291.0
17.0,283.9383850097656,283.9370422363281,283.9383239746094,263.0,291.0
17.25,283.9383850097656,283.9370422363281,283.9383544921875,263.0,291.0
17.5,283.9383850097656,283.93707275390625,283.9383239746094,263.0,291.0
17.75,283.9383850097656,283.9370422363281,283.9383544921875,263.0,291.0
18.0,283.9383850097656,283.9370422363281,283.9383239746094,263.0,291.0
18.25,283.9383850097656,283.9370422363281,283.9383544921875,263.0,291.0
18.5,283.93841552734375,283.9370422363281,283.9383239746094,263.0,291.0
18.75,283.9383850097656,284.0904846191406,283.9383544921875,263.0,291.0
19.0,283.9383850097656,283.93707275390625,283.9383544921875,263.0,291.0
19.25,283.9383850097656,283.9370422363281,283.9383544921875,263.0,291.0
19.5,284.0918273925781,283.9370422363281,283.9383544921875,263.0,291.0
19.75,283.9383850097656,283.9370422363281,283.9383544921875,263.0,291.0
20.0,283.9383850097656,283.9370422363281,283.9383544921875,263.0,291.0
20.25,283.9383850097656,283.9370422363281,283.9383544921875,263.0,291.0
20.5,283.9383850097656,283.9370422363281,283.9383544921875,263.0,291.0
20.75,283.9383850097656,283.9370422363281,283.9383544921875,263.0,291.0
21.0,283.9383850097656,284.0904846191406,283.9383544921875,263.0,291.0
21.25,283.9383850097656,283.9370422363281,283.9383544921875,263.0,291.0
21.5,283.9383850097656,283.9370422363281,283.9383544921875,263.0,291.0
21.75,283.9383850097656,283.9370422363281,283.9383544921875,263.0,291.0
22.0,283.9383850097656,283.9370422363281,283.9383544921875,263.0,291.0
22.25,283.9383850097656,283.9370422363281,283.9383544921875,263.0,291.0
22.5,283.9383850097656,283.9370422363281,283.9383544921875,263.0,291.0
22.75,283.9383850097656,283.9370422363281,283.9383544921875,263.0,291.0
23.0,283.9383850097656,283.9370422363281,283.9383544921875,263.0,291.0
23.25,283.9383850097656,284.0904846191406,283.9383544921875,263.0,291.0
23.5,283.9383850097656,283.9370422363281,283.9383544921875,263.0,291.0
23.75,283.9383850097656,283.9370422363281,283.9383239746094,263.0,291.0
24.0,284.0918273925781,283.9370422363281,283.9383544921875,263.0,291.0
24.25,283.9383850097656,283.9370422363281,283.9383239746094,263.0,291.0
24.5,283.9383850097656,283.9370422363281,283.9383544921875,263.0,291.0
24.75,283.9383850097656,283.9370422363281,283.9383544921875,263.0,291.0
25.0,283.9383850097656,283.9370422363281,283.9383544921875,263.0,291.0
25.25,283.9383850097656,283.9370422363281,283.9383239746094,263.0,291.0
25.5,283.9383850097656,284.0904846191406,283.9383544921875,263.0,291.0
25.75,283.9383850097656,283.9370422363281,283.9383239746094,263.0,291.0
26.0,283.9383850097656,283.9370422363281,283.9383544921875,263.0,291.0
26.25,284.0918273925781,283.93707275390625,283.9383544921875,263.0,291.0
26.5,283.9383850097656,283.9370422363281,283.9383544921875,263.0,291.0
26.75,283.9383850097656,283.9370422363281,283.9383239746094,263.0,291.0
27.0,283.9383850097656,283.9370422363281,283.9383544921875,263.0,291.0
27.25,283.9383850097656,283.9370422363281,283.9383544921875,263.0,291.0
27.5,283.9383850097656,283.9370422363281,283.9383544921875,263.0,291.0
27.75,283.9383850097656,284.0904846191406,283.9383544921875,263.0,291.0
28.0,283.9383850097656,283.9370422363281,283.9383544921875,263.0,291.0
28.25,283.93841552734375,283.9370422363281,283.9383544921875,263.0,291.0
28.5,284.0918273925781,283.9370422363281,283.9383544921875,263.0,291.0
28.75,283.93841552734375,283.9370422363281,283.9383544921875,263.0,291.0
29.0,283.9383850097656,283.9370422363281,283.9383544921875,263.0,291.0
29.25,283.9383850097656,283.9370422363281,283.9383544921875,263.0,291.0
29.5,283.9383850097656,283.9370422363281,283.9383544921875,263.0,291.0
29.75,283.9383850097656,283.9370422363281,283.9383544921875,263.0,291.0
30.0,283.9383850097656,284.0904846191406,283.9383544921875,263.0,291.0
30.25,283.9383850097656,283.9370422363281,283.9383544921875,263.0,291.0
30.5,283.9383850097656,283.9370422363281,283.9383544921875,263.0,291.0
30.75,284.0918273925781,283.9370422363281,283.9383544921875,263.0,291.0
31.0,283.9383850097656,283.9370422363281,283.9383544921875,263.0,291.0
31.25,283.9383850097656,283.9370422363281,283.9383544921875,263.0,291.0
31.5,283.9383850097656,283.9370422363281,283.9383544921875,263.0,291.0
31.75,283.9383850097656,283.9370422363281,283.9383544921875,263.0,291.0
32.0,283.0723571777344,283.5079650878906,283.64739990234375,263.0,291.0
32.25,283.0720520019531,283.6616516113281,283.49456787109375,263.0,291.0
32.5,283.22503662109375,283.5084533691406,283.49456787109375,263.0,291.0
32.75,283.0720520019531,283.5084533691406,283.49456787109375,263.0,291.0
33.0,283.07208251953125,283.5084533691406,283.49456787109375,263.0,291.0
33.25,283.0720520019531,283.5084533691406,283.49456787109375,263.0,291.0
33.5,283.0720520019531,283.5084533691406,283.49456787109375,263.0,291.0
33.75,283.0720520019531,283.5084533691406,283.49456787109375,263.0,291.0
34.0,283.1336364746094,283.52862548828125,283.45013427734375,263.0,291.0
34.25,283.1336364746094,283.52862548828125,283.45013427734375,263.0,291.0
34.5,283.1336364746094,283.6818542480469,283.4501037597656,263.0,291.0
34.75,283.2866516113281,283.52862548828125,283.45013427734375,263.0,291.0
35.0,283.1336364746094,283.52862548828125,283.45013427734375,263.0,291.0
35.25,283.1336364746094,283.52862548828125,283.45013427734375,263.0,291.0
35.5,283.1336364746094,283.52862548828125,283.45013427734375,263.0,291.0
35.75,283.1336364746094,283.52862548828125,283.4501037597656,263.0,291.0
36.0,283.13311767578125,283.5495910644531,283.4709167480469,263.0,291.0
36.25,283.13311767578125,283.5495910644531,283.6241149902344,263.0,291.0
36.5,283.13311767578125,283.5495910644531,283.4709167480469,263.0,291.0
36.75,283.13311767578125,283.70281982421875,283.4709167480469,263.0,291.0
37.0,283.2861328125,283.5495910644531,283.4709167480469,263.0,291.0
37.25,283.13311767578125,283.5495910644531,283.4709167480469,263.0,291.0
37.5,283.13311767578125,283.5495910644531,283.4709167480469,263.0,291.0
37.75,283.13311767578125,283.5495910644531,283.4709167480469,263.0,291.0
38.0,283.15582275390625,283.5074462890625,283.4288330078125,263.0,291.0
38.25,283.1557922363281,283.5074462890625,283.4288330078125,263.0,291.0
38.5,283.15582275390625,283.5074462890625,283.58197021484375,263.0,291.0
38.75,283.1557922363281,283.5074462890625,283.4288330078125,263.0,291.0
39.0,283.1557922363281,283.6606750488281,283.4288330078125,263.0,291.0
39.25,283.308837890625,283.5074462890625,283.4288330078125,263.0,291.0
39.5,283.1557922363281,283.5074462890625,283.4288024902344,263.0,291.0
39.75,283.1557922363281,283.5074462890625,283.4288330078125,263.0,291.0
40.0,283.1981506347656,283.5711669921875,283.384521484375,263.0,291.0
40.25,283.1981506347656,283.5711669921875,283.384521484375,263.0,291.0
40.5,283.1981506347656,283.5711669921875,283.3844909667969,263.0,291.0
40.75,283.1981506347656,283.5711669921875,283.5376281738281,263.0,291.0
41.0,283.1981506347656,283.5711669921875,283.384521484375,263.0,291.0
41.25,283.1981506347656,283.7243957519531,283.384521484375,263.0,291.0
41.5,283.3511962890625,283.5711669921875,283.3844909667969,263.0,291.0
41.75,283.1981506347656,283.5711669921875,283.384521484375,263.0,291.0
42.0,283.1772766113281,283.55035400390625,283.38519287109375,263.0,291.0
42.25,283.17730712890625,283.55035400390625,283.3852233886719,263.0,291.0
42.5,283.1772766113281,283.55035400390625,283.38519287109375,263.0,291.0
42.75,283.17730712890625,283.55035400390625,283.38519287109375,263.0,291.0
43.0,283.17730712890625,283.55035400390625,283.5383605957031,263.0,291.0
43.25,283.17730712890625,283.55035400390625,283.38519287109375,263.0,291.0
43.5,283.17730712890625,283.7035827636719,283.38519287109375,263.0,291.0
43.75,283.17730712890625,283.55035400390625,283.3852233886719,263.0,291.0
44.0,283.1769714355469,283.5715637207031,283.3848571777344,263.0,291.0
44.25,283.1769714355469,283.57159423828125,283.3848571777344,263.0,291.0
44.5,283.1769714355469,283.5715637207031,283.3848571777344,263.0,291.0
44.75,283.1769714355469,283.5715637207031,283.3848571777344,263.0,291.0
45.0,283.17694091796875,283.5715637207031,283.3848571777344,263.0,291.0
45.25,283.1769714355469,283.57159423828125,283.5379943847656,263.0,291.0
45.5,283.17694091796875,283.5715637207031,283.5379943847656,263.0,291.0
45.75,283.1769714355469,283.7248229980469,283.3848571777344,263.0,291.0
46.0,283.330322265625,283.5719299316406,283.363525390625,263.0,291.0
46.25,283.17730712890625,283.5719299316406,283.363525390625,263.0,291.0
46.5,283.17730712890625,283.5719299316406,283.363525390625,263.0,291.0
46.75,283.17730712890625,283.5719299316406,283.363525390625,263.0,291.0
47.0,283.17730712890625,283.5719299316406,283.363525390625,263.0,291.0
47.25,283.17730712890625,283.5719299316406,283.363525390625,263.0,291.0
47.5,283.17730712890625,283.5719299316406,283.51666259765625,263.0,291.0
47.75,283.17730712890625,283.5719299316406,283.363525390625,263.0,291.0
48.0,283.1775817871094,283.7039489746094,283.3638610839844,263.0,291.0
48.25,283.1775817871094,283.5506896972656,283.3638916015625,263.0,291.0
48.5,283.1775817871094,283.55072021484375,283.3638610839844,263.0,291.0
48.75,283.1775817871094,283.5506896972656,283.3638916015625,263.0,291.0
49.0,283.1775817871094,283.55072021484375,283.3638610839844,263.0,291.0
49.25,283.1775817871094,283.55072021484375,283.3638916015625,263.0,291.0
49.5,283.1775817871094,283.55072021484375,283.3638610839844,263.0,291.0
49.75,283.1775817871094,283.55072021484375,283.3638610839844,263.0,291.0
50.0,283.13568115234375,283.50885009765625,283.36553955078125,263.0,291.0
50.25,283.13568115234375,283.50885009765625,283.36553955078125,263.0,291.0
50.5,283.13568115234375,283.50885009765625,283.36553955078125,263.0,291.0
50.75,283.13568115234375,283.50885009765625,283.36553955078125,263.0,291.0
51.0,283.13568115234375,283.50885009765625,283.36553955078125,263.0,291.0
51.25,283.13568115234375,283.50885009765625,283.36553955078125,263.0,291.0
51.5,283.13568115234375,283.50885009765625,283.36553955078125,263.0,291.0
51.75,283.13568115234375,283.50885009765625,283.36553955078125,263.0,291.0
52.0,283.0709533691406,283.5091552734375,283.40875244140625,263.0,291.0
52.25,283.2239074707031,283.662353515625,283.4087829589844,263.0,291.0
52.5,283.2239074707031,283.5091552734375,283.40875244140625,263.0,291.0
52.75,283.0709533691406,283.5091552734375,283.4087829589844,263.0,291.0
53.0,283.0709533691406,283.5091552734375,283.40875244140625,263.0,291.0
53.25,283.0709533691406,283.5091552734375,283.4087829589844,263.0,291.0
53.5,283.26666259765625,283.4223937988281,283.4732666015625,263.0,291.0
53.75,283.1136779785156,283.4223937988281,283.4732971191406,263.0,291.0
54.0,283.1136779785156,283.4223937988281,283.4732971191406,263.0,291.0
54.25,283.1136779785156,283.4223937988281,283.4732666015625,263.0,291.0
54.5,283.1136779785156,283.4223937988281,283.4732666015625,263.0,291.0
54.75,283.1136779785156,283.4223937988281,283.4732666015625,263.0,291.0
55.0,283.1136779785156,283.4223937988281,283.4732971191406,263.0,291.0
55.25,283.1136779785156,283.4223937988281,283.4732971191406,263.0,291.0
55.5,283.1571350097656,283.4223937988281,283.4302062988281,263.0,291.0
55.75,283.1571350097656,283.4223937988281,283.5833740234375,263.0,291.0
56.0,283.1571350097656,283.4223937988281,283.4302062988281,263.0,291.0
56.25,283.1571350097656,283.5755310058594,283.4302062988281,263.0,291.0
56.5,283.3101501464844,283.4223937988281,283.4302062988281,263.0,291.0
56.75,283.1571350097656,283.4223937988281,283.4302062988281,263.0,291.0
57.0,283.1571350097656,283.4223937988281,283.4302062988281,263.0,291.0
57.25,283.1571350097656,283.4223937988281,283.4302062988281,263.0,291.0
57.5,283.1136169433594,283.4434814453125,283.4729309082031,263.0,291.0
57.75,283.1136169433594,283.4435119628906,283.4729309082031,263.0,291.0
58.0,283.1136169433594,283.4435119628906,283.4729309082031,263.0,291.0
58.25,283.1136169433594,283.4435119628906,283.4729309082031,263.0,291.0
58.5,283.1136169433594,283.4435119628906,283.4729309082031,263.0,291.0
58.75,283.2666015625,283.4435119628906,283.4729309082031,263.0,291.0
59.0,283.1136169433594,283.4434814453125,283.4729309082031,263.0,291.0
59.25,283.1136169433594,283.4435119628906,283.4729309082031,263.0,291.0
59.5,283.5745849609375,283.68756103515625,283.6735534667969,263.0,291.0
59.75,283.5745849609375,283.68756103515625,283.6735534667969,263.0,291.0
60.0,283.5745544433594,283.68756103515625,283.6735534667969,263.0,291.0
60.25,283.5745849609375,283.68756103515625,283.6735534667969,263.0,291.0
60.5,283.5745544433594,283.68756103515625,283.6735534667969,263.0,291.0
60.75,283.5745849609375,283.68756103515625,283.6735534667969,263.0,291.0
61.0,283.7278137207031,283.68756103515625,283.6735534667969,263.0,291.0
61.25,283.5745849609375,283.68756103515625,283.6735534667969,263.0,291.0
61.5,283.53228759765625,283.7097473144531,283.6740417480469,263.0,291.0
61.75,283.53228759765625,283.70977783203125,283.6740417480469,263.0,291.0
62.0,283.53228759765625,283.7097473144531,283.6740417480469,263.0,291.0
62.25,283.53228759765625,283.7097473144531,283.6740417480469,263.0,291.0
62.5,283.53228759765625,283.7097473144531,283.6740417480469,263.0,291.0
62.75,283.53228759765625,283.7097473144531,283.6740417480469,263.0,291.0
63.0,283.53228759765625,283.7097473144531,283.6740417480469,263.0,291.0
63.25,283.6855163574219,283.7097473144531,283.6740417480469,263.0,291.0
63.5,283.53253173828125,283.7102355957031,283.6528625488281,263.0,291.0
63.75,283.5325622558594,283.7102355957031,283.6528625488281,263.0,291.0
64.0,283.53253173828125,283.7102355957031,283.6528625488281,263.0,291.0
64.25,283.53253173828125,283.7102355957031,283.6528625488281,263.0,291.0
64.5,283.53253173828125,283.7102355957031,283.6528625488281,263.0,291.0
64.75,283.53253173828125,283.7102355957031,283.6528625488281,263.0,291.0
65.0,283.53253173828125,283.7102355957031,283.6528625488281,263.0,291.0
65.25,283.53253173828125,283.7102355957031,283.6528625488281,263.0,291.0
65.5,283.4045715332031,283.6470947265625,283.7408447265625,263.0,291.0
65.75,283.4045715332031,283.6470947265625,283.7408447265625,263.0,291.0
66.0,283.4045715332031,283.6470947265625,283.7408142089844,263.0,291.0
66.25,283.404541015625,283.6470947265625,283.7408447265625,263.0,291.0
66.5,283.4045715332031,283.6470947265625,283.7408447265625,263.0,291.0
66.75,283.4045715332031,283.6470947265625,283.7408447265625,263.0,291.0
67.0,283.4045715332031,283.6470947265625,283.7408447265625,263.0,291.0
67.25,283.4045715332031,283.6470947265625,283.7408447265625,263.0,291.0
67.5,283.4891357421875,283.6884460449219,283.7176208496094,263.0,291.0
67.75,283.642333984375,283.6884460449219,283.7176208496094,263.0,291.0
68.0,283.4891357421875,283.6884460449219,283.7176208496094,263.0,291.0
68.25,283.4891357421875,283.6884460449219,283.7176208496094,263.0,291.0
68.5,283.4891357421875,283.6884460449219,283.7176208496094,263.0,291.0
68.75,283.4891357421875,283.68841552734375,283.7176208496094,263.0,291.0
69.0,283.4891357421875,283.6884460449219,283.7176208496094,263.0,291.0
69.25,283.4891357421875,283.6884460449219,283.7176208496094,263.0,291.0
69.5,283.42510986328125,283.71075439453125,283.7182922363281,263.0,291.0
69.75,283.4250793457031,283.71075439453125,283.7182922363281,263.0,291.0
70.0,283.5782470703125,283.71075439453125,283.7182922363281,263.0,291.0
70.25,283.4250793457031,283.71075439453125,283.7182922363281,263.0,291.0
70.5,283.42510986328125,283.71075439453125,283.7182922363281,263.0,291.0
70.75,283.4250793457031,283.71075439453125,283.7182922363281,263.0,291.0
71.0,283.42510986328125,283.71075439453125,283.7182922363281,263.0,291.0
71.25,283.4250793457031,283.71075439453125,283.7182922363281,263.0,291.0
71.5,283.5526428222656,283.6439514160156,283.7809143066406,263.0,291.0
71.75,283.5526428222656,283.6439514160156,283.7809143066406,263.0,291.0
72.0,283.5526428222656,283.6439514160156,283.7809143066406,263.0,291.0
72.25,283.70587158203125,283.6439514160156,283.7809143066406,263.0,291.0
72.5,283.5526123046875,283.6439514160156,283.7809143066406,263.0,291.0
72.75,283.5526428222656,283.6439514160156,283.7809143066406,263.0,291.0
73.0,283.5526123046875,283.6439514160156,283.7809143066406,263.0,291.0
73.25,283.5526428222656,283.6439514160156,283.7809143066406,263.0,291.0
73.5,283.61871337890625,283.5801696777344,283.7172546386719,263.0,291.0
73.75,283.6187438964844,283.5801696777344,283.7172546386719,263.0,291.0
74.0,283.6187438964844,283.5801696777344,283.7172546386719,263.0,291.0
74.25,283.6187438964844,283.5801696777344,283.7172546386719,263.0,291.0
74.5,283.7720031738281,283.5801696777344,283.7172546386719,263.0,291.0
74.75,283.6187438964844,283.5801696777344,283.7172546386719,263.0,291.0
75.0,283.6187438964844,283.5801696777344,283.7172546386719,263.0,291.0
75.25,283.6187438964844,283.5801696777344,283.7172546386719,263.0,291.0
75.5,283.5762939453125,283.580810546875,283.7178649902344,263.0,291.0
75.75,283.5762939453125,283.580810546875,283.7178649902344,263.0,291.0
76.0,283.5762939453125,283.580810546875,283.7178649902344,263.0,291.0
76.25,283.5762939453125,283.580810546875,283.7178649902344,263.0,291.0
76.5,283.5762939453125,283.580810546875,283.7178649902344,263.0,291.0
76.75,283.5762939453125,283.580810546875,283.7178649902344,263.0,291.0
77.0,283.5762939453125,283.580810546875,283.7178649902344,263.0,291.0
77.25,283.5762939453125,283.580810546875,283.7178649902344,263.0,291.0
77.5,283.5765686035156,283.5811462402344,283.6966552734375,263.0,291.0
77.75,283.57659912109375,283.5811462402344,283.6966552734375,263.0,291.0
78.0,283.5765686035156,283.5811462402344,283.6966552734375,263.0,291.0
78.25,283.5765686035156,283.5811462402344,283.6966552734375,263.0,291.0
78.5,283.5765686035156,283.5811462402344,283.6966552734375,263.0,291.0
78.75,283.5765686035156,283.5811462402344,283.6966552734375,263.0,291.0
79.0,283.5765686035156,283.5811462402344,283.6966857910156,263.0,291.0
79.25,283.5765686035156,283.5811462402344,283.6966552734375,263.0,291.0
79.5,283.5549621582031,283.6027526855469,283.6966247558594,263.0,291.0
79.75,283.5549621582031,283.6027526855469,283.6966552734375,263.0,291.0
80.0,283.5549621582031,283.6027526855469,283.6966247558594,263.0,291.0
80.25,283.5549621582031,283.6027526855469,283.6966552734375,263.0,291.0
80.5,283.5549621582031,283.6027526855469,283.6966552734375,263.0,291.0
80.75,283.5549621582031,283.6027526855469,283.6966552734375,263.0,291.0
81.0,283.5549621582031,283.6027526855469,283.6966552734375,263.0,291.0
81.25,283.5549621582031,283.6027526855469,283.6966247558594,263.0,291.0
81.5,283.5771789550781,283.5173034667969,283.71893310546875,263.0,291.0
81.75,283.5771789550781,283.5173034667969,283.71893310546875,263.0,291.0
82.0,283.5771789550781,283.5173034667969,283.71893310546875,263.0,291.0
82.25,283.5771789550781,283.517333984375,283.71893310546875,263.0,291.0
82.5,283.5771789550781,283.517333984375,283.71893310546875,263.0,291.0
82.75,283.5771789550781,283.517333984375,283.71893310546875,263.0,291.0
83.0,283.5771789550781,283.517333984375,283.71893310546875,263.0,291.0
83.25,283.5771789550781,283.517333984375,283.71893310546875,263.0,291.0
83.5,283.7514343261719,283.51629638671875,283.7397766113281,263.0,291.0
83.75,283.5981750488281,283.5162658691406,283.7397766113281,263.0,291.0
84.0,283.5981750488281,283.51629638671875,283.7397766113281,263.0,291.0
84.25,283.5981750488281,283.5162658691406,283.7397766113281,263.0,291.0
84.5,283.5981750488281,283.51629638671875,283.7397766113281,263.0,291.0
84.75,283.5981750488281,283.5162658691406,283.7397766113281,263.0,291.0
85.0,283.59820556640625,283.51629638671875,283.7397766113281,263.0,291.0
85.25,283.5981750488281,283.5162658691406,283.7397766113281,263.0,291.0
85.5,283.4057922363281,283.5615234375,283.7634582519531,263.0,291.0
85.75,283.40576171875,283.5615234375,283.7634582519531,263.0,291.0
86.0,283.40576171875,283.5615234375,283.7634582519531,263.0,291.0
86.25,283.40576171875,283.5615234375,283.7634582519531,263.0,291.0
86.5,283.4057922363281,283.5615234375,283.7634582519531,263.0,291.0
86.75,283.40576171875,283.5615234375,283.7634582519531,263.0,291.0
87.0,283.4057922363281,283.5615234375,283.7634582519531,263.0,291.0
87.25,283.40576171875,283.5615234375,283.7634582519531,263.0,291.0
87.5,283.7568054199219,283.8908386230469,284.20257568359375,263.0,291.0
87.75,283.7568054199219,283.8908386230469,284.049072265625,263.0,291.0
88.0,283.91015625,283.89080810546875,284.049072265625,263.0,291.0
88.25,283.7568054199219,283.8908386230469,284.049072265625,263.0,291.0
88.5,283.7568054199219,283.89080810546875,284.049072265625,263.0,291.0
88.75,283.7568054199219,283.89080810546875,284.049072265625,263.0,291.0
89.0,283.7568054199219,283.89080810546875,284.049072265625,263.0,291.0
89.25,283.7568054199219,283.89080810546875,284.049072265625,263.0,291.0
89.5,283.7998962402344,283.9336853027344,283.9839782714844,263.0,291.0
89.75,283.7998962402344,283.9336853027344,283.9839782714844,263.0,291.0
90.0,283.7998962402344,283.9336853027344,283.9839782714844,263.0,291.0
90.25,283.7998962402344,283.9336853027344,283.9839782714844,263.0,291.0
90.5,283.7998962402344,283.9336853027344,283.9839782714844,263.0,291.0
90.75,283.7998962402344,283.9336853027344,283.9839782714844,263.0,291.0
91.0,283.7998962402344,283.9336853027344,283.9840087890625,263.0,291.0
91.25,283.7998962402344,283.9336853027344,283.9839782714844,263.0,291.0
91.5,283.9302062988281,283.912841796875,283.8338623046875,263.0,291.0
91.75,283.9302062988281,283.9128723144531,283.8338317871094,263.0,291.0
92.0,283.9302062988281,283.912841796875,283.98724365234375,263.0,291.0
92.25,283.9302062988281,283.912841796875,283.8338317871094,263.0,291.0
92.5,283.9302062988281,283.912841796875,283.8338623046875,263.0,291.0
92.75,283.9302062988281,283.912841796875,283.8338317871094,263.0,291.0
93.0,283.9302062988281,283.912841796875,283.8338623046875,263.0,291.0
93.25,283.93023681640625,283.912841796875,283.8338623046875,263.0,291.0
93.5,284.058349609375,283.8468322753906,283.8539123535156,263.0,291.0
93.75,284.058349609375,283.8468322753906,283.8539123535156,263.0,291.0
94.0,284.058349609375,283.8468322753906,283.8539123535156,263.0,291.0
94.25,284.058349609375,283.8468322753906,283.8539123535156,263.0,291.0
94.5,284.058349609375,284.0002136230469,283.8539123535156,263.0,291.0
94.75,284.21185302734375,283.8468322753906,283.8539123535156,263.0,291.0
95.0,284.058349609375,283.8468322753906,283.8539123535156,263.0,291.0
95.25,284.058349609375,283.8468322753906,283.8538818359375,263.0,291.0
95.5,283.99456787109375,283.7400207519531,283.9626770019531,263.0,291.0
95.75,283.99456787109375,283.7400207519531,283.9626770019531,263.0,291.0
96.0,283.99456787109375,283.7400207519531,283.9626770019531,263.0,291.0
96.25,283.99456787109375,283.7400207519531,283.9626770019531,263.0,291.0
96.5,283.99456787109375,283.7400207519531,283.96270751953125,263.0,291.0
96.75,283.99456787109375,283.8933410644531,283.9626770019531,263.0,291.0
97.0,284.1480407714844,283.7400207519531,283.9626770019531,263.0,291.0
97.25,283.99456787109375,283.7400207519531,283.9626770019531,263.0,291.0
97.5,284.1029052734375,283.6539306640625,283.919921875,263.0,291.0
97.75,284.1028747558594,283.6539306640625,283.919921875,263.0,291.0
98.0,284.1028747558594,283.6539306640625,283.919921875,263.0,291.0
98.25,284.1028747558594,283.6539306640625,283.919921875,263.0,291.0
98.5,284.1028747558594,283.6539306640625,284.0733337402344,263.0,291.0
98.75,284.1028747558594,283.6539306640625,283.919921875,263.0,291.0
99.0,284.1028747558594,283.8072204589844,283.919921875,263.0,291.0
99.25,284.1028747558594,283.6539306640625,283.919921875,263.0,291.0
99.5,284.0606994628906,283.5901794433594,283.9640197753906,263.0,291.0
99.75,284.0606994628906,283.5901794433594,283.9640197753906,263.0,291.0
100.0,284.0606994628906,283.5901794433594,283.9640197753906,263.0,291.0
100.25,284.0606994628906,283.5901794433594,283.9640197753906,263.0,291.0
100.5,284.0606994628906,283.5901794433594,283.9640197753906,263.0,291.0
100.75,284.0606994628906,283.59014892578125,284.11749267578125,263.0,291.0
101.0,284.06072998046875,283.5901794433594,284.1174621582031,263.0,291.0
101.25,284.0606994628906,283.743408203125,283.9640197753906,263.0,291.0
101.5,284.0607604980469,283.65484619140625,283.8993835449219,263.0,291.0
101.75,284.0607604980469,283.65484619140625,283.8993835449219,263.0,291.0
102.0,284.0607604980469,283.65484619140625,283.8993835449219,263.0,291.0
102.25,284.0607604980469,283.65484619140625,283.8993835449219,263.0,291.0
102.5,284.0607604980469,283.65484619140625,283.8993835449219,263.0,291.0
102.75,284.0607604980469,283.65484619140625,283.8993835449219,263.0,291.0
103.0,284.0607604980469,283.65484619140625,283.8993835449219,263.0,291.0
103.25,284.0607604980469,283.8081359863281,283.8993835449219,263.0,291.0
103.5,284.1919860839844,283.718994140625,283.898681640625,263.0,291.0
103.75,284.0384826660156,283.718994140625,283.898681640625,263.0,291.0
104.0,284.0384826660156,283.718994140625,283.898681640625,263.0,291.0
104.25,284.0384826660156,283.718994140625,283.898681640625,263.0,291.0
104.5,284.0384826660156,283.718994140625,283.898681640625,263.0,291.0
104.75,284.0384826660156,283.718994140625,283.898681640625,263.0,291.0
105.0,284.0384826660156,283.718994140625,283.898681640625,263.0,291.0
105.25,284.0384826660156,283.718994140625,284.0520935058594,263.0,291.0
105.5,283.7819519042969,284.0474853515625,283.8365173339844,263.0,291.0
105.75,283.7819519042969,283.8940734863281,283.8365173339844,263.0,291.0
106.0,283.7819519042969,283.8940734863281,283.8365173339844,263.0,291.0
106.25,283.7819519042969,283.8940734863281,283.8365173339844,263.0,291.0
106.5,283.7819519042969,283.8940734863281,283.8365173339844,263.0,291.0
106.75,283.7819519042969,283.8940734863281,283.8365173339844,263.0,291.0
107.0,283.7819519042969,283.8940734863281,283.8365173339844,263.0,291.0
107.25,283.7819519042969,283.8940734863281,283.83648681640625,263.0,291.0
107.5,283.7803649902344,283.91424560546875,284.05328369140625,263.0,291.0
107.75,283.7803649902344,284.0676574707031,283.89984130859375,263.0,291.0
108.0,283.7803649902344,283.91424560546875,283.89984130859375,263.0,291.0
108.25,283.7803649902344,283.91424560546875,283.89984130859375,263.0,291.0
108.5,283.7803649902344,283.91424560546875,283.89984130859375,263.0,291.0
108.75,283.7803649902344,283.91424560546875,283.89984130859375,263.0,291.0
109.0,283.7803649902344,283.91424560546875,283.8998718261719,263.0,291.0
109.25,283.7803649902344,283.91424560546875,283.89984130859375,263.0,291.0
109.5,283.9294738769531,283.8258972167969,283.9624328613281,263.0,291.0
109.75,283.9294738769531,283.8258972167969,283.9624328613281,263.0,291.0
110.0,283.9294738769531,283.9792785644531,283.9624328613281,263.0,291.0
110.25,283.9294738769531,283.8258972167969,283.9624328613281,263.0,291.0
110.5,283.9294738769531,283.8258972167969,283.9624328613281,263.0,291.0
110.75,283.9294738769531,283.8258972167969,283.9624328613281,263.0,291.0
111.0,283.9294738769531,283.8258972167969,283.9624328613281,263.0,291.0
111.25,283.9294738769531,283.8258972167969,283.9624328613281,263.0,291.0
111.5,283.2817077636719,283.4373474121094,283.7253723144531,263.0,291.0
111.75,283.28167724609375,283.4373474121094,283.725341796875,263.0,291.0
112.0,283.28167724609375,283.4373474121094,283.8786926269531,263.0,291.0
112.25,283.28167724609375,283.59051513671875,283.725341796875,263.0,291.0
112.5,283.28167724609375,283.4373474121094,283.725341796875,263.0,291.0
112.75,283.28167724609375,283.4373474121094,283.725341796875,263.0,291.0
113.0,283.28167724609375,283.4373474121094,283.725341796875,263.0,291.0
113.25,283.28167724609375,283.4373474121094,283.725341796875,263.0,291.0
113.5,283.19708251953125,283.33203125,283.7071533203125,263.0,291.0
113.75,283.19708251953125,283.3320007324219,283.7071533203125,263.0,291.0
114.0,283.19708251953125,283.33203125,283.8604736328125,263.0,291.0
114.25,283.19708251953125,283.3320007324219,283.7071533203125,263.0,291.0
114.5,283.19708251953125,283.4851379394531,283.7071838378906,263.0,291.0
114.75,283.19708251953125,283.3320007324219,283.7071533203125,263.0,291.0
115.0,283.19708251953125,283.3320007324219,283.7071838378906,263.0,291.0
115.25,283.19708251953125,283.3320007324219,283.7071533203125,263.0,291.0
115.5,283.21746826171875,283.37396240234375,283.70611572265625,263.0,291.0
115.75,283.21746826171875,283.37396240234375,283.70611572265625,263.0,291.0
116.0,283.21746826171875,283.37396240234375,283.7060852050781,263.0,291.0
116.25,283.21746826171875,283.37396240234375,283.70611572265625,263.0,291.0
116.5,283.21746826171875,283.37396240234375,283.85943603515625,263.0,291.0
116.75,283.21746826171875,283.527099609375,283.70611572265625,263.0,291.0
117.0,283.21746826171875,283.37396240234375,283.7060852050781,263.0,291.0
117.25,283.21746826171875,283.37396240234375,283.70611572265625,263.0,291.0
117.5,282.9804992675781,283.5263366699219,283.7287292480469,263.0,291.0
117.75,282.9804992675781,283.5263366699219,283.728759765625,263.0,291.0
118.0,282.9804992675781,283.5263366699219,283.728759765625,263.0,291.0
118.25,282.9804992675781,283.5263366699219,283.728759765625,263.0,291.0
118.5,282.9804992675781,283.5263366699219,283.728759765625,263.0,291.0
118.75,282.9804992675781,283.5263366699219,283.882080078125,263.0,291.0
119.0,282.9804992675781,283.5263366699219,283.728759765625,263.0,291.0
119.25,283.1334228515625,283.5263366699219,283.728759765625,263.0,291.0
119.5,282.4837341308594,283.0752258300781,283.2568664550781,263.0,291.0
119.75,282.48370361328125,283.0752258300781,283.2568664550781,263.0,291.0
120.0,282.48370361328125,283.0752258300781,283.2568664550781,263.0,291.0
120.25,282.48370361328125,283.0752258300781,283.2568664550781,263.0,291.0
120.5,282.48370361328125,283.0752258300781,283.2568664550781,263.0,291.0
120.75,282.48370361328125,283.0752258300781,283.4099426269531,263.0,291.0
121.0,282.48370361328125,283.0752258300781,283.4099426269531,263.0,291.0
121.25,282.48370361328125,283.2281799316406,283.2568664550781,263.0,291.0
121.5,282.7609558105469,283.1788330078125,283.2098083496094,263.0,291.0
121.75,282.6082458496094,283.1788330078125,283.2098083496094,263.0,291.0
122.0,282.6082458496094,283.1788330078125,283.2098083496094,263.0,291.0
122.25,282.6082458496094,283.1788330078125,283.2098083496094,263.0,291.0
122.5,282.6082458496094,283.1788330078125,283.2098083496094,263.0,291.0
122.75,282.6082458496094,283.1788330078125,283.2098083496094,263.0,291.0
123.0,282.6082458496094,283.1788330078125,283.20977783203125,263.0,291.0
123.25,282.6082458496094,283.1788330078125,283.36285400390625,263.0,291.0
123.5,282.69622802734375,283.2463684082031,283.16668701171875,263.0,291.0
123.75,282.69622802734375,283.0934143066406,283.16668701171875,263.0,291.0
124.0,282.69622802734375,283.0934143066406,283.16668701171875,263.0,291.0
124.25,282.69622802734375,283.0934143066406,283.1667175292969,263.0,291.0
124.5,282.69622802734375,283.0934143066406,283.1667175292969,263.0,291.0
124.75,282.69622802734375,283.0934143066406,283.16668701171875,263.0,291.0
125.0,282.69622802734375,283.0934143066406,283.1667175292969,263.0,291.0
125.25,282.69622802734375,283.0934143066406,283.3197326660156,263.0,291.0
125.5,282.697021484375,283.1151428222656,283.1236877441406,263.0,291.0
125.75,282.697021484375,283.26812744140625,283.1236572265625,263.0,291.0
126.0,282.8497619628906,283.1151428222656,283.1236572265625,263.0,291.0
126.25,282.697021484375,283.1151428222656,283.1236572265625,263.0,291.0
126.5,282.697021484375,283.1151428222656,283.1236877441406,263.0,291.0
126.75,282.697021484375,283.1151428222656,283.1236877441406,263.0,291.0
127.0,282.697021484375,283.1151428222656,283.1236877441406,263.0,291.0
127.25,282.697021484375,283.1151428222656,283.1236877441406,263.0,291.0
127.5,282.60992431640625,283.1581115722656,283.341064453125,263.0,291.0
127.75,282.60992431640625,283.1581115722656,283.18804931640625,263.0,291.0
128.0,282.60992431640625,283.3111267089844,283.18804931640625,263.0,291.0
128.25,282.76263427734375,283.1581115722656,283.1880187988281,263.0,291.0
128.5,282.60992431640625,283.1581115722656,283.18804931640625,263.0,291.0
128.75,282.60992431640625,283.1581115722656,283.18804931640625,263.0,291.0
129.0,282.60992431640625,283.1581115722656,283.18804931640625,263.0,291.0
129.25,282.60992431640625,283.1581115722656,283.18804931640625,263.0,291.0
129.5,282.5877990722656,283.2014465332031,283.1666564941406,263.0,291.0
129.75,282.58782958984375,283.2014465332031,283.1666564941406,263.0,291.0
130.0,282.58782958984375,283.2014465332031,283.1666564941406,263.0,291.0
130.25,282.58782958984375,283.3544921875,283.1666564941406,263.0,291.0
130.5,282.7405090332031,283.2014465332031,283.1666564941406,263.0,291.0
130.75,282.5877990722656,283.2014465332031,283.1666564941406,263.0,291.0
131.0,282.58782958984375,283.2014465332031,283.1666564941406,263.0,291.0
131.25,282.5877990722656,283.2014465332031,283.1666564941406,263.0,291.0
131.5,282.65106201171875,283.2863464355469,283.12164306640625,263.0,291.0
131.75,282.65106201171875,283.28631591796875,283.12164306640625,263.0,291.0
132.0,282.65106201171875,283.2863464355469,283.12164306640625,263.0,291.0
132.25,282.6510314941406,283.2863464355469,283.12164306640625,263.0,291.0
132.5,282.65106201171875,283.4394226074219,283.12164306640625,263.0,291.0
132.75,282.65106201171875,283.2863464355469,283.12164306640625,263.0,291.0
133.0,282.65106201171875,283.2863464355469,283.12164306640625,263.0,291.0
133.25,282.65106201171875,283.2863464355469,283.1216735839844,263.0,291.0
133.5,282.6737060546875,283.2440185546875,283.1005859375,263.0,291.0
133.75,282.6737060546875,283.2440185546875,283.1005859375,263.0,291.0
134.0,282.6737060546875,283.2440185546875,283.1005859375,263.0,291.0
134.25,282.6737060546875,283.2440185546875,283.2535705566406,263.0,291.0
134.5,282.6737060546875,283.2440185546875,283.2535705566406,263.0,291.0
134.75,282.6737060546875,283.3970947265625,283.1005554199219,263.0,291.0
135.0,282.6737060546875,283.2440185546875,283.1005859375,263.0,291.0
135.25,282.6737060546875,283.2440185546875,283.1005859375,263.0,291.0
135.5,282.67279052734375,283.2861328125,283.1210632324219,263.0,291.0
135.75,282.6727600097656,283.2861328125,283.12109375,263.0,291.0
136.0,282.6727600097656,283.2861328125,283.12109375,263.0,291.0
136.25,282.6727600097656,283.2861328125,283.12109375,263.0,291.0
136.5,282.67279052734375,283.2861328125,283.12109375,263.0,291.0
136.75,282.6727600097656,283.2861328125,283.12109375,263.0,291.0
137.0,282.6727600097656,283.439208984375,283.12109375,263.0,291.0
137.25,282.8255310058594,283.2861328125,283.1210632324219,263.0,291.0
137.5,282.6944580078125,283.26458740234375,283.1211242675781,263.0,291.0
137.75,282.6944274902344,283.26458740234375,283.12115478515625,263.0,291.0
138.0,282.6944580078125,283.26458740234375,283.12115478515625,263.0,291.0
138.25,282.6944580078125,283.26458740234375,283.12115478515625,263.0,291.0
138.5,282.6944274902344,283.26458740234375,283.1211242675781,263.0,291.0
138.75,282.6944580078125,283.26458740234375,283.1211242675781,263.0,291.0
139.0,282.6944274902344,283.26458740234375,283.2741394042969,263.0,291.0
139.25,282.6944580078125,283.41766357421875,283.12115478515625,263.0,291.0
139.5,282.82562255859375,283.2645568847656,283.1427307128906,263.0,291.0
139.75,282.6728515625,283.2645568847656,283.14276123046875,263.0,291.0
140.0,282.6728515625,283.2645568847656,283.1427307128906,263.0,291.0
140.25,282.6728515625,283.2645568847656,283.1427307128906,263.0,291.0
140.5,282.6728515625,283.2645568847656,283.1427307128906,263.0,291.0
140.75,282.6728515625,283.2645568847656,283.1427307128906,263.0,291.0
141.0,282.6728515625,283.2645568847656,283.14276123046875,263.0,291.0
141.25,282.6728515625,283.2645568847656,283.1427307128906,263.0,291.0
141.5,282.6087646484375,283.4186706542969,283.143798828125,263.0,291.0
141.75,282.761474609375,283.2655944824219,283.143798828125,263.0,291.0
142.0,282.6087646484375,283.2655944824219,283.143798828125,263.0,291.0
142.25,282.6087341308594,283.2655944824219,283.143798828125,263.0,291.0
142.5,282.6087341308594,283.2655944824219,283.143798828125,263.0,291.0
142.75,282.6087341308594,283.2655944824219,283.143798828125,263.0,291.0
143.0,282.6087341308594,283.2655944824219,283.143798828125,263.0,291.0
143.25,282.6087341308594,283.2655944824219,283.143798828125,263.0,291.0
143.5,282.6091003417969,283.28753662109375,283.10101318359375,263.0,291.0
143.75,282.609130859375,283.4406433105469,283.10101318359375,263.0,291.0
144.0,282.6091003417969,283.28753662109375,283.10101318359375,263.0,291.0
144.25,282.6091003417969,283.28753662109375,283.10101318359375,263.0,291.0
144.5,282.6091003417969,283.28753662109375,283.10101318359375,263.0,291.0
144.75,282.6091003417969,283.28753662109375,283.10101318359375,263.0,291.0
145.0,282.6091003417969,283.28753662109375,283.10101318359375,263.0,291.0
145.25,282.6091003417969,283.28753662109375,283.10101318359375,263.0,291.0
145.5,282.5874328613281,283.2663269042969,283.2758483886719,263.0,291.0
145.75,282.5874328613281,283.2663269042969,283.2758483886719,263.0,291.0
146.0,282.5874328613281,283.4194030761719,283.12286376953125,263.0,291.0
146.25,282.5874328613281,283.2663269042969,283.12286376953125,263.0,291.0
146.5,282.5874328613281,283.2663269042969,283.12286376953125,263.0,291.0
146.75,282.5874328613281,283.2663269042969,283.12286376953125,263.0,291.0
147.0,282.5874328613281,283.2663269042969,283.12286376953125,263.0,291.0
147.25,282.5874328613281,283.2663269042969,283.12286376953125,263.0,291.0
147.5,282.6086730957031,283.2226867675781,283.1658020019531,263.0,291.0
147.75,282.6086730957031,283.2226867675781,283.3188171386719,263.0,291.0
148.0,282.6086730957031,283.2226867675781,283.1658020019531,263.0,291.0
148.25,282.6086730957031,283.375732421875,283.1658020019531,263.0,291.0
148.5,282.7613830566406,283.2226867675781,283.1658020019531,263.0,291.0
148.75,282.6086730957031,283.2226867675781,283.1658020019531,263.0,291.0
149.0,282.6086730957031,283.2226867675781,283.1658020019531,263.0,291.0
149.25,282.6086730957031,283.2226867675781,283.1658020019531,263.0,291.0
149.5,282.5444030761719,283.2016296386719,283.2098083496094,263.0,291.0
149.75,282.5444030761719,283.2016296386719,283.2098083496094,263.0,291.0
150.0,282.5444030761719,283.2016296386719,283.36285400390625,263.0,291.0
150.25,282.5444030761719,283.2016296386719,283.36285400390625,263.0,291.0
150.5,282.5444030761719,283.35467529296875,283.2098083496094,263.0,291.0
150.75,282.5444030761719,283.2016296386719,283.2098083496094,263.0,291.0
151.0,282.5444030761719,283.2016296386719,283.2098388671875,263.0,291.0
151.25,282.5444030761719,283.2016296386719,283.2098083496094,263.0,291.0
151.5,282.6525573730469,283.13671875,283.166748046875,263.0,291.0
151.75,282.6525573730469,283.1366882324219,283.166748046875,263.0,291.0
152.0,282.6525573730469,283.13671875,283.166748046875,263.0,291.0
152.25,282.6525573730469,283.1366882324219,283.31976318359375,263.0,291.0
152.5,282.6525573730469,283.1366882324219,283.166748046875,263.0,291.0
152.75,282.6525573730469,283.2897033691406,283.166748046875,263.0,291.0
153.0,282.8052978515625,283.1366882324219,283.166748046875,263.0,291.0
153.25,282.6525573730469,283.1366882324219,283.166748046875,263.0,291.0
153.5,282.69610595703125,283.1578063964844,283.1230163574219,263.0,291.0
153.75,282.69610595703125,283.1578063964844,283.1230163574219,263.0,291.0
154.0,282.69610595703125,283.1578063964844,283.1230163574219,263.0,291.0
154.25,282.69610595703125,283.1578063964844,283.1230163574219,263.0,291.0
154.5,282.69610595703125,283.1578063964844,283.1230163574219,263.0,291.0
154.75,282.69610595703125,283.1578063964844,283.12298583984375,263.0,291.0
155.0,282.69610595703125,283.3108215332031,283.12298583984375,263.0,291.0
155.25,282.848876953125,283.1578063964844,283.12298583984375,263.0,291.0
155.5,283.21612548828125,283.5249938964844,283.55438232421875,263.0,291.0
155.75,283.2161560058594,283.5249938964844,283.55438232421875,263.0,291.0
156.0,283.21612548828125,283.5249938964844,283.5544128417969,263.0,291.0
156.25,283.2161560058594,283.5249938964844,283.55438232421875,263.0,291.0
156.5,283.21612548828125,283.5249938964844,283.5544128417969,263.0,291.0
156.75,283.2161560058594,283.5249938964844,283.55438232421875,263.0,291.0
157.0,283.21612548828125,283.5249938964844,283.55438232421875,263.0,291.0
157.25,283.2161560058594,283.5249938964844,283.55438232421875,263.0,291.0
157.5,283.4554138183594,283.5022277832031,283.5963439941406,263.0,291.0
157.75,283.3023376464844,283.50225830078125,283.5963439941406,263.0,291.0
158.0,283.3023376464844,283.5022277832031,283.59637451171875,263.0,291.0
158.25,283.3023376464844,283.50225830078125,283.59637451171875,263.0,291.0
158.5,283.3023376464844,283.5022277832031,283.5963439941406,263.0,291.0
158.75,283.3023376464844,283.5022277832031,283.5963439941406,263.0,291.0
159.0,283.3023376464844,283.5022277832031,283.5963439941406,263.0,291.0
159.25,283.3023376464844,283.50225830078125,283.59637451171875,263.0,291.0
159.5,283.2386779785156,283.61322021484375,283.6405944824219,263.0,291.0
159.75,283.2386779785156,283.4600524902344,283.6405944824219,263.0,291.0
160.0,283.2386779785156,283.4600524902344,283.6405944824219,263.0,291.0
160.25,283.2386779785156,283.4600524902344,283.6405944824219,263.0,291.0
160.5,283.2386779785156,283.4600524902344,283.6405944824219,263.0,291.0
160.75,283.2386779785156,283.4600524902344,283.6405944824219,263.0,291.0
161.0,283.2386779785156,283.4600524902344,283.6405944824219,263.0,291.0
161.25,283.2386779785156,283.4600524902344,283.6405944824219,263.0,291.0
161.5,283.3236999511719,283.4369812011719,283.66082763671875,263.0,291.0
161.75,283.476806640625,283.4369812011719,283.66082763671875,263.0,291.0
162.0,283.3236999511719,283.4369812011719,283.66082763671875,263.0,291.0
162.25,283.3236999511719,283.4369812011719,283.66082763671875,263.0,291.0
162.5,283.3236999511719,283.4369812011719,283.66082763671875,263.0,291.0
162.75,283.3236999511719,283.4369812011719,283.66082763671875,263.0,291.0
163.0,283.3236999511719,283.4369812011719,283.66082763671875,263.0,291.0
163.25,283.3236999511719,283.4369812011719,283.6607971191406,263.0,291.0
163.5,283.30364990234375,283.4599304199219,283.575927734375,263.0,291.0
163.75,283.30364990234375,283.4599304199219,283.575927734375,263.0,291.0
164.0,283.4567565917969,283.4599304199219,283.575927734375,263.0,291.0
164.25,283.30364990234375,283.4599304199219,283.575927734375,263.0,291.0
164.5,283.30364990234375,283.4599304199219,283.575927734375,263.0,291.0
164.75,283.30364990234375,283.4599304199219,283.575927734375,263.0,291.0
165.0,283.30364990234375,283.4599304199219,283.575927734375,263.0,291.0
165.25,283.30364990234375,283.4599304199219,283.575927734375,263.0,291.0
165.5,283.3695068359375,283.2882080078125,283.6199951171875,263.0,291.0
165.75,283.3695068359375,283.2882080078125,283.77325439453125,263.0,291.0
166.0,283.3695068359375,283.2882080078125,283.6199951171875,263.0,291.0
166.25,283.52264404296875,283.2882080078125,283.6199951171875,263.0,291.0
166.5,283.3695068359375,283.2882080078125,283.6199951171875,263.0,291.0
166.75,283.3695068359375,283.2882080078125,283.6199951171875,263.0,291.0
167.0,283.3695068359375,283.2882080078125,283.6199951171875,263.0,291.0
167.25,283.3695068359375,283.2882080078125,283.6199951171875,263.0,291.0
167.5,283.1564636230469,283.182861328125,283.7525939941406,263.0,291.0
167.75,283.1564636230469,283.182861328125,283.7525939941406,263.0,291.0
168.0,283.1564636230469,283.182861328125,283.9059143066406,263.0,291.0
168.25,283.1564636230469,283.182861328125,283.7525939941406,263.0,291.0
168.5,283.1564636230469,283.182861328125,283.7525939941406,263.0,291.0
168.75,283.1564636230469,283.182861328125,283.7525939941406,263.0,291.0
169.0,283.1564636230469,283.182861328125,283.7525939941406,263.0,291.0
169.25,283.1564636230469,283.182861328125,283.7525939941406,263.0,291.0
169.5,283.1991882324219,283.1392517089844,283.75274658203125,263.0,291.0
169.75,283.1991882324219,283.1392517089844,283.75274658203125,263.0,291.0
170.0,283.1991882324219,283.1392517089844,283.90606689453125,263.0,291.0
170.25,283.1991882324219,283.2922668457031,283.75274658203125,263.0,291.0
170.5,283.1991882324219,283.2922668457031,283.75274658203125,263.0,291.0
170.75,283.35223388671875,283.1392517089844,283.75274658203125,263.0,291.0
171.0,283.1991882324219,283.1392517089844,283.75274658203125,263.0,291.0
171.25,283.1991882324219,283.1392517089844,283.75274658203125,263.0,291.0
171.5,283.1751708984375,283.11553955078125,283.94439697265625,263.0,291.0
171.75,283.1751708984375,283.11553955078125,283.94439697265625,263.0,291.0
172.0,283.1751708984375,283.11553955078125,283.9443664550781,263.0,291.0
172.25,283.1751708984375,283.11553955078125,284.09783935546875,263.0,291.0
172.5,283.1751708984375,283.11553955078125,283.9443664550781,263.0,291.0
172.75,283.1751708984375,283.2685241699219,283.94439697265625,263.0,291.0
173.0,283.3282165527344,283.11553955078125,283.9443664550781,263.0,291.0
173.25,283.1751708984375,283.11553955078125,283.94439697265625,263.0,291.0
173.5,283.0875549316406,283.1571960449219,284.0511169433594,263.0,291.0
173.75,283.0875549316406,283.1571960449219,284.05108642578125,263.0,291.0
174.0,283.0875549316406,283.1571960449219,284.05108642578125,263.0,291.0
174.25,283.0875549316406,283.1571960449219,284.05108642578125,263.0,291.0
174.5,283.0875549316406,283.1571960449219,284.0511169433594,263.0,291.0
174.75,283.0875549316406,283.1571960449219,284.05108642578125,263.0,291.0
175.0,283.0875549316406,283.3102111816406,284.0511169433594,263.0,291.0
175.25,283.24053955078125,283.1571960449219,284.0511169433594,263.0,291.0
175.5,283.1961975097656,282.92010498046875,284.137939453125,263.0,291.0
175.75,283.1961975097656,282.92010498046875,284.137939453125,263.0,291.0
176.0,283.1961975097656,282.92010498046875,284.137939453125,263.0,291.0
176.25,283.1961975097656,282.92010498046875,284.137939453125,263.0,291.0
176.5,283.1961975097656,282.92010498046875,284.137939453125,263.0,291.0
176.75,283.19622802734375,282.9201354980469,284.137939453125,263.0,291.0
177.0,283.1961975097656,282.92010498046875,284.29150390625,263.0,291.0
177.25,283.19622802734375,283.072998046875,284.137939453125,263.0,291.0
177.5,283.41595458984375,282.7691650390625,284.13922119140625,263.0,291.0
177.75,283.26287841796875,282.7691650390625,284.13922119140625,263.0,291.0
178.0,283.26287841796875,282.7691650390625,284.13922119140625,263.0,291.0
178.25,283.26287841796875,282.7691650390625,284.13922119140625,263.0,291.0
178.5,283.26287841796875,282.7691650390625,284.13922119140625,263.0,291.0
178.75,283.26287841796875,282.7691650390625,284.13922119140625,263.0,291.0
179.0,283.26287841796875,282.7691650390625,284.13922119140625,263.0,291.0
179.25,283.26287841796875,282.7691650390625,284.29278564453125,263.0,291.0
179.5,283.2875061035156,282.83746337890625,284.0342712402344,263.0,291.0
179.75,283.2875061035156,282.6846923828125,284.0342712402344,263.0,291.0
180.0,283.2875061035156,282.6846923828125,284.0343017578125,263.0,291.0
180.25,283.2875061035156,282.6846923828125,284.0343017578125,263.0,291.0
180.5,283.2875061035156,282.6846923828125,284.0342712402344,263.0,291.0
180.75,283.2875061035156,282.6846923828125,284.0343017578125,263.0,291.0
181.0,283.2875061035156,282.6846923828125,284.0342712402344,263.0,291.0
181.25,283.2875061035156,282.6846923828125,284.1877746582031,263.0,291.0
181.5,283.16192626953125,282.7751159667969,283.82305908203125,263.0,291.0
181.75,283.16192626953125,282.9279479980469,283.8230285644531,263.0,291.0
182.0,283.31494140625,282.7751159667969,283.8230285644531,263.0,291.0
182.25,283.16192626953125,282.7751159667969,283.82305908203125,263.0,291.0
182.5,283.16192626953125,282.7751159667969,283.82305908203125,263.0,291.0
182.75,283.16192626953125,282.7751159667969,283.82305908203125,263.0,291.0
183.0,283.16192626953125,282.7751159667969,283.8230285644531,263.0,291.0
183.25,283.16192626953125,282.7751159667969,283.8230285644531,263.0,291.0
183.5,283.5324401855469,283.1466369628906,284.1922302246094,263.0,291.0
183.75,283.5324401855469,283.29962158203125,284.1922302246094,263.0,291.0
184.0,283.5324401855469,283.29962158203125,284.19219970703125,263.0,291.0
184.25,283.5324401855469,283.1466064453125,284.1922302246094,263.0,291.0
184.5,283.5324401855469,283.1466369628906,284.1922302246094,263.0,291.0
184.75,283.5324401855469,283.1466064453125,284.1922302246094,263.0,291.0
185.0,283.5324401855469,283.1466064453125,284.1922302246094,263.0,291.0
185.25,283.5324401855469,283.1466064453125,284.1922302246094,263.0,291.0
185.5,283.2770080566406,283.1727294921875,284.2169189453125,263.0,291.0
185.75,283.2770080566406,283.1727294921875,284.3705139160156,263.0,291.0
186.0,283.2770080566406,283.32574462890625,284.2169189453125,263.0,291.0
186.25,283.2770080566406,283.32574462890625,284.2169189453125,263.0,291.0
186.5,283.43011474609375,283.1727294921875,284.2169189453125,263.0,291.0
186.75,283.2770080566406,283.1727294921875,284.2169494628906,263.0,291.0
187.0,283.2770080566406,283.1727294921875,284.2169189453125,263.0,291.0
187.25,283.2770080566406,283.1727294921875,284.2169189453125,263.0,291.0
187.5,283.55804443359375,282.9784851074219,284.1096496582031,263.0,291.0
187.75,283.55804443359375,282.9784851074219,284.1096496582031,263.0,291.0
188.0,283.55804443359375,282.9784851074219,284.1096496582031,263.0,291.0
188.25,283.55804443359375,282.9784851074219,284.1096496582031,263.0,291.0
188.5,283.7112731933594,283.13140869140625,284.1096496582031,263.0,291.0
188.75,283.7112731933594,282.9784851074219,284.1096496582031,263.0,291.0
189.0,283.55804443359375,282.9784851074219,284.1096496582031,263.0,291.0
189.25,283.55804443359375,282.9784851074219,284.1096496582031,263.0,291.0
189.5,283.53717041015625,282.978759765625,284.1099548339844,263.0,291.0
189.75,283.53717041015625,282.978759765625,284.1099548339844,263.0,291.0
190.0,283.5371398925781,282.978759765625,284.1099853515625,263.0,291.0
190.25,283.53717041015625,282.978759765625,284.26348876953125,263.0,291.0
190.5,283.5371398925781,282.978759765625,284.1099853515625,263.0,291.0
190.75,283.69036865234375,283.1316833496094,284.1099548339844,263.0,291.0
191.0,283.5371398925781,282.978759765625,284.1099853515625,263.0,291.0
191.25,283.53717041015625,282.978759765625,284.1099853515625,263.0,291.0
191.5,283.4925231933594,283.0201416015625,284.1947021484375,263.0,291.0
191.75,283.4925231933594,283.0201416015625,284.1947021484375,263.0,291.0
192.0,283.4925231933594,283.0201416015625,284.1947326660156,263.0,291.0
192.25,283.4925231933594,283.0201721191406,284.1947021484375,263.0,291.0
192.5,283.4925231933594,283.0201416015625,284.1947326660156,263.0,291.0
192.75,283.4925231933594,283.0201416015625,284.1947021484375,263.0,291.0
193.0,283.4925231933594,283.173095703125,284.1947326660156,263.0,291.0
193.25,283.6457214355469,283.0201721191406,284.1947326660156,263.0,291.0
193.5,283.53472900390625,283.2788391113281,283.956787109375,263.0,291.0
193.75,283.53472900390625,283.2788391113281,283.956787109375,263.0,291.0
194.0,283.53472900390625,283.2788391113281,283.956787109375,263.0,291.0
194.25,283.53472900390625,283.2788391113281,283.956787109375,263.0,291.0
194.5,283.53472900390625,283.2788391113281,283.956787109375,263.0,291.0
194.75,283.53472900390625,283.2788391113281,284.1102600097656,263.0,291.0
195.0,283.53472900390625,283.2788391113281,283.956787109375,263.0,291.0
195.25,283.6879577636719,283.4319152832031,283.956787109375,263.0,291.0
195.5,283.71160888671875,283.1950988769531,283.8942565917969,263.0,291.0
195.75,283.5583801269531,283.1950988769531,283.89422607421875,263.0,291.0
196.0,283.5583801269531,283.1950988769531,283.89422607421875,263.0,291.0
196.25,283.5583801269531,283.1950988769531,283.8942565917969,263.0,291.0
196.5,283.5583801269531,283.1950988769531,283.8942565917969,263.0,291.0
196.75,283.5583801269531,283.1950988769531,283.8942565917969,263.0,291.0
197.0,283.5583801269531,283.1950988769531,284.04766845703125,263.0,291.0
197.25,283.5583801269531,283.1950988769531,283.8942565917969,263.0,291.0
197.5,283.9032287597656,283.40972900390625,283.826416015625,263.0,291.0
197.75,283.7498779296875,283.25665283203125,283.826416015625,263.0,291.0
198.0,283.7498779296875,283.25665283203125,283.826416015625,263.0,291.0
198.25,283.7498779296875,283.25665283203125,283.826416015625,263.0,291.0
198.5,283.7498779296875,283.25665283203125,283.826416015625,263.0,291.0
198.75,283.7498779296875,283.25665283203125,283.826416015625,263.0,291.0
199.0,283.7498779296875,283.25665283203125,283.826416015625,263.0,291.0
199.25,283.7498779296875,283.25665283203125,283.8263854980469,263.0,291.0
199.5,283.7465515136719,283.60113525390625,283.84442138671875,263.0,291.0
199.75,283.89990234375,283.4479675292969,283.84442138671875,263.0,291.0
200.0,283.7465515136719,283.4479675292969,283.84442138671875,263.0,291.0
200.25,283.7465515136719,283.4479675292969,283.84442138671875,263.0,291.0
200.5,283.7465515136719,283.4479675292969,283.84442138671875,263.0,291.0
200.75,283.7465515136719,283.4479675292969,283.84442138671875,263.0,291.0
201.0,283.7465515136719,283.4479675292969,283.84442138671875,263.0,291.0
201.25,283.7642822265625,283.4479675292969,283.84442138671875,263.0,291.0
201.5,283.78558349609375,283.6385498046875,283.8618469238281,263.0,291.0
201.75,283.78558349609375,283.7918395996094,283.8618469238281,263.0,291.0
202.0,283.93896484375,283.6385498046875,283.8618469238281,263.0,291.0
202.25,283.78558349609375,283.6385498046875,283.86187744140625,263.0,291.0
202.5,283.7856140136719,283.6385498046875,283.8618469238281,263.0,291.0
202.75,283.78558349609375,283.6385498046875,283.86187744140625,263.0,291.0
203.0,283.7856140136719,283.6385498046875,283.86187744140625,263.0,291.0
203.25,283.78558349609375,283.6385498046875,283.86187744140625,263.0,291.0
203.5,283.6615295410156,283.55792236328125,283.73809814453125,263.0,291.0
203.75,283.6615295410156,283.55792236328125,283.8914794921875,263.0,291.0
204.0,283.6615295410156,283.7111511230469,283.7381286621094,263.0,291.0
204.25,283.8148193359375,283.55792236328125,283.7381286621094,263.0,291.0
204.5,283.6615295410156,283.55792236328125,283.7381286621094,263.0,291.0
204.75,283.6615295410156,283.55792236328125,283.7381286621094,263.0,291.0
205.0,283.6615295410156,283.55792236328125,283.7381286621094,263.0,291.0
205.25,283.6615295410156,283.55792236328125,283.7381286621094,263.0,291.0
205.5,283.6855163574219,283.3011474609375,283.82666015625,263.0,291.0
205.75,283.6855163574219,283.3011474609375,283.9800720214844,263.0,291.0
206.0,283.6855163574219,283.3011474609375,283.98004150390625,263.0,291.0
206.25,283.6855163574219,283.4542541503906,283.82666015625,263.0,291.0
206.5,283.6855163574219,283.3011474609375,283.82666015625,263.0,291.0
206.75,283.6855163574219,283.3011474609375,283.82666015625,263.0,291.0
207.0,283.6855163574219,283.3011474609375,283.82666015625,263.0,291.0
207.25,283.6855163574219,283.3011474609375,283.8236999511719,263.0,291.0
207.5,281.9759826660156,282.4124450683594,282.7252197265625,263.0,291.0
207.75,281.9759826660156,282.4124450683594,282.7251892089844,263.0,291.0
208.0,281.9759826660156,282.4124450683594,282.7252197265625,263.0,291.0
208.25,281.9759826660156,282.4124450683594,282.7251892089844,263.0,291.0
208.5,281.9759826660156,282.5650634765625,282.7252197265625,263.0,291.0
208.75,282.12835693359375,282.4124450683594,282.7251892089844,263.0,291.0
209.0,281.9759826660156,282.4124450683594,282.7252197265625,263.0,291.0
209.25,281.9759826660156,282.4124450683594,282.7252197265625,263.0,291.0
209.5,281.8538513183594,282.53546142578125,282.7842102050781,263.0,291.0
209.75,281.8538513183594,282.53546142578125,282.7842102050781,263.0,291.0
210.0,281.8538513183594,282.53546142578125,282.7842102050781,263.0,291.0
210.25,281.8538513183594,282.53546142578125,282.9370422363281,263.0,291.0
210.5,281.8538513183594,282.53546142578125,282.7842102050781,263.0,291.0
210.75,281.8538513183594,282.6881408691406,282.78424072265625,263.0,291.0
211.0,281.8538513183594,282.53546142578125,282.78424072265625,263.0,291.0
211.25,281.8538513183594,282.53546142578125,282.78424072265625,263.0,291.0
211.5,281.7023620605469,282.45111083984375,282.9161376953125,263.0,291.0
211.75,281.7023620605469,282.45111083984375,282.9161376953125,263.0,291.0
212.0,281.7023620605469,282.45111083984375,282.9161071777344,263.0,291.0
212.25,281.7023620605469,282.45111083984375,282.9161376953125,263.0,291.0
212.5,281.7023620605469,282.45111083984375,282.9161376953125,263.0,291.0
212.75,281.7023620605469,282.45111083984375,282.9161376953125,263.0,291.0
213.0,281.7023620605469,282.45111083984375,282.9161376953125,263.0,291.0
213.25,281.8545837402344,282.45111083984375,282.9161071777344,263.0,291.0
213.5,281.6103210449219,282.68524169921875,282.9993896484375,263.0,291.0
213.75,281.6103210449219,282.68524169921875,282.9993896484375,263.0,291.0
214.0,281.6103210449219,282.68524169921875,282.9993896484375,263.0,291.0
214.25,281.6103210449219,282.68524169921875,282.9993896484375,263.0,291.0
214.5,281.6103210449219,282.68524169921875,282.9993896484375,263.0,291.0
214.75,281.6103210449219,282.68524169921875,282.9993896484375,263.0,291.0
215.0,281.6103210449219,282.68524169921875,283.1523132324219,263.0,291.0
215.25,281.6103210449219,282.68524169921875,282.9993896484375,263.0,291.0
215.5,281.13446044921875,282.4532775878906,282.46380615234375,263.0,291.0
215.75,280.98260498046875,282.30072021484375,282.46380615234375,263.0,291.0
216.0,280.9826354980469,282.30072021484375,282.46380615234375,263.0,291.0
216.25,280.98260498046875,282.30072021484375,282.46380615234375,263.0,291.0
216.5,280.9826354980469,282.30072021484375,282.4637756347656,263.0,291.0
216.75,280.9826354980469,282.30072021484375,282.46380615234375,263.0,291.0
217.0,280.9826354980469,282.30072021484375,282.46380615234375,263.0,291.0
217.25,280.9826354980469,282.30072021484375,282.6164245605469,263.0,291.0
217.5,281.2501220703125,282.44097900390625,282.60321044921875,263.0,291.0
217.75,281.402099609375,282.44097900390625,282.60321044921875,263.0,291.0
218.0,281.2501220703125,282.44097900390625,282.60321044921875,263.0,291.0
218.25,281.2501220703125,282.44097900390625,282.60321044921875,263.0,291.0
218.5,281.2501220703125,282.44097900390625,282.6032409667969,263.0,291.0
218.75,281.2501220703125,282.44097900390625,282.60321044921875,263.0,291.0
219.0,281.2501220703125,282.44097900390625,282.6032409667969,263.0,291.0
219.25,281.5544128417969,282.496337890625,282.67523193359375,263.0,291.0
219.5,281.9787292480469,282.53521728515625,282.6753234863281,263.0,291.0
219.75,282.131103515625,282.53521728515625,282.6753234863281,263.0,291.0
220.0,282.131103515625,282.6878967285156,282.67535400390625,263.0,291.0
220.25,281.9787292480469,282.53521728515625,282.67535400390625,263.0,291.0
220.5,281.9787292480469,282.5351867675781,282.6753234863281,263.0,291.0
220.75,281.9787292480469,282.53521728515625,282.67535400390625,263.0,291.0
221.0,281.9787292480469,282.53521728515625,282.6753234863281,263.0,291.0
221.25,281.9787292480469,282.53521728515625,282.6753234863281,263.0,291.0
221.5,281.91314697265625,282.7902526855469,282.8214111328125,263.0,291.0
221.75,281.91314697265625,282.7902526855469,282.9742431640625,263.0,291.0
222.0,281.91314697265625,282.9430847167969,282.8214111328125,263.0,291.0
222.25,282.06549072265625,282.790283203125,282.8214111328125,263.0,291.0
222.5,281.91314697265625,282.7902526855469,282.8213806152344,263.0,291.0
222.75,281.91314697265625,282.7902526855469,282.8214111328125,263.0,291.0
223.0,281.91314697265625,282.7902526855469,282.8214111328125,263.0,291.0
223.25,281.91314697265625,282.790283203125,282.8214111328125,263.0,291.0
223.5,282.1403503417969,283.0829772949219,282.9836120605469,263.0,291.0
223.75,282.1403503417969,283.0830078125,282.983642578125,263.0,291.0
224.0,282.1403503417969,283.0830078125,283.1365661621094,263.0,291.0
224.25,282.1403503417969,283.2359619140625,282.983642578125,263.0,291.0
224.5,282.2928161621094,283.2359619140625,282.983642578125,263.0,291.0
224.75,282.1403503417969,283.0830078125,282.9836120605469,263.0,291.0
225.0,282.1403503417969,283.0830078125,282.9836120605469,263.0,291.0
225.25,282.13116455078125,283.0830078125,282.9836120605469,263.0,291.0
225.5,282.1179504394531,283.16876220703125,283.0469970703125,263.0,291.0
225.75,282.1179504394531,283.1687927246094,283.0469970703125,263.0,291.0
226.0,282.1179504394531,283.16876220703125,283.0469970703125,263.0,291.0
226.25,282.1179504394531,283.1687927246094,283.199951171875,263.0,291.0
226.5,282.1179504394531,283.16876220703125,283.0469970703125,263.0,291.0
226.75,282.1179504394531,283.1687927246094,283.0469970703125,263.0,291.0
227.0,282.1179504394531,283.16876220703125,283.0469970703125,263.0,291.0
227.25,282.1179504394531,283.1687927246094,283.0469970703125,263.0,291.0
227.5,282.221923828125,283.20733642578125,283.17236328125,263.0,291.0
227.75,282.221923828125,283.20733642578125,283.17236328125,263.0,291.0
228.0,282.221923828125,283.20733642578125,283.17236328125,263.0,291.0
228.25,282.221923828125,283.20733642578125,283.32537841796875,263.0,291.0
228.5,282.221923828125,283.20733642578125,283.3254089355469,263.0,291.0
228.75,282.221923828125,283.2073059082031,283.17236328125,263.0,291.0
229.0,282.3744201660156,283.3603515625,283.17236328125,263.0,291.0
229.25,282.221923828125,283.2073059082031,283.17236328125,263.0,291.0
229.5,282.43316650390625,283.2656555175781,283.29608154296875,263.0,291.0
229.75,282.4331970214844,283.2656555175781,283.29608154296875,263.0,291.0
230.0,282.43316650390625,283.2656555175781,283.29608154296875,263.0,291.0
230.25,282.43316650390625,283.2656555175781,283.29608154296875,263.0,291.0
230.5,282.4331970214844,283.2656555175781,283.29608154296875,263.0,291.0
230.75,282.43316650390625,283.2656555175781,283.29608154296875,263.0,291.0
231.0,282.43316650390625,283.2656555175781,283.29608154296875,263.0,291.0
231.25,282.5858154296875,283.2656555175781,283.29608154296875,263.0,291.0
231.5,282.47601318359375,283.3721923828125,283.2510070800781,263.0,291.0
231.75,282.47601318359375,283.3721923828125,283.25103759765625,263.0,291.0
232.0,282.47601318359375,283.3721923828125,283.25103759765625,263.0,291.0
232.25,282.47601318359375,283.3721923828125,283.25103759765625,263.0,291.0
232.5,282.47601318359375,283.3721923828125,283.25103759765625,263.0,291.0
232.75,282.47601318359375,283.3721923828125,283.25103759765625,263.0,291.0
233.0,282.5877990722656,283.18109130859375,283.14599609375,263.0,291.0
233.25,282.5877990722656,283.18109130859375,283.14599609375,263.0,291.0
233.5,282.5877990722656,283.18109130859375,283.14599609375,263.0,291.0
233.75,282.5877990722656,283.18109130859375,283.14599609375,263.0,291.0
234.0,282.5877990722656,283.18109130859375,283.1460266113281,263.0,291.0
234.25,282.618896484375,283.18109130859375,283.14599609375,263.0,291.0
234.5,282.67205810546875,283.26397705078125,283.1640930175781,263.0,291.0
234.75,282.6720275878906,283.26397705078125,283.16412353515625,263.0,291.0
235.0,282.67205810546875,283.26397705078125,283.1640930175781,263.0,291.0
235.25,282.6720275878906,283.26397705078125,283.16412353515625,263.0,291.0
235.5,282.67205810546875,283.26397705078125,283.1640930175781,263.0,291.0
235.75,282.6720275878906,283.26397705078125,283.16412353515625,263.0,291.0
236.0,282.67205810546875,283.26397705078125,283.16412353515625,263.0,291.0
236.25,282.6720275878906,283.26397705078125,283.16412353515625,263.0,291.0
236.5,282.670654296875,283.32763671875,283.3374328613281,263.0,291.0
236.75,282.670654296875,283.4807434082031,283.18438720703125,263.0,291.0
237.0,282.8233947753906,283.4807434082031,283.18438720703125,263.0,291.0
237.25,282.670654296875,283.32763671875,283.18438720703125,263.0,291.0
237.5,282.670654296875,283.32763671875,283.18438720703125,263.0,291.0
237.75,282.670654296875,283.32763671875,283.18438720703125,263.0,291.0
238.0,282.670654296875,283.32763671875,283.18438720703125,263.0,291.0
238.25,282.6921081542969,283.32763671875,283.18438720703125,263.0,291.0
238.5,282.73223876953125,283.3888244628906,283.28863525390625,263.0,291.0
238.75,282.73223876953125,283.3888244628906,283.44171142578125,263.0,291.0
239.0,282.73223876953125,283.5419616699219,283.28863525390625,263.0,291.0
239.25,282.8850402832031,283.3888244628906,283.28863525390625,263.0,291.0
239.5,282.73223876953125,283.3888244628906,283.28863525390625,263.0,291.0
239.75,282.73223876953125,283.3888244628906,283.28863525390625,263.0,291.0
240.0,282.73223876953125,283.3888244628906,283.28863525390625,263.0,291.0
240.25,282.73223876953125,283.3888244628906,283.28863525390625,263.0,291.0
240.5,282.7101135253906,283.4307861328125,283.35223388671875,263.0,291.0
240.75,282.7101135253906,283.4307861328125,283.35223388671875,263.0,291.0
241.0,282.7101135253906,283.4307861328125,283.50537109375,263.0,291.0
241.25,282.7101135253906,283.4307861328125,283.35223388671875,263.0,291.0
241.5,282.8628845214844,283.4307861328125,283.3522644042969,263.0,291.0
241.75,282.7101135253906,283.4307861328125,283.3522644042969,263.0,291.0
242.0,282.7101135253906,283.4307861328125,283.35223388671875,263.0,291.0
242.25,282.7101135253906,283.4307861328125,283.3522644042969,263.0,291.0
242.5,282.7513122558594,283.4293518066406,283.39422607421875,263.0,291.0
242.75,282.7513427734375,283.4293518066406,283.3942565917969,263.0,291.0
243.0,282.7513122558594,283.4293518066406,283.39422607421875,263.0,291.0
243.25,282.7513427734375,283.4293518066406,283.39422607421875,263.0,291.0
243.5,282.7513122558594,283.4293518066406,283.3942565917969,263.0,291.0
243.75,282.90411376953125,283.4293518066406,283.39422607421875,263.0,291.0
244.0,282.7513122558594,283.4293518066406,283.3942565917969,263.0,291.0
244.25,282.7513122558594,283.4293518066406,283.39422607421875,263.0,291.0
244.5,282.8368225097656,283.42803955078125,283.3929138183594,263.0,291.0
244.75,282.8368225097656,283.42803955078125,283.3929138183594,263.0,291.0
245.0,282.8368225097656,283.42803955078125,283.3929138183594,263.0,291.0
245.25,282.8368225097656,283.42803955078125,283.3929138183594,263.0,291.0
245.5,282.8368225097656,283.42803955078125,283.5460510253906,263.0,291.0
245.75,282.8368225097656,283.5812072753906,283.3929138183594,263.0,291.0
246.0,282.9896545410156,283.42803955078125,283.3929138183594,263.0,291.0
246.25,282.8368225097656,283.42803955078125,283.3929138183594,263.0,291.0
246.5,282.81585693359375,283.4283752441406,283.3935546875,263.0,291.0
246.75,282.81585693359375,283.4283752441406,283.3935546875,263.0,291.0
247.0,282.81585693359375,283.4283752441406,283.3935546875,263.0,291.0
247.25,282.81585693359375,283.4283752441406,283.3935546875,263.0,291.0
247.5,282.81585693359375,283.4283752441406,283.3935546875,263.0,291.0
247.75,282.81585693359375,283.4283752441406,283.3935546875,263.0,291.0
248.0,282.81585693359375,283.4283752441406,283.3935546875,263.0,291.0
248.25,282.96868896484375,283.4283752441406,283.3935241699219,263.0,291.0
248.5,282.75177001953125,283.4510498046875,283.3727111816406,263.0,291.0
248.75,282.75177001953125,283.4510498046875,283.3727111816406,263.0,291.0
249.0,282.75177001953125,283.4510498046875,283.3727111816406,263.0,291.0
249.25,282.75177001953125,283.4510498046875,283.3727111816406,263.0,291.0
249.5,282.75177001953125,283.4510498046875,283.3726806640625,263.0,291.0
249.75,282.75177001953125,283.4510498046875,283.3727111816406,263.0,291.0
250.0,282.7518005371094,283.4510498046875,283.5258483886719,263.0,291.0
250.25,282.75177001953125,283.4510498046875,283.3727111816406,263.0,291.0
250.5,283.4914855957031,283.7118835449219,283.71954345703125,263.0,291.0
250.75,283.33837890625,283.71185302734375,283.71954345703125,263.0,291.0
251.0,283.33837890625,283.71185302734375,283.71954345703125,263.0,291.0
251.25,283.33837890625,283.71185302734375,283.71954345703125,263.0,291.0
251.5,283.33837890625,283.71185302734375,283.71954345703125,263.0,291.0
251.75,283.33837890625,283.71185302734375,283.71954345703125,263.0,291.0
252.0,283.33837890625,283.71185302734375,283.71954345703125,263.0,291.0
252.25,283.33837890625,283.71185302734375,283.87286376953125,263.0,291.0
252.5,283.3846740722656,283.8023986816406,283.63519287109375,263.0,291.0
252.75,283.5378112792969,283.64910888671875,283.63519287109375,263.0,291.0
253.0,283.3846740722656,283.64910888671875,283.63519287109375,263.0,291.0
253.25,283.3846435546875,283.64910888671875,283.63519287109375,263.0,291.0
253.5,283.3846740722656,283.64910888671875,283.63519287109375,263.0,291.0
253.75,283.3846435546875,283.64910888671875,283.63519287109375,263.0,291.0
254.0,283.3846740722656,283.64910888671875,283.63519287109375,263.0,291.0
254.25,283.3846435546875,283.64910888671875,283.63519287109375,263.0,291.0
254.5,283.3617248535156,283.69085693359375,283.8517150878906,263.0,291.0
254.75,283.3617248535156,283.84417724609375,283.6983947753906,263.0,291.0
255.0,283.5148620605469,283.69085693359375,283.69842529296875,263.0,291.0
255.25,283.3617248535156,283.69085693359375,283.6983947753906,263.0,291.0
255.5,283.3617248535156,283.69085693359375,283.6983947753906,263.0,291.0
255.75,283.3617248535156,283.69085693359375,283.6983947753906,263.0,291.0
256.0,283.3617248535156,283.69085693359375,283.6983947753906,263.0,291.0
256.25,283.3493957519531,283.69085693359375,283.6983947753906,263.0,291.0
256.5,283.3187561035156,283.7127990722656,283.6988220214844,263.0,291.0
256.75,283.3187561035156,283.7127990722656,283.8521423339844,263.0,291.0
257.0,283.3187561035156,283.7127990722656,283.6988220214844,263.0,291.0
257.25,283.47186279296875,283.7127990722656,283.6988220214844,263.0,291.0
257.5,283.3187561035156,283.7127990722656,283.6988525390625,263.0,291.0
257.75,283.3187561035156,283.7127990722656,283.6988220214844,263.0,291.0
258.0,283.31878662109375,283.7127990722656,283.6988220214844,263.0,291.0
258.25,283.31878662109375,283.7127990722656,283.6988220214844,263.0,291.0
258.5,283.29736328125,283.669677734375,283.7635192871094,263.0,291.0
258.75,283.29736328125,283.669677734375,283.7635192871094,263.0,291.0
259.0,283.29736328125,283.669677734375,283.9168395996094,263.0,291.0
259.25,283.29736328125,283.669677734375,283.7635192871094,263.0,291.0
259.5,283.4504699707031,283.669677734375,283.7635192871094,263.0,291.0
259.75,283.29736328125,283.669677734375,283.7635192871094,263.0,291.0
260.0,283.29736328125,283.669677734375,283.7635192871094,263.0,291.0
260.25,283.29736328125,283.669677734375,283.7635192871094,263.0,291.0
260.5,283.318603515625,283.7344665527344,283.6773986816406,263.0,291.0
260.75,283.3186340332031,283.7344665527344,283.6773986816406,263.0,291.0
261.0,283.318603515625,283.7344665527344,283.6773681640625,263.0,291.0
261.25,283.3186340332031,283.7344665527344,283.8306884765625,263.0,291.0
261.5,283.318603515625,283.7344665527344,283.6773681640625,263.0,291.0
261.75,283.4717102050781,283.7344665527344,283.6773681640625,263.0,291.0
262.0,283.3186340332031,283.7344665527344,283.6773681640625,263.0,291.0
262.25,283.318603515625,283.7344665527344,283.6773681640625,263.0,291.0
262.5,283.25653076171875,283.67242431640625,283.63690185546875,263.0,291.0
262.75,283.25653076171875,283.67242431640625,283.63690185546875,263.0,291.0
263.0,283.25653076171875,283.67242431640625,283.63690185546875,263.0,291.0
263.25,283.25653076171875,283.67242431640625,283.63690185546875,263.0,291.0
263.5,283.25653076171875,283.67242431640625,283.7901916503906,263.0,291.0
263.75,283.25653076171875,283.6724548339844,283.63690185546875,263.0,291.0
264.0,283.40960693359375,283.67242431640625,283.63690185546875,263.0,291.0
264.25,283.25653076171875,283.67242431640625,283.63690185546875,263.0,291.0
264.5,283.3199462890625,283.69256591796875,283.6356201171875,263.0,291.0
264.75,283.3199462890625,283.6925354003906,283.6356506347656,263.0,291.0
265.0,283.3199462890625,283.69256591796875,283.6356506347656,263.0,291.0
265.25,283.3199462890625,283.69256591796875,283.6356506347656,263.0,291.0
265.5,283.3199462890625,283.69256591796875,283.6356506347656,263.0,291.0
265.75,283.3199462890625,283.69256591796875,283.7889099121094,263.0,291.0
266.0,283.3199462890625,283.69256591796875,283.6356506347656,263.0,291.0
266.25,283.4730529785156,283.6925354003906,283.6356506347656,263.0,291.0
266.5,283.3403015136719,283.6912536621094,283.69879150390625,263.0,291.0
266.75,283.3403015136719,283.69122314453125,283.69879150390625,263.0,291.0
267.0,283.3403015136719,283.69122314453125,283.69879150390625,263.0,291.0
267.25,283.3403015136719,283.69122314453125,283.69879150390625,263.0,291.0
267.5,283.3403015136719,283.69122314453125,283.69879150390625,263.0,291.0
267.75,283.3403015136719,283.69122314453125,283.69879150390625,263.0,291.0
268.0,283.3403015136719,283.69122314453125,283.85211181640625,263.0,291.0
268.25,283.3403015136719,283.69122314453125,283.69879150390625,263.0,291.0
268.5,283.492431640625,283.6686096191406,283.7840576171875,263.0,291.0
268.75,283.33929443359375,283.6686096191406,283.7840576171875,263.0,291.0
269.0,283.33929443359375,283.6686096191406,283.7840576171875,263.0,291.0
269.25,283.33929443359375,283.6686096191406,283.7840576171875,263.0,291.0
269.5,283.33929443359375,283.6685791015625,283.7840576171875,263.0,291.0
269.75,283.33929443359375,283.6686096191406,283.7840576171875,263.0,291.0
270.0,283.33929443359375,283.6685791015625,283.7840576171875,263.0,291.0
270.25,283.33929443359375,283.6686096191406,283.7840576171875,263.0,291.0
270.5,283.38189697265625,283.7110290527344,283.74029541015625,263.0,291.0
270.75,283.5350341796875,283.7110290527344,283.74029541015625,263.0,291.0
271.0,283.38189697265625,283.7110290527344,283.74029541015625,263.0,291.0
271.25,283.38189697265625,283.7110290527344,283.74029541015625,263.0,291.0
271.5,283.38189697265625,283.7110290527344,283.74029541015625,263.0,291.0
271.75,283.38189697265625,283.7110290527344,283.74029541015625,263.0,291.0
272.0,283.38189697265625,283.7110290527344,283.74029541015625,263.0,291.0
272.25,283.38189697265625,283.7110290527344,283.74029541015625,263.0,291.0
272.5,283.3833312988281,283.5829772949219,283.9381408691406,263.0,291.0
272.75,283.3833312988281,283.5829772949219,283.7847595214844,263.0,291.0
273.0,283.5364685058594,283.5829772949219,283.7847595214844,263.0,291.0
273.25,283.3833312988281,283.5829772949219,283.7847595214844,263.0,291.0
273.5,283.3833312988281,283.5829772949219,283.7847595214844,263.0,291.0
273.75,283.3833312988281,283.5829772949219,283.7847595214844,263.0,291.0
274.0,283.3833312988281,283.5829772949219,283.7847595214844,263.0,291.0
274.25,283.3833312988281,283.5829772949219,283.7847595214844,263.0,291.0
274.5,283.4263000488281,283.58245849609375,283.7628479003906,263.0,291.0
274.75,283.4263000488281,283.58245849609375,283.91619873046875,263.0,291.0
275.0,283.4263000488281,283.58245849609375,283.7628479003906,263.0,291.0
275.25,283.5794372558594,283.58245849609375,283.7628479003906,263.0,291.0
275.5,283.4263000488281,283.58245849609375,283.7628479003906,263.0,291.0
275.75,283.4263000488281,283.58245849609375,283.76287841796875,263.0,291.0
276.0,283.4263000488281,283.58245849609375,283.76287841796875,263.0,291.0
276.25,283.4262390136719,283.53814697265625,283.7628479003906,263.0,291.0
276.5,283.42730712890625,283.496826171875,283.8066101074219,263.0,291.0
276.75,283.42730712890625,283.496826171875,283.8066101074219,263.0,291.0
277.0,283.42730712890625,283.496826171875,283.8066101074219,263.0,291.0
277.25,283.42730712890625,283.496826171875,283.8066101074219,263.0,291.0
277.5,283.5804748535156,283.6500244140625,283.8066101074219,263.0,291.0
277.75,283.42730712890625,283.496826171875,283.8066101074219,263.0,291.0
278.0,283.42730712890625,283.496826171875,283.8066101074219,263.0,291.0
278.25,283.5583801269531,283.496826171875,283.8066101074219,263.0,291.0
278.5,283.84503173828125,283.7198791503906,284.02923583984375,263.0,291.0
278.75,283.84503173828125,283.7198486328125,284.02923583984375,263.0,291.0
279.0,283.84503173828125,283.7198791503906,284.02923583984375,263.0,291.0
279.25,283.84503173828125,283.7198791503906,284.1827087402344,263.0,291.0
279.5,283.84503173828125,283.7198791503906,284.02923583984375,263.0,291.0
279.75,283.9984130859375,283.7198791503906,284.02923583984375,263.0,291.0
280.0,283.84503173828125,283.7198791503906,284.02923583984375,263.0,291.0
280.25,283.84503173828125,283.7198791503906,284.02923583984375,263.0,291.0
280.5,283.8455505371094,283.7203369140625,284.00787353515625,263.0,291.0
280.75,283.8455505371094,283.7203369140625,284.00787353515625,263.0,291.0
281.0,283.8455505371094,283.7203369140625,284.0079040527344,263.0,291.0
281.25,283.8455505371094,283.7203369140625,284.0079040527344,263.0,291.0
281.5,283.8455505371094,283.7203369140625,284.00787353515625,263.0,291.0
281.75,283.8455505371094,283.7203369140625,284.0079040527344,263.0,291.0
282.0,283.99896240234375,283.7203369140625,284.00787353515625,263.0,291.0
282.25,283.8741760253906,283.7203369140625,284.00787353515625,263.0,291.0
282.5,283.94976806640625,283.7596740722656,284.0901794433594,263.0,291.0
282.75,283.9497375488281,283.7596740722656,284.0901794433594,263.0,291.0
283.0,283.94976806640625,283.7596740722656,284.0901794433594,263.0,291.0
283.25,283.9497375488281,283.7596740722656,284.0901794433594,263.0,291.0
283.5,283.94976806640625,283.7596740722656,284.0901794433594,263.0,291.0
283.75,283.9497375488281,283.7596740722656,284.0901794433594,263.0,291.0
284.0,283.94976806640625,283.7596740722656,284.0901794433594,263.0,291.0
284.25,283.9455871582031,283.7713623046875,284.0901794433594,263.0,291.0
284.5,283.9295349121094,283.7826843261719,284.00543212890625,263.0,291.0
284.75,283.9295349121094,283.7826843261719,284.00543212890625,263.0,291.0
285.0,283.9295654296875,283.7826843261719,284.00543212890625,263.0,291.0
285.25,283.9295349121094,283.7826843261719,284.00543212890625,263.0,291.0
285.5,283.9295349121094,283.7826843261719,284.00543212890625,263.0,291.0
285.75,283.9295349121094,283.7826843261719,284.00543212890625,263.0,291.0
286.0,283.9295349121094,283.7826843261719,284.00543212890625,263.0,291.0
286.25,283.8854064941406,283.7826843261719,283.9666442871094,263.0,291.0
286.5,283.8459777832031,283.98199462890625,283.87896728515625,263.0,291.0
286.75,283.845947265625,283.82861328125,283.8789978027344,263.0,291.0
287.0,283.845947265625,283.82861328125,283.87896728515625,263.0,291.0
287.25,283.845947265625,283.82861328125,283.87896728515625,263.0,291.0
287.5,283.845947265625,283.82861328125,283.87896728515625,263.0,291.0
287.75,283.845947265625,283.82861328125,283.87896728515625,263.0,291.0
288.0,283.845947265625,283.82861328125,283.87896728515625,263.0,291.0
288.25,283.8783874511719,283.82861328125,283.8964538574219,263.0,291.0
288.5,283.90789794921875,283.8690185546875,283.94085693359375,263.0,291.0
288.75,283.90789794921875,283.8690490722656,283.94085693359375,263.0,291.0
289.0,283.90789794921875,283.8690490722656,283.94085693359375,263.0,291.0
289.25,283.90789794921875,283.8690185546875,283.9408264160156,263.0,291.0
289.5,283.90789794921875,283.8690185546875,283.94085693359375,263.0,291.0
289.75,283.90789794921875,283.8690490722656,283.9408264160156,263.0,291.0
290.0,283.90789794921875,283.8690185546875,283.94085693359375,263.0,291.0
290.25,283.90789794921875,283.8690490722656,283.94085693359375,263.0,291.0
290.5,283.7828674316406,283.8088073730469,284.0125732421875,263.0,291.0
290.75,283.7828674316406,283.8088073730469,283.8591613769531,263.0,291.0
291.0,283.7828674316406,283.8088073730469,283.8591613769531,263.0,291.0
291.25,283.78289794921875,283.8088073730469,283.8591613769531,263.0,291.0
291.5,283.7828674316406,283.8088073730469,283.8591613769531,263.0,291.0
291.75,283.78289794921875,283.8088073730469,283.8591613769531,263.0,291.0
292.0,283.7828674316406,283.8088073730469,283.8591613769531,263.0,291.0
292.25,283.78289794921875,283.8088073730469,283.8591613769531,263.0,291.0
292.5,283.8019714355469,283.8495178222656,283.9429626464844,263.0,291.0
292.75,283.8019714355469,283.8495178222656,283.94293212890625,263.0,291.0
293.0,283.8019714355469,283.8495178222656,283.9429626464844,263.0,291.0
293.25,283.9553527832031,283.8495178222656,283.9429626464844,263.0,291.0
293.5,283.8019714355469,283.8495178222656,283.9429626464844,263.0,291.0
293.75,283.8019714355469,283.8495178222656,283.94293212890625,263.0,291.0
294.0,283.8019714355469,283.8495178222656,283.9429626464844,263.0,291.0
294.25,283.8019714355469,283.8495178222656,283.94293212890625,263.0,291.0
294.5,283.7582092285156,283.87042236328125,284.00689697265625,263.0,291.0
294.75,283.7582092285156,283.87042236328125,284.0068664550781,263.0,291.0
295.0,283.7581787109375,283.87042236328125,284.1603698730469,263.0,291.0
295.25,283.7581787109375,283.87042236328125,284.00689697265625,263.0,291.0
295.5,283.7581787109375,284.0238342285156,284.0068664550781,263.0,291.0
295.75,283.7581787109375,283.87042236328125,284.0068664550781,263.0,291.0
296.0,283.7581787109375,283.87042236328125,284.0068664550781,263.0,291.0
296.25,283.7581787109375,283.87042236328125,284.0068664550781,263.0,291.0
296.5,283.7357482910156,283.9128112792969,284.0278015136719,263.0,291.0
296.75,283.7357482910156,283.9128112792969,284.0278015136719,263.0,291.0
297.0,283.7357482910156,283.912841796875,284.0278015136719,263.0,291.0
297.25,283.7357482910156,283.9128112792969,284.1813049316406,263.0,291.0
297.5,283.7357482910156,283.912841796875,284.0278015136719,263.0,291.0
297.75,283.7357482910156,283.9128112792969,284.0278015136719,263.0,291.0
298.0,283.7357482910156,283.912841796875,284.0278015136719,263.0,291.0
298.25,283.7357482910156,283.912841796875,284.0278015136719,263.0,291.0
298.5,283.6507263183594,283.9357604980469,284.00762939453125,263.0,291.0
298.75,283.6507263183594,283.9357604980469,284.00762939453125,263.0,291.0
299.0,283.6507263183594,283.9357604980469,284.00762939453125,263.0,291.0
299.25,283.6507263183594,283.9357604980469,284.00762939453125,263.0,291.0
299.5,283.6507263183594,283.9357604980469,284.1611022949219,263.0,291.0
299.75,283.6507263183594,283.9357604980469,284.00762939453125,263.0,291.0
300.0,283.6507263183594,283.9357604980469,284.00762939453125,263.0,291.0
300.25,283.6507263183594,283.9357604980469,284.0076599121094,263.0,291.0
300.5,283.75872802734375,283.9141540527344,283.9214782714844,263.0,291.0
300.75,283.75872802734375,283.9141540527344,283.9215087890625,263.0,291.0
301.0,283.75872802734375,283.9141540527344,283.9215087890625,263.0,291.0
301.25,283.75872802734375,283.9141540527344,283.9215087890625,263.0,291.0
301.5,283.75872802734375,283.9141540527344,283.9215087890625,263.0,291.0
301.75,283.75872802734375,283.9141540527344,284.0749206542969,263.0,291.0
302.0,283.75872802734375,283.9141540527344,283.9215087890625,263.0,291.0
302.25,283.75872802734375,283.9141540527344,283.9215087890625,263.0,291.0
302.5,283.44720458984375,283.7109680175781,283.6968688964844,263.0,291.0
302.75,283.44720458984375,283.7109680175781,283.6968688964844,263.0,291.0
303.0,283.44720458984375,283.7109680175781,283.6968688964844,263.0,291.0
303.25,283.44720458984375,283.7109680175781,283.6968994140625,263.0,291.0
303.5,283.44720458984375,283.7109680175781,283.6968688964844,263.0,291.0
303.75,283.44720458984375,283.7109680175781,283.6968688964844,263.0,291.0
304.0,283.4471740722656,283.7109680175781,283.8501892089844,263.0,291.0
304.25,283.443603515625,283.7109680175781,283.6968994140625,263.0,291.0
304.5,283.5792236328125,283.6902160644531,283.6761779785156,263.0,291.0
304.75,283.4260559082031,283.6902160644531,283.6761779785156,263.0,291.0
305.0,283.4260559082031,283.69024658203125,283.6761779785156,263.0,291.0
305.25,283.4260559082031,283.69024658203125,283.6761779785156,263.0,291.0
305.5,283.4260559082031,283.6902160644531,283.6761779785156,263.0,291.0
305.75,283.4260559082031,283.69024658203125,283.6761779785156,263.0,291.0
306.0,283.4260559082031,283.6902160644531,283.67620849609375,263.0,291.0
306.25,283.4260559082031,283.69024658203125,283.8294677734375,263.0,291.0
306.5,283.3830871582031,283.6905517578125,283.6980895996094,263.0,291.0
306.75,283.3830871582031,283.8438720703125,283.6980895996094,263.0,291.0
307.0,283.3830871582031,283.6905517578125,283.6980895996094,263.0,291.0
307.25,283.3830871582031,283.6905517578125,283.6980895996094,263.0,291.0
307.5,283.3830871582031,283.6905517578125,283.6980895996094,263.0,291.0
307.75,283.3830871582031,283.6905517578125,283.6980895996094,263.0,291.0
308.0,283.3830871582031,283.6905517578125,283.6980895996094,263.0,291.0
308.25,283.3830871582031,283.6905517578125,283.6980895996094,263.0,291.0
308.5,283.46917724609375,283.64703369140625,283.8294982910156,263.0,291.0
308.75,283.4692077636719,283.64703369140625,283.6761779785156,263.0,291.0
309.0,283.46917724609375,283.64703369140625,283.67620849609375,263.0,291.0
309.25,283.46917724609375,283.64703369140625,283.67620849609375,263.0,291.0
309.5,283.46917724609375,283.64703369140625,283.67620849609375,263.0,291.0
309.75,283.46917724609375,283.64703369140625,283.67620849609375,263.0,291.0
310.0,283.46917724609375,283.64703369140625,283.67620849609375,263.0,291.0
310.25,283.46917724609375,283.64703369140625,283.67620849609375,263.0,291.0
310.5,282.92547607421875,283.3846740722656,283.3926086425781,263.0,291.0
310.75,282.92547607421875,283.3846435546875,283.5457458496094,263.0,291.0
311.0,282.92547607421875,283.3846740722656,283.3926086425781,263.0,291.0
311.25,282.92547607421875,283.3846435546875,283.3926086425781,263.0,291.0
311.5,282.92547607421875,283.3846740722656,283.3926086425781,263.0,291.0
311.75,282.92547607421875,283.3846435546875,283.3926086425781,263.0,291.0
312.0,282.92547607421875,283.3846740722656,283.3926086425781,263.0,291.0
312.25,282.92547607421875,283.3846435546875,283.3926086425781,263.0,291.0
312.5,282.96734619140625,283.3841247558594,283.3489074707031,263.0,291.0
312.75,282.96734619140625,283.3841247558594,283.3489074707031,263.0,291.0
313.0,282.96734619140625,283.3841247558594,283.5020446777344,263.0,291.0
313.25,282.96734619140625,283.3841247558594,283.3489074707031,263.0,291.0
313.5,282.96734619140625,283.3841247558594,283.3489074707031,263.0,291.0
313.75,282.96734619140625,283.3841247558594,283.3489074707031,263.0,291.0
314.0,282.96734619140625,283.3841247558594,283.3489074707031,263.0,291.0
314.25,282.96734619140625,283.3841247558594,283.3489074707031,263.0,291.0
314.5,283.0954895019531,283.2966613769531,283.390625,263.0,291.0
314.75,283.0954895019531,283.2966613769531,283.3906555175781,263.0,291.0
315.0,283.0954895019531,283.2966613769531,283.3906555175781,263.0,291.0
315.25,283.0954895019531,283.2966613769531,283.5437927246094,263.0,291.0
315.5,283.09552001953125,283.2966613769531,283.390625,263.0,291.0
315.75,283.24847412109375,283.2966613769531,283.3906555175781,263.0,291.0
316.0,283.09552001953125,283.2966613769531,283.3906555175781,263.0,291.0
316.25,283.0954895019531,283.2966613769531,283.3906555175781,263.0,291.0
316.5,283.0966796875,283.31842041015625,283.3265686035156,263.0,291.0
316.75,283.0966796875,283.31842041015625,283.32659912109375,263.0,291.0
317.0,283.0966796875,283.31842041015625,283.32659912109375,263.0,291.0
317.25,283.0966796875,283.31842041015625,283.32659912109375,263.0,291.0
317.5,283.0966796875,283.31842041015625,283.4797058105469,263.0,291.0
317.75,283.0966796875,283.31842041015625,283.32659912109375,263.0,291.0
318.0,283.0966796875,283.4715270996094,283.32659912109375,263.0,291.0
318.25,283.0966796875,283.31842041015625,283.32659912109375,263.0,291.0
318.5,282.98876953125,283.4052429199219,283.3271484375,263.0,291.0
318.75,282.98876953125,283.4052429199219,283.3271484375,263.0,291.0
319.0,282.98876953125,283.4052429199219,283.3271484375,263.0,291.0
319.25,282.98876953125,283.4052429199219,283.3271484375,263.0,291.0
319.5,282.98876953125,283.4052429199219,283.3271484375,263.0,291.0
319.75,282.98876953125,283.4052429199219,283.4802551269531,263.0,291.0
320.0,282.98876953125,283.4052429199219,283.3271484375,263.0,291.0
320.25,282.98876953125,283.4052429199219,283.3271484375,263.0,291.0
320.5,282.9237060546875,283.40576171875,283.3703918457031,263.0,291.0
320.75,282.9237060546875,283.40576171875,283.3703918457031,263.0,291.0
321.0,282.9237060546875,283.40576171875,283.3703918457031,263.0,291.0
321.25,282.9237060546875,283.40576171875,283.3703918457031,263.0,291.0
321.5,282.9237060546875,283.40576171875,283.3703918457031,263.0,291.0
321.75,282.9237060546875,283.4057922363281,283.3703918457031,263.0,291.0
322.0,282.9237060546875,283.40576171875,283.3703918457031,263.0,291.0
322.25,282.9237060546875,283.40576171875,283.3703918457031,263.0,291.0
322.5,283.00946044921875,283.4050598144531,283.3266296386719,263.0,291.0
322.75,283.00946044921875,283.4050598144531,283.32659912109375,263.0,291.0
323.0,283.00946044921875,283.4050598144531,283.3266296386719,263.0,291.0
323.25,283.00946044921875,283.4050598144531,283.3266296386719,263.0,291.0
323.5,283.00946044921875,283.4050598144531,283.3266296386719,263.0,291.0
323.75,283.00946044921875,283.4050598144531,283.3266296386719,263.0,291.0
324.0,283.00946044921875,283.4050598144531,283.3266296386719,263.0,291.0
324.25,283.00958251953125,283.4050598144531,283.3266296386719,263.0,291.0
324.5,283.0097351074219,283.40509033203125,283.32647705078125,263.0,291.0
324.75,283.009765625,283.40509033203125,283.3265075683594,263.0,291.0
325.0,283.0097351074219,283.40509033203125,283.3265075683594,263.0,291.0
325.25,283.009765625,283.40509033203125,283.3265075683594,263.0,291.0
325.5,283.0097351074219,283.40509033203125,283.32647705078125,263.0,291.0
325.75,283.0097351074219,283.40509033203125,283.3265075683594,263.0,291.0
326.0,283.0097351074219,283.40509033203125,283.3265075683594,263.0,291.0
326.25,283.01434326171875,283.40509033203125,283.3265075683594,263.0,291.0
326.5,283.0530700683594,283.40509033203125,283.4364013671875,263.0,291.0
326.75,283.0530700683594,283.40509033203125,283.2832946777344,263.0,291.0
327.0,283.0530700683594,283.5582275390625,283.2832946777344,263.0,291.0
327.25,283.0530700683594,283.40509033203125,283.2832946777344,263.0,291.0
327.5,283.0530700683594,283.40509033203125,283.2832946777344,263.0,291.0
327.75,283.0530700683594,283.40509033203125,283.2832946777344,263.0,291.0
328.0,283.0530700683594,283.40509033203125,283.2832946777344,263.0,291.0
328.25,283.0530700683594,283.40509033203125,283.2832946777344,263.0,291.0
328.5,283.0308532714844,283.46923828125,283.2825012207031,263.0,291.0
328.75,283.0308532714844,283.46923828125,283.2825012207031,263.0,291.0
329.0,283.0308532714844,283.46923828125,283.282470703125,263.0,291.0
329.25,283.0308532714844,283.46923828125,283.2825012207031,263.0,291.0
329.5,283.0308532714844,283.46923828125,283.282470703125,263.0,291.0
329.75,283.0308532714844,283.46923828125,283.2825012207031,263.0,291.0
330.0,283.0308532714844,283.46923828125,283.2825012207031,263.0,291.0
330.25,283.0308532714844,283.46923828125,283.2825012207031,263.0,291.0
330.5,283.07421875,283.4474182128906,283.2821044921875,263.0,291.0
330.75,283.07421875,283.4474182128906,283.2821044921875,263.0,291.0
331.0,283.07421875,283.4474182128906,283.2821044921875,263.0,291.0
331.25,283.07421875,283.4474182128906,283.2821044921875,263.0,291.0
331.5,283.07421875,283.6006164550781,283.2821044921875,263.0,291.0
331.75,283.07421875,283.4474182128906,283.2821044921875,263.0,291.0
332.0,283.07421875,283.4474182128906,283.2821044921875,263.0,291.0
332.25,283.07421875,283.4474182128906,283.2821044921875,263.0,291.0
332.5,283.0532531738281,283.4270935058594,283.2615966796875,263.0,291.0
332.75,283.05322265625,283.42706298828125,283.2616271972656,263.0,291.0
333.0,283.0532531738281,283.4270935058594,283.2615966796875,263.0,291.0
333.25,283.05322265625,283.42706298828125,283.4146728515625,263.0,291.0
333.5,283.0532531738281,283.4270935058594,283.2615966796875,263.0,291.0
333.75,283.05322265625,283.42706298828125,283.2615966796875,263.0,291.0
334.0,283.0532531738281,283.42706298828125,283.2615966796875,263.0,291.0
334.25,283.05322265625,283.42706298828125,283.2615966796875,263.0,291.0
334.5,283.0532531738281,283.42706298828125,283.2615966796875,263.0,291.0
334.75,283.05322265625,283.42706298828125,283.2615966796875,263.0,291.0
335.0,283.0532531738281,283.42706298828125,283.2615966796875,263.0,291.0
335.25,283.05322265625,283.42706298828125,283.2616271972656,263.0,291.0
335.5,283.05322265625,283.42706298828125,283.4146728515625,263.0,291.0
335.75,283.05322265625,283.42706298828125,283.2615966796875,263.0,291.0
336.0,283.05322265625,283.42706298828125,283.2615966796875,263.0,291.0
336.25,283.0532531738281,283.42706298828125,283.2615966796875,263.0,291.0
336.5,283.0528564453125,283.40478515625,283.30474853515625,263.0,291.0
336.75,283.0528564453125,283.40478515625,283.30474853515625,263.0,291.0
337.0,283.0528564453125,283.40478515625,283.30474853515625,263.0,291.0
337.25,283.0528564453125,283.40478515625,283.30474853515625,263.0,291.0
337.5,283.0528564453125,283.40478515625,283.30474853515625,263.0,291.0
337.75,283.0528564453125,283.40478515625,283.30474853515625,263.0,291.0
338.0,283.0528564453125,283.40478515625,283.30474853515625,263.0,291.0
338.25,283.0528564453125,283.55792236328125,283.3047180175781,263.0,291.0
338.5,282.9889221191406,283.3841857910156,283.3271179199219,263.0,291.0
338.75,282.9889221191406,283.3841857910156,283.3271179199219,263.0,291.0
339.0,282.9889221191406,283.3841857910156,283.3271179199219,263.0,291.0
339.25,282.9889221191406,283.3841857910156,283.3271179199219,263.0,291.0
339.5,282.9889221191406,283.3841857910156,283.3271179199219,263.0,291.0
339.75,282.9889221191406,283.3841857910156,283.3271179199219,263.0,291.0
340.0,282.9889221191406,283.3841857910156,283.3271179199219,263.0,291.0
340.25,282.9889221191406,283.3841857910156,283.3271179199219,263.0,291.0
340.5,283.1213684082031,283.3638916015625,283.285400390625,263.0,291.0
340.75,282.96844482421875,283.3639221191406,283.285400390625,263.0,291.0
341.0,282.96844482421875,283.3638916015625,283.285400390625,263.0,291.0
341.25,282.96844482421875,283.3638916015625,283.285400390625,263.0,291.0
341.5,282.96844482421875,283.3638916015625,283.285400390625,263.0,291.0
341.75,282.96844482421875,283.3638916015625,283.285400390625,263.0,291.0
342.0,282.96844482421875,283.3638916015625,283.285400390625,263.0,291.0
342.25,283.03125,283.3736267089844,283.32122802734375,263.0,291.0
342.5,283.1842041015625,283.5365295410156,283.326416015625,263.0,291.0
342.75,283.1842041015625,283.3833923339844,283.326416015625,263.0,291.0
343.0,283.0312805175781,283.3833923339844,283.3263854980469,263.0,291.0
343.25,283.0312805175781,283.3833923339844,283.326416015625,263.0,291.0
343.5,283.0312805175781,283.3833923339844,283.326416015625,263.0,291.0
343.75,283.0312805175781,283.3833923339844,283.326416015625,263.0,291.0
344.0,283.0312805175781,283.3833923339844,283.3263854980469,263.0,291.0
344.25,283.0299987792969,283.37298583984375,283.4800720214844,263.0,291.0
344.5,283.010498046875,283.362548828125,283.32708740234375,263.0,291.0
344.75,283.1634521484375,283.5156555175781,283.32708740234375,263.0,291.0
345.0,283.1634521484375,283.362548828125,283.32708740234375,263.0,291.0
345.25,283.010498046875,283.3625183105469,283.32708740234375,263.0,291.0
345.5,283.010498046875,283.362548828125,283.32708740234375,263.0,291.0
345.75,283.010498046875,283.362548828125,283.32708740234375,263.0,291.0
346.0,283.010498046875,283.362548828125,283.32708740234375,263.0,291.0
346.25,283.0345153808594,283.50360107421875,283.618896484375,263.0,291.0
346.5,283.51116943359375,283.64599609375,283.6751403808594,263.0,291.0
346.75,283.51116943359375,283.64599609375,283.6751708984375,263.0,291.0
347.0,283.51116943359375,283.64599609375,283.6751403808594,263.0,291.0
347.25,283.66436767578125,283.64599609375,283.6751403808594,263.0,291.0
347.5,283.51116943359375,283.64599609375,283.6751403808594,263.0,291.0
347.75,283.51116943359375,283.64599609375,283.6751403808594,263.0,291.0
348.0,283.51116943359375,283.64599609375,283.6751403808594,263.0,291.0
348.25,283.5105285644531,283.6462097167969,283.6751708984375,263.0,291.0
348.5,283.4905700683594,283.6463623046875,283.69696044921875,263.0,291.0
348.75,283.4905700683594,283.6463623046875,283.85028076171875,263.0,291.0
349.0,283.4906005859375,283.6463623046875,283.69696044921875,263.0,291.0
349.25,283.4906005859375,283.6463623046875,283.69696044921875,263.0,291.0
349.5,283.643798828125,283.6463623046875,283.69696044921875,263.0,291.0
349.75,283.4905700683594,283.6463623046875,283.69696044921875,263.0,291.0
350.0,283.4906005859375,283.6463623046875,283.69696044921875,263.0,291.0
350.25,283.4905700683594,283.6571350097656,283.69696044921875,263.0,291.0
350.5,283.49029541015625,283.6680603027344,283.6755065917969,263.0,291.0
350.75,283.49029541015625,283.6680603027344,283.6755065917969,263.0,291.0
351.0,283.49029541015625,283.6680603027344,283.6755065917969,263.0,291.0
351.25,283.49029541015625,283.6680603027344,283.6755065917969,263.0,291.0
351.5,283.49029541015625,283.82135009765625,283.67547607421875,263.0,291.0
351.75,283.64349365234375,283.6680603027344,283.6755065917969,263.0,291.0
352.0,283.49029541015625,283.6680603027344,283.6755065917969,263.0,291.0
352.25,283.4697265625,283.64739990234375,283.6585693359375,263.0,291.0
352.5,283.4697265625,283.6473693847656,283.6549377441406,263.0,291.0
352.75,283.4697265625,283.6473693847656,283.6549377441406,263.0,291.0
353.0,283.4697265625,283.6473693847656,283.6549377441406,263.0,291.0
353.25,283.4697265625,283.6473693847656,283.8081970214844,263.0,291.0
353.5,283.4697265625,283.6473693847656,283.6549377441406,263.0,291.0
353.75,283.4697265625,283.8006591796875,283.6549377441406,263.0,291.0
354.0,283.6228942871094,283.6473693847656,283.6549072265625,263.0,291.0
354.25,283.46600341796875,283.6474609375,283.7413635253906,263.0,291.0
354.5,283.361572265625,283.6473388671875,283.76287841796875,263.0,291.0
354.75,283.361572265625,283.6473083496094,283.76287841796875,263.0,291.0
355.0,283.361572265625,283.6473083496094,283.76287841796875,263.0,291.0
355.25,283.361572265625,283.6473388671875,283.76287841796875,263.0,291.0
355.5,283.361572265625,283.6473083496094,283.9162292480469,263.0,291.0
355.75,283.361572265625,283.6473083496094,283.76287841796875,263.0,291.0
356.0,283.361572265625,283.80059814453125,283.76287841796875,263.0,291.0
356.25,283.5141296386719,283.6473388671875,283.76287841796875,263.0,291.0
356.5,283.3180847167969,283.69049072265625,283.76287841796875,263.0,291.0
356.75,283.3180847167969,283.69049072265625,283.76287841796875,263.0,291.0
357.0,283.3180847167969,283.69049072265625,283.76287841796875,263.0,291.0
357.25,283.3180847167969,283.69049072265625,283.76287841796875,263.0,291.0
357.5,283.3180847167969,283.69049072265625,283.76287841796875,263.0,291.0
357.75,283.3180847167969,283.69049072265625,283.76287841796875,263.0,291.0
358.0,283.3180847167969,283.69049072265625,283.76287841796875,263.0,291.0
358.25,283.471435546875,283.8544921875,283.73004150390625,263.0,291.0
358.5,283.471435546875,283.7124328613281,283.7201232910156,263.0,291.0
358.75,283.3183288574219,283.7124328613281,283.7201232910156,263.0,291.0
359.0,283.3183288574219,283.7124328613281,283.7201232910156,263.0,291.0
359.25,283.3183288574219,283.7124328613281,283.7201232910156,263.0,291.0
359.5,283.3183288574219,283.7124328613281,283.7201232910156,263.0,291.0
359.75,283.3183288574219,283.7124328613281,283.7201232910156,263.0,291.0
360.0,283.3183288574219,283.7124328613281,283.7201232910156,263.0,291.0
360.25,283.32061767578125,283.6702575683594,283.7201232910156,263.0,291.0
360.5,283.5552673339844,283.77838134765625,283.63275146484375,263.0,291.0
360.75,283.5552673339844,283.6250915527344,283.63275146484375,263.0,291.0
361.0,283.5552673339844,283.6251220703125,283.63275146484375,263.0,291.0
361.25,283.5552673339844,283.6251220703125,283.63275146484375,263.0,291.0
361.5,283.5552673339844,283.6251220703125,283.63275146484375,263.0,291.0
361.75,283.5552673339844,283.6251220703125,283.63275146484375,263.0,291.0
362.0,283.5552673339844,283.6251220703125,283.63275146484375,263.0,291.0
362.25,283.5555725097656,283.6444396972656,283.8149108886719,263.0,291.0
362.5,283.5967712402344,283.66619873046875,283.67364501953125,263.0,291.0
362.75,283.5967712402344,283.66619873046875,283.67364501953125,263.0,291.0
363.0,283.5967712402344,283.66619873046875,283.67364501953125,263.0,291.0
363.25,283.5967712402344,283.66619873046875,283.67364501953125,263.0,291.0
363.5,283.5967712402344,283.66619873046875,283.6736145019531,263.0,291.0
363.75,283.5967712402344,283.66619873046875,283.67364501953125,263.0,291.0
364.0,283.5967712402344,283.66619873046875,283.67364501953125,263.0,291.0
364.25,283.57763671875,283.5607604980469,283.6608581542969,263.0,291.0
364.5,283.57763671875,283.56072998046875,283.80780029296875,263.0,291.0
364.75,283.5776062011719,283.56072998046875,283.654541015625,263.0,291.0
365.0,283.7308654785156,283.7139587402344,283.654541015625,263.0,291.0
365.25,283.57763671875,283.56072998046875,283.654541015625,263.0,291.0
365.5,283.5776062011719,283.56072998046875,283.6545104980469,263.0,291.0
365.75,283.5776062011719,283.56072998046875,283.654541015625,263.0,291.0
366.0,283.57763671875,283.56072998046875,283.6545104980469,263.0,291.0
366.25,283.62164306640625,283.5613098144531,283.60064697265625,263.0,291.0
366.5,283.6217346191406,283.5613098144531,283.56884765625,263.0,291.0
366.75,283.6217346191406,283.5613098144531,283.56884765625,263.0,291.0
367.0,283.6217346191406,283.5613098144531,283.5688781738281,263.0,291.0
367.25,283.6217346191406,283.5613098144531,283.5688781738281,263.0,291.0
367.5,283.6217346191406,283.5613098144531,283.5688781738281,263.0,291.0
367.75,283.6217346191406,283.5613098144531,283.5688781738281,263.0,291.0
368.0,283.6217346191406,283.5613098144531,283.5688781738281,263.0,291.0
368.25,283.59857177734375,283.56011962890625,283.67523193359375,263.0,291.0
368.5,283.5985412597656,283.56011962890625,283.67529296875,263.0,291.0
368.75,283.5985412597656,283.56011962890625,283.67529296875,263.0,291.0
369.0,283.5985412597656,283.56011962890625,283.82861328125,263.0,291.0
369.25,283.5985412597656,283.56011962890625,283.67529296875,263.0,291.0
369.5,283.7518005371094,283.56011962890625,283.67529296875,263.0,291.0
369.75,283.5985412597656,283.56011962890625,283.67529296875,263.0,291.0
370.0,283.5985412597656,283.56011962890625,283.67529296875,263.0,291.0
370.25,283.5989074707031,283.53863525390625,283.6757507324219,263.0,291.0
370.5,283.5989074707031,283.53863525390625,283.67572021484375,263.0,291.0
370.75,283.5989074707031,283.53863525390625,283.67572021484375,263.0,291.0
371.0,283.5989074707031,283.53863525390625,283.67572021484375,263.0,291.0
371.25,283.5989074707031,283.53863525390625,283.82904052734375,263.0,291.0
371.5,283.5989074707031,283.6918640136719,283.67572021484375,263.0,291.0
371.75,283.7521667480469,283.53863525390625,283.67572021484375,263.0,291.0
372.0,283.5989074707031,283.53863525390625,283.6757507324219,263.0,291.0
372.25,283.5133056640625,283.56085205078125,283.6981201171875,263.0,291.0
372.5,283.51318359375,283.56085205078125,283.6981506347656,263.0,291.0
372.75,283.51318359375,283.56085205078125,283.6981506347656,263.0,291.0
373.0,283.51318359375,283.56085205078125,283.6981506347656,263.0,291.0
373.25,283.51318359375,283.56085205078125,283.8514404296875,263.0,291.0
373.5,283.51318359375,283.56085205078125,283.8514709472656,263.0,291.0
373.75,283.51318359375,283.5608825683594,283.6981201171875,263.0,291.0
374.0,283.6663818359375,283.714111328125,283.6981506347656,263.0,291.0
374.25,283.84661865234375,283.7866516113281,283.8371276855469,263.0,291.0
374.5,283.84716796875,283.7867126464844,283.83721923828125,263.0,291.0
374.75,283.84716796875,283.7867126464844,283.8371887207031,263.0,291.0
375.0,283.84716796875,283.7867126464844,283.8371887207031,263.0,291.0
375.25,283.84716796875,283.7867126464844,283.8371887207031,263.0,291.0
375.5,283.84716796875,283.7867126464844,283.83721923828125,263.0,291.0
375.75,283.84716796875,283.7867126464844,283.9905700683594,263.0,291.0
376.0,283.84716796875,283.7867126464844,283.83721923828125,263.0,291.0
376.25,284.0434875488281,283.7865295410156,283.8241882324219,263.0,291.0
376.5,283.89013671875,283.7865295410156,283.8153076171875,263.0,291.0
376.75,283.89013671875,283.7865295410156,283.8153076171875,263.0,291.0
377.0,283.89013671875,283.7865295410156,283.8153076171875,263.0,291.0
377.25,283.89013671875,283.7865295410156,283.8153076171875,263.0,291.0
377.5,283.89013671875,283.7865295410156,283.8153076171875,263.0,291.0
377.75,283.89013671875,283.7865295410156,283.96868896484375,263.0,291.0
378.0,283.89013671875,283.7865295410156,283.8153076171875,263.0,291.0
378.25,283.9311828613281,283.9809875488281,283.84027099609375,263.0,291.0
378.5,284.0846862792969,283.9809875488281,283.8563232421875,263.0,291.0
378.75,283.9312438964844,283.8276062011719,283.8563232421875,263.0,291.0
379.0,283.9312438964844,283.8276062011719,283.8563232421875,263.0,291.0
379.25,283.9312438964844,283.8276062011719,283.8563232421875,263.0,291.0
379.5,283.9312438964844,283.82763671875,283.8563232421875,263.0,291.0
379.75,283.9312438964844,283.8276062011719,283.8563232421875,263.0,291.0
380.0,283.9312438964844,283.8276062011719,284.00970458984375,263.0,291.0
380.25,283.91070556640625,283.7639465332031,284.0233154296875,263.0,291.0
380.5,283.9106750488281,283.7639465332031,283.8789367675781,263.0,291.0
380.75,284.0640869140625,283.7639465332031,283.8789367675781,263.0,291.0
381.0,283.9106750488281,283.7639465332031,283.87890625,263.0,291.0
381.25,283.9106750488281,283.7639465332031,283.8789367675781,263.0,291.0
381.5,283.9106750488281,283.76397705078125,283.8789367675781,263.0,291.0
381.75,283.9106750488281,283.7639465332031,283.8789367675781,263.0,291.0
382.0,283.9106750488281,283.7639465332031,283.87890625,263.0,291.0
382.25,283.8672790527344,283.7950134277344,283.8662414550781,263.0,291.0
382.5,283.8671875,283.8498840332031,284.01043701171875,263.0,291.0
382.75,283.8671875,284.0032653808594,283.8570251464844,263.0,291.0
383.0,284.0205993652344,283.8498840332031,283.8570556640625,263.0,291.0
383.25,283.8671875,283.8498840332031,283.8570556640625,263.0,291.0
383.5,283.8671875,283.8498840332031,283.8570251464844,263.0,291.0
383.75,283.8671875,283.8498840332031,283.8570556640625,263.0,291.0
384.0,283.8671875,283.849853515625,283.8570251464844,263.0,291.0
384.25,283.88897705078125,283.8070983886719,283.85736083984375,263.0,291.0
384.5,283.88909912109375,283.8070983886719,283.8573913574219,263.0,291.0
384.75,283.8890686035156,283.8070983886719,284.01080322265625,263.0,291.0
385.0,283.88909912109375,283.96044921875,283.8573913574219,263.0,291.0
385.25,284.04248046875,283.8070983886719,283.8573913574219,263.0,291.0
385.5,283.88909912109375,283.8070983886719,283.8573913574219,263.0,291.0
385.75,283.8890686035156,283.8070983886719,283.8573913574219,263.0,291.0
386.0,283.8890686035156,283.8070983886719,283.8573913574219,263.0,291.0
386.25,283.9957580566406,283.7630310058594,283.8563537597656,263.0,291.0
386.5,283.9959716796875,283.7630310058594,283.8563232421875,263.0,291.0
386.75,283.9959716796875,283.7630310058594,283.8563232421875,263.0,291.0
387.0,283.9959716796875,283.7630310058594,284.0097351074219,263.0,291.0
387.25,283.9959716796875,283.9163818359375,283.8563232421875,263.0,291.0
387.5,284.1494140625,283.7630310058594,283.8563232421875,263.0,291.0
387.75,283.9959716796875,283.7630310058594,283.8563232421875,263.0,291.0
388.0,283.9959716796875,283.7630310058594,283.8563232421875,263.0,291.0
388.25,283.8668518066406,283.8927001953125,283.8350830078125,263.0,291.0
388.5,283.86688232421875,283.8927001953125,283.8351135253906,263.0,291.0
388.75,283.86688232421875,283.8927001953125,283.8351135253906,263.0,291.0
389.0,283.86688232421875,283.8927001953125,283.9884948730469,263.0,291.0
389.25,283.86688232421875,283.8927001953125,283.8351135253906,263.0,291.0
389.5,283.8668518066406,283.8927001953125,283.8351135253906,263.0,291.0
389.75,283.86688232421875,283.8927001953125,283.8351135253906,263.0,291.0
390.0,283.86688232421875,283.8927001953125,283.8351135253906,263.0,291.0
390.25,283.8668212890625,283.8926696777344,283.835205078125,263.0,291.0
390.5,283.8668212890625,283.8926696777344,283.8352355957031,263.0,291.0
390.75,283.8668212890625,283.8926696777344,283.835205078125,263.0,291.0
391.0,283.8668212890625,283.8926696777344,283.8352355957031,263.0,291.0
391.25,283.8668212890625,283.8926696777344,283.8352355957031,263.0,291.0
391.5,283.8668212890625,283.8926696777344,283.8352355957031,263.0,291.0
391.75,283.8668212890625,284.04608154296875,283.835205078125,263.0,291.0
392.0,283.8668212890625,283.8926696777344,283.8352355957031,263.0,291.0
392.25,283.90966796875,283.9139099121094,283.7917175292969,263.0,291.0
392.5,283.90966796875,283.9139099121094,283.79168701171875,263.0,291.0
392.75,283.90966796875,283.9139404296875,283.79168701171875,263.0,291.0
393.0,283.90966796875,283.9139099121094,283.79168701171875,263.0,291.0
393.25,283.90966796875,283.9139099121094,283.79168701171875,263.0,291.0
393.5,283.90966796875,283.9139099121094,283.945068359375,263.0,291.0
393.75,283.90966796875,283.9139099121094,283.79168701171875,263.0,291.0
394.0,283.90966796875,284.0673522949219,283.79168701171875,263.0,291.0
394.25,283.7807312011719,283.89306640625,283.90008544921875,263.0,291.0
394.5,283.78076171875,283.89306640625,283.9001770019531,263.0,291.0
394.75,283.78076171875,283.89306640625,283.900146484375,263.0,291.0
395.0,283.78076171875,283.89306640625,283.9001770019531,263.0,291.0
395.25,283.78076171875,283.89306640625,283.9001770019531,263.0,291.0
395.5,283.78076171875,283.89306640625,283.900146484375,263.0,291.0
395.75,283.78076171875,283.89306640625,283.9001770019531,263.0,291.0
396.0,283.78076171875,283.89306640625,283.9001770019531,263.0,291.0
396.25,283.67303466796875,283.9149169921875,283.9651794433594,263.0,291.0
396.5,283.6730651855469,283.9149169921875,283.9652404785156,263.0,291.0
396.75,283.67303466796875,283.9149169921875,283.9652404785156,263.0,291.0
397.0,283.6730651855469,283.9149169921875,283.9652404785156,263.0,291.0
397.25,283.6730651855469,283.9149169921875,283.9652099609375,263.0,291.0
397.5,283.6730651855469,283.9149169921875,283.9652099609375,263.0,291.0
397.75,283.6730651855469,283.9149169921875,283.9652404785156,263.0,291.0
398.0,283.6730651855469,283.9149169921875,284.1186828613281,263.0,291.0
398.25,283.34027099609375,283.669189453125,283.7630920410156,263.0,291.0
398.5,283.3403625488281,283.669189453125,283.7629699707031,263.0,291.0
398.75,283.3403625488281,283.6691589355469,283.76300048828125,263.0,291.0
399.0,283.3403625488281,283.669189453125,283.76300048828125,263.0,291.0
399.25,283.3403625488281,283.6691589355469,283.76300048828125,263.0,291.0
399.5,283.3403625488281,283.669189453125,283.76300048828125,263.0,291.0
399.75,283.3403625488281,283.6691589355469,283.76300048828125,263.0,291.0
400.0,283.3403625488281,283.669189453125,283.76300048828125,263.0,291.0
400.25,283.38330078125,283.6908264160156,283.6769714355469,263.0,291.0
400.5,283.38330078125,283.69085693359375,283.6769714355469,263.0,291.0
400.75,283.53643798828125,283.69085693359375,283.6769714355469,263.0,291.0
401.0,283.38330078125,283.6908264160156,283.6769714355469,263.0,291.0
401.25,283.38330078125,283.69085693359375,283.6769714355469,263.0,291.0
401.5,283.38330078125,283.6908264160156,283.6769714355469,263.0,291.0
401.75,283.38330078125,283.69085693359375,283.6769714355469,263.0,291.0
402.0,283.38330078125,283.6908264160156,283.6769714355469,263.0,291.0
402.25,283.4276123046875,283.6484375,283.6343994140625,263.0,291.0
402.5,283.4276123046875,283.6484375,283.78765869140625,263.0,291.0
402.75,283.4275817871094,283.6484375,283.6343994140625,263.0,291.0
403.0,283.4276123046875,283.6484375,283.6343994140625,263.0,291.0
403.25,283.4275817871094,283.6484375,283.6343994140625,263.0,291.0
403.5,283.4275817871094,283.6484375,283.6343994140625,263.0,291.0
403.75,283.4275817871094,283.6484375,283.6343994140625,263.0,291.0
404.0,283.4275817871094,283.6484375,283.6343994140625,263.0,291.0
404.25,283.40496826171875,283.66912841796875,283.697998046875,263.0,291.0
404.5,283.40496826171875,283.6690979003906,283.6980285644531,263.0,291.0
404.75,283.4049987792969,283.6690979003906,283.851318359375,263.0,291.0
405.0,283.40496826171875,283.6690979003906,283.6980285644531,263.0,291.0
405.25,283.40496826171875,283.8224182128906,283.6980285644531,263.0,291.0
405.5,283.40496826171875,283.6690979003906,283.6980285644531,263.0,291.0
405.75,283.4049987792969,283.66912841796875,283.6980285644531,263.0,291.0
406.0,283.40496826171875,283.66912841796875,283.6980285644531,263.0,291.0
406.25,282.9066162109375,283.3230285644531,283.28814697265625,263.0,291.0
406.5,282.90673828125,283.3230285644531,283.2879638671875,263.0,291.0
406.75,282.90673828125,283.32305908203125,283.2879638671875,263.0,291.0
407.0,282.90673828125,283.3230285644531,283.4410400390625,263.0,291.0
407.25,282.90673828125,283.32305908203125,283.2879638671875,263.0,291.0
407.5,282.90673828125,283.3230285644531,283.2879638671875,263.0,291.0
407.75,282.90673828125,283.32305908203125,283.2879638671875,263.0,291.0
408.0,282.90673828125,283.3230285644531,283.2879943847656,263.0,291.0
408.25,282.90350341796875,283.36407470703125,283.3291931152344,263.0,291.0
408.5,282.90350341796875,283.36407470703125,283.3292236328125,263.0,291.0
408.75,282.9035339355469,283.36407470703125,283.3292236328125,263.0,291.0
409.0,282.90350341796875,283.36407470703125,283.3292236328125,263.0,291.0
409.25,282.9035339355469,283.36407470703125,283.4823303222656,263.0,291.0
409.5,282.90350341796875,283.36407470703125,283.3292236328125,263.0,291.0
409.75,283.056396484375,283.36407470703125,283.3292236328125,263.0,291.0
410.0,282.90350341796875,283.36407470703125,283.3292236328125,263.0,291.0
410.25,282.9062194824219,283.2156982421875,283.3101806640625,263.0,291.0
410.5,282.9062194824219,283.2156982421875,283.3101501464844,263.0,291.0
410.75,282.9062194824219,283.2156982421875,283.3101501464844,263.0,291.0
411.0,282.9062194824219,283.2156982421875,283.3101501464844,263.0,291.0
411.25,282.90625,283.2156982421875,283.3101501464844,263.0,291.0
411.5,282.9062194824219,283.2156982421875,283.4632263183594,263.0,291.0
411.75,282.9062194824219,283.2156982421875,283.3101501464844,263.0,291.0
412.0,282.906982421875,283.21600341796875,283.267578125,263.0,291.0
412.25,282.906982421875,283.21600341796875,283.267578125,263.0,291.0
412.5,282.906982421875,283.21600341796875,283.267578125,263.0,291.0
412.75,282.906982421875,283.21600341796875,283.267578125,263.0,291.0
413.0,282.906982421875,283.21600341796875,283.267578125,263.0,291.0
413.25,282.906982421875,283.21600341796875,283.267578125,263.0,291.0
413.5,282.906982421875,283.21600341796875,283.267578125,263.0,291.0
413.75,283.9383850097656,283.9370422363281,283.9383544921875,263.0,291.0
414.0,283.9383850097656,283.9370422363281,283.9383544921875,263.0,291.0
414.25,284.0918273925781,283.9370422363281,283.9383544921875,263.0,291.0
414.5,283.9383850097656,283.9370422363281,283.9383544921875,263.0,291.0
414.75,283.9383850097656,283.9370422363281,283.9383544921875,263.0,291.0
415.0,283.9383850097656,283.93707275390625,283.9383544921875,263.0,291.0
415.25,283.9383850097656,283.9370422363281,283.9383544921875,263.0,291.0
415.5,283.93841552734375,283.9370422363281,284.091796875,263.0,291.0
415.75,283.9383850097656,284.0904846191406,283.9383544921875,263.0,291.0
416.0,283.93841552734375,283.9370422363281,283.9383544921875,263.0,291.0
416.25,283.9383850097656,283.9370422363281,283.9383544921875,263.0,291.0
416.5,284.0918273925781,283.9370422363281,283.9383544921875,263.0,291.0
416.75,283.9383850097656,283.9370422363281,283.9383544921875,263.0,291.0
417.0,283.9383850097656,283.9370422363281,283.9383544921875,263.0,291.0
417.25,283.9383850097656,283.9370422363281,283.9383544921875,263.0,291.0
417.5,283.9383850097656,283.9370422363281,284.091796875,263.0,291.0
417.75,283.9383850097656,283.9370422363281,283.9383544921875,263.0,291.0
418.0,283.9383850097656,284.0904846191406,283.9383544921875,263.0,291.0
418.25,283.9383850097656,283.9370422363281,283.9383544921875,263.0,291.0
418.5,283.9383850097656,283.9370422363281,283.9383544921875,263.0,291.0
418.75,284.0918273925781,283.9370422363281,283.9383544921875,263.0,291.0
419.0,283.9383850097656,283.9370422363281,283.9383544921875,263.0,291.0
419.25,283.9383850097656,283.9370422363281,283.9383544921875,263.0,291.0
419.5,283.9383850097656,283.9370422363281,283.9383544921875,263.0,291.0
419.75,283.9383850097656,283.9370422363281,283.9383544921875,263.0,291.0
420.0,283.9383850097656,283.9370422363281,284.091796875,263.0,291.0
420.25,283.9383850097656,283.9370422363281,283.9383544921875,263.0,291.0
420.5,283.9383850097656,284.0904846191406,283.9383544921875,263.0,291.0
420.75,283.9383850097656,283.9370422363281,283.9383544921875,263.0,291.0
421.0,284.0918273925781,283.9370422363281,283.9383544921875,263.0,291.0
421.25,283.9383850097656,283.9370422363281,283.9383544921875,263.0,291.0
421.5,283.9383850097656,283.9370422363281,283.9383544921875,263.0,291.0
421.75,283.9383850097656,283.9370422363281,283.9383239746094,263.0,291.0
422.0,283.9383850097656,283.9370422363281,283.9383544921875,263.0,291.0
422.25,283.9383850097656,283.9370422363281,283.9383544921875,263.0,291.0
422.5,283.9383850097656,284.0904846191406,283.9383544921875,263.0,291.0
422.75,283.9383850097656,284.0904846191406,283.9383544921875,263.0,291.0
423.0,283.9383850097656,283.9370422363281,283.9383544921875,263.0,291.0
423.25,284.0918273925781,283.9370422363281,283.9383544921875,263.0,291.0
423.5,283.9383850097656,283.9370422363281,283.9383544921875,263.0,291.0
423.75,283.9383850097656,283.9370422363281,283.9383544921875,263.0,291.0
424.0,283.9383850097656,283.9370422363281,283.9383544921875,263.0,291.0
424.25,283.9383850097656,283.93707275390625,284.0917663574219,263.0,291.0
424.5,283.9383850097656,283.9370422363281,284.091796875,263.0,291.0
424.75,283.9383850097656,284.0904846191406,283.9383544921875,263.0,291.0
425.0,283.9383850097656,283.9370422363281,283.9383544921875,263.0,291.0
425.25,283.9383850097656,283.9370422363281,283.9383544921875,263.0,291.0
425.5,284.0918273925781,283.9370422363281,283.9383544921875,263.0,291.0
425.75,283.9383850097656,283.9370422363281,283.9383544921875,263.0,291.0
426.0,283.9383850097656,283.9370422363281,283.9383544921875,263.0,291.0
426.25,283.9383850097656,283.9370422363281,283.9383544921875,263.0,291.0
426.5,283.9383850097656,283.9370422363281,283.9383544921875,263.0,291.0
426.75,283.9383850097656,283.9370422363281,284.091796875,263.0,291.0
427.0,283.9383850097656,284.0904846191406,283.9383544921875,263.0,291.0
427.25,283.9383850097656,283.9370422363281,283.9383544921875,263.0,291.0
427.5,283.9383850097656,283.9370422363281,283.9383544921875,263.0,291.0
427.75,284.0918273925781,283.9370422363281,283.9383544921875,263.0,291.0
428.0,283.9383850097656,283.9370422363281,283.9383544921875,263.0,291.0
428.25,283.9383850097656,283.9370422363281,283.9383544921875,263.0,291.0
428.5,283.9383850097656,283.9370422363281,283.9383544921875,263.0,291.0
428.75,283.9383850097656,283.9370422363281,283.9383544921875,263.0,291.0
429.0,283.9383850097656,283.9370422363281,284.0917663574219,263.0,291.0
429.25,283.9383850097656,283.9370422363281,283.9383544921875,263.0,291.0
429.5,283.9383850097656,283.9370422363281,283.9383544921875,263.0,291.0
429.75,283.9383850097656,283.9370422363281,283.9383544921875,263.0,291.0
430.0,284.0918273925781,283.9370422363281,283.9383239746094,263.0,291.0
430.25,283.9383850097656,283.9370422363281,283.9383544921875,263.0,291.0
430.5,283.9383850097656,283.93707275390625,283.9383239746094,263.0,291.0
