Time,Time Varying Load 671.Single phase time-varying loadA.P_measured,Time Varying Load 675.Single phase time-varying loadB.P_measured,Time Varying Load 671.Single phase time-varying loadA1.P_measured,Time Varying Load 671.Single phase time-varying loadA2.P_measured,Time Varying Load 675.Single phase time-varying loadA.P_measured,Time Varying Load 675.Single phase time-varying loadC.P_measured
0.0,212796.71875,126417.4140625,218723.375,208202.4375,115959.8671875,125539.21875
0.25,212502.109375,126664.9921875,219453.953125,207380.890625,116155.4375,125737.234375
0.5,212425.265625,126609.7890625,219358.625,207280.96875,116170.5390625,125676.6953125
0.75,212394.640625,126588.5625,219322.09375,207243.328125,116176.828125,125655.796875
1.0,212383.734375,126580.4140625,219308.03125,207228.71875,116178.7890625,125647.78125
1.25,212379.859375,126577.28125,219302.640625,207223.171875,116179.6328125,125644.8359375
1.5,212378.234375,126576.0546875,219300.515625,207221.0625,116179.984375,125643.484375
1.75,212377.765625,126575.65625,219299.765625,207220.125,116180.1953125,125643.0234375
2.0,212316.234375,126444.2421875,218892.078125,206982.328125,116149.5546875,125402.015625
2.25,212377.09375,126575.296875,219299.296875,207219.953125,116180.1875,125642.796875
2.5,212377.4375,126575.2734375,219299.21875,207219.796875,116180.4296875,125642.7890625
2.75,212377.125,126575.265625,219299.234375,207219.65625,116180.1796875,125642.7734375
3.0,212377.28125,126575.3359375,219299.234375,207219.734375,116180.2890625,125642.7734375
3.25,212377.25,126575.3515625,219299.234375,207219.734375,116180.328125,125642.7578125
3.5,212377.234375,126575.390625,219299.234375,207219.609375,116180.2109375,125642.7265625
3.75,212377.171875,126575.3125,219299.25,207219.671875,116180.171875,125642.75
4.0,212377.359375,126575.3359375,219299.328125,207219.5625,116180.234375,125642.734375
4.25,212377.09375,126575.2890625,219299.234375,207219.703125,116180.203125,125642.7734375
4.5,212377.265625,126575.3046875,219299.21875,207219.78125,116180.3125,125642.78125
4.75,212377.09375,126575.2578125,219299.21875,207219.734375,116180.203125,125642.765625
5.0,212377.296875,126575.296875,219299.21875,207219.78125,116180.3515625,125642.796875
5.25,212377.390625,126575.3203125,219299.21875,207219.75,116180.3671875,125642.7734375
5.5,212377.46875,126575.28125,219299.21875,207219.8125,116180.453125,125642.7265625
5.75,212377.28125,126575.2890625,219299.25,207219.75,116180.3203125,125642.7421875
6.0,212377.375,126575.3671875,219299.25,207219.75,116180.3515625,125642.7421875
6.25,212377.328125,126575.3984375,219299.328125,207219.671875,116180.265625,125642.7421875
6.5,212377.21875,126575.2109375,219299.109375,207219.859375,116180.3984375,125642.7890625
6.75,212377.4375,126575.296875,219299.1875,207219.75,116180.3984375,125642.7734375
7.0,212377.34375,126575.296875,219299.171875,207219.828125,116180.421875,125642.7578125
7.25,212377.234375,126575.2734375,219299.21875,207219.703125,116180.3125,125642.75
7.5,212376.84375,126575.3125,219299.3125,207219.59375,116180.0078125,125642.7734375
7.75,212377.140625,126575.3046875,219299.203125,207219.84375,116180.265625,125642.78125
8.0,212377.171875,126575.3515625,219299.28125,207219.703125,116180.203125,125642.7734375
8.25,212377.296875,126575.359375,219299.25,207219.640625,116180.25,125642.7578125
8.5,212377.53125,126575.375,219299.25,207219.78125,116180.390625,125642.75
8.75,212377.375,126575.265625,219299.15625,207219.921875,116180.390625,125642.7734375
9.0,212377.09375,126575.2578125,219299.21875,207219.734375,116180.25,125642.7421875
9.25,212377.15625,126575.265625,219299.21875,207219.734375,116180.234375,125642.75
9.5,212376.953125,126575.296875,219299.234375,207219.90625,116180.15625,125642.796875
9.75,212377.296875,126575.296875,219299.203125,207219.75,116180.171875,125642.765625
10.0,212377.328125,126575.359375,219299.21875,207219.828125,116180.328125,125642.78125
10.25,212377.140625,126575.3203125,219299.234375,207219.65625,116180.1171875,125642.7109375
10.5,212377.421875,126575.34375,219299.25,207219.734375,116180.21875,125642.7265625
10.75,0.0,0.0,0.0,0.0,0.0,0.0
11.0,0.0,0.0,0.0,0.0,0.0,0.0
11.25,0.0,0.0,0.0,0.0,0.0,0.0
11.5,0.0,0.0,0.0,0.0,0.0,0.0
11.75,0.0,0.0,0.0,0.0,0.0,0.0
12.0,0.0,0.0,0.0,0.0,0.0,0.0
12.25,0.0,0.0,0.0,0.0,0.0,0.0
12.5,0.0,0.0,0.0,0.0,0.0,0.0
12.75,0.0,0.0,0.0,0.0,0.0,0.0
13.0,0.0,0.0,0.0,0.0,0.0,0.0
13.25,0.0,0.0,0.0,0.0,0.0,0.0
13.5,0.0,0.0,0.0,0.0,0.0,0.0
13.75,0.0,0.0,0.0,0.0,0.0,0.0
14.0,0.0,0.0,0.0,0.0,0.0,0.0
14.25,0.0,0.0,0.0,0.0,0.0,0.0
14.5,0.0,0.0,0.0,0.0,0.0,0.0
14.75,0.0,0.0,0.0,0.0,0.0,0.0
15.0,0.0,0.0,0.0,0.0,0.0,0.0
15.25,0.0,0.0,0.0,0.0,0.0,0.0
15.5,0.0,0.0,0.0,0.0,0.0,0.0
15.75,0.0,0.0,0.0,0.0,0.0,0.0
16.0,0.0,0.0,0.0,0.0,0.0,0.0
16.25,0.0,0.0,0.0,0.0,0.0,0.0
16.5,0.0,0.0,0.0,0.0,0.0,0.0
16.75,0.0,0.0,0.0,0.0,0.0,0.0
17.0,0.0,0.0,0.0,0.0,0.0,0.0
17.25,0.0,0.0,0.0,0.0,0.0,0.0
17.5,0.0,0.0,0.0,0.0,0.0,0.0
17.75,0.0,0.0,0.0,0.0,0.0,0.0
18.0,0.0,0.0,0.0,0.0,0.0,0.0
18.25,0.0,0.0,0.0,0.0,0.0,0.0
18.5,0.0,0.0,0.0,0.0,0.0,0.0
18.75,0.0,0.0,0.0,0.0,0.0,0.0
19.0,0.0,0.0,0.0,0.0,0.0,0.0
19.25,0.0,0.0,0.0,0.0,0.0,0.0
19.5,0.0,0.0,0.0,0.0,0.0,0.0
19.75,0.0,0.0,0.0,0.0,0.0,0.0
20.0,0.0,0.0,0.0,0.0,0.0,0.0
20.25,0.0,0.0,0.0,0.0,0.0,0.0
20.5,0.0,0.0,0.0,0.0,0.0,0.0
20.75,0.0,0.0,0.0,0.0,0.0,0.0
21.0,0.0,0.0,0.0,0.0,0.0,0.0
21.25,0.0,0.0,0.0,0.0,0.0,0.0
21.5,0.0,0.0,0.0,0.0,0.0,0.0
21.75,0.0,0.0,0.0,0.0,0.0,0.0
22.0,0.0,0.0,0.0,0.0,0.0,0.0
22.25,0.0,0.0,0.0,0.0,0.0,0.0
22.5,0.0,0.0,0.0,0.0,0.0,0.0
22.75,0.0,0.0,0.0,0.0,0.0,0.0
23.0,0.0,0.0,0.0,0.0,0.0,0.0
23.25,0.0,0.0,0.0,0.0,0.0,0.0
23.5,0.0,0.0,0.0,0.0,0.0,0.0
23.75,0.0,0.0,0.0,0.0,0.0,0.0
24.0,0.0,0.0,0.0,0.0,0.0,0.0
24.25,0.0,0.0,0.0,0.0,0.0,0.0
24.5,0.0,0.0,0.0,0.0,0.0,0.0
24.75,0.0,0.0,0.0,0.0,0.0,0.0
25.0,0.0,0.0,0.0,0.0,0.0,0.0
25.25,0.0,0.0,0.0,0.0,0.0,0.0
25.5,0.0,0.0,0.0,0.0,0.0,0.0
25.75,0.0,0.0,0.0,0.0,0.0,0.0
26.0,0.0,0.0,0.0,0.0,0.0,0.0
26.25,0.0,0.0,0.0,0.0,0.0,0.0
26.5,0.0,0.0,0.0,0.0,0.0,0.0
26.75,0.0,0.0,0.0,0.0,0.0,0.0
27.0,0.0,0.0,0.0,0.0,0.0,0.0
27.25,0.0,0.0,0.0,0.0,0.0,0.0
27.5,0.0,0.0,0.0,0.0,0.0,0.0
27.75,0.0,0.0,0.0,0.0,0.0,0.0
28.0,0.0,0.0,0.0,0.0,0.0,0.0
28.25,0.0,0.0,0.0,0.0,0.0,0.0
28.5,0.0,0.0,0.0,0.0,0.0,0.0
28.75,0.0,0.0,0.0,0.0,0.0,0.0
29.0,0.0,0.0,0.0,0.0,0.0,0.0
29.25,0.0,0.0,0.0,0.0,0.0,0.0
29.5,0.0,0.0,0.0,0.0,0.0,0.0
29.75,0.0,0.0,0.0,0.0,0.0,0.0
30.0,0.0,0.0,0.0,0.0,0.0,0.0
30.25,0.0,0.0,0.0,0.0,0.0,0.0
30.5,0.0,0.0,0.0,0.0,0.0,0.0
30.75,0.0,0.0,0.0,0.0,0.0,0.0
31.0,0.0,0.0,0.0,0.0,0.0,0.0
31.25,0.0,0.0,0.0,0.0,0.0,0.0
31.5,0.0,0.0,0.0,0.0,0.0,0.0
31.75,0.0,0.0,0.0,0.0,0.0,0.0
32.0,0.0,0.0,0.0,0.0,0.0,0.0
32.25,0.0,0.0,0.0,0.0,0.0,0.0
32.5,0.0,0.0,0.0,0.0,0.0,0.0
32.75,0.0,0.0,0.0,0.0,0.0,0.0
33.0,0.0,0.0,0.0,0.0,0.0,0.0
33.25,0.0,0.0,0.0,0.0,0.0,0.0
33.5,0.0,0.0,0.0,0.0,0.0,0.0
33.75,0.0,0.0,0.0,0.0,0.0,0.0
34.0,0.0,0.0,0.0,0.0,0.0,0.0
34.25,0.0,0.0,0.0,0.0,0.0,0.0
34.5,0.0,0.0,0.0,0.0,0.0,0.0
34.75,0.0,0.0,0.0,0.0,0.0,0.0
35.0,0.0,0.0,0.0,0.0,0.0,0.0
35.25,0.0,0.0,0.0,0.0,0.0,0.0
35.5,0.0,0.0,0.0,0.0,0.0,0.0
35.75,0.0,0.0,0.0,0.0,0.0,0.0
36.0,0.0,0.0,0.0,0.0,0.0,0.0
36.25,0.0,0.0,0.0,0.0,0.0,0.0
36.5,0.0,0.0,0.0,0.0,0.0,0.0
36.75,0.0,0.0,0.0,0.0,0.0,0.0
37.0,0.0,0.0,0.0,0.0,0.0,0.0
37.25,0.0,0.0,0.0,0.0,0.0,0.0
37.5,0.0,0.0,0.0,0.0,0.0,0.0
37.75,0.0,0.0,0.0,0.0,0.0,0.0
38.0,0.0,0.0,0.0,0.0,0.0,0.0
38.25,0.0,0.0,0.0,0.0,0.0,0.0
38.5,0.0,0.0,0.0,0.0,0.0,0.0
38.75,0.0,0.0,0.0,0.0,0.0,0.0
39.0,0.0,0.0,0.0,0.0,0.0,0.0
39.25,0.0,0.0,0.0,0.0,0.0,0.0
39.5,0.0,0.0,0.0,0.0,0.0,0.0
39.75,0.0,0.0,0.0,0.0,0.0,0.0
40.0,0.0,0.0,0.0,0.0,0.0,0.0
40.25,0.0,0.0,0.0,0.0,0.0,0.0
40.5,0.0,0.0,0.0,0.0,0.0,0.0
40.75,0.0,0.0,0.0,0.0,0.0,0.0
41.0,0.0,0.0,0.0,0.0,0.0,0.0
41.25,0.0,0.0,0.0,0.0,0.0,0.0
41.5,0.0,0.0,0.0,0.0,0.0,0.0
41.75,0.0,0.0,0.0,0.0,0.0,0.0
42.0,0.0,0.0,0.0,0.0,0.0,0.0
42.25,0.0,0.0,0.0,0.0,0.0,0.0
42.5,0.0,0.0,0.0,0.0,0.0,0.0
42.75,0.0,0.0,0.0,0.0,0.0,0.0
43.0,0.0,0.0,0.0,0.0,0.0,0.0
43.25,0.0,0.0,0.0,0.0,0.0,0.0
43.5,0.0,0.0,0.0,0.0,0.0,0.0
43.75,0.0,0.0,0.0,0.0,0.0,0.0
44.0,0.0,0.0,0.0,0.0,0.0,0.0
44.25,0.0,0.0,0.0,0.0,0.0,0.0
44.5,0.0,0.0,0.0,0.0,0.0,0.0
44.75,0.0,0.0,0.0,0.0,0.0,0.0
45.0,0.0,0.0,0.0,0.0,0.0,0.0
45.25,0.0,0.0,0.0,0.0,0.0,0.0
45.5,0.0,0.0,0.0,0.0,0.0,0.0
45.75,0.0,0.0,0.0,0.0,0.0,0.0
46.0,0.0,0.0,0.0,0.0,0.0,0.0
46.25,0.0,0.0,0.0,0.0,0.0,0.0
46.5,0.0,0.0,0.0,0.0,0.0,0.0
46.75,0.0,0.0,0.0,0.0,0.0,0.0
47.0,0.0,0.0,0.0,0.0,0.0,0.0
47.25,0.0,0.0,0.0,0.0,0.0,0.0
47.5,0.0,0.0,0.0,0.0,0.0,0.0
47.75,0.0,0.0,0.0,0.0,0.0,0.0
48.0,0.0,0.0,0.0,0.0,0.0,0.0
48.25,0.0,0.0,0.0,0.0,0.0,0.0
48.5,0.0,0.0,0.0,0.0,0.0,0.0
48.75,0.0,0.0,0.0,0.0,0.0,0.0
49.0,0.0,0.0,0.0,0.0,0.0,0.0
49.25,0.0,0.0,0.0,0.0,0.0,0.0
49.5,0.0,0.0,0.0,0.0,0.0,0.0
49.75,0.0,0.0,0.0,0.0,0.0,0.0
50.0,0.0,0.0,0.0,0.0,0.0,0.0
50.25,0.0,0.0,0.0,0.0,0.0,0.0
50.5,0.0,0.0,0.0,0.0,0.0,0.0
50.75,0.0,0.0,0.0,0.0,0.0,0.0
51.0,0.0,0.0,0.0,0.0,0.0,0.0
51.25,0.0,0.0,0.0,0.0,0.0,0.0
51.5,0.0,0.0,0.0,0.0,0.0,0.0
51.75,0.0,0.0,0.0,0.0,0.0,0.0
52.0,0.0,0.0,0.0,0.0,0.0,0.0
52.25,0.0,0.0,0.0,0.0,0.0,0.0
52.5,0.0,0.0,0.0,0.0,0.0,0.0
52.75,0.0,0.0,0.0,0.0,0.0,0.0
53.0,0.0,0.0,0.0,0.0,0.0,0.0
53.25,0.0,0.0,0.0,0.0,0.0,0.0
53.5,0.0,0.0,0.0,0.0,0.0,0.0
53.75,0.0,0.0,0.0,0.0,0.0,0.0
54.0,0.0,0.0,0.0,0.0,0.0,0.0
54.25,0.0,0.0,0.0,0.0,0.0,0.0
54.5,0.0,0.0,0.0,0.0,0.0,0.0
54.75,0.0,0.0,0.0,0.0,0.0,0.0
55.0,0.0,0.0,0.0,0.0,0.0,0.0
55.25,0.0,0.0,0.0,0.0,0.0,0.0
55.5,0.0,0.0,0.0,0.0,0.0,0.0
55.75,108024.3515625,24007.501953125,98035.0078125,108026.453125,130025.34375,72008.1171875
56.0,108025.265625,24007.48828125,98034.890625,108026.2734375,130025.6796875,72023.0546875
56.25,108025.265625,24007.486328125,98034.9453125,108026.328125,130025.578125,72023.1796875
56.5,108025.296875,24007.50390625,98034.9765625,108026.421875,130025.6171875,72023.2265625
56.75,108025.390625,24007.50390625,98035.0,107998.5625,130025.90625,72023.265625
57.0,108025.234375,24007.53515625,97996.09375,108026.3125,130025.3359375,72023.2578125
57.25,107971.4140625,23964.775390625,97823.640625,107956.328125,130022.8125,71900.7578125
57.5,108025.1640625,24007.501953125,98034.9765625,108026.25,130025.4375,72023.2734375
57.75,104024.328125,24007.490234375,105037.4765625,101024.7421875,132025.984375,78025.1875
58.0,104024.3046875,24007.4921875,105037.4765625,101024.75,132026.0,78025.1953125
58.25,103969.2109375,24007.53125,105037.5546875,101024.859375,132026.4375,77999.5625
58.5,104024.328125,24007.486328125,105037.4375,101024.625,132025.96875,78025.1015625
58.75,104024.4453125,24007.501953125,105037.5078125,100998.6484375,132026.296875,78025.203125
59.0,104024.375,24007.501953125,105037.4765625,100996.3984375,132026.046875,78025.171875
59.25,104024.28125,24007.53515625,104995.8203125,101024.5859375,132025.671875,78025.1875
59.5,103974.0390625,23964.71875,104796.03125,100959.9609375,131956.0,77892.4296875
59.75,104024.2265625,22006.875,104037.109375,102024.796875,132025.828125,76024.5625
60.0,104024.328125,22006.8671875,104037.1171875,102024.984375,132026.0,76024.546875
60.25,104023.65625,22006.87109375,104037.1640625,102025.015625,132025.921875,76008.625
60.5,104023.9609375,22006.8515625,104037.125,102024.984375,132025.5,75999.59375
60.75,104024.3359375,22006.86328125,104037.078125,102024.859375,132025.984375,76024.4609375
61.0,104024.359375,22006.876953125,104037.125,102024.953125,132026.0,76024.5234375
61.25,104024.375,22006.876953125,104037.125,101996.3671875,132026.046875,76024.5234375
61.5,104024.28125,22006.90625,103995.8671875,102024.8203125,132025.65625,76024.5390625
61.75,106971.8046875,24963.302734375,101816.4296875,104957.7109375,127022.46875,73897.9609375
62.0,107024.9453125,25007.80859375,102036.3984375,105025.5625,127024.8984375,74023.921875
62.25,107025.0,25007.8046875,102036.4140625,105025.7265625,127025.0234375,74023.9140625
62.5,107025.0234375,25007.80859375,102036.4140625,105025.7109375,127025.0,74023.8984375
62.75,106968.328125,25007.845703125,102036.4921875,105025.8515625,127025.4375,73999.6015625
63.0,107024.6484375,25007.7890625,102036.3046875,105025.5546875,127024.7265625,74023.6796875
63.25,107025.140625,25007.814453125,102036.4296875,104998.609375,127025.3203125,74023.9140625
63.5,107025.1171875,25007.814453125,102036.421875,104996.3359375,127025.203125,74023.890625
63.75,102023.8046875,21006.59375,106995.7578125,100024.34375,131025.46875,80025.8359375
64.0,101974.515625,20969.119140625,106792.109375,99960.3671875,130956.3359375,79889.6484375
64.25,102023.7578125,21006.560546875,107038.1796875,100024.3046875,131025.6171875,80025.859375
64.5,102023.859375,21006.5546875,107038.1875,100024.4921875,131025.796875,80025.8359375
64.75,102023.203125,21006.556640625,107038.234375,100024.5234375,131025.71875,80009.0859375
65.0,101969.796875,21006.587890625,107038.28125,100024.625,131026.2265625,79999.578125
65.25,102023.8671875,21006.552734375,107038.1484375,100024.375,131025.78125,80025.75
65.5,102023.8828125,21006.564453125,107038.1953125,100024.4609375,131025.8046875,80025.8125
65.75,104024.4453125,22006.87890625,107038.203125,101998.625,129025.7109375,80025.84375
66.0,104024.2734375,22006.908203125,106995.7734375,102024.828125,129025.078125,80025.8359375
66.25,103974.0234375,21967.654296875,106792.1484375,101959.578125,128956.984375,79889.640625
66.5,104024.2265625,22006.873046875,107038.1796875,102024.7890625,129025.234375,80025.859375
66.75,104024.328125,22006.8671875,107038.1875,102024.984375,129025.40625,80025.84375
67.0,104023.65625,22006.873046875,107038.203125,102024.96875,129025.3828125,80025.8359375
67.25,103969.21875,22006.90234375,107038.28125,102025.1171875,129025.84375,79999.609375
67.5,104023.953125,22006.853515625,107038.1875,102024.9609375,129024.8984375,79999.578125
67.75,104024.3515625,21006.564453125,106037.8359375,103025.1953125,130025.609375,81026.1328125
68.0,104024.453125,21006.56640625,106037.8515625,102998.6171875,130025.890625,81026.171875
68.25,104024.3203125,20999.91015625,105995.828125,103025.109375,130025.359375,81026.15625
68.5,104024.296875,20999.91015625,105995.8125,103025.046875,130025.265625,81026.140625
68.75,104023.703125,21006.572265625,106037.84375,103024.9765625,130023.984375,81026.1953125
69.0,103969.2109375,21006.5859375,106037.921875,103025.3671875,130026.0234375,81009.1953125
69.25,104023.6484375,21006.55859375,106037.84375,103025.21875,130025.609375,81026.1640625
69.5,104023.9609375,21006.5390625,106037.8359375,103025.234375,130025.109375,80999.5703125
69.75,105024.5703125,22006.8671875,103036.703125,105025.578125,127025.0390625,77024.734375
70.0,105024.671875,22006.876953125,103036.78125,104998.6015625,127025.3203125,77024.8828125
70.25,105024.6484375,22006.87890625,103036.765625,104996.328125,127025.1796875,77024.859375
70.5,105024.7890625,21999.8984375,102995.9609375,105025.8203125,127025.4609375,77024.90625
70.75,104972.328125,21967.701171875,102799.9140625,104957.7109375,127022.4609375,76893.8203125
71.0,104972.3671875,21972.560546875,102814.625,104957.7734375,127022.796875,76893.8515625
71.25,105024.5390625,22006.8671875,103036.7578125,105025.7265625,127025.0234375,77024.8828125
71.5,105023.8828125,22006.873046875,103036.7734375,105025.703125,127025.0,77024.8671875
71.75,106968.3671875,22006.904296875,105037.5703125,104025.609375,127025.4453125,77999.6171875
72.0,106968.3671875,22006.904296875,105037.5703125,104025.6015625,127025.4375,77999.6171875
72.25,107025.140625,22006.87890625,105037.5,103998.6171875,127025.3203125,78025.2109375
72.5,107025.1171875,22006.87890625,105037.484375,103996.3359375,127025.203125,78025.1875
72.75,107025.8125,22001.95703125,105022.390625,104025.7734375,126958.2265625,78025.0703125
73.0,107025.2109375,21999.900390625,104995.875,104025.484375,127025.2734375,78025.2109375
73.25,107024.9453125,22006.880859375,105037.484375,104025.2890625,127024.875,78025.203125
73.5,107025.0234375,22006.8671875,105037.46875,104025.4765625,127025.015625,78025.203125
73.75,107968.0390625,23007.21484375,103036.875,105025.890625,127025.453125,76008.671875
74.0,107968.0390625,23007.21875,103036.8515625,105025.859375,127025.453125,75999.59375
74.25,108025.265625,23007.177734375,103036.671875,105025.53125,127025.09375,76024.3203125
74.5,108025.2890625,23007.19140625,103036.765625,105025.6796875,127025.015625,76024.5234375
74.75,108025.3125,23007.189453125,103036.765625,104996.21875,127025.0625,76024.5234375
75.0,108025.2265625,22999.90625,102995.953125,105025.5546875,127024.6953125,76024.53125
75.25,107972.71875,22966.1953125,102799.921875,104958.234375,126956.8515625,75895.15625
75.5,108025.1640625,23007.193359375,103036.765625,105025.53125,127024.8671875,76024.5625
75.75,111025.9453125,23007.181640625,96034.2734375,109026.703125,126024.8203125,73023.5859375
76.0,111025.2421875,23007.18359375,96034.3046875,109026.7265625,126024.75,73008.28125
76.25,110967.1640625,23007.220703125,96034.3515625,109026.84375,126025.2734375,72999.6328125
76.5,111025.9609375,23007.17578125,96034.2265625,109026.5703125,126024.796875,73023.5
76.75,111025.984375,23007.19140625,96034.265625,109026.65625,126024.828125,73023.5546875
77.0,111026.015625,23007.19140625,96034.2734375,108996.078125,126024.8671875,73023.5546875
77.25,111025.9296875,22999.8671875,96020.5625,109026.3984375,126024.46875,73023.4453125
77.5,110971.9140625,22966.1953125,95827.1953125,108956.625,125957.203125,72899.3125
77.75,109025.40625,24007.50390625,95033.9140625,110026.7890625,126024.703125,74023.9140625
78.0,109025.4609375,24007.494140625,95033.9140625,110026.9609375,126024.828125,74023.9140625
78.25,109024.7890625,24007.498046875,95033.921875,110026.921875,126024.8046875,74023.8984375
78.5,109024.7890625,24007.49609375,95033.953125,110026.9765625,126024.7734375,74008.390625
78.75,109025.4921875,24007.4921875,95033.859375,110026.796875,126024.8203125,74023.7734375
79.0,109025.5234375,24007.50390625,95033.9140625,110026.8984375,126024.8203125,74023.875
79.25,109025.453125,24007.533203125,94996.234375,110026.8125,126024.5546875,74023.90625
79.5,109025.578125,24007.50390625,95033.921875,109996.1484375,126024.9765625,74023.8984375
79.75,107971.484375,23964.76953125,96811.6015625,108956.015625,126022.171875,74896.5390625
80.0,108025.2421875,24007.490234375,97034.625,109026.7109375,126024.84375,75024.234375
80.25,108025.25,24007.4921875,97034.625,109026.7109375,126024.8359375,75024.234375
80.5,108024.5546875,24007.49609375,97034.6328125,109026.6875,126024.828125,75024.2265625
80.75,107968.0390625,24007.53125,97034.7265625,109026.8671875,126025.234375,75008.546875
81.0,108025.2578125,24007.4921875,97034.5703125,109026.5546875,126024.8203125,75024.1015625
81.25,108025.3828125,24007.501953125,97034.6484375,108998.5546875,126025.1328125,75024.2421875
81.5,108025.3125,24007.50390625,97034.625,108996.078125,126024.8671875,75024.203125
81.75,106024.7578125,22999.900390625,99996.0546875,106025.7734375,128024.8828125,77024.8515625
82.0,106024.6875,23007.177734375,100035.65625,106025.734375,128025.046875,77024.8515625
82.25,106024.703125,23007.1953125,100035.6953125,106025.7734375,128025.0546875,77024.8828125
82.5,106024.765625,23007.1796875,100035.6875,106025.9765625,128025.21875,77024.8828125
82.75,106024.109375,23007.185546875,100035.703125,106025.9453125,128025.1875,77024.8671875
83.0,105968.6328125,23007.21484375,100035.8046875,106026.1328125,128025.625,77008.7890625
83.25,106024.796875,23007.1796875,100035.6328125,106025.8203125,128025.21875,77024.734375
83.5,106024.8203125,23007.189453125,100035.703125,106025.9140625,128025.203125,77024.8515625
83.75,39009.15234375,9002.8154296875,39013.9296875,34008.265625,46009.09375,28009.05078125
84.0,39009.1015625,9002.8193359375,39013.92578125,34008.265625,46009.078125,28009.029296875
84.25,38990.328125,8988.75390625,38929.81640625,33987.046875,46008.8671875,27955.642578125
84.5,39009.07421875,9002.8125,39013.92578125,34008.29296875,46009.0703125,27999.83203125
84.75,38988.33203125,9002.8173828125,39013.93359375,33999.484375,46009.22265625,28009.05078125
85.0,39009.0859375,9002.8134765625,39008.375,34008.24609375,46009.0625,28009.037109375
85.25,39009.078125,9002.81640625,39013.92578125,34008.24609375,46009.05078125,28009.033203125
85.5,39009.0859375,9002.81640625,39013.92578125,34008.27734375,46009.08203125,28009.0390625
85.75,39009.09765625,7999.95458984375,35012.50390625,39009.48828125,44008.6875,27008.7109375
86.0,39009.09375,8002.50439453125,35012.49609375,39009.484375,44008.68359375,27008.7109375
86.25,39009.10546875,8002.50732421875,35012.49609375,39009.4765625,44008.68359375,27008.705078125
86.5,39009.07421875,8002.5,35012.5,39009.51953125,44008.67578125,27003.0546875
86.75,39009.07421875,8002.5009765625,35012.5,39009.51171875,44008.6796875,26999.84765625
87.0,38988.41796875,8002.5009765625,35012.4921875,38999.44140625,43985.24609375,27008.697265625
87.25,39009.08203125,8002.501953125,35007.515625,39009.4609375,44008.66796875,27008.71484375
87.5,39008.83203125,8002.50146484375,33011.78515625,41010.0,44008.6796875,27999.83203125
87.75,39009.0859375,8002.50244140625,33011.78125,41009.96875,44008.671875,28009.033203125
88.0,39009.0625,8002.501953125,33007.08203125,41009.921875,44008.6171875,28009.03125
88.25,39009.07421875,8002.5009765625,33011.78515625,41010.0,44008.6796875,27999.841796875
88.5,39009.0859375,8002.50439453125,33011.78125,41009.98046875,44008.6875,28009.0390625
88.75,43010.03515625,12001.1083984375,24008.328125,49011.83203125,40008.15625,23007.412109375
89.0,43010.03515625,12003.7607421875,24008.5703125,49011.91015625,40007.89453125,23007.416015625
89.25,43010.02734375,12003.755859375,24008.568359375,49011.91796875,40007.89453125,23007.421875
89.5,43009.73828125,12003.751953125,24008.56640625,49011.9375,40007.90234375,23007.42578125
89.75,43010.02734375,11999.9345703125,24008.57421875,49011.92578125,40007.89453125,23007.421875
90.0,43010.01953125,12003.7529296875,24008.568359375,49011.9296875,40007.90234375,23007.423828125
90.25,41009.5703125,10003.1337890625,27009.640625,44010.6953125,42008.2890625,28009.03125
90.5,41009.55859375,10003.1318359375,27009.638671875,44010.703125,42008.2890625,28009.037109375
90.75,41009.44140625,10003.1328125,26998.8984375,44010.66015625,42008.0546875,28009.048828125
91.0,41009.55859375,10003.1318359375,27009.638671875,44010.703125,42008.28515625,28009.03515625
91.25,44010.29296875,8002.50146484375,25008.923828125,45010.90234375,45008.73046875,29009.35546875
91.5,44010.25390625,7999.955078125,25008.927734375,45010.95703125,45008.8828125,29009.359375
91.75,44010.265625,8002.50634765625,25008.927734375,45010.9453125,45008.87890625,29009.35546875
92.0,44010.3046875,8002.494140625,25008.919921875,44999.3515625,44984.7890625,29009.361328125
92.25,44010.26953125,8002.50732421875,25008.927734375,45010.9375,45008.87890625,29009.3515625
92.5,44010.265625,8002.50634765625,25008.92578125,45010.9453125,45008.87890625,29009.35546875
92.75,39009.03125,9002.8154296875,28009.958984375,43010.4921875,46009.109375,31010.015625
93.0,39009.08984375,9002.8173828125,28009.998046875,43010.4609375,46009.0703125,31010.005859375
93.25,39008.9921875,9002.8173828125,28006.015625,42998.38671875,46008.84765625,31010.01171875
93.5,38990.28125,8988.7421875,27949.611328125,42983.60546875,46008.8671875,30950.88671875
93.75,39009.03515625,9002.8115234375,28009.984375,43010.4609375,46009.04296875,31009.982421875
94.0,40009.35546875,11999.9345703125,29010.36328125,42010.1953125,40007.87890625,37011.921875
94.25,40009.05859375,12003.7529296875,29010.357421875,42010.2421875,40007.8828125,36999.79296875
94.5,40009.23046875,12003.7548828125,29006.2265625,42010.15625,40007.69921875,37011.93359375
94.75,40009.3359375,12003.7607421875,29010.35546875,42010.20703125,40007.890625,37011.9296875
95.0,40009.3359375,12003.7607421875,29010.35546875,42010.20703125,40007.890625,37011.9296875
95.25,40009.3046875,12003.75,29010.359375,42010.2578125,40007.88671875,37004.19140625
95.5,40009.32421875,12003.755859375,29010.353515625,42010.21875,40007.890625,37011.94140625
95.75,40009.11328125,11003.4423828125,27009.6328125,44010.73828125,42008.5390625,29999.85546875
96.0,40009.33984375,11003.4482421875,27009.640625,44010.69140625,42008.2890625,30009.673828125
96.25,40009.32421875,10999.94140625,27009.64453125,44010.71484375,42008.29296875,30009.68359375
96.5,40009.37109375,11003.4306640625,27009.62890625,43999.359375,41985.8203125,30009.6640625
96.75,40009.3046875,11003.4375,27009.646484375,44010.74609375,42008.28125,30003.3984375
97.0,40009.33203125,11003.4453125,27009.640625,44010.703125,42008.2890625,30009.677734375
97.25,38008.859375,11001.0068359375,31011.064453125,42010.21484375,41008.08984375,32010.326171875
97.5,38008.8515625,11003.44140625,31011.0625,42010.22265625,41008.09375,32010.326171875
97.75,38008.87109375,11003.447265625,31011.0703125,42010.20703125,41008.08984375,32010.3203125
98.0,38008.859375,10999.9384765625,31011.072265625,42010.21875,41008.08984375,32010.326171875
98.25,37990.578125,10986.24609375,30944.208984375,41983.99609375,41007.9140625,31955.994140625
98.5,38008.86328125,11001.005859375,31011.06640625,42010.21875,41008.09375,32010.328125
98.75,37008.63671875,12003.759765625,32011.42578125,41009.96484375,45008.87890625,29009.353515625
99.0,37008.62109375,12003.7529296875,32011.423828125,41009.97265625,45008.87109375,29009.35546875
99.25,37008.37890625,12003.751953125,32011.427734375,41010.0,45008.87109375,28999.828125
99.5,37008.37890625,12003.751953125,32011.427734375,41010.0,45008.87109375,28999.828125
99.75,37008.59765625,12003.759765625,31998.6953125,41009.9375,45008.81640625,29009.3671875
100.0,37988.703125,12003.751953125,32011.43359375,40999.44140625,44984.8828125,30999.8203125
100.25,38008.87109375,12003.7607421875,32011.42578125,41009.96484375,45008.87890625,31009.99609375
100.5,37988.703125,12003.751953125,32011.43359375,40999.44140625,44984.88671875,30999.8203125
100.75,38008.60546875,12003.7509765625,32011.43359375,41010.0078125,45008.87109375,31003.5078125
101.0,38008.8671875,12003.759765625,32011.42578125,41009.96484375,45008.87890625,31009.998046875
101.25,35008.171875,11999.931640625,35012.17578125,36008.73828125,46009.24609375,33010.546875
101.5,35008.16796875,12003.759765625,35012.49609375,36008.75,46009.078125,33010.64453125
101.75,35008.15234375,12003.7529296875,35012.48828125,36008.76171875,46009.08203125,33010.6484375
102.0,35008.01953125,12003.75390625,35012.484375,36008.71484375,46008.77734375,33010.63671875
102.25,35008.15625,12003.7529296875,35007.515625,36008.75390625,46009.06640625,33010.6484375
102.5,34989.59765625,12003.7509765625,35012.4921875,35998.7578125,45984.54296875,33010.640625
102.75,38008.7734375,11003.4453125,30010.810546875,44010.71484375,48009.43359375,25008.158203125
103.0,38008.859375,11003.439453125,30006.4453125,44010.7109375,48009.48046875,25008.0703125
103.25,38008.859375,11003.4443359375,30010.7109375,44010.703125,48009.46875,25008.068359375
103.5,37990.54296875,10986.244140625,29946.005859375,43983.2421875,48009.26953125,24965.634765625
103.75,38008.86328125,11003.443359375,30010.7109375,44010.69921875,48009.47265625,25008.06640625
104.0,-17003.94921875,-7000.64453125,-22007.857421875,-7001.6982421875,-8001.57958984375,-21006.775390625
104.25,-17003.958984375,-7002.193359375,-21999.068359375,-7001.697265625,-8001.57958984375,-21006.78125
104.5,-16994.869140625,-7002.19287109375,-22007.853515625,-7001.69482421875,-8001.5771484375,-21002.3203125
104.75,-17003.958984375,-7002.193359375,-21999.068359375,-7001.697265625,-8001.57958984375,-21006.78125
105.0,-16995.86328125,-6991.2373046875,-21960.3984375,-6997.42041015625,-8001.55224609375,-20971.228515625
105.25,-17003.958984375,-7002.193359375,-21999.068359375,-7001.697265625,-8001.57958984375,-21006.78125
105.5,-19004.30859375,-12003.7578125,-18006.455078125,-8001.94091796875,-9001.7626953125,-18005.80859375
105.75,-19004.302734375,-12003.763671875,-18006.4296875,-8001.93994140625,-9001.779296875,-18005.806640625
106.0,-19004.4140625,-12003.7568359375,-18006.427734375,-7999.70361328125,-9001.7783203125,-18005.814453125
106.25,-19004.412109375,-12003.755859375,-18006.427734375,-8001.943359375,-9001.779296875,-18005.81640625
106.5,-19004.41796875,-11999.9287109375,-18006.42578125,-8001.9423828125,-9001.78125,-18005.8125
106.75,-17003.982421875,-10003.13671875,-12004.28515625,-10002.42578125,-13002.6015625,-12999.9208984375
107.0,-17003.94921875,-10003.130859375,-12004.28515625,-10002.4287109375,-13002.5732421875,-13004.2001953125
107.25,-17003.955078125,-10003.1357421875,-12004.28515625,-10002.4248046875,-13002.5693359375,-13004.1953125
107.5,-17003.947265625,-10003.130859375,-12004.28515625,-9999.6279296875,-13002.5673828125,-13004.2001953125
107.75,-21004.94140625,-8002.45361328125,-8002.85498046875,-7999.79248046875,-14002.5126953125,-14004.556640625
108.0,-21004.73046875,-8002.50927734375,-8002.85693359375,-8001.93359375,-13995.1748046875,-14004.5185546875
108.25,-21004.87890625,-7999.95361328125,-8002.85595703125,-8001.93994140625,-14002.767578125,-14004.5205078125
108.5,-21004.873046875,-8002.5029296875,-8002.8564453125,-7999.7041015625,-14002.767578125,-14004.5244140625
108.75,-21004.875,-8002.50341796875,-8002.8564453125,-7999.7041015625,-14002.767578125,-14004.5244140625
109.0,-21004.904296875,-8002.50927734375,-8002.8583984375,-8001.94091796875,-14002.775390625,-14004.521484375
109.25,-18004.18359375,-7000.64453125,-13004.642578125,-5001.21240234375,-20003.955078125,-13004.197265625
109.5,-17994.564453125,-7002.1923828125,-13004.6416015625,-5001.21240234375,-20003.943359375,-13004.1943359375
109.75,-17994.56640625,-7002.1923828125,-13004.6416015625,-5001.21240234375,-20003.9453125,-13004.1943359375
110.0,-18004.1796875,-6999.9599609375,-13004.640625,-5001.212890625,-20003.955078125,-13004.19921875
110.25,-18004.1796875,-7002.19140625,-13004.6416015625,-5001.21435546875,-20003.95703125,-13004.2021484375
110.5,-17003.84765625,-4001.253662109375,-19006.78515625,-3000.72802734375,-27005.341796875,-9002.904296875
110.75,-17003.94921875,-4000.3681640625,-19006.78515625,-3000.7275390625,-27005.33984375,-9002.90625
111.0,-17003.96484375,-4001.25537109375,-19006.78515625,-3000.726318359375,-27005.353515625,-9000.99609375
111.25,-17003.943359375,-4001.252197265625,-19006.787109375,-2999.88916015625,-27005.337890625,-9002.9111328125
111.5,-16995.880859375,-3994.989501953125,-18965.7734375,-6995.59912109375,-28005.28515625,-3994.5078125
111.75,-16994.869140625,-4001.253173828125,-19006.783203125,-7001.6962890625,-28005.5234375,-3999.975830078125
112.0,-17003.94921875,-4000.3681640625,-19006.78515625,-7001.69775390625,-28005.537109375,-4001.29150390625
112.25,-17003.8671875,-4001.253662109375,-19006.783203125,-7001.69873046875,-28005.607421875,-4000.44287109375
112.5,-17003.943359375,-4001.251708984375,-19006.78515625,-6999.87744140625,-28005.533203125,-4001.29296875
112.75,-22005.18359375,-3000.9130859375,-10003.515625,-18004.419921875,-25005.22265625,-5001.658203125
113.0,-22004.9609375,-3000.94091796875,-10003.5703125,-18004.3515625,-24991.390625,-5000.5537109375
113.25,-21993.373046875,-3000.939453125,-10003.5693359375,-18004.361328125,-25004.96875,-4999.9697265625
113.5,-22005.11328125,-3000.27587890625,-10003.5712890625,-18004.365234375,-25004.94140625,-5001.61376953125
113.75,-22005.12109375,-3000.94091796875,-9999.5771484375,-18004.357421875,-25004.94140625,-5001.61181640625
114.0,-20004.724609375,-0.0,-10003.6484375,-12002.90234375,-24004.615234375,-4001.3046875
114.25,-19993.9609375,-0.0,-9999.5771484375,-12002.908203125,-24004.724609375,-4001.29150390625
114.5,-20004.638671875,0.0,-10003.5703125,-11999.7890625,-24004.740234375,-4001.29248046875
114.75,-20004.544921875,0.0,-10003.5703125,-12002.91015625,-24004.791015625,-3999.9755859375
115.0,-20004.66796875,0.0,-9999.5771484375,-12002.9091796875,-24004.759765625,-4001.289794921875
115.25,-20004.6484375,0.0,-10003.5712890625,-12002.908203125,-24004.744140625,-4001.290771484375
115.5,-20004.669921875,0.0,-9999.5771484375,-12002.9091796875,-24004.759765625,-4001.289794921875
115.75,-13003.0234375,-7999.95361328125,-17006.0703125,-7001.701171875,-17003.369140625,-4001.291748046875
116.0,-13003.017578125,-8002.5048828125,-17006.0703125,-6999.73828125,-17003.3515625,-4001.291259765625
116.25,-13003.017578125,-8002.50390625,-17006.0703125,-6999.87744140625,-17003.357421875,-4001.2919921875
116.5,-13003.017578125,-8002.50341796875,-17006.0703125,-7001.70068359375,-17003.361328125,-4001.2919921875
116.75,-16003.7275390625,-8002.5107421875,-15005.3642578125,-10002.421875,-12995.5400390625,-7002.26318359375
117.0,-16003.71484375,-8002.50390625,-15005.35546875,-9999.82421875,-13002.5673828125,-7002.2607421875
117.25,-15996.1171875,-7989.98583984375,-14972.998046875,-9996.3134765625,-13002.5205078125,-6990.41259765625
117.5,-16003.7177734375,-8002.50537109375,-15005.3564453125,-10002.4267578125,-13002.568359375,-7002.259765625
117.75,-15995.1708984375,-8002.505859375,-15005.35546875,-10002.4228515625,-13002.5634765625,-6999.95751953125
118.0,-16003.720703125,-7999.95361328125,-15005.35546875,-10002.4296875,-13002.57421875,-7002.26025390625
118.25,-24005.572265625,-9002.8154296875,-10003.5703125,-17004.130859375,-11002.173828125,-8002.58447265625
118.5,-24005.572265625,-9002.8154296875,-10003.5703125,-17004.12890625,-11002.173828125,-8002.58447265625
118.75,-23992.75,-9002.8173828125,-10003.5693359375,-17004.1171875,-11002.166015625,-7999.95166015625
119.0,-24005.580078125,-8999.947265625,-10003.5703125,-17004.126953125,-11002.1767578125,-8002.58251953125
119.25,-24005.58984375,-9002.8232421875,-10002.1630859375,-17004.1171875,-11002.1728515625,-8002.57861328125
119.5,-24005.435546875,-9002.822265625,-10003.5703125,-17004.119140625,-11002.1748046875,-8000.8837890625
119.75,39988.0,2000.62646484375,30010.71484375,40009.74609375,48009.51953125,34010.953125
120.0,40009.33203125,2000.18310546875,30010.7109375,40009.73828125,48009.47265625,34010.96875
120.25,39990.03125,1997.4996337890625,29946.0078125,39984.69140625,48009.24609375,33942.15234375
120.5,40009.328125,1999.98876953125,30010.7109375,40009.73046875,48009.4609375,34010.96484375
120.75,50011.640625,9000.822265625,19006.7734375,46011.20703125,40007.9140625,31010.01171875
121.0,50011.53515625,9002.8154296875,19006.78125,45998.28515625,40007.71875,31010.01171875
121.25,49985.04296875,9002.822265625,18999.228515625,45999.3046875,40008.00390625,31010.02734375
121.5,50011.66015625,9000.8271484375,19006.783203125,46011.1953125,40007.890625,31010.001953125
121.75,50011.32421875,9002.8154296875,19006.78125,46011.203125,40007.91015625,31009.994140625
122.0,46985.9140625,9002.81640625,22999.048828125,45010.99609375,43008.546875,29009.376953125
122.25,47010.9609375,8999.951171875,23008.216796875,45010.95703125,43008.4921875,29009.357421875
122.5,47010.890625,9002.8125,22999.0625,44999.3046875,43008.46484375,29009.380859375
122.75,47010.96875,9002.8203125,23008.212890625,45010.9453125,43008.48828125,29009.353515625
123.0,47010.97265625,9002.8212890625,23008.212890625,45010.9375,43008.484375,29009.349609375
123.25,46985.91796875,9002.822265625,22999.06640625,45010.99609375,43008.55859375,29009.376953125
123.5,51011.90234375,4001.253173828125,17006.0703125,50012.1640625,50009.859375,26008.384765625
123.75,50984.7265625,4001.253173828125,17006.07421875,50012.22265625,50009.95703125,26008.400390625
124.0,51011.90625,4001.25341796875,17006.0703125,50012.1640625,50009.8671875,26008.384765625
124.25,51012.04296875,4001.248779296875,17006.072265625,49999.31640625,49983.203125,26008.396484375
124.5,50987.296875,3994.99853515625,16969.404296875,49980.83203125,50009.63671875,25955.763671875
124.75,89800.7734375,18046.74609375,60507.42578125,90222.4140625,92067.90625,55776.203125
125.0,117028.3046875,25007.83984375,83030.3203125,118028.5,122024.7265625,74024.359375
125.25,117027.515625,25007.818359375,83029.6484375,117998.4609375,122024.3671875,74023.9140625
125.5,117026.5859375,25007.810546875,83029.671875,118028.9453125,122023.96875,74008.390625
125.75,117027.3828125,25007.818359375,83029.6328125,118028.8671875,122024.0390625,74023.875
126.0,109959.90625,24011.205078125,92024.4609375,112989.03125,128956.5,70995.4921875
126.25,110025.703125,24007.490234375,92032.828125,113027.6953125,129025.40625,71022.9375
126.5,110025.859375,24007.50390625,92032.859375,112998.4921875,129025.7265625,71022.9453125
126.75,110026.59375,23999.822265625,92032.8359375,113028.1015625,128957.8046875,71022.828125
127.0,110025.71875,24007.490234375,92032.8359375,113027.6875,129025.4140625,71022.9375
127.25,110025.796875,24007.52734375,91996.34375,112996.0390625,129025.4921875,71022.9765625
127.5,110025.703125,32009.966796875,94033.6015625,111026.8671875,122023.234375,66021.2109375
127.75,110025.7109375,32009.98828125,94033.5546875,111027.1875,122024.0390625,66021.3203125
128.0,110025.046875,32010.021484375,94020.125,111026.734375,122022.2265625,66021.25
128.25,110025.671875,32010.0078125,94033.5546875,111026.9765625,122023.7734375,66021.2578125
128.5,109971.7734375,31953.029296875,93830.84375,110955.71875,122023.390625,65909.046875
128.75,111025.9375,29009.103515625,94996.265625,111027.046875,123023.953125,71022.9609375
129.0,111025.90625,29009.099609375,94996.21875,111027.03125,123023.9453125,71022.9375
129.25,111025.546875,29009.03515625,95033.84375,111027.0703125,123023.859375,71022.8203125
129.5,111026.0234375,29009.091796875,94996.203125,111027.078125,123024.1875,71022.921875
129.75,111025.546875,29009.033203125,95033.84375,111027.0703125,123023.859375,71022.8046875
130.0,111025.9296875,29009.052734375,95033.9140625,111027.203125,123024.234375,71022.9375
130.25,164038.40625,39012.19140625,146994.40625,165040.5625,192037.484375,112036.328125
130.5,164038.515625,39003.47265625,147052.4375,165040.59375,192037.78125,112036.1953125
130.75,164037.28125,39012.22265625,147052.578125,165040.109375,192037.140625,112012.75
131.0,164038.34375,39012.19921875,146994.40625,165040.5625,192037.4375,112036.3203125
131.25,164038.859375,39012.12109375,147052.375,165040.734375,192038.65625,112036.0546875
131.5,162957.0625,35955.21484375,148732.03125,160891.671875,193037.515625,114841.1953125
131.75,163038.09375,35999.81640625,149053.234375,161039.359375,193037.390625,115037.0390625
132.0,163038.25,36011.21484375,149053.171875,160994.46875,193038.078125,115037.1875
132.25,163037.40625,36011.1953125,149053.015625,161039.296875,193037.078125,115036.796875
132.5,163038.25,36011.28515625,148994.375,161039.75,193037.984375,115037.3203125
132.75,160036.703125,35010.87890625,154054.96875,159039.0625,196037.34375,113999.4609375
133.0,160037.5625,35003.12890625,154054.9375,159039.125,196038.578125,114036.859375
133.25,160037.453125,35003.12109375,154054.921875,159038.90625,196038.15625,114036.796875
133.5,159957.828125,34956.46484375,153723.046875,158893.015625,196038.109375,113842.53125
133.75,160039.375,35010.80859375,154054.84375,159040.21875,195937.71875,114036.640625
134.0,160037.875,35010.87890625,154054.875,159039.25,194039.03125,118037.984375
134.25,160037.546875,35010.91015625,154054.8125,159038.78125,194038.15625,118037.7734375
134.5,160037.640625,35010.94140625,154054.90625,159038.921875,194038.25,118037.8515625
134.75,159957.796875,34956.4375,153723.046875,158893.15625,194037.703125,117837.0390625
135.0,160036.734375,35010.8828125,154054.8125,159038.84375,194037.296875,118037.8125
135.25,158036.890625,33999.828125,157056.078125,156038.140625,197038.046875,121038.9453125
135.5,158036.953125,34010.58984375,157055.96875,156038.203125,197038.34375,121039.0390625
135.75,158037.15625,34010.578125,157033.3125,156038.28125,197038.703125,121038.96875
136.0,158034.359375,34010.66015625,157056.15625,156037.78125,197033.84375,121013.859375
136.25,158037.109375,34003.03125,157056.015625,156038.390625,197038.75,121039.109375
136.5,158038.9375,34010.49609375,157055.90625,156039.46875,196937.515625,121038.8828125
136.75,157036.703125,34010.5859375,157055.96875,156038.21875,196038.171875,122039.375
137.0,157036.84375,34010.60546875,157056.046875,156038.359375,196038.53125,122039.3984375
137.25,157037.203125,34010.5703125,157055.90625,156038.515625,196039.5,122039.2578125
137.5,157038.65625,34010.5,157055.921875,156039.453125,195937.765625,122039.2109375
137.75,156953.921875,34010.73046875,157056.234375,156038.15625,196039.046875,121999.4140625
138.0,155958.859375,33957.69140625,157715.859375,156894.46875,197038.296875,118835.6640625
138.25,156036.40625,33999.8203125,158056.421875,157038.21875,197037.953125,119038.3046875
138.5,156037.03125,34010.56640625,158033.515625,157038.765625,197039.703125,119038.3125
138.75,156038.40625,34010.49609375,158056.234375,157039.71875,196937.46875,119038.2421875
139.0,155954.3125,34010.71875,158056.59375,157038.484375,197039.328125,118999.46875
139.25,161035.375,34010.66015625,151053.984375,164039.75,196034.53125,115013.1484375
139.5,161037.796875,34010.6015625,151053.75,164039.984375,196038.546875,115036.8046875
139.75,160952.796875,34010.7265625,151054.109375,164040.21875,196039.1875,114999.4765625
140.0,161037.875,34010.62890625,151053.890625,164040.234375,196038.53125,115037.0625
140.25,161038.984375,34010.546875,151053.890625,164041.1875,195936.015625,115037.0703125
140.5,161036.9375,34010.5703125,151053.921875,164040.28125,196037.328125,114999.4296875
140.75,163037.3125,34010.56640625,153054.46875,162039.59375,193037.0625,116037.1875
141.0,163038.265625,34003.02734375,153054.578125,162039.875,193038.03125,116037.4921875
141.25,163037.390625,34010.5703125,153054.453125,162039.578125,193037.09375,116037.1796875
141.5,163040.0625,34010.50390625,153054.46875,162040.921875,192938.546875,116037.2890625
141.75,163038.28125,34010.6640625,152994.265625,162040.0,193037.984375,116037.6484375
142.0,163038.359375,35010.9375,151053.84375,163039.890625,196038.625,114036.5859375
142.25,163037.390625,35010.8828125,151053.734375,163039.796875,196037.65625,114036.46875
142.5,163038.34375,35010.9375,151053.84375,163039.90625,196038.609375,114036.5859375
142.75,163038.265625,35010.90625,151053.78125,163039.78125,196038.46875,114036.6015625
143.0,163041.046875,35466.41796875,150613.953125,163531.328125,195547.3125,113584.3359375
143.25,163038.21875,36011.265625,149994.3125,164040.484375,195038.34375,113036.6953125
143.5,163037.375,36011.1875,150053.53125,164040.296875,195037.140625,112999.4375
143.75,163038.328125,36011.25,150053.546875,164040.25,195038.375,113036.4296875
144.0,163038.015625,35999.8125,150053.5625,164039.9375,195037.546875,113036.3671875
144.25,163038.15625,36003.22265625,150053.5,164040.140625,195037.96875,113036.46875
144.5,163038.3125,36011.203125,150031.84375,164040.25,195038.3125,113036.40625
144.75,164037.578125,36011.19140625,146051.953125,167040.8125,194037.28125,111035.5546875
145.0,164037.59375,36011.1875,146052.109375,167041.015625,194036.953125,110999.4453125
145.25,164036.015625,36011.2890625,146052.140625,167040.359375,194034.359375,111035.8671875
145.5,164038.5625,36011.203125,146031.0,167041.0,194038.125,111035.765625
145.75,164038.5625,36011.203125,146030.953125,167040.984375,194038.125,111035.765625
146.0,164037.3125,36011.28515625,146052.125,166040.234375,191037.09375,113036.4609375
146.25,69020.0546875,15004.2119140625,57018.3203125,68024.7109375,76038.2265625,47016.3359375
146.5,69016.1015625,15004.69140625,57020.34765625,68016.59375,76014.984375,47015.171875
146.75,69016.09375,15004.689453125,57020.32421875,68016.5625,76015.03125,47015.09375
147.0,69016.0546875,15004.681640625,57020.3359375,68016.5703125,76014.9296875,47015.18359375
147.25,69015.7109375,15001.376953125,57020.3515625,67998.953125,76015.1015625,47015.1796875
147.5,69016.09375,15004.689453125,57020.359375,68016.625,76014.9765625,46999.7265625
147.75,65980.375,15004.7099609375,60021.44140625,63997.73828125,77015.4140625,51016.453125
148.0,66015.40625,14999.919921875,60021.41796875,64015.51171875,77015.1328125,51016.4296875
148.25,66015.390625,15004.6865234375,60021.44140625,64015.66796875,77015.15625,51005.7890625
148.5,66015.3984375,15004.6904296875,60021.421875,64015.6171875,77015.1796875,51016.46875
148.75,66015.40625,15004.6904296875,60021.421875,64015.61328125,77015.1796875,51016.46875
149.0,70016.0,15004.69921875,53011.59375,71017.2265625,75014.203125,49015.9453125
149.25,70016.3203125,15004.6884765625,53018.9296875,71017.3515625,75014.7578125,48999.71484375
149.5,70016.0546875,15004.69921875,53018.91015625,71017.1875,75014.125,49015.8046875
149.75,70016.0625,15004.697265625,53011.359375,71017.1875,75014.1015625,49015.80859375
150.0,70016.3203125,15004.6884765625,53018.9296875,71017.359375,75014.7578125,48999.73046875
150.25,68165.7890625,16357.451171875,54274.09765625,70045.9453125,75520.5859375,49895.8828125
150.5,66015.3984375,18005.62890625,56019.984375,69016.8203125,76015.0,51016.43359375
150.75,65980.3515625,18005.646484375,56020.0,68997.515625,76015.1875,51016.45703125
151.0,66015.390625,18005.625,56020.00390625,69016.8671875,76014.953125,50999.71484375
151.25,66015.3671875,18005.623046875,56019.98828125,69016.8359375,76014.9453125,51016.4765625
151.5,71016.90625,13999.8984375,51010.95703125,72017.7421875,72975.640625,57018.37109375
151.75,71016.5703125,14004.3876953125,50997.9375,72017.59375,73014.3984375,57018.4296875
152.0,71016.1796875,14004.3857421875,51018.21875,71998.8984375,73014.5078125,57018.40234375
152.25,71016.734375,13999.91015625,51018.203125,72017.671875,72975.3203125,57018.3671875
152.5,71016.1796875,14004.384765625,51018.21875,71998.8984375,73014.515625,57018.40625
152.75,71016.1796875,14004.3857421875,51018.21875,71998.90625,73014.5078125,57018.40234375
153.0,74017.265625,16005.005859375,50017.82421875,74018.0078125,68013.46875,54017.32421875
153.25,74017.2578125,16005.0048828125,50017.859375,74018.078125,68013.3828125,53999.70703125
153.5,74017.0390625,16004.98828125,50017.8359375,74018.046875,68013.2265625,54017.453125
153.75,74017.265625,16005.005859375,50017.82421875,74018.0078125,68013.46875,54017.328125
154.0,74017.0390625,16004.98828125,50017.8359375,74018.046875,68013.2265625,54017.453125
154.25,84978.5234375,19974.951171875,34936.69921875,81967.90625,67012.90625,44938.16796875
154.5,85019.5625,19999.904296875,35012.5078125,82019.8984375,67012.75,45014.52734375
154.75,85019.6015625,19999.90234375,35012.51171875,82019.8984375,67012.8125,45014.5234375
155.0,85019.84375,20006.255859375,35012.49609375,82019.984375,67013.21875,45014.5234375
155.25,85019.8046875,20006.251953125,35012.49609375,82020.03125,67013.21875,45014.54296875
155.5,85481.1875,18866.60546875,34256.76171875,83477.515625,66036.7421875,45436.4765625
155.75,86019.796875,16999.9140625,33011.78515625,85020.625,65012.3828125,46014.84375
156.0,86020.03125,17005.314453125,33011.78125,85020.765625,65012.82421875,46014.8671875
156.25,86020.0625,17005.326171875,32998.640625,85020.7109375,65012.8671875,46014.7890625
156.5,86020.078125,17005.318359375,33011.78125,85020.71875,65012.8203125,46014.84765625
156.75,86019.5546875,17005.328125,33011.78515625,84996.9296875,65012.84765625,46014.84375
157.0,81019.1953125,17005.302734375,32006.873046875,91022.3984375,72975.5234375,39012.58203125
157.25,80979.3046875,16978.73828125,31942.400390625,90964.4296875,73013.6953125,38946.26953125
157.5,81018.90625,16999.912109375,32011.4296875,91022.09375,73014.359375,39012.578125
157.75,81018.8984375,17001.55859375,32011.423828125,91022.1015625,73014.359375,39012.58984375
158.0,77980.21875,9987.5009765625,34936.9609375,90964.4375,80015.359375,42940.7890625
158.25,78018.0859375,10003.1259765625,35012.49609375,90998.6328125,80015.7421875,43013.890625
158.5,78018.4765625,9999.9345703125,35007.5234375,91022.390625,79973.1328125,43013.86328125
158.75,78018.1953125,10003.1279296875,35012.50390625,91022.25,80015.765625,42999.7578125
159.0,78018.46875,9999.935546875,35007.51171875,91022.3828125,79973.125,43013.86328125
159.25,78017.7109375,10003.130859375,35012.49609375,91022.1796875,80015.7734375,43013.875
159.5,80018.390625,12001.10546875,29010.349609375,92022.3046875,74014.0234375,45014.52734375
159.75,80018.671875,12001.10546875,29010.349609375,92022.3359375,74014.5546875,45014.51953125
160.0,79976.28125,12003.771484375,29010.37109375,91998.71875,74014.9609375,45014.5390625
160.25,80018.9921875,11999.921875,29006.234375,92022.6640625,73975.2265625,45014.51171875
160.5,80018.65625,12003.7509765625,29010.35546875,92022.484375,74014.609375,45014.55078125
160.75,89021.0625,11001.0,18006.423828125,102025.09375,66977.4921875,49015.8125
161.0,89020.5,11001.0146484375,18006.42578125,102024.75,67012.765625,49015.82421875
161.25,89020.7421875,11003.44140625,18006.427734375,102024.921875,67013.2109375,49015.8359375
161.5,89020.609375,11003.4384765625,18006.42578125,101998.4765625,67013.171875,49015.83203125
161.75,89020.78125,10999.9384765625,18003.865234375,102024.8359375,67013.265625,49015.7421875
162.0,90826.7734375,14129.8681640625,16310.482421875,103507.4375,63650.40234375,47795.3046875
162.25,93021.7109375,18005.634765625,13004.6416015625,105025.6015625,60011.83984375,46014.8515625
162.5,93021.6796875,18005.62890625,13004.6435546875,105025.65625,60011.8515625,46014.875
162.75,93021.6640625,18005.62890625,13004.642578125,105025.6484375,60011.83203125,46014.8671875
163.0,93021.7265625,18005.638671875,13004.642578125,105025.6015625,60011.83984375,46014.84765625
163.25,92976.4609375,17977.474609375,12976.6005859375,104958.8515625,60011.36328125,45936.6171875
163.5,106025.3828125,18005.703125,48017.8203125,111994.65625,92016.3359375,68022.0390625
163.75,106024.75,18005.626953125,48017.13671875,112027.40625,92018.140625,68021.96875
164.0,106024.65625,18005.6328125,48017.11328125,112027.1171875,92017.9296875,68021.796875
164.25,106024.7421875,18005.626953125,48017.13671875,112027.4140625,92018.1484375,68021.96875
164.5,106024.3984375,18005.6484375,48017.14453125,112027.1328125,92017.34375,68021.9453125
164.75,105968.609375,17999.9375,47998.0859375,112027.484375,92018.4609375,68021.96875
165.0,113026.453125,14004.3779296875,72025.703125,124030.359375,129025.4296875,76024.5234375
165.25,113026.4375,14004.3701171875,72025.6875,124030.28125,129025.328125,76024.5234375
165.5,112970.7109375,13982.5283203125,71870.4375,123949.921875,129024.2578125,75895.28125
165.75,112970.828125,13982.5205078125,71870.453125,123950.25,129024.7265625,75895.375
166.0,113026.4921875,13999.9326171875,71997.125,124030.390625,129025.4375,76024.5625
166.25,124028.9765625,13004.056640625,60021.40234375,129031.5,127024.9765625,71022.890625
166.5,124027.5,13004.0732421875,60021.453125,129031.34375,127023.4140625,71008.0703125
166.75,123967.796875,12983.763671875,59892.02734375,128947.890625,127023.890625,70902.2109375
167.0,124029.1015625,13004.0693359375,60021.421875,128995.4140625,127025.09375,71022.8984375
167.25,124029.171875,13001.1845703125,60021.42578125,128998.3125,127025.375,71022.921875
167.5,123963.3359375,13004.0927734375,60021.47265625,129031.59375,127025.421875,70999.6015625
167.75,117027.734375,15004.671875,63022.4921875,122030.2421875,111962.46875,82026.484375
168.0,117026.59375,15004.6884765625,63022.52734375,122029.953125,112022.0078125,82009.3359375
168.25,117026.609375,15004.689453125,63022.5234375,122029.9375,112022.0234375,82009.3203125
168.5,117026.609375,15004.689453125,63022.5234375,122029.9296875,112022.0234375,82009.3046875
168.75,115027.1953125,21006.529296875,66023.546875,110027.265625,108963.4296875,87028.0859375
169.0,115026.140625,21006.564453125,66023.6015625,110027.015625,109021.3984375,87009.921875
169.25,115026.8984375,21006.5625,66023.5625,110026.953125,109021.4765625,87028.09375
169.5,115026.8125,21006.5703125,66023.53125,110026.6640625,109021.15625,87027.9609375
169.75,115026.453125,21006.546875,66023.5078125,110026.8203125,109021.1640625,87027.9140625
170.0,113808.5,21701.900390625,65695.4765625,111971.765625,110483.5,81293.8984375
170.25,112026.1875,23007.19140625,65023.203125,114027.9375,112022.15625,72023.2578125
170.5,112025.765625,23007.16796875,65023.16015625,114027.8046875,112021.71875,72023.1328125
170.75,112026.1875,23007.1796875,65023.1953125,114027.8203125,112022.0,72023.234375
171.0,112026.265625,22999.89453125,64997.4140625,113995.9453125,112022.125,72023.2734375
171.25,112026.3046875,22999.87109375,65013.94140625,113995.9375,112022.1875,72023.2109375
171.5,112026.4296875,23007.173828125,65023.18359375,114027.953125,112022.4765625,72023.203125
171.75,112026.1875,23007.18359375,65023.20703125,114027.9296875,112022.0703125,72023.265625
172.0,112025.6171875,23007.19921875,65023.2109375,114027.6796875,112020.859375,72023.2890625
172.25,102023.859375,17005.3046875,85030.3671875,103025.2734375,119023.4140625,74008.40625
172.5,101969.7890625,17005.3359375,85030.3984375,103025.34375,119023.8125,73999.5703125
172.75,102023.8828125,17005.31640625,85030.34375,103025.1953125,119023.4453125,74023.875
173.0,102023.8828125,17005.31640625,85030.34375,103025.203125,119023.4453125,74023.875
173.25,102023.9765625,17005.31640625,85030.359375,102998.6328125,119023.7265625,74023.9140625
173.5,102023.9453125,17005.33203125,84996.609375,102996.4375,119023.6015625,74023.9453125
173.75,102023.8515625,16999.8984375,85018.21875,103025.0078125,119023.1875,74023.7890625
174.0,101974.453125,16978.7578125,84847.0390625,102959.3125,118960.4453125,73898.1015625
174.25,102023.3203125,15004.6962890625,89031.78125,99024.015625,114021.203125,75024.25
174.5,102023.859375,15004.68359375,89031.8046875,99024.296875,114022.421875,75008.5
174.75,102023.8515625,15004.685546875,89031.796875,99024.28125,114022.4140625,74999.609375
175.0,101969.8046875,15004.7080078125,89031.796875,99024.296875,114022.9140625,75024.1640625
175.25,102023.8515625,15004.6826171875,89031.7578125,99024.1640625,114022.3984375,75024.1953125
175.5,102023.9609375,15004.6904296875,89031.7890625,98998.65625,114022.7109375,75024.234375
175.75,102023.90625,15004.6904296875,89031.7734375,98996.4765625,114022.515625,75024.1953125
176.0,102023.875,15001.36328125,89031.7421875,99024.09375,114022.3515625,75024.1328125
176.25,95975.625,11985.013671875,101816.40625,93962.734375,117959.8203125,75895.28125
176.5,96022.390625,12003.7548828125,102036.40625,94022.84375,118023.09375,76024.5546875
176.75,96022.4453125,12003.7470703125,102036.4453125,94023.0625,118023.203125,76008.6328125
177.0,96021.8359375,12003.75,102036.4453125,94023.0390625,118023.1640625,75999.5859375
177.25,95971.5546875,12003.7646484375,102036.4375,94023.0546875,118023.6953125,76024.4765625
177.5,96022.4609375,12003.74609375,102036.390625,94022.9453125,118023.1953125,76024.5234375
177.75,96022.4921875,12003.7509765625,102036.40625,93996.6171875,118023.296875,76024.5234375
178.0,96022.40625,12003.75390625,102036.390625,94022.828125,118022.9453125,76024.46875
178.25,93021.7578125,3999.9814453125,104995.8359375,93022.65625,133025.921875,72023.2578125
178.5,92976.640625,3995.001708984375,104796.0390625,92963.1640625,132955.765625,71900.7890625
178.75,93021.046875,4001.25244140625,105037.484375,93022.5234375,133024.046875,72023.28125
179.0,93021.1484375,4001.2490234375,105037.5078125,93022.8125,133026.140625,72008.1484375
179.25,93021.453125,4001.246337890625,105037.46875,93022.78125,133025.75,71999.59375
179.5,93021.765625,4001.248046875,105037.4375,93022.6875,133026.1875,72023.171875
179.75,93021.7890625,4001.25048828125,105037.4765625,93022.75,133026.203125,72023.2265625
180.0,93021.796875,4001.250732421875,105037.484375,93022.7421875,133026.1875,72023.2265625
180.25,78018.328125,2000.6248779296875,116041.375,86996.859375,144028.40625,70022.5859375
180.5,78018.2734375,2000.625732421875,116041.3984375,87021.1953125,144028.1875,70022.546875
180.75,77980.0390625,1997.0645751953125,115745.421875,86965.4453125,143951.125,69903.6796875
181.0,78017.6796875,2000.6248779296875,116041.34375,87021.0703125,144028.125,70022.5703125
181.25,77976.828125,2000.6265869140625,116041.375,87021.1875,144028.59375,70022.5625
181.5,78018.265625,2000.6241455078125,116041.3515625,87021.21875,144028.359375,70022.4921875
181.75,78018.28125,2000.6246337890625,116041.3671875,87021.2578125,144028.4375,70022.515625
182.0,78018.2890625,2000.625,116041.3984375,87021.28125,144028.34375,70022.578125
182.25,88020.6640625,12003.7529296875,104037.15625,89998.7734375,128025.4453125,77024.8671875
182.5,88020.6796875,12003.751953125,104037.1328125,89996.828125,128025.40625,77024.859375
182.75,88019.8984375,12003.75,104037.0859375,90021.765625,128023.1484375,77024.8671875
183.0,87977.6171875,11985.0126953125,103798.0,89964.28125,127956.515625,76893.890625
183.25,88019.8984375,12003.7470703125,104037.0625,90021.765625,128023.1484375,77024.8671875
183.5,88020.0234375,12003.7470703125,104037.1171875,90022.0390625,128025.2109375,77024.8671875
183.75,87973.90625,12003.76171875,104037.1953125,90022.140625,128025.53125,76999.5859375
184.0,88020.59375,12003.7451171875,104037.0234375,90021.8984375,128025.3125,77024.640625
184.25,100023.1171875,21006.548828125,92032.7734375,102998.484375,114022.453125,77024.671875
184.5,100023.4296875,21006.568359375,92032.8515625,103025.171875,114022.4921875,77024.8515625
184.75,100024.1015625,20999.875,91996.3515625,103025.65625,113962.546875,77024.8828125
185.0,100023.8125,21001.8828125,92019.6484375,103025.4140625,113961.84375,77024.7890625
185.25,99974.296875,20973.798828125,91834.4375,102958.8046875,114021.734375,76893.8203125
185.5,100023.375,21006.5546875,92032.8359375,103025.2265625,114022.4765625,77024.8828125
185.75,100023.3671875,21006.55859375,92032.84375,103025.21875,114022.4453125,77024.875
186.0,100023.3828125,21006.560546875,92032.84375,103025.2109375,114022.46875,77024.875
186.25,364087.59375,82024.9765625,348072.40625,365090.53125,435080.84375,269086.96875
186.5,364086.96875,82025.4453125,348124.1875,365091.40625,435084.65625,269086.71875
186.75,364087.5625,82025.421875,348124.125,364988.6875,435086.0625,269086.9375
187.0,364087.09375,82025.4921875,348124.5,365091.59375,435084.09375,268998.65625
187.25,364086.5625,82025.515625,348123.34375,365089.25,435083.65625,269084.34375
187.5,363887.46875,81898.90625,347375.3125,364821.21875,435074.9375,268625.34375
187.75,364079.6875,81999.8515625,348124.15625,365087.71875,435063.03125,269086.0
188.0,363897.0625,82025.953125,348124.6875,365090.28125,435088.0625,269086.9375
188.25,354084.375,84007.53125,355988.40625,355089.84375,444086.28125,259084.6875
188.5,354084.875,84025.890625,356073.875,355088.59375,444086.40625,259083.140625
188.75,354085.65625,84026.0859375,356127.5,355000.5625,444090.46875,258999.15625
189.0,354085.03125,84026.0625,356127.3125,354989.1875,444087.1875,258998.765625
189.25,354083.96875,84026.09375,356127.0625,355087.84375,444083.21875,259083.546875
189.5,353893.5,83896.515625,355360.59375,354826.5625,444085.28125,258638.890625
189.75,354084.28125,84026.2578125,355988.4375,355089.90625,444086.53125,259084.5625
190.0,354078.375,84025.9453125,356126.375,355086.03125,444076.6875,259083.53125
190.25,364086.03125,88027.3359375,338988.5625,362090.4375,444084.28125,252082.28125
190.5,364086.78125,88027.1484375,339120.25,362090.3125,444086.25,252080.6875
190.75,364086.875,88027.296875,339120.875,362090.84375,444086.59375,252081.234375
191.0,364087.03125,88027.328125,339121.15625,362091.09375,444085.9375,251998.609375
191.25,364088.125,88027.3203125,339121.375,362000.6875,444090.5625,251999.15625
191.5,364087.59375,88027.2734375,339121.21875,361989.125,444087.5,252081.984375
191.75,363888.96875,87891.625,338391.34375,361822.375,444081.34375,251649.0625
192.0,364090.71875,88026.8828125,339120.78125,362095.1875,443867.40625,252080.75
192.25,358084.65625,79024.5078125,349124.25,360089.0,462086.625,260083.328125
192.5,358088.0625,79006.71875,349124.4375,360092.0,462097.0,260083.9375
192.75,358077.875,79024.46875,349072.3125,360086.28125,462063.78125,260083.796875
193.0,358083.96875,79024.609375,349124.125,360087.125,462083.65625,259998.046875
193.25,358085.75,79024.5234375,349123.8125,360089.3125,462091.0,260081.9375
193.5,358085.71875,79024.5625,349124.625,360090.5625,462089.53125,260084.0
193.75,357900.625,79024.9609375,349124.84375,360091.21875,462098.375,260082.71875
194.0,357884.9375,78902.4375,348372.6875,359821.5,462079.0,259638.03125
194.25,356085.625,73022.578125,342122.03125,364988.6875,464091.71875,254082.15625
194.5,356086.28125,72999.5625,342122.0,365090.9375,464092.5625,254081.09375
194.75,356076.96875,73006.5390625,342121.6875,365086.8125,464061.59375,254081.96875
195.0,356077.375,73023.015625,341988.8125,365088.59375,464063.8125,254083.28125
195.25,356084.78125,73022.5,342121.75,365091.78125,464089.21875,254029.25
195.5,356085.40625,73022.6796875,342121.375,365090.65625,464091.625,254079.984375
195.75,356082.625,73022.6875,342122.40625,365091.75,464089.9375,254082.390625
196.0,356080.625,73022.390625,342121.1875,365090.59375,464085.3125,254080.84375
196.25,358885.03125,73908.5234375,339388.9375,366715.28125,459080.09375,247654.859375
196.5,359093.34375,74022.5703125,340121.34375,367097.96875,458866.53125,248079.828125
196.75,359084.375,74006.8671875,339988.84375,367089.90625,459084.4375,248080.921875
197.0,359085.625,74022.7421875,340070.46875,367091.1875,459088.15625,248079.625
197.25,359085.375,74022.8203125,340120.53125,367091.59375,459089.0625,248079.46875
197.5,359085.90625,74022.96875,340121.4375,367092.40625,459088.71875,247998.640625
197.75,359086.0625,74022.96875,340121.28125,367091.9375,459089.46875,248079.84375
198.0,362152.5,75079.203125,338682.59375,371802.1875,450810.5625,253189.8125
198.25,367088.03125,78024.2578125,335119.09375,376093.03125,438086.46875,261082.25
198.5,367077.34375,78024.4296875,335119.34375,376090.125,438062.84375,261083.6875
198.75,366896.375,78007.34375,335119.96875,376093.03125,438088.5,261084.25
199.0,367082.375,78024.03125,334988.5,376094.75,438079.875,261085.375
199.25,367087.1875,78024.3125,334988.71875,376094.28125,438083.90625,261085.25
199.5,367087.6875,78024.2109375,335119.53125,376094.25,438085.3125,261084.15625
199.75,367087.875,78024.2109375,335119.46875,376094.25,438085.40625,261084.140625
200.0,365951.78125,76482.6484375,335705.5625,373448.4375,441810.71875,260233.859375
200.25,364087.71875,72022.3359375,337120.28125,370988.25,447088.53125,259083.578125
200.5,364083.21875,72022.4375,337120.125,371090.46875,447082.0,259083.0625
200.75,363899.9375,72022.6484375,337120.40625,371094.46875,447098.78125,259082.34375
201.0,364078.90625,72006.2734375,337119.625,371088.75,447061.4375,259083.875
201.25,364085.125,72022.4296875,337120.0,371090.1875,447082.59375,259083.59375
201.5,364087.03125,72022.2109375,337069.78125,371092.6875,447086.96875,259083.15625
201.75,364086.8125,72022.234375,337119.6875,371092.625,447087.0,259082.9375
202.0,316229.09375,63235.37109375,297722.5625,296530.15625,376809.0,213486.8125
202.25,131960.8125,19005.9375,136047.953125,141998.703125,192039.578125,95030.4765625
202.5,132030.296875,19005.916015625,136048.46875,142034.578125,192036.46875,95030.5703125
202.75,132030.96875,19005.94140625,136048.5625,142034.625,192037.4375,95030.59375
203.0,132030.96875,18999.890625,136048.578125,142034.921875,192037.8125,95030.6875
203.25,132030.96875,19001.703125,136048.53125,142034.921875,192037.78125,95030.6953125
203.5,132030.984375,19005.955078125,135994.84375,142035.015625,192037.796875,95030.8125
203.75,132032.390625,19005.87109375,136048.453125,142035.84375,191938.765625,95030.546875
204.0,132327.078125,18523.98828125,136337.78125,142971.4375,194178.875,95422.4765625
204.25,133032.1875,17005.27734375,137048.8125,144036.015625,196935.75,96030.734375
204.5,132961.0,17005.341796875,137049.0,144035.484375,197039.71875,96030.953125
204.75,133031.265625,17005.298828125,137048.859375,143994.8125,197038.734375,96030.96875
205.0,133031.109375,17005.314453125,137048.875,144034.9375,197038.0,96030.8515625
205.25,133031.109375,17005.30078125,137048.875,144035.28125,197038.40625,96030.9765625
205.5,133031.1875,17001.517578125,137048.875,144035.421875,197038.75,96031.0
205.75,133031.21875,17001.548828125,136994.78125,144035.53125,197038.75,96031.140625
206.0,133061.359375,20999.287109375,138030.09375,140049.875,195030.453125,92009.7734375
206.25,133029.859375,21006.58203125,138049.328125,140033.90625,195033.734375,91999.578125
206.5,133030.390625,21006.5625,138049.203125,140034.25,195038.4375,92029.5390625
206.75,133030.375,21006.560546875,138049.21875,140034.25,195038.4375,92029.5390625
207.0,133030.75,21006.533203125,138049.203125,139995.109375,195037.875,92029.6875
207.25,133031.296875,21006.564453125,138049.28125,140034.3125,195038.40625,92029.65625
207.5,133031.1875,21006.546875,138049.25,140034.4375,195038.359375,92029.71875
207.75,133031.1875,20999.880859375,138049.296875,140034.4375,195038.359375,92029.7109375
208.0,132404.359375,21495.294921875,139111.625,139560.53125,194630.015625,93201.03125
208.25,131030.984375,23007.150390625,142050.578125,139034.28125,194039.015625,95030.5859375
208.5,131032.1796875,23007.099609375,142050.609375,139035.1875,193938.140625,95010.6640625
208.75,131030.6875,23007.20703125,142050.625,139033.671875,194037.90625,95030.46875
209.0,131030.03125,23007.18359375,142050.71875,138998.390625,194038.796875,95030.7109375
209.25,131030.078125,23007.16015625,142050.609375,139033.828125,194036.796875,95030.5625
209.5,131030.7109375,23007.17578125,142050.65625,139033.796875,194037.6875,95030.5859375
209.75,131030.7109375,23007.169921875,142050.6875,139034.1875,194038.171875,95030.6953125
210.0,129121.2265625,22542.2734375,144255.953125,137112.1875,195761.578125,97809.59375
210.25,125029.3671875,21006.533203125,150031.765625,135033.109375,198038.9375,102032.8515625
210.5,125029.6171875,21006.525390625,150053.484375,135033.40625,198039.78125,101999.3984375
210.75,125028.0390625,21006.583984375,150053.46875,135032.484375,198034.25,102032.7421875
211.0,125028.453125,21006.58203125,150053.546875,135032.75,198038.515625,102032.8828125
211.25,124963.4375,21006.59375,150053.65625,134998.5625,198040.5,102032.9453125
211.5,125029.2265625,21006.55078125,150053.453125,135032.703125,198038.046875,102032.78125
211.75,125029.4296875,21006.5625,150053.546875,135033.09375,198039.015625,102032.8828125
212.0,133086.734375,22991.384765625,140065.140625,141115.515625,184275.515625,107056.265625
212.25,133031.203125,23007.203125,139994.703125,141034.78125,184036.234375,107034.71875
212.5,133031.234375,23007.158203125,140029.734375,141034.578125,184036.171875,107034.46875
212.75,133032.640625,23007.119140625,140050.015625,141035.75,183941.234375,107012.140625
213.0,133030.15625,23007.208984375,140050.03125,141034.171875,184032.671875,106999.5
213.25,133031.125,23007.212890625,140049.90625,141034.0625,184035.90625,107034.2578125
213.5,132960.8125,23007.23046875,140050.03125,141034.53125,184036.578125,107034.4375
213.75,132960.796875,23007.23046875,140050.015625,141034.390625,184036.375,107034.390625
214.0,134967.328125,22969.88671875,138745.21875,137945.9375,183071.046875,106840.7734375
214.25,135031.640625,22999.87109375,139049.65625,138033.953125,183036.015625,107034.5546875
214.5,135031.640625,23007.197265625,138994.703125,138034.03125,183036.0,107034.71875
214.75,135031.671875,23007.208984375,138994.71875,138034.03125,183036.046875,107034.7109375
215.0,135031.640625,23007.162109375,139049.515625,138033.84375,183035.96875,107034.453125
215.25,135032.53125,23007.138671875,139049.671875,138034.640625,182939.765625,107012.125
215.5,135031.890625,23007.1875,139049.5625,137998.28125,183036.734375,107034.34375
215.75,135030.671875,23007.19140625,139049.59375,138033.625,183035.484375,107034.4375
216.0,141061.765625,20006.583984375,132075.171875,144078.421875,180126.90625,106058.4296875
216.25,141032.375,20006.2265625,132047.03125,144035.09375,180034.3125,106034.140625
216.5,141033.03125,20006.23046875,132047.109375,144035.40625,180035.4375,106034.265625
216.75,141033.0625,20006.267578125,131994.96875,144035.515625,180035.421875,106034.3828125
217.0,141033.09375,20006.2265625,132028.046875,144035.34375,180035.421875,106034.1640625
217.25,141034.53125,20006.197265625,132047.09375,144036.359375,179942.40625,106034.171875
217.5,141031.984375,20006.271484375,132047.203125,144034.921875,180032.046875,105999.5
217.75,141033.296875,20006.251953125,132047.078125,143998.203125,180036.171875,106034.0078125
218.0,135022.828125,25001.90625,141012.75,137010.328125,182983.21875,102027.21875
218.25,135030.84375,25007.818359375,141050.359375,137033.5625,183036.03125,102032.890625
218.5,134964.421875,24968.86328125,140746.3125,136943.53125,183034.75,101859.25
218.75,135031.640625,24999.865234375,141050.359375,137033.6875,183036.015625,102032.9296875
219.0,135031.640625,25007.822265625,140994.625,137033.78125,183036.0,102033.1015625
219.25,135031.640625,25007.822265625,140994.609375,137033.78125,183036.0,102033.1015625
219.5,135032.546875,25007.759765625,141050.3125,137034.3125,182939.9375,102032.890625
219.75,135031.578125,25007.83203125,141050.390625,137033.296875,183035.453125,101999.484375
220.0,135029.40625,25008.095703125,141047.546875,136995.03125,187036.796875,100027.921875
220.25,135031.78125,25007.8046875,141050.28125,136995.25,187037.25,100032.171875
220.5,134960.3125,25007.859375,141050.390625,137033.625,187037.4375,100032.203125
220.75,134964.421875,24968.86328125,140746.328125,136943.53125,187035.5,99862.0078125
221.0,135031.640625,24999.861328125,141050.375,137033.703125,187036.8125,100032.2890625
221.25,135031.625,25007.826171875,140994.65625,137033.78125,187036.78125,100032.453125
221.5,135031.6875,25007.78125,141029.953125,137033.609375,187036.796875,100032.2265625
221.75,135031.640625,25007.783203125,141050.21875,137033.59375,187036.75,100032.203125
222.0,136031.453125,26006.5,139051.5625,138040.296875,185050.71875,101004.015625
222.25,136032.0,26008.12109375,139049.546875,137995.0,185036.65625,101032.3828125
222.5,136030.875,26008.130859375,139049.578125,138033.46875,185035.65625,101032.46875
222.75,136031.078125,26008.12890625,139049.640625,138033.796875,185036.390625,101032.5625
223.0,136031.875,25999.859375,139049.65625,138033.9375,185036.4375,101032.6171875
223.25,136031.859375,26002.318359375,139049.578125,138033.9375,185036.375,101032.6328125
223.5,136031.859375,26008.134765625,138994.703125,138034.03125,185036.390625,101032.78125
223.75,136031.890625,26008.1484375,138994.703125,138034.03125,185036.390625,101032.765625
224.0,137078.46875,27003.65625,136055.71875,141060.453125,182037.828125,97045.9921875
224.25,137032.34375,27008.42578125,136048.625,140998.453125,182036.296875,97011.0859375
224.5,137032.25,27008.43359375,136048.484375,140995.078125,182036.3125,97031.15625
224.75,137031.296875,27008.439453125,136048.53125,141034.46875,182035.96875,97031.1640625
225.0,136959.8125,27008.490234375,136048.625,141034.71875,182036.71875,97031.2734375
225.25,136963.9375,26966.365234375,135755.328125,140941.96875,182034.59375,96866.1015625
225.5,137032.078125,26999.833984375,136048.546875,141034.578125,182035.71875,97031.3359375
225.75,137032.125,27002.41796875,136048.515625,141034.65625,182035.8125,97031.3515625
226.0,139029.25,26009.31640625,133034.75,141032.875,181945.796875,97025.9921875
226.25,139033.984375,26008.037109375,133047.359375,141035.515625,181941.640625,97031.2109375
226.5,139032.8125,26008.115234375,133047.5625,140998.453125,182036.3125,97011.078125
226.75,139032.796875,26008.119140625,133047.578125,140998.4375,182036.3125,97011.0703125
227.0,139031.75,26008.126953125,133047.453125,141034.46875,182035.96875,97031.1640625
227.25,138959.234375,26008.177734375,133047.5625,141034.71875,182036.71875,97031.2734375
227.5,138963.40625,25959.3515625,132760.765625,140941.953125,182034.609375,96866.0625
227.75,139032.5625,26002.3203125,133047.4375,141034.671875,182035.796875,97031.34375
228.0,143026.921875,24009.01171875,129016.5546875,146060.65625,181035.03125,95056.5703125
228.25,143033.546875,24007.47265625,129027.3984375,146035.8125,181035.578125,95030.625
228.5,143032.203125,24007.521484375,129046.0625,146035.3125,181031.84375,95030.7109375
228.75,143033.484375,24007.515625,129046.1171875,146035.578125,181035.203125,95010.796875
229.0,143033.59375,24007.498046875,129045.9765625,145994.765625,181035.875,95030.4921875
229.25,143033.671875,24007.5,129045.9921875,145994.9375,181036.09375,95030.5
229.5,143032.671875,24007.505859375,129046.0703125,146035.78125,181035.671875,95030.65625
229.75,143032.859375,24007.47265625,129045.984375,146035.703125,181034.734375,95030.625
230.0,53804.11328125,7013.3759765625,56235.65234375,55676.4375,80731.1328125,35204.89453125
230.25,53012.27734375,7002.18505859375,56019.91015625,55013.51171875,79015.734375,34999.78125
230.5,53012.359375,7002.1884765625,56019.9921875,55013.41796875,79015.578125,35011.30078125
230.75,53012.5859375,7002.1826171875,56019.98828125,55013.55859375,78973.609375,35011.29296875
231.0,53012.16796875,7002.19140625,56012.0,55013.3125,79014.9140625,35011.29296875
231.25,53012.40234375,7002.18896484375,56019.9921875,54999.140625,79015.6796875,35011.2890625
231.5,53012.359375,7000.642578125,56019.98828125,55013.37109375,79015.5,35011.28125
231.75,53012.359375,7000.6435546875,56019.984375,55013.33984375,79015.453125,35011.27734375
232.0,55990.1640625,8987.4609375,50910.2421875,53996.3515625,70050.1796875,43943.74609375
232.25,56013.046875,9002.8095703125,51018.2109375,54013.18359375,70013.78125,43999.74609375
232.5,56013.04296875,9002.810546875,51018.20703125,54013.1796875,70013.7734375,43999.75390625
232.75,56013.05859375,9002.8134765625,51018.203125,54013.16796875,70013.8203125,44014.19140625
233.0,56013.06640625,9002.8203125,50997.9375,54013.1875,70013.8125,44014.2265625
233.25,56013.1953125,9002.80859375,51010.9453125,54013.2421875,69976.328125,44014.18359375
233.5,56013.08984375,8999.9541015625,51018.22265625,53999.109375,70013.8671875,44014.203125
233.75,56013.0625,9000.8232421875,51018.203125,54013.12109375,70013.7265625,44014.1796875
234.0,57014.15234375,13000.189453125,50015.2265625,56018.1875,70018.8671875,40020.015625
234.25,56955.40625,12983.771484375,49910.03125,55978.3828125,70013.6171875,39945.00390625
234.5,57013.171875,13004.0537109375,50017.85546875,56013.6875,70013.6640625,40004.53515625
234.75,57013.2890625,13004.0634765625,50017.83203125,56013.640625,70013.8515625,40012.8671875
235.0,57013.2890625,13004.064453125,50017.8515625,56013.66015625,70013.8125,40012.91796875
235.25,57013.2890625,13004.0654296875,50017.84765625,56013.66015625,70013.8046875,40012.9140625
235.5,57013.0859375,13004.0703125,50017.8515625,56013.5625,70013.25,40012.90625
235.75,57013.328125,12999.93359375,50017.8671875,55999.09375,70013.8671875,40012.9140625
236.0,57551.87890625,12813.740234375,48566.828125,58396.1328125,69584.125,40412.171875
236.25,59013.41015625,12003.759765625,44015.71484375,61014.84765625,69013.609375,41013.22265625
236.5,58982.41796875,12003.7685546875,44015.72265625,61014.8671875,69013.734375,41013.21875
236.75,59013.625,12003.7421875,44015.7109375,61014.90625,69013.46875,41004.6328125
237.0,59013.75390625,12003.7509765625,44015.69140625,61014.86328125,69013.6484375,41013.19140625
237.25,59013.7578125,12003.751953125,44015.70703125,61014.8828125,69013.6015625,41013.23828125
237.5,59013.76171875,12003.7529296875,44015.70703125,61014.8828125,69013.6171875,41013.23828125
237.75,59013.5390625,12003.7587890625,44015.7109375,61014.7734375,69013.046875,41013.2265625
238.0,61030.1328125,13996.1787109375,43014.203125,63016.41796875,68052.484375,38017.41796875
238.25,61014.20703125,14001.2861328125,43015.34765625,63015.28125,68013.3046875,38012.24609375
238.5,60984.359375,13982.5166015625,42922.6171875,62975.6171875,68013.0859375,37947.734375
238.75,61014.0859375,14004.365234375,43015.35546875,63015.3984375,68013.265625,38004.30859375
239.0,61014.20703125,14004.3720703125,43015.3515625,63015.37109375,68013.3828125,37999.7734375
239.25,61014.21875,14004.376953125,43015.33984375,63015.34765625,68013.453125,38012.2265625
239.5,61014.22265625,14004.3857421875,42998.26171875,63015.37890625,68013.4140625,38012.28515625
239.75,61014.01171875,14004.3837890625,43015.3515625,63015.265625,68012.8984375,38012.26171875
240.0,60014.27734375,13004.4013671875,44015.84375,59998.140625,69012.5234375,41012.83203125
240.25,60014.03125,12999.9326171875,44015.72265625,59999.0234375,69013.6796875,41013.234375
240.5,60014.01953125,13004.068359375,44015.7109375,60014.60546875,69013.609375,41013.2265625
240.75,59953.08203125,12983.7724609375,43920.828125,59976.80078125,69013.4296875,40943.6015625
241.0,59953.0546875,12983.7666015625,43920.828125,59976.828125,69013.4375,40943.62109375
241.25,60013.98046875,13004.064453125,44015.71484375,60014.65625,69013.59375,40999.7578125
241.5,60013.98828125,13004.064453125,44015.703125,60014.6328125,69013.625,41013.22265625
241.75,60013.98828125,13004.064453125,44015.7109375,60014.63671875,69013.6015625,41013.2421875
242.0,66014.4765625,14003.623046875,38008.08984375,69019.203125,62013.51171875,40014.0859375
242.25,66015.4296875,13999.9296875,38013.578125,68998.890625,62012.296875,40012.91796875
242.5,66015.359375,14001.2861328125,38013.5625,69016.7421875,62012.12109375,40012.890625
242.75,65980.2734375,14004.38671875,38013.578125,69016.8984375,62012.37890625,40012.9296875
243.0,65980.28125,14004.3857421875,38013.58984375,69016.9140625,62012.36328125,40004.53515625
243.25,66015.2265625,14004.3662109375,38013.56640625,69016.859375,62012.0859375,40004.5234375
243.5,66015.3828125,14004.3779296875,38013.5703125,69016.8359375,62012.23046875,40012.921875
243.75,62015.0,12004.162109375,43998.375,68015.5234375,64012.94921875,40012.359375
244.0,62014.2578125,12003.7578125,44009.453125,68016.4765625,64012.16796875,40012.91015625
244.25,62014.5,11999.9365234375,44015.72265625,67998.90625,64012.69921875,40012.91796875
244.5,62014.484375,12003.7578125,44015.7109375,68016.5546875,64012.625,40012.90625
244.75,62014.0859375,12003.759765625,44015.7109375,68016.546875,64012.62109375,40012.8984375
245.0,61984.10546875,11985.01171875,43920.81640625,67973.6953125,64012.32421875,39944.97265625
245.25,62014.3125,12003.7421875,44015.70703125,68016.609375,64012.4921875,40004.51953125
245.5,62014.453125,12003.751953125,44015.69140625,68016.5625,64012.6640625,40012.87109375
245.75,58013.515625,13003.9970703125,49017.34375,63015.3828125,66013.2890625,43014.09375
246.0,58013.52734375,13004.072265625,48998.015625,63015.3828125,66013.015625,43013.90625
246.25,58013.32421875,13004.0703125,49010.51953125,63015.26171875,66012.5078125,43013.875
246.5,58013.5625,12999.9296875,49017.50390625,62997.703125,66013.0546875,43013.87109375
246.75,58013.546875,13004.0703125,49017.49609375,63015.3359375,66013.015625,43013.87109375
247.0,58013.54296875,13004.068359375,49017.4921875,63015.3203125,66013.0,43013.8671875
247.25,57985.13671875,12983.767578125,48911.8203125,62975.62890625,66012.703125,42940.86328125
247.5,58013.50390625,13004.0595703125,49017.4921875,63015.37109375,66012.984375,42999.74609375
247.75,59013.421875,7002.24267578125,49017.34375,61015.12109375,72014.859375,43014.00390625
248.0,59013.76171875,7002.189453125,49017.4921875,61014.8828125,72014.1953125,43013.8828125
248.25,59013.76171875,7002.19287109375,48998.01953125,61014.8984375,72014.2109375,43013.90234375
248.5,59013.546875,7002.1923828125,49017.484375,61014.76953125,72013.6171875,43013.87109375
248.75,59013.78125,6999.96337890625,49017.5,60997.71484375,72014.1875,43013.87109375
249.0,59013.7421875,7002.19287109375,49017.48828125,61014.8046875,72014.0859375,43013.85546875
249.25,59013.78515625,7002.19140625,49017.49609375,61014.8515625,72014.2109375,43013.87109375
249.5,59013.625,7002.18310546875,49017.4921875,61014.90625,72014.0546875,43004.8671875
249.75,57013.27734375,9002.7724609375,52018.28125,60014.60546875,74014.203125,40999.67578125
250.0,57013.2890625,9002.8134765625,52018.55859375,60014.6328125,74014.6171875,41013.22265625
250.25,57013.29296875,9002.8134765625,52018.56640625,60014.640625,74014.6015625,41013.2421875
250.5,57013.52734375,9002.8115234375,51997.89453125,60014.8046875,73975.265625,41013.25
250.75,57013.08203125,9002.818359375,52018.5546875,60014.52734375,74013.9921875,41013.22265625
251.0,57013.32421875,8999.9501953125,52018.5703125,59997.8046875,74014.6171875,41013.2265625
251.25,57013.27734375,9002.818359375,52018.55859375,60014.5625,74014.484375,41013.2109375
251.5,57012.94140625,9002.8193359375,52018.56640625,60014.58984375,74014.5703125,41013.21484375
251.75,59013.73828125,15004.591796875,46016.93359375,64015.44140625,70012.5078125,34010.9609375
252.0,59013.73828125,15004.68359375,46016.421875,64015.6171875,70013.78125,33999.80859375
252.25,59013.7578125,15004.6884765625,46016.41015625,64015.59375,70013.8515625,34010.9375
252.5,59013.91015625,15004.6884765625,45998.1328125,64015.73828125,69976.390625,34010.98828125
252.75,59013.55859375,15004.6953125,46009.87890625,64015.5078125,70013.28125,34010.97265625
253.0,59013.8046875,15004.693359375,46016.4296875,63999.0234375,70013.9140625,34010.98046875
253.25,59013.75,15001.3720703125,46016.41796875,64015.53515625,70013.6953125,34010.95703125
253.5,59013.74609375,15001.3779296875,46016.41796875,64015.51171875,70013.6796875,34010.953125
253.75,57013.359375,17005.3984375,46016.08203125,63015.015625,65012.84765625,41012.80078125
254.0,56982.96484375,17005.32421875,46016.43359375,63015.41796875,65012.9609375,41013.25390625
254.25,57013.28125,17005.314453125,46016.4296875,63015.38671875,65012.80859375,40999.7578125
254.5,57013.28515625,17005.314453125,46016.4140625,63015.35546875,65012.84765625,41013.21484375
254.75,57013.48828125,17005.30078125,46016.41796875,63015.50390625,64978.1953125,41013.234375
255.0,57013.3125,17005.322265625,46016.42578125,62998.97265625,65012.875,41013.23828125
255.25,57013.31640625,16999.91015625,46016.43359375,62997.7109375,65012.86328125,41013.23046875
255.5,57013.28125,16999.908203125,46016.4296875,63015.2890625,65012.734375,41013.2109375
255.75,62014.58984375,19006.05078125,40014.5078125,65015.828125,59011.85546875,45014.265625
256.0,61984.1171875,18976.255859375,39928.015625,64974.92578125,59011.37109375,44938.07421875
256.25,62014.30859375,19005.927734375,40014.2734375,65015.85546875,59011.5234375,45014.54296875
256.5,62014.4375,19005.93359375,40014.28515625,65015.859375,59011.609375,44999.7578125
256.75,62014.453125,19005.943359375,40014.265625,65015.82421875,59011.6796875,45014.4609375
257.0,62014.453125,19005.947265625,40008.59375,65015.78125,59011.61328125,45014.51953125
257.25,62014.48046875,19005.947265625,40014.27734375,64998.94921875,59011.6953125,45014.53125
257.5,62014.4375,19001.736328125,40014.2734375,65015.76171875,59011.52734375,45014.50390625
257.75,-6997.56640625,-1000.2887573242188,-22007.07421875,-7001.68212890625,-20989.609375,-1000.0953369140625
258.0,-6998.306640625,-998.7476196289062,-21957.30078125,-6997.42236328125,-21004.076171875,-998.6282958984375
258.25,-6998.3046875,-998.7472534179688,-21960.3984375,-6997.42236328125,-21004.072265625,-998.6287841796875
258.5,-7001.6240234375,-1000.3130493164062,-22007.85546875,-6999.87744140625,-21004.1484375,-1000.3230590820312
258.75,-7001.625,-1000.3131713867188,-22007.85546875,-7001.69873046875,-21004.1484375,-1000.322998046875
259.0,-7001.626953125,-999.994384765625,-22007.85546875,-7001.701171875,-21004.16015625,-1000.322998046875
259.25,-7001.62744140625,-1000.0919799804688,-22007.857421875,-7001.70068359375,-21004.16015625,-1000.322998046875
259.5,-7001.62744140625,-1000.3134765625,-22007.85546875,-7001.697265625,-21004.150390625,-1000.32275390625
259.75,-7001.572265625,2000.6282958984375,-21007.4921875,-6001.4482421875,-20992.8046875,-4000.439697265625
260.0,-6997.8828125,2000.62744140625,-21007.498046875,-6001.44970703125,-20992.759765625,-4000.44287109375
260.25,-7001.63134765625,2000.6268310546875,-20999.109375,-6001.45458984375,-21004.154296875,-4001.290283203125
260.5,-7001.6240234375,2000.625732421875,-21007.5,-6001.4580078125,-21004.150390625,-4001.29296875
260.75,-7001.6240234375,2000.6259765625,-21007.5,-5999.89501953125,-21004.1484375,-4001.292236328125
261.0,-7001.625,2000.6260986328125,-21007.5,-5999.7783203125,-21004.150390625,-4001.292236328125
261.25,-7001.6259765625,2000.6263427734375,-21007.5,-6001.45703125,-21004.15234375,-4001.2919921875
261.5,-7001.62646484375,2000.18359375,-21007.498046875,-6001.45556640625,-21004.1484375,-4001.291259765625
261.75,-16003.6650390625,-3000.29345703125,-12004.33203125,-9002.1796875,-12002.4560546875,-3000.965576171875
262.0,-15995.171875,-3000.93994140625,-12004.2841796875,-9002.1796875,-12002.365234375,-3000.332275390625
262.25,-16003.732421875,-3000.940673828125,-12004.2861328125,-9002.18359375,-12002.3818359375,-3000.96826171875
262.5,-15996.1220703125,-2996.245849609375,-11976.7099609375,-8996.6796875,-12002.3271484375,-2995.88720703125
262.75,-15996.115234375,-2996.24462890625,-11976.7099609375,-8996.6826171875,-12002.326171875,-2995.888427734375
263.0,-16003.71484375,-3000.938720703125,-12004.28515625,-9002.1865234375,-12002.3720703125,-3000.969482421875
263.25,-16003.71484375,-3000.939208984375,-12004.28515625,-8999.6650390625,-12002.3681640625,-3000.96875
263.5,-16003.7177734375,-3000.939453125,-12004.28515625,-9002.18359375,-12002.37109375,-3000.968505859375
263.75,-12002.7978515625,-4000.3486328125,-15005.3544921875,-8001.9453125,-15002.9384765625,2000.6490478515625
264.0,-12002.791015625,-4001.253662109375,-15005.3564453125,-8001.93994140625,-15002.9638671875,2000.6453857421875
264.25,-11996.3798828125,-4001.253662109375,-15005.35546875,-8001.93798828125,-15002.9580078125,2000.2215576171875
264.5,-11996.3720703125,-4001.25439453125,-15005.35546875,-8001.93408203125,-14994.8330078125,2000.22119140625
264.75,-12002.8017578125,-4001.254150390625,-14999.365234375,-8001.93994140625,-15002.984375,2000.6451416015625
265.0,-12002.78515625,-4001.251953125,-15005.357421875,-8001.9443359375,-15002.96484375,2000.646484375
265.25,-12002.78515625,-4001.251708984375,-15005.3564453125,-8001.94384765625,-15002.96484375,2000.646240234375
265.5,-12002.7861328125,-4001.25244140625,-15005.35546875,-8001.94140625,-15002.962890625,2000.6458740234375
265.75,-7001.63671875,-3000.932861328125,-21007.41796875,-8001.94482421875,-20003.9453125,1000.3218994140625
266.0,-7001.6279296875,-3000.27587890625,-21007.5,-8001.9443359375,-20003.962890625,1000.3229370117188
266.25,-7001.62744140625,-3000.9404296875,-21007.5,-8001.93994140625,-20003.953125,1000.3226318359375
266.5,-6997.888671875,-3000.940673828125,-21007.498046875,-8001.93798828125,-20003.94921875,1000.1107177734375
266.75,-6997.88916015625,-3000.9404296875,-21007.498046875,-8001.93798828125,-20003.94921875,999.9937744140625
267.0,-6998.30810546875,-2996.2431640625,-20962.19921875,-7997.0498046875,-20003.876953125,998.6289672851562
267.25,-6998.3046875,-2996.241943359375,-20962.19921875,-7997.05322265625,-20003.87890625,998.6293334960938
267.5,-7001.6240234375,-3000.939208984375,-21007.498046875,-7999.85986328125,-20003.94921875,1000.322998046875
267.75,-13002.9931640625,-5001.57470703125,-14005.0576171875,-11999.5498046875,-16003.15625,2000.6483154296875
268.0,-13003.021484375,-4999.97119140625,-14004.998046875,-12002.9150390625,-16003.16796875,2000.64599609375
268.25,-13003.021484375,-5001.5673828125,-14004.9990234375,-12002.9111328125,-16003.1611328125,2000.6455078125
268.5,-13003.0224609375,-5001.5673828125,-14005.0,-12002.91015625,-16003.162109375,2000.6455078125
268.75,-13002.9423828125,-5001.5673828125,-14004.9990234375,-12002.9091796875,-16003.162109375,2000.645263671875
269.0,-12996.078125,-5001.56689453125,-14004.998046875,-12002.90625,-16003.1552734375,2000.2215576171875
269.25,-13003.03515625,-5001.5673828125,-13999.4072265625,-12002.91015625,-16003.18359375,2000.644775390625
269.5,-13003.0166015625,-5001.56494140625,-14005.0,-12002.9169921875,-16003.1630859375,2000.646484375
269.75,-7001.60595703125,-1000.3146362304688,-21007.431640625,-6999.8779296875,-23004.689453125,-4001.28515625
270.0,-7001.62451171875,-1000.3131103515625,-21007.498046875,-7001.69873046875,-23004.54296875,-4001.291748046875
270.25,-7001.6259765625,-1000.3131713867188,-21007.5,-7001.69970703125,-23004.548828125,-4001.2919921875
270.5,-7001.62646484375,-1000.0919799804688,-21007.498046875,-7001.6982421875,-23004.546875,-4001.291015625
270.75,-7001.62744140625,-1000.3134765625,-21007.5,-7001.697265625,-23004.544921875,-4001.29052734375
271.0,-7001.6279296875,-1000.3134765625,-21007.5,-7001.697265625,-23004.546875,-4001.290771484375
271.25,-6997.88232421875,-1000.3136596679688,-21007.498046875,-7001.69140625,-22992.068359375,-3999.97607421875
271.5,-6998.30859375,-998.7481079101562,-20962.19921875,-6997.4208984375,-23004.4609375,-3994.515869140625
271.75,-14003.2802734375,2000.622314453125,-16005.7353515625,-9002.189453125,-20004.03515625,-5001.61376953125
272.0,-14003.2490234375,2000.625732421875,-16005.712890625,-9002.1865234375,-20003.953125,-5001.61572265625
272.25,-14003.251953125,2000.6260986328125,-16005.7138671875,-9002.1845703125,-20003.951171875,-5001.61474609375
272.5,-14003.2529296875,2000.626220703125,-16005.7138671875,-9002.185546875,-20003.95703125,-5001.615234375
272.75,-14003.2548828125,1999.9886474609375,-16005.71484375,-9002.185546875,-20003.958984375,-5001.6142578125
273.0,-14003.2548828125,2000.1842041015625,-16005.7138671875,-9002.1826171875,-20003.953125,-5001.61376953125
273.25,-14003.16796875,2000.6268310546875,-16005.712890625,-9002.181640625,-20003.953125,-5001.6123046875
273.5,-14003.265625,2000.626953125,-15999.32421875,-9002.1826171875,-20003.958984375,-5001.61376953125
273.75,-13003.021484375,4001.26318359375,-18003.875,-10002.4228515625,-17003.35546875,-13004.1845703125
274.0,-12996.8466796875,3994.9951171875,-17967.599609375,-9996.3154296875,-17003.296875,-12982.185546875
274.25,-13003.017578125,4001.25146484375,-18006.427734375,-10002.4296875,-17003.359375,-13004.2001953125
274.5,-13003.01953125,4001.251953125,-18006.427734375,-10002.4287109375,-17003.361328125,-13004.19921875
274.75,-13003.021484375,4001.252197265625,-18006.427734375,-10002.4296875,-17003.36328125,-13004.19921875
275.0,-13003.0224609375,3999.978271484375,-18006.4296875,-10002.42578125,-17003.359375,-13004.1953125
275.25,-13002.94140625,4001.253662109375,-18006.427734375,-10002.4248046875,-17003.359375,-13004.1943359375
275.5,-12996.0869140625,4001.252685546875,-18006.42578125,-10002.4248046875,-17003.380859375,-12999.919921875
275.75,-10002.3203125,0.0,-19006.796875,-9002.1826171875,-11995.9580078125,-13999.916015625
276.0,-9997.5751953125,0.0,-18965.798828125,-8996.67578125,-12002.326171875,-13980.8095703125
276.25,-10002.3212890625,0.0,-19006.78515625,-9002.1875,-12002.3720703125,-14004.5244140625
276.5,-10002.3212890625,0.0,-19006.78515625,-9002.1865234375,-12002.373046875,-14004.5234375
276.75,-10002.3212890625,0.0,-19006.78515625,-8999.841796875,-12002.3701171875,-14004.5224609375
277.0,-10002.3232421875,0.0,-19006.78515625,-9002.1845703125,-12002.37109375,-14004.5205078125
277.25,-10002.3251953125,0.0,-19006.78515625,-9002.18359375,-12002.3720703125,-14004.5185546875
277.5,-10002.3251953125,0.0,-19006.78515625,-9002.18359375,-12002.37109375,-14004.5185546875
277.75,-7997.58251953125,-1000.3143310546875,-23008.166015625,-6001.46044921875,-11002.2705078125,-18001.96875
278.0,-8001.8662109375,-1000.313720703125,-23004.978515625,-6001.45556640625,-11002.185546875,-18005.8046875
278.25,-7998.056640625,-998.7489624023438,-22958.599609375,-5997.77978515625,-11002.1328125,-17975.337890625
278.5,-7998.0537109375,-998.7484130859375,-22958.595703125,-5997.7822265625,-11002.1328125,-17975.34375
278.75,-8001.85791015625,-1000.3129272460938,-23008.212890625,-6001.4580078125,-11002.1748046875,-18005.814453125
279.0,-8001.8583984375,-1000.3130493164062,-23008.212890625,-5999.89453125,-11002.1728515625,-18005.8125
279.25,-8001.85888671875,-1000.3131103515625,-23008.21484375,-5999.77783203125,-11002.173828125,-18005.8125
279.5,-8001.85986328125,-999.994384765625,-23008.212890625,-6001.45654296875,-11002.17578125,-18005.810546875
279.75,-8001.87646484375,-1000.0892944335938,-19006.822265625,-8001.9326171875,-16003.0234375,-10003.240234375
280.0,-7997.58203125,-1000.3135986328125,-19006.783203125,-8001.9345703125,-15994.4912109375,-10001.1064453125
280.25,-8001.85791015625,-1000.3137817382812,-19006.78515625,-8001.93505859375,-15994.4990234375,-9999.939453125
280.5,-8001.8623046875,-1000.313720703125,-19004.11328125,-8001.94091796875,-16003.162109375,-10003.2275390625
280.75,-7998.05810546875,-998.7481689453125,-18965.798828125,-7997.04833984375,-16003.1025390625,-9986.2958984375
281.0,-8001.857421875,-1000.31298828125,-19006.78515625,-8001.943359375,-16003.162109375,-10003.23046875
281.25,-8001.85693359375,-1000.31298828125,-19006.78515625,-7999.85986328125,-16003.16015625,-10003.23046875
281.5,-8001.859375,-1000.3131713867188,-19006.78515625,-8001.9423828125,-16003.1650390625,-10003.228515625
281.75,51012.9453125,10003.0810546875,53999.640625,53008.61328125,71999.9140625,39013.3125
282.0,51011.9375,10003.126953125,54019.27734375,52999.15625,72014.2734375,39012.5859375
282.25,51011.9140625,10003.126953125,54019.265625,52998.05078125,72014.21875,39012.57421875
282.5,51011.89453125,10000.91796875,54019.26953125,53012.85546875,72014.09375,39012.56640625
282.75,50960.08203125,9987.521484375,53902.8359375,52979.5234375,72014.0,38946.34765625
283.0,50987.109375,9987.5048828125,53902.8125,52979.51953125,72013.75,38946.359375
283.25,51011.87890625,10003.12109375,54019.2890625,53012.94921875,72014.1640625,39004.42578125
283.5,51011.89453125,10003.1259765625,54019.26953125,53012.91796875,72014.21875,39012.57421875
283.75,55012.703125,10003.1376953125,52018.55078125,54013.13671875,70013.5,44014.23046875
284.0,55013.046875,10003.119140625,52018.55859375,54013.3046875,69976.5859375,44014.19921875
284.25,55012.6328125,10003.130859375,52011.16015625,54013.07421875,70013.25,44014.19921875
284.5,55012.8515625,10000.9140625,52018.5625,53998.046875,70013.859375,44014.203125
284.75,55012.8515625,10003.1318359375,52018.56640625,54013.14453125,70013.8046875,44014.19140625
285.0,55012.48828125,10003.1328125,52018.5703125,54013.12109375,70013.7734375,44014.1875
285.25,54956.94921875,9987.513671875,51906.43359375,53979.15234375,70013.6171875,43939.48046875
285.5,55012.8203125,10003.125,52018.57421875,54013.19921875,70013.7890625,43999.75
285.75,55012.75,9002.8251953125,51018.13671875,54013.1796875,72014.234375,39012.52734375
286.0,55012.87109375,9002.8134765625,51018.203125,54013.1953125,72014.3125,39012.58984375
286.25,55013.04296875,9002.8115234375,50997.93359375,54013.3203125,71975.9140625,39012.60546875
286.5,55012.8515625,9002.8173828125,51018.19921875,53999.11328125,72014.2578125,39012.58203125
286.75,55012.87109375,8999.94921875,51018.21875,53999.1640625,72014.2890625,39012.58984375
287.0,55012.5,9002.8193359375,51018.2109375,54013.14453125,72014.203125,39012.578125
287.25,54956.96484375,8988.7685546875,50908.23046875,53979.12890625,72014.0078125,38946.35546875
287.5,55012.8125,9002.8095703125,51018.20703125,54013.1875,72014.1796875,39004.41015625
287.75,55012.6953125,12003.7578125,51018.1796875,55013.484375,67013.6328125,38999.78515625
288.0,55012.82421875,12003.751953125,51018.20703125,55013.4140625,67013.2109375,39012.59375
288.25,55012.63671875,12003.765625,50997.9453125,55013.34765625,67012.7109375,39012.6171875
288.5,55012.640625,12003.755859375,51010.9453125,55013.32421875,67012.7109375,39012.5859375
288.75,55012.86328125,12003.751953125,51018.19921875,54999.14453125,67013.296875,39012.58203125
289.0,55012.85546875,12001.0986328125,51018.20703125,55013.390625,67013.21875,39012.58203125
289.25,55012.49609375,12003.7587890625,51018.2109375,55013.3828125,67013.2109375,39012.57421875
289.5,54957.0,11985.0263671875,50908.234375,54978.76171875,67013.0390625,38946.3515625
289.75,141034.875,31999.9765625,130053.2421875,145027.21875,170994.53125,96033.8046875
290.0,141034.421875,32009.869140625,130027.578125,145036.5,170945.0625,96030.921875
290.25,141034.390625,32009.892578125,130046.2890625,145036.484375,170945.015625,96030.8984375
290.5,141033.09375,32009.990234375,130046.3984375,145035.5625,171033.640625,96030.984375
290.75,141033.25,32009.98828125,130046.5,144998.40625,171034.140625,96010.96875
291.0,141033.1875,32009.990234375,130046.46875,144995.078125,171033.828125,95999.5390625
291.25,141033.140625,32009.998046875,130046.3828125,145035.484375,171033.796875,96030.875
291.5,140958.625,32010.064453125,130046.4921875,145035.71875,171034.53125,96030.953125
291.75,140888.734375,31960.236328125,131762.640625,145940.1875,171034.125,92871.6015625
292.0,141033.015625,31999.80859375,132047.125,146035.78125,171033.546875,93030.03125
292.25,141033.03125,32002.91015625,131994.953125,146036.0,171033.65625,93030.1796875
292.5,141032.953125,32010.017578125,132047.125,146035.453125,171033.328125,93030.03125
292.75,141032.953125,32010.017578125,132047.125,146035.453125,171033.328125,93030.0234375
293.0,141033.125,32009.990234375,132047.171875,145994.921875,171033.625,92999.5234375
293.25,141033.1875,32009.990234375,132047.1875,145995.109375,171033.859375,92999.5859375
293.5,141033.125,32009.99609375,132047.09375,146035.71875,171033.765625,93029.90625
293.75,139032.296875,36011.265625,133047.625,143035.296875,167033.96875,95030.8203125
294.0,139031.859375,36011.171875,133047.421875,143035.09375,167032.125,95030.7109375
294.25,139032.515625,36003.1796875,133047.390625,143035.03125,167032.71875,95030.703125
294.5,139031.328125,36011.21875,133028.25,143034.5625,167029.5625,95030.6875
294.75,139032.453125,36011.24609375,133047.375,143034.65625,167032.5,95030.609375
295.0,139032.640625,36011.234375,133047.53125,142995.03125,167032.875,95010.8125
295.25,139032.46875,36011.2421875,133047.515625,143034.9375,167032.296875,95010.734375
295.5,139032.640625,36011.25,133047.421875,143034.96875,167033.015625,95030.46875
295.75,140033.03125,36011.2578125,132047.125,144035.171875,166033.0625,99031.8125
296.0,140031.953125,36011.2578125,132047.140625,144035.25,166032.640625,99031.921875
296.25,139958.765625,36011.2890625,132047.203125,144035.59375,166033.53125,99032.0078125
296.5,140034.125,36011.10546875,132027.953125,144036.21875,165946.5625,99031.90625
296.75,140031.546875,36011.25,132047.0625,144034.796875,166029.40625,99031.9453125
297.0,140032.703125,36011.26953125,132047.125,144034.96875,166032.328125,99031.96875
297.25,140033.015625,36011.23828125,132047.140625,143998.34375,166033.234375,99032.03125
297.5,140032.9375,36011.23046875,132047.1875,143995.171875,166032.875,99011.28125
297.75,121027.4375,28008.671875,114039.5234375,124031.4609375,148030.140625,87027.59375
298.0,121028.3828125,28008.75390625,114040.6953125,124030.34375,148029.125,87028.0546875
298.25,121028.3984375,28008.7578125,114040.703125,124030.3359375,148029.125,87028.0546875
298.5,121028.6953125,28002.4296875,114024.203125,123999.1875,147952.390625,87028.1015625
298.75,121028.1328125,28008.671875,114040.6171875,123996.03125,147951.015625,87028.0546875
299.0,121027.578125,28008.732421875,114040.625,124029.8046875,148027.84375,87028.03125
299.25,121028.2578125,28008.728515625,114040.65625,124030.2109375,148028.859375,87028.0546875
299.5,121028.359375,28008.75,114040.640625,124030.3046875,148029.234375,87027.921875
299.75,124029.0234375,27008.421875,113040.2265625,123030.03125,148028.578125,89028.6640625
300.0,124029.0703125,27008.439453125,113040.3359375,123030.1171875,148029.125,89028.7109375
300.25,124029.0859375,27008.44140625,113040.34375,123030.109375,148029.125,89028.703125
300.5,123967.8671875,26957.83203125,112752.078125,122950.234375,148028.328125,88877.359375
300.75,124029.015625,27002.40234375,113024.0078125,123030.1640625,148029.109375,89028.7265625
301.0,123964.078125,27008.431640625,113040.390625,122996.34375,147951.84375,89028.7578125
301.25,124027.375,27008.423828125,113040.28125,123029.546875,148025.546875,89028.7265625
301.5,124029.046875,27008.427734375,113040.40625,123030.2421875,148029.03125,89010.1640625
301.75,122028.5625,27008.439453125,116041.6953125,122030.0546875,148029.46875,86999.6640625
302.0,122028.578125,27008.439453125,116041.3515625,122029.8203125,148029.21875,87027.90625
302.25,122028.609375,27008.4375,116041.375,122029.8125,148029.1875,87027.9765625
302.5,122028.625,27008.443359375,116041.4140625,122029.8515625,148029.125,87028.0546875
302.75,122028.625,27008.443359375,116041.4140625,122029.84375,148029.125,87028.0546875
303.0,122028.5390625,27002.451171875,115995.53125,122030.0390625,148029.140625,87028.234375
303.25,122028.34375,27008.357421875,116041.3125,121996.140625,147951.03125,87028.0546875
303.5,122027.8125,27008.419921875,116041.34375,122029.328125,148027.84375,87028.03125
303.75,122028.53125,27008.416015625,117041.6875,121029.5,148029.03125,88028.390625
304.0,122028.5859375,27008.43359375,117041.8125,121029.7109375,148029.046875,87999.546875
304.25,122028.578125,27008.4375,117041.703125,121029.5703125,148029.21875,88028.2421875
304.5,122028.609375,27008.4375,117041.734375,121029.578125,148029.1875,88028.296875
304.75,122028.609375,27008.44140625,117041.765625,121029.6171875,148029.140625,88028.3828125
305.0,121968.390625,26957.8359375,116743.3203125,120951.09375,148028.34375,87878.6953125
305.25,122028.5390625,27002.451171875,116995.5,121029.796875,148029.140625,88028.5546875
305.5,122028.75,27008.341796875,117041.6640625,120996.390625,147952.0625,88028.3671875
305.75,122963.3046875,28008.814453125,117041.875,120029.0390625,144026.9375,93029.9921875
306.0,123028.7421875,28008.72265625,117041.78125,120029.421875,144028.1875,93010.5859375
306.25,123028.7890625,28008.740234375,117041.8125,120029.484375,144028.28125,93010.578125
306.5,123028.8203125,28008.751953125,117041.7109375,120029.328125,144028.46875,93029.8203125
306.75,123028.828125,28008.75,117041.734375,120029.328125,144028.40625,93029.90625
307.0,123028.8515625,28008.755859375,117041.7734375,120029.359375,144028.34375,93029.9921875
307.25,123028.859375,28008.7578125,117041.7734375,120029.359375,144028.328125,93029.9921875
307.5,123028.875,28002.541015625,116995.515625,119998.6640625,144028.75,93030.234375
307.75,120028.09375,27008.3359375,119025.203125,118996.546875,146952.515625,91029.4765625
308.0,119963.640625,27008.498046875,119042.53125,119028.7421875,147027.03125,91029.359375
308.25,120028.0390625,27008.4140625,119042.421875,119028.9921875,147028.65625,91029.3515625
308.5,120028.125,27008.4375,119042.5234375,119029.1953125,147028.84375,90999.4921875
308.75,120028.1328125,27008.4375,119042.453125,119029.09375,147029.0,91029.2734375
309.0,117969.46875,26966.380859375,120782.3203125,117952.2109375,148028.296875,90874.4296875
309.25,117965.078125,27008.4921875,121043.2734375,118028.7890625,148029.59375,91029.40625
309.5,118027.6171875,27008.4296875,121043.25,118028.9921875,148029.078125,91010.3515625
309.75,118027.6484375,27008.4296875,121043.2421875,118028.9765625,148029.046875,91010.3359375
310.0,118027.6484375,27008.4375,121043.1328125,118028.828125,148029.21875,91029.1796875
310.25,118027.671875,27008.435546875,121043.15625,118028.84375,148029.1875,91029.265625
310.5,118027.6875,27008.44140625,121043.203125,118028.8671875,148029.125,91029.34375
310.75,122028.640625,26008.142578125,118042.2265625,122029.78125,145028.15625,89028.5703125
311.0,122028.6484375,26002.361328125,117995.484375,121998.640625,145028.96875,89028.9375
311.25,122028.4453125,26008.046875,118025.078125,121996.234375,144952.15625,89028.734375
311.5,121963.921875,26008.1796875,118042.1953125,122029.7734375,145029.03125,89028.765625
311.75,122028.546875,26008.12109375,118042.125,122029.90625,145028.546875,89028.7421875
312.0,122028.5859375,26008.1171875,118042.171875,122029.9609375,145028.46875,89010.109375
312.25,122028.5703125,26008.125,118042.1484375,122029.9296875,145028.453125,88999.5390625
312.5,122028.609375,26008.12890625,118042.1171875,122029.859375,145028.546875,89028.7109375
312.75,121028.3671875,27008.43359375,119042.4296875,122029.875,146028.671875,88028.390625
313.0,120968.671875,26957.802734375,118785.9609375,121950.6640625,146027.953125,87878.5625
313.25,121029.328125,27008.341796875,119025.21875,121996.3125,145952.6875,88028.3828125
313.5,121026.6484375,27008.419921875,119025.3046875,121995.359375,146026.46875,88028.4609375
313.75,120964.21875,27008.4921875,119042.5625,122029.7734375,146029.21875,88028.4375
314.0,121028.328125,27008.43359375,119042.484375,122029.890625,146028.71875,88028.40625
314.25,121028.34375,27008.43359375,119042.53125,122029.9609375,146028.671875,87999.546875
314.5,121028.3359375,27008.4375,119042.5078125,122029.921875,146028.625,87999.546875
314.75,121028.328125,28008.740234375,118042.171875,123030.09375,147028.859375,87028.0078125
315.0,121028.375,28008.75390625,118042.125,123030.1015625,147028.9375,87028.0625
315.25,120968.6640625,27956.244140625,117787.7578125,122950.25,147028.140625,86879.9453125
315.5,121028.6328125,27999.873046875,117995.546875,122998.765625,147029.90625,87028.265625
315.75,121026.6484375,28008.73046875,118025.1015625,122995.3203125,147026.65625,87028.140625
316.0,120964.2265625,28008.802734375,118042.203125,123030.0703125,147029.46875,87028.1171875
316.25,121028.296875,28008.724609375,118042.078125,123030.078125,147028.859375,87028.1015625
316.5,121028.3515625,28008.7421875,118042.171875,123030.2109375,147028.859375,87009.8671875
316.75,123028.7734375,28008.763671875,113040.5546875,125030.59375,145028.0625,84999.4765625
317.0,123028.84375,28008.75390625,113040.3359375,125030.5859375,145028.53125,85027.4140625
317.25,123028.859375,28008.755859375,113040.34375,125030.578125,145028.546875,85027.4140625
317.5,123028.8515625,28008.7578125,113040.34375,125030.578125,145028.546875,85027.4140625
317.75,123029.890625,28002.48828125,112995.6484375,124999.296875,144953.28125,85027.609375
318.0,122963.453125,28008.80859375,113040.375,125030.265625,145028.53125,85027.3984375
318.25,122963.71875,28008.78515625,113040.4140625,125030.78125,145029.265625,85027.46875
318.5,123028.796875,28008.744140625,113040.3359375,125030.6328125,145028.53125,85027.4375
318.75,125029.21875,28008.755859375,109039.078125,128031.4765625,142027.84375,86009.7109375
319.0,125029.2734375,28008.748046875,109038.953125,128031.4140625,142027.84375,85999.546875
319.25,125029.3046875,28008.751953125,109038.8828125,128031.28125,142028.0,86027.6640625
319.5,125029.3125,28008.755859375,109038.90625,128031.3203125,142027.953125,86027.734375
319.75,125029.34375,27999.853515625,109038.9609375,128031.3125,142027.96875,86027.71875
320.0,125027.5078125,28008.734375,109023.1796875,127995.046875,142025.6875,86027.8046875
320.25,125027.5390625,28008.748046875,109038.859375,127995.1484375,142025.84375,86027.8046875
320.5,125028.703125,28008.70703125,109038.8828125,128031.3359375,142027.4375,86027.7890625
320.75,123028.671875,26008.126953125,110038.9453125,124030.34375,146029.125,88028.3359375
321.0,123028.8125,26008.119140625,110039.328125,124030.4921875,146028.625,88010.0625
321.25,123028.8125,26008.125,110039.3046875,124030.4375,146028.625,87999.5390625
321.5,123028.84375,26008.12890625,110039.171875,124030.21875,146028.921875,88028.0859375
321.75,123028.84375,26008.130859375,110039.265625,124030.34375,146028.734375,88028.3828125
322.0,122968.09375,25961.82421875,109802.09375,123949.84375,146027.921875,87878.5546875
322.25,123028.890625,26002.361328125,109995.7734375,123998.640625,146029.171875,88028.609375
322.5,123027.125,26008.123046875,110023.421875,123995.3359375,146026.53125,88028.4609375
322.75,122028.4453125,27008.439453125,113040.2890625,123029.9921875,146028.640625,84027.078125
323.0,122028.5625,27008.43359375,113040.34375,123030.140625,146028.71875,84027.1171875
323.25,122028.5703125,27008.435546875,113040.375,123030.203125,146028.640625,83999.5625
323.5,122028.609375,27008.439453125,113040.3046875,123030.046875,146028.796875,84027.0078125
323.75,122028.609375,27008.44140625,113040.3359375,123030.1015625,146028.734375,84027.09375
324.0,122028.625,27008.4453125,113040.34375,123030.0859375,146028.75,84027.0859375
324.25,121968.3828125,26957.791015625,112796.75,122950.2578125,146027.96875,83884.0625
324.5,121963.0703125,27008.484375,113040.34375,123029.765625,146027.0,84027.0703125
324.75,45011.0078125,9002.8642578125,45016.74609375,44011.03515625,56982.9140625,31010.125
325.0,45010.625,9002.8076171875,45016.0625,44010.8125,56980.82421875,31010.0078125
325.25,45010.48828125,9002.8154296875,45009.66015625,43998.36328125,57011.23828125,31010.00390625
325.5,45010.48828125,9002.8173828125,45016.0703125,44010.69921875,57011.22265625,31010.001953125
325.75,45010.49609375,8999.951171875,45016.0703125,44010.6953125,57011.21484375,31009.99609375
326.0,45010.50390625,9000.8271484375,45016.06640625,44010.70703125,57011.24609375,31010.001953125
326.25,45010.5078125,9002.8193359375,45016.06640625,44010.703125,57011.2421875,31009.998046875
326.5,45010.1953125,9002.8115234375,45016.078125,44010.75,57011.234375,31003.51171875
326.75,44986.50390625,13004.083984375,43015.30859375,45011.01171875,57011.40234375,27999.82421875
327.0,45010.41796875,13004.05859375,43015.33203125,45010.94921875,57011.1953125,28009.013671875
327.25,45010.62109375,13004.0556640625,43015.34765625,45011.0546875,56980.82421875,28009.0390625
327.5,45010.5078125,12999.9287109375,43015.36328125,45010.953125,57011.25390625,28009.03125
327.75,45010.50390625,13004.0673828125,43015.3515625,45010.9453125,57011.2421875,28009.033203125
328.0,45010.4921875,13004.068359375,43015.3515625,45010.9375,57011.2109375,28009.03125
328.25,45010.50390625,13001.193359375,43015.34765625,45010.94921875,57011.24609375,28009.033203125
328.5,45010.50390625,13004.068359375,43015.3515625,45010.9453125,57011.2421875,28009.03125
328.75,44988.79296875,10986.2392578125,42922.7109375,43983.12890625,57010.9375,31956.046875
329.0,44986.53125,11003.443359375,43015.37109375,44010.76953125,57011.32421875,32003.623046875
329.25,45010.6171875,11003.4296875,43015.33203125,44010.78125,56980.85546875,32010.294921875
329.5,45010.62109375,11003.431640625,43015.3515625,44010.80859375,56980.82421875,32010.33203125
329.75,45010.48828125,11003.44921875,42998.25390625,43998.3828125,57011.23828125,32010.34765625
330.0,45010.48828125,11003.443359375,43015.3515625,44010.69921875,57011.22265625,32010.32421875
330.25,45010.4921875,10999.939453125,43015.35546875,44010.6953125,57011.2109375,32010.318359375
330.5,45010.50390625,11001.0107421875,43015.34765625,44010.70703125,57011.2421875,32010.32421875
330.75,47010.953125,13004.076171875,40014.20703125,48011.67578125,53010.453125,32010.298828125
331.0,46988.29296875,12983.7578125,39928.01171875,47981.59765625,53010.22265625,31955.99609375
331.25,46985.91796875,13004.0693359375,40014.296875,48011.74609375,53010.53515625,32003.625
331.5,47010.875,13004.05859375,40014.26953125,48011.6875,53010.390625,32010.31640625
331.75,47011.08984375,13004.056640625,40014.28125,48011.7890625,52982.15625,32010.33203125
332.0,47010.95703125,13004.0673828125,40008.58984375,47998.203125,53010.44921875,32010.328125
332.25,47010.94140625,13004.0654296875,40014.2734375,48011.65234375,53010.39453125,32010.3125
332.5,47010.96875,13001.193359375,40014.28125,48011.68359375,53010.45703125,32010.326171875
332.75,48011.25390625,12001.1044921875,37013.1484375,51012.359375,59011.6328125,28008.9921875
333.0,48011.2109375,12003.7587890625,37013.2109375,51012.40625,59011.640625,28009.029296875
333.25,47987.72265625,11985.0087890625,36933.41015625,50980.4140625,59011.37890625,27961.513671875
333.5,48011.10546875,12003.74609375,37013.1953125,51012.4140625,59011.58203125,28009.01953125
333.75,48011.1796875,12003.7490234375,37013.1953125,51012.41015625,59011.65625,28009.013671875
334.0,48011.3359375,12003.7490234375,36998.49609375,51012.546875,58980.16796875,28009.048828125
334.25,48011.08984375,12003.755859375,37007.953125,50999.140625,59011.390625,28009.044921875
334.5,48011.203125,12003.755859375,37013.2109375,51012.421875,59011.6484375,28009.037109375
334.75,50011.70703125,11999.9345703125,35012.47265625,54013.12109375,60011.875,27008.69921875
335.0,50011.671875,12003.7578125,35012.49609375,54013.140625,60011.83203125,27008.708984375
335.25,50011.6796875,12003.7587890625,35012.49609375,54013.13671875,60011.83984375,27008.70703125
335.5,49985.02734375,12003.7568359375,35012.5078125,54013.21484375,60011.9375,26999.83984375
335.75,49985.02734375,12003.7578125,35012.5078125,54013.20703125,60011.9375,26999.84765625
336.0,50011.64453125,12003.748046875,35012.48828125,54013.15234375,60011.83203125,27008.712890625
336.25,50011.80859375,12003.748046875,34998.57421875,54013.28515625,59979.83203125,27008.7265625
336.5,50011.66796875,12003.7529296875,35012.49609375,53998.01953125,60011.85546875,27008.7109375
336.75,52012.12890625,9002.8017578125,32011.42578125,53998.06640625,57011.1796875,30009.708984375
337.0,52012.13671875,8999.951171875,32011.431640625,54013.15234375,57011.2578125,30009.6796875
337.25,52012.13671875,9002.8173828125,32011.423828125,54013.14453125,57011.25,30009.6796875
337.5,51987.03515625,8988.7548828125,31942.41015625,53979.2265625,57010.98828125,29958.74609375
337.75,51986.6875,8988.751953125,31942.408203125,53979.25,57010.98828125,29958.759765625
338.0,51984.4296875,9002.8193359375,32011.4375,54013.2109375,57011.33984375,29999.82421875
338.25,52012.109375,9002.8125,32011.412109375,54013.140625,57011.26171875,30009.662109375
338.5,52011.9765625,9002.8173828125,32006.865234375,54013.09765625,57010.90625,30009.685546875
338.75,49011.37890625,10003.1240234375,36007.84375,51998.15234375,50009.96484375,36011.71875
339.0,49011.4296875,10003.1279296875,36012.84765625,52012.66015625,50009.87890625,36011.6171875
339.25,49011.43359375,10000.91796875,36012.8515625,52012.65625,50009.86328125,36011.6171875
339.5,49011.4375,10003.1328125,36012.85546875,52012.6484375,50009.86328125,36011.61328125
339.75,49011.44140625,10003.1328125,36012.85546875,52012.6484375,50009.86328125,36011.61328125
340.0,48987.78515625,9987.4990234375,35935.2109375,51980.07421875,50009.6484375,35950.47265625
340.25,48985.32421875,10003.1318359375,36012.859375,52012.7109375,50009.953125,36011.63671875
340.5,49011.54296875,10003.119140625,36012.8359375,52012.73046875,49983.16015625,36011.58203125
340.75,42009.8671875,11003.4619140625,46016.48046875,49012.00390625,55981.0703125,35011.24609375
341.0,42009.7890625,11003.44921875,45998.1328125,48998.1953125,56011.04296875,35011.3203125
341.25,42009.77734375,11003.439453125,46016.41015625,49011.88671875,56010.98046875,35011.28125
341.5,42009.8046875,11001.0087890625,46016.41796875,49011.921875,56011.046875,35011.29296875
341.75,42009.8046875,11003.4423828125,46016.421875,49011.91796875,56011.046875,35011.2890625
342.0,41989.546875,10986.263671875,45917.21875,48981.19921875,56010.80078125,34951.85546875
342.25,41989.53125,10986.2587890625,45917.21484375,48981.21875,56010.80078125,34951.87109375
342.5,41987.41015625,11003.4423828125,46016.44140625,49011.98828125,56011.12109375,35003.96484375
342.75,45986.15625,17005.322265625,40014.21875,49011.98828125,48009.484375,36999.80078125
343.0,46010.71484375,17005.330078125,39998.37890625,48998.18359375,48009.46484375,37011.96484375
343.25,46010.72265625,17005.318359375,40008.58984375,48998.19140625,48009.4765625,37011.94140625
343.5,46010.72265625,17005.31640625,40014.27734375,49011.92578125,48009.4765625,37011.9375
343.75,46010.734375,16999.908203125,40014.2890625,49011.92578125,48009.47265625,37011.93359375
344.0,46010.73046875,17005.3203125,40014.27734375,49011.91796875,48009.46875,37011.9375
344.25,46010.73828125,17005.32421875,40014.28125,49011.91796875,48009.47265625,37011.93359375
344.5,45988.56640625,16978.76171875,39928.01171875,48981.23828125,48009.2578125,36949.109375
344.75,47010.90625,16004.994140625,43015.390625,46011.25,44008.609375,41004.66796875
345.0,47011.01953125,16004.986328125,43015.33203125,45999.34375,43985.17578125,41013.19921875
345.25,47010.83203125,16005.013671875,42998.2578125,45998.28125,44008.4609375,41013.265625
345.5,47010.9296875,16005.0068359375,43009.2265625,46011.13671875,44008.625,41013.22265625
345.75,47010.953125,16005.00390625,43015.34375,46011.18359375,44008.671875,41013.2265625
346.0,47010.96875,15999.9130859375,43015.36328125,46011.1953125,44008.68359375,41013.2265625
346.25,47010.9609375,16005.0087890625,43015.34765625,46011.1875,44008.6796875,41013.2265625
346.5,47010.96875,16005.01171875,43015.3515625,46011.1875,44008.68359375,41013.22265625
346.75,45988.60546875,17977.533203125,42922.63671875,47981.61328125,50009.80078125,31955.984375
347.0,45986.21484375,18005.63671875,43015.3671875,48011.734375,50009.9375,31999.814453125
347.25,45986.21875,18005.638671875,43015.3671875,48011.73046875,50009.9375,31999.8203125
347.5,46010.71484375,18005.642578125,42998.25390625,47998.21875,50009.859375,32010.349609375
347.75,46010.7265625,18005.630859375,43009.23046875,47998.21484375,50009.875,32010.330078125
348.0,46010.72265625,18005.62890625,43015.34375,48011.68359375,50009.87109375,32010.326171875
348.25,46010.73828125,17999.904296875,43015.36328125,48011.68359375,50009.8671875,32010.322265625
348.5,46010.734375,18005.6328125,43015.34765625,48011.67578125,50009.86328125,32010.32421875
348.75,46010.7421875,16004.998046875,43015.3828125,48011.66796875,50009.80078125,36011.625
349.0,45988.5625,15980.009765625,42922.61328125,47981.6171875,50009.6484375,35950.46875
349.25,45986.21875,16005.009765625,43015.37109375,48011.7421875,50009.93359375,36004.08203125
349.5,46010.64453125,16004.9951171875,43015.3515625,48011.70703125,50009.78125,35999.7890625
349.75,46010.609375,16005.005859375,43015.3359375,47999.17578125,50009.66015625,36011.59375
350.0,46010.72265625,16005.0166015625,42998.25390625,47998.25,50009.87890625,36011.64453125
350.25,46010.71875,16005.0078125,43015.3515625,48011.671875,50009.84375,36011.6171875
350.5,46010.734375,15999.9140625,43015.359375,48011.68359375,50009.8671875,36011.61328125
350.75,49011.453125,17001.5625,38013.4921875,51012.38671875,51010.08203125,31009.982421875
351.0,48987.83203125,16978.767578125,37931.61328125,50980.4296875,51009.83984375,30957.345703125
351.25,48987.80859375,16978.76171875,37931.61328125,50980.453125,51009.83984375,30957.357421875
351.5,49011.09765625,17005.3125,38013.57421875,51012.453125,51010.05859375,31003.498046875
351.75,49011.33203125,17005.306640625,38013.56640625,51012.4375,51009.97265625,30999.826171875
352.0,49011.28125,17005.318359375,38013.55859375,51012.359375,51009.78125,31010.001953125
352.25,49011.40234375,17005.31640625,38013.56640625,51012.38671875,51010.0078125,31009.994140625
352.5,49011.39453125,17005.31640625,38013.55859375,51012.37109375,51009.99609375,31009.9921875
352.75,-9001.990234375,1000.303955078125,-22007.138671875,-10002.6259765625,-29005.7109375,-7002.19677734375
353.0,-9002.025390625,1000.3138427734375,-22007.85546875,-10002.4130859375,-28989.984375,-7000.77490234375
353.25,-9002.0966796875,1000.313720703125,-22004.763671875,-10002.427734375,-29005.740234375,-7002.2607421875
353.5,-8997.8271484375,998.747802734375,-21960.3984375,-9996.3251953125,-29005.625,-6990.40234375
353.75,-9002.0869140625,1000.3128662109375,-22007.85546875,-9999.8251953125,-29005.728515625,-7002.26220703125
354.0,-9002.08984375,1000.3131103515625,-22007.857421875,-10002.4287109375,-29005.73828125,-7002.26171875
354.25,-9002.091796875,999.9944458007812,-22007.857421875,-10002.4296875,-29005.74609375,-7002.26123046875
354.5,-9002.0908203125,1000.0921630859375,-22007.85546875,-10002.42578125,-29005.732421875,-7002.259765625
354.75,-11002.5576171875,1000.31298828125,-19006.78125,-12002.9072265625,-26005.107421875,-6001.93603515625
355.0,-10996.6923828125,1000.3132934570312,-19006.783203125,-12002.91015625,-26005.185546875,-5999.96337890625
355.25,-10996.6923828125,1000.3131103515625,-18999.193359375,-12002.9091796875,-26005.181640625,-5999.9638671875
355.5,-11002.5517578125,1000.3129272460938,-19006.787109375,-12002.9169921875,-26005.140625,-6001.93994140625
355.75,-11002.5517578125,1000.3128662109375,-19006.78515625,-12002.916015625,-26005.138671875,-6001.939453125
356.0,-11002.552734375,1000.31298828125,-19006.78515625,-11999.556640625,-26005.138671875,-6001.9384765625
356.25,-11002.5546875,1000.3131103515625,-19006.78515625,-12002.9150390625,-26005.146484375,-6001.9384765625
356.5,-11002.5546875,1000.0917358398438,-19006.78515625,-12002.9111328125,-26005.138671875,-6001.93701171875
356.75,-15003.4892578125,1000.09130859375,-18006.427734375,-12002.91015625,-24004.732421875,-8002.58203125
357.0,-15003.4873046875,1000.3133544921875,-18006.427734375,-12002.9091796875,-24004.744140625,-8002.58154296875
357.25,-15003.380859375,1000.313720703125,-18006.427734375,-12002.8994140625,-23991.73046875,-8000.8857421875
357.5,-15003.490234375,1000.3138427734375,-18003.896484375,-12002.9072265625,-24004.7421875,-8002.580078125
357.75,-14996.3779296875,998.7488403320312,-17965.06640625,-11995.58203125,-24004.654296875,-7989.0302734375
358.0,-15003.4794921875,1000.3128662109375,-18006.427734375,-12002.916015625,-24004.744140625,-8002.58544921875
358.25,-15003.4814453125,1000.31298828125,-18006.427734375,-11999.556640625,-24004.744140625,-8002.5849609375
358.5,-15003.4853515625,1000.3131103515625,-18006.427734375,-12002.9150390625,-24004.751953125,-8002.583984375
358.75,-11002.552734375,999.9949951171875,-20007.14453125,-9002.185546875,-27005.373046875,-7002.2607421875
359.0,-11002.5556640625,1000.0921630859375,-20007.142578125,-9002.1826171875,-27005.3359375,-7002.259765625
359.25,-11002.556640625,1000.3134155273438,-20007.142578125,-9002.181640625,-27005.3359375,-7002.25927734375
359.5,-11002.4755859375,1000.3138427734375,-20007.140625,-9002.1728515625,-26990.681640625,-7000.77490234375
359.75,-10996.681640625,1000.3131103515625,-19999.1484375,-9002.1806640625,-27005.33203125,-6999.9560546875
360.0,-10997.3466796875,998.74853515625,-19961.185546875,-8996.689453125,-27005.23828125,-6990.39990234375
360.25,-11002.55078125,1000.3128662109375,-20007.142578125,-8999.8427734375,-27005.333984375,-7002.26220703125
360.5,-11002.5517578125,1000.3130493164062,-20007.142578125,-8999.6650390625,-27005.328125,-7002.26123046875
360.75,-13003.0224609375,-3000.939697265625,-18006.427734375,-8001.94140625,-23004.521484375,-6001.9384765625
361.0,-13003.021484375,-2999.983154296875,-18006.427734375,-8001.943359375,-23004.556640625,-6001.93798828125
361.25,-13003.0205078125,-3000.27587890625,-18006.427734375,-8001.9404296875,-23004.546875,-6001.93701171875
361.5,-13002.94140625,-3000.9404296875,-18006.427734375,-8001.93798828125,-23004.546875,-6000.66455078125
361.75,-12996.0908203125,-3000.93994140625,-18006.42578125,-8001.93994140625,-23004.5859375,-5999.96337890625
362.0,-13003.0439453125,-3000.940185546875,-17999.23828125,-8001.94140625,-23004.599609375,-6001.93603515625
362.25,-12996.859375,-2996.245361328125,-17965.06640625,-7997.0546875,-23004.4609375,-5991.77294921875
362.5,-13003.0166015625,-3000.938720703125,-18006.427734375,-8001.94384765625,-23004.546875,-6001.939453125
362.75,-11002.546875,-0.0,-18006.423828125,-11999.556640625,-24004.76171875,-5001.61572265625
363.0,-11002.5546875,-0.0,-18006.427734375,-12002.9150390625,-24004.75,-5001.61572265625
363.25,-11002.556640625,0.0,-18006.427734375,-12002.9150390625,-24004.75390625,-5001.615234375
363.5,-11002.556640625,0.0,-18006.427734375,-12002.91015625,-24004.744140625,-5001.61376953125
363.75,-11002.556640625,0.0,-18006.427734375,-12002.9091796875,-24004.7421875,-5001.61376953125
364.0,-11002.4892578125,0.0,-18006.427734375,-12002.9072265625,-24004.744140625,-5000.5537109375
364.25,-10996.693359375,0.0,-17999.234375,-12002.9091796875,-24004.787109375,-4999.96875
364.5,-10997.3486328125,0.0,-17965.06640625,-11995.5859375,-24004.65625,-4993.14208984375
364.75,-12002.7841796875,1000.3118286132812,-17006.07421875,-11999.7919921875,-26005.14453125,-12003.876953125
365.0,-12002.7841796875,1000.31298828125,-17006.0703125,-11999.5546875,-26005.13671875,-12003.876953125
365.25,-12002.7861328125,1000.3131103515625,-17006.0703125,-12002.912109375,-26005.140625,-12003.8759765625
365.5,-12002.7880859375,999.9945068359375,-17006.0703125,-12002.9111328125,-26005.140625,-12003.8740234375
365.75,-12002.7890625,1000.3133544921875,-17006.0703125,-12002.9091796875,-26005.140625,-12003.873046875
366.0,-12002.7890625,1000.3133544921875,-17006.0703125,-12002.9091796875,-26005.140625,-12003.873046875
366.25,-12002.7314453125,1000.3133544921875,-17006.068359375,-12002.9111328125,-26005.212890625,-12001.326171875
366.5,-12002.7919921875,1000.3138427734375,-17003.681640625,-12002.908203125,-26005.13671875,-12003.875
366.75,-15996.1396484375,-1997.4974365234375,-13972.8291015625,-14994.470703125,-19003.640625,-13980.80859375
367.0,-16003.712890625,-2000.625732421875,-14004.9990234375,-15003.64453125,-19003.755859375,-14004.5244140625
367.25,-16003.7138671875,-2000.6258544921875,-14005.0,-14999.4443359375,-19003.75390625,-14004.5234375
367.5,-16003.716796875,-2000.626220703125,-14004.9990234375,-15003.6416015625,-19003.759765625,-14004.521484375
367.75,-16003.71875,-2000.6263427734375,-14005.0,-15003.640625,-19003.759765625,-14004.5205078125
368.0,-16003.71875,-1999.98876953125,-14004.9990234375,-15003.6376953125,-19003.755859375,-14004.51953125
368.25,-16003.720703125,-2000.6268310546875,-14005.0,-15003.63671875,-19003.755859375,-14004.517578125
368.5,-16003.74609375,-2000.6270751953125,-14005.0029296875,-15003.642578125,-19003.794921875,-14004.5234375
368.75,-14003.26171875,-2000.629150390625,-15005.3515625,-16003.8798828125,-23004.59375,-7999.95458984375
369.0,-13996.6181640625,-1997.497314453125,-14970.8876953125,-15994.1123046875,-23004.462890625,-7989.0283203125
369.25,-14003.248046875,-2000.6258544921875,-15005.357421875,-16003.888671875,-23004.546875,-8002.58642578125
369.5,-14003.2490234375,-2000.6259765625,-15005.3564453125,-15999.408203125,-23004.544921875,-8002.5849609375
369.75,-14003.2529296875,-2000.6260986328125,-15005.3564453125,-16003.888671875,-23004.556640625,-8002.5849609375
370.0,-14003.2529296875,-2000.6263427734375,-15005.3564453125,-16003.8837890625,-23004.548828125,-8002.583984375
370.25,-14003.25390625,-2000.1839599609375,-15005.3564453125,-16003.880859375,-23004.546875,-8002.58251953125
370.5,-14003.2548828125,-2000.6268310546875,-15005.3564453125,-16003.87890625,-23004.546875,-8002.58154296875
370.75,-14995.4609375,-3000.940185546875,-14004.998046875,-16003.8623046875,-22992.05078125,-9000.9951171875
371.0,-15003.4912109375,-3000.94091796875,-13999.4072265625,-16003.875,-23004.544921875,-9002.9033203125
371.25,-15003.48046875,-3000.9384765625,-14005.0,-16003.888671875,-23004.546875,-9002.91015625
371.5,-15003.4794921875,-3000.938720703125,-14004.9990234375,-15999.7177734375,-23004.5390625,-9002.9072265625
371.75,-15003.484375,-3000.93896484375,-14004.9990234375,-16003.8876953125,-23004.5546875,-9002.908203125
372.0,-15003.484375,-2999.983154296875,-14004.9990234375,-16003.8818359375,-23004.544921875,-9002.90625
372.25,-15003.4853515625,-2999.983154296875,-14004.9990234375,-16003.880859375,-23004.546875,-9002.90625
372.5,-15003.4873046875,-3000.9404296875,-14005.0,-16003.87890625,-23004.546875,-9002.904296875
372.75,-11002.4775390625,-0.0,-20007.15625,-11002.66015625,-19993.1171875,-17001.890625
373.0,-11002.57421875,-0.0,-19999.15234375,-11002.6689453125,-20004.001953125,-16999.896484375
373.25,-11002.560546875,0.0,-20004.330078125,-11002.6650390625,-20003.953125,-17005.482421875
373.5,-11002.5517578125,0.0,-20007.140625,-11002.6728515625,-20003.953125,-17005.494140625
373.75,-11002.5517578125,0.0,-20007.142578125,-10999.806640625,-20003.94921875,-17005.4921875
374.0,-11002.5556640625,0.0,-20007.142578125,-11002.671875,-20003.958984375,-17005.4921875
374.25,-11002.5546875,0.0,-20007.142578125,-11002.669921875,-20003.953125,-17005.48828125
374.5,-11002.5556640625,0.0,-20007.142578125,-11002.6689453125,-20003.953125,-17005.48828125
374.75,-12002.7841796875,-1000.092041015625,-20007.140625,-8001.9423828125,-15002.974609375,-19006.134765625
375.0,-11996.3681640625,-1000.3135375976562,-20007.138671875,-8001.9326171875,-14994.8291015625,-19002.099609375
375.25,-12002.80859375,-1000.3132934570312,-19999.15625,-8001.94189453125,-15002.994140625,-19006.13671875
375.5,-12002.79296875,-1000.3137817382812,-20004.330078125,-8001.93798828125,-15002.96484375,-19006.12890625
375.75,-12002.78515625,-1000.3128051757812,-20007.142578125,-8001.9443359375,-15002.96484375,-19006.140625
376.0,-12002.78515625,-1000.3129272460938,-20007.142578125,-7999.8603515625,-15002.962890625,-19006.138671875
376.25,-12002.7861328125,-1000.3130493164062,-20007.140625,-7999.70263671875,-15002.962890625,-19006.13671875
376.5,-12002.787109375,-1000.3131103515625,-20007.142578125,-8001.94140625,-15002.9638671875,-19006.134765625
376.75,49010.9453125,8002.51220703125,38013.32421875,49999.81640625,60013.47265625,30009.515625
377.0,49011.4453125,8002.50341796875,38013.56640625,49998.1796875,60011.875,30009.68359375
377.25,49011.44140625,7999.955078125,38013.57421875,50012.17578125,60011.8515625,30009.6796875
377.5,49011.44140625,8002.50439453125,38013.56640625,50012.16796875,60011.83984375,30009.677734375
377.75,49011.4453125,8002.50634765625,38013.5703125,50012.1640625,60011.8359375,30009.673828125
378.0,48985.32421875,8002.50439453125,38013.58203125,50012.2421875,60011.9296875,30003.39453125
378.25,49011.3359375,8002.49658203125,38013.5546875,50012.18359375,60011.76171875,30009.677734375
378.5,49011.421875,8002.50537109375,37998.4609375,50012.203125,60011.84375,30009.69921875
378.75,50011.828125,7002.18603515625,37998.453125,49012.0390625,58980.12109375,33010.6484375
379.0,50011.53125,7002.19140625,38008.1640625,48999.1796875,59011.33203125,33010.66015625
379.25,50011.6484375,7002.19140625,38013.56640625,49011.90234375,59011.58203125,33010.640625
379.5,50011.671875,7002.1923828125,38013.56640625,49011.92578125,59011.63671875,33010.64453125
379.75,50011.671875,7002.19287109375,38013.56640625,49011.92578125,59011.640625,33010.64453125
380.0,50011.6796875,7002.193359375,38013.5703125,49011.91796875,59011.63671875,33010.640625
380.25,50011.32421875,7002.18701171875,38013.57421875,49011.96875,59011.6328125,33003.73046875
380.5,50011.5546875,7002.18505859375,38013.5625,49011.953125,59011.5390625,32999.8125
380.75,48011.203125,9002.8125,41014.6328125,47011.41796875,55010.765625,31010.00390625
381.0,48011.29296875,9002.814453125,40998.34375,46999.34765625,54981.4296875,31010.02734375
381.25,48011.1953125,9002.81640625,41008.8046875,46998.25,55010.859375,31010.005859375
381.5,48011.19921875,9002.81640625,41014.640625,47011.44921875,55010.86328125,31010.005859375
381.75,48011.20703125,8999.94921875,41014.64453125,47011.4375,55010.8515625,31009.998046875
382.0,48011.203125,9002.818359375,41014.63671875,47011.4375,55010.85546875,31010.0
382.25,48011.2109375,9002.8193359375,41014.640625,47011.4296875,55010.8515625,31009.99609375
382.5,48010.86328125,9002.8115234375,41014.64453125,47011.48046875,55010.84375,31003.5
382.75,47010.87890625,11003.4345703125,41014.62890625,48011.6796875,59011.59765625,29009.34375
383.0,47010.9453125,11003.4365234375,41014.62109375,48011.67578125,59011.66015625,29009.33984375
383.25,47010.8359375,11003.44921875,40998.33984375,47999.21875,59011.3515625,29009.38671875
383.5,47010.9453125,11003.4404296875,41014.63671875,48011.6640625,59011.58984375,29009.34765625
383.75,47010.96484375,11003.4423828125,41014.640625,48011.69140625,59011.65625,29009.361328125
384.0,47010.96484375,10999.939453125,41014.64453125,48011.66796875,59011.609375,29009.3515625
384.25,47010.96875,11003.4423828125,41014.63671875,48011.6796875,59011.640625,29009.35546875
384.5,46988.28515625,10986.2587890625,40926.2109375,47981.5859375,59011.3828125,28960.12890625
384.75,122027.7890625,30002.720703125,112994.703125,126000.84375,146033.4375,86027.421875
385.0,122027.6328125,30009.3515625,113040.2578125,125995.21875,146026.53125,86027.8046875
385.25,121963.9296875,30009.43359375,113040.4140625,126030.8046875,146029.265625,86027.7890625
385.5,122028.5390625,30009.349609375,113040.3046875,126030.796875,146028.625,86027.765625
385.75,122028.578125,30009.3671875,113040.3828125,126030.9375,146028.671875,86009.765625
386.0,122028.5703125,30009.373046875,113040.390625,126030.9296875,146028.65625,85999.578125
386.25,122028.6015625,30009.375,113040.3046875,126030.796875,146028.8125,86027.65625
386.5,122028.6171875,30009.380859375,113040.3359375,126030.828125,146028.75,86027.734375
386.75,118969.21875,28954.697265625,114793.1953125,124949.3515625,152029.078125,79889.5859375
387.0,119026.265625,29002.611328125,115024.46875,124998.078125,152027.71875,80025.8984375
387.25,118964.65625,29009.10546875,115041.03125,125030.28125,152030.0,80025.75
387.5,119027.78125,29009.03515625,115041.015625,125030.4453125,152029.640625,80025.8203125
387.75,119027.8671875,29009.056640625,115041.0625,125030.625,152029.90625,80025.828125
388.0,119027.875,29009.05859375,115041.09375,125030.6875,152029.8125,79999.609375
388.25,119027.9140625,29009.0625,115040.96875,125030.4765625,152030.140625,80025.546875
388.5,119027.90625,29009.06640625,115041.0546875,125030.59375,152029.921875,80025.8046875
388.75,123028.7734375,34010.62890625,111039.5390625,129031.5859375,143028.234375,82026.4375
389.0,122968.3515625,33957.69140625,110756.421875,128948.0390625,143027.875,81886.9609375
389.25,123027.828125,34003.0546875,111039.53125,128995.0625,143025.828125,82026.4921875
389.5,122963.46875,34010.671875,111039.65625,129031.359375,143028.265625,82026.4609375
389.75,123028.1875,34010.57421875,111039.5703125,129031.484375,143027.40625,82026.4609375
390.0,123028.8203125,34010.6171875,111039.671875,129031.6796875,143028.109375,81999.5625
390.25,123028.8046875,34010.62109375,111039.671875,129031.6640625,143028.0625,81999.5859375
390.5,123028.8359375,34010.62109375,111039.6015625,129031.5390625,143028.21875,82026.3828125
390.75,121028.359375,33010.31640625,115041.1171875,125030.609375,143028.1875,83026.8046875
391.0,121028.3828125,33010.31640625,115041.0546875,125030.578125,143028.15625,83026.765625
391.25,121028.3828125,33010.3203125,115041.0625,125030.578125,143028.140625,83026.765625
391.5,121027.421875,33002.96484375,115024.4296875,124995.2109375,143025.84375,83026.828125
391.75,121027.359375,33010.28125,115041.015625,125030.3828125,143027.6875,83026.765625
392.0,121028.296875,33010.28515625,115041.03125,125030.546875,143028.046875,83026.796875
392.25,121028.296875,33010.28515625,115041.015625,125030.5625,143028.078125,83026.8046875
392.5,121028.3359375,33010.30859375,115041.1015625,125030.6875,143028.0625,82999.5625
392.75,111025.96875,26008.119140625,103036.59375,114028.078125,134026.59375,77024.7421875
393.0,111026.015625,26008.12890625,103036.7734375,114027.8828125,134026.390625,77024.8359375
393.25,111026.125,26008.130859375,103036.7890625,113998.4765625,134026.734375,77024.875
393.5,110972.1640625,25959.296875,102799.9765625,113954.578125,133955.265625,76893.71875
393.75,111025.8203125,26008.107421875,103036.703125,114027.5703125,134026.046875,77024.828125
394.0,111025.2421875,26008.119140625,103036.7734375,114027.9296875,134026.390625,77024.875
394.25,110967.1796875,26008.158203125,103036.828125,114028.0390625,134026.921875,77024.8671875
394.5,111025.5546875,26008.09375,103036.765625,114027.9375,134025.859375,76999.6171875
394.75,112026.1953125,24007.5,104037.09375,112027.3671875,134026.40625,80025.6796875
395.0,112026.234375,24007.501953125,104037.125,112027.40625,134026.40625,80025.8125
395.25,112026.25,24007.50390625,104037.125,112027.3984375,134026.390625,80025.8046875
395.5,112026.3515625,24007.505859375,104037.140625,111998.5,134026.71875,80025.84375
395.75,111971.921875,23964.720703125,103797.9765625,111955.359375,133955.234375,79889.59375
396.0,112025.3046875,24007.48828125,104037.0625,112027.015625,134024.140625,80025.8203125
396.25,112026.2109375,24007.490234375,104037.125,112027.4375,134026.390625,80025.84375
396.5,112025.7734375,24007.46875,104037.125,112027.4453125,134025.828125,80009.078125
396.75,111025.546875,25007.779296875,105037.5234375,111027.2421875,134025.890625,79009.03125
397.0,111025.984375,25007.814453125,105037.4375,111027.109375,134026.46875,79025.375
397.25,111026.0,25007.8125,105037.4921875,111027.15625,134026.390625,79025.4921875
397.5,111026.1171875,25007.81640625,105037.5,110998.53125,134026.71875,79025.5234375
397.75,111026.0390625,25007.81640625,105037.484375,110996.0078125,134026.453125,79025.4921875
398.0,110972.1484375,24963.25390625,104796.0234375,110955.7109375,133955.125,78890.9453125
398.25,111025.2109375,25007.798828125,105037.3984375,111026.796875,134024.484375,79025.484375
398.5,111025.96875,25007.802734375,105037.4765625,111027.1953125,134026.390625,79025.515625
398.75,111025.1953125,24007.49609375,106037.859375,110026.96875,132025.984375,82026.5
399.0,111025.546875,24007.46875,106037.84375,110026.9609375,132025.484375,82009.3125
399.25,111025.9609375,24007.490234375,106037.7734375,110026.796875,132026.0,82026.3125
399.5,111026.0,24007.501953125,106037.8203125,110026.875,132026.046875,82026.3828125
399.75,111026.0078125,24007.50390625,106037.8359375,110026.8984375,132025.96875,82026.453125
400.0,111026.03125,24007.505859375,106037.8359375,109996.0859375,132026.046875,82026.453125
400.25,110972.171875,23964.71875,105794.078125,109956.1328125,131955.78125,81886.796875
400.5,111025.0703125,24007.48828125,106037.7578125,110026.546875,132023.78125,82026.4609375
400.75,108025.1484375,24007.51171875,112040.03125,104025.2734375,133025.890625,88028.4140625
401.0,107968.0390625,24007.525390625,112040.078125,104025.640625,133026.671875,88010.0078125
401.25,107968.0546875,24007.52734375,112040.1015625,104025.6484375,133026.609375,88010.046875
401.5,108025.265625,24007.490234375,112039.90625,104025.3359375,133026.21875,88028.2265625
401.75,108025.296875,24007.5,112039.984375,104025.4375,133026.1875,88028.3984375
402.0,108025.3984375,24007.50390625,112040.0078125,103998.6171875,133026.5,88028.4296875
402.25,108025.3359375,24007.50390625,112039.984375,103996.265625,133026.25,88028.390625
402.5,107972.1328125,23964.8046875,111754.1796875,103958.140625,133025.09375,87878.7109375
402.75,106023.9453125,24007.48828125,112039.90625,105025.3125,134024.09375,86027.75
403.0,106024.7265625,24007.505859375,112039.9765625,105025.5625,134026.25,86027.78125
403.25,106024.0859375,24007.49609375,112039.984375,105025.7265625,134026.390625,86027.78125
403.5,106024.421875,24007.46875,112040.0078125,105025.7578125,134025.828125,86009.8203125
403.75,106024.796875,24007.48828125,112039.90625,105025.578125,134026.40625,86027.6015625
404.0,106024.8359375,24007.5,112039.984375,105025.6796875,134026.390625,86027.75
404.25,106024.8359375,24007.50390625,112039.9765625,105025.671875,134026.359375,86027.7421875
404.5,106024.8671875,24007.50390625,112039.984375,104996.2578125,134026.4375,86027.75
404.75,107972.9453125,23962.4609375,109758.59375,107957.078125,131955.9375,83884.171875
405.0,108024.3828125,24007.486328125,110039.1796875,108026.0546875,132023.75,84027.1015625
405.25,108025.25,24007.490234375,110039.265625,108026.4609375,132026.0,84027.1328125
405.5,108024.5390625,24007.49609375,110039.2734375,108026.453125,132026.0,84027.1328125
405.75,108024.8671875,24007.46875,110039.265625,108026.4765625,132025.5,84009.53125
406.0,108025.2578125,24007.490234375,110039.1953125,108026.3125,132026.0,84026.96875
406.25,108025.3046875,24007.5,110039.234375,108026.3828125,132026.046875,84027.03125
406.5,108025.3046875,24007.50390625,110039.265625,108026.40625,132025.96875,84027.09375
406.75,107025.1484375,24007.50390625,110039.296875,107996.2265625,132026.328125,80025.859375
407.0,106972.9765625,23964.775390625,109758.5859375,107957.1328125,131955.4375,79889.7265625
407.25,107024.921875,24007.48828125,110039.203125,108026.21875,132025.8125,80025.8125
407.5,107025.0234375,24007.490234375,110039.265625,108026.4609375,132026.015625,80025.84375
407.75,107024.3359375,24007.498046875,110039.2734375,108026.4453125,132025.96875,80025.8359375
408.0,107024.640625,24007.46875,110039.265625,108026.46875,132025.5,80009.0859375
408.25,107025.0234375,24007.486328125,110039.2890625,108026.4296875,132025.859375,79999.578125
408.5,107025.0625,24007.5,110039.2421875,108026.375,132026.046875,80025.734375
408.75,109025.578125,26008.126953125,110039.28125,107998.5625,131026.1171875,82026.515625
409.0,109025.46875,26008.134765625,110039.2578125,108026.28125,131025.5390625,82026.4140625
409.25,109025.640625,25999.85546875,110039.296875,108026.359375,131025.9296875,82026.390625
409.5,109025.3828125,26008.10546875,110039.1953125,108026.21875,131025.625,82026.46875
409.75,109025.4921875,26008.11328125,110039.265625,108026.46875,131025.8125,82026.4921875
410.0,109024.7890625,26008.123046875,110039.28125,108026.4375,131025.78125,82026.484375
410.25,108967.7578125,26008.158203125,110039.3203125,108026.5546875,131026.328125,82026.484375
410.5,109025.4921875,26008.111328125,110039.2890625,108026.4296875,131025.65625,81999.5703125
410.75,110025.7734375,27008.44140625,108038.4765625,110026.8515625,132026.0625,78025.0703125
411.0,110025.796875,27008.44140625,108038.5546875,109996.046875,132026.0625,78025.171875
411.25,110025.8671875,27008.44140625,108038.5625,109998.5234375,132026.3125,78025.203125
411.5,109972.296875,26957.7421875,107790.28125,109956.234375,131955.46875,77892.3359375
411.75,110025.625,27008.421875,108038.4921875,110026.703125,132025.8125,78025.171875
412.0,110025.734375,27008.42578125,108038.5390625,110026.953125,132026.015625,78025.203125
412.25,110025.015625,27008.43359375,108038.5625,110026.9296875,132025.96875,78025.1953125
412.5,109967.46875,27008.46875,108038.640625,110027.1015625,132026.484375,78008.84375
412.75,111025.9921875,26008.111328125,105037.4765625,113027.609375,133026.015625,77999.5859375
413.0,111026.0078125,26008.125,105037.4609375,113027.6015625,133026.25,78025.09375
413.25,111026.0,26008.130859375,105037.46875,113027.6328125,133026.171875,78025.15625
413.5,111026.0390625,26008.12890625,105037.484375,112995.9765625,133026.25,78025.1640625
413.75,111026.2578125,25999.880859375,104995.890625,112996.2265625,133026.796875,78025.2578125
414.0,111025.8046875,26008.107421875,105037.3984375,113027.3515625,133025.84375,78025.1484375
414.25,111025.9609375,26008.115234375,105037.4765625,113027.6875,133026.203125,78025.203125
414.5,110967.171875,26008.158203125,105037.5390625,113027.7890625,133026.75,78025.1953125
414.75,112025.78125,26008.091796875,102036.3671875,114027.921875,133025.65625,75008.484375
415.0,112026.203125,26008.11328125,102036.3515625,114027.78125,133026.203125,75024.0859375
415.25,112026.234375,26008.126953125,102036.390625,114027.84375,133026.25,75024.1328125
415.5,112026.3515625,26008.130859375,102036.4375,113998.5,133026.546875,75024.234375
415.75,112026.2734375,26008.130859375,102036.4140625,113995.8984375,133026.25,75024.1953125
416.0,112025.453125,26008.115234375,102036.3671875,114027.5234375,133024.34375,75024.2109375
416.25,112026.0390625,26008.107421875,102036.328125,114027.59375,133025.84375,75024.1796875
416.5,112026.1953125,26008.115234375,102036.40625,114027.9375,133026.203125,75024.2265625
416.75,109967.515625,24007.533203125,104037.2265625,111027.2734375,137027.453125,75024.21875
417.0,110025.734375,24007.48046875,104037.15625,111027.2109375,137026.84375,75008.546875
417.25,110025.7578125,24007.501953125,104037.09375,111027.1171875,137027.0625,75024.0859375
417.5,110025.78125,24007.50390625,104037.125,111027.15625,137026.984375,75024.1875
417.75,110025.8828125,24007.50390625,104037.1484375,110998.53125,137027.3125,75024.234375
418.0,110024.8203125,24002.15234375,104022.0625,111026.6875,137024.421875,75024.1875
418.25,110024.921875,24002.15625,104037.0859375,111026.875,137024.859375,75024.234375
418.5,110025.7265625,24007.490234375,104037.125,111027.203125,137027.0,75024.2265625
418.75,108024.5703125,25007.806640625,105037.46875,110026.9453125,136026.796875,78025.1953125
419.0,108024.875,25007.779296875,105037.484375,110026.953125,136026.25,78008.84375
419.25,108025.2578125,25007.798828125,105037.5,110026.921875,136026.625,77999.5859375
419.5,108025.3046875,25007.8125,105037.453125,110026.8671875,136026.84375,78025.09375
419.75,108025.3046875,25007.81640625,105037.4765625,110026.8984375,136026.765625,78025.1640625
420.0,108025.40625,25007.81640625,105037.5078125,109998.5390625,136027.109375,78025.203125
420.25,107972.3046875,24960.94921875,104769.6171875,109955.8203125,136026.21875,77892.4296875
420.5,108024.421875,25007.798828125,105022.3359375,110026.53125,136024.46875,78025.1875
420.75,38988.26171875,9002.8310546875,40014.5078125,38009.015625,50009.37109375,28009.060546875
421.0,39009.15234375,9002.8046875,40014.27734375,37999.46875,49983.12890625,28009.046875
421.25,39009.07421875,9002.8154296875,40008.57421875,38009.21484375,50009.81640625,28009.033203125
421.5,39009.09375,9002.814453125,40014.2734375,38009.25,50009.875,28009.033203125
421.75,39009.08203125,9002.81640625,40014.27734375,38009.23828125,50009.84375,28009.03515625
422.0,39009.1015625,9000.826171875,40014.28125,38009.24609375,50009.8671875,28009.033203125
422.25,39009.1015625,9002.8173828125,40014.28125,38009.2421875,50009.8671875,28009.03125
422.5,38990.3203125,8988.76171875,39928.01171875,37985.45703125,50009.64453125,27961.501953125
422.75,37008.61328125,10003.125,40014.28125,37009.03515625,48009.4765625,33003.734375
423.0,36988.90234375,10003.130859375,40014.28125,37009.0234375,48009.546875,33010.64453125
423.25,37008.69140625,10003.1162109375,40014.27734375,36999.4765625,47983.8125,33010.66015625
423.5,37008.51171875,10003.1357421875,39998.37109375,37008.97265625,48009.16796875,33010.66796875
423.75,37008.62109375,10003.126953125,40014.28125,37008.99609375,48009.4609375,33010.64453125
424.0,37008.625,10003.1298828125,40014.28125,37009.0078125,48009.4765625,33010.6484375
424.25,37008.6328125,10000.91796875,40014.27734375,37009.00390625,48009.47265625,33010.6484375
424.5,37008.6328125,10003.1298828125,40014.28125,37008.99609375,48009.46875,33010.64453125
424.75,40989.84375,10986.259765625,35935.21875,39984.69140625,47009.07421875,31955.990234375
425.0,41009.5390625,11003.4365234375,36012.859375,40009.76953125,47009.265625,32003.619140625
425.25,41009.28515625,11003.439453125,36012.84765625,40009.74609375,47009.28515625,32010.318359375
425.5,41009.62109375,11003.4287109375,36012.84765625,39999.44140625,46984.13671875,32010.33984375
425.75,41009.44921875,11003.4404296875,36007.7265625,39998.48828125,47009.02734375,32010.333984375
426.0,41009.55859375,11003.4404296875,36012.84765625,40009.73828125,47009.28125,32010.326171875
426.25,41009.5625,10999.9384765625,36012.859375,40009.73828125,47009.2734375,32010.326171875
426.5,41009.56640625,11001.0107421875,36012.8515625,40009.734375,47009.2734375,32010.326171875
426.75,43010.03125,9002.822265625,30010.71484375,44010.703125,47009.27734375,31009.99609375
427.0,42989.3359375,8988.7529296875,29946.009765625,43983.15234375,47009.0625,30957.36328125
427.25,43010.00390625,9002.8125,30010.716796875,44010.75,47009.265625,31003.51171875
427.5,42987.109375,9002.8193359375,30010.71875,44010.75390625,47009.3359375,30999.828125
427.75,43009.99609375,9002.8095703125,30010.708984375,43999.3203125,47009.31640625,31010.021484375
428.0,43009.9140625,9002.8173828125,30006.443359375,43998.34765625,47009.04296875,31010.01171875
428.25,43010.01953125,9002.8173828125,30010.708984375,44010.6875,47009.26953125,31010.00390625
428.5,43010.02734375,8999.94921875,30010.71484375,44010.71484375,47009.28125,31010.00390625
428.75,47010.96484375,9002.818359375,28010.001953125,47011.43359375,44008.69140625,33010.6484375
429.0,47010.96875,9002.8193359375,28009.998046875,47011.4296875,44008.6796875,33010.64453125
429.25,46988.359375,8988.7509765625,27949.607421875,46982.00390625,44008.484375,32954.61328125
429.5,47010.93359375,9002.8125,28010.001953125,47011.48046875,44008.67578125,33003.734375
429.75,47010.93359375,9002.8125,28010.00390625,47011.48046875,44008.671875,33003.73046875
430.0,47010.890625,9002.8134765625,27998.857421875,46999.265625,44008.6640625,33010.67578125
430.25,47010.8359375,9002.8154296875,28006.013671875,46998.2421875,44008.46484375,33010.65625
430.5,47010.94921875,9002.8193359375,28010.0,47011.4140625,44008.671875,33010.65625
430.75,48011.1953125,7000.6435546875,30010.705078125,49011.92578125,42008.29296875,37011.94140625
431.0,48011.1953125,7002.19189453125,30010.7109375,49011.921875,42008.28515625,37011.9375
431.25,48011.19921875,7002.19287109375,30010.712890625,49011.91796875,42008.2890625,37011.9375
431.5,47988.11328125,6991.24951171875,29946.0078125,48981.23828125,42008.09765625,36949.109375
431.75,48011.16796875,7002.18798828125,30010.716796875,49011.96875,42008.28125,37004.19140625
432.0,48010.87109375,7002.189453125,30010.71484375,49011.953125,42008.28125,36999.78125
432.25,48011.12109375,7002.1884765625,29998.77734375,48999.24609375,42008.26953125,37011.97265625
432.5,48011.2421875,7002.185546875,30006.439453125,48998.2578125,41985.71484375,37011.94140625
432.75,47010.9140625,12003.7587890625,28009.986328125,50012.10546875,40007.87109375,34010.96484375
433.0,47010.95703125,11999.9345703125,28010.001953125,50012.171875,40007.89453125,34010.97265625
433.25,47010.9609375,12003.755859375,28009.99609375,50012.1640625,40007.89453125,34010.97265625
433.5,47010.96484375,12003.759765625,28009.998046875,50012.16015625,40007.89453125,34010.96875
433.75,47010.96875,12003.759765625,28010.0,50012.15625,40007.890625,34010.96484375
434.0,47010.93359375,12003.75,28010.00390625,50012.21484375,40007.88671875,34003.8515625
434.25,47010.64453125,12003.7529296875,28010.0,50012.1953125,40007.88671875,33999.796875
434.5,47010.83984375,12003.7529296875,28006.001953125,49998.11328125,40007.6953125,34010.98046875
434.75,44010.12109375,11003.4423828125,29006.2109375,48011.59765625,40007.64453125,38012.2578125
435.0,44010.2578125,11003.44140625,29010.3515625,48011.68359375,40007.8984375,38012.26171875
435.25,44010.2578125,10999.9384765625,29010.357421875,48011.68359375,40007.89453125,38012.26171875
435.5,44010.26171875,11003.4443359375,29010.353515625,48011.6796875,40007.89453125,38012.265625
435.75,44010.265625,11003.4462890625,29010.35546875,48011.671875,40007.89453125,38012.2578125
436.0,43989.11328125,10986.2509765625,28947.80859375,47981.64453125,40007.71484375,37947.7265625
436.25,44010.234375,11003.4375,29010.359375,48011.72265625,40007.88671875,38004.29296875
436.5,44009.96484375,11003.4404296875,29010.357421875,48011.7109375,40007.88671875,37999.7734375
436.75,48011.13671875,6001.87548828125,28009.98046875,48999.23046875,45008.92578125,33010.625
437.0,48011.0546875,6001.87890625,28006.013671875,49011.8515625,45008.62109375,33010.6484375
437.25,48011.19140625,6000.5517578125,28009.99609375,49011.92578125,45008.8828125,33010.65234375
437.5,48011.19140625,6000.54931640625,28009.99609375,49011.9296875,45008.8828125,33010.65234375
437.75,48011.1953125,6001.8798828125,28009.998046875,49011.921875,45008.87890625,33010.6484375
438.0,48011.19921875,6001.88037109375,28009.998046875,49011.91796875,45008.87890625,33010.64453125
438.25,47988.1015625,5992.498046875,27949.607421875,48981.25,45008.6796875,32954.59375
438.5,48010.87109375,6001.8759765625,28010.00390625,49011.96484375,45008.87109375,33003.73828125
438.75,43009.94921875,3000.937255859375,32011.416015625,45010.95703125,50009.8046875,34010.96875
439.0,43010.140625,3000.937744140625,31998.697265625,44998.4453125,49983.1640625,34010.98828125
439.25,43010.14453125,3000.93603515625,32006.87109375,44998.44921875,49983.16796875,34010.97265625
439.5,43010.02734375,2999.982666015625,32011.42578125,45010.953125,50009.86328125,34010.96875
439.75,43010.02734375,3000.939453125,32011.42578125,45010.953125,50009.8671875,34010.97265625
440.0,43010.03515625,3000.93994140625,32011.42578125,45010.94921875,50009.8671875,34010.96484375
440.25,43010.0390625,3000.940185546875,32011.427734375,45010.94140625,50009.86328125,34010.9609375
440.5,43010.00390625,3000.9375,32011.4296875,45010.9921875,50009.859375,34003.84375
440.75,31990.39453125,5001.56640625,44015.71875,44010.75390625,56011.125,23999.865234375
441.0,32007.3671875,5001.564453125,44015.703125,43998.3359375,56010.7265625,24007.75390625
441.25,32007.44140625,5001.56787109375,43998.21875,44010.66796875,56010.96875,24007.75390625
441.5,32007.455078125,5001.5634765625,44015.6953125,44010.69921875,56011.03125,24007.73828125
441.75,32007.466796875,4999.97119140625,44015.71484375,44010.70703125,56011.046875,24007.7421875
442.0,32007.466796875,5000.45947265625,44015.7109375,44010.703125,56011.046875,24007.7421875
442.25,32007.46875,5001.5654296875,44015.7109375,44010.69921875,56011.046875,24007.7421875
442.5,31992.03515625,4993.75439453125,43920.8125,43983.1875,56010.8046875,23967.01171875
442.75,43009.734375,15004.6875,27009.63671875,58014.15625,47009.28125,16999.896484375
443.0,43010.05859375,15004.67578125,27009.630859375,58014.203125,46984.078125,17005.4765625
443.25,43009.875,15004.6884765625,27009.63671875,57999.0390625,47009.0546875,17005.4921875
443.5,43009.99609375,15004.69140625,27009.634765625,58014.07421875,47009.20703125,17005.48046875
443.75,43010.01953125,15004.6943359375,27009.640625,58014.11328125,47009.265625,17005.486328125
444.0,43010.02734375,15004.6943359375,27009.640625,58014.1171875,47009.2734375,17005.486328125
444.25,43010.03515625,14999.9189453125,27009.6484375,58014.11328125,47009.28125,17005.484375
444.5,43010.03515625,15004.69921875,27009.642578125,58014.1015625,47009.27734375,17005.482421875
444.75,41989.5625,14981.2548828125,27949.611328125,52979.75,46008.87890625,23966.99609375
445.0,42009.51171875,15004.6875,28010.00390625,53012.94140625,46009.0703125,24002.716796875
445.25,41987.51171875,15004.6904296875,28010.00390625,53013.02734375,45984.5234375,23999.853515625
445.5,42009.77734375,15004.6962890625,27998.85546875,52998.04296875,46009.06640625,24007.76171875
445.75,42009.76953125,15004.69140625,28006.013671875,53012.85546875,46009.015625,24007.73828125
446.0,42009.78515625,15004.6943359375,28009.99609375,53012.89453125,46009.0625,24007.74609375
446.25,42009.80078125,14999.9208984375,28010.001953125,53012.8984375,46009.0859375,24007.744140625
446.5,42009.796875,15004.693359375,28009.994140625,53012.890625,46009.07421875,24007.744140625
446.75,46010.7265625,19005.951171875,24008.56640625,57013.86328125,41008.09765625,20006.44921875
447.0,46010.69921875,19005.935546875,24008.572265625,57013.91796875,41008.0859375,20002.263671875
447.25,46010.515625,19005.931640625,24008.5703125,57013.98046875,40986.125,19999.876953125
447.5,46010.56640625,19005.943359375,23999.01953125,56999.06640625,41007.90625,20006.474609375
447.75,46010.64453125,19005.935546875,24005.154296875,56997.890625,41008.03125,20006.458984375
448.0,46010.71875,19005.9453125,24008.5703125,57013.875,41008.09765625,20006.458984375
448.25,46010.72265625,19005.947265625,24008.5703125,57013.87109375,41008.08984375,20006.455078125
448.5,46010.73046875,19001.7421875,24008.568359375,57013.86328125,41008.08984375,20006.455078125
448.75,-10996.6708984375,0.0,-27009.5859375,5001.22412109375,-22004.453125,-19002.0625
449.0,-10997.34375,0.0,-26951.400390625,4998.1591796875,-22004.26953125,-18973.943359375
449.25,-11002.5517578125,0.0,-27009.642578125,5001.21484375,-22004.3515625,-19006.142578125
449.5,-11002.552734375,0.0,-27009.640625,4999.81396484375,-22004.3515625,-19006.138671875
449.75,-11002.552734375,0.0,-27009.642578125,5001.2138671875,-22004.345703125,-19006.13671875
450.0,-11002.5576171875,0.0,-27009.642578125,5001.21533203125,-22004.36328125,-19006.138671875
450.25,-11002.5556640625,0.0,-27009.642578125,5001.21240234375,-22004.349609375,-19006.1328125
450.5,-11002.5576171875,0.0,-27009.642578125,5001.2119140625,-22004.349609375,-19006.1328125
450.75,999.6976928710938,9002.822265625,-11003.9228515625,12002.908203125,-10996.216796875,-11003.5458984375
451.0,1000.2337036132812,9002.8203125,-11003.9287109375,12002.912109375,-11002.1923828125,-11003.548828125
451.25,999.7579345703125,8988.7421875,-10975.818359375,11995.5537109375,-11002.1328125,-10981.2802734375
451.5,1000.2319946289062,9002.8154296875,-11002.3671875,12002.91796875,-11002.173828125,-11003.55859375
451.75,1000.2322387695312,9002.81640625,-11003.927734375,12002.9150390625,-11002.1748046875,-11003.5546875
452.0,1000.2323608398438,9002.81640625,-11003.927734375,11999.7939453125,-11002.1767578125,-11003.5546875
452.25,1000.2322387695312,9002.818359375,-11003.927734375,11999.5517578125,-11002.171875,-11003.552734375
452.5,1000.2324829101562,8999.951171875,-11003.9296875,12002.912109375,-11002.173828125,-11003.55078125
452.75,3000.69775390625,4000.3681640625,-11003.927734375,8001.94091796875,-8001.57861328125,-7002.25927734375
453.0,2999.095947265625,4001.25390625,-11003.9287109375,8001.9404296875,-8001.58203125,-7002.2587890625
453.25,3000.6962890625,4001.2548828125,-11003.9287109375,8001.935546875,-7997.248046875,-7000.77587890625
453.5,2999.273193359375,3994.9951171875,-10975.818359375,7997.033203125,-8001.55126953125,-6988.0908203125
453.75,2999.271728515625,3994.994140625,-10978.6513671875,7997.0380859375,-8001.55078125,-6990.3955078125
454.0,3000.696533203125,4001.25146484375,-11003.927734375,8001.94482421875,-8001.58154296875,-7002.26220703125
454.25,3000.69677734375,4001.251953125,-11003.927734375,8001.943359375,-8001.5810546875,-7002.26171875
454.5,3000.697021484375,4001.25244140625,-11003.927734375,7999.703125,-8001.58154296875,-7002.2607421875
454.75,2000.4647216796875,1999.988525390625,-9003.2138671875,3999.8525390625,-8001.57763671875,4001.291015625
455.0,2000.452880859375,2000.6268310546875,-9003.2138671875,4000.971923828125,-8001.58447265625,4001.291259765625
455.25,1999.397216796875,2000.626953125,-9003.2138671875,4000.97021484375,-8001.58056640625,4001.290283203125
455.5,2000.4654541015625,2000.6270751953125,-9003.2138671875,4000.9697265625,-8001.58056640625,3999.976806640625
455.75,2000.46484375,2000.6273193359375,-9003.2138671875,4000.96875,-7997.2529296875,3999.976806640625
456.0,2000.464111328125,2000.6256103515625,-9003.2138671875,4000.97314453125,-8001.5810546875,4001.29296875
456.25,2000.46435546875,2000.625732421875,-9003.2138671875,4000.97216796875,-8001.5810546875,4001.29248046875
456.5,2000.4644775390625,2000.6260986328125,-9003.2138671875,4000.971923828125,-8001.5810546875,4001.2919921875
456.75,-3000.697509765625,2000.6259765625,-2000.71435546875,-2000.4857177734375,-8001.5791015625,9002.90625
457.0,-3000.697265625,1999.9886474609375,-2000.714111328125,-1999.925537109375,-8001.578125,9002.904296875
457.25,-3000.678955078125,2000.18359375,-2000.714111328125,-2000.4853515625,-8001.57958984375,9002.904296875
457.5,-2999.095947265625,2000.626708984375,-2000.714111328125,-2000.4849853515625,-8001.57958984375,9002.9013671875
457.75,-3000.698486328125,2000.626953125,-2000.7142333984375,-2000.4849853515625,-8001.58056640625,8999.9443359375
458.0,-2999.27294921875,1997.4986572265625,-1995.603515625,-1999.2562255859375,-7997.22900390625,8987.65234375
458.25,-3000.6962890625,2000.62548828125,-2000.4300537109375,-2000.4864501953125,-8001.5810546875,9002.908203125
458.5,-3000.696533203125,2000.6256103515625,-2000.714111328125,-2000.486328125,-8001.58056640625,9002.908203125
458.75,-2000.4649658203125,-4001.251953125,-4001.427734375,1000.2431030273438,-6001.18505859375,4001.29150390625
459.0,-2000.4649658203125,-4001.25244140625,-4001.42822265625,999.9826049804688,-6001.185546875,4001.29150390625
459.25,-2000.46484375,-3999.977294921875,-4001.427978515625,999.9625854492188,-6001.18359375,4001.290771484375
459.5,-1999.3973388671875,-4001.253662109375,-4001.428466796875,1000.2426147460938,-6001.1845703125,4001.29052734375
459.75,-1999.397705078125,-4001.253662109375,-4001.428466796875,1000.242919921875,-6001.1875,4001.290771484375
460.0,-2000.4656982421875,-4001.254150390625,-4001.4287109375,1000.2424926757812,-6001.18505859375,4001.291259765625
460.25,-1999.514404296875,-3994.996337890625,-3991.20703125,999.6279907226562,-5997.92138671875,3994.514404296875
460.5,-2000.464111328125,-4001.25146484375,-4000.8603515625,1000.2431640625,-6001.1845703125,4001.292724609375
460.75,7001.6259765625,-0.0,-10003.57421875,6001.45849609375,-11002.171875,-4001.291015625
461.0,7001.6259765625,-0.0,-10003.5712890625,6001.4580078125,-11002.173828125,-4001.2919921875
461.25,7001.626953125,0.0,-10003.5712890625,5999.896484375,-11002.17578125,-4001.29150390625
461.5,7001.62646484375,0.0,-10003.5712890625,5999.775390625,-11002.1708984375,-4001.290771484375
461.75,7001.62646484375,0.0,-10003.5703125,6001.45458984375,-11002.1689453125,-4001.29052734375
462.0,6997.8916015625,0.0,-10003.5703125,6001.455078125,-11002.1767578125,-4000.442138671875
462.25,7001.62939453125,0.0,-9999.5791015625,6001.45556640625,-11002.1708984375,-4001.291748046875
462.5,6998.3046875,0.0,-9980.591796875,5997.76904296875,-11002.138671875,-3994.515625
462.75,-2000.4642333984375,-2000.6253662109375,2000.428955078125,-1000.2431030273438,-8001.580078125,-3000.96923828125
463.0,-2000.4644775390625,-2000.625732421875,2000.714111328125,-1000.2430419921875,-8001.5810546875,-3000.96923828125
463.25,-2000.464599609375,-2000.6258544921875,2000.714111328125,-1000.2429809570312,-8001.58154296875,-3000.968994140625
463.5,-2000.46484375,-2000.6260986328125,2000.714111328125,-999.9630126953125,-8001.5810546875,-3000.96875
463.75,-2000.4649658203125,-1999.98876953125,2000.714111328125,-1000.2427368164062,-8001.5810546875,-3000.968505859375
464.0,-2000.452880859375,-2000.183837890625,2000.7142333984375,-1000.2427978515625,-8001.58251953125,-3000.96826171875
464.25,-2000.45263671875,-2000.626708984375,2000.714111328125,-1000.2426147460938,-8001.58056640625,-3000.968017578125
464.5,-2000.465087890625,-2000.6270751953125,2000.714111328125,-1000.2421875,-7997.25439453125,-2999.98193359375
464.75,-0.0,-3994.9990234375,1995.603759765625,1999.2578125,-8001.5556640625,-3994.51416015625
465.0,0.0,-4001.2509765625,2000.714111328125,2000.486328125,-8001.58154296875,-4001.292724609375
465.25,0.0,-4001.251220703125,2000.714111328125,2000.4862060546875,-8001.58154296875,-4001.292724609375
465.5,0.0,-4001.251953125,2000.714111328125,2000.48583984375,-8001.5810546875,-4001.2919921875
465.75,0.0,-4001.25244140625,2000.714111328125,1999.965087890625,-8001.58154296875,-4001.291748046875
466.0,0.0,-3999.977294921875,2000.7139892578125,2000.4854736328125,-8001.57958984375,-4001.291015625
466.25,0.0,-3999.977294921875,2000.714111328125,2000.4853515625,-8001.580078125,-4001.291015625
466.5,0.0,-4001.253662109375,2000.7139892578125,2000.48486328125,-8001.5810546875,-4000.442626953125
466.75,3000.697998046875,2000.626953125,-7002.50244140625,7001.69873046875,-4998.28466796875,-12003.87890625
467.0,2999.27099609375,1997.5003662109375,-6986.41357421875,6997.39404296875,-5000.97021484375,-11983.548828125
467.25,2999.269287109375,1997.49951171875,-6986.4140625,6997.39697265625,-5000.96875,-11983.5537109375
467.5,3000.69677734375,2000.6256103515625,-7002.49951171875,7001.70166015625,-5000.98828125,-12003.876953125
467.75,3000.697021484375,2000.6258544921875,-7002.49951171875,7001.701171875,-5000.98828125,-12003.875
468.0,3000.697265625,2000.6260986328125,-7002.5,7001.70068359375,-5000.98828125,-12003.8740234375
468.25,3000.697509765625,2000.6260986328125,-7002.5,6999.87744140625,-5000.98876953125,-12003.8740234375
468.5,2999.095703125,2000.1834716796875,-7002.5,7001.69921875,-5000.98779296875,-12003.87109375
468.75,9002.0947265625,2000.626708984375,-12004.287109375,15003.640625,-6001.18310546875,-13004.2021484375
469.0,9002.09375,2000.6268310546875,-11999.4951171875,15003.638671875,-5997.939453125,-13004.201171875
469.25,8997.8125,1997.500244140625,-11976.7099609375,14994.41015625,-6001.1650390625,-12982.1826171875
469.5,9002.0888671875,2000.62548828125,-12004.28515625,15003.6494140625,-6001.18603515625,-13004.201171875
469.75,9002.08984375,2000.62548828125,-12004.28515625,15003.6484375,-6001.18603515625,-13004.201171875
470.0,9002.0908203125,2000.6258544921875,-12004.28515625,15003.6455078125,-6001.18603515625,-13004.1982421875
470.25,9002.091796875,2000.6260986328125,-12004.2861328125,15003.6435546875,-6001.18603515625,-13004.197265625
470.5,9002.09375,2000.6263427734375,-12004.2861328125,14999.7412109375,-6001.1875,-13004.1962890625
470.75,14003.251953125,-2000.1839599609375,-18006.4296875,16999.369140625,-1000.1975708007812,-12003.8720703125
471.0,14003.2568359375,-2000.6268310546875,-18006.427734375,17004.1171875,-1000.1971435546875,-11999.9248046875
471.25,14003.259765625,-2000.626953125,-18006.427734375,17004.123046875,-1000.1976928710938,-11999.92578125
471.5,13996.5859375,-1997.4990234375,-17967.599609375,16993.6484375,-999.6532592773438,-11983.5537109375
471.75,14003.2509765625,-2000.6256103515625,-18006.427734375,17004.13671875,-1000.1976318359375,-12003.8779296875
472.0,14003.251953125,-2000.6258544921875,-18006.427734375,17004.134765625,-1000.1976318359375,-12003.876953125
472.25,14003.2529296875,-2000.6260986328125,-18006.427734375,17004.1328125,-1000.1976318359375,-12003.8759765625
472.5,14003.2548828125,-2000.626220703125,-18006.427734375,17004.130859375,-1000.1976318359375,-12003.8740234375
472.75,119027.1171875,20006.212890625,80028.2265625,113027.90625,123024.0078125,66021.1484375
473.0,119027.84375,20006.25390625,80028.5625,113027.6484375,123024.234375,66021.296875
473.25,119027.8515625,20006.25390625,80028.5625,113027.6484375,123024.234375,66021.296875
473.5,119027.9296875,19999.884765625,80017.171875,112995.9140625,123024.3046875,66021.2578125
473.75,118970.2890625,19970.603515625,79856.046875,112955.140625,122958.9765625,65909.03125
474.0,119027.828125,20006.24609375,80028.5625,113027.6875,123024.2421875,66021.3203125
474.25,119027.7421875,20006.2578125,80028.5703125,113027.4921875,123024.1015625,66021.328125
474.5,119027.796875,20006.24609375,80028.5859375,113027.734375,123024.1953125,66007.484375
474.75,116965.40625,28008.7890625,78027.9140625,114028.0703125,123024.671875,51999.7109375
475.0,117026.8984375,28008.71875,78027.8046875,114027.8203125,123023.8125,52016.74609375
475.25,117027.3515625,28008.736328125,78027.8203125,114027.796875,123024.203125,52016.74609375
475.5,117027.5078125,28008.77734375,77996.8984375,113998.5546875,123024.5703125,52016.84765625
475.75,116969.875,27958.92578125,77859.640625,113954.046875,123023.3203125,51928.34375
476.0,116969.3046875,27956.259765625,77859.703125,113954.0234375,123021.9765625,51928.33984375
476.25,116969.875,27958.923828125,77859.640625,113954.046875,123023.3203125,51928.34375
476.5,117027.328125,28008.73828125,78027.84375,114027.9453125,123024.2578125,52016.8046875
476.75,114026.65625,26008.1171875,86030.71875,115028.2109375,123024.1875,59006.6796875
477.0,114025.8984375,26008.125,86030.7265625,115028.171875,123024.1640625,58999.67578125
477.25,113966.2890625,26008.1640625,86030.71875,115028.2265625,123024.796875,59018.97265625
477.5,114026.65625,26008.11328125,86030.6796875,115028.0703125,123024.1640625,59019.03515625
477.75,114026.8046875,26008.15234375,85996.59375,114998.5546875,123024.578125,59019.12109375
478.0,114026.765625,26008.1171875,86018.3984375,114995.8984375,123024.375,59019.01953125
478.25,114026.5390625,26002.349609375,86030.671875,115027.9140625,123023.953125,59019.05859375
478.5,114026.5859375,26002.3515625,86030.6796875,115027.9765625,123024.078125,59019.0703125
478.75,106024.7421875,28008.71875,94033.53125,111027.203125,127025.015625,56018.10546875
479.0,106024.78125,28008.73828125,94033.5859375,111027.2265625,127025.0,56006.33984375
479.25,105968.6171875,28008.78515625,94033.578125,111027.2421875,127025.5625,56018.0234375
479.5,106024.4140625,28008.716796875,94033.5078125,111027.09375,127024.625,56018.03515625
479.75,106024.921875,28008.75,94033.578125,110998.5390625,127025.3515625,56018.09765625
480.0,106024.8125,28008.75,94033.5625,111027.1484375,127025.0234375,56018.06640625
480.25,106025.515625,28008.697265625,94020.078125,111027.4765625,126958.1171875,56017.9921875
480.5,105972.0625,27965.162109375,93830.8359375,110955.1015625,127022.375,55922.8203125
480.75,232053.53125,56017.2890625,221045.4375,241059.484375,287053.6875,153998.53125
481.0,232054.6875,56017.36328125,221078.734375,241059.546875,287056.1875,154049.6875
481.25,232058.828125,56017.2109375,221078.671875,241062.34375,286913.40625,154049.28125
481.5,232051.796875,56017.54296875,221078.90625,241058.21875,287047.4375,154049.8125
481.75,231933.25,55999.9140625,221079.296875,241060.21875,287059.03125,154049.65625
482.0,232052.90625,55999.60546875,221078.859375,241059.46875,287054.09375,154049.625
482.25,232054.625,56017.328125,221078.671875,241059.265625,287055.8125,154049.71875
482.5,232054.875,56017.453125,221078.859375,241059.5625,287056.28125,154049.65625
482.75,217939.5625,48939.3359375,235575.90625,229840.203125,302058.40625,151758.0
483.0,217939.515625,48939.3203125,235576.0,229840.265625,302058.46875,151758.046875
483.25,218051.5625,49015.36328125,235991.75,230057.375,302059.28125,152049.625
483.5,218055.375,49014.9921875,236083.6875,230059.375,301909.28125,152048.375
483.75,217934.15625,49015.49609375,236084.5,230056.015625,302052.09375,152049.15625
484.0,218049.78125,49015.15625,236084.0625,230056.65625,302056.875,152049.015625
484.25,218051.5625,48999.7578125,236084.359375,230056.90625,302059.28125,152048.984375
484.5,218051.609375,49004.359375,236084.15625,230056.875,302059.1875,152049.046875
484.75,221052.75,48014.95703125,235083.96875,231998.3125,299060.375,155050.15625
485.0,221052.265625,48014.9609375,235083.84375,232057.328125,299058.5625,155049.96875
485.25,220938.546875,47940.5390625,234577.6875,231832.796875,299056.53125,154753.171875
485.5,221052.03125,48014.87890625,235049.34375,232056.8125,299057.5,155049.921875
485.75,221052.78125,48014.8515625,235083.4375,232057.5625,299061.0,155049.453125
486.0,221047.203125,48015.0390625,235083.90625,232055.921875,299047.4375,155050.15625
486.25,221047.71875,48015.04296875,235083.875,232055.96875,299049.0,155050.125
486.5,221052.171875,47999.69921875,235083.890625,232057.109375,299058.21875,155049.96875
486.75,0.0,0.0,0.0,0.0,0.0,0.0
487.0,0.0,0.0,0.0,0.0,0.0,0.0
487.25,0.0,0.0,0.0,0.0,0.0,0.0
487.5,0.0,0.0,0.0,0.0,0.0,0.0
487.75,0.0,0.0,0.0,0.0,0.0,0.0
488.0,0.0,0.0,0.0,0.0,0.0,0.0
488.25,0.0,0.0,0.0,0.0,0.0,0.0
488.5,0.0,0.0,0.0,0.0,0.0,0.0
488.75,0.0,0.0,0.0,0.0,0.0,0.0
489.0,0.0,0.0,0.0,0.0,0.0,0.0
489.25,0.0,0.0,0.0,0.0,0.0,0.0
489.5,0.0,0.0,0.0,0.0,0.0,0.0
489.75,0.0,0.0,0.0,0.0,0.0,0.0
490.0,0.0,0.0,0.0,0.0,0.0,0.0
490.25,0.0,0.0,0.0,0.0,0.0,0.0
490.5,0.0,0.0,0.0,0.0,0.0,0.0
490.75,0.0,0.0,0.0,0.0,0.0,0.0
491.0,0.0,0.0,0.0,0.0,0.0,0.0
491.25,0.0,0.0,0.0,0.0,0.0,0.0
491.5,0.0,0.0,0.0,0.0,0.0,0.0
491.75,0.0,0.0,0.0,0.0,0.0,0.0
492.0,0.0,0.0,0.0,0.0,0.0,0.0
492.25,0.0,0.0,0.0,0.0,0.0,0.0
492.5,0.0,0.0,0.0,0.0,0.0,0.0
492.75,0.0,0.0,0.0,0.0,0.0,0.0
493.0,0.0,0.0,0.0,0.0,0.0,0.0
493.25,0.0,0.0,0.0,0.0,0.0,0.0
493.5,0.0,0.0,0.0,0.0,0.0,0.0
493.75,0.0,0.0,0.0,0.0,0.0,0.0
494.0,0.0,0.0,0.0,0.0,0.0,0.0
494.25,0.0,0.0,0.0,0.0,0.0,0.0
494.5,0.0,0.0,0.0,0.0,0.0,0.0
494.75,0.0,0.0,0.0,0.0,0.0,0.0
495.0,0.0,0.0,0.0,0.0,0.0,0.0
495.25,0.0,0.0,0.0,0.0,0.0,0.0
495.5,0.0,0.0,0.0,0.0,0.0,0.0
495.75,0.0,0.0,0.0,0.0,0.0,0.0
496.0,0.0,0.0,0.0,0.0,0.0,0.0
496.25,0.0,0.0,0.0,0.0,0.0,0.0
496.5,0.0,0.0,0.0,0.0,0.0,0.0
496.75,0.0,0.0,0.0,0.0,0.0,0.0
497.0,0.0,0.0,0.0,0.0,0.0,0.0
497.25,0.0,0.0,0.0,0.0,0.0,0.0
497.5,0.0,0.0,0.0,0.0,0.0,0.0
497.75,0.0,0.0,0.0,0.0,0.0,0.0
498.0,0.0,0.0,0.0,0.0,0.0,0.0
498.25,0.0,0.0,0.0,0.0,0.0,0.0
498.5,0.0,0.0,0.0,0.0,0.0,0.0
498.75,0.0,0.0,0.0,0.0,0.0,0.0
499.0,0.0,0.0,0.0,0.0,0.0,0.0
499.25,0.0,0.0,0.0,0.0,0.0,0.0
499.5,0.0,0.0,0.0,0.0,0.0,0.0
499.75,0.0,0.0,0.0,0.0,0.0,0.0
500.0,0.0,0.0,0.0,0.0,0.0,0.0
500.25,0.0,0.0,0.0,0.0,0.0,0.0
500.5,0.0,0.0,0.0,0.0,0.0,0.0
500.75,0.0,0.0,0.0,0.0,0.0,0.0
501.0,0.0,0.0,0.0,0.0,0.0,0.0
501.25,0.0,0.0,0.0,0.0,0.0,0.0
501.5,0.0,0.0,0.0,0.0,0.0,0.0
501.75,0.0,0.0,0.0,0.0,0.0,0.0
502.0,0.0,0.0,0.0,0.0,0.0,0.0
502.25,0.0,0.0,0.0,0.0,0.0,0.0
502.5,0.0,0.0,0.0,0.0,0.0,0.0
502.75,0.0,0.0,0.0,0.0,0.0,0.0
503.0,0.0,0.0,0.0,0.0,0.0,0.0
503.25,0.0,0.0,0.0,0.0,0.0,0.0
503.5,0.0,0.0,0.0,0.0,0.0,0.0
