Time,Node 634.V1_rms,Node 634.V2_rms,Node 634.V3_rms,UpperBound,LowerBound
0.0,283.6258850097656,283.624267578125,283.6265563964844,263.0,291.0
0.25,283.6255798339844,283.6237487792969,283.7790222167969,263.0,291.0
0.5,283.6254577636719,283.6239013671875,283.6258850097656,263.0,291.0
0.75,283.62542724609375,283.7772216796875,283.62591552734375,263.0,291.0
1.0,283.6253967285156,283.62396240234375,283.6259460449219,263.0,291.0
1.25,283.6253967285156,283.62396240234375,283.6259460449219,263.0,291.0
1.5,283.7786560058594,283.6239929199219,283.6259460449219,263.0,291.0
1.75,283.6253967285156,283.6239929199219,283.6259460449219,263.0,291.0
2.0,283.6253967285156,283.6239929199219,283.6259460449219,263.0,291.0
2.25,283.6253967285156,283.6239929199219,283.6259460449219,263.0,291.0
2.5,283.6253967285156,283.6239929199219,283.77923583984375,263.0,291.0
2.75,283.6253967285156,283.6239929199219,283.77923583984375,263.0,291.0
3.0,283.6253967285156,283.7772521972656,283.6259460449219,263.0,291.0
3.25,283.6253967285156,283.6239929199219,283.6259765625,263.0,291.0
3.5,283.6253967285156,283.6239929199219,283.6259460449219,263.0,291.0
3.75,283.7786560058594,283.6239929199219,283.6259765625,263.0,291.0
4.0,283.6253967285156,283.6239929199219,283.6259460449219,263.0,291.0
4.25,283.6253967285156,283.6239929199219,283.6259765625,263.0,291.0
4.5,283.6253967285156,283.6239929199219,283.6259460449219,263.0,291.0
4.75,283.6253967285156,283.6239929199219,283.77923583984375,263.0,291.0
5.0,283.6253967285156,283.6239929199219,283.6259460449219,263.0,291.0
5.25,283.6253967285156,283.7772521972656,283.6259765625,263.0,291.0
5.5,283.6253967285156,283.7772521972656,283.6259460449219,263.0,291.0
5.75,283.6253967285156,283.6239929199219,283.6259460449219,263.0,291.0
6.0,283.7786560058594,283.6239929199219,283.6259460449219,263.0,291.0
6.25,283.6253967285156,283.6239929199219,283.6259460449219,263.0,291.0
6.5,283.6253967285156,283.6239929199219,283.6259460449219,263.0,291.0
6.75,283.6253967285156,283.6239929199219,283.6259460449219,263.0,291.0
7.0,283.6253967285156,283.6239929199219,283.77923583984375,263.0,291.0
7.25,283.6253967285156,283.6239929199219,283.6259460449219,263.0,291.0
7.5,283.6253967285156,283.7772521972656,283.6259460449219,263.0,291.0
7.75,283.6253967285156,283.6239929199219,283.6259460449219,263.0,291.0
8.0,283.6253967285156,283.6239929199219,283.6259460449219,263.0,291.0
8.25,283.6253967285156,283.6239929199219,283.6259460449219,263.0,291.0
8.5,283.6253967285156,283.6239929199219,283.6259460449219,263.0,291.0
8.75,283.6253967285156,283.6239929199219,283.6259460449219,263.0,291.0
9.0,283.6253967285156,283.6239929199219,283.6259460449219,263.0,291.0
9.25,283.6253967285156,283.6239929199219,283.6259460449219,263.0,291.0
9.5,283.6253967285156,283.6239929199219,283.6259460449219,263.0,291.0
9.75,283.6253967285156,283.7772521972656,283.6259460449219,263.0,291.0
10.0,283.6253967285156,283.6239929199219,283.6259460449219,263.0,291.0
10.25,283.6253967285156,283.6239929199219,283.6259460449219,263.0,291.0
10.5,283.6253967285156,283.6239929199219,283.6259460449219,263.0,291.0
10.75,283.9383850097656,283.9370422363281,283.9383544921875,263.0,291.0
11.0,283.9383850097656,283.9370422363281,283.9383544921875,263.0,291.0
11.25,283.9383850097656,283.9370422363281,283.9383544921875,263.0,291.0
11.5,283.9383850097656,283.9370422363281,283.9383544921875,263.0,291.0
11.75,283.9383850097656,283.9370422363281,283.9383544921875,263.0,291.0
12.0,283.9383850097656,283.9370422363281,283.9383544921875,263.0,291.0
12.25,283.9383850097656,283.9370422363281,283.9383544921875,263.0,291.0
12.5,284.0918273925781,283.9370422363281,283.9383544921875,263.0,291.0
12.75,283.93841552734375,283.9370422363281,283.9383239746094,263.0,291.0
13.0,283.9383850097656,283.9370422363281,283.9383544921875,263.0,291.0
13.25,283.9383850097656,283.9370422363281,283.9383544921875,263.0,291.0
13.5,283.9383850097656,283.9370422363281,283.9383544921875,263.0,291.0
13.75,283.9383850097656,283.9370422363281,284.0917663574219,263.0,291.0
14.0,283.9383850097656,283.9370422363281,283.9383544921875,263.0,291.0
14.25,283.9383850097656,283.9370422363281,283.9383544921875,263.0,291.0
14.5,283.9383850097656,283.9370422363281,283.9383544921875,263.0,291.0
14.75,284.0918273925781,283.9370422363281,283.9383544921875,263.0,291.0
15.0,283.9383850097656,283.9370422363281,283.9383544921875,263.0,291.0
15.25,283.9383850097656,283.9370422363281,283.9383544921875,263.0,291.0
15.5,283.9383850097656,283.9370422363281,283.9383544921875,263.0,291.0
15.75,283.9383850097656,283.9370422363281,283.9383544921875,263.0,291.0
16.0,283.9383850097656,283.9370422363281,283.9383239746094,263.0,291.0
16.25,283.9383850097656,283.9370422363281,283.9383544921875,263.0,291.0
16.5,283.9383850097656,284.0904846191406,283.9383544921875,263.0,291.0
16.75,283.9383850097656,283.9370422363281,283.9383544921875,263.0,291.0
17.0,283.9383850097656,283.9370422363281,283.9383239746094,263.0,291.0
17.25,283.9383850097656,283.9370422363281,283.9383544921875,263.0,291.0
17.5,283.9383850097656,283.9370422363281,283.9383239746094,263.0,291.0
17.75,283.9383850097656,283.9370422363281,283.9383544921875,263.0,291.0
18.0,283.9383850097656,283.9370422363281,283.9383544921875,263.0,291.0
18.25,283.9383850097656,283.9370422363281,284.0917663574219,263.0,291.0
18.5,283.9383850097656,283.9370422363281,283.9383239746094,263.0,291.0
18.75,283.9383850097656,283.9370422363281,283.9383544921875,263.0,291.0
19.0,283.9383850097656,283.9370422363281,283.9383544921875,263.0,291.0
19.25,283.9383850097656,283.9370422363281,283.9383544921875,263.0,291.0
19.5,283.9383850097656,283.9370422363281,283.9383544921875,263.0,291.0
19.75,283.9383850097656,283.9370422363281,283.9383544921875,263.0,291.0
20.0,283.9383850097656,283.9370422363281,283.9383544921875,263.0,291.0
20.25,283.9383850097656,283.9370422363281,283.9383544921875,263.0,291.0
20.5,283.9383850097656,283.9370422363281,284.0917663574219,263.0,291.0
20.75,283.9383850097656,283.9370422363281,283.9383544921875,263.0,291.0
21.0,283.9383850097656,283.9370422363281,283.9383544921875,263.0,291.0
21.25,283.9383850097656,283.9370422363281,283.9383544921875,263.0,291.0
21.5,283.9383850097656,283.9370422363281,283.9383544921875,263.0,291.0
21.75,283.9383850097656,283.9370422363281,283.9383544921875,263.0,291.0
22.0,283.9383850097656,283.9370422363281,283.9383544921875,263.0,291.0
22.25,283.9383850097656,283.9370422363281,283.9383544921875,263.0,291.0
22.5,283.9383850097656,283.9370422363281,283.9383544921875,263.0,291.0
22.75,283.9383850097656,283.9370422363281,283.9383544921875,263.0,291.0
23.0,283.9383850097656,283.9370422363281,283.9383544921875,263.0,291.0
23.25,283.9383850097656,283.9370422363281,283.9383544921875,263.0,291.0
23.5,283.9383850097656,283.9370422363281,283.9383544921875,263.0,291.0
23.75,283.9383850097656,283.9370422363281,283.9383239746094,263.0,291.0
24.0,283.9383850097656,283.9370422363281,283.9383544921875,263.0,291.0
24.25,283.9383850097656,283.9370422363281,283.9383544921875,263.0,291.0
24.5,283.9383850097656,283.9370422363281,283.9383544921875,263.0,291.0
24.75,283.9383850097656,283.9370422363281,284.0917663574219,263.0,291.0
25.0,283.9383850097656,283.9370422363281,283.9383544921875,263.0,291.0
25.25,283.9383850097656,284.0904846191406,283.9383239746094,263.0,291.0
25.5,283.9383850097656,283.9370422363281,283.9383544921875,263.0,291.0
25.75,283.9383850097656,283.9370422363281,283.9383239746094,263.0,291.0
26.0,284.0918273925781,283.9370422363281,283.9383544921875,263.0,291.0
26.25,283.9383850097656,283.9370422363281,283.9383239746094,263.0,291.0
26.5,283.9383850097656,283.9370422363281,283.9383544921875,263.0,291.0
26.75,283.9383850097656,283.9370422363281,283.9383239746094,263.0,291.0
27.0,283.9383850097656,283.9370422363281,283.9383544921875,263.0,291.0
27.25,283.9383850097656,283.93707275390625,284.0917663574219,263.0,291.0
27.5,283.9383850097656,283.9370422363281,283.9383544921875,263.0,291.0
27.75,283.9383850097656,283.9370422363281,283.9383239746094,263.0,291.0
28.0,283.9383850097656,283.9370422363281,283.9383544921875,263.0,291.0
28.25,284.0918273925781,283.93707275390625,283.9383544921875,263.0,291.0
28.5,283.9383850097656,283.9370422363281,283.9383544921875,263.0,291.0
28.75,283.9383850097656,283.9370422363281,283.9383544921875,263.0,291.0
29.0,283.9383850097656,283.9370422363281,283.9383544921875,263.0,291.0
29.25,283.9383850097656,283.9370422363281,283.9383544921875,263.0,291.0
29.5,283.9383850097656,283.9370422363281,284.091796875,263.0,291.0
29.75,283.9383850097656,284.0904846191406,283.9383544921875,263.0,291.0
30.0,283.9383850097656,283.9370422363281,283.9383544921875,263.0,291.0
30.25,283.9383850097656,283.9370422363281,283.9383544921875,263.0,291.0
30.5,284.0918273925781,283.9370422363281,283.9383544921875,263.0,291.0
30.75,283.9383850097656,283.9370422363281,283.9383544921875,263.0,291.0
31.0,283.9383850097656,283.9370422363281,283.9383544921875,263.0,291.0
31.25,283.9383850097656,283.9370422363281,283.9383544921875,263.0,291.0
31.5,283.9383850097656,283.9370422363281,283.9383544921875,263.0,291.0
31.75,283.9383850097656,283.9370422363281,283.9383544921875,263.0,291.0
32.0,283.9383850097656,284.0904846191406,283.9383544921875,263.0,291.0
32.25,283.9383850097656,283.9370422363281,283.9383544921875,263.0,291.0
32.5,283.9383850097656,283.9370422363281,283.9383544921875,263.0,291.0
32.75,284.0918273925781,283.9370422363281,283.9383239746094,263.0,291.0
33.0,283.9383850097656,283.9370422363281,283.9383544921875,263.0,291.0
33.25,283.9383850097656,283.9370422363281,283.9383544921875,263.0,291.0
33.5,283.9383850097656,283.9370422363281,283.9383239746094,263.0,291.0
33.75,283.9383850097656,283.9370422363281,284.0917663574219,263.0,291.0
34.0,283.9383850097656,283.9370422363281,284.0917663574219,263.0,291.0
34.25,283.9383850097656,284.0904846191406,283.9383544921875,263.0,291.0
34.5,283.9383850097656,283.9370422363281,283.9383239746094,263.0,291.0
34.75,283.9383850097656,283.9370422363281,283.9383544921875,263.0,291.0
35.0,284.0918273925781,283.9370422363281,283.9383239746094,263.0,291.0
35.25,283.9383850097656,283.9370422363281,283.9383544921875,263.0,291.0
35.5,283.9383850097656,283.9370422363281,283.9383544921875,263.0,291.0
35.75,283.9383850097656,283.9370422363281,283.9383544921875,263.0,291.0
36.0,283.9383850097656,283.9370422363281,284.091796875,263.0,291.0
36.25,283.9383850097656,283.9370422363281,283.9383544921875,263.0,291.0
36.5,283.9383850097656,284.0904846191406,283.9383544921875,263.0,291.0
36.75,283.9383850097656,283.9370422363281,283.9383544921875,263.0,291.0
37.0,283.9383850097656,283.9370422363281,283.9383239746094,263.0,291.0
37.25,283.9383850097656,283.9370422363281,283.9383544921875,263.0,291.0
37.5,283.93841552734375,283.9370422363281,283.9383544921875,263.0,291.0
37.75,283.9383850097656,283.9370422363281,283.9383544921875,263.0,291.0
38.0,283.93841552734375,283.9370422363281,283.9383544921875,263.0,291.0
38.25,283.9383850097656,283.9370422363281,284.091796875,263.0,291.0
38.5,283.93841552734375,284.0904846191406,283.9383544921875,263.0,291.0
38.75,283.9383850097656,283.9370422363281,283.9383544921875,263.0,291.0
39.0,283.93841552734375,283.9370422363281,283.9383544921875,263.0,291.0
39.25,284.0918273925781,283.9370422363281,283.9383544921875,263.0,291.0
39.5,283.9383850097656,283.9370422363281,283.9383544921875,263.0,291.0
39.75,283.9383850097656,283.9370422363281,283.9383544921875,263.0,291.0
40.0,283.9383850097656,283.9370422363281,283.9383544921875,263.0,291.0
40.25,283.9383850097656,283.9370422363281,283.9383544921875,263.0,291.0
40.5,283.9383850097656,283.9370422363281,284.0917663574219,263.0,291.0
40.75,283.9383850097656,284.0904846191406,283.9383544921875,263.0,291.0
41.0,283.9383850097656,283.9370422363281,283.9383544921875,263.0,291.0
41.25,283.9383850097656,283.9370422363281,283.9383544921875,263.0,291.0
41.5,284.0918273925781,283.9370422363281,283.9383544921875,263.0,291.0
41.75,283.9383850097656,283.9370422363281,283.9383544921875,263.0,291.0
42.0,283.9383850097656,283.9370422363281,283.9383544921875,263.0,291.0
42.25,283.9383850097656,283.9370422363281,283.9383239746094,263.0,291.0
42.5,283.9383850097656,283.9370422363281,283.9383544921875,263.0,291.0
42.75,283.9383850097656,283.9370422363281,283.9383544921875,263.0,291.0
43.0,283.9383850097656,283.9370422363281,283.9383544921875,263.0,291.0
43.25,283.9383850097656,283.9370422363281,283.9383239746094,263.0,291.0
43.5,283.9383850097656,283.9370422363281,283.9383544921875,263.0,291.0
43.75,284.0918273925781,283.9370422363281,283.9383239746094,263.0,291.0
44.0,283.9383850097656,283.9370422363281,283.9383544921875,263.0,291.0
44.25,283.9383850097656,283.9370422363281,283.9383239746094,263.0,291.0
44.5,283.9383850097656,283.9370422363281,283.9383544921875,263.0,291.0
44.75,283.9383850097656,283.9370422363281,284.0917663574219,263.0,291.0
45.0,283.9383850097656,283.9370422363281,283.9383544921875,263.0,291.0
45.25,283.9383850097656,283.9370422363281,283.9383544921875,263.0,291.0
45.5,283.9383850097656,283.9370422363281,283.9383544921875,263.0,291.0
45.75,284.0918273925781,283.9370422363281,283.9383544921875,263.0,291.0
46.0,284.0918273925781,283.9370422363281,283.9383544921875,263.0,291.0
46.25,283.9383850097656,283.9370422363281,283.9383544921875,263.0,291.0
46.5,283.9383850097656,283.9370422363281,283.9383544921875,263.0,291.0
46.75,283.93841552734375,283.9370422363281,283.9383544921875,263.0,291.0
47.0,283.9383850097656,283.9370422363281,284.091796875,263.0,291.0
47.25,283.93841552734375,284.0904846191406,283.9383544921875,263.0,291.0
47.5,283.9383850097656,283.9370422363281,283.9383544921875,263.0,291.0
47.75,283.9383850097656,283.9370422363281,283.9383544921875,263.0,291.0
48.0,284.0918273925781,283.9370422363281,283.9383544921875,263.0,291.0
48.25,283.9383850097656,283.9370422363281,283.9383544921875,263.0,291.0
48.5,283.9383850097656,283.9370422363281,283.9383544921875,263.0,291.0
48.75,283.9383850097656,283.9370422363281,283.9383544921875,263.0,291.0
49.0,283.9383850097656,283.9370422363281,283.9383544921875,263.0,291.0
49.25,283.9383850097656,283.9370422363281,283.9383544921875,263.0,291.0
49.5,283.9383850097656,283.9370422363281,283.9383544921875,263.0,291.0
49.75,283.9383850097656,283.9370422363281,283.9383544921875,263.0,291.0
50.0,283.9383850097656,283.9370422363281,283.9383544921875,263.0,291.0
50.25,284.0918273925781,283.9370422363281,283.9383544921875,263.0,291.0
50.5,284.0918273925781,283.9370422363281,283.9383239746094,263.0,291.0
50.75,283.9383850097656,283.9370422363281,283.9383544921875,263.0,291.0
51.0,283.9383850097656,283.9370422363281,283.9383239746094,263.0,291.0
51.25,283.9383850097656,283.9370422363281,284.0917663574219,263.0,291.0
51.5,283.9383850097656,283.9370422363281,284.0917663574219,263.0,291.0
51.75,283.9383850097656,283.9370422363281,283.9383544921875,263.0,291.0
52.0,283.9383850097656,283.9370422363281,283.9383239746094,263.0,291.0
52.25,283.9383850097656,283.9370422363281,283.9383544921875,263.0,291.0
52.5,283.9383850097656,283.93707275390625,283.9383239746094,263.0,291.0
52.75,283.9383850097656,283.9370422363281,283.9383544921875,263.0,291.0
53.0,283.9383850097656,283.9370422363281,283.9383239746094,263.0,291.0
53.25,283.9383850097656,283.9370422363281,283.9383544921875,263.0,291.0
53.5,283.9383850097656,283.9370422363281,283.9383239746094,263.0,291.0
53.75,283.9383850097656,283.9370422363281,283.9383544921875,263.0,291.0
54.0,283.9383850097656,284.0904846191406,283.9383239746094,263.0,291.0
54.25,283.9383850097656,283.9370422363281,283.9383544921875,263.0,291.0
54.5,283.9383850097656,283.9370422363281,283.9383544921875,263.0,291.0
54.75,284.0918273925781,283.9370422363281,283.9383544921875,263.0,291.0
55.0,283.93841552734375,283.9370422363281,283.9383544921875,263.0,291.0
55.25,283.9383850097656,283.9370422363281,283.9383544921875,263.0,291.0
55.5,283.9383850097656,283.9370422363281,283.9383544921875,263.0,291.0
55.75,282.87481689453125,283.3918762207031,283.482666015625,263.0,291.0
56.0,282.87481689453125,283.3918762207031,283.3295593261719,263.0,291.0
56.25,282.87481689453125,283.3918762207031,283.3295593261719,263.0,291.0
56.5,282.87481689453125,283.5450439453125,283.3295593261719,263.0,291.0
56.75,282.87481689453125,283.3918762207031,283.3295593261719,263.0,291.0
57.0,283.0276794433594,283.3918762207031,283.3295593261719,263.0,291.0
57.25,282.87481689453125,283.3918762207031,283.3295593261719,263.0,291.0
57.5,282.87481689453125,283.3918762207031,283.3295593261719,263.0,291.0
57.75,282.9350891113281,283.41180419921875,283.2843933105469,263.0,291.0
58.0,282.9350891113281,283.41180419921875,283.2843933105469,263.0,291.0
58.25,282.9350891113281,283.41180419921875,283.4374694824219,263.0,291.0
58.5,282.9350891113281,283.5649719238281,283.28436279296875,263.0,291.0
58.75,282.9350891113281,283.41180419921875,283.28436279296875,263.0,291.0
59.0,282.9350891113281,283.41180419921875,283.2843933105469,263.0,291.0
59.25,283.0879821777344,283.41180419921875,283.2843933105469,263.0,291.0
59.5,282.9350891113281,283.41180419921875,283.28436279296875,263.0,291.0
59.75,282.93463134765625,283.4327697753906,283.30517578125,263.0,291.0
60.0,282.9346008300781,283.4327697753906,283.30517578125,263.0,291.0
60.25,282.93463134765625,283.4327697753906,283.30517578125,263.0,291.0
60.5,282.9346008300781,283.4327697753906,283.4582824707031,263.0,291.0
60.75,282.93463134765625,283.4327697753906,283.30517578125,263.0,291.0
61.0,282.93463134765625,283.5859375,283.30517578125,263.0,291.0
61.25,282.9346008300781,283.4327697753906,283.30517578125,263.0,291.0
61.5,283.0875244140625,283.4327697753906,283.30517578125,263.0,291.0
61.75,282.93634033203125,283.3697204589844,283.2637634277344,263.0,291.0
62.0,282.93634033203125,283.3697204589844,283.2637634277344,263.0,291.0
62.25,282.93634033203125,283.3697204589844,283.2637634277344,263.0,291.0
62.5,282.93634033203125,283.3697204589844,283.2637634277344,263.0,291.0
62.75,282.93634033203125,283.3697204589844,283.4168395996094,263.0,291.0
63.0,282.93634033203125,283.5228576660156,283.2637634277344,263.0,291.0
63.25,282.9363708496094,283.3697204589844,283.2637634277344,263.0,291.0
63.5,282.93634033203125,283.3697204589844,283.2486877441406,263.0,291.0
63.75,283.1312255859375,283.45465087890625,283.2194519042969,263.0,291.0
64.0,282.9783020019531,283.45465087890625,283.219482421875,263.0,291.0
64.25,282.9783020019531,283.45465087890625,283.2194519042969,263.0,291.0
64.5,282.9783020019531,283.45465087890625,283.2194519042969,263.0,291.0
64.75,282.9783020019531,283.45465087890625,283.2194519042969,263.0,291.0
65.0,282.9783020019531,283.45465087890625,283.37249755859375,263.0,291.0
65.25,282.9783020019531,283.6078186035156,283.2194519042969,263.0,291.0
65.5,282.9783020019531,283.45465087890625,283.21966552734375,263.0,291.0
65.75,282.9786376953125,283.4335632324219,283.21978759765625,263.0,291.0
66.0,283.1315612792969,283.4335632324219,283.21978759765625,263.0,291.0
66.25,282.9786376953125,283.4335632324219,283.21978759765625,263.0,291.0
66.5,282.9786376953125,283.4335632324219,283.21978759765625,263.0,291.0
66.75,282.9786376953125,283.4335632324219,283.21978759765625,263.0,291.0
67.0,282.9786376953125,283.4335632324219,283.21978759765625,263.0,291.0
67.25,282.9786376953125,283.4335632324219,283.21978759765625,263.0,291.0
67.5,282.9786376953125,283.4335632324219,283.21978759765625,263.0,291.0
67.75,282.978271484375,283.45477294921875,283.2194519042969,263.0,291.0
68.0,282.978271484375,283.45477294921875,283.2194519042969,263.0,291.0
68.25,283.1311950683594,283.45477294921875,283.2194519042969,263.0,291.0
68.5,283.1311950683594,283.45477294921875,283.2194519042969,263.0,291.0
68.75,282.978271484375,283.45477294921875,283.2194519042969,263.0,291.0
69.0,282.9783020019531,283.45477294921875,283.2194519042969,263.0,291.0
69.25,282.978271484375,283.45477294921875,283.37249755859375,263.0,291.0
69.5,282.9783020019531,283.45477294921875,283.37249755859375,263.0,291.0
69.75,282.95745849609375,283.4554748535156,283.19805908203125,263.0,291.0
70.0,282.9574890136719,283.4554748535156,283.1980285644531,263.0,291.0
70.25,282.9574890136719,283.4554748535156,283.19805908203125,263.0,291.0
70.5,283.1103820800781,283.4554748535156,283.19805908203125,263.0,291.0
70.75,282.95745849609375,283.4554748535156,283.19805908203125,263.0,291.0
71.0,282.9574890136719,283.4554748535156,283.19805908203125,263.0,291.0
71.25,282.95745849609375,283.4554748535156,283.19805908203125,263.0,291.0
71.5,282.9574890136719,283.4554748535156,283.19805908203125,263.0,291.0
71.75,282.97906494140625,283.43389892578125,283.1980285644531,263.0,291.0
72.0,282.97906494140625,283.43389892578125,283.1980285644531,263.0,291.0
72.25,282.97906494140625,283.5870666503906,283.1980285644531,263.0,291.0
72.5,282.97906494140625,283.43389892578125,283.1980285644531,263.0,291.0
72.75,282.97906494140625,283.43389892578125,283.1980285644531,263.0,291.0
73.0,283.1319885253906,283.43389892578125,283.1980285644531,263.0,291.0
73.25,282.97906494140625,283.43389892578125,283.1980285644531,263.0,291.0
73.5,282.97906494140625,283.43389892578125,283.1980285644531,263.0,291.0
73.75,282.9368591308594,283.3916931152344,283.3736877441406,263.0,291.0
74.0,282.9368591308594,283.3916931152344,283.3736877441406,263.0,291.0
74.25,282.9368591308594,283.5448303222656,283.22064208984375,263.0,291.0
74.5,282.9368591308594,283.3916931152344,283.22064208984375,263.0,291.0
74.75,282.9368591308594,283.3916931152344,283.2206115722656,263.0,291.0
75.0,283.0897521972656,283.3916931152344,283.2206115722656,263.0,291.0
75.25,282.9368591308594,283.3916931152344,283.22064208984375,263.0,291.0
75.5,282.9368591308594,283.3916931152344,283.2272644042969,263.0,291.0
75.75,282.8724060058594,283.39227294921875,283.2430114746094,263.0,291.0
76.0,282.8724060058594,283.39227294921875,283.2430114746094,263.0,291.0
76.25,282.8724060058594,283.39227294921875,283.2430114746094,263.0,291.0
76.5,282.8724060058594,283.54541015625,283.2430114746094,263.0,291.0
76.75,282.8724060058594,283.54541015625,283.2430114746094,263.0,291.0
77.0,282.8724060058594,283.39227294921875,283.2430114746094,263.0,291.0
77.25,283.0252685546875,283.39227294921875,283.2430114746094,263.0,291.0
77.5,282.8724060058594,283.39227294921875,283.2636413574219,263.0,291.0
77.75,282.9151611328125,283.3055114746094,283.3074951171875,263.0,291.0
78.0,282.9151611328125,283.3055114746094,283.3074951171875,263.0,291.0
78.25,282.9151611328125,283.3055114746094,283.4605712890625,263.0,291.0
78.5,282.9151611328125,283.3055114746094,283.4606018066406,263.0,291.0
78.75,282.9151611328125,283.4586181640625,283.3074951171875,263.0,291.0
79.0,282.9151611328125,283.3055114746094,283.3074951171875,263.0,291.0
79.25,282.9151611328125,283.3055114746094,283.3074951171875,263.0,291.0
79.5,282.9151611328125,283.3055114746094,283.3074951171875,263.0,291.0
79.75,282.95831298828125,283.30517578125,283.2856750488281,263.0,291.0
80.0,282.9582824707031,283.30517578125,283.2856750488281,263.0,291.0
80.25,282.95831298828125,283.30517578125,283.2856750488281,263.0,291.0
80.5,282.9582824707031,283.30517578125,283.2856750488281,263.0,291.0
80.75,282.9582824707031,283.30517578125,283.2856750488281,263.0,291.0
81.0,282.9582824707031,283.4582824707031,283.2856750488281,263.0,291.0
81.25,282.9582824707031,283.458251953125,283.2856750488281,263.0,291.0
81.5,282.9582824707031,283.30517578125,283.2856750488281,263.0,291.0
81.75,283.0676574707031,283.3478088378906,283.3072509765625,263.0,291.0
82.0,282.9147644042969,283.34783935546875,283.3072509765625,263.0,291.0
82.25,282.9147644042969,283.3478088378906,283.3072509765625,263.0,291.0
82.5,282.9147644042969,283.34783935546875,283.3072509765625,263.0,291.0
82.75,282.9147644042969,283.3478088378906,283.4603576660156,263.0,291.0
83.0,282.9147644042969,283.34783935546875,283.4603576660156,263.0,291.0
83.25,282.9147644042969,283.3478088378906,283.3072509765625,263.0,291.0
83.5,282.9147644042969,283.5009460449219,283.3072509765625,263.0,291.0
83.75,283.60491943359375,283.7340393066406,283.6924743652344,263.0,291.0
84.0,283.7581787109375,283.73406982421875,283.69244384765625,263.0,291.0
84.25,283.60491943359375,283.73406982421875,283.6924743652344,263.0,291.0
84.5,283.60491943359375,283.73406982421875,283.69244384765625,263.0,291.0
84.75,283.60491943359375,283.73406982421875,283.6924743652344,263.0,291.0
85.0,283.60491943359375,283.73406982421875,283.69244384765625,263.0,291.0
85.25,283.60491943359375,283.73406982421875,283.84576416015625,263.0,291.0
85.5,283.60491943359375,283.73406982421875,283.69244384765625,263.0,291.0
85.75,283.5635681152344,283.7353515625,283.6722717285156,263.0,291.0
86.0,283.5635681152344,283.7353515625,283.6722717285156,263.0,291.0
86.25,283.5635681152344,283.7353515625,283.6722717285156,263.0,291.0
86.5,283.5635681152344,283.7353515625,283.6722717285156,263.0,291.0
86.75,283.5635681152344,283.7353515625,283.6722717285156,263.0,291.0
87.0,283.5635681152344,283.7353515625,283.6722717285156,263.0,291.0
87.25,283.5635681152344,283.7353515625,283.8255615234375,263.0,291.0
87.5,283.5635070800781,283.7353515625,283.6722717285156,263.0,291.0
87.75,283.5635070800781,283.7353515625,283.6722717285156,263.0,291.0
88.0,283.5635070800781,283.7353515625,283.8255615234375,263.0,291.0
88.25,283.5635070800781,283.7353515625,283.6722717285156,263.0,291.0
88.5,283.5635070800781,283.8887023925781,283.6722412109375,263.0,291.0
88.75,283.4568176269531,283.6719665527344,283.75994873046875,263.0,291.0
89.0,283.6100158691406,283.6719665527344,283.75994873046875,263.0,291.0
89.25,283.4568176269531,283.6719665527344,283.75994873046875,263.0,291.0
89.5,283.4568176269531,283.6719665527344,283.75994873046875,263.0,291.0
89.75,283.4568176269531,283.82525634765625,283.75994873046875,263.0,291.0
90.0,283.4568176269531,283.6719665527344,283.9132995605469,263.0,291.0
90.25,283.67333984375,283.7137145996094,283.7370300292969,263.0,291.0
90.5,283.5201110839844,283.7137145996094,283.7370300292969,263.0,291.0
90.75,283.5201416015625,283.7137145996094,283.7370300292969,263.0,291.0
91.0,283.5201110839844,283.7137145996094,283.737060546875,263.0,291.0
91.25,283.4557189941406,283.7572326660156,283.7373962402344,263.0,291.0
91.5,283.4556884765625,283.9105529785156,283.7373962402344,263.0,291.0
91.75,283.4556884765625,283.7572326660156,283.7373962402344,263.0,291.0
92.0,283.4556884765625,283.7572326660156,283.7373962402344,263.0,291.0
92.25,283.60888671875,283.7572326660156,283.7373962402344,263.0,291.0
92.5,283.4556884765625,283.7572326660156,283.7373962402344,263.0,291.0
92.75,283.583251953125,283.6904602050781,283.7999572753906,263.0,291.0
93.0,283.583251953125,283.6904602050781,283.7999572753906,263.0,291.0
93.25,283.583251953125,283.6904602050781,283.7999572753906,263.0,291.0
93.5,283.583251953125,283.6904602050781,283.7999572753906,263.0,291.0
93.75,283.583251953125,283.6904602050781,283.7999572753906,263.0,291.0
94.0,283.6492919921875,283.7799987792969,283.7362976074219,263.0,291.0
94.25,283.6493225097656,283.6267395019531,283.7362976074219,263.0,291.0
94.5,283.6492919921875,283.6267395019531,283.8896484375,263.0,291.0
94.75,283.6492919921875,283.6267395019531,283.7362976074219,263.0,291.0
95.0,283.6493225097656,283.6267395019531,283.7362976074219,263.0,291.0
95.25,283.6492919921875,283.6267395019531,283.7362976074219,263.0,291.0
95.5,283.6493225097656,283.6267395019531,283.7362976074219,263.0,291.0
95.75,283.62811279296875,283.62701416015625,283.73663330078125,263.0,291.0
96.0,283.62811279296875,283.62701416015625,283.7366027832031,263.0,291.0
96.25,283.62811279296875,283.6269836425781,283.73663330078125,263.0,291.0
96.5,283.62811279296875,283.62701416015625,283.73663330078125,263.0,291.0
96.75,283.62811279296875,283.62701416015625,283.7366027832031,263.0,291.0
97.0,283.62811279296875,283.62701416015625,283.73663330078125,263.0,291.0
97.25,283.6490173339844,283.64788818359375,283.7359313964844,263.0,291.0
97.5,283.6490173339844,283.6479187011719,283.7359313964844,263.0,291.0
97.75,283.8022766113281,283.64788818359375,283.7359313964844,263.0,291.0
98.0,283.64898681640625,283.8011779785156,283.7359313964844,263.0,291.0
98.25,283.6490173339844,283.64788818359375,283.7359313964844,263.0,291.0
98.5,283.64898681640625,283.8011779785156,283.7359313964844,263.0,291.0
98.75,283.8019714355469,283.6691589355469,283.7355651855469,263.0,291.0
99.0,283.648681640625,283.6691589355469,283.7355651855469,263.0,291.0
99.25,283.648681640625,283.6691589355469,283.7355651855469,263.0,291.0
99.5,283.648681640625,283.6691589355469,283.7355651855469,263.0,291.0
99.75,283.648681640625,283.6691589355469,283.7355651855469,263.0,291.0
100.0,283.69189453125,283.5828552246094,283.7786560058594,263.0,291.0
100.25,283.69189453125,283.5828552246094,283.7786560058594,263.0,291.0
100.5,283.69189453125,283.5828552246094,283.7786865234375,263.0,291.0
100.75,283.69189453125,283.5828552246094,283.7786865234375,263.0,291.0
101.0,283.84521484375,283.5828552246094,283.7786560058594,263.0,291.0
101.25,283.7334289550781,283.60260009765625,283.820068359375,263.0,291.0
101.5,283.8867492675781,283.60260009765625,283.820068359375,263.0,291.0
101.75,283.7334289550781,283.60260009765625,283.820068359375,263.0,291.0
102.0,283.7334289550781,283.60260009765625,283.820068359375,263.0,291.0
102.25,283.7334289550781,283.60260009765625,283.97344970703125,263.0,291.0
102.5,283.7334289550781,283.60260009765625,283.820068359375,263.0,291.0
102.75,283.5616760253906,283.6683654785156,283.86431884765625,263.0,291.0
103.0,283.5616760253906,283.6683654785156,284.0177307128906,263.0,291.0
103.25,283.5616760253906,283.6683654785156,283.86431884765625,263.0,291.0
103.5,283.5616760253906,283.6683654785156,283.86431884765625,263.0,291.0
103.75,283.5616760253906,283.6683654785156,283.86431884765625,263.0,291.0
104.0,284.01690673828125,284.05859375,284.2105712890625,263.0,291.0
104.25,284.0168762207031,284.05859375,284.2105712890625,263.0,291.0
104.5,284.01690673828125,284.05859375,284.2105712890625,263.0,291.0
104.75,284.01690673828125,284.05859375,284.2105712890625,263.0,291.0
105.0,284.01690673828125,284.05859375,284.2105712890625,263.0,291.0
105.25,284.01690673828125,284.05859375,284.2105712890625,263.0,291.0
105.5,284.0379943847656,284.2547302246094,284.1668395996094,263.0,291.0
105.75,284.0379943847656,284.2547302246094,284.1668395996094,263.0,291.0
106.0,284.0379943847656,284.1011962890625,284.1668395996094,263.0,291.0
106.25,284.0379943847656,284.1011962890625,284.1668395996094,263.0,291.0
106.5,284.0379943847656,284.1011962890625,284.3204040527344,263.0,291.0
106.75,284.18939208984375,284.0800476074219,284.0164489746094,263.0,291.0
107.0,284.18939208984375,284.0800476074219,284.0164489746094,263.0,291.0
107.25,284.18939208984375,284.0800476074219,284.0164489746094,263.0,291.0
107.5,284.18939208984375,284.0800476074219,284.0164489746094,263.0,291.0
107.75,284.3172912597656,284.0140380859375,284.0365905761719,263.0,291.0
108.0,284.3172912597656,284.0140380859375,284.0365905761719,263.0,291.0
108.25,284.3172912597656,284.0140380859375,284.0365905761719,263.0,291.0
108.5,284.3172912597656,284.0140380859375,284.0365905761719,263.0,291.0
108.75,284.3172912597656,284.0140380859375,284.0365905761719,263.0,291.0
109.0,284.3172912597656,284.0140380859375,284.0365905761719,263.0,291.0
109.25,284.2538146972656,283.9076232910156,284.1241455078125,263.0,291.0
109.5,284.2538146972656,283.9076232910156,284.1241455078125,263.0,291.0
109.75,284.2538146972656,283.9076232910156,284.1241149902344,263.0,291.0
110.0,284.2538146972656,283.9076232910156,284.2776794433594,263.0,291.0
110.25,284.2538146972656,283.9076232910156,284.1241455078125,263.0,291.0
110.5,284.3408508300781,283.82208251953125,284.0816345214844,263.0,291.0
110.75,284.3408508300781,283.82208251953125,284.0816345214844,263.0,291.0
111.0,284.3408508300781,283.82208251953125,284.0816345214844,263.0,291.0
111.25,284.3408508300781,283.82208251953125,284.0816345214844,263.0,291.0
111.5,284.31951904296875,283.7576599121094,284.1466369628906,263.0,291.0
111.75,284.31951904296875,283.7576599121094,284.1466064453125,263.0,291.0
112.0,284.31951904296875,283.7576599121094,284.1466369628906,263.0,291.0
112.25,284.31951904296875,283.7576599121094,284.1466369628906,263.0,291.0
112.5,284.31951904296875,283.7576599121094,284.1466064453125,263.0,291.0
112.75,284.3195495605469,283.9757385253906,284.0820007324219,263.0,291.0
113.0,284.3195495605469,283.8223571777344,284.0820007324219,263.0,291.0
113.25,284.3195495605469,283.8223571777344,284.0820007324219,263.0,291.0
113.5,284.3195495605469,283.8223571777344,284.0820007324219,263.0,291.0
113.75,284.4731750488281,283.8223571777344,284.0820007324219,263.0,291.0
114.0,284.2972717285156,283.9079895019531,284.059814453125,263.0,291.0
114.25,284.29730224609375,283.9079895019531,284.059814453125,263.0,291.0
114.5,284.29730224609375,283.9079895019531,284.059814453125,263.0,291.0
114.75,284.29730224609375,283.9079895019531,284.059814453125,263.0,291.0
115.0,284.450927734375,283.9079895019531,284.0598449707031,263.0,291.0
115.25,284.2972717285156,284.0614013671875,284.059814453125,263.0,291.0
115.5,284.450927734375,283.9079895019531,284.059814453125,263.0,291.0
115.75,284.041015625,284.061279296875,284.0193176269531,263.0,291.0
116.0,284.041015625,284.061279296875,284.019287109375,263.0,291.0
116.25,284.041015625,284.061279296875,284.019287109375,263.0,291.0
116.5,284.041015625,284.061279296875,284.019287109375,263.0,291.0
116.75,284.0397033691406,284.1029357910156,284.0610046386719,263.0,291.0
117.0,284.0397033691406,284.1029357910156,284.0610046386719,263.0,291.0
117.25,284.03973388671875,284.1029357910156,284.0610046386719,263.0,291.0
117.5,284.0397033691406,284.1029357910156,284.2145080566406,263.0,291.0
117.75,284.0397033691406,284.1029357910156,284.0610046386719,263.0,291.0
118.0,284.03973388671875,284.1029357910156,284.0610046386719,263.0,291.0
118.25,284.1886901855469,283.9931335449219,284.1449890136719,263.0,291.0
118.5,284.1886901855469,283.99310302734375,284.1449890136719,263.0,291.0
118.75,284.1886901855469,283.99310302734375,284.1449890136719,263.0,291.0
119.0,284.188720703125,283.9931335449219,284.1449890136719,263.0,291.0
119.25,284.188720703125,283.99310302734375,284.1449890136719,263.0,291.0
119.5,284.188720703125,283.99310302734375,284.1449890136719,263.0,291.0
119.75,283.5208740234375,283.5841979980469,283.8876647949219,263.0,291.0
120.0,283.5208740234375,283.7374572753906,283.8876647949219,263.0,291.0
120.25,283.5208740234375,283.5841979980469,283.8876647949219,263.0,291.0
120.5,283.5208740234375,283.7374572753906,283.8876647949219,263.0,291.0
120.75,283.4365234375,283.65362548828125,283.86920166015625,263.0,291.0
121.0,283.4365234375,283.50042724609375,284.0226135253906,263.0,291.0
121.25,283.4365234375,283.50042724609375,283.86920166015625,263.0,291.0
121.5,283.4365234375,283.50042724609375,283.86920166015625,263.0,291.0
121.75,283.4365234375,283.50042724609375,283.86920166015625,263.0,291.0
122.0,283.45697021484375,283.54248046875,283.8681640625,263.0,291.0
122.25,283.4569396972656,283.6956787109375,283.8681640625,263.0,291.0
122.5,283.45697021484375,283.54248046875,283.8681640625,263.0,291.0
122.75,283.4569396972656,283.54248046875,283.8681640625,263.0,291.0
123.0,283.45697021484375,283.54248046875,283.8681640625,263.0,291.0
123.25,283.45697021484375,283.54248046875,283.8681640625,263.0,291.0
123.5,283.22015380859375,283.69464111328125,283.890869140625,263.0,291.0
123.75,283.22015380859375,283.69464111328125,283.890869140625,263.0,291.0
124.0,283.22015380859375,283.69464111328125,283.890869140625,263.0,291.0
124.25,283.22015380859375,283.69464111328125,283.890869140625,263.0,291.0
124.5,283.22015380859375,283.69464111328125,283.890869140625,263.0,291.0
124.75,282.96148681640625,283.27435302734375,283.3983459472656,263.0,291.0
125.0,282.703125,283.24444580078125,283.3983459472656,263.0,291.0
125.25,282.7030944824219,283.24444580078125,283.3983459472656,263.0,291.0
125.5,282.7030944824219,283.24444580078125,283.551513671875,263.0,291.0
125.75,282.703125,283.24444580078125,283.3983459472656,263.0,291.0
126.0,282.8277893066406,283.3267517089844,283.52581787109375,263.0,291.0
126.25,282.82781982421875,283.3267517089844,283.3726806640625,263.0,291.0
126.5,282.82781982421875,283.3267517089844,283.3726806640625,263.0,291.0
126.75,282.82781982421875,283.3267517089844,283.3726806640625,263.0,291.0
127.0,282.82781982421875,283.3267517089844,283.3726806640625,263.0,291.0
127.25,282.82781982421875,283.3267517089844,283.3726806640625,263.0,291.0
127.5,282.9156799316406,283.2412109375,283.330078125,263.0,291.0
127.75,282.9156799316406,283.2412109375,283.330078125,263.0,291.0
128.0,283.0685729980469,283.2412109375,283.330078125,263.0,291.0
128.25,282.9156799316406,283.2412109375,283.330078125,263.0,291.0
128.5,282.9156799316406,283.2412109375,283.330078125,263.0,291.0
128.75,282.93768310546875,283.2626037597656,283.2867736816406,263.0,291.0
129.0,282.93768310546875,283.2626037597656,283.2867736816406,263.0,291.0
129.25,282.93768310546875,283.4156799316406,283.2867736816406,263.0,291.0
129.5,282.93768310546875,283.2626037597656,283.2867736816406,263.0,291.0
129.75,282.93768310546875,283.26263427734375,283.2867736816406,263.0,291.0
130.0,282.93768310546875,283.2626037597656,283.2867736816406,263.0,291.0
130.25,282.3506164550781,283.00091552734375,282.9822998046875,263.0,291.0
130.5,282.3506164550781,283.0009460449219,282.9822998046875,263.0,291.0
130.75,282.3506164550781,283.15386962890625,282.9822998046875,263.0,291.0
131.0,282.3506164550781,283.0009460449219,282.9823303222656,263.0,291.0
131.25,282.3506164550781,283.0009460449219,282.9822998046875,263.0,291.0
131.5,282.3255615234375,283.0433654785156,282.9602355957031,263.0,291.0
131.75,282.3255615234375,283.0433654785156,282.96026611328125,263.0,291.0
132.0,282.3255615234375,283.0433654785156,282.9602355957031,263.0,291.0
132.25,282.3255615234375,283.0433654785156,282.9602355957031,263.0,291.0
132.5,282.3255615234375,283.0433654785156,282.9602355957031,263.0,291.0
132.75,282.3888244628906,283.1283264160156,282.9146423339844,263.0,291.0
133.0,282.3887939453125,283.1283264160156,282.9146423339844,263.0,291.0
133.25,282.3887939453125,283.1283264160156,282.9146423339844,263.0,291.0
133.5,282.3888244628906,283.1283264160156,282.9146423339844,263.0,291.0
133.75,282.3888244628906,283.1283264160156,282.9146423339844,263.0,291.0
134.0,282.39019775390625,283.0863952636719,282.89385986328125,263.0,291.0
134.25,282.39019775390625,283.08636474609375,282.89385986328125,263.0,291.0
134.5,282.39019775390625,283.0863952636719,282.89385986328125,263.0,291.0
134.75,282.39019775390625,283.0863952636719,282.89385986328125,263.0,291.0
135.0,282.39019775390625,283.08636474609375,282.89385986328125,263.0,291.0
135.25,282.4105529785156,283.12811279296875,282.9140319824219,263.0,291.0
135.5,282.4105224609375,283.12811279296875,282.9140319824219,263.0,291.0
135.75,282.4105224609375,283.12811279296875,282.9140319824219,263.0,291.0
136.0,282.4105224609375,283.2811279296875,282.9140319824219,263.0,291.0
136.25,282.4105224609375,283.12811279296875,282.9140319824219,263.0,291.0
136.5,282.4105224609375,283.1281433105469,282.9140319824219,263.0,291.0
136.75,282.4109802246094,283.1069641113281,282.9144287109375,263.0,291.0
137.0,282.4109802246094,283.1069641113281,282.9144287109375,263.0,291.0
137.25,282.4109802246094,283.25994873046875,282.9144592285156,263.0,291.0
137.5,282.4109802246094,283.1069641113281,282.9144287109375,263.0,291.0
137.75,282.4109802246094,283.1069641113281,282.9144287109375,263.0,291.0
138.0,282.41064453125,283.1065368652344,282.93572998046875,263.0,291.0
138.25,282.41064453125,283.1065368652344,282.93572998046875,263.0,291.0
138.5,282.41064453125,283.1065368652344,282.93572998046875,263.0,291.0
138.75,282.41064453125,283.2595520019531,282.93572998046875,263.0,291.0
139.0,282.41064453125,283.1065673828125,282.93572998046875,263.0,291.0
139.25,282.346923828125,283.10791015625,282.91558837890625,263.0,291.0
139.5,282.346923828125,283.10791015625,282.91558837890625,263.0,291.0
139.75,282.346923828125,283.10791015625,282.91558837890625,263.0,291.0
140.0,282.346923828125,283.10791015625,282.91558837890625,263.0,291.0
140.25,282.346923828125,283.10791015625,282.91558837890625,263.0,291.0
140.5,282.346923828125,283.1079406738281,282.91558837890625,263.0,291.0
140.75,282.346923828125,283.1295471191406,282.8938903808594,263.0,291.0
141.0,282.346923828125,283.1295471191406,282.8938903808594,263.0,291.0
141.25,282.346923828125,283.1295471191406,282.8938903808594,263.0,291.0
141.5,282.346923828125,283.2825622558594,282.8938903808594,263.0,291.0
141.75,282.346923828125,283.1295471191406,283.0467834472656,263.0,291.0
142.0,282.4563903808594,283.1086730957031,282.9161682128906,263.0,291.0
142.25,282.3038330078125,283.1086730957031,282.9161376953125,263.0,291.0
142.5,282.4563903808594,283.1086730957031,282.9161376953125,263.0,291.0
142.75,282.4563903808594,283.1086730957031,282.9161376953125,263.0,291.0
143.0,282.31439208984375,283.0703125,282.9197998046875,263.0,291.0
143.25,282.3249206542969,283.06500244140625,282.95965576171875,263.0,291.0
143.5,282.3249206542969,283.06500244140625,282.95965576171875,263.0,291.0
143.75,282.3249206542969,283.06500244140625,282.95965576171875,263.0,291.0
144.0,282.3249206542969,283.06500244140625,282.95965576171875,263.0,291.0
144.25,282.324951171875,283.06500244140625,282.95965576171875,263.0,291.0
144.5,282.3249206542969,283.06500244140625,283.1125793457031,263.0,291.0
144.75,282.2823486328125,283.0439147949219,282.9815979003906,263.0,291.0
145.0,282.2823486328125,283.0439147949219,282.9815979003906,263.0,291.0
145.25,282.2823486328125,283.0439147949219,282.9815979003906,263.0,291.0
145.5,282.2823486328125,283.0439147949219,283.134521484375,263.0,291.0
145.75,282.2823486328125,283.0439147949219,283.134521484375,263.0,291.0
146.0,282.3689270019531,282.9789733886719,282.96002197265625,263.0,291.0
146.25,283.2261657714844,283.52984619140625,283.53173828125,263.0,291.0
146.5,283.2261657714844,283.52984619140625,283.53173828125,263.0,291.0
146.75,283.2261657714844,283.52984619140625,283.6849365234375,263.0,291.0
147.0,283.2261962890625,283.52984619140625,283.53173828125,263.0,291.0
147.25,283.2261657714844,283.52984619140625,283.53173828125,263.0,291.0
147.5,283.2261657714844,283.52984619140625,283.53173828125,263.0,291.0
147.75,283.44488525390625,283.50762939453125,283.5743408203125,263.0,291.0
148.0,283.2917785644531,283.50762939453125,283.5743408203125,263.0,291.0
148.25,283.2917785644531,283.50762939453125,283.5743408203125,263.0,291.0
148.5,283.2917785644531,283.50762939453125,283.72760009765625,263.0,291.0
148.75,283.2917785644531,283.50762939453125,283.5743408203125,263.0,291.0
149.0,283.22772216796875,283.6398620605469,283.6182556152344,263.0,291.0
149.25,283.22772216796875,283.4866638183594,283.6182556152344,263.0,291.0
149.5,283.22772216796875,283.4866638183594,283.6182556152344,263.0,291.0
149.75,283.22772216796875,283.6398620605469,283.6182556152344,263.0,291.0
150.0,283.22772216796875,283.4866638183594,283.6182556152344,263.0,291.0
150.25,283.2703552246094,283.4484558105469,283.619873046875,263.0,291.0
150.5,283.3130798339844,283.4424133300781,283.7920837402344,263.0,291.0
150.75,283.4661865234375,283.4424133300781,283.6387939453125,263.0,291.0
151.0,283.3130798339844,283.4424133300781,283.6388244628906,263.0,291.0
151.25,283.3130798339844,283.4424133300781,283.6387939453125,263.0,291.0
151.5,283.29302978515625,283.46533203125,283.553955078125,263.0,291.0
151.75,283.29302978515625,283.46533203125,283.553955078125,263.0,291.0
152.0,283.44610595703125,283.46533203125,283.553955078125,263.0,291.0
152.25,283.29302978515625,283.46533203125,283.553955078125,263.0,291.0
152.5,283.29302978515625,283.46533203125,283.553955078125,263.0,291.0
152.75,283.44610595703125,283.46533203125,283.553955078125,263.0,291.0
153.0,283.3802185058594,283.29327392578125,283.59759521484375,263.0,291.0
153.25,283.3802185058594,283.29327392578125,283.7508544921875,263.0,291.0
153.5,283.3802185058594,283.29327392578125,283.59759521484375,263.0,291.0
153.75,283.3802185058594,283.29327392578125,283.59759521484375,263.0,291.0
154.0,283.3802185058594,283.29327392578125,283.59759521484375,263.0,291.0
154.25,283.167236328125,283.1878356933594,283.73028564453125,263.0,291.0
154.5,283.167236328125,283.1878356933594,283.73028564453125,263.0,291.0
154.75,283.167236328125,283.1878356933594,283.73028564453125,263.0,291.0
155.0,283.167236328125,283.1878356933594,283.73028564453125,263.0,291.0
155.25,283.167236328125,283.1878356933594,283.73028564453125,263.0,291.0
155.5,283.1777038574219,283.15185546875,283.751953125,263.0,291.0
155.75,283.18829345703125,283.2973327636719,283.751953125,263.0,291.0
156.0,283.18829345703125,283.1443176269531,283.751953125,263.0,291.0
156.25,283.18829345703125,283.1443176269531,283.751953125,263.0,291.0
156.5,283.18829345703125,283.1443176269531,283.751953125,263.0,291.0
156.75,283.3413391113281,283.1443176269531,283.751953125,263.0,291.0
157.0,283.1642761230469,283.1201171875,283.943603515625,263.0,291.0
157.25,283.164306640625,283.1201171875,283.943603515625,263.0,291.0
157.5,283.1642761230469,283.1201171875,283.943603515625,263.0,291.0
157.75,283.1642761230469,283.2731018066406,283.943603515625,263.0,291.0
158.0,283.0982360839844,283.1622314453125,284.02880859375,263.0,291.0
158.25,283.0982666015625,283.1622009277344,284.02880859375,263.0,291.0
158.5,283.0982360839844,283.31524658203125,284.02880859375,263.0,291.0
158.75,283.0982360839844,283.1622009277344,284.02880859375,263.0,291.0
159.0,283.0982666015625,283.1622314453125,284.02880859375,263.0,291.0
159.25,283.0982666015625,283.1622314453125,284.02880859375,263.0,291.0
159.5,283.1856994628906,282.925537109375,284.11590576171875,263.0,291.0
159.75,283.1856994628906,282.925537109375,284.11590576171875,263.0,291.0
160.0,283.1856994628906,282.925537109375,284.11590576171875,263.0,291.0
160.25,283.1856994628906,283.07843017578125,284.11590576171875,263.0,291.0
160.5,283.1856994628906,282.925537109375,284.11590576171875,263.0,291.0
160.75,283.2522888183594,282.92742919921875,284.1172180175781,263.0,291.0
161.0,283.2522888183594,282.9273986816406,284.1172180175781,263.0,291.0
161.25,283.2522888183594,282.77459716796875,284.1172180175781,263.0,291.0
161.5,283.4053649902344,282.77459716796875,284.1172180175781,263.0,291.0
161.75,283.2522888183594,282.77459716796875,284.270751953125,263.0,291.0
162.0,283.2751159667969,282.7051696777344,284.11328125,263.0,291.0
162.25,283.29815673828125,282.69049072265625,284.0119323730469,263.0,291.0
162.5,283.29815673828125,282.69049072265625,284.0119323730469,263.0,291.0
162.75,283.29815673828125,282.6904602050781,284.0119323730469,263.0,291.0
163.0,283.29815673828125,282.6904602050781,284.0119323730469,263.0,291.0
163.25,283.29815673828125,282.6904602050781,284.0119323730469,263.0,291.0
163.5,283.1513366699219,282.78057861328125,283.9544677734375,263.0,291.0
163.75,283.1513366699219,282.7805480957031,283.8011169433594,263.0,291.0
164.0,283.15130615234375,282.7805480957031,283.8011169433594,263.0,291.0
164.25,283.1513366699219,282.7805480957031,283.8011169433594,263.0,291.0
164.5,283.3043518066406,282.7805480957031,283.8011169433594,263.0,291.0
164.75,283.15130615234375,282.7805480957031,283.8011169433594,263.0,291.0
165.0,283.0429992675781,282.9990539550781,283.82293701171875,263.0,291.0
165.25,283.0429992675781,282.84619140625,283.82293701171875,263.0,291.0
165.5,283.0429992675781,282.84619140625,283.82293701171875,263.0,291.0
165.75,283.0429992675781,282.84619140625,283.82293701171875,263.0,291.0
166.0,283.0429992675781,282.84619140625,283.82293701171875,263.0,291.0
166.25,282.7862548828125,282.8714904785156,284.00146484375,263.0,291.0
166.5,282.7862548828125,282.8714904785156,283.84808349609375,263.0,291.0
166.75,282.7862548828125,282.8714904785156,283.84808349609375,263.0,291.0
167.0,282.7862548828125,282.8714904785156,283.84808349609375,263.0,291.0
167.25,282.7862548828125,282.8714904785156,283.84808349609375,263.0,291.0
167.5,282.7862548828125,282.8714904785156,283.84808349609375,263.0,291.0
167.75,283.0669860839844,282.69854736328125,283.74017333984375,263.0,291.0
168.0,283.06695556640625,282.69854736328125,283.8935241699219,263.0,291.0
168.25,283.0669860839844,282.69854736328125,283.7402038574219,263.0,291.0
168.5,283.06695556640625,282.69854736328125,283.7402038574219,263.0,291.0
168.75,283.0469055175781,282.6767883300781,283.74078369140625,263.0,291.0
169.0,283.0469055175781,282.6767883300781,283.74078369140625,263.0,291.0
169.25,283.0469055175781,282.6767883300781,283.74078369140625,263.0,291.0
169.5,283.1998596191406,282.6767883300781,283.74078369140625,263.0,291.0
169.75,283.0469055175781,282.6767883300781,283.74078369140625,263.0,291.0
170.0,283.02490234375,282.7095031738281,283.97906494140625,263.0,291.0
170.25,283.00213623046875,282.7185974121094,283.82568359375,263.0,291.0
170.5,283.00213623046875,282.7185974121094,283.97906494140625,263.0,291.0
170.75,283.00213623046875,282.7185974121094,283.82568359375,263.0,291.0
171.0,283.00213623046875,282.7185974121094,283.82568359375,263.0,291.0
171.25,283.00213623046875,282.7185974121094,283.82568359375,263.0,291.0
171.5,283.15509033203125,282.7185974121094,283.82568359375,263.0,291.0
171.75,283.00213623046875,282.7185974121094,283.82568359375,263.0,291.0
172.0,283.0021667480469,282.7185974121094,283.82568359375,263.0,291.0
172.25,283.0655517578125,282.9773254394531,283.5872497558594,263.0,291.0
172.5,283.0655517578125,282.9773254394531,283.5872497558594,263.0,291.0
172.75,283.0655517578125,282.9773254394531,283.5872497558594,263.0,291.0
173.0,283.0655517578125,282.9773254394531,283.5872497558594,263.0,291.0
173.25,283.0655517578125,282.9773254394531,283.5872497558594,263.0,291.0
173.5,283.0655517578125,282.9773254394531,283.5872497558594,263.0,291.0
173.75,283.0655517578125,282.9773254394531,283.5872497558594,263.0,291.0
174.0,283.0655517578125,282.9773254394531,283.5872497558594,263.0,291.0
174.25,283.06817626953125,282.89410400390625,283.52459716796875,263.0,291.0
174.5,283.06817626953125,282.89410400390625,283.52459716796875,263.0,291.0
174.75,283.06817626953125,282.89410400390625,283.52459716796875,263.0,291.0
175.0,283.06817626953125,282.89410400390625,283.52459716796875,263.0,291.0
175.25,283.06817626953125,283.0469970703125,283.52459716796875,263.0,291.0
175.5,283.06817626953125,282.89410400390625,283.52459716796875,263.0,291.0
175.75,283.06817626953125,282.89410400390625,283.52459716796875,263.0,291.0
176.0,283.22113037109375,282.89410400390625,283.52459716796875,263.0,291.0
176.25,283.28125,282.95587158203125,283.4562072753906,263.0,291.0
176.5,283.2812194824219,282.95587158203125,283.4562072753906,263.0,291.0
176.75,283.28125,282.95587158203125,283.4562072753906,263.0,291.0
177.0,283.2812194824219,282.95587158203125,283.4562072753906,263.0,291.0
177.25,283.28125,282.95587158203125,283.6094055175781,263.0,291.0
177.5,283.2812194824219,283.1087951660156,283.4562072753906,263.0,291.0
177.75,283.28125,282.95587158203125,283.4562072753906,263.0,291.0
178.0,283.2812194824219,282.95587158203125,283.4562072753906,263.0,291.0
178.25,283.4100646972656,283.1471862792969,283.474609375,263.0,291.0
178.5,283.2569885253906,283.1471862792969,283.474609375,263.0,291.0
178.75,283.2569885253906,283.1471862792969,283.474609375,263.0,291.0
179.0,283.2569885253906,283.1471862792969,283.474609375,263.0,291.0
179.25,283.2569885253906,283.1471862792969,283.474609375,263.0,291.0
179.5,283.2569885253906,283.1471862792969,283.6277770996094,263.0,291.0
179.75,283.2569885253906,283.3002014160156,283.474609375,263.0,291.0
180.0,283.2569885253906,283.1471862792969,283.474609375,263.0,291.0
180.25,283.31732177734375,283.3378601074219,283.4917297363281,263.0,291.0
180.5,283.4704284667969,283.3378601074219,283.4917297363281,263.0,291.0
180.75,283.31732177734375,283.3378601074219,283.4917297363281,263.0,291.0
181.0,283.31732177734375,283.3378601074219,283.4917297363281,263.0,291.0
181.25,283.31732177734375,283.3378601074219,283.4917297363281,263.0,291.0
181.5,283.31732177734375,283.3378601074219,283.6449279785156,263.0,291.0
181.75,283.31732177734375,283.3378601074219,283.6449279785156,263.0,291.0
182.0,283.31732177734375,283.3378601074219,283.4917297363281,263.0,291.0
182.25,283.19317626953125,283.2573547363281,283.3678283691406,263.0,291.0
182.5,283.19317626953125,283.2573547363281,283.3678283691406,263.0,291.0
182.75,283.1932067871094,283.2573547363281,283.3678283691406,263.0,291.0
183.0,283.19317626953125,283.2573547363281,283.3678283691406,263.0,291.0
183.25,283.19317626953125,283.2573547363281,283.3678283691406,263.0,291.0
183.5,283.19317626953125,283.2573547363281,283.3678283691406,263.0,291.0
183.75,283.19317626953125,283.2573547363281,283.3678283691406,263.0,291.0
184.0,283.19317626953125,283.2573547363281,283.5209655761719,263.0,291.0
184.25,283.2169494628906,283.00018310546875,283.456298828125,263.0,291.0
184.5,283.2169494628906,283.00018310546875,283.456298828125,263.0,291.0
184.75,283.3699951171875,283.00018310546875,283.456298828125,263.0,291.0
185.0,283.3699951171875,283.00018310546875,283.456298828125,263.0,291.0
185.25,283.2169494628906,283.00018310546875,283.456298828125,263.0,291.0
185.5,283.2169494628906,283.00018310546875,283.456298828125,263.0,291.0
185.75,283.2169494628906,283.00018310546875,283.456298828125,263.0,291.0
186.0,283.2169494628906,283.0002136230469,283.456298828125,263.0,291.0
186.25,280.7967224121094,281.68255615234375,281.84210205078125,263.0,291.0
186.5,280.7967224121094,281.83477783203125,281.84210205078125,263.0,291.0
186.75,280.7967224121094,281.68255615234375,281.84210205078125,263.0,291.0
187.0,280.9484558105469,281.68255615234375,281.84210205078125,263.0,291.0
187.25,280.9484558105469,281.68255615234375,281.84210205078125,263.0,291.0
187.5,280.7967224121094,281.68255615234375,281.84210205078125,263.0,291.0
187.75,280.7967224121094,281.68255615234375,281.84210205078125,263.0,291.0
188.0,280.7967224121094,281.68255615234375,281.84210205078125,263.0,291.0
188.25,280.6595458984375,281.7801818847656,281.8730163574219,263.0,291.0
188.5,280.6595458984375,281.7801818847656,281.8730163574219,263.0,291.0
188.75,280.6595458984375,281.7801818847656,281.8730163574219,263.0,291.0
189.0,280.6595458984375,281.7801818847656,281.8730163574219,263.0,291.0
189.25,280.81121826171875,281.7801818847656,281.8730163574219,263.0,291.0
189.5,280.6595458984375,281.7801818847656,281.8730163574219,263.0,291.0
189.75,280.6595458984375,281.7801818847656,282.02532958984375,263.0,291.0
190.0,280.6595458984375,281.7801818847656,281.8730163574219,263.0,291.0
190.25,280.50677490234375,281.6957702636719,282.0052795410156,263.0,291.0
190.5,280.50677490234375,281.69573974609375,282.1576843261719,263.0,291.0
190.75,280.50677490234375,281.69573974609375,282.0052795410156,263.0,291.0
191.0,280.50677490234375,281.69573974609375,282.0052795410156,263.0,291.0
191.25,280.50677490234375,281.69573974609375,282.0052795410156,263.0,291.0
191.5,280.6583557128906,281.69573974609375,282.0052795410156,263.0,291.0
191.75,280.50677490234375,281.69573974609375,282.0052795410156,263.0,291.0
192.0,280.50677490234375,281.69573974609375,282.0052795410156,263.0,291.0
192.25,280.41326904296875,281.929931640625,282.11065673828125,263.0,291.0
192.5,280.41326904296875,281.929931640625,282.11065673828125,263.0,291.0
192.75,280.41326904296875,281.929931640625,282.2630920410156,263.0,291.0
193.0,280.41326904296875,281.929931640625,282.11065673828125,263.0,291.0
193.25,280.41326904296875,282.0823059082031,282.11065673828125,263.0,291.0
193.5,280.41326904296875,281.929931640625,282.11065673828125,263.0,291.0
193.75,280.5648193359375,281.929931640625,282.11065673828125,263.0,291.0
194.0,280.41326904296875,281.929931640625,282.11065673828125,263.0,291.0
194.25,280.39154052734375,281.9559020996094,282.0260009765625,263.0,291.0
194.5,280.39154052734375,281.9559020996094,282.0260009765625,263.0,291.0
194.75,280.39154052734375,281.9559020996094,282.0260009765625,263.0,291.0
195.0,280.39154052734375,281.9559020996094,282.17840576171875,263.0,291.0
195.25,280.39154052734375,281.9559020996094,282.0260009765625,263.0,291.0
195.5,280.39154052734375,282.1082763671875,282.0260009765625,263.0,291.0
195.75,280.39154052734375,281.9559020996094,282.0260009765625,263.0,291.0
196.0,280.5430603027344,281.9559020996094,282.0260009765625,263.0,291.0
196.25,280.3930358886719,281.913330078125,281.9620666503906,263.0,291.0
196.5,280.3930358886719,281.913330078125,281.9620666503906,263.0,291.0
196.75,280.3930358886719,281.913330078125,281.9620666503906,263.0,291.0
197.0,280.3930358886719,281.913330078125,281.9620666503906,263.0,291.0
197.25,280.3930358886719,281.913330078125,281.9620666503906,263.0,291.0
197.5,280.3930358886719,282.065673828125,281.9620666503906,263.0,291.0
197.75,280.3930358886719,281.913330078125,281.9620666503906,263.0,291.0
198.0,280.53753662109375,281.7913513183594,281.72564697265625,263.0,291.0
198.25,280.8525085449219,281.7410888671875,281.7257080078125,263.0,291.0
198.5,280.7008056640625,281.7410888671875,281.7257080078125,263.0,291.0
198.75,280.7008056640625,281.7410888671875,281.7257080078125,263.0,291.0
199.0,280.7008056640625,281.7410888671875,281.7257080078125,263.0,291.0
199.25,280.7008056640625,281.7410888671875,281.8779602050781,263.0,291.0
199.5,280.7008056640625,281.7410888671875,281.7257080078125,263.0,291.0
199.75,280.7008361816406,281.7410888671875,281.7257080078125,263.0,291.0
200.0,280.60052490234375,281.7410888671875,281.7256164550781,263.0,291.0
200.25,280.48687744140625,281.8924560546875,281.74505615234375,263.0,291.0
200.5,280.48687744140625,281.8924560546875,281.74505615234375,263.0,291.0
200.75,280.48687744140625,281.8924560546875,281.74505615234375,263.0,291.0
201.0,280.48687744140625,281.8924560546875,281.74505615234375,263.0,291.0
201.25,280.4868469238281,281.8924560546875,281.74505615234375,263.0,291.0
201.5,280.48687744140625,281.8924560546875,281.8973083496094,263.0,291.0
201.75,280.4868469238281,281.8924560546875,281.74505615234375,263.0,291.0
202.0,281.4174499511719,281.8924560546875,281.7496643066406,263.0,291.0
202.25,282.49853515625,283.3311462402344,283.2465515136719,263.0,291.0
202.5,282.49853515625,283.3311462402344,283.2465515136719,263.0,291.0
202.75,282.49853515625,283.3311462402344,283.2465515136719,263.0,291.0
203.0,282.49853515625,283.3311462402344,283.2465515136719,263.0,291.0
203.25,282.49853515625,283.3311462402344,283.2465515136719,263.0,291.0
203.5,282.49853515625,283.3311462402344,283.2465515136719,263.0,291.0
203.75,282.49853515625,283.3311462402344,283.3996276855469,263.0,291.0
204.0,282.47320556640625,283.3629455566406,283.2718200683594,263.0,291.0
204.25,282.4437255859375,283.5304870605469,283.2718200683594,263.0,291.0
204.5,282.4437255859375,283.37738037109375,283.2718200683594,263.0,291.0
204.75,282.4437255859375,283.3773498535156,283.2718200683594,263.0,291.0
205.0,282.4437255859375,283.37738037109375,283.2718200683594,263.0,291.0
205.25,282.4437255859375,283.37738037109375,283.2718200683594,263.0,291.0
205.5,282.4437255859375,283.37738037109375,283.2718200683594,263.0,291.0
205.75,282.4437255859375,283.3773498535156,283.2718200683594,263.0,291.0
206.0,282.4232482910156,283.3349304199219,283.2941589355469,263.0,291.0
206.25,282.4232482910156,283.3349304199219,283.2941589355469,263.0,291.0
206.5,282.4232482910156,283.3349304199219,283.2941589355469,263.0,291.0
206.75,282.4232482910156,283.3349304199219,283.2941589355469,263.0,291.0
207.0,282.4232482910156,283.3349304199219,283.2941589355469,263.0,291.0
207.25,282.4232482910156,283.3349304199219,283.2941589355469,263.0,291.0
207.5,282.4232482910156,283.3349304199219,283.2941589355469,263.0,291.0
207.75,282.4232482910156,283.3349304199219,283.2941589355469,263.0,291.0
208.0,282.4612731933594,283.33331298828125,283.29425048828125,263.0,291.0
208.25,282.5070495605469,283.332763671875,283.4884338378906,263.0,291.0
208.5,282.5070495605469,283.332763671875,283.3352966308594,263.0,291.0
208.75,282.5070495605469,283.48590087890625,283.3352966308594,263.0,291.0
209.0,282.5070495605469,283.332763671875,283.3352966308594,263.0,291.0
209.25,282.5070495605469,283.332763671875,283.3352966308594,263.0,291.0
209.5,282.5070495605469,283.332763671875,283.3352966308594,263.0,291.0
209.75,282.5070495605469,283.332763671875,283.3352966308594,263.0,291.0
210.0,282.5265808105469,283.40338134765625,283.29046630859375,263.0,291.0
210.25,282.54913330078125,283.4391174316406,283.29046630859375,263.0,291.0
210.5,282.54913330078125,283.4390869140625,283.29046630859375,263.0,291.0
210.75,282.54913330078125,283.4391174316406,283.29046630859375,263.0,291.0
211.0,282.54913330078125,283.4390869140625,283.29046630859375,263.0,291.0
211.25,282.54913330078125,283.4391174316406,283.29046630859375,263.0,291.0
211.5,282.7018127441406,283.4391174316406,283.29046630859375,263.0,291.0
211.75,282.54913330078125,283.4391174316406,283.29046630859375,263.0,291.0
212.0,282.6402587890625,283.2278747558594,283.16485595703125,263.0,291.0
212.25,282.6402587890625,283.2278747558594,283.16485595703125,263.0,291.0
212.5,282.6402587890625,283.2278747558594,283.16485595703125,263.0,291.0
212.75,282.6402587890625,283.2278747558594,283.16485595703125,263.0,291.0
213.0,282.6402587890625,283.2278747558594,283.16485595703125,263.0,291.0
213.25,282.6402587890625,283.2278747558594,283.16485595703125,263.0,291.0
213.5,282.6402587890625,283.2278747558594,283.16485595703125,263.0,291.0
213.75,282.6402893066406,283.2278747558594,283.16485595703125,263.0,291.0
214.0,282.6407165527344,283.2552795410156,283.1213073730469,263.0,291.0
214.25,282.6407165527344,283.2701721191406,283.1213073730469,263.0,291.0
214.5,282.6407165527344,283.2701721191406,283.1213073730469,263.0,291.0
214.75,282.6407165527344,283.2701721191406,283.1213073730469,263.0,291.0
215.0,282.6407165527344,283.2701721191406,283.1213073730469,263.0,291.0
215.25,282.6407165527344,283.2701721191406,283.1213073730469,263.0,291.0
215.5,282.6407165527344,283.2701721191406,283.1213073730469,263.0,291.0
215.75,282.6407165527344,283.2701721191406,283.1213073730469,263.0,291.0
216.0,282.7084045410156,283.2720031738281,283.101318359375,263.0,291.0
216.25,282.55572509765625,283.2720031738281,283.101318359375,263.0,291.0
216.5,282.55572509765625,283.2720031738281,283.101318359375,263.0,291.0
216.75,282.55572509765625,283.27197265625,283.101318359375,263.0,291.0
217.0,282.55572509765625,283.27197265625,283.101318359375,263.0,291.0
217.25,282.55572509765625,283.27197265625,283.101318359375,263.0,291.0
217.5,282.55572509765625,283.4250793457031,283.101318359375,263.0,291.0
217.75,282.5556945800781,283.2720031738281,283.101318359375,263.0,291.0
218.0,282.57525634765625,283.2918701171875,283.16436767578125,263.0,291.0
218.25,282.57525634765625,283.2918701171875,283.16436767578125,263.0,291.0
218.5,282.57525634765625,283.2918701171875,283.16436767578125,263.0,291.0
218.75,282.5752258300781,283.2918701171875,283.16436767578125,263.0,291.0
219.0,282.57525634765625,283.2918701171875,283.16436767578125,263.0,291.0
219.25,282.5752258300781,283.2918701171875,283.16436767578125,263.0,291.0
219.5,282.57525634765625,283.2918701171875,283.16436767578125,263.0,291.0
219.75,282.57525634765625,283.2918701171875,283.16436767578125,263.0,291.0
220.0,282.5106201171875,283.3138732910156,283.1865234375,263.0,291.0
220.25,282.5106201171875,283.3138427734375,283.1865234375,263.0,291.0
220.5,282.66326904296875,283.3138732910156,283.1865234375,263.0,291.0
220.75,282.5106201171875,283.3138427734375,283.1865234375,263.0,291.0
221.0,282.5106201171875,283.3138427734375,283.1865234375,263.0,291.0
221.25,282.5106201171875,283.3138427734375,283.1865234375,263.0,291.0
221.5,282.5106201171875,283.3138732910156,283.3395690917969,263.0,291.0
221.75,282.5106201171875,283.3138427734375,283.3395690917969,263.0,291.0
222.0,282.5106201171875,283.44573974609375,283.1869201660156,263.0,291.0
222.25,282.5106201171875,283.29266357421875,283.18695068359375,263.0,291.0
222.5,282.5106201171875,283.29266357421875,283.18695068359375,263.0,291.0
222.75,282.5106201171875,283.29266357421875,283.18695068359375,263.0,291.0
223.0,282.5106201171875,283.29266357421875,283.18695068359375,263.0,291.0
223.25,282.5106201171875,283.29266357421875,283.18695068359375,263.0,291.0
223.5,282.5106201171875,283.29266357421875,283.18695068359375,263.0,291.0
223.75,282.5106201171875,283.29266357421875,283.18695068359375,263.0,291.0
224.0,282.533447265625,283.2713317871094,283.1656494140625,263.0,291.0
224.25,282.5334167480469,283.4244079589844,283.1656494140625,263.0,291.0
224.5,282.5334167480469,283.2713317871094,283.1656494140625,263.0,291.0
224.75,282.5334167480469,283.2713317871094,283.1656494140625,263.0,291.0
225.0,282.68609619140625,283.2713317871094,283.1656494140625,263.0,291.0
225.25,282.5334167480469,283.2713317871094,283.1656494140625,263.0,291.0
225.5,282.5334167480469,283.2713317871094,283.1656494140625,263.0,291.0
225.75,282.5334167480469,283.2713317871094,283.1656494140625,263.0,291.0
226.0,282.51177978515625,283.2503356933594,283.3193359375,263.0,291.0
226.25,282.51177978515625,283.2503662109375,283.1662902832031,263.0,291.0
226.5,282.51177978515625,283.4034118652344,283.1662902832031,263.0,291.0
226.75,282.51177978515625,283.2503662109375,283.1662902832031,263.0,291.0
227.0,282.51177978515625,283.2503662109375,283.1662902832031,263.0,291.0
227.25,282.6644592285156,283.2503662109375,283.1662902832031,263.0,291.0
227.5,282.51177978515625,283.2503662109375,283.1662902832031,263.0,291.0
227.75,282.51177978515625,283.2503662109375,283.1662902832031,263.0,291.0
228.0,282.4686279296875,283.29388427734375,283.14508056640625,263.0,291.0
228.25,282.4686279296875,283.29388427734375,283.14508056640625,263.0,291.0
228.5,282.4686279296875,283.29388427734375,283.14508056640625,263.0,291.0
228.75,282.4686279296875,283.29388427734375,283.14508056640625,263.0,291.0
229.0,282.4686279296875,283.29388427734375,283.14508056640625,263.0,291.0
229.25,282.4686279296875,283.29388427734375,283.14508056640625,263.0,291.0
229.5,282.4686279296875,283.29388427734375,283.14508056640625,263.0,291.0
229.75,282.4686279296875,283.29388427734375,283.14508056640625,263.0,291.0
230.0,283.3271789550781,283.7173156738281,283.6972961425781,263.0,291.0
230.25,283.3271789550781,283.7173156738281,283.6972961425781,263.0,291.0
230.5,283.3271789550781,283.7173156738281,283.6972961425781,263.0,291.0
230.75,283.3271789550781,283.7173156738281,283.8505859375,263.0,291.0
231.0,283.3271789550781,283.7173156738281,283.6972961425781,263.0,291.0
231.25,283.3271789550781,283.7173156738281,283.6972961425781,263.0,291.0
231.5,283.3271789550781,283.7173156738281,283.6972961425781,263.0,291.0
231.75,283.3271789550781,283.7173156738281,283.6972961425781,263.0,291.0
232.0,283.3740234375,283.6545104980469,283.6131896972656,263.0,291.0
232.25,283.3740234375,283.6545104980469,283.6131896972656,263.0,291.0
232.5,283.3740234375,283.6545104980469,283.6131896972656,263.0,291.0
232.75,283.3740234375,283.6545104980469,283.6131896972656,263.0,291.0
233.0,283.3740234375,283.6545104980469,283.7664489746094,263.0,291.0
233.25,283.3740234375,283.80780029296875,283.6131896972656,263.0,291.0
233.5,283.3740234375,283.6545104980469,283.6131896972656,263.0,291.0
233.75,283.3740234375,283.6545104980469,283.6131896972656,263.0,291.0
234.0,283.46234130859375,283.6759948730469,283.6562805175781,263.0,291.0
234.25,283.3092346191406,283.6759948730469,283.65625,263.0,291.0
234.5,283.3092346191406,283.6759948730469,283.65625,263.0,291.0
234.75,283.3092346191406,283.6759948730469,283.65625,263.0,291.0
235.0,283.3092346191406,283.6759948730469,283.8095397949219,263.0,291.0
235.25,283.3092346191406,283.6759948730469,283.8095397949219,263.0,291.0
235.5,283.3092346191406,283.6759948730469,283.65625,263.0,291.0
235.75,283.3092346191406,283.6759948730469,283.65625,263.0,291.0
236.0,283.3000793457031,283.689453125,283.65631103515625,263.0,291.0
236.25,283.4405517578125,283.6976013183594,283.65631103515625,263.0,291.0
236.5,283.2874450683594,283.6976013183594,283.65631103515625,263.0,291.0
236.75,283.2874450683594,283.6976013183594,283.65631103515625,263.0,291.0
237.0,283.2874450683594,283.6976013183594,283.65631103515625,263.0,291.0
237.25,283.2874450683594,283.6976013183594,283.8096008300781,263.0,291.0
237.5,283.2874450683594,283.6976013183594,283.8096008300781,263.0,291.0
237.75,283.2874450683594,283.6976013183594,283.65631103515625,263.0,291.0
238.0,283.2657775878906,283.6544494628906,283.7210388183594,263.0,291.0
238.25,283.2657775878906,283.6544494628906,283.7210388183594,263.0,291.0
238.5,283.2657775878906,283.6544494628906,283.72100830078125,263.0,291.0
238.75,283.2657775878906,283.6544494628906,283.7210388183594,263.0,291.0
239.0,283.2657775878906,283.6544494628906,283.72100830078125,263.0,291.0
239.25,283.2657775878906,283.6544494628906,283.7210388183594,263.0,291.0
239.5,283.2657775878906,283.6544494628906,283.8743591308594,263.0,291.0
239.75,283.2657775878906,283.6544494628906,283.7210388183594,263.0,291.0
240.0,283.2660827636719,283.7195129394531,283.63519287109375,263.0,291.0
240.25,283.26605224609375,283.7195129394531,283.63519287109375,263.0,291.0
240.5,283.41912841796875,283.7195129394531,283.63519287109375,263.0,291.0
240.75,283.26605224609375,283.7195129394531,283.63519287109375,263.0,291.0
241.0,283.2660827636719,283.7195129394531,283.63519287109375,263.0,291.0
241.25,283.26605224609375,283.7195129394531,283.63519287109375,263.0,291.0
241.5,283.2660827636719,283.7195129394531,283.63519287109375,263.0,291.0
241.75,283.26605224609375,283.7195129394531,283.7884521484375,263.0,291.0
242.0,283.2259521484375,283.6575927734375,283.5731506347656,263.0,291.0
242.25,283.2259521484375,283.8108825683594,283.5731506347656,263.0,291.0
242.5,283.2259521484375,283.6575927734375,283.5731506347656,263.0,291.0
242.75,283.2259521484375,283.6575927734375,283.5731506347656,263.0,291.0
243.0,283.2259521484375,283.6575927734375,283.5731506347656,263.0,291.0
243.25,283.2259521484375,283.6575927734375,283.5731506347656,263.0,291.0
243.5,283.2259521484375,283.6575927734375,283.5731506347656,263.0,291.0
243.75,283.2673645019531,283.677734375,283.7464904785156,263.0,291.0
244.0,283.2673645019531,283.8310241699219,283.5932312011719,263.0,291.0
244.25,283.2673645019531,283.677734375,283.5932312011719,263.0,291.0
244.5,283.2673645019531,283.677734375,283.5932312011719,263.0,291.0
244.75,283.2673645019531,283.677734375,283.59326171875,263.0,291.0
245.0,283.2673645019531,283.677734375,283.5932312011719,263.0,291.0
245.25,283.2673645019531,283.677734375,283.5932312011719,263.0,291.0
245.5,283.2673645019531,283.677734375,283.5932312011719,263.0,291.0
245.75,283.2880554199219,283.6767272949219,283.6353759765625,263.0,291.0
246.0,283.2880554199219,283.6767272949219,283.6353759765625,263.0,291.0
246.25,283.2880554199219,283.83001708984375,283.6353759765625,263.0,291.0
246.5,283.2880554199219,283.6767272949219,283.6353759765625,263.0,291.0
246.75,283.2880554199219,283.6767272949219,283.6353759765625,263.0,291.0
247.0,283.4411315917969,283.6767272949219,283.6353759765625,263.0,291.0
247.25,283.2880554199219,283.6767272949219,283.6353759765625,263.0,291.0
247.5,283.2880554199219,283.6767272949219,283.6353759765625,263.0,291.0
247.75,283.28704833984375,283.65423583984375,283.72064208984375,263.0,291.0
248.0,283.2870788574219,283.65423583984375,283.72064208984375,263.0,291.0
248.25,283.28704833984375,283.65423583984375,283.72064208984375,263.0,291.0
248.5,283.2870788574219,283.65423583984375,283.72064208984375,263.0,291.0
248.75,283.2870788574219,283.65423583984375,283.72064208984375,263.0,291.0
249.0,283.2870788574219,283.65423583984375,283.72064208984375,263.0,291.0
249.25,283.4401550292969,283.65423583984375,283.72064208984375,263.0,291.0
249.5,283.2870788574219,283.65423583984375,283.72064208984375,263.0,291.0
249.75,283.32928466796875,283.6961975097656,283.6981201171875,263.0,291.0
250.0,283.32928466796875,283.6961975097656,283.6981201171875,263.0,291.0
250.25,283.32928466796875,283.6961975097656,283.6981201171875,263.0,291.0
250.5,283.32928466796875,283.6961975097656,283.6981201171875,263.0,291.0
250.75,283.32928466796875,283.6961975097656,283.6981201171875,263.0,291.0
251.0,283.32928466796875,283.6961975097656,283.6981201171875,263.0,291.0
251.25,283.32928466796875,283.6961975097656,283.6981201171875,263.0,291.0
251.5,283.32928466796875,283.6961975097656,283.6981201171875,263.0,291.0
251.75,283.3307800292969,283.568115234375,283.7427062988281,263.0,291.0
252.0,283.3307800292969,283.568115234375,283.7427062988281,263.0,291.0
252.25,283.3307800292969,283.568115234375,283.7427062988281,263.0,291.0
252.5,283.3307800292969,283.568115234375,283.8960266113281,263.0,291.0
252.75,283.3307800292969,283.568115234375,283.74267578125,263.0,291.0
253.0,283.3307800292969,283.568115234375,283.74267578125,263.0,291.0
253.25,283.3307800292969,283.568115234375,283.74267578125,263.0,291.0
253.5,283.3307800292969,283.568115234375,283.7427062988281,263.0,291.0
253.75,283.3736877441406,283.567626953125,283.720703125,263.0,291.0
254.0,283.3736877441406,283.567626953125,283.720703125,263.0,291.0
254.25,283.3736877441406,283.567626953125,283.720703125,263.0,291.0
254.5,283.3736877441406,283.567626953125,283.720703125,263.0,291.0
254.75,283.3736877441406,283.567626953125,283.8739929199219,263.0,291.0
255.0,283.3736877441406,283.567626953125,283.720703125,263.0,291.0
255.25,283.3736877441406,283.567626953125,283.720703125,263.0,291.0
255.5,283.3736877441406,283.567626953125,283.720703125,263.0,291.0
255.75,283.3957824707031,283.4815979003906,283.7641296386719,263.0,291.0
256.0,283.3957824707031,283.4815979003906,283.7641296386719,263.0,291.0
256.25,283.3957824707031,283.4815979003906,283.7641296386719,263.0,291.0
256.5,283.3957824707031,283.4815979003906,283.7641296386719,263.0,291.0
256.75,283.3957824707031,283.4815979003906,283.9174499511719,263.0,291.0
257.0,283.3957824707031,283.6347961425781,283.7641296386719,263.0,291.0
257.25,283.3957824707031,283.6347961425781,283.7641296386719,263.0,291.0
257.5,283.3957824707031,283.4815979003906,283.7641296386719,263.0,291.0
257.75,284.06402587890625,283.84649658203125,284.14971923828125,263.0,291.0
258.0,284.06402587890625,283.84649658203125,284.14971923828125,263.0,291.0
258.25,284.06402587890625,283.84649658203125,284.14971923828125,263.0,291.0
258.5,284.06402587890625,283.84649658203125,284.14971923828125,263.0,291.0
258.75,284.06402587890625,283.84649658203125,284.14971923828125,263.0,291.0
259.0,284.06402587890625,283.84649658203125,284.30328369140625,263.0,291.0
259.25,284.06402587890625,283.84649658203125,284.30328369140625,263.0,291.0
259.5,284.06402587890625,283.9999084472656,284.14971923828125,263.0,291.0
259.75,284.0420837402344,283.8681945800781,284.1494445800781,263.0,291.0
260.0,284.0420837402344,283.8681945800781,284.1494445800781,263.0,291.0
260.25,284.1955871582031,283.8681945800781,284.1494445800781,263.0,291.0
260.5,284.0420837402344,283.8681945800781,284.1494445800781,263.0,291.0
260.75,284.0420837402344,283.8681945800781,284.1494445800781,263.0,291.0
261.0,284.0420837402344,283.8681945800781,284.14947509765625,263.0,291.0
261.25,284.0420837402344,283.8681945800781,284.3030090332031,263.0,291.0
261.5,284.0420837402344,283.8681945800781,284.1494445800781,263.0,291.0
261.75,284.1465759277344,284.03973388671875,284.2320861816406,263.0,291.0
262.0,284.1465759277344,283.8863220214844,284.2320861816406,263.0,291.0
262.25,284.3001403808594,283.8863220214844,284.2320861816406,263.0,291.0
262.5,284.1465759277344,283.8863220214844,284.2320861816406,263.0,291.0
262.75,284.1465759277344,283.8863220214844,284.2320861816406,263.0,291.0
263.0,284.1465759277344,283.8863220214844,284.2320861816406,263.0,291.0
263.25,284.1465759277344,283.8863220214844,284.2320861816406,263.0,291.0
263.5,284.1465759277344,283.8863220214844,284.38568115234375,263.0,291.0
263.75,284.14788818359375,283.9093017578125,284.279296875,263.0,291.0
264.0,284.14788818359375,284.062744140625,284.1257629394531,263.0,291.0
264.25,284.14788818359375,283.9093017578125,284.1257629394531,263.0,291.0
264.5,284.14788818359375,283.9093017578125,284.1257629394531,263.0,291.0
264.75,284.30145263671875,283.9093017578125,284.1257629394531,263.0,291.0
265.0,284.14788818359375,283.9093017578125,284.1257629394531,263.0,291.0
265.25,284.14788818359375,283.9093017578125,284.1257629394531,263.0,291.0
265.5,284.14788818359375,283.9093017578125,284.1257629394531,263.0,291.0
265.75,284.0424499511719,283.97637939453125,284.0206298828125,263.0,291.0
266.0,284.0424499511719,283.97637939453125,284.0206298828125,263.0,291.0
266.25,284.0424499511719,284.1298522949219,284.0206604003906,263.0,291.0
266.5,284.0424499511719,283.97637939453125,284.0206298828125,263.0,291.0
266.75,284.0424499511719,283.97637939453125,284.0206604003906,263.0,291.0
267.0,284.0424499511719,283.97637939453125,284.0206298828125,263.0,291.0
267.25,284.0424499511719,283.97637939453125,284.0206604003906,263.0,291.0
267.5,284.0424499511719,283.97637939453125,284.0206298828125,263.0,291.0
267.75,284.10516357421875,283.99591064453125,284.0616760253906,263.0,291.0
268.0,284.10516357421875,283.9958801269531,284.2151794433594,263.0,291.0
268.25,284.10516357421875,283.99591064453125,284.0616760253906,263.0,291.0
268.5,284.10516357421875,284.14935302734375,284.0616760253906,263.0,291.0
268.75,284.10516357421875,283.99591064453125,284.0616760253906,263.0,291.0
269.0,284.10516357421875,283.9958801269531,284.0616455078125,263.0,291.0
269.25,284.2586669921875,283.99591064453125,284.0616455078125,263.0,291.0
269.5,284.1051330566406,283.9958801269531,284.0616455078125,263.0,291.0
269.75,283.9798278808594,283.9568786621094,283.9796447753906,263.0,291.0
270.0,283.97979736328125,283.9568786621094,283.9796447753906,263.0,291.0
270.25,283.9798278808594,283.9568786621094,283.9796447753906,263.0,291.0
270.5,283.97979736328125,283.9568786621094,283.9796447753906,263.0,291.0
270.75,283.9798278808594,284.1103515625,283.9796447753906,263.0,291.0
271.0,283.97979736328125,283.9568786621094,283.9796447753906,263.0,291.0
271.25,283.9798278808594,283.9569091796875,283.9796447753906,263.0,291.0
271.5,283.97979736328125,283.9568786621094,283.9796447753906,263.0,291.0
271.75,283.9989929199219,283.9975891113281,284.0634460449219,263.0,291.0
272.0,283.9989929199219,283.9975891113281,284.0634460449219,263.0,291.0
272.25,283.9989929199219,283.9975891113281,284.0634460449219,263.0,291.0
272.5,283.9989929199219,283.9975891113281,284.0634460449219,263.0,291.0
272.75,283.9989929199219,283.9975891113281,284.2169494628906,263.0,291.0
273.0,283.9989929199219,284.15106201171875,284.0634460449219,263.0,291.0
273.25,283.9989929199219,283.9975891113281,284.0634460449219,263.0,291.0
273.5,283.9989929199219,283.9975891113281,284.0634460449219,263.0,291.0
273.75,284.10858154296875,283.9968566894531,284.1488952636719,263.0,291.0
274.0,283.95513916015625,283.9968566894531,284.1488952636719,263.0,291.0
274.25,283.95513916015625,283.9968566894531,284.1488952636719,263.0,291.0
274.5,283.95513916015625,283.9968566894531,284.1488952636719,263.0,291.0
274.75,283.95513916015625,283.9968566894531,284.1488952636719,263.0,291.0
275.0,283.95513916015625,283.9968566894531,284.1488952636719,263.0,291.0
275.25,283.95513916015625,284.15032958984375,284.1488952636719,263.0,291.0
275.5,283.95513916015625,283.9968566894531,284.1488952636719,263.0,291.0
275.75,283.9331970214844,284.0396423339844,284.14849853515625,263.0,291.0
276.0,283.9331970214844,284.0396423339844,284.14849853515625,263.0,291.0
276.25,283.9331970214844,284.03961181640625,284.14849853515625,263.0,291.0
276.5,283.9331970214844,284.0396423339844,284.14849853515625,263.0,291.0
276.75,283.9331970214844,284.0396423339844,284.14849853515625,263.0,291.0
277.0,283.9331970214844,284.0396423339844,284.30206298828125,263.0,291.0
277.25,283.9331970214844,284.0396423339844,284.14849853515625,263.0,291.0
277.5,283.9331970214844,284.193115234375,284.14849853515625,263.0,291.0
277.75,283.8479309082031,284.0621643066406,284.1495666503906,263.0,291.0
278.0,283.8479309082031,284.0621643066406,284.1495666503906,263.0,291.0
278.25,283.8479309082031,284.0621643066406,284.1495666503906,263.0,291.0
278.5,283.8479309082031,284.06219482421875,284.1495666503906,263.0,291.0
278.75,283.8479309082031,284.0621643066406,284.1495666503906,263.0,291.0
279.0,283.8479309082031,284.0621643066406,284.1495666503906,263.0,291.0
279.25,283.8479309082031,284.0621643066406,284.1495666503906,263.0,291.0
279.5,283.8479309082031,284.06219482421875,284.1495666503906,263.0,291.0
279.75,283.9554748535156,284.21539306640625,284.06304931640625,263.0,291.0
280.0,283.9554748535156,284.0618896484375,284.06304931640625,263.0,291.0
280.25,283.9554748535156,284.0618896484375,284.06304931640625,263.0,291.0
280.5,284.10894775390625,284.0618896484375,284.06304931640625,263.0,291.0
280.75,283.9554748535156,284.0618896484375,284.06304931640625,263.0,291.0
281.0,283.95550537109375,284.0618896484375,284.06304931640625,263.0,291.0
281.25,283.9554748535156,284.0618896484375,284.06304931640625,263.0,291.0
281.5,283.95550537109375,284.0618896484375,284.216552734375,263.0,291.0
281.75,283.3951416015625,283.69622802734375,283.6549377441406,263.0,291.0
282.0,283.3951416015625,283.69622802734375,283.6549377441406,263.0,291.0
282.25,283.3951416015625,283.69622802734375,283.65496826171875,263.0,291.0
282.5,283.3951416015625,283.69622802734375,283.6549377441406,263.0,291.0
282.75,283.3951416015625,283.69622802734375,283.6549377441406,263.0,291.0
283.0,283.3951416015625,283.69622802734375,283.6549377441406,263.0,291.0
283.25,283.3951416015625,283.69622802734375,283.6549377441406,263.0,291.0
283.5,283.3951416015625,283.69622802734375,283.6549377441406,263.0,291.0
283.75,283.37347412109375,283.6755065917969,283.78729248046875,263.0,291.0
284.0,283.37347412109375,283.6755065917969,283.6340026855469,263.0,291.0
284.25,283.37347412109375,283.8288269042969,283.634033203125,263.0,291.0
284.5,283.37347412109375,283.6755065917969,283.6340026855469,263.0,291.0
284.75,283.37347412109375,283.6755065917969,283.634033203125,263.0,291.0
285.0,283.526611328125,283.6755065917969,283.6340026855469,263.0,291.0
285.25,283.37347412109375,283.6755065917969,283.6340026855469,263.0,291.0
285.5,283.37347412109375,283.6755065917969,283.6340026855469,263.0,291.0
285.75,283.351806640625,283.67535400390625,283.65557861328125,263.0,291.0
286.0,283.351806640625,283.67535400390625,283.8088684082031,263.0,291.0
286.25,283.351806640625,283.67535400390625,283.65557861328125,263.0,291.0
286.5,283.351806640625,283.6753234863281,283.65557861328125,263.0,291.0
286.75,283.351806640625,283.67535400390625,283.65557861328125,263.0,291.0
287.0,283.351806640625,283.67535400390625,283.65557861328125,263.0,291.0
287.25,283.351806640625,283.67535400390625,283.65557861328125,263.0,291.0
287.5,283.351806640625,283.67535400390625,283.65557861328125,263.0,291.0
287.75,283.4166564941406,283.6322021484375,283.6341552734375,263.0,291.0
288.0,283.4166564941406,283.6322021484375,283.6341552734375,263.0,291.0
288.25,283.4166564941406,283.6322021484375,283.6341552734375,263.0,291.0
288.5,283.4166564941406,283.6322021484375,283.6341552734375,263.0,291.0
288.75,283.4166564941406,283.6322021484375,283.6341552734375,263.0,291.0
289.0,283.4166564941406,283.6322021484375,283.6341552734375,263.0,291.0
289.25,283.56982421875,283.6322021484375,283.6341552734375,263.0,291.0
289.5,283.4166564941406,283.6322021484375,283.6341552734375,263.0,291.0
289.75,282.58221435546875,283.1659240722656,283.1253967285156,263.0,291.0
290.0,282.5821838378906,283.1658935546875,283.1253967285156,263.0,291.0
290.25,282.58221435546875,283.1658935546875,283.1253967285156,263.0,291.0
290.5,282.5821838378906,283.1658935546875,283.1253967285156,263.0,291.0
290.75,282.58221435546875,283.1658935546875,283.1253967285156,263.0,291.0
291.0,282.5821838378906,283.1658935546875,283.1253967285156,263.0,291.0
291.25,282.58221435546875,283.1658935546875,283.1253967285156,263.0,291.0
291.5,282.7348937988281,283.1658935546875,283.1253967285156,263.0,291.0
291.75,282.6215515136719,283.1646728515625,283.0807189941406,263.0,291.0
292.0,282.6215515136719,283.1646728515625,283.08074951171875,263.0,291.0
292.25,282.6215515136719,283.1646728515625,283.0807189941406,263.0,291.0
292.5,282.6215515136719,283.1646728515625,283.08074951171875,263.0,291.0
292.75,282.6215515136719,283.1646728515625,283.23370361328125,263.0,291.0
293.0,282.6215515136719,283.1646728515625,283.08074951171875,263.0,291.0
293.25,282.6215515136719,283.1646728515625,283.0807189941406,263.0,291.0
293.5,282.6215515136719,283.1646728515625,283.08074951171875,263.0,291.0
293.75,282.7294616699219,283.0775146484375,283.1014404296875,263.0,291.0
294.0,282.7294616699219,283.0775146484375,283.1014404296875,263.0,291.0
294.25,282.7294616699219,283.0775146484375,283.1014404296875,263.0,291.0
294.5,282.7294616699219,283.0775146484375,283.1014404296875,263.0,291.0
294.75,282.7294616699219,283.0775146484375,283.2544250488281,263.0,291.0
295.0,282.7294616699219,283.0775146484375,283.1014404296875,263.0,291.0
295.25,282.7294616699219,283.0775146484375,283.1014404296875,263.0,291.0
295.5,282.7294616699219,283.0775146484375,283.1014404296875,263.0,291.0
295.75,282.7312927246094,283.09954833984375,283.037353515625,263.0,291.0
296.0,282.8840637207031,283.09954833984375,283.037353515625,263.0,291.0
296.25,282.7312927246094,283.09954833984375,283.037353515625,263.0,291.0
296.5,282.7312927246094,283.0995788574219,283.037353515625,263.0,291.0
296.75,282.7312927246094,283.09954833984375,283.037353515625,263.0,291.0
297.0,282.7312927246094,283.0995788574219,283.037353515625,263.0,291.0
297.25,282.7312927246094,283.09954833984375,283.037353515625,263.0,291.0
297.5,282.7312927246094,283.2525634765625,283.037353515625,263.0,291.0
297.75,282.7894287109375,283.2880554199219,283.1606140136719,263.0,291.0
298.0,282.7894287109375,283.2880554199219,283.1606140136719,263.0,291.0
298.25,282.9422607421875,283.2880554199219,283.1606140136719,263.0,291.0
298.5,282.7894287109375,283.2880554199219,283.1606140136719,263.0,291.0
298.75,282.7894287109375,283.2880554199219,283.1606140136719,263.0,291.0
299.0,282.7894287109375,283.2880554199219,283.1606140136719,263.0,291.0
299.25,282.7894287109375,283.2880554199219,283.3136291503906,263.0,291.0
299.5,282.7894287109375,283.2880554199219,283.1606140136719,263.0,291.0
299.75,282.7249755859375,283.44189453125,283.2045593261719,263.0,291.0
300.0,282.7250061035156,283.288818359375,283.2045593261719,263.0,291.0
300.25,282.7249755859375,283.288818359375,283.2045593261719,263.0,291.0
300.5,282.7250061035156,283.288818359375,283.2045593261719,263.0,291.0
300.75,282.7249755859375,283.288818359375,283.2045593261719,263.0,291.0
301.0,282.7250061035156,283.288818359375,283.2045593261719,263.0,291.0
301.25,282.7249755859375,283.288818359375,283.2045593261719,263.0,291.0
301.5,282.7249755859375,283.288818359375,283.35760498046875,263.0,291.0
301.75,282.81072998046875,283.28851318359375,283.1607360839844,263.0,291.0
302.0,282.81072998046875,283.44158935546875,283.1607360839844,263.0,291.0
302.25,282.81072998046875,283.28851318359375,283.1607360839844,263.0,291.0
302.5,282.96356201171875,283.28851318359375,283.1607360839844,263.0,291.0
302.75,282.96356201171875,283.28851318359375,283.1607360839844,263.0,291.0
303.0,282.81072998046875,283.28851318359375,283.1607360839844,263.0,291.0
303.25,282.81072998046875,283.28851318359375,283.1607360839844,263.0,291.0
303.5,282.81072998046875,283.28851318359375,283.1607360839844,263.0,291.0
303.75,282.8110656738281,283.28851318359375,283.16058349609375,263.0,291.0
304.0,282.8110656738281,283.28851318359375,283.1606140136719,263.0,291.0
304.25,282.8110656738281,283.44158935546875,283.16058349609375,263.0,291.0
304.5,282.8110656738281,283.28851318359375,283.1606140136719,263.0,291.0
304.75,282.8110656738281,283.28851318359375,283.1606140136719,263.0,291.0
305.0,282.8110656738281,283.28851318359375,283.1606140136719,263.0,291.0
305.25,282.8110656738281,283.28851318359375,283.16058349609375,263.0,291.0
305.5,282.8110656738281,283.28851318359375,283.1606140136719,263.0,291.0
305.75,282.8544006347656,283.2885437011719,283.1177978515625,263.0,291.0
306.0,282.8544006347656,283.2885437011719,283.27081298828125,263.0,291.0
306.25,282.8544006347656,283.2885437011719,283.1178283691406,263.0,291.0
306.5,282.8544006347656,283.4416198730469,283.1178283691406,263.0,291.0
306.75,282.85443115234375,283.2885437011719,283.1178283691406,263.0,291.0
307.0,283.00726318359375,283.2885437011719,283.1178283691406,263.0,291.0
307.25,283.00726318359375,283.2885437011719,283.1178283691406,263.0,291.0
307.5,282.8544006347656,283.2885437011719,283.1178283691406,263.0,291.0
307.75,282.8322448730469,283.3523254394531,283.1165771484375,263.0,291.0
308.0,282.8322448730469,283.3523254394531,283.1165771484375,263.0,291.0
308.25,282.8322448730469,283.3523254394531,283.1165771484375,263.0,291.0
308.5,282.8322448730469,283.3523254394531,283.1165771484375,263.0,291.0
308.75,282.8322448730469,283.50543212890625,283.1165771484375,263.0,291.0
309.0,282.8751220703125,283.33050537109375,283.1162109375,263.0,291.0
309.25,282.8751220703125,283.33050537109375,283.1162109375,263.0,291.0
309.5,282.8751220703125,283.33050537109375,283.2691955566406,263.0,291.0
309.75,282.8751525878906,283.33050537109375,283.1162109375,263.0,291.0
310.0,282.8751220703125,283.483642578125,283.1162109375,263.0,291.0
310.25,282.8751220703125,283.33050537109375,283.1162109375,263.0,291.0
310.5,283.0279846191406,283.33050537109375,283.1162109375,263.0,291.0
310.75,283.0075378417969,283.30987548828125,283.09564208984375,263.0,291.0
311.0,282.85467529296875,283.3099060058594,283.09564208984375,263.0,291.0
311.25,282.85467529296875,283.30987548828125,283.09564208984375,263.0,291.0
311.5,282.85467529296875,283.3099060058594,283.09564208984375,263.0,291.0
311.75,282.85467529296875,283.3099060058594,283.2486267089844,263.0,291.0
312.0,282.85467529296875,283.3099060058594,283.09564208984375,263.0,291.0
312.25,282.85467529296875,283.4629821777344,283.09564208984375,263.0,291.0
312.5,282.85467529296875,283.3099060058594,283.09564208984375,263.0,291.0
312.75,282.8543395996094,283.3095397949219,283.1168212890625,263.0,291.0
313.0,282.8543395996094,283.3095397949219,283.1168212890625,263.0,291.0
313.25,282.8543395996094,283.3095397949219,283.1168212890625,263.0,291.0
313.5,282.8543395996094,283.3095397949219,283.1168212890625,263.0,291.0
313.75,282.8543395996094,283.3095397949219,283.1168212890625,263.0,291.0
314.0,282.8543395996094,283.3095397949219,283.26983642578125,263.0,291.0
314.25,282.8543395996094,283.3095397949219,283.1168212890625,263.0,291.0
314.5,282.8543395996094,283.462646484375,283.1168212890625,263.0,291.0
314.75,282.8539123535156,283.28753662109375,283.1597595214844,263.0,291.0
315.0,282.8539123535156,283.28753662109375,283.1597595214844,263.0,291.0
315.25,282.8539123535156,283.28753662109375,283.1597595214844,263.0,291.0
315.5,282.8539123535156,283.28753662109375,283.1597595214844,263.0,291.0
315.75,282.8539123535156,283.28753662109375,283.1597595214844,263.0,291.0
316.0,282.8539123535156,283.28753662109375,283.1597595214844,263.0,291.0
316.25,282.8539123535156,283.28753662109375,283.31280517578125,263.0,291.0
316.5,282.8539123535156,283.28753662109375,283.1597595214844,263.0,291.0
316.75,282.7899169921875,283.4199523925781,283.18255615234375,263.0,291.0
317.0,282.7899475097656,283.2668762207031,283.18255615234375,263.0,291.0
317.25,282.9427490234375,283.2668762207031,283.18255615234375,263.0,291.0
317.5,282.9427490234375,283.2668762207031,283.18255615234375,263.0,291.0
317.75,282.7899475097656,283.2668762207031,283.18255615234375,263.0,291.0
318.0,282.7899475097656,283.2668762207031,283.18255615234375,263.0,291.0
318.25,282.7899169921875,283.2668762207031,283.18255615234375,263.0,291.0
318.5,282.7899169921875,283.2668762207031,283.3356018066406,263.0,291.0
318.75,282.76971435546875,283.247314453125,283.1195373535156,263.0,291.0
319.0,282.76971435546875,283.400390625,283.1195373535156,263.0,291.0
319.25,282.76971435546875,283.247314453125,283.1195373535156,263.0,291.0
319.5,282.76971435546875,283.247314453125,283.1195373535156,263.0,291.0
319.75,282.9225158691406,283.247314453125,283.1195373535156,263.0,291.0
320.0,282.76971435546875,283.247314453125,283.1195373535156,263.0,291.0
320.25,282.76971435546875,283.2473449707031,283.1195373535156,263.0,291.0
320.5,282.76971435546875,283.247314453125,283.1195373535156,263.0,291.0
320.75,282.83258056640625,283.2664489746094,283.3135070800781,263.0,291.0
321.0,282.83258056640625,283.4195251464844,283.1604919433594,263.0,291.0
321.25,282.83258056640625,283.2664489746094,283.16046142578125,263.0,291.0
321.5,282.83258056640625,283.2664489746094,283.1604919433594,263.0,291.0
321.75,282.83258056640625,283.2664489746094,283.1604919433594,263.0,291.0
322.0,282.83258056640625,283.2664489746094,283.1604919433594,263.0,291.0
322.25,282.83258056640625,283.2664489746094,283.1604919433594,263.0,291.0
322.5,282.83258056640625,283.2664489746094,283.1604919433594,263.0,291.0
322.75,282.7901916503906,283.24554443359375,283.3363342285156,263.0,291.0
323.0,282.7901916503906,283.24554443359375,283.33636474609375,263.0,291.0
323.25,282.7901916503906,283.39862060546875,283.1833190917969,263.0,291.0
323.5,282.7901916503906,283.24554443359375,283.1833190917969,263.0,291.0
323.75,282.7901916503906,283.24554443359375,283.1833190917969,263.0,291.0
324.0,282.9429931640625,283.24554443359375,283.1833190917969,263.0,291.0
324.25,282.7901916503906,283.24554443359375,283.1833190917969,263.0,291.0
324.5,282.7901916503906,283.24554443359375,283.1833190917969,263.0,291.0
324.75,283.5422058105469,283.6715393066406,283.6731872558594,263.0,291.0
325.0,283.5422058105469,283.6715393066406,283.6731872558594,263.0,291.0
325.25,283.5422058105469,283.6715393066406,283.6731872558594,263.0,291.0
325.5,283.5422058105469,283.8248291015625,283.6731872558594,263.0,291.0
325.75,283.5422058105469,283.8248291015625,283.6731872558594,263.0,291.0
326.0,283.5422058105469,283.6715393066406,283.6731872558594,263.0,291.0
326.25,283.6954040527344,283.6715393066406,283.6731872558594,263.0,291.0
326.5,283.5422058105469,283.6715393066406,283.6731872558594,263.0,291.0
326.75,283.5000305175781,283.6934814453125,283.6952209472656,263.0,291.0
327.0,283.5000305175781,283.6935119628906,283.6952209472656,263.0,291.0
327.25,283.5000305175781,283.6934814453125,283.8485412597656,263.0,291.0
327.5,283.5000305175781,283.6935119628906,283.6952209472656,263.0,291.0
327.75,283.5000305175781,283.6934814453125,283.6952209472656,263.0,291.0
328.0,283.5000305175781,283.6935119628906,283.6952209472656,263.0,291.0
328.25,283.5,283.6935119628906,283.6952209472656,263.0,291.0
328.5,283.6532287597656,283.6935119628906,283.6952209472656,263.0,291.0
328.75,283.5212097167969,283.69317626953125,283.69488525390625,263.0,291.0
329.0,283.521240234375,283.69317626953125,283.69488525390625,263.0,291.0
329.25,283.5212097167969,283.69317626953125,283.69488525390625,263.0,291.0
329.5,283.5212097167969,283.69317626953125,283.84820556640625,263.0,291.0
329.75,283.5212097167969,283.69317626953125,283.69488525390625,263.0,291.0
330.0,283.5212097167969,283.84649658203125,283.69488525390625,263.0,291.0
330.25,283.521240234375,283.69317626953125,283.69488525390625,263.0,291.0
330.5,283.5212097167969,283.6932067871094,283.69488525390625,263.0,291.0
330.75,283.6544494628906,283.6729736328125,283.65313720703125,263.0,291.0
331.0,283.5012512207031,283.6729736328125,283.65313720703125,263.0,291.0
331.25,283.5012512207031,283.6729736328125,283.65313720703125,263.0,291.0
331.5,283.5012512207031,283.6729736328125,283.65313720703125,263.0,291.0
331.75,283.5012512207031,283.6729736328125,283.8064270019531,263.0,291.0
332.0,283.5012512207031,283.6729736328125,283.8064270019531,263.0,291.0
332.25,283.5012512207031,283.8262634277344,283.65313720703125,263.0,291.0
332.5,283.5012512207031,283.6729736328125,283.65313720703125,263.0,291.0
332.75,283.39288330078125,283.67291259765625,283.760986328125,263.0,291.0
333.0,283.5460510253906,283.67291259765625,283.760986328125,263.0,291.0
333.25,283.39288330078125,283.67291259765625,283.760986328125,263.0,291.0
333.5,283.39288330078125,283.67291259765625,283.760986328125,263.0,291.0
333.75,283.39288330078125,283.67291259765625,283.760986328125,263.0,291.0
334.0,283.39288330078125,283.67291259765625,283.760986328125,263.0,291.0
334.25,283.39288330078125,283.67291259765625,283.760986328125,263.0,291.0
334.5,283.39288330078125,283.8262023925781,283.760986328125,263.0,291.0
334.75,283.34906005859375,283.7373046875,283.7607727050781,263.0,291.0
335.0,283.34906005859375,283.7373046875,283.7607421875,263.0,291.0
335.25,283.502197265625,283.7373046875,283.7607421875,263.0,291.0
335.5,283.34906005859375,283.7373046875,283.7607421875,263.0,291.0
335.75,283.34906005859375,283.7373046875,283.7607421875,263.0,291.0
336.0,283.34906005859375,283.7373046875,283.7607421875,263.0,291.0
336.25,283.34906005859375,283.7373046875,283.7607421875,263.0,291.0
336.5,283.34906005859375,283.7373046875,283.7607421875,263.0,291.0
336.75,283.34967041015625,283.8915100097656,283.71832275390625,263.0,291.0
337.0,283.34967041015625,283.7381591796875,283.71832275390625,263.0,291.0
337.25,283.34967041015625,283.7381591796875,283.71832275390625,263.0,291.0
337.5,283.34967041015625,283.7381591796875,283.71832275390625,263.0,291.0
337.75,283.34967041015625,283.7381591796875,283.71832275390625,263.0,291.0
338.0,283.34967041015625,283.7381591796875,283.71832275390625,263.0,291.0
338.25,283.34967041015625,283.7381591796875,283.71832275390625,263.0,291.0
338.5,283.34967041015625,283.7381591796875,283.87164306640625,263.0,291.0
338.75,283.5865783691406,283.6507873535156,283.7841491699219,263.0,291.0
339.0,283.5865783691406,283.8040771484375,283.6308898925781,263.0,291.0
339.25,283.5865783691406,283.6507873535156,283.6308898925781,263.0,291.0
339.5,283.5865783691406,283.6507873535156,283.6308898925781,263.0,291.0
339.75,283.7398376464844,283.6507873535156,283.6308898925781,263.0,291.0
340.0,283.5865783691406,283.6507873535156,283.6308898925781,263.0,291.0
340.25,283.5865783691406,283.6507873535156,283.6308898925781,263.0,291.0
340.5,283.5865783691406,283.6507873535156,283.6308898925781,263.0,291.0
340.75,283.627685546875,283.6914367675781,283.6932067871094,263.0,291.0
341.0,283.627685546875,283.6914367675781,283.6932067871094,263.0,291.0
341.25,283.627685546875,283.8447570800781,283.6932067871094,263.0,291.0
341.5,283.627685546875,283.6914367675781,283.6932067871094,263.0,291.0
341.75,283.627685546875,283.6914367675781,283.6932067871094,263.0,291.0
342.0,283.627685546875,283.6914367675781,283.6932067871094,263.0,291.0
342.25,283.627685546875,283.6914367675781,283.6932067871094,263.0,291.0
342.5,283.627685546875,283.6914367675781,283.6932067871094,263.0,291.0
342.75,283.5872802734375,283.5863342285156,283.67431640625,263.0,291.0
343.0,283.5872802734375,283.5863342285156,283.8276062011719,263.0,291.0
343.25,283.5872802734375,283.5863342285156,283.67431640625,263.0,291.0
343.5,283.5872802734375,283.73956298828125,283.67431640625,263.0,291.0
343.75,283.5872802734375,283.5863342285156,283.67431640625,263.0,291.0
344.0,283.5872802734375,283.5863342285156,283.67431640625,263.0,291.0
344.25,283.74053955078125,283.5863342285156,283.67431640625,263.0,291.0
344.5,283.5872802734375,283.5863342285156,283.67431640625,263.0,291.0
344.75,283.65277099609375,283.5869140625,283.567138671875,263.0,291.0
345.0,283.65277099609375,283.5869140625,283.567138671875,263.0,291.0
345.25,283.65277099609375,283.5869140625,283.7203674316406,263.0,291.0
345.5,283.65277099609375,283.5869140625,283.567138671875,263.0,291.0
345.75,283.65277099609375,283.74017333984375,283.567138671875,263.0,291.0
346.0,283.65277099609375,283.5869140625,283.567138671875,263.0,291.0
346.25,283.65277099609375,283.5869140625,283.567138671875,263.0,291.0
346.5,283.8060607910156,283.5869140625,283.567138671875,263.0,291.0
346.75,283.6295166015625,283.5851745605469,283.6947021484375,263.0,291.0
347.0,283.6295166015625,283.5851745605469,283.6947021484375,263.0,291.0
347.25,283.6295166015625,283.5851745605469,283.6947021484375,263.0,291.0
347.5,283.6295166015625,283.5851745605469,283.8480224609375,263.0,291.0
347.75,283.6295166015625,283.5851745605469,283.8480224609375,263.0,291.0
348.0,283.6295166015625,283.7384033203125,283.6947021484375,263.0,291.0
348.25,283.6295166015625,283.5851745605469,283.6947021484375,263.0,291.0
348.5,283.6295166015625,283.5851745605469,283.6947021484375,263.0,291.0
348.75,283.78326416015625,283.56390380859375,283.6951904296875,263.0,291.0
349.0,283.6300048828125,283.56390380859375,283.6951599121094,263.0,291.0
349.25,283.6300048828125,283.56390380859375,283.6951599121094,263.0,291.0
349.5,283.6300048828125,283.56390380859375,283.6951599121094,263.0,291.0
349.75,283.6300048828125,283.56390380859375,283.6951904296875,263.0,291.0
350.0,283.6300048828125,283.56390380859375,283.6951599121094,263.0,291.0
350.25,283.6300048828125,283.7171630859375,283.6951599121094,263.0,291.0
350.5,283.6300048828125,283.56390380859375,283.6951599121094,263.0,291.0
350.75,283.5440673828125,283.60772705078125,283.6959228515625,263.0,291.0
351.0,283.5440673828125,283.60772705078125,283.6958923339844,263.0,291.0
351.25,283.5440673828125,283.60772705078125,283.6959228515625,263.0,291.0
351.5,283.5440673828125,283.60772705078125,283.6958923339844,263.0,291.0
351.75,283.5440673828125,283.60772705078125,283.6959228515625,263.0,291.0
352.0,283.5440673828125,283.60772705078125,283.8492126464844,263.0,291.0
352.25,283.5440673828125,283.60772705078125,283.6959228515625,263.0,291.0
352.5,283.5440673828125,283.760986328125,283.6958923339844,263.0,291.0
352.75,284.0653381347656,283.934326171875,283.9786376953125,263.0,291.0
353.0,284.0653076171875,283.934326171875,283.9786682128906,263.0,291.0
353.25,284.2188415527344,283.934326171875,283.9786682128906,263.0,291.0
353.5,284.0653076171875,283.934326171875,283.9786682128906,263.0,291.0
353.75,284.0653381347656,283.934326171875,283.9786376953125,263.0,291.0
354.0,284.0653076171875,283.934326171875,283.9786682128906,263.0,291.0
354.25,284.0653381347656,283.934326171875,284.1321105957031,263.0,291.0
354.5,284.0653381347656,283.934326171875,283.9786682128906,263.0,291.0
354.75,284.10791015625,283.9339904785156,283.9566955566406,263.0,291.0
355.0,284.10791015625,283.9339904785156,283.95672607421875,263.0,291.0
355.25,284.10791015625,283.9339904785156,283.9566955566406,263.0,291.0
355.5,284.10791015625,283.9339904785156,283.95672607421875,263.0,291.0
355.75,284.10791015625,283.9339904785156,283.9566955566406,263.0,291.0
356.0,284.10791015625,283.9339904785156,283.95672607421875,263.0,291.0
356.25,284.10791015625,283.9339904785156,283.95672607421875,263.0,291.0
356.5,284.10791015625,283.9339904785156,283.95672607421875,263.0,291.0
356.75,284.1489562988281,283.9750671386719,283.9977111816406,263.0,291.0
357.0,284.1489562988281,283.9750671386719,283.99774169921875,263.0,291.0
357.25,284.1489562988281,283.9750671386719,283.9977111816406,263.0,291.0
357.5,284.302490234375,283.9750671386719,283.9977111816406,263.0,291.0
357.75,284.1489562988281,283.9750671386719,283.9977111816406,263.0,291.0
358.0,284.1489562988281,283.9750671386719,283.99774169921875,263.0,291.0
358.25,284.1489562988281,283.9750671386719,283.9977111816406,263.0,291.0
358.5,284.1489562988281,283.9750671386719,283.99774169921875,263.0,291.0
358.75,284.1283874511719,283.9114074707031,284.1737365722656,263.0,291.0
359.0,284.1283874511719,283.9114074707031,284.020263671875,263.0,291.0
359.25,284.1283874511719,283.911376953125,284.0202331542969,263.0,291.0
359.5,284.1283874511719,283.9114074707031,284.0202331542969,263.0,291.0
359.75,284.1283874511719,283.911376953125,284.0202331542969,263.0,291.0
360.0,284.1283874511719,283.9114074707031,284.0202331542969,263.0,291.0
360.25,284.1283874511719,283.911376953125,284.0202331542969,263.0,291.0
360.5,284.1283874511719,283.9114074707031,284.0202331542969,263.0,291.0
360.75,284.08489990234375,283.9972839355469,283.9984436035156,263.0,291.0
361.0,284.08489990234375,283.9972839355469,284.1518859863281,263.0,291.0
361.25,284.08489990234375,283.9972839355469,283.9984436035156,263.0,291.0
361.5,284.08489990234375,283.9972839355469,283.9984130859375,263.0,291.0
361.75,284.08489990234375,283.9972839355469,283.9984436035156,263.0,291.0
362.0,284.08489990234375,283.9972839355469,283.9984130859375,263.0,291.0
362.25,284.08489990234375,283.9972839355469,283.9984436035156,263.0,291.0
362.5,284.08489990234375,283.9972839355469,283.9984130859375,263.0,291.0
362.75,284.10650634765625,283.95416259765625,284.01995849609375,263.0,291.0
363.0,284.10650634765625,283.95416259765625,284.01995849609375,263.0,291.0
363.25,284.10650634765625,283.95416259765625,284.01995849609375,263.0,291.0
363.5,284.10650634765625,283.95416259765625,284.01995849609375,263.0,291.0
363.75,284.10650634765625,284.10760498046875,284.01995849609375,263.0,291.0
364.0,284.10650634765625,283.95416259765625,284.01995849609375,263.0,291.0
364.25,284.10650634765625,283.95416259765625,284.01995849609375,263.0,291.0
364.5,284.10650634765625,283.95416259765625,284.01995849609375,263.0,291.0
364.75,284.19244384765625,283.9107360839844,283.9980163574219,263.0,291.0
365.0,284.19244384765625,283.9107360839844,283.9980163574219,263.0,291.0
365.25,284.19244384765625,283.9107360839844,283.998046875,263.0,291.0
365.5,284.19244384765625,283.9107360839844,283.9980163574219,263.0,291.0
365.75,284.19244384765625,284.06414794921875,283.9980163574219,263.0,291.0
366.0,284.19244384765625,283.9107360839844,283.9980163574219,263.0,291.0
366.25,284.19244384765625,283.9107360839844,283.998046875,263.0,291.0
366.5,284.3460388183594,283.9107360839844,283.9980163574219,263.0,291.0
366.75,284.063232421875,284.0404357910156,283.9769287109375,263.0,291.0
367.0,284.063232421875,284.0404357910156,283.9768981933594,263.0,291.0
367.25,284.063232421875,284.0404357910156,283.9768981933594,263.0,291.0
367.5,284.063232421875,284.0404052734375,283.9768981933594,263.0,291.0
367.75,284.063232421875,284.0404357910156,284.13037109375,263.0,291.0
368.0,284.063232421875,284.0404357910156,283.9768981933594,263.0,291.0
368.25,284.063232421875,284.0404357910156,283.9768981933594,263.0,291.0
368.5,284.063232421875,284.0404357910156,283.9768981933594,263.0,291.0
368.75,284.0845947265625,284.0400390625,283.9765625,263.0,291.0
369.0,284.0845947265625,284.0400390625,283.9765625,263.0,291.0
369.25,284.0845947265625,284.0400390625,283.9765625,263.0,291.0
369.5,284.0845947265625,284.0400390625,283.9765625,263.0,291.0
369.75,284.0845947265625,284.0400390625,283.9765625,263.0,291.0
370.0,284.0845947265625,284.0400390625,283.9765625,263.0,291.0
370.25,284.0845947265625,284.0400390625,283.9765625,263.0,291.0
370.5,284.0845947265625,284.0400390625,283.9765625,263.0,291.0
370.75,284.10614013671875,284.0616149902344,283.9334716796875,263.0,291.0
371.0,284.2596740722656,284.0616149902344,283.9334716796875,263.0,291.0
371.25,284.1061706542969,284.0616149902344,283.9334716796875,263.0,291.0
371.5,284.10614013671875,284.0616149902344,283.9334716796875,263.0,291.0
371.75,284.1061706542969,284.0616149902344,283.9334716796875,263.0,291.0
372.0,284.1061706542969,284.0616149902344,284.0869140625,263.0,291.0
372.25,284.1061706542969,284.0616149902344,283.9334716796875,263.0,291.0
372.5,284.1061706542969,284.2151184082031,283.9334716796875,263.0,291.0
372.75,283.9773864746094,284.0406188964844,284.04193115234375,263.0,291.0
373.0,283.9773864746094,284.0406188964844,284.04193115234375,263.0,291.0
373.25,284.130859375,284.0406188964844,284.04193115234375,263.0,291.0
373.5,283.9773864746094,284.0406188964844,284.04193115234375,263.0,291.0
373.75,283.9773864746094,284.0406188964844,284.04193115234375,263.0,291.0
374.0,283.9773864746094,284.0406188964844,284.04193115234375,263.0,291.0
374.25,283.9773864746094,284.0406188964844,284.04193115234375,263.0,291.0
374.5,283.9773864746094,284.0406188964844,284.0419616699219,263.0,291.0
374.75,283.8910827636719,284.2156982421875,284.1065368652344,263.0,291.0
375.0,283.8910827636719,284.06219482421875,284.1065673828125,263.0,291.0
375.25,283.8910827636719,284.06219482421875,284.1065673828125,263.0,291.0
375.5,284.04449462890625,284.06219482421875,284.1065673828125,263.0,291.0
375.75,283.8910827636719,284.06219482421875,284.1065673828125,263.0,291.0
376.0,283.8910827636719,284.06219482421875,284.1065673828125,263.0,291.0
376.25,283.8910827636719,284.06219482421875,284.1065673828125,263.0,291.0
376.5,283.8910827636719,284.06219482421875,284.2601013183594,263.0,291.0
376.75,283.3717041015625,283.7160339355469,283.76104736328125,263.0,291.0
377.0,283.3717041015625,283.8693542480469,283.76104736328125,263.0,291.0
377.25,283.3717041015625,283.7160339355469,283.76104736328125,263.0,291.0
377.5,283.3717041015625,283.7160339355469,283.76104736328125,263.0,291.0
377.75,283.52484130859375,283.7160339355469,283.76104736328125,263.0,291.0
378.0,283.3717041015625,283.7160339355469,283.76104736328125,263.0,291.0
378.25,283.3717041015625,283.7160339355469,283.76104736328125,263.0,291.0
378.5,283.3717041015625,283.7160339355469,283.76104736328125,263.0,291.0
378.75,283.4139099121094,283.73736572265625,283.696044921875,263.0,291.0
379.0,283.4139099121094,283.73736572265625,283.696044921875,263.0,291.0
379.25,283.4139099121094,283.89068603515625,283.696044921875,263.0,291.0
379.5,283.4139099121094,283.73736572265625,283.696044921875,263.0,291.0
379.75,283.4139099121094,283.73736572265625,283.696044921875,263.0,291.0
380.0,283.56707763671875,283.73736572265625,283.696044921875,263.0,291.0
380.25,283.4139099121094,283.73736572265625,283.696044921875,263.0,291.0
380.5,283.4139099121094,283.73736572265625,283.696044921875,263.0,291.0
380.75,283.45794677734375,283.6949462890625,283.6535339355469,263.0,291.0
381.0,283.45794677734375,283.6949462890625,283.6535339355469,263.0,291.0
381.25,283.45794677734375,283.6949462890625,283.6535339355469,263.0,291.0
381.5,283.45794677734375,283.8482666015625,283.6535339355469,263.0,291.0
381.75,283.45794677734375,283.6949462890625,283.6535339355469,263.0,291.0
382.0,283.45794677734375,283.6949462890625,283.6535339355469,263.0,291.0
382.25,283.6111145019531,283.6949462890625,283.6535339355469,263.0,291.0
382.5,283.45794677734375,283.6949462890625,283.6535339355469,263.0,291.0
382.75,283.456298828125,283.7147521972656,283.738037109375,263.0,291.0
383.0,283.456298828125,283.7147521972656,283.738037109375,263.0,291.0
383.25,283.456298828125,283.7147216796875,283.738037109375,263.0,291.0
383.5,283.456298828125,283.7147216796875,283.738037109375,263.0,291.0
383.75,283.456298828125,283.7147521972656,283.738037109375,263.0,291.0
384.0,283.456298828125,283.7147216796875,283.738037109375,263.0,291.0
384.25,283.456298828125,283.7147521972656,283.738037109375,263.0,291.0
384.5,283.456298828125,283.7147216796875,283.738037109375,263.0,291.0
384.75,282.7929992675781,283.2678527832031,283.18408203125,263.0,291.0
385.0,282.7929992675781,283.2678527832031,283.18408203125,263.0,291.0
385.25,282.7929992675781,283.2678527832031,283.18408203125,263.0,291.0
385.5,282.7929992675781,283.2678527832031,283.3371276855469,263.0,291.0
385.75,282.7929992675781,283.2678527832031,283.18408203125,263.0,291.0
386.0,282.7929992675781,283.4209289550781,283.18408203125,263.0,291.0
386.25,282.7929992675781,283.2678527832031,283.18408203125,263.0,291.0
386.5,282.94580078125,283.2678527832031,283.18408203125,263.0,291.0
386.75,282.80926513671875,283.3079833984375,283.245361328125,263.0,291.0
387.0,282.80926513671875,283.3079833984375,283.245361328125,263.0,291.0
387.25,282.80926513671875,283.3079833984375,283.245361328125,263.0,291.0
387.5,282.80926513671875,283.3079833984375,283.245361328125,263.0,291.0
387.75,282.80926513671875,283.3079833984375,283.3984375,263.0,291.0
388.0,282.80926513671875,283.4610595703125,283.245361328125,263.0,291.0
388.25,282.80926513671875,283.3079833984375,283.245361328125,263.0,291.0
388.5,282.80926513671875,283.3079833984375,283.245361328125,263.0,291.0
388.75,283.0069274902344,283.1797790527344,283.2468566894531,263.0,291.0
389.0,282.85406494140625,283.1797790527344,283.2468566894531,263.0,291.0
389.25,282.85406494140625,283.1798095703125,283.2468566894531,263.0,291.0
389.5,282.85406494140625,283.1797790527344,283.2468566894531,263.0,291.0
389.75,282.85406494140625,283.1797790527344,283.2468566894531,263.0,291.0
390.0,282.85406494140625,283.1797790527344,283.2468566894531,263.0,291.0
390.25,282.85406494140625,283.33282470703125,283.2468566894531,263.0,291.0
390.5,282.85406494140625,283.1797790527344,283.2468566894531,263.0,291.0
390.75,282.854248046875,283.20147705078125,283.22528076171875,263.0,291.0
391.0,283.0071105957031,283.2014465332031,283.22528076171875,263.0,291.0
391.25,283.0071105957031,283.2014465332031,283.22528076171875,263.0,291.0
391.5,282.854248046875,283.2014465332031,283.22528076171875,263.0,291.0
391.75,282.854248046875,283.2014465332031,283.22528076171875,263.0,291.0
392.0,282.854248046875,283.2014465332031,283.3783264160156,263.0,291.0
392.25,282.854248046875,283.2014465332031,283.3783264160156,263.0,291.0
392.5,282.854248046875,283.3544921875,283.22528076171875,263.0,291.0
392.75,282.8294677734375,283.3709411621094,283.2653503417969,263.0,291.0
393.0,282.8294677734375,283.3709411621094,283.2653503417969,263.0,291.0
393.25,282.9822998046875,283.3709411621094,283.2653503417969,263.0,291.0
393.5,282.8294677734375,283.3709411621094,283.2653503417969,263.0,291.0
393.75,282.8294372558594,283.3709411621094,283.2653503417969,263.0,291.0
394.0,282.8294372558594,283.3709411621094,283.2653503417969,263.0,291.0
394.25,282.8294677734375,283.3709411621094,283.2653503417969,263.0,291.0
394.5,282.8294677734375,283.3709411621094,283.2653503417969,263.0,291.0
394.75,282.808349609375,283.5467529296875,283.22332763671875,263.0,291.0
395.0,282.808349609375,283.3935852050781,283.22332763671875,263.0,291.0
395.25,282.808349609375,283.3935852050781,283.22332763671875,263.0,291.0
395.5,282.961181640625,283.3935852050781,283.22332763671875,263.0,291.0
395.75,282.808349609375,283.3935852050781,283.22332763671875,263.0,291.0
396.0,282.808349609375,283.3935852050781,283.22332763671875,263.0,291.0
396.25,282.808349609375,283.3935852050781,283.22332763671875,263.0,291.0
396.5,282.808349609375,283.3935852050781,283.3763732910156,263.0,291.0
396.75,282.80792236328125,283.393310546875,283.39715576171875,263.0,291.0
397.0,282.8079528808594,283.54644775390625,283.24407958984375,263.0,291.0
397.25,282.80792236328125,283.393310546875,283.24407958984375,263.0,291.0
397.5,282.8079528808594,283.393310546875,283.24407958984375,263.0,291.0
397.75,282.96075439453125,283.393310546875,283.24407958984375,263.0,291.0
398.0,282.8079528808594,283.393310546875,283.24407958984375,263.0,291.0
398.25,282.8079528808594,283.393310546875,283.24407958984375,263.0,291.0
398.5,282.8079528808594,283.393310546875,283.24407958984375,263.0,291.0
398.75,282.85162353515625,283.3720703125,283.2012634277344,263.0,291.0
399.0,282.85162353515625,283.3720703125,283.35430908203125,263.0,291.0
399.25,282.85162353515625,283.52520751953125,283.2012634277344,263.0,291.0
399.5,282.85162353515625,283.3720703125,283.2012634277344,263.0,291.0
399.75,282.85162353515625,283.3720703125,283.2012634277344,263.0,291.0
400.0,283.0044860839844,283.3720703125,283.2012634277344,263.0,291.0
400.25,282.85162353515625,283.3720703125,283.2012634277344,263.0,291.0
400.5,282.85162353515625,283.3720703125,283.2012634277344,263.0,291.0
400.75,282.93743896484375,283.3710021972656,283.1784973144531,263.0,291.0
401.0,282.93743896484375,283.3710021972656,283.3315124511719,263.0,291.0
401.25,282.93743896484375,283.3710021972656,283.3315124511719,263.0,291.0
401.5,282.93743896484375,283.5241394042969,283.178466796875,263.0,291.0
401.75,282.93743896484375,283.3710021972656,283.178466796875,263.0,291.0
402.0,282.93743896484375,283.3710021972656,283.178466796875,263.0,291.0
402.25,283.09033203125,283.3710021972656,283.178466796875,263.0,291.0
402.5,282.93743896484375,283.3710021972656,283.178466796875,263.0,291.0
402.75,282.9375915527344,283.39190673828125,283.1993103027344,263.0,291.0
403.0,282.9375915527344,283.39190673828125,283.1993103027344,263.0,291.0
403.25,282.9375915527344,283.39190673828125,283.1993103027344,263.0,291.0
403.5,282.9375915527344,283.39190673828125,283.35235595703125,263.0,291.0
403.75,282.9375915527344,283.5450439453125,283.1993103027344,263.0,291.0
404.0,282.9375915527344,283.5450439453125,283.1993103027344,263.0,291.0
404.25,282.9375915527344,283.39190673828125,283.1993103027344,263.0,291.0
404.5,283.0904846191406,283.39190673828125,283.1993103027344,263.0,291.0
404.75,282.937744140625,283.3926696777344,283.1568603515625,263.0,291.0
405.0,282.937744140625,283.39263916015625,283.1568603515625,263.0,291.0
405.25,282.937744140625,283.3926696777344,283.1568603515625,263.0,291.0
405.5,282.937744140625,283.39263916015625,283.30987548828125,263.0,291.0
405.75,282.937744140625,283.3926696777344,283.1568603515625,263.0,291.0
406.0,282.937744140625,283.5458068847656,283.1568603515625,263.0,291.0
406.25,282.937744140625,283.3926696777344,283.1568603515625,263.0,291.0
406.5,282.937744140625,283.3926696777344,283.1568603515625,263.0,291.0
406.75,283.1119689941406,283.392333984375,283.1564025878906,263.0,291.0
407.0,282.9590759277344,283.3923034667969,283.1564025878906,263.0,291.0
407.25,282.9590759277344,283.392333984375,283.1564025878906,263.0,291.0
407.5,282.9590759277344,283.392333984375,283.1564025878906,263.0,291.0
407.75,282.9590759277344,283.392333984375,283.3094177246094,263.0,291.0
408.0,282.9590759277344,283.392333984375,283.3094177246094,263.0,291.0
408.25,282.9590759277344,283.3923034667969,283.1564025878906,263.0,291.0
408.5,282.9590759277344,283.3923034667969,283.1564025878906,263.0,291.0
408.75,282.9374694824219,283.3710021972656,283.1995849609375,263.0,291.0
409.0,283.0903625488281,283.3710021972656,283.1996154785156,263.0,291.0
409.25,283.0903625488281,283.3710021972656,283.1995849609375,263.0,291.0
409.5,282.9374694824219,283.3710021972656,283.1996154785156,263.0,291.0
409.75,282.9374694824219,283.3710021972656,283.1995849609375,263.0,291.0
410.0,282.9374694824219,283.3710021972656,283.1996154785156,263.0,291.0
410.25,282.9374694824219,283.3710021972656,283.1995849609375,263.0,291.0
410.5,282.9374694824219,283.5241394042969,283.1995849609375,263.0,291.0
410.75,282.9378356933594,283.30615234375,283.2432556152344,263.0,291.0
411.0,282.9378356933594,283.30615234375,283.2432556152344,263.0,291.0
411.25,282.9378356933594,283.30615234375,283.2432556152344,263.0,291.0
411.5,282.9378356933594,283.30615234375,283.2432556152344,263.0,291.0
411.75,282.9378356933594,283.30615234375,283.2432556152344,263.0,291.0
412.0,282.9378356933594,283.30615234375,283.2432556152344,263.0,291.0
412.25,282.9378356933594,283.30615234375,283.2432556152344,263.0,291.0
412.5,282.9378356933594,283.30615234375,283.2432556152344,263.0,291.0
412.75,282.8734436035156,283.4814147949219,283.2444763183594,263.0,291.0
413.0,282.8734436035156,283.32830810546875,283.2444763183594,263.0,291.0
413.25,282.8734436035156,283.3282775878906,283.2444763183594,263.0,291.0
413.5,283.02630615234375,283.32830810546875,283.2444763183594,263.0,291.0
413.75,283.02630615234375,283.32830810546875,283.2444763183594,263.0,291.0
414.0,282.8734436035156,283.32830810546875,283.2444763183594,263.0,291.0
414.25,282.8734436035156,283.3282775878906,283.2444763183594,263.0,291.0
414.5,282.8734436035156,283.32830810546875,283.3975524902344,263.0,291.0
414.75,282.8298645019531,283.3283386230469,283.4403991699219,263.0,291.0
415.0,282.82989501953125,283.4814453125,283.2873229980469,263.0,291.0
415.25,282.8298645019531,283.3283386230469,283.2873229980469,263.0,291.0
415.5,282.82989501953125,283.3283386230469,283.2873229980469,263.0,291.0
415.75,282.98272705078125,283.3283386230469,283.2873229980469,263.0,291.0
416.0,282.82989501953125,283.3283386230469,283.2873229980469,263.0,291.0
416.25,282.8298645019531,283.3283386230469,283.2873229980469,263.0,291.0
416.5,282.8298645019531,283.3283386230469,283.2873229980469,263.0,291.0
416.75,282.8290100097656,283.3492431640625,283.308349609375,263.0,291.0
417.0,282.8290100097656,283.3492431640625,283.308349609375,263.0,291.0
417.25,282.8290100097656,283.50238037109375,283.308349609375,263.0,291.0
417.5,282.8290100097656,283.3492431640625,283.308349609375,263.0,291.0
417.75,282.8290100097656,283.3492431640625,283.308349609375,263.0,291.0
418.0,282.8290100097656,283.3492431640625,283.3083190917969,263.0,291.0
418.25,282.8290100097656,283.3492431640625,283.308349609375,263.0,291.0
418.5,282.8290100097656,283.3492431640625,283.308349609375,263.0,291.0
418.75,282.8726806640625,283.32806396484375,283.2655334472656,263.0,291.0
419.0,282.8726806640625,283.3280334472656,283.2655334472656,263.0,291.0
419.25,282.8726806640625,283.32806396484375,283.2655334472656,263.0,291.0
419.5,282.8726806640625,283.3280334472656,283.2655334472656,263.0,291.0
419.75,282.8726806640625,283.32806396484375,283.2655029296875,263.0,291.0
420.0,282.8726806640625,283.3280334472656,283.2655334472656,263.0,291.0
420.25,282.8726806640625,283.32806396484375,283.2655334472656,263.0,291.0
420.5,282.8726806640625,283.32806396484375,283.2655029296875,263.0,291.0
420.75,283.540771484375,283.7347106933594,283.7147216796875,263.0,291.0
421.0,283.540771484375,283.7347106933594,283.7147521972656,263.0,291.0
421.25,283.540771484375,283.7347106933594,283.8680419921875,263.0,291.0
421.5,283.540771484375,283.7347106933594,283.7147521972656,263.0,291.0
421.75,283.540771484375,283.8880615234375,283.7147216796875,263.0,291.0
422.0,283.540771484375,283.7347106933594,283.7147521972656,263.0,291.0
422.25,283.5408020019531,283.7347106933594,283.7147216796875,263.0,291.0
422.5,283.540771484375,283.7347106933594,283.7147521972656,263.0,291.0
422.75,283.5850830078125,283.69219970703125,283.69384765625,263.0,291.0
423.0,283.5851135253906,283.69219970703125,283.69384765625,263.0,291.0
423.25,283.5851135253906,283.69219970703125,283.69384765625,263.0,291.0
423.5,283.5850830078125,283.69219970703125,283.69384765625,263.0,291.0
423.75,283.5851135253906,283.69219970703125,283.69384765625,263.0,291.0
424.0,283.5851135253906,283.69219970703125,283.69384765625,263.0,291.0
424.25,283.5851135253906,283.69219970703125,283.69384765625,263.0,291.0
424.5,283.5850830078125,283.69219970703125,283.69384765625,263.0,291.0
424.75,283.5210266113281,283.6928405761719,283.71612548828125,263.0,291.0
425.0,283.52099609375,283.6928405761719,283.71612548828125,263.0,291.0
425.25,283.5210266113281,283.6928405761719,283.71612548828125,263.0,291.0
425.5,283.52099609375,283.6928405761719,283.71612548828125,263.0,291.0
425.75,283.52099609375,283.6928405761719,283.8694152832031,263.0,291.0
426.0,283.52099609375,283.6928405761719,283.71612548828125,263.0,291.0
426.25,283.5210266113281,283.69281005859375,283.71612548828125,263.0,291.0
426.5,283.52099609375,283.6928405761719,283.71612548828125,263.0,291.0
426.75,283.43511962890625,283.7151794433594,283.7384338378906,263.0,291.0
427.0,283.43511962890625,283.7152099609375,283.7384338378906,263.0,291.0
427.25,283.43511962890625,283.7151794433594,283.7384338378906,263.0,291.0
427.5,283.43511962890625,283.7152099609375,283.7384338378906,263.0,291.0
427.75,283.43511962890625,283.7151794433594,283.7384338378906,263.0,291.0
428.0,283.43511962890625,283.7151794433594,283.8917541503906,263.0,291.0
428.25,283.43511962890625,283.7151794433594,283.7384338378906,263.0,291.0
428.5,283.43511962890625,283.7152099609375,283.7384338378906,263.0,291.0
428.75,283.3930969238281,283.7596435546875,283.6535949707031,263.0,291.0
429.0,283.3930969238281,283.7596435546875,283.6535949707031,263.0,291.0
429.25,283.3930969238281,283.7596435546875,283.6535949707031,263.0,291.0
429.5,283.3930969238281,283.7596435546875,283.6535949707031,263.0,291.0
429.75,283.3930969238281,283.7596435546875,283.6535949707031,263.0,291.0
430.0,283.3930969238281,283.7596435546875,283.6535949707031,263.0,291.0
430.25,283.3930969238281,283.7596435546875,283.6535949707031,263.0,291.0
430.5,283.3930969238281,283.7596435546875,283.6535949707031,263.0,291.0
430.75,283.4795227050781,283.7381286621094,283.5889587402344,263.0,291.0
431.0,283.4795227050781,283.7381286621094,283.5889587402344,263.0,291.0
431.25,283.4795227050781,283.7381286621094,283.5889587402344,263.0,291.0
431.5,283.4795227050781,283.7381286621094,283.5889587402344,263.0,291.0
431.75,283.4795227050781,283.7381286621094,283.5889587402344,263.0,291.0
432.0,283.4795227050781,283.7381286621094,283.5889587402344,263.0,291.0
432.25,283.4795227050781,283.7381286621094,283.5889587402344,263.0,291.0
432.5,283.4795227050781,283.7381286621094,283.5889587402344,263.0,291.0
432.75,283.5013122558594,283.6733703613281,283.6318054199219,263.0,291.0
433.0,283.5013122558594,283.6733703613281,283.6318054199219,263.0,291.0
433.25,283.5013122558594,283.6733703613281,283.6318054199219,263.0,291.0
433.5,283.5013122558594,283.6733703613281,283.6318054199219,263.0,291.0
433.75,283.6545104980469,283.6733703613281,283.6318054199219,263.0,291.0
434.0,283.5013122558594,283.6733703613281,283.6318054199219,263.0,291.0
434.25,283.5013122558594,283.6733703613281,283.6318359375,263.0,291.0
434.5,283.5013122558594,283.6733703613281,283.6318054199219,263.0,291.0
434.75,283.52294921875,283.6301574707031,283.6534118652344,263.0,291.0
435.0,283.52294921875,283.6301574707031,283.6534118652344,263.0,291.0
435.25,283.52294921875,283.6301574707031,283.6534118652344,263.0,291.0
435.5,283.52294921875,283.6301574707031,283.6534118652344,263.0,291.0
435.75,283.52294921875,283.6301574707031,283.6534118652344,263.0,291.0
436.0,283.52294921875,283.630126953125,283.6534118652344,263.0,291.0
436.25,283.52294921875,283.6301574707031,283.6534118652344,263.0,291.0
436.5,283.52294921875,283.6301574707031,283.6534118652344,263.0,291.0
436.75,283.4577941894531,283.67291259765625,283.6962585449219,263.0,291.0
437.0,283.4577941894531,283.6728820800781,283.8495788574219,263.0,291.0
437.25,283.4577941894531,283.67291259765625,283.6962585449219,263.0,291.0
437.5,283.4577941894531,283.8262023925781,283.6962585449219,263.0,291.0
437.75,283.4577941894531,283.67291259765625,283.6962585449219,263.0,291.0
438.0,283.4577941894531,283.67291259765625,283.6962585449219,263.0,291.0
438.25,283.4577941894531,283.67291259765625,283.6962585449219,263.0,291.0
438.5,283.4577941894531,283.67291259765625,283.6962585449219,263.0,291.0
438.75,283.371826171875,283.7380065917969,283.6966857910156,263.0,291.0
439.0,283.371826171875,283.7380065917969,283.6966857910156,263.0,291.0
439.25,283.371826171875,283.7380065917969,283.6966857910156,263.0,291.0
439.5,283.371826171875,283.8913269042969,283.6966857910156,263.0,291.0
439.75,283.371826171875,283.7380065917969,283.6966857910156,263.0,291.0
440.0,283.371826171875,283.7380065917969,283.6966857910156,263.0,291.0
440.25,283.52496337890625,283.7380065917969,283.6966857910156,263.0,291.0
440.5,283.371826171875,283.7380065917969,283.6966857910156,263.0,291.0
440.75,283.52032470703125,283.7572937011719,283.67266845703125,263.0,291.0
441.0,283.52032470703125,283.75726318359375,283.67266845703125,263.0,291.0
441.25,283.5203552246094,283.75726318359375,283.8259582519531,263.0,291.0
441.5,283.52032470703125,283.9106140136719,283.67266845703125,263.0,291.0
441.75,283.52032470703125,283.7572937011719,283.67266845703125,263.0,291.0
442.0,283.52032470703125,283.75726318359375,283.67266845703125,263.0,291.0
442.25,283.5203552246094,283.75726318359375,283.67266845703125,263.0,291.0
442.5,283.52032470703125,283.75726318359375,283.67266845703125,263.0,291.0
442.75,283.4794006347656,283.5435485839844,283.8040771484375,263.0,291.0
443.0,283.4794006347656,283.5435485839844,283.8040771484375,263.0,291.0
443.25,283.4794006347656,283.5435485839844,283.8040771484375,263.0,291.0
443.5,283.4794006347656,283.5435485839844,283.95745849609375,263.0,291.0
443.75,283.4794006347656,283.69677734375,283.8040771484375,263.0,291.0
444.0,283.4794006347656,283.69677734375,283.8040771484375,263.0,291.0
444.25,283.4794006347656,283.5435485839844,283.8040771484375,263.0,291.0
444.5,283.6325988769531,283.5435485839844,283.8040771484375,263.0,291.0
444.75,283.5637512207031,283.49822998046875,283.8882751464844,263.0,291.0
445.0,283.5637512207031,283.49822998046875,283.8882751464844,263.0,291.0
445.25,283.5637512207031,283.49822998046875,283.8882751464844,263.0,291.0
445.5,283.5637512207031,283.49822998046875,283.8882751464844,263.0,291.0
445.75,283.5637512207031,283.49822998046875,284.04168701171875,263.0,291.0
446.0,283.5637512207031,283.49822998046875,283.88824462890625,263.0,291.0
446.25,283.5637512207031,283.65142822265625,283.8882751464844,263.0,291.0
446.5,283.5637512207031,283.49822998046875,283.8882751464844,263.0,291.0
446.75,283.67559814453125,283.4348449707031,283.8900146484375,263.0,291.0
447.0,283.5223693847656,283.4348449707031,283.8900146484375,263.0,291.0
447.25,283.5223693847656,283.4348449707031,283.8900146484375,263.0,291.0
447.5,283.5223693847656,283.4348449707031,283.8900146484375,263.0,291.0
447.75,283.5223693847656,283.4348449707031,283.8900146484375,263.0,291.0
448.0,283.5223693847656,283.4348449707031,283.8900146484375,263.0,291.0
448.25,283.5223693847656,283.5880126953125,283.8900146484375,263.0,291.0
448.5,283.5223693847656,283.4348449707031,283.8900146484375,263.0,291.0
448.75,283.9572448730469,283.84783935546875,284.1724853515625,263.0,291.0
449.0,283.9572448730469,283.84783935546875,284.1724853515625,263.0,291.0
449.25,283.9572448730469,283.84783935546875,284.1724853515625,263.0,291.0
449.5,283.957275390625,283.84783935546875,284.1724853515625,263.0,291.0
449.75,283.9572448730469,283.84783935546875,284.1724853515625,263.0,291.0
450.0,283.9572448730469,283.84783935546875,284.1724853515625,263.0,291.0
450.25,283.9572448730469,283.84783935546875,284.1724853515625,263.0,291.0
450.5,283.9572448730469,283.84783935546875,284.1724853515625,263.0,291.0
450.75,284.0682678222656,283.6354064941406,284.08929443359375,263.0,291.0
451.0,284.0682678222656,283.6354064941406,284.08929443359375,263.0,291.0
451.25,284.0682678222656,283.6354064941406,284.08929443359375,263.0,291.0
451.5,284.0682678222656,283.6354064941406,284.08929443359375,263.0,291.0
451.75,284.0682678222656,283.6354064941406,284.08929443359375,263.0,291.0
452.0,284.0682678222656,283.6354064941406,284.08929443359375,263.0,291.0
452.25,284.0682678222656,283.6354064941406,284.08929443359375,263.0,291.0
452.5,284.0682678222656,283.6354064941406,284.08929443359375,263.0,291.0
452.75,284.0671691894531,283.85223388671875,284.08831787109375,263.0,291.0
453.0,284.06719970703125,283.69891357421875,284.08831787109375,263.0,291.0
453.25,284.0671691894531,283.69891357421875,284.08831787109375,263.0,291.0
453.5,284.0671691894531,283.69891357421875,284.08831787109375,263.0,291.0
453.75,284.06719970703125,283.69891357421875,284.08831787109375,263.0,291.0
454.0,284.0671691894531,283.69891357421875,284.08831787109375,263.0,291.0
454.25,284.06719970703125,283.69891357421875,284.08831787109375,263.0,291.0
454.5,284.0671691894531,283.69891357421875,284.08831787109375,263.0,291.0
454.75,284.06787109375,283.6349182128906,284.11053466796875,263.0,291.0
455.0,284.06787109375,283.7881774902344,284.11053466796875,263.0,291.0
455.25,284.06787109375,283.6349182128906,284.11053466796875,263.0,291.0
455.5,284.06787109375,283.6349182128906,284.11053466796875,263.0,291.0
455.75,284.2214050292969,283.6349182128906,284.11053466796875,263.0,291.0
456.0,284.06787109375,283.6349182128906,284.11053466796875,263.0,291.0
456.25,284.06787109375,283.6349182128906,284.11053466796875,263.0,291.0
456.5,284.06787109375,283.6349182128906,284.11053466796875,263.0,291.0
456.75,284.2167053222656,283.6112365722656,284.1083679199219,263.0,291.0
457.0,284.2167053222656,283.6112365722656,284.1083984375,263.0,291.0
457.25,284.2167053222656,283.7644958496094,284.1083679199219,263.0,291.0
457.5,284.2167053222656,283.6112365722656,284.1083984375,263.0,291.0
457.75,284.2167053222656,283.6112365722656,284.1083679199219,263.0,291.0
458.0,284.2167053222656,283.6112365722656,284.1083679199219,263.0,291.0
458.25,284.2167053222656,283.6112365722656,284.1083679199219,263.0,291.0
458.5,284.2167053222656,283.6112365722656,284.1083984375,263.0,291.0
458.75,284.0246887207031,283.677978515625,284.11053466796875,263.0,291.0
459.0,284.0246887207031,283.677978515625,284.11053466796875,263.0,291.0
459.25,284.0246887207031,283.677978515625,284.11053466796875,263.0,291.0
459.5,284.0246887207031,283.677978515625,284.11053466796875,263.0,291.0
459.75,284.0246887207031,283.677978515625,284.11053466796875,263.0,291.0
460.0,284.0246887207031,283.677978515625,284.11053466796875,263.0,291.0
460.25,284.0246887207031,283.677978515625,284.11053466796875,263.0,291.0
460.5,284.0246887207031,283.677978515625,284.11053466796875,263.0,291.0
460.75,284.0476989746094,283.6362609863281,284.04730224609375,263.0,291.0
461.0,284.0476989746094,283.63629150390625,284.04730224609375,263.0,291.0
461.25,284.0476989746094,283.6362609863281,284.04730224609375,263.0,291.0
461.5,284.0476989746094,283.63629150390625,284.04730224609375,263.0,291.0
461.75,284.0476989746094,283.78955078125,284.04730224609375,263.0,291.0
462.0,284.0476989746094,283.63629150390625,284.04730224609375,263.0,291.0
462.25,284.0476989746094,283.6362609863281,284.04730224609375,263.0,291.0
462.5,284.0476989746094,283.6362609863281,284.04730224609375,263.0,291.0
462.75,284.1106872558594,283.8720397949219,283.8517761230469,263.0,291.0
463.0,284.1106872558594,283.8720397949219,283.85174560546875,263.0,291.0
463.25,284.1106872558594,283.8720397949219,283.8517761230469,263.0,291.0
463.5,284.1106872558594,283.8720397949219,283.85174560546875,263.0,291.0
463.75,284.1106872558594,283.8720397949219,283.8517761230469,263.0,291.0
464.0,284.1106872558594,283.8720703125,283.85174560546875,263.0,291.0
464.25,284.1106872558594,283.8720397949219,283.8517761230469,263.0,291.0
464.5,284.1106872558594,283.8720703125,283.85174560546875,263.0,291.0
464.75,284.1534423828125,283.8070373535156,283.8944396972656,263.0,291.0
465.0,284.1534423828125,283.8070373535156,283.8944396972656,263.0,291.0
465.25,284.1534423828125,283.8070373535156,283.8944396972656,263.0,291.0
465.5,284.1534423828125,283.8070373535156,283.8944396972656,263.0,291.0
465.75,284.1534423828125,283.8070373535156,283.8944396972656,263.0,291.0
466.0,284.1534729003906,283.8070373535156,283.8944396972656,263.0,291.0
466.25,284.1534423828125,283.96038818359375,283.8944396972656,263.0,291.0
466.5,284.1534423828125,283.8070373535156,283.8944396972656,263.0,291.0
466.75,284.04522705078125,283.6771240234375,284.1526184082031,263.0,291.0
467.0,284.04522705078125,283.6771240234375,284.1526184082031,263.0,291.0
467.25,284.04522705078125,283.6771240234375,284.1526184082031,263.0,291.0
467.5,284.04522705078125,283.6771240234375,284.1526184082031,263.0,291.0
467.75,284.04522705078125,283.6771240234375,284.1526184082031,263.0,291.0
468.0,284.04522705078125,283.6771240234375,284.30615234375,263.0,291.0
468.25,284.04522705078125,283.6771240234375,284.30615234375,263.0,291.0
468.5,284.04522705078125,283.8304138183594,284.1526184082031,263.0,291.0
468.75,283.91717529296875,283.7646789550781,284.1109313964844,263.0,291.0
469.0,283.91717529296875,283.7646789550781,284.11090087890625,263.0,291.0
469.25,283.91717529296875,283.7646789550781,284.11090087890625,263.0,291.0
469.5,283.91717529296875,283.7646789550781,284.11090087890625,263.0,291.0
469.75,283.91717529296875,283.7646789550781,284.1109313964844,263.0,291.0
470.0,283.91717529296875,283.7646789550781,284.11090087890625,263.0,291.0
470.25,283.91717529296875,283.7646789550781,284.11090087890625,263.0,291.0
470.5,283.91717529296875,283.7646789550781,284.11090087890625,263.0,291.0
470.75,283.82977294921875,284.0465393066406,284.1315002441406,263.0,291.0
471.0,283.82977294921875,283.89312744140625,284.1315002441406,263.0,291.0
471.25,283.82977294921875,283.89312744140625,284.1315002441406,263.0,291.0
471.5,283.82977294921875,283.89312744140625,284.1315002441406,263.0,291.0
471.75,283.82977294921875,283.89312744140625,284.1314697265625,263.0,291.0
472.0,283.82977294921875,283.89312744140625,284.1315002441406,263.0,291.0
472.25,283.82977294921875,283.89312744140625,284.1315002441406,263.0,291.0
472.5,283.82977294921875,283.89312744140625,284.1315002441406,263.0,291.0
472.75,282.7040710449219,283.28631591796875,283.461669921875,263.0,291.0
473.0,282.7040710449219,283.2862854003906,283.461669921875,263.0,291.0
473.25,282.7040710449219,283.28631591796875,283.461669921875,263.0,291.0
473.5,282.7040710449219,283.2862854003906,283.461669921875,263.0,291.0
473.75,282.7040710449219,283.28631591796875,283.4616394042969,263.0,291.0
474.0,282.7040710449219,283.2862854003906,283.461669921875,263.0,291.0
474.25,282.7040710449219,283.28631591796875,283.461669921875,263.0,291.0
474.5,282.7040710449219,283.28631591796875,283.461669921875,263.0,291.0
474.75,282.5477600097656,283.3709716796875,283.6998596191406,263.0,291.0
475.0,282.5477294921875,283.3709716796875,283.546630859375,263.0,291.0
475.25,282.5477294921875,283.3709716796875,283.546630859375,263.0,291.0
475.5,282.5477294921875,283.3709716796875,283.546630859375,263.0,291.0
475.75,282.5477600097656,283.3709716796875,283.546630859375,263.0,291.0
476.0,282.5477294921875,283.3709716796875,283.546630859375,263.0,291.0
476.25,282.5477600097656,283.3709716796875,283.546630859375,263.0,291.0
476.5,282.5477294921875,283.3709716796875,283.546630859375,263.0,291.0
476.75,282.84783935546875,283.28277587890625,283.458251953125,263.0,291.0
477.0,282.84783935546875,283.28277587890625,283.6114196777344,263.0,291.0
477.25,282.84783935546875,283.28277587890625,283.458251953125,263.0,291.0
477.5,282.84783935546875,283.28277587890625,283.458251953125,263.0,291.0
477.75,282.84783935546875,283.28277587890625,283.458251953125,263.0,291.0
478.0,282.84783935546875,283.28277587890625,283.458251953125,263.0,291.0
478.25,282.84783935546875,283.28277587890625,283.458251953125,263.0,291.0
478.5,282.84783935546875,283.28277587890625,283.458251953125,263.0,291.0
478.75,282.97625732421875,283.3230285644531,283.45526123046875,263.0,291.0
479.0,282.97625732421875,283.32305908203125,283.45526123046875,263.0,291.0
479.25,282.97625732421875,283.32305908203125,283.45526123046875,263.0,291.0
479.5,282.97625732421875,283.32305908203125,283.45526123046875,263.0,291.0
479.75,282.97625732421875,283.3230285644531,283.45526123046875,263.0,291.0
480.0,282.97625732421875,283.32305908203125,283.4552307128906,263.0,291.0
480.25,282.97625732421875,283.32305908203125,283.45526123046875,263.0,291.0
480.5,282.97625732421875,283.32305908203125,283.4552307128906,263.0,291.0
480.75,281.78851318359375,282.6136474609375,282.595458984375,263.0,291.0
481.0,281.78851318359375,282.6136474609375,282.5954284667969,263.0,291.0
481.25,281.78851318359375,282.6136474609375,282.595458984375,263.0,291.0
481.5,281.78851318359375,282.6136474609375,282.595458984375,263.0,291.0
481.75,281.78851318359375,282.6136474609375,282.595458984375,263.0,291.0
482.0,281.78851318359375,282.7663879394531,282.595458984375,263.0,291.0
482.25,281.78851318359375,282.6136474609375,282.595458984375,263.0,291.0
482.5,281.7885437011719,282.6136474609375,282.595458984375,263.0,291.0
482.75,281.9261169433594,282.71246337890625,282.67242431640625,263.0,291.0
483.0,281.9261169433594,282.71246337890625,282.67242431640625,263.0,291.0
483.25,281.9261169433594,282.71246337890625,282.67242431640625,263.0,291.0
483.5,281.9261169433594,282.71246337890625,282.67242431640625,263.0,291.0
483.75,281.9261169433594,282.71246337890625,282.8251647949219,263.0,291.0
484.0,281.9261169433594,282.71246337890625,282.6723937988281,263.0,291.0
484.25,281.9261169433594,282.865234375,282.67242431640625,263.0,291.0
484.5,281.9261169433594,282.71246337890625,282.67242431640625,263.0,291.0
484.75,281.9952087402344,282.71563720703125,282.5897216796875,263.0,291.0
485.0,281.9952087402344,282.71563720703125,282.5897216796875,263.0,291.0
485.25,281.8428955078125,282.71563720703125,282.5897216796875,263.0,291.0
485.5,281.8428955078125,282.71563720703125,282.5897216796875,263.0,291.0
485.75,281.8428955078125,282.71563720703125,282.5897216796875,263.0,291.0
486.0,281.8428955078125,282.71563720703125,282.5897216796875,263.0,291.0
486.25,281.8428955078125,282.71563720703125,282.5897216796875,263.0,291.0
486.5,281.8428955078125,282.71563720703125,282.5897216796875,263.0,291.0
486.75,283.9383850097656,283.9370422363281,283.9383544921875,263.0,291.0
487.0,283.9383850097656,283.9370422363281,283.9383544921875,263.0,291.0
487.25,284.0918273925781,283.9370422363281,283.9383239746094,263.0,291.0
487.5,283.9383850097656,283.9370422363281,283.9383544921875,263.0,291.0
487.75,283.9383850097656,283.9370422363281,283.9383544921875,263.0,291.0
488.0,283.9383850097656,283.9370422363281,283.9383544921875,263.0,291.0
488.25,284.0918273925781,283.9370422363281,283.9383239746094,263.0,291.0
488.5,283.9383850097656,283.9370422363281,283.9383544921875,263.0,291.0
488.75,283.9383850097656,283.9370422363281,283.9383544921875,263.0,291.0
489.0,283.9383850097656,283.9370422363281,283.9383544921875,263.0,291.0
489.25,283.9383850097656,283.9370422363281,283.9383239746094,263.0,291.0
489.5,283.9383850097656,283.9370422363281,283.9383544921875,263.0,291.0
489.75,283.9383850097656,283.9370422363281,283.9383544921875,263.0,291.0
490.0,283.9383850097656,283.9370422363281,283.9383544921875,263.0,291.0
490.25,283.9383850097656,283.9370422363281,283.9383544921875,263.0,291.0
490.5,283.9383850097656,283.9370422363281,283.9383544921875,263.0,291.0
490.75,283.9383850097656,283.9370422363281,283.9383544921875,263.0,291.0
491.0,283.9383850097656,283.9370422363281,283.9383544921875,263.0,291.0
491.25,283.9383850097656,283.9370422363281,283.9383544921875,263.0,291.0
491.5,283.9383850097656,283.9370422363281,283.9383544921875,263.0,291.0
491.75,283.9383850097656,283.9370422363281,283.9383544921875,263.0,291.0
492.0,283.9383850097656,283.9370422363281,283.9383544921875,263.0,291.0
492.25,283.9383850097656,283.9370422363281,283.9383544921875,263.0,291.0
492.5,283.9383850097656,283.9370422363281,283.9383544921875,263.0,291.0
492.75,283.9383850097656,283.9370422363281,283.9383544921875,263.0,291.0
493.0,283.9383850097656,283.9370422363281,283.9383544921875,263.0,291.0
493.25,283.9383850097656,283.9370422363281,283.9383544921875,263.0,291.0
493.5,283.9383850097656,283.9370422363281,283.9383544921875,263.0,291.0
493.75,283.9383850097656,283.9370422363281,283.9383239746094,263.0,291.0
494.0,283.9383850097656,283.9370422363281,283.9383239746094,263.0,291.0
494.25,283.9383850097656,283.9370422363281,283.9383544921875,263.0,291.0
494.5,283.9383850097656,284.0904846191406,283.9383239746094,263.0,291.0
494.75,283.9383850097656,283.9370422363281,283.9383544921875,263.0,291.0
495.0,283.9383850097656,283.9370422363281,283.9383239746094,263.0,291.0
495.25,284.0918273925781,283.9370422363281,283.9383544921875,263.0,291.0
495.5,283.9383850097656,283.9370422363281,283.9383239746094,263.0,291.0
495.75,283.9383850097656,283.9370422363281,283.9383544921875,263.0,291.0
496.0,283.9383850097656,283.9370422363281,283.9383239746094,263.0,291.0
496.25,283.9383850097656,283.9370422363281,283.9383544921875,263.0,291.0
496.5,283.9383850097656,283.9370422363281,283.9383239746094,263.0,291.0
496.75,283.9383850097656,283.9370422363281,283.9383544921875,263.0,291.0
497.0,283.9383850097656,283.93707275390625,283.9383239746094,263.0,291.0
497.25,283.9383850097656,283.9370422363281,283.9383544921875,263.0,291.0
497.5,283.9383850097656,283.9370422363281,283.9383239746094,263.0,291.0
497.75,283.9383850097656,283.9370422363281,283.9383544921875,263.0,291.0
498.0,283.93841552734375,283.9370422363281,283.9383544921875,263.0,291.0
498.25,283.9383850097656,283.9370422363281,283.9383544921875,263.0,291.0
498.5,283.93841552734375,283.9370422363281,283.9383544921875,263.0,291.0
498.75,283.9383850097656,283.9370422363281,283.9383544921875,263.0,291.0
499.0,283.93841552734375,283.9370422363281,283.9383544921875,263.0,291.0
499.25,283.9383850097656,283.9370422363281,283.9383544921875,263.0,291.0
499.5,283.93841552734375,283.9370422363281,283.9383544921875,263.0,291.0
499.75,283.9383850097656,283.9370422363281,283.9383544921875,263.0,291.0
500.0,283.9383850097656,283.9370422363281,283.9383544921875,263.0,291.0
500.25,283.9383850097656,283.9370422363281,283.9383544921875,263.0,291.0
500.5,283.9383850097656,283.9370422363281,283.9383544921875,263.0,291.0
500.75,283.9383850097656,283.9370422363281,284.091796875,263.0,291.0
501.0,283.9383850097656,283.9370422363281,283.9383544921875,263.0,291.0
501.25,283.9383850097656,284.0904846191406,283.9383544921875,263.0,291.0
501.5,283.9383850097656,283.9370422363281,283.9383544921875,263.0,291.0
501.75,283.9383850097656,283.9370422363281,283.9383544921875,263.0,291.0
502.0,283.9383850097656,283.9370422363281,283.9383544921875,263.0,291.0
502.25,283.9383850097656,283.9370422363281,283.9383544921875,263.0,291.0
502.5,283.9383850097656,283.9370422363281,283.9383544921875,263.0,291.0
502.75,283.9383850097656,284.0904846191406,283.9383544921875,263.0,291.0
503.0,283.9383850097656,283.9370422363281,283.9383544921875,263.0,291.0
503.25,283.9383850097656,283.9370422363281,283.9383239746094,263.0,291.0
503.5,283.9383850097656,283.9370422363281,283.9383544921875,263.0,291.0
503.75,283.9383850097656,283.9370422363281,283.9383239746094,263.0,291.0
504.0,283.9383850097656,283.9370422363281,283.9383544921875,263.0,291.0
504.25,283.9383850097656,283.9370422363281,283.9383239746094,263.0,291.0
504.5,283.9383850097656,283.9370422363281,283.9383544921875,263.0,291.0
504.75,283.9383850097656,283.9370422363281,283.9383239746094,263.0,291.0
505.0,283.9383850097656,283.9370422363281,283.9383544921875,263.0,291.0
505.25,283.9383850097656,283.9370422363281,283.9383544921875,263.0,291.0
505.5,283.9383850097656,283.9370422363281,283.9383544921875,263.0,291.0
505.75,283.9383850097656,284.0904846191406,283.9383544921875,263.0,291.0
506.0,283.9383850097656,283.9370422363281,283.9383544921875,263.0,291.0
506.25,283.9383850097656,283.9370422363281,283.9383544921875,263.0,291.0
506.5,283.9383850097656,283.9370422363281,283.9383544921875,263.0,291.0
506.75,283.93841552734375,283.9370422363281,283.9383544921875,263.0,291.0
507.0,283.9383850097656,283.9370422363281,283.9383544921875,263.0,291.0
507.25,283.9383850097656,283.9370422363281,283.9383544921875,263.0,291.0
507.5,283.9383850097656,283.9370422363281,283.9383544921875,263.0,291.0
507.75,283.9383850097656,283.9370422363281,283.9383544921875,263.0,291.0
508.0,283.9383850097656,284.0904846191406,283.9383544921875,263.0,291.0
508.25,283.9383850097656,283.9370422363281,283.9383544921875,263.0,291.0
508.5,283.9383850097656,283.9370422363281,283.9383544921875,263.0,291.0
508.75,283.9383850097656,283.9370422363281,283.9383544921875,263.0,291.0
509.0,283.9383850097656,283.9370422363281,283.9383544921875,263.0,291.0
509.25,283.9383850097656,283.9370422363281,283.9383544921875,263.0,291.0
509.5,283.9383850097656,283.9370422363281,283.9383544921875,263.0,291.0
509.75,283.9383850097656,283.9370422363281,283.9383544921875,263.0,291.0
510.0,283.9383850097656,283.9370422363281,283.9383544921875,263.0,291.0
510.25,283.9383850097656,283.9370422363281,283.9383544921875,263.0,291.0
