Time,Node 646.V2_rms,Node 646.V3_rms,Node 652.V1_rms,Node 671.V1_rms,Node 671.V2_rms,Node 671.V3_rms,Node 675.V1_rms,Node 675.V2_rms,Node 675.V3_rms,UpperBound,LowerBound
0.0,2443.539794921875,2455.599853515625,2153.04248046875,2166.835205078125,2360.92431640625,2343.955078125,2164.3681640625,2358.607177734375,2341.333740234375,2522.0,2282.0
0.25,2444.840576171875,2455.609619140625,2152.489990234375,2167.504150390625,2360.900634765625,2343.75390625,2165.028564453125,2358.572265625,2341.123046875,2522.0,2282.0
0.5,2443.523193359375,2455.6201171875,2152.544677734375,2167.5615234375,2360.917724609375,2343.7451171875,2165.0849609375,2358.59228515625,2341.11474609375,2522.0,2282.0
0.75,2443.5244140625,2455.6328125,2152.554931640625,2167.584228515625,2360.924560546875,2343.742431640625,2165.107177734375,2358.60009765625,2341.112060546875,2522.0,2282.0
1.0,2443.52490234375,2455.612548828125,2152.562744140625,2167.591796875,2360.926513671875,2343.740966796875,2165.114501953125,2358.6025390625,2341.110595703125,2522.0,2282.0
1.25,2443.525146484375,2455.62451171875,2152.58447265625,2167.5947265625,2360.927734375,2343.740966796875,2165.11767578125,2359.87841796875,2341.110595703125,2522.0,2282.0
1.5,2443.525146484375,2456.948486328125,2152.56884765625,2167.596435546875,2362.203369140625,2343.740478515625,2165.119140625,2358.603759765625,2342.37548828125,2522.0,2282.0
1.75,2443.525146484375,2455.611083984375,2152.556396484375,2167.59619140625,2360.927978515625,2345.0068359375,2165.118896484375,2358.60400390625,2341.110107421875,2522.0,2282.0
2.0,2443.525146484375,2455.619140625,2152.5703125,2167.596923828125,2360.927734375,2343.740478515625,2165.11962890625,2358.60400390625,2341.110107421875,2522.0,2282.0
2.25,2443.525146484375,2455.616455078125,2152.583984375,2167.59716796875,2360.92822265625,2343.74072265625,2165.119873046875,2358.6044921875,2341.110595703125,2522.0,2282.0
2.5,2444.845703125,2455.614990234375,2152.58544921875,2167.597412109375,2360.927978515625,2343.740478515625,2165.1201171875,2358.60400390625,2341.110107421875,2522.0,2282.0
2.75,2443.525146484375,2455.608154296875,2152.587646484375,2167.596435546875,2360.928466796875,2343.740478515625,2165.119384765625,2358.6044921875,2341.110107421875,2522.0,2282.0
3.0,2443.525146484375,2455.61279296875,2152.58056640625,2167.596923828125,2360.927978515625,2343.740234375,2166.289794921875,2358.604248046875,2341.10986328125,2522.0,2282.0
3.25,2443.525146484375,2455.606201171875,2152.57373046875,2168.767822265625,2360.927978515625,2343.740234375,2165.119384765625,2358.604248046875,2341.110107421875,2522.0,2282.0
3.5,2443.525146484375,2455.6220703125,2152.586181640625,2167.5966796875,2360.927978515625,2343.740478515625,2165.119384765625,2359.878662109375,2341.110107421875,2522.0,2282.0
3.75,2443.525146484375,2455.609130859375,2152.5947265625,2167.596923828125,2362.203857421875,2343.740234375,2165.11962890625,2358.604248046875,2341.10986328125,2522.0,2282.0
4.0,2443.525146484375,2455.613037109375,2152.5673828125,2167.596923828125,2360.9287109375,2343.74072265625,2165.11962890625,2358.60498046875,2342.37548828125,2522.0,2282.0
4.25,2443.525146484375,2455.61328125,2153.736328125,2167.5966796875,2360.927978515625,2343.74072265625,2165.119384765625,2358.604248046875,2341.1103515625,2522.0,2282.0
4.5,2443.525146484375,2455.613525390625,2152.565673828125,2167.596435546875,2360.927978515625,2343.740234375,2165.119384765625,2358.60400390625,2341.10986328125,2522.0,2282.0
4.75,2444.845703125,2455.611328125,2152.56494140625,2167.5966796875,2360.92822265625,2343.740478515625,2165.119384765625,2358.604248046875,2341.110107421875,2522.0,2282.0
5.0,2443.525146484375,2455.620361328125,2152.5791015625,2167.59716796875,2360.927978515625,2343.740478515625,2165.119873046875,2358.60400390625,2341.110107421875,2522.0,2282.0
5.25,2443.525146484375,2455.617431640625,2152.5654296875,2167.596923828125,2360.92822265625,2343.740478515625,2165.11962890625,2358.604248046875,2341.110107421875,2522.0,2282.0
5.5,2443.525146484375,2455.628662109375,2152.579345703125,2168.768798828125,2360.927978515625,2343.740234375,2165.1201171875,2358.604248046875,2341.10986328125,2522.0,2282.0
5.75,2443.525146484375,2455.610595703125,2152.571533203125,2167.597412109375,2360.92822265625,2343.740234375,2165.1201171875,2359.879150390625,2341.110107421875,2522.0,2282.0
6.0,2443.52490234375,2455.611083984375,2152.598388671875,2167.59716796875,2362.203857421875,2343.740234375,2165.119873046875,2358.604248046875,2341.10986328125,2522.0,2282.0
6.25,2443.525146484375,2455.626220703125,2152.55712890625,2167.59716796875,2360.928466796875,2345.006591796875,2165.119873046875,2358.6044921875,2341.10986328125,2522.0,2282.0
6.5,2443.525146484375,2455.617919921875,2153.7216796875,2167.59716796875,2360.928466796875,2343.740478515625,2165.1201171875,2358.6044921875,2341.110107421875,2522.0,2282.0
6.75,2443.525146484375,2455.618408203125,2152.575439453125,2167.59716796875,2360.927978515625,2343.740478515625,2165.119873046875,2358.604248046875,2341.110107421875,2522.0,2282.0
7.0,2444.845458984375,2455.620849609375,2152.584228515625,2167.596923828125,2360.927490234375,2343.739990234375,2165.11962890625,2358.603759765625,2341.109619140625,2522.0,2282.0
7.25,2443.525146484375,2455.616943359375,2152.573486328125,2167.596923828125,2360.927978515625,2343.74072265625,2165.11962890625,2358.604248046875,2341.1103515625,2522.0,2282.0
7.5,2443.52490234375,2455.617919921875,2152.5673828125,2167.5966796875,2360.927490234375,2343.740478515625,2165.11962890625,2358.603515625,2341.110107421875,2522.0,2282.0
7.75,2443.525146484375,2455.61279296875,2152.591064453125,2168.7685546875,2360.927734375,2343.740234375,2165.119873046875,2358.603759765625,2341.10986328125,2522.0,2282.0
8.0,2443.525146484375,2455.624755859375,2152.58203125,2167.5966796875,2360.928466796875,2343.740234375,2165.119384765625,2359.879150390625,2341.10986328125,2522.0,2282.0
8.25,2443.525146484375,2456.94775390625,2152.563720703125,2167.5966796875,2360.927978515625,2343.740234375,2165.119384765625,2358.604248046875,2342.375,2522.0,2282.0
8.5,2443.525146484375,2455.631103515625,2152.588623046875,2167.596923828125,2360.927978515625,2343.739990234375,2165.119873046875,2358.604248046875,2342.375,2522.0,2282.0
8.75,2443.525146484375,2455.611572265625,2153.748046875,2167.59716796875,2360.92822265625,2343.740478515625,2165.119873046875,2358.6044921875,2341.110107421875,2522.0,2282.0
9.0,2443.525146484375,2455.6083984375,2152.56982421875,2167.596923828125,2360.927734375,2343.740478515625,2165.119873046875,2358.60400390625,2341.110107421875,2522.0,2282.0
9.25,2444.845703125,2455.618896484375,2152.58837890625,2167.596435546875,2360.92822265625,2343.739990234375,2165.119140625,2358.604248046875,2341.10986328125,2522.0,2282.0
9.5,2443.525146484375,2455.614013671875,2152.5771484375,2167.596923828125,2360.92822265625,2343.740234375,2165.11962890625,2358.604248046875,2341.110107421875,2522.0,2282.0
9.75,2443.525146484375,2455.614990234375,2152.568115234375,2167.596923828125,2360.92822265625,2343.740234375,2166.28955078125,2358.6044921875,2341.10986328125,2522.0,2282.0
10.0,2443.525146484375,2455.62109375,2152.57421875,2167.597412109375,2360.92822265625,2343.740478515625,2165.1201171875,2358.6044921875,2341.110107421875,2522.0,2282.0
10.25,2443.525146484375,2456.940185546875,2152.590087890625,2167.596923828125,2362.2041015625,2343.740234375,2165.11962890625,2358.6044921875,2341.10986328125,2522.0,2282.0
10.5,2443.525146484375,2455.6240234375,2152.577880859375,2167.596923828125,2360.928466796875,2345.007080078125,2165.11962890625,2358.6044921875,2341.110107421875,2522.0,2282.0
10.75,2460.8935546875,2460.89453125,2463.720458984375,2463.7138671875,2456.572998046875,2453.611328125,2463.7138671875,2456.572998046875,2453.611328125,2522.0,2282.0
11.0,2460.8935546875,2460.89599609375,2463.720458984375,2463.7138671875,2456.572998046875,2453.611328125,2463.7138671875,2456.572998046875,2453.611328125,2522.0,2282.0
11.25,2460.8935546875,2460.902587890625,2463.709228515625,2463.7138671875,2456.572998046875,2453.611328125,2463.7138671875,2456.572998046875,2453.611328125,2522.0,2282.0
11.5,2460.8935546875,2460.884765625,2463.715087890625,2463.7138671875,2457.900390625,2453.611328125,2463.7138671875,2457.900390625,2453.611328125,2522.0,2282.0
11.75,2460.8935546875,2460.890380859375,2463.715087890625,2463.7138671875,2456.572998046875,2453.611328125,2463.7138671875,2456.572998046875,2453.611328125,2522.0,2282.0
12.0,2460.8935546875,2460.885009765625,2463.70703125,2463.7138671875,2456.572998046875,2453.611328125,2463.7138671875,2456.572998046875,2453.611328125,2522.0,2282.0
12.25,2460.8935546875,2460.8994140625,2463.71142578125,2463.7138671875,2456.572998046875,2453.611328125,2463.7138671875,2456.572998046875,2453.611328125,2522.0,2282.0
12.5,2460.8935546875,2460.879638671875,2463.7119140625,2463.7138671875,2456.572998046875,2453.611328125,2463.7138671875,2456.572998046875,2453.611328125,2522.0,2282.0
12.75,2460.8935546875,2460.8994140625,2463.720947265625,2463.7138671875,2456.57275390625,2453.611328125,2463.7138671875,2456.57275390625,2453.611328125,2522.0,2282.0
13.0,2460.8935546875,2460.8935546875,2463.728271484375,2463.7138671875,2456.572998046875,2453.611328125,2463.7138671875,2456.572998046875,2453.611328125,2522.0,2282.0
13.25,2460.8935546875,2460.877685546875,2463.70751953125,2463.7138671875,2456.57275390625,2453.611328125,2463.7138671875,2456.57275390625,2453.611328125,2522.0,2282.0
13.5,2460.8935546875,2460.899658203125,2463.7080078125,2463.7138671875,2456.572998046875,2453.611328125,2463.7138671875,2456.572998046875,2453.611328125,2522.0,2282.0
13.75,2460.8935546875,2460.893798828125,2463.712890625,2463.7138671875,2456.57275390625,2453.611328125,2463.7138671875,2456.57275390625,2453.611328125,2522.0,2282.0
14.0,2460.8935546875,2460.90087890625,2463.716064453125,2463.7138671875,2456.572998046875,2453.611328125,2463.7138671875,2456.572998046875,2453.611328125,2522.0,2282.0
14.25,2460.8935546875,2460.897705078125,2463.717041015625,2463.7138671875,2456.57275390625,2453.611328125,2463.7138671875,2456.57275390625,2453.611328125,2522.0,2282.0
14.5,2460.8935546875,2460.902099609375,2465.052001953125,2465.04541015625,2456.572998046875,2454.937255859375,2465.04541015625,2456.572998046875,2454.937255859375,2522.0,2282.0
14.75,2460.8935546875,2460.8828125,2463.724609375,2463.7138671875,2456.57275390625,2453.611328125,2463.7138671875,2456.57275390625,2453.611328125,2522.0,2282.0
15.0,2460.8935546875,2460.8935546875,2463.697998046875,2463.7138671875,2456.572998046875,2453.611328125,2463.7138671875,2456.572998046875,2453.611328125,2522.0,2282.0
15.25,2460.8935546875,2460.8984375,2463.72314453125,2463.7138671875,2456.57275390625,2453.611328125,2463.7138671875,2456.57275390625,2453.611328125,2522.0,2282.0
15.5,2460.8935546875,2462.22216796875,2463.72705078125,2463.7138671875,2456.572998046875,2453.611328125,2463.7138671875,2456.572998046875,2453.611328125,2522.0,2282.0
15.75,2460.895263671875,2460.8935546875,2463.70654296875,2463.7138671875,2456.572998046875,2453.611328125,2463.7138671875,2456.572998046875,2453.611328125,2522.0,2282.0
16.0,2460.8935546875,2460.88037109375,2463.6943359375,2463.7138671875,2456.572998046875,2453.611328125,2463.7138671875,2456.572998046875,2453.611328125,2522.0,2282.0
16.25,2460.8935546875,2460.88134765625,2463.707275390625,2463.7138671875,2456.572998046875,2453.611328125,2463.7138671875,2456.572998046875,2453.611328125,2522.0,2282.0
16.5,2460.8935546875,2460.887939453125,2463.7060546875,2463.7138671875,2456.572998046875,2453.611328125,2463.7138671875,2456.572998046875,2453.611328125,2522.0,2282.0
16.75,2460.8935546875,2460.906494140625,2465.046875,2465.045166015625,2456.572998046875,2454.937255859375,2465.045166015625,2456.572998046875,2454.937255859375,2522.0,2282.0
17.0,2460.8935546875,2460.886474609375,2463.726806640625,2463.7138671875,2456.572998046875,2453.611328125,2463.7138671875,2456.572998046875,2453.611328125,2522.0,2282.0
17.25,2460.8935546875,2460.89453125,2463.715576171875,2463.7138671875,2456.572998046875,2453.611328125,2463.7138671875,2456.572998046875,2453.611328125,2522.0,2282.0
17.5,2460.8935546875,2460.8984375,2463.7001953125,2463.7138671875,2456.572998046875,2453.611328125,2463.7138671875,2456.572998046875,2453.611328125,2522.0,2282.0
17.75,2460.8935546875,2460.897705078125,2463.711669921875,2463.7138671875,2456.572998046875,2453.611328125,2463.7138671875,2456.572998046875,2453.611328125,2522.0,2282.0
18.0,2460.895263671875,2462.21826171875,2463.69970703125,2463.7138671875,2456.572998046875,2453.611328125,2463.7138671875,2456.572998046875,2453.611328125,2522.0,2282.0
18.25,2460.8935546875,2460.879638671875,2463.7158203125,2463.7138671875,2456.572998046875,2453.611328125,2463.7138671875,2456.572998046875,2453.611328125,2522.0,2282.0
18.5,2460.8935546875,2460.888916015625,2463.716064453125,2463.7138671875,2456.572998046875,2453.611328125,2463.7138671875,2456.572998046875,2453.611328125,2522.0,2282.0
18.75,2460.8935546875,2460.8876953125,2465.041015625,2465.045166015625,2456.572998046875,2454.937255859375,2465.045166015625,2456.572998046875,2454.937255859375,2522.0,2282.0
19.0,2460.8935546875,2460.88134765625,2465.047607421875,2465.045166015625,2456.572998046875,2454.937255859375,2465.045166015625,2456.572998046875,2454.937255859375,2522.0,2282.0
19.25,2460.8935546875,2460.883544921875,2463.72216796875,2463.7138671875,2456.572998046875,2453.611328125,2463.7138671875,2456.572998046875,2453.611328125,2522.0,2282.0
19.5,2460.8935546875,2460.890625,2463.712646484375,2463.7138671875,2456.572998046875,2453.611328125,2463.7138671875,2456.572998046875,2453.611328125,2522.0,2282.0
19.75,2460.8935546875,2460.897216796875,2463.70947265625,2463.7138671875,2456.572998046875,2453.611328125,2463.7138671875,2456.572998046875,2453.611328125,2522.0,2282.0
20.0,2460.8935546875,2460.8935546875,2463.707275390625,2463.7138671875,2456.572998046875,2453.611328125,2463.7138671875,2456.572998046875,2453.611328125,2522.0,2282.0
20.25,2460.895263671875,2462.222412109375,2463.7138671875,2463.7138671875,2456.572998046875,2453.611328125,2463.7138671875,2456.572998046875,2453.611328125,2522.0,2282.0
20.5,2460.8935546875,2460.885986328125,2463.724609375,2463.7138671875,2456.572998046875,2453.611328125,2463.7138671875,2456.572998046875,2453.611328125,2522.0,2282.0
20.75,2460.8935546875,2460.889404296875,2463.7060546875,2463.7138671875,2456.572998046875,2453.611328125,2463.7138671875,2456.572998046875,2453.611328125,2522.0,2282.0
21.0,2460.8935546875,2460.900634765625,2463.70361328125,2463.7138671875,2456.572998046875,2453.611328125,2463.7138671875,2456.572998046875,2453.611328125,2522.0,2282.0
21.25,2460.8935546875,2460.898193359375,2465.037353515625,2465.045166015625,2456.572998046875,2454.937255859375,2465.045166015625,2456.572998046875,2454.937255859375,2522.0,2282.0
21.5,2460.8935546875,2460.885986328125,2463.69873046875,2463.7138671875,2456.57275390625,2453.611328125,2463.7138671875,2456.57275390625,2453.611328125,2522.0,2282.0
21.75,2460.8935546875,2460.88623046875,2463.7109375,2463.7138671875,2456.572998046875,2453.611328125,2463.7138671875,2456.572998046875,2453.611328125,2522.0,2282.0
22.0,2460.8935546875,2460.90087890625,2463.724609375,2463.7138671875,2456.57275390625,2453.611328125,2463.7138671875,2456.57275390625,2453.611328125,2522.0,2282.0
22.25,2460.8935546875,2460.895263671875,2463.70947265625,2463.7138671875,2456.572998046875,2453.611328125,2463.7138671875,2456.572998046875,2453.611328125,2522.0,2282.0
22.5,2460.8935546875,2462.229248046875,2463.725830078125,2463.7138671875,2456.57275390625,2453.611328125,2463.7138671875,2456.57275390625,2453.611328125,2522.0,2282.0
22.75,2460.8935546875,2460.904541015625,2463.718505859375,2463.7138671875,2456.572998046875,2453.611328125,2463.7138671875,2456.572998046875,2453.611328125,2522.0,2282.0
23.0,2460.8935546875,2460.90087890625,2463.709716796875,2463.7138671875,2456.57275390625,2453.611328125,2463.7138671875,2456.57275390625,2453.611328125,2522.0,2282.0
23.25,2460.8935546875,2460.889404296875,2463.70458984375,2463.7138671875,2456.572998046875,2454.937255859375,2463.7138671875,2456.572998046875,2454.937255859375,2522.0,2282.0
23.5,2460.8935546875,2460.890380859375,2465.036376953125,2465.045166015625,2456.57275390625,2453.611328125,2465.045166015625,2456.57275390625,2453.611328125,2522.0,2282.0
23.75,2460.8935546875,2460.88525390625,2463.714599609375,2463.7138671875,2456.572998046875,2453.611328125,2463.7138671875,2456.572998046875,2453.611328125,2522.0,2282.0
24.0,2460.8935546875,2460.89111328125,2463.6982421875,2463.7138671875,2456.572998046875,2453.611328125,2463.7138671875,2456.572998046875,2453.611328125,2522.0,2282.0
24.25,2460.8935546875,2460.893798828125,2463.698974609375,2463.7138671875,2456.572998046875,2453.611328125,2463.7138671875,2456.572998046875,2453.611328125,2522.0,2282.0
24.5,2460.8935546875,2460.896240234375,2463.705322265625,2463.7138671875,2456.572998046875,2453.611328125,2463.7138671875,2456.572998046875,2453.611328125,2522.0,2282.0
24.75,2460.8935546875,2460.8828125,2463.71435546875,2463.7138671875,2457.900390625,2453.611328125,2463.7138671875,2457.900390625,2453.611328125,2522.0,2282.0
25.0,2462.223388671875,2460.88330078125,2463.720458984375,2463.7138671875,2456.572998046875,2453.611328125,2463.7138671875,2456.572998046875,2453.611328125,2522.0,2282.0
25.25,2460.8935546875,2460.89892578125,2463.727294921875,2463.7138671875,2456.572998046875,2453.611328125,2463.7138671875,2456.572998046875,2453.611328125,2522.0,2282.0
25.5,2460.8935546875,2460.8876953125,2465.022705078125,2465.045166015625,2456.572998046875,2454.937255859375,2465.045166015625,2456.572998046875,2454.937255859375,2522.0,2282.0
25.75,2460.8935546875,2460.894775390625,2463.71240234375,2463.7138671875,2456.572998046875,2453.611328125,2463.7138671875,2456.572998046875,2453.611328125,2522.0,2282.0
26.0,2460.8935546875,2460.908935546875,2463.716552734375,2463.7138671875,2456.572998046875,2453.611328125,2463.7138671875,2456.572998046875,2453.611328125,2522.0,2282.0
26.25,2460.8935546875,2460.900634765625,2463.714599609375,2463.7138671875,2456.572998046875,2453.611328125,2463.7138671875,2456.572998046875,2453.611328125,2522.0,2282.0
26.5,2460.8935546875,2460.890625,2463.709228515625,2463.7138671875,2456.572998046875,2453.611328125,2463.7138671875,2456.572998046875,2453.611328125,2522.0,2282.0
26.75,2460.8935546875,2462.212890625,2463.70263671875,2463.7138671875,2456.572998046875,2453.611328125,2463.7138671875,2456.572998046875,2453.611328125,2522.0,2282.0
27.0,2460.8935546875,2462.214599609375,2463.716064453125,2463.7138671875,2457.900390625,2453.611328125,2463.7138671875,2457.900390625,2453.611328125,2522.0,2282.0
27.25,2462.223388671875,2460.88037109375,2463.704345703125,2463.7138671875,2456.572998046875,2453.611328125,2463.7138671875,2456.572998046875,2453.611328125,2522.0,2282.0
27.5,2460.8935546875,2460.89599609375,2463.70703125,2463.7138671875,2456.572998046875,2453.611328125,2463.7138671875,2456.572998046875,2453.611328125,2522.0,2282.0
27.75,2460.8935546875,2460.878662109375,2465.037841796875,2465.04541015625,2456.572998046875,2453.611328125,2465.04541015625,2456.572998046875,2453.611328125,2522.0,2282.0
28.0,2460.8935546875,2460.8857421875,2463.721435546875,2463.7138671875,2456.572998046875,2453.611328125,2463.7138671875,2456.572998046875,2453.611328125,2522.0,2282.0
28.25,2460.8935546875,2460.902587890625,2463.706787109375,2463.7138671875,2456.572998046875,2453.611328125,2463.7138671875,2456.572998046875,2453.611328125,2522.0,2282.0
28.5,2460.8935546875,2460.89306640625,2463.7158203125,2463.7138671875,2456.572998046875,2453.611328125,2463.7138671875,2456.572998046875,2453.611328125,2522.0,2282.0
28.75,2460.8935546875,2460.88671875,2463.718017578125,2463.7138671875,2456.572998046875,2453.611328125,2463.7138671875,2456.572998046875,2453.611328125,2522.0,2282.0
29.0,2460.8935546875,2460.89501953125,2463.714599609375,2463.7138671875,2456.572998046875,2453.611328125,2463.7138671875,2456.572998046875,2453.611328125,2522.0,2282.0
29.25,2460.8935546875,2462.2294921875,2463.70947265625,2463.7138671875,2457.900390625,2453.611328125,2463.7138671875,2457.900390625,2453.611328125,2522.0,2282.0
29.5,2462.223388671875,2460.899169921875,2463.7119140625,2463.7138671875,2456.572998046875,2453.611328125,2463.7138671875,2456.572998046875,2453.611328125,2522.0,2282.0
29.75,2460.8935546875,2460.89501953125,2463.718994140625,2463.7138671875,2456.57275390625,2453.611328125,2463.7138671875,2456.57275390625,2453.611328125,2522.0,2282.0
30.0,2460.8935546875,2460.885009765625,2465.0439453125,2465.045166015625,2456.572998046875,2454.937255859375,2465.045166015625,2456.572998046875,2454.937255859375,2522.0,2282.0
30.25,2460.8935546875,2460.89111328125,2463.708740234375,2463.7138671875,2456.57275390625,2453.611328125,2463.7138671875,2456.57275390625,2453.611328125,2522.0,2282.0
30.5,2460.8935546875,2460.900390625,2463.72265625,2463.7138671875,2456.57275390625,2453.611328125,2463.7138671875,2456.57275390625,2453.611328125,2522.0,2282.0
30.75,2460.8935546875,2460.88818359375,2463.71875,2463.7138671875,2456.57275390625,2453.611328125,2463.7138671875,2456.57275390625,2453.611328125,2522.0,2282.0
31.0,2460.8955078125,2460.88916015625,2463.71728515625,2463.7138671875,2456.572998046875,2453.611328125,2463.7138671875,2456.572998046875,2453.611328125,2522.0,2282.0
31.25,2460.8935546875,2460.8837890625,2463.70458984375,2463.7138671875,2456.57275390625,2453.611328125,2463.7138671875,2456.57275390625,2453.611328125,2522.0,2282.0
31.5,2460.895263671875,2462.22314453125,2463.71435546875,2463.7138671875,2456.572998046875,2453.611328125,2463.7138671875,2456.572998046875,2453.611328125,2522.0,2282.0
31.75,2462.223388671875,2460.886474609375,2463.712646484375,2463.7138671875,2456.57275390625,2453.611328125,2463.7138671875,2456.57275390625,2453.611328125,2522.0,2282.0
32.0,2460.8935546875,2460.88623046875,2463.71533203125,2463.7138671875,2456.572998046875,2453.611328125,2463.7138671875,2456.572998046875,2453.611328125,2522.0,2282.0
32.25,2460.8935546875,2460.885986328125,2463.701171875,2463.7138671875,2456.57275390625,2453.611328125,2463.7138671875,2456.57275390625,2453.611328125,2522.0,2282.0
32.5,2460.8935546875,2460.887939453125,2463.72412109375,2463.7138671875,2456.572998046875,2453.611328125,2463.7138671875,2456.572998046875,2453.611328125,2522.0,2282.0
32.75,2460.8935546875,2460.900634765625,2463.707275390625,2463.7138671875,2456.572998046875,2453.611328125,2463.7138671875,2456.572998046875,2453.611328125,2522.0,2282.0
33.0,2460.8935546875,2460.8837890625,2463.70849609375,2463.7138671875,2456.572998046875,2453.611328125,2463.7138671875,2456.572998046875,2453.611328125,2522.0,2282.0
33.25,2460.8935546875,2460.890625,2463.698486328125,2463.7138671875,2456.572998046875,2453.611328125,2463.7138671875,2456.572998046875,2453.611328125,2522.0,2282.0
33.5,2460.8935546875,2460.89697265625,2463.7138671875,2463.7138671875,2456.572998046875,2453.611328125,2463.7138671875,2456.572998046875,2453.611328125,2522.0,2282.0
33.75,2460.8935546875,2460.882080078125,2463.71875,2463.7138671875,2457.900390625,2453.611328125,2463.7138671875,2457.900390625,2453.611328125,2522.0,2282.0
34.0,2460.8935546875,2460.896728515625,2463.70458984375,2463.7138671875,2456.572998046875,2453.611328125,2463.7138671875,2456.572998046875,2453.611328125,2522.0,2282.0
34.25,2460.8935546875,2460.889892578125,2463.71923828125,2463.7138671875,2456.572998046875,2453.611328125,2463.7138671875,2456.572998046875,2453.611328125,2522.0,2282.0
34.5,2460.8935546875,2460.904052734375,2465.04248046875,2465.045166015625,2456.572998046875,2454.937255859375,2465.045166015625,2456.572998046875,2454.937255859375,2522.0,2282.0
34.75,2460.8935546875,2460.894775390625,2463.7099609375,2463.7138671875,2456.572998046875,2453.611328125,2463.7138671875,2456.572998046875,2453.611328125,2522.0,2282.0
35.0,2460.8935546875,2460.893798828125,2463.713134765625,2463.7138671875,2456.572998046875,2453.611328125,2463.7138671875,2456.572998046875,2453.611328125,2522.0,2282.0
35.25,2460.8935546875,2460.896728515625,2463.716064453125,2463.7138671875,2456.572998046875,2453.611328125,2463.7138671875,2456.572998046875,2453.611328125,2522.0,2282.0
35.5,2460.8935546875,2460.896484375,2463.708251953125,2463.7138671875,2456.572998046875,2453.611328125,2463.7138671875,2456.572998046875,2453.611328125,2522.0,2282.0
35.75,2460.8935546875,2462.219970703125,2463.70849609375,2463.7138671875,2456.572998046875,2453.611328125,2463.7138671875,2456.572998046875,2453.611328125,2522.0,2282.0
36.0,2460.8935546875,2460.8974609375,2463.71533203125,2463.7138671875,2457.900390625,2453.611328125,2463.7138671875,2457.900390625,2453.611328125,2522.0,2282.0
36.25,2462.223388671875,2460.89501953125,2463.7216796875,2463.7138671875,2456.572998046875,2453.611328125,2463.7138671875,2456.572998046875,2453.611328125,2522.0,2282.0
36.5,2460.8935546875,2460.888427734375,2463.717529296875,2463.7138671875,2456.572998046875,2453.611328125,2463.7138671875,2456.572998046875,2453.611328125,2522.0,2282.0
36.75,2460.8935546875,2460.88427734375,2463.71728515625,2463.7138671875,2456.572998046875,2453.611328125,2463.7138671875,2456.572998046875,2453.611328125,2522.0,2282.0
37.0,2460.8935546875,2460.886962890625,2463.727294921875,2463.7138671875,2456.572998046875,2453.611328125,2463.7138671875,2456.572998046875,2453.611328125,2522.0,2282.0
37.25,2460.8935546875,2460.8974609375,2463.71826171875,2463.7138671875,2456.572998046875,2453.611328125,2463.7138671875,2456.572998046875,2453.611328125,2522.0,2282.0
37.5,2460.8935546875,2460.909423828125,2463.716796875,2463.7138671875,2456.572998046875,2453.611328125,2463.7138671875,2456.572998046875,2453.611328125,2522.0,2282.0
37.75,2460.8935546875,2460.879638671875,2463.719482421875,2463.7138671875,2456.572998046875,2453.611328125,2463.7138671875,2456.572998046875,2453.611328125,2522.0,2282.0
38.0,2460.8935546875,2462.232177734375,2463.717041015625,2463.7138671875,2456.572998046875,2453.611328125,2463.7138671875,2456.572998046875,2453.611328125,2522.0,2282.0
38.25,2462.223388671875,2460.8828125,2463.726806640625,2463.7138671875,2456.572998046875,2453.611328125,2463.7138671875,2456.572998046875,2453.611328125,2522.0,2282.0
38.5,2460.8935546875,2460.889892578125,2463.715576171875,2463.7138671875,2456.572998046875,2453.611328125,2463.7138671875,2456.572998046875,2453.611328125,2522.0,2282.0
38.75,2460.895263671875,2460.894775390625,2463.7099609375,2463.7138671875,2456.572998046875,2453.611328125,2463.7138671875,2456.572998046875,2453.611328125,2522.0,2282.0
39.0,2460.8935546875,2460.89013671875,2463.71337890625,2463.7138671875,2456.57275390625,2453.611328125,2463.7138671875,2456.57275390625,2453.611328125,2522.0,2282.0
39.25,2460.8935546875,2460.88916015625,2463.716064453125,2463.7138671875,2456.57275390625,2453.611328125,2463.7138671875,2456.57275390625,2453.611328125,2522.0,2282.0
39.5,2460.8935546875,2460.886962890625,2463.717041015625,2463.7138671875,2456.572998046875,2453.611328125,2463.7138671875,2456.572998046875,2453.611328125,2522.0,2282.0
39.75,2460.8935546875,2460.90087890625,2463.716064453125,2463.7138671875,2456.572998046875,2453.611328125,2463.7138671875,2456.572998046875,2453.611328125,2522.0,2282.0
40.0,2460.8935546875,2460.895751953125,2463.69970703125,2463.7138671875,2456.57275390625,2453.611328125,2463.7138671875,2456.57275390625,2453.611328125,2522.0,2282.0
40.25,2460.8935546875,2460.891845703125,2463.70849609375,2463.7138671875,2457.900390625,2453.611328125,2463.7138671875,2457.900390625,2453.611328125,2522.0,2282.0
40.5,2460.8935546875,2460.886474609375,2463.71826171875,2463.7138671875,2457.900390625,2453.611328125,2463.7138671875,2457.900390625,2453.611328125,2522.0,2282.0
40.75,2460.8935546875,2460.886474609375,2463.70947265625,2463.7138671875,2456.572998046875,2453.611328125,2463.7138671875,2456.572998046875,2453.611328125,2522.0,2282.0
41.0,2460.8935546875,2460.896484375,2463.72119140625,2463.7138671875,2456.57275390625,2453.611328125,2463.7138671875,2456.57275390625,2453.611328125,2522.0,2282.0
41.25,2460.8935546875,2460.889892578125,2463.714599609375,2463.7138671875,2456.572998046875,2453.611328125,2463.7138671875,2456.572998046875,2453.611328125,2522.0,2282.0
41.5,2460.8935546875,2460.898681640625,2463.709228515625,2463.7138671875,2456.57275390625,2453.611328125,2463.7138671875,2456.57275390625,2453.611328125,2522.0,2282.0
41.75,2460.8935546875,2460.88671875,2463.724853515625,2463.7138671875,2456.572998046875,2453.611328125,2463.7138671875,2456.572998046875,2453.611328125,2522.0,2282.0
42.0,2460.8935546875,2460.894775390625,2463.73486328125,2463.7138671875,2456.572998046875,2453.611328125,2463.7138671875,2456.572998046875,2453.611328125,2522.0,2282.0
42.25,2460.8935546875,2462.204833984375,2463.718505859375,2463.7138671875,2456.572998046875,2453.611328125,2463.7138671875,2456.572998046875,2453.611328125,2522.0,2282.0
42.5,2460.8935546875,2460.88671875,2463.7001953125,2463.7138671875,2457.900390625,2453.611328125,2463.7138671875,2457.900390625,2453.611328125,2522.0,2282.0
42.75,2462.223388671875,2460.891357421875,2463.71826171875,2463.7138671875,2456.572998046875,2453.611328125,2463.7138671875,2456.572998046875,2453.611328125,2522.0,2282.0
43.0,2460.8935546875,2460.8857421875,2463.715087890625,2463.7138671875,2456.572998046875,2453.611328125,2463.7138671875,2456.572998046875,2453.611328125,2522.0,2282.0
43.25,2460.8935546875,2460.88525390625,2463.72021484375,2463.7138671875,2456.572998046875,2453.611328125,2463.7138671875,2456.572998046875,2453.611328125,2522.0,2282.0
43.5,2460.8935546875,2460.90380859375,2463.708984375,2463.7138671875,2456.572998046875,2453.611328125,2463.7138671875,2456.572998046875,2453.611328125,2522.0,2282.0
43.75,2460.8935546875,2460.883544921875,2463.698974609375,2463.7138671875,2456.572998046875,2453.611328125,2463.7138671875,2456.572998046875,2453.611328125,2522.0,2282.0
44.0,2460.8935546875,2460.887939453125,2463.722900390625,2463.7138671875,2456.572998046875,2453.611328125,2463.7138671875,2456.572998046875,2453.611328125,2522.0,2282.0
44.25,2460.8935546875,2460.883544921875,2463.721435546875,2463.7138671875,2456.572998046875,2453.611328125,2463.7138671875,2456.572998046875,2453.611328125,2522.0,2282.0
44.5,2460.8935546875,2460.88623046875,2463.716064453125,2463.7138671875,2456.572998046875,2453.611328125,2463.7138671875,2456.572998046875,2453.611328125,2522.0,2282.0
44.75,2460.8935546875,2460.893310546875,2463.7119140625,2463.7138671875,2456.572998046875,2453.611328125,2463.7138671875,2456.572998046875,2453.611328125,2522.0,2282.0
45.0,2460.8935546875,2460.887451171875,2463.70556640625,2463.7138671875,2456.572998046875,2453.611328125,2463.7138671875,2456.572998046875,2453.611328125,2522.0,2282.0
45.25,2460.8935546875,2460.88720703125,2463.709716796875,2463.7138671875,2456.572998046875,2453.611328125,2463.7138671875,2456.572998046875,2453.611328125,2522.0,2282.0
45.5,2460.8935546875,2460.887939453125,2465.04296875,2465.045166015625,2456.572998046875,2454.937255859375,2465.045166015625,2456.572998046875,2454.937255859375,2522.0,2282.0
45.75,2460.8935546875,2460.8837890625,2463.720458984375,2463.7138671875,2456.572998046875,2453.611328125,2463.7138671875,2456.572998046875,2453.611328125,2522.0,2282.0
46.0,2460.8935546875,2460.90087890625,2463.6982421875,2463.7138671875,2456.572998046875,2453.611328125,2463.7138671875,2456.572998046875,2453.611328125,2522.0,2282.0
46.25,2460.8935546875,2460.8974609375,2463.7138671875,2463.7138671875,2456.572998046875,2453.611328125,2463.7138671875,2456.572998046875,2453.611328125,2522.0,2282.0
46.5,2460.8935546875,2460.900634765625,2463.7158203125,2463.7138671875,2456.572998046875,2453.611328125,2463.7138671875,2456.572998046875,2453.611328125,2522.0,2282.0
46.75,2460.8935546875,2462.22705078125,2463.70751953125,2463.7138671875,2456.572998046875,2453.611328125,2463.7138671875,2456.572998046875,2453.611328125,2522.0,2282.0
47.0,2460.8935546875,2460.890380859375,2463.739501953125,2463.7138671875,2456.572998046875,2453.611328125,2463.7138671875,2456.572998046875,2453.611328125,2522.0,2282.0
47.25,2460.8935546875,2460.902099609375,2463.717041015625,2463.7138671875,2456.572998046875,2453.611328125,2463.7138671875,2456.572998046875,2453.611328125,2522.0,2282.0
47.5,2460.8935546875,2460.89599609375,2465.05419921875,2465.045166015625,2456.572998046875,2454.937255859375,2465.045166015625,2456.572998046875,2454.937255859375,2522.0,2282.0
47.75,2460.8935546875,2460.895751953125,2463.723388671875,2463.7138671875,2456.572998046875,2453.611328125,2463.7138671875,2456.572998046875,2453.611328125,2522.0,2282.0
48.0,2460.8935546875,2460.889892578125,2463.704345703125,2463.7138671875,2456.572998046875,2453.611328125,2463.7138671875,2456.572998046875,2453.611328125,2522.0,2282.0
48.25,2460.8935546875,2460.90380859375,2463.704345703125,2463.7138671875,2456.572998046875,2453.611328125,2463.7138671875,2456.572998046875,2453.611328125,2522.0,2282.0
48.5,2460.8935546875,2460.89013671875,2463.732666015625,2463.7138671875,2456.572998046875,2453.611328125,2463.7138671875,2456.572998046875,2453.611328125,2522.0,2282.0
48.75,2460.8935546875,2460.893798828125,2463.71484375,2463.7138671875,2456.572998046875,2453.611328125,2463.7138671875,2456.572998046875,2453.611328125,2522.0,2282.0
49.0,2460.8935546875,2462.225830078125,2463.714599609375,2463.7138671875,2457.900390625,2453.611328125,2463.7138671875,2457.900390625,2453.611328125,2522.0,2282.0
49.25,2462.223388671875,2460.886962890625,2463.7041015625,2463.7138671875,2456.57275390625,2453.611328125,2463.7138671875,2456.57275390625,2453.611328125,2522.0,2282.0
49.5,2460.8935546875,2460.8779296875,2463.702880859375,2463.7138671875,2456.572998046875,2453.611328125,2463.7138671875,2456.572998046875,2453.611328125,2522.0,2282.0
49.75,2460.8935546875,2460.890625,2465.043701171875,2465.045166015625,2456.57275390625,2453.611328125,2465.045166015625,2456.57275390625,2453.611328125,2522.0,2282.0
50.0,2460.8935546875,2460.888671875,2463.720703125,2463.7138671875,2456.572998046875,2453.611328125,2463.7138671875,2456.572998046875,2453.611328125,2522.0,2282.0
50.25,2460.8935546875,2460.902099609375,2463.716796875,2463.7138671875,2456.57275390625,2453.611328125,2463.7138671875,2456.57275390625,2453.611328125,2522.0,2282.0
50.5,2460.8935546875,2460.892578125,2463.734619140625,2463.7138671875,2456.572998046875,2453.611328125,2463.7138671875,2456.572998046875,2453.611328125,2522.0,2282.0
50.75,2460.8935546875,2460.892822265625,2463.7109375,2463.7138671875,2456.572998046875,2453.611328125,2463.7138671875,2456.572998046875,2453.611328125,2522.0,2282.0
51.0,2460.8935546875,2460.890869140625,2463.72412109375,2463.7138671875,2456.572998046875,2453.611328125,2463.7138671875,2456.572998046875,2453.611328125,2522.0,2282.0
51.25,2460.8935546875,2460.890625,2463.716796875,2463.7138671875,2457.900390625,2453.611328125,2463.7138671875,2457.900390625,2453.611328125,2522.0,2282.0
51.5,2460.8935546875,2460.892822265625,2463.71240234375,2463.7138671875,2456.572998046875,2453.611328125,2463.7138671875,2456.572998046875,2453.611328125,2522.0,2282.0
51.75,2460.8935546875,2460.891845703125,2463.721923828125,2463.7138671875,2456.572998046875,2453.611328125,2463.7138671875,2456.572998046875,2453.611328125,2522.0,2282.0
52.0,2460.8935546875,2460.8984375,2465.038330078125,2465.045166015625,2456.572998046875,2453.611328125,2465.045166015625,2456.572998046875,2453.611328125,2522.0,2282.0
52.25,2460.8935546875,2460.893310546875,2463.7119140625,2463.7138671875,2456.572998046875,2453.611328125,2463.7138671875,2456.572998046875,2453.611328125,2522.0,2282.0
52.5,2460.8935546875,2460.886962890625,2463.711669921875,2463.7138671875,2456.572998046875,2453.611328125,2463.7138671875,2456.572998046875,2453.611328125,2522.0,2282.0
52.75,2460.8935546875,2460.89404296875,2463.71044921875,2463.7138671875,2456.572998046875,2453.611328125,2463.7138671875,2456.572998046875,2453.611328125,2522.0,2282.0
53.0,2460.8935546875,2460.885986328125,2463.716796875,2463.7138671875,2456.572998046875,2453.611328125,2463.7138671875,2456.572998046875,2453.611328125,2522.0,2282.0
53.25,2460.8935546875,2462.230224609375,2463.725341796875,2463.7138671875,2456.572998046875,2453.611328125,2463.7138671875,2456.572998046875,2453.611328125,2522.0,2282.0
53.5,2460.895263671875,2462.219482421875,2463.718017578125,2463.7138671875,2456.572998046875,2453.611328125,2463.7138671875,2456.572998046875,2453.611328125,2522.0,2282.0
53.75,2462.223388671875,2460.900146484375,2463.726318359375,2463.7138671875,2456.572998046875,2453.611328125,2463.7138671875,2456.572998046875,2453.611328125,2522.0,2282.0
54.0,2460.8935546875,2460.892333984375,2463.71142578125,2463.7138671875,2456.572998046875,2453.611328125,2463.7138671875,2456.572998046875,2453.611328125,2522.0,2282.0
54.25,2460.8935546875,2460.88671875,2465.04052734375,2465.045166015625,2456.572998046875,2453.611328125,2465.045166015625,2456.572998046875,2453.611328125,2522.0,2282.0
54.5,2460.8935546875,2460.9033203125,2463.712646484375,2463.7138671875,2456.572998046875,2453.611328125,2463.7138671875,2456.572998046875,2453.611328125,2522.0,2282.0
54.75,2460.8935546875,2460.889892578125,2463.709716796875,2463.7138671875,2456.572998046875,2453.611328125,2463.7138671875,2456.572998046875,2453.611328125,2522.0,2282.0
55.0,2460.8935546875,2460.890869140625,2463.718505859375,2463.7138671875,2456.572998046875,2453.611328125,2463.7138671875,2456.572998046875,2453.611328125,2522.0,2282.0
55.25,2460.8935546875,2460.895263671875,2463.713623046875,2463.7138671875,2456.572998046875,2453.611328125,2463.7138671875,2456.572998046875,2453.611328125,2522.0,2282.0
55.5,2460.8935546875,2460.8876953125,2463.71630859375,2463.7138671875,2456.572998046875,2453.611328125,2463.7138671875,2456.572998046875,2453.611328125,2522.0,2282.0
55.75,2456.0302734375,2459.148681640625,2344.172119140625,2347.776123046875,2447.391845703125,2423.373046875,2344.12255859375,2447.9228515625,2422.03955078125,2522.0,2282.0
56.0,2456.03173828125,2459.15673828125,2344.180419921875,2347.776611328125,2447.38916015625,2423.367919921875,2344.123291015625,2447.920166015625,2422.033203125,2522.0,2282.0
56.25,2457.357421875,2459.162109375,2344.180908203125,2347.776611328125,2447.38916015625,2423.36767578125,2344.123046875,2447.92041015625,2422.03271484375,2522.0,2282.0
56.5,2456.0302734375,2459.1572265625,2344.174560546875,2347.776611328125,2447.38916015625,2423.367431640625,2344.123291015625,2447.92041015625,2422.032470703125,2522.0,2282.0
56.75,2456.031494140625,2459.148681640625,2344.185546875,2347.782470703125,2447.388916015625,2423.367431640625,2345.395751953125,2449.242919921875,2422.032470703125,2522.0,2282.0
57.0,2456.03125,2459.16455078125,2344.17333984375,2347.779296875,2447.390380859375,2423.369140625,2344.125732421875,2447.92138671875,2422.0341796875,2522.0,2282.0
57.25,2456.031494140625,2459.1552734375,2344.185546875,2347.77880859375,2447.3876953125,2423.366943359375,2344.125244140625,2447.919189453125,2422.031982421875,2522.0,2282.0
57.5,2456.0302734375,2459.15673828125,2344.1630859375,2347.77685546875,2447.38916015625,2423.367431640625,2344.123291015625,2447.92041015625,2422.032470703125,2522.0,2282.0
57.75,2456.322509765625,2460.510009765625,2344.46826171875,2348.41064453125,2447.5478515625,2423.0244140625,2344.727294921875,2448.130126953125,2420.203369140625,2522.0,2282.0
58.0,2456.322509765625,2459.187255859375,2344.470458984375,2348.41064453125,2447.5478515625,2421.715576171875,2344.727294921875,2448.1298828125,2420.203369140625,2522.0,2282.0
58.25,2456.32373046875,2459.166015625,2344.467529296875,2348.418212890625,2447.55078125,2421.72509765625,2344.73486328125,2448.132568359375,2420.214111328125,2522.0,2282.0
58.5,2456.322509765625,2459.161376953125,2344.457763671875,2348.41064453125,2447.5478515625,2421.7158203125,2344.7275390625,2448.130126953125,2420.20361328125,2522.0,2282.0
58.75,2456.322509765625,2459.177978515625,2344.4599609375,2348.416015625,2447.5478515625,2421.715576171875,2344.73291015625,2448.130126953125,2420.203369140625,2522.0,2282.0
59.0,2456.322509765625,2459.174072265625,2345.72705078125,2349.685791015625,2447.5478515625,2421.715576171875,2346.00048828125,2449.452880859375,2420.203369140625,2522.0,2282.0
59.25,2456.323486328125,2459.160400390625,2344.470458984375,2348.413330078125,2447.54931640625,2421.71826171875,2344.730224609375,2448.131103515625,2420.2060546875,2522.0,2282.0
59.5,2456.322509765625,2459.166748046875,2344.495849609375,2348.449951171875,2447.5439453125,2421.718505859375,2344.76904296875,2448.1259765625,2420.2060546875,2522.0,2282.0
59.75,2456.423583984375,2459.049072265625,2344.805419921875,2348.508544921875,2447.90625,2421.54541015625,2344.802001953125,2448.537109375,2420.082763671875,2522.0,2282.0
60.0,2456.423583984375,2459.05615234375,2344.79833984375,2348.50830078125,2447.90625,2421.54541015625,2344.8017578125,2448.537109375,2421.390625,2522.0,2282.0
60.25,2456.423583984375,2459.050537109375,2344.806396484375,2348.50732421875,2447.908935546875,2422.85400390625,2344.80078125,2448.53955078125,2420.082763671875,2522.0,2282.0
60.5,2456.4248046875,2459.05126953125,2344.7958984375,2348.506591796875,2447.90625,2421.551513671875,2344.800048828125,2448.536865234375,2420.090087890625,2522.0,2282.0
60.75,2457.75244140625,2459.0380859375,2344.801025390625,2348.50830078125,2447.90625,2421.545654296875,2344.8017578125,2448.537109375,2420.0830078125,2522.0,2282.0
61.0,2456.423583984375,2459.06591796875,2344.8046875,2348.50830078125,2447.90625,2421.54541015625,2344.8017578125,2448.536865234375,2420.082763671875,2522.0,2282.0
61.25,2456.4248046875,2459.04931640625,2346.091552734375,2349.783447265625,2447.906005859375,2421.54541015625,2346.074951171875,2449.860107421875,2420.082763671875,2522.0,2282.0
61.5,2456.424560546875,2459.05908203125,2344.794921875,2348.51123046875,2447.90771484375,2421.548095703125,2344.804931640625,2448.5380859375,2420.08544921875,2522.0,2282.0
61.75,2456.38623046875,2458.805419921875,2347.137451171875,2350.5986328125,2446.689697265625,2422.1396484375,2347.064453125,2447.1845703125,2420.72802734375,2522.0,2282.0
62.0,2456.385009765625,2458.801513671875,2347.140380859375,2350.596923828125,2446.69091796875,2422.14013671875,2347.0625,2447.185546875,2420.728759765625,2522.0,2282.0
62.25,2456.38525390625,2460.12109375,2347.14453125,2350.5966796875,2446.69091796875,2422.14013671875,2347.0625,2447.185546875,2420.728759765625,2522.0,2282.0
62.5,2456.385009765625,2458.793701171875,2347.135986328125,2350.5966796875,2446.69091796875,2423.44921875,2347.0625,2447.185546875,2420.728759765625,2522.0,2282.0
62.75,2456.385009765625,2458.78662109375,2347.1337890625,2350.605224609375,2446.693603515625,2422.146240234375,2347.07080078125,2447.18798828125,2420.73583984375,2522.0,2282.0
63.0,2457.71240234375,2458.79931640625,2347.1259765625,2350.59716796875,2446.69091796875,2422.140869140625,2347.062744140625,2447.185546875,2420.7294921875,2522.0,2282.0
63.25,2456.385009765625,2458.792724609375,2347.14404296875,2350.6025390625,2446.6904296875,2422.14013671875,2347.068115234375,2447.185302734375,2420.728759765625,2522.0,2282.0
63.5,2456.38623046875,2458.885009765625,2345.8681640625,2350.605224609375,2446.6904296875,2421.72509765625,2347.07080078125,2448.507568359375,2420.2412109375,2522.0,2282.0
63.75,2456.544189453125,2459.00927734375,2344.716552734375,2348.77685546875,2448.202392578125,2420.90869140625,2345.11962890625,2448.883056640625,2419.30810546875,2522.0,2282.0
64.0,2456.544189453125,2459.0009765625,2344.740234375,2348.81298828125,2448.20458984375,2420.908935546875,2345.157958984375,2448.885498046875,2419.30810546875,2522.0,2282.0
64.25,2456.54296875,2458.99951171875,2344.71728515625,2348.77392578125,2448.200927734375,2420.90576171875,2345.11669921875,2448.8818359375,2419.30517578125,2522.0,2282.0
64.5,2456.54296875,2460.331787109375,2344.704345703125,2348.773681640625,2448.200927734375,2422.214111328125,2345.116455078125,2448.882080078125,2419.30517578125,2522.0,2282.0
64.75,2456.54296875,2458.999755859375,2344.70263671875,2348.77294921875,2448.200927734375,2422.214111328125,2345.115478515625,2448.8818359375,2419.30517578125,2522.0,2282.0
65.0,2456.54296875,2459.010498046875,2344.724853515625,2348.781494140625,2448.20361328125,2420.912353515625,2345.1240234375,2448.88427734375,2419.313232421875,2522.0,2282.0
65.25,2456.54296875,2459.010986328125,2344.72119140625,2348.773681640625,2448.200927734375,2420.906005859375,2345.116455078125,2448.8818359375,2419.305419921875,2522.0,2282.0
65.5,2456.54296875,2458.9951171875,2344.705078125,2348.773681640625,2448.200927734375,2420.849853515625,2345.116455078125,2448.8818359375,2419.252197265625,2522.0,2282.0
65.75,2456.5595703125,2458.966796875,2345.092529296875,2349.158935546875,2449.00048828125,2420.77490234375,2345.572998046875,2448.31591796875,2419.16845703125,2522.0,2282.0
66.0,2456.5595703125,2458.967041015625,2345.075439453125,2349.156494140625,2447.677978515625,2420.775634765625,2345.570556640625,2448.31591796875,2419.1689453125,2522.0,2282.0
66.25,2456.5595703125,2458.9658203125,2345.129638671875,2349.1923828125,2447.67431640625,2420.77587890625,2345.608642578125,2448.31201171875,2419.1689453125,2522.0,2282.0
66.5,2456.5595703125,2458.9775390625,2345.08740234375,2349.15380859375,2447.67822265625,2420.77294921875,2345.56787109375,2448.316162109375,2419.166259765625,2522.0,2282.0
66.75,2456.5595703125,2458.961669921875,2345.1064453125,2349.1533203125,2447.67822265625,2420.772705078125,2345.567626953125,2448.316162109375,2419.166259765625,2522.0,2282.0
67.0,2456.5595703125,2458.970458984375,2345.084716796875,2349.1533203125,2447.67822265625,2422.0810546875,2345.5673828125,2448.316162109375,2419.166259765625,2522.0,2282.0
67.25,2456.560791015625,2458.966064453125,2345.110595703125,2349.161376953125,2447.68115234375,2420.776611328125,2345.5751953125,2448.319091796875,2419.170166015625,2522.0,2282.0
67.5,2457.88818359375,2458.9619140625,2345.086669921875,2349.1513671875,2447.67822265625,2420.7734375,2345.5654296875,2448.31591796875,2419.1669921875,2522.0,2282.0
67.75,2456.47314453125,2458.9404296875,2343.86083984375,2348.037841796875,2449.412353515625,2420.73681640625,2344.4169921875,2448.770751953125,2419.09912109375,2522.0,2282.0
68.0,2456.47412109375,2458.94287109375,2345.119140625,2349.312255859375,2448.089111328125,2420.73681640625,2344.422607421875,2448.7705078125,2419.09912109375,2522.0,2282.0
68.25,2456.474365234375,2458.932373046875,2343.863525390625,2348.04052734375,2448.094482421875,2420.739990234375,2344.419921875,2448.7763671875,2419.10205078125,2522.0,2282.0
68.5,2456.474365234375,2458.951171875,2343.8564453125,2348.040771484375,2448.093017578125,2420.73974609375,2344.420166015625,2448.774658203125,2419.101806640625,2522.0,2282.0
68.75,2456.47314453125,2458.9326171875,2343.8544921875,2348.03955078125,2448.0859375,2420.73681640625,2344.4189453125,2448.767333984375,2419.098876953125,2522.0,2282.0
69.0,2456.47314453125,2458.942626953125,2343.867431640625,2348.046875,2448.091552734375,2420.73681640625,2344.426025390625,2448.773193359375,2419.09912109375,2522.0,2282.0
69.25,2456.47314453125,2458.93603515625,2343.8564453125,2348.03759765625,2448.091552734375,2420.73681640625,2344.4169921875,2448.773193359375,2419.09912109375,2522.0,2282.0
69.5,2456.47314453125,2458.94873046875,2343.854248046875,2348.0361328125,2448.092529296875,2420.743408203125,2344.415283203125,2448.77392578125,2419.10693359375,2522.0,2282.0
69.75,2456.353271484375,2458.849609375,2347.147705078125,2350.720703125,2447.46728515625,2421.43896484375,2347.18505859375,2448.0732421875,2419.9140625,2522.0,2282.0
70.0,2456.35205078125,2458.878662109375,2347.139404296875,2350.72705078125,2448.78955078125,2421.43505859375,2347.19140625,2448.072998046875,2419.910400390625,2522.0,2282.0
70.25,2456.353271484375,2458.878662109375,2347.16357421875,2350.72998046875,2447.466796875,2421.4375,2348.462646484375,2448.072998046875,2419.91259765625,2522.0,2282.0
70.5,2456.353271484375,2458.875732421875,2347.150390625,2350.731689453125,2447.470458984375,2421.437744140625,2347.196044921875,2448.07666015625,2419.912841796875,2522.0,2282.0
70.75,2456.353271484375,2458.867431640625,2347.1396484375,2350.723388671875,2447.46875,2421.437255859375,2347.18798828125,2448.074951171875,2419.912109375,2522.0,2282.0
71.0,2456.35205078125,2458.891357421875,2347.1416015625,2350.72314453125,2447.467041015625,2421.435302734375,2347.1875,2448.072998046875,2419.910400390625,2522.0,2282.0
71.25,2456.35205078125,2458.871826171875,2347.1416015625,2350.721435546875,2447.467041015625,2421.435302734375,2347.185791015625,2448.0732421875,2419.910400390625,2522.0,2282.0
71.5,2456.35205078125,2458.87548828125,2347.135986328125,2350.721435546875,2447.469482421875,2422.74365234375,2347.185791015625,2448.075439453125,2419.910400390625,2522.0,2282.0
71.75,2456.439453125,2458.90625,2347.829345703125,2351.30029296875,2447.071044921875,2421.218505859375,2347.771240234375,2447.682861328125,2419.662109375,2522.0,2282.0
72.0,2456.438232421875,2458.9072265625,2347.84375,2351.30029296875,2447.07080078125,2421.218505859375,2347.771240234375,2447.682861328125,2419.662109375,2522.0,2282.0
72.25,2456.438232421875,2458.900146484375,2347.8388671875,2351.297607421875,2447.06787109375,2421.214599609375,2347.7685546875,2447.679931640625,2419.658447265625,2522.0,2282.0
72.5,2456.439453125,2458.89892578125,2349.105712890625,2352.571044921875,2447.067626953125,2421.216796875,2349.040283203125,2447.6796875,2419.660400390625,2522.0,2282.0
72.75,2456.439453125,2458.89697265625,2347.87939453125,2351.3291015625,2447.07177734375,2421.217529296875,2347.80224609375,2447.683837890625,2419.6611328125,2522.0,2282.0
73.0,2456.439453125,2458.896484375,2347.82958984375,2351.299560546875,2447.0712890625,2421.21728515625,2347.7705078125,2447.68359375,2419.660888671875,2522.0,2282.0
73.25,2456.438232421875,2458.904296875,2347.83251953125,2351.292236328125,2447.06787109375,2421.21484375,2347.76318359375,2447.679931640625,2419.658447265625,2522.0,2282.0
73.5,2456.438232421875,2458.904052734375,2347.83056640625,2351.2919921875,2447.06787109375,2421.214599609375,2347.762939453125,2447.679931640625,2419.658203125,2522.0,2282.0
73.75,2456.386962890625,2458.894775390625,2346.66943359375,2350.263916015625,2446.998046875,2421.8349609375,2346.72802734375,2447.56689453125,2420.3486328125,2522.0,2282.0
74.0,2456.38671875,2458.8984375,2346.6708984375,2350.26318359375,2446.998291015625,2421.841064453125,2346.727294921875,2447.56689453125,2420.35595703125,2522.0,2282.0
74.25,2457.71435546875,2458.917236328125,2346.6708984375,2350.254638671875,2446.99560546875,2421.83544921875,2346.718994140625,2447.564453125,2420.34912109375,2522.0,2282.0
74.5,2456.386962890625,2458.8974609375,2346.653076171875,2350.254638671875,2448.31787109375,2421.8349609375,2346.718994140625,2447.564208984375,2420.348388671875,2522.0,2282.0
74.75,2456.386962890625,2458.90576171875,2347.944091796875,2351.531005859375,2448.317626953125,2421.837158203125,2347.993408203125,2448.88671875,2420.3505859375,2522.0,2282.0
75.0,2456.386962890625,2458.9140625,2346.665771484375,2350.2578125,2446.995361328125,2421.83740234375,2346.721923828125,2447.56396484375,2420.350830078125,2522.0,2282.0
75.25,2456.386962890625,2458.89892578125,2346.688232421875,2350.28515625,2446.99267578125,2421.8349609375,2346.751708984375,2447.561279296875,2420.34814453125,2522.0,2282.0
75.5,2456.386962890625,2458.86279296875,2346.6650390625,2350.2548828125,2446.99560546875,2422.327880859375,2346.71923828125,2447.564208984375,2420.86865234375,2522.0,2282.0
75.75,2456.230712890625,2458.816650390625,2346.63134765625,2350.107666015625,2447.059326171875,2423.26904296875,2346.587158203125,2447.60205078125,2423.180908203125,2522.0,2282.0
76.0,2456.230712890625,2458.804931640625,2346.6298828125,2350.10693359375,2447.059326171875,2424.57861328125,2346.586181640625,2447.60205078125,2421.872314453125,2522.0,2282.0
76.25,2456.23193359375,2458.808349609375,2346.630859375,2350.116455078125,2447.0625,2423.2724609375,2346.595947265625,2447.605224609375,2421.875732421875,2522.0,2282.0
76.5,2457.55810546875,2458.80712890625,2346.621337890625,2350.107666015625,2447.059326171875,2423.26904296875,2346.587158203125,2447.60205078125,2421.8720703125,2522.0,2282.0
76.75,2456.23095703125,2458.808837890625,2346.6162109375,2350.107666015625,2447.059326171875,2423.26904296875,2346.587158203125,2447.60205078125,2421.8720703125,2522.0,2282.0
77.0,2456.230712890625,2458.800537109375,2347.913330078125,2351.38427734375,2448.38134765625,2423.271240234375,2347.86181640625,2448.92431640625,2421.87451171875,2522.0,2282.0
77.25,2456.23193359375,2458.80712890625,2346.640869140625,2350.110595703125,2447.06005859375,2423.269287109375,2346.590087890625,2447.602783203125,2421.872314453125,2522.0,2282.0
77.5,2456.230712890625,2458.767333984375,2346.6689453125,2350.137939453125,2447.056396484375,2423.123779296875,2346.619384765625,2447.598876953125,2421.720947265625,2522.0,2282.0
77.75,2456.177490234375,2458.7041015625,2347.305419921875,2350.665283203125,2447.029541015625,2422.85498046875,2347.1572265625,2447.548583984375,2421.43212890625,2522.0,2282.0
78.0,2456.177490234375,2460.03759765625,2347.314453125,2350.665283203125,2447.029541015625,2422.85498046875,2347.156982421875,2447.548583984375,2421.43212890625,2522.0,2282.0
78.25,2456.177490234375,2458.703857421875,2347.31884765625,2350.6650390625,2447.031982421875,2422.85498046875,2347.156982421875,2447.551025390625,2421.43212890625,2522.0,2282.0
78.5,2456.177490234375,2458.716552734375,2347.312255859375,2350.664306640625,2447.0322265625,2422.861083984375,2347.156005859375,2447.551025390625,2421.439453125,2522.0,2282.0
78.75,2457.5048828125,2458.699951171875,2347.3154296875,2350.66455078125,2447.029541015625,2422.858642578125,2347.15625,2447.548583984375,2421.435791015625,2522.0,2282.0
79.0,2456.177490234375,2458.705810546875,2347.3291015625,2350.665283203125,2448.351806640625,2422.85498046875,2347.156982421875,2447.54833984375,2421.43212890625,2522.0,2282.0
79.25,2456.1787109375,2458.69384765625,2347.314208984375,2350.667724609375,2447.029296875,2422.856689453125,2347.15966796875,2447.54833984375,2421.433837890625,2522.0,2282.0
79.5,2456.177490234375,2458.71435546875,2347.329345703125,2350.673828125,2447.02880859375,2422.857421875,2347.165771484375,2447.5478515625,2421.4345703125,2522.0,2282.0
79.75,2456.298828125,2458.770263671875,2347.28076171875,2350.63671875,2446.98876953125,2421.998779296875,2347.134033203125,2447.514404296875,2420.54345703125,2522.0,2282.0
80.0,2456.298583984375,2458.76416015625,2347.28076171875,2350.634521484375,2446.988525390625,2421.998779296875,2347.1318359375,2447.514404296875,2420.54345703125,2522.0,2282.0
80.25,2456.298828125,2460.10546875,2347.3017578125,2350.634521484375,2446.988525390625,2421.998779296875,2347.1318359375,2447.514404296875,2420.54345703125,2522.0,2282.0
80.5,2456.298828125,2458.771240234375,2347.280517578125,2350.634521484375,2446.988525390625,2421.998779296875,2347.1318359375,2447.514404296875,2421.8515625,2522.0,2282.0
80.75,2456.300048828125,2458.76513671875,2347.29443359375,2350.643798828125,2446.991943359375,2422.00830078125,2347.140869140625,2447.517822265625,2420.55419921875,2522.0,2282.0
81.0,2457.626220703125,2458.76318359375,2347.281494140625,2350.6337890625,2446.988525390625,2422.002685546875,2347.131103515625,2447.514404296875,2420.54736328125,2522.0,2282.0
81.25,2456.298828125,2458.761474609375,2347.282958984375,2351.91064453125,2446.988525390625,2421.998779296875,2347.1376953125,2447.514404296875,2420.54345703125,2522.0,2282.0
81.5,2456.298828125,2458.766357421875,2347.296630859375,2350.64111328125,2448.310546875,2422.0009765625,2347.138427734375,2448.836669921875,2420.545654296875,2522.0,2282.0
81.75,2456.52392578125,2458.827392578125,2346.404296875,2349.982666015625,2447.4267578125,2421.342529296875,2346.41943359375,2448.0087890625,2419.829833984375,2522.0,2282.0
82.0,2456.52294921875,2458.827392578125,2346.4033203125,2349.979736328125,2447.423095703125,2421.340087890625,2346.416748046875,2448.0048828125,2419.82763671875,2522.0,2282.0
82.25,2456.522705078125,2458.808837890625,2346.390625,2349.979736328125,2447.423095703125,2421.340087890625,2346.416748046875,2448.0048828125,2419.82763671875,2522.0,2282.0
82.5,2456.522705078125,2458.822021484375,2346.399169921875,2349.9794921875,2447.423095703125,2421.340087890625,2346.41650390625,2448.0048828125,2419.82763671875,2522.0,2282.0
82.75,2456.522705078125,2458.806396484375,2346.40576171875,2349.9794921875,2447.42529296875,2421.340087890625,2346.416259765625,2448.00732421875,2419.82763671875,2522.0,2282.0
83.0,2456.52392578125,2458.8330078125,2346.404541015625,2349.988525390625,2447.426513671875,2421.340087890625,2346.42529296875,2448.00830078125,2419.82763671875,2522.0,2282.0
83.25,2456.52392578125,2458.82763671875,2346.3935546875,2349.978759765625,2447.423095703125,2421.343994140625,2346.41552734375,2448.0048828125,2419.83154296875,2522.0,2282.0
83.5,2456.522705078125,2458.82421875,2346.411376953125,2349.9794921875,2447.423095703125,2421.340087890625,2346.41650390625,2448.0048828125,2419.82763671875,2522.0,2282.0
83.75,2459.392578125,2460.22216796875,2423.1630859375,2424.404296875,2452.810546875,2442.508544921875,2423.17529296875,2452.990478515625,2441.95751953125,2522.0,2282.0
84.0,2459.392578125,2460.22705078125,2423.165771484375,2424.404296875,2452.810546875,2442.50830078125,2423.17529296875,2452.990478515625,2441.95751953125,2522.0,2282.0
84.25,2459.392578125,2460.234375,2423.181884765625,2424.40380859375,2452.810546875,2442.50830078125,2423.1748046875,2452.990478515625,2441.95751953125,2522.0,2282.0
84.5,2459.392578125,2460.236083984375,2423.15380859375,2424.403564453125,2452.810791015625,2442.511474609375,2424.48388671875,2452.990478515625,2441.961181640625,2522.0,2282.0
84.75,2459.392578125,2461.554443359375,2423.1669921875,2424.412353515625,2452.810546875,2442.510009765625,2423.183349609375,2452.990478515625,2441.958984375,2522.0,2282.0
85.0,2459.39306640625,2460.22021484375,2423.162109375,2424.4052734375,2452.810546875,2442.50830078125,2423.17626953125,2452.990478515625,2441.95751953125,2522.0,2282.0
85.25,2459.392578125,2460.230712890625,2423.166015625,2424.404296875,2452.810546875,2442.50830078125,2423.17529296875,2452.990478515625,2441.95751953125,2522.0,2282.0
85.5,2460.7216796875,2460.22705078125,2423.167236328125,2424.404296875,2454.135986328125,2442.50830078125,2423.17529296875,2454.316162109375,2441.95751953125,2522.0,2282.0
85.75,2459.271728515625,2460.16845703125,2424.611572265625,2425.614501953125,2453.003662109375,2442.515380859375,2424.43701171875,2453.196044921875,2441.9775390625,2522.0,2282.0
86.0,2459.271728515625,2460.176025390625,2424.6015625,2425.614501953125,2453.0029296875,2442.515380859375,2424.43701171875,2453.195068359375,2441.977783203125,2522.0,2282.0
86.25,2459.27197265625,2460.163818359375,2424.622314453125,2425.614501953125,2453.0029296875,2443.83544921875,2424.43701171875,2453.195068359375,2443.29736328125,2522.0,2282.0
86.5,2459.271728515625,2460.1748046875,2425.9296875,2425.614013671875,2453.003173828125,2442.515380859375,2425.74658203125,2453.195068359375,2441.977783203125,2522.0,2282.0
86.75,2459.271728515625,2460.156005859375,2424.617919921875,2425.613525390625,2453.0029296875,2442.515625,2424.43603515625,2453.19482421875,2441.97802734375,2522.0,2282.0
87.0,2459.271728515625,2461.495849609375,2424.638427734375,2425.63232421875,2453.00244140625,2442.516845703125,2424.45556640625,2453.194580078125,2441.97900390625,2522.0,2282.0
87.25,2459.27197265625,2460.162353515625,2424.6103515625,2425.615234375,2454.32861328125,2442.5166015625,2424.437744140625,2453.195068359375,2441.978759765625,2522.0,2282.0
87.5,2459.22021484375,2460.173828125,2424.748291015625,2425.738037109375,2453.111328125,2442.3544921875,2424.56591796875,2453.309814453125,2441.7861328125,2522.0,2282.0
87.75,2459.220703125,2460.1708984375,2424.743408203125,2425.73876953125,2454.43701171875,2442.35107421875,2424.56689453125,2454.635498046875,2441.7822265625,2522.0,2282.0
88.0,2459.22021484375,2460.171142578125,2424.7578125,2425.739501953125,2453.111328125,2442.35107421875,2424.567626953125,2453.309814453125,2441.7822265625,2522.0,2282.0
88.25,2459.22021484375,2460.1787109375,2424.7265625,2425.738037109375,2453.111083984375,2442.351318359375,2424.566162109375,2453.3095703125,2441.782470703125,2522.0,2282.0
88.5,2459.220458984375,2460.178466796875,2424.75244140625,2425.73876953125,2453.111328125,2442.350830078125,2424.56689453125,2453.309814453125,2441.781982421875,2522.0,2282.0
88.75,2458.994873046875,2459.998779296875,2424.5458984375,2425.571044921875,2452.3154296875,2444.674072265625,2424.520751953125,2452.3359375,2444.26318359375,2522.0,2282.0
89.0,2458.994873046875,2459.994873046875,2424.565185546875,2425.57080078125,2452.31396484375,2445.99560546875,2424.520751953125,2452.33447265625,2445.584228515625,2522.0,2282.0
89.25,2458.994873046875,2460.0029296875,2424.56640625,2425.57080078125,2452.31396484375,2444.674560546875,2424.520751953125,2452.33447265625,2444.263427734375,2522.0,2282.0
89.5,2458.994873046875,2460.00439453125,2424.564697265625,2425.570556640625,2452.314208984375,2444.675537109375,2424.5205078125,2452.33447265625,2444.264404296875,2522.0,2282.0
89.75,2458.994873046875,2460.004638671875,2424.5576171875,2425.571044921875,2452.3154296875,2444.67431640625,2424.520751953125,2452.3359375,2444.263427734375,2522.0,2282.0
90.0,2458.995361328125,2460.010009765625,2424.556396484375,2425.571044921875,2453.639404296875,2444.674560546875,2424.52099609375,2453.65966796875,2444.263671875,2522.0,2282.0
90.25,2459.25146484375,2459.980712890625,2424.77490234375,2425.87939453125,2452.820556640625,2442.73974609375,2424.781982421875,2452.946044921875,2442.172119140625,2522.0,2282.0
90.5,2459.25146484375,2459.98095703125,2424.776123046875,2425.879150390625,2452.82080078125,2442.73974609375,2424.781982421875,2452.946044921875,2442.172119140625,2522.0,2282.0
90.75,2459.25146484375,2459.977783203125,2424.758056640625,2425.880126953125,2452.8193359375,2442.740234375,2424.782958984375,2452.944580078125,2442.172607421875,2522.0,2282.0
91.0,2459.25146484375,2459.978515625,2424.77197265625,2425.879150390625,2452.82080078125,2442.739990234375,2424.781982421875,2452.946044921875,2442.17236328125,2522.0,2282.0
91.25,2459.422119140625,2459.923828125,2423.0908203125,2424.20556640625,2453.26123046875,2442.43994140625,2423.007080078125,2453.47216796875,2441.84619140625,2522.0,2282.0
91.5,2459.422119140625,2459.9365234375,2423.097412109375,2424.20556640625,2453.26220703125,2442.43994140625,2423.007080078125,2453.47314453125,2441.84619140625,2522.0,2282.0
91.75,2459.422119140625,2459.924560546875,2423.0908203125,2424.20556640625,2453.26123046875,2442.43994140625,2423.007080078125,2453.47216796875,2441.84619140625,2522.0,2282.0
92.0,2459.422119140625,2459.927978515625,2423.121337890625,2424.220458984375,2453.259765625,2442.44140625,2423.022705078125,2453.470703125,2441.847412109375,2522.0,2282.0
92.25,2459.422607421875,2459.928955078125,2423.100341796875,2424.20556640625,2453.26123046875,2443.760009765625,2423.007080078125,2453.47216796875,2441.84619140625,2522.0,2282.0
92.5,2459.422119140625,2459.931884765625,2423.092529296875,2424.20556640625,2453.26123046875,2442.440185546875,2423.007080078125,2453.47216796875,2441.84619140625,2522.0,2282.0
92.75,2460.802490234375,2459.9345703125,2420.522216796875,2422.3310546875,2453.77587890625,2441.94921875,2421.1171875,2453.975341796875,2441.30517578125,2522.0,2282.0
93.0,2459.473388671875,2459.93603515625,2420.529541015625,2422.3310546875,2453.77587890625,2441.94921875,2421.1171875,2455.301513671875,2441.30517578125,2522.0,2282.0
93.25,2459.473388671875,2459.93212890625,2420.537841796875,2422.33447265625,2455.101806640625,2441.95068359375,2421.12060546875,2453.975341796875,2441.306640625,2522.0,2282.0
93.5,2459.473388671875,2459.91650390625,2420.519775390625,2422.330322265625,2453.776123046875,2441.953125,2421.11669921875,2453.975341796875,2441.309814453125,2522.0,2282.0
93.75,2459.473388671875,2459.92138671875,2420.538330078125,2422.3310546875,2453.77685546875,2441.949462890625,2421.1171875,2453.976318359375,2441.305419921875,2522.0,2282.0
94.0,2459.711669921875,2459.8486328125,2423.812744140625,2425.74462890625,2452.6181640625,2441.67724609375,2424.771484375,2452.728271484375,2440.831298828125,2522.0,2282.0
94.25,2459.711669921875,2459.8388671875,2423.823974609375,2425.743408203125,2452.61767578125,2441.677734375,2426.08056640625,2452.7275390625,2440.83154296875,2522.0,2282.0
94.5,2459.711669921875,2459.83935546875,2423.813232421875,2425.7451171875,2453.942138671875,2441.67822265625,2424.77197265625,2454.052490234375,2440.83203125,2522.0,2282.0
94.75,2459.71240234375,2459.83740234375,2423.848388671875,2425.74462890625,2452.61669921875,2441.67724609375,2424.771240234375,2452.72705078125,2440.831298828125,2522.0,2282.0
95.0,2459.71240234375,2459.827880859375,2423.82080078125,2425.74462890625,2452.616943359375,2442.996826171875,2424.771484375,2452.72705078125,2442.150390625,2522.0,2282.0
95.25,2459.711669921875,2459.835693359375,2425.13232421875,2427.054931640625,2452.61669921875,2441.677490234375,2424.770751953125,2452.72705078125,2440.831298828125,2522.0,2282.0
95.5,2459.711669921875,2459.836181640625,2423.818115234375,2425.74462890625,2452.61669921875,2441.677490234375,2424.771240234375,2452.726806640625,2440.831298828125,2522.0,2282.0
95.75,2459.489990234375,2459.88037109375,2423.70947265625,2425.169921875,2452.877197265625,2442.184326171875,2424.08935546875,2452.98486328125,2441.560791015625,2522.0,2282.0
96.0,2459.490478515625,2459.89013671875,2423.722900390625,2425.170654296875,2452.876953125,2443.50341796875,2424.09033203125,2452.98486328125,2442.879638671875,2522.0,2282.0
96.25,2460.819091796875,2459.886474609375,2423.717529296875,2425.1708984375,2452.876953125,2442.18359375,2424.09033203125,2452.98486328125,2441.56005859375,2522.0,2282.0
96.5,2459.489990234375,2461.218505859375,2423.739013671875,2425.185546875,2452.87548828125,2442.184326171875,2424.105712890625,2452.9833984375,2441.560546875,2522.0,2282.0
96.75,2459.489990234375,2459.8935546875,2425.029296875,2426.48095703125,2452.876953125,2442.183837890625,2425.399658203125,2452.98486328125,2441.560302734375,2522.0,2282.0
97.0,2459.489990234375,2459.890869140625,2423.705810546875,2425.170654296875,2452.876953125,2442.183837890625,2424.09033203125,2452.98486328125,2441.560302734375,2522.0,2282.0
97.25,2459.594482421875,2459.98681640625,2425.132080078125,2426.574951171875,2452.70751953125,2441.359375,2425.537353515625,2452.822265625,2440.667724609375,2522.0,2282.0
97.5,2460.923583984375,2459.984619140625,2425.123046875,2426.574951171875,2452.706298828125,2441.359619140625,2425.537353515625,2452.821044921875,2440.66796875,2522.0,2282.0
97.75,2459.594970703125,2459.982177734375,2425.139892578125,2426.57470703125,2452.706298828125,2441.359619140625,2425.537353515625,2452.821044921875,2440.66796875,2522.0,2282.0
98.0,2459.59423828125,2459.992919921875,2425.130615234375,2426.574951171875,2452.70751953125,2441.359375,2425.537353515625,2452.822265625,2440.667724609375,2522.0,2282.0
98.25,2459.594970703125,2459.995361328125,2425.14013671875,2426.57470703125,2452.706298828125,2442.678955078125,2425.537353515625,2452.821044921875,2441.98681640625,2522.0,2282.0
98.5,2459.594482421875,2459.995361328125,2425.13623046875,2426.57470703125,2452.70751953125,2441.359375,2425.537109375,2452.822265625,2440.667724609375,2522.0,2282.0
98.75,2459.563232421875,2460.185546875,2424.19091796875,2425.39013671875,2452.690185546875,2441.402099609375,2424.216796875,2452.779052734375,2440.832275390625,2522.0,2282.0
99.0,2459.5634765625,2460.16650390625,2424.181884765625,2425.39013671875,2454.015625,2441.402099609375,2424.216796875,2454.1044921875,2440.832275390625,2522.0,2282.0
99.25,2459.563232421875,2460.1865234375,2424.190185546875,2425.38916015625,2452.690185546875,2441.402587890625,2424.215576171875,2452.779052734375,2440.832763671875,2522.0,2282.0
99.5,2459.563232421875,2460.17822265625,2424.181396484375,2425.38916015625,2452.690185546875,2441.40625,2424.215576171875,2452.779052734375,2440.8369140625,2522.0,2282.0
99.75,2459.563232421875,2460.1826171875,2424.181884765625,2425.39111328125,2452.68994140625,2441.40283203125,2424.217529296875,2452.779052734375,2440.833251953125,2522.0,2282.0
100.0,2459.631103515625,2460.122314453125,2425.354736328125,2426.3251953125,2452.441650390625,2440.800537109375,2425.163818359375,2452.543212890625,2440.1689453125,2522.0,2282.0
100.25,2459.631103515625,2460.1533203125,2425.330322265625,2426.308349609375,2452.441162109375,2440.7958984375,2425.146240234375,2452.54296875,2440.163818359375,2522.0,2282.0
100.5,2459.631103515625,2460.1376953125,2425.35205078125,2426.3251953125,2452.441650390625,2440.800537109375,2425.163818359375,2452.543212890625,2440.1689453125,2522.0,2282.0
100.75,2459.631103515625,2460.146240234375,2425.322509765625,2426.3076171875,2452.441650390625,2440.80078125,2425.1455078125,2452.543212890625,2440.1689453125,2522.0,2282.0
101.0,2459.631103515625,2460.1455078125,2425.3359375,2426.308349609375,2452.441162109375,2440.7958984375,2425.146240234375,2452.54296875,2440.163818359375,2522.0,2282.0
101.25,2459.852783203125,2460.08056640625,2425.072021484375,2426.273193359375,2452.67626953125,2439.699462890625,2425.0908203125,2452.79736328125,2439.010498046875,2522.0,2282.0
101.5,2459.852783203125,2460.08349609375,2425.077880859375,2426.27294921875,2452.67529296875,2439.699462890625,2425.0908203125,2452.7958984375,2439.01025390625,2522.0,2282.0
101.75,2459.852783203125,2460.077880859375,2425.075439453125,2426.27294921875,2452.67529296875,2439.69921875,2425.0908203125,2452.7958984375,2439.01025390625,2522.0,2282.0
102.0,2459.852783203125,2461.413818359375,2425.075439453125,2426.274169921875,2452.6748046875,2439.699462890625,2425.091796875,2452.79541015625,2439.010498046875,2522.0,2282.0
102.25,2461.18212890625,2460.08251953125,2425.090576171875,2426.273193359375,2452.67529296875,2439.7001953125,2425.0908203125,2454.12158203125,2439.01123046875,2522.0,2282.0
102.5,2459.852783203125,2461.404052734375,2425.1025390625,2426.290771484375,2452.6748046875,2439.699462890625,2425.109375,2452.79541015625,2439.010498046875,2522.0,2282.0
102.75,2459.4072265625,2460.0859375,2423.866943359375,2424.61962890625,2452.912109375,2441.972900390625,2423.323974609375,2453.024169921875,2441.538330078125,2522.0,2282.0
103.0,2459.40771484375,2460.084228515625,2423.8642578125,2424.620361328125,2452.9130859375,2441.97412109375,2423.324462890625,2453.02490234375,2441.53955078125,2522.0,2282.0
103.25,2459.407470703125,2460.081787109375,2423.864501953125,2424.619384765625,2452.912109375,2441.97314453125,2423.32373046875,2453.02392578125,2441.53857421875,2522.0,2282.0
103.5,2459.407470703125,2460.076416015625,2425.174072265625,2425.9296875,2452.912109375,2441.97314453125,2424.63330078125,2453.02392578125,2441.53857421875,2522.0,2282.0
103.75,2459.407470703125,2460.078369140625,2423.892822265625,2424.61962890625,2452.912109375,2441.97314453125,2423.32373046875,2453.02392578125,2441.53857421875,2522.0,2282.0
104.0,2461.2265625,2461.38037109375,2476.322021484375,2476.76708984375,2459.79541015625,2459.433349609375,2476.855224609375,2459.828125,2459.991943359375,2522.0,2282.0
104.25,2461.2265625,2461.38037109375,2476.322021484375,2475.42919921875,2459.794921875,2459.4326171875,2475.517333984375,2459.827392578125,2459.991455078125,2522.0,2282.0
104.5,2461.2265625,2461.3984375,2476.31640625,2475.42822265625,2459.79541015625,2459.43310546875,2475.51611328125,2459.827880859375,2459.991943359375,2522.0,2282.0
104.75,2461.2265625,2461.381591796875,2476.318115234375,2475.429443359375,2459.795654296875,2459.4326171875,2475.517333984375,2459.828369140625,2459.991455078125,2522.0,2282.0
105.0,2461.227783203125,2461.375,2476.330810546875,2475.429443359375,2459.795654296875,2459.43310546875,2475.517578125,2459.828125,2459.991943359375,2522.0,2282.0
105.25,2461.22509765625,2461.3740234375,2476.30615234375,2475.429443359375,2459.795654296875,2459.432861328125,2475.517333984375,2459.828125,2459.991455078125,2522.0,2282.0
105.5,2461.382568359375,2461.47802734375,2477.436279296875,2476.90087890625,2460.827392578125,2459.81884765625,2477.005126953125,2461.025146484375,2460.249267578125,2522.0,2282.0
105.75,2461.382080078125,2461.484619140625,2477.457275390625,2476.90087890625,2460.827392578125,2458.490234375,2477.005126953125,2461.025146484375,2458.92041015625,2522.0,2282.0
106.0,2461.382568359375,2461.473388671875,2476.106689453125,2475.5625,2460.827880859375,2458.489990234375,2475.6669921875,2461.025634765625,2458.920166015625,2522.0,2282.0
106.25,2461.3818359375,2461.484130859375,2476.107421875,2475.56298828125,2460.827880859375,2458.490234375,2475.667236328125,2461.025390625,2458.92041015625,2522.0,2282.0
106.5,2461.379638671875,2461.486572265625,2476.103759765625,2475.56298828125,2460.827880859375,2458.490234375,2475.667236328125,2461.025634765625,2458.92041015625,2522.0,2282.0
106.75,2461.55419921875,2461.539794921875,2479.89697265625,2478.888427734375,2459.3271484375,2457.1484375,2479.154052734375,2459.472412109375,2457.4150390625,2522.0,2282.0
107.0,2461.5537109375,2462.8701171875,2479.905517578125,2478.8876953125,2459.326904296875,2457.149658203125,2479.153076171875,2459.47216796875,2457.416259765625,2522.0,2282.0
107.25,2461.554443359375,2461.541748046875,2481.222900390625,2478.88818359375,2459.326904296875,2457.149658203125,2479.153564453125,2459.47216796875,2457.41650390625,2522.0,2282.0
107.5,2461.556884765625,2461.54345703125,2479.882568359375,2478.88720703125,2460.656005859375,2457.1494140625,2479.152587890625,2460.80126953125,2457.416259765625,2522.0,2282.0
107.75,2461.450439453125,2461.563232421875,2481.699951171875,2480.589111328125,2458.91552734375,2457.5205078125,2480.8916015625,2458.98779296875,2457.824951171875,2522.0,2282.0
108.0,2461.45166015625,2461.539794921875,2481.695068359375,2480.584716796875,2458.91552734375,2457.5205078125,2480.88671875,2458.98779296875,2457.824951171875,2522.0,2282.0
108.25,2462.7841796875,2461.55126953125,2483.05859375,2481.930419921875,2458.915283203125,2457.5205078125,2482.233154296875,2458.987548828125,2457.824951171875,2522.0,2282.0
108.5,2461.4501953125,2461.5556640625,2481.709228515625,2480.58935546875,2458.91552734375,2457.520263671875,2480.891845703125,2458.98779296875,2457.82470703125,2522.0,2282.0
108.75,2461.45263671875,2461.5537109375,2481.70361328125,2480.58935546875,2458.91552734375,2457.520263671875,2480.891845703125,2458.98779296875,2457.82470703125,2522.0,2282.0
109.0,2461.45166015625,2461.55615234375,2481.70703125,2480.58984375,2458.91552734375,2457.520263671875,2480.892333984375,2458.98779296875,2457.82470703125,2522.0,2282.0
109.25,2461.396728515625,2461.3349609375,2486.3974609375,2484.605224609375,2457.963623046875,2456.963623046875,2485.101318359375,2457.976806640625,2457.210693359375,2522.0,2282.0
109.5,2461.39697265625,2461.332275390625,2486.394287109375,2484.603515625,2457.96337890625,2456.963623046875,2485.099609375,2457.976318359375,2457.21044921875,2522.0,2282.0
109.75,2461.39697265625,2461.328125,2486.3994140625,2484.603515625,2457.96337890625,2456.96337890625,2485.099609375,2457.976318359375,2457.21044921875,2522.0,2282.0
110.0,2461.39697265625,2461.328369140625,2486.40673828125,2484.605224609375,2457.9638671875,2456.963623046875,2485.101318359375,2457.976806640625,2457.21044921875,2522.0,2282.0
110.25,2461.396728515625,2461.33642578125,2486.39404296875,2484.6044921875,2457.9638671875,2456.96337890625,2485.1005859375,2457.976806640625,2457.210205078125,2522.0,2282.0
110.5,2461.312255859375,2461.310791015625,2486.684326171875,2485.452392578125,2457.498046875,2458.928955078125,2486.201416015625,2457.404541015625,2459.03271484375,2522.0,2282.0
110.75,2461.3095703125,2461.30029296875,2488.01611328125,2485.452392578125,2457.498046875,2457.600830078125,2486.201416015625,2457.404296875,2457.70458984375,2522.0,2282.0
111.0,2461.311279296875,2461.301025390625,2486.67041015625,2485.452392578125,2457.498046875,2457.600830078125,2486.20166015625,2457.404541015625,2457.70458984375,2522.0,2282.0
111.25,2461.312744140625,2461.305908203125,2486.6689453125,2485.4521484375,2457.498046875,2457.600830078125,2486.201171875,2457.404541015625,2457.70458984375,2522.0,2282.0
111.5,2461.380126953125,2461.3876953125,2482.636962890625,2482.55322265625,2458.0634765625,2458.164306640625,2483.360595703125,2457.99560546875,2458.10791015625,2522.0,2282.0
111.75,2461.38037109375,2461.364990234375,2482.62451171875,2482.55224609375,2458.06298828125,2458.1630859375,2483.35986328125,2457.9951171875,2458.106689453125,2522.0,2282.0
112.0,2461.380859375,2461.360595703125,2483.990478515625,2483.895263671875,2458.0634765625,2458.164306640625,2484.703125,2457.99560546875,2458.108154296875,2522.0,2282.0
112.25,2461.38037109375,2461.37744140625,2482.635498046875,2482.5537109375,2458.06298828125,2458.164306640625,2483.361083984375,2457.995361328125,2458.108154296875,2522.0,2282.0
112.5,2461.376953125,2461.358642578125,2482.640625,2482.55322265625,2458.0634765625,2458.164306640625,2483.36083984375,2457.995849609375,2458.10791015625,2522.0,2282.0
112.75,2461.655029296875,2461.419921875,2479.961181640625,2480.54931640625,2458.3203125,2459.16259765625,2481.266845703125,2458.233154296875,2459.15966796875,2522.0,2282.0
113.0,2461.656982421875,2461.420654296875,2479.94189453125,2480.544921875,2458.320556640625,2457.834228515625,2481.26171875,2458.2333984375,2457.831298828125,2522.0,2282.0
113.25,2461.655029296875,2461.4248046875,2479.952392578125,2480.54736328125,2458.320556640625,2457.8330078125,2481.2646484375,2458.2333984375,2457.830078125,2522.0,2282.0
113.5,2462.9853515625,2461.425048828125,2481.294921875,2481.8896484375,2458.3203125,2457.834228515625,2482.607421875,2458.23291015625,2457.83154296875,2522.0,2282.0
113.75,2461.65478515625,2461.413330078125,2479.959228515625,2480.549072265625,2458.3203125,2457.834228515625,2481.2666015625,2458.233154296875,2457.831298828125,2522.0,2282.0
114.0,2461.4169921875,2461.41552734375,2481.789794921875,2482.05615234375,2457.445068359375,2460.09423828125,2482.76708984375,2457.27880859375,2460.08447265625,2522.0,2282.0
114.25,2461.4150390625,2461.39794921875,2480.44384765625,2480.7138671875,2457.4443359375,2458.76513671875,2481.424560546875,2457.278076171875,2458.755615234375,2522.0,2282.0
114.5,2461.4150390625,2461.406494140625,2480.445556640625,2480.714111328125,2457.445556640625,2458.7646484375,2481.424560546875,2457.279052734375,2458.755126953125,2522.0,2282.0
114.75,2461.415283203125,2461.4013671875,2480.45556640625,2480.715087890625,2457.445068359375,2458.762939453125,2481.425537109375,2457.27880859375,2458.753173828125,2522.0,2282.0
115.0,2461.4150390625,2461.40869140625,2480.4423828125,2480.714599609375,2457.445068359375,2458.7646484375,2481.42529296875,2457.27880859375,2458.7548828125,2522.0,2282.0
115.25,2461.4150390625,2461.406494140625,2480.445556640625,2480.714599609375,2457.445556640625,2458.7646484375,2481.425048828125,2457.279052734375,2460.083740234375,2522.0,2282.0
115.5,2461.4150390625,2461.40673828125,2480.450439453125,2480.714599609375,2457.445068359375,2458.764404296875,2481.42529296875,2457.27880859375,2458.7548828125,2522.0,2282.0
115.75,2462.697509765625,2461.629150390625,2475.271728515625,2475.7861328125,2459.462158203125,2461.056396484375,2476.2353515625,2459.580322265625,2461.03564453125,2522.0,2282.0
116.0,2461.3671875,2461.6298828125,2475.273681640625,2475.78466796875,2460.791015625,2459.726806640625,2476.23388671875,2460.909423828125,2459.7060546875,2522.0,2282.0
116.25,2461.369140625,2461.64453125,2475.28173828125,2475.78564453125,2459.462158203125,2459.726806640625,2476.235107421875,2459.580322265625,2459.7060546875,2522.0,2282.0
116.5,2461.36669921875,2461.62060546875,2475.283935546875,2475.7861328125,2459.4619140625,2459.72705078125,2476.2353515625,2459.580322265625,2459.706298828125,2522.0,2282.0
116.75,2461.40380859375,2461.774169921875,2475.212890625,2475.47314453125,2459.719970703125,2458.9248046875,2475.78369140625,2459.842529296875,2459.0185546875,2522.0,2282.0
117.0,2461.40380859375,2461.771484375,2475.21142578125,2475.47509765625,2459.7197265625,2458.925048828125,2475.785888671875,2459.84228515625,2459.018798828125,2522.0,2282.0
117.25,2461.404296875,2461.77392578125,2475.20947265625,2475.4755859375,2459.7197265625,2458.925048828125,2475.786376953125,2459.84228515625,2459.018798828125,2522.0,2282.0
117.5,2461.402099609375,2461.775390625,2475.206298828125,2475.474609375,2459.7197265625,2458.924560546875,2475.785400390625,2459.84228515625,2459.0185546875,2522.0,2282.0
117.75,2461.40380859375,2461.79248046875,2475.218994140625,2475.474609375,2459.71923828125,2458.923095703125,2475.785400390625,2459.842041015625,2459.01708984375,2522.0,2282.0
118.0,2462.734619140625,2461.771728515625,2475.22021484375,2475.4755859375,2459.718994140625,2460.25390625,2475.786376953125,2459.84130859375,2460.347900390625,2522.0,2282.0
118.25,2461.349609375,2461.787841796875,2473.609619140625,2474.325927734375,2460.71875,2458.47900390625,2474.564208984375,2460.876953125,2458.60888671875,2522.0,2282.0
118.5,2461.3525390625,2461.7861328125,2473.596923828125,2474.325927734375,2460.71875,2458.479248046875,2474.56396484375,2460.877197265625,2458.60888671875,2522.0,2282.0
118.75,2461.3525390625,2461.77685546875,2473.602783203125,2474.32421875,2460.71826171875,2458.477294921875,2474.562255859375,2460.87646484375,2458.60693359375,2522.0,2282.0
119.0,2462.68408203125,2461.7861328125,2473.61376953125,2474.325927734375,2460.71875,2459.8076171875,2474.56396484375,2460.876953125,2459.9375,2522.0,2282.0
119.25,2461.3525390625,2461.790283203125,2473.60693359375,2474.325927734375,2460.718505859375,2458.47900390625,2474.56396484375,2460.876708984375,2458.608642578125,2522.0,2282.0
119.5,2461.354248046875,2461.7890625,2474.959228515625,2475.663330078125,2460.71826171875,2458.477294921875,2475.901611328125,2460.87646484375,2458.60693359375,2522.0,2282.0
119.75,2459.150634765625,2460.09521484375,2416.693359375,2419.114013671875,2455.48095703125,2442.8544921875,2417.809814453125,2455.925048828125,2442.086669921875,2522.0,2282.0
120.0,2459.150634765625,2460.095947265625,2416.695556640625,2419.110107421875,2455.480224609375,2442.854248046875,2417.805908203125,2455.924072265625,2442.086669921875,2522.0,2282.0
120.25,2459.150634765625,2460.101806640625,2416.68896484375,2419.109375,2455.47998046875,2442.85498046875,2417.80517578125,2455.923828125,2442.08740234375,2522.0,2282.0
120.5,2459.150634765625,2460.116943359375,2416.7080078125,2419.110107421875,2455.47998046875,2442.8544921875,2417.805908203125,2455.923828125,2442.086669921875,2522.0,2282.0
120.75,2459.16162109375,2459.732421875,2423.05224609375,2424.4130859375,2452.738525390625,2444.914306640625,2423.387939453125,2452.901611328125,2444.237548828125,2522.0,2282.0
121.0,2459.161865234375,2459.736083984375,2423.037841796875,2424.416259765625,2454.06298828125,2444.91455078125,2423.39111328125,2454.225830078125,2444.23779296875,2522.0,2282.0
121.25,2459.16162109375,2461.061279296875,2423.05224609375,2424.42041015625,2452.739013671875,2444.914794921875,2423.395263671875,2452.901611328125,2444.238037109375,2522.0,2282.0
121.5,2459.161865234375,2459.71875,2423.0341796875,2424.4130859375,2452.73779296875,2444.91455078125,2423.387939453125,2452.900390625,2444.237548828125,2522.0,2282.0
121.75,2459.16162109375,2459.718994140625,2423.05810546875,2424.4130859375,2452.737548828125,2444.914794921875,2423.387939453125,2452.900390625,2444.23779296875,2522.0,2282.0
122.0,2459.1123046875,2459.844482421875,2421.696044921875,2423.05517578125,2452.9833984375,2444.3359375,2421.9248046875,2453.151611328125,2443.73779296875,2522.0,2282.0
122.25,2459.1123046875,2459.842529296875,2421.68603515625,2423.05078125,2452.982177734375,2444.33544921875,2421.920166015625,2453.150390625,2443.7373046875,2522.0,2282.0
122.5,2459.1123046875,2459.848876953125,2421.6689453125,2423.05322265625,2452.9833984375,2444.3359375,2421.9228515625,2453.15185546875,2443.73779296875,2522.0,2282.0
122.75,2459.1123046875,2459.843505859375,2421.67236328125,2423.05078125,2452.982177734375,2444.33544921875,2421.920166015625,2453.150390625,2443.737548828125,2522.0,2282.0
123.0,2459.11279296875,2459.84814453125,2421.67578125,2423.05078125,2452.982177734375,2444.33544921875,2421.920166015625,2453.150634765625,2443.737548828125,2522.0,2282.0
123.25,2459.1123046875,2461.169921875,2421.682861328125,2423.05517578125,2452.983642578125,2444.336181640625,2421.9248046875,2453.15185546875,2443.73828125,2522.0,2282.0
123.5,2459.038818359375,2459.541748046875,2417.446044921875,2418.940673828125,2454.5595703125,2445.751953125,2417.541748046875,2454.90283203125,2446.57861328125,2522.0,2282.0
123.75,2459.038818359375,2459.5517578125,2417.444091796875,2418.945556640625,2454.56103515625,2445.751953125,2417.546630859375,2454.904296875,2445.25732421875,2522.0,2282.0
124.0,2459.038818359375,2459.552978515625,2417.44970703125,2418.940673828125,2454.5595703125,2445.751953125,2417.541748046875,2454.903076171875,2445.25732421875,2522.0,2282.0
124.25,2459.038818359375,2459.5537109375,2417.467041015625,2418.957763671875,2454.558837890625,2445.752197265625,2417.5595703125,2454.902099609375,2445.257568359375,2522.0,2282.0
124.5,2459.039794921875,2459.555419921875,2417.43701171875,2418.940185546875,2454.559814453125,2445.754150390625,2417.541259765625,2454.903076171875,2445.260009765625,2522.0,2282.0
124.75,2456.403564453125,2458.193359375,2383.34716796875,2385.77978515625,2446.642333984375,2425.8115234375,2383.463134765625,2447.106689453125,2424.3779296875,2522.0,2282.0
125.0,2456.100341796875,2459.509033203125,2347.062744140625,2350.552001953125,2446.664306640625,2425.298583984375,2347.1787109375,2447.126708984375,2425.171142578125,2522.0,2282.0
125.25,2456.100341796875,2458.181884765625,2348.343505859375,2351.8291015625,2447.986328125,2425.29736328125,2347.185546875,2448.448974609375,2423.8603515625,2522.0,2282.0
125.5,2456.100341796875,2458.18994140625,2347.0654296875,2350.551513671875,2446.6669921875,2425.3037109375,2347.17822265625,2447.12939453125,2423.86767578125,2522.0,2282.0
125.75,2456.100341796875,2458.18701171875,2347.053955078125,2350.552490234375,2447.986328125,2425.29736328125,2347.17919921875,2448.448974609375,2423.8603515625,2522.0,2282.0
126.0,2455.98828125,2458.669189453125,2345.14794921875,2348.5029296875,2447.390869140625,2424.273681640625,2344.87939453125,2447.90869140625,2422.965576171875,2522.0,2282.0
126.25,2455.98828125,2460.02294921875,2345.049560546875,2348.442138671875,2447.392822265625,2424.265869140625,2344.81640625,2447.910888671875,2424.266357421875,2522.0,2282.0
126.5,2455.98828125,2458.67822265625,2346.33056640625,2349.717041015625,2447.392333984375,2424.269775390625,2346.089599609375,2449.2333984375,2422.960693359375,2522.0,2282.0
126.75,2455.98828125,2458.673095703125,2345.115234375,2348.4814453125,2447.39111328125,2424.26708984375,2344.858154296875,2447.90966796875,2422.9580078125,2522.0,2282.0
127.0,2455.98828125,2458.677001953125,2345.0859375,2348.442138671875,2447.392822265625,2424.265625,2344.81640625,2447.9111328125,2422.956787109375,2522.0,2282.0
127.25,2455.98828125,2458.6826171875,2345.08251953125,2348.448974609375,2447.3955078125,2424.26806640625,2344.8232421875,2447.913818359375,2422.958984375,2522.0,2282.0
127.5,2455.869140625,2458.72900390625,2349.981201171875,2352.849365234375,2444.930419921875,2425.378173828125,2349.47802734375,2445.12744140625,2424.232666015625,2522.0,2282.0
127.75,2455.86865234375,2460.049560546875,2349.95849609375,2352.84619140625,2444.9306640625,2426.688720703125,2349.47509765625,2445.127685546875,2425.54248046875,2522.0,2282.0
128.0,2455.8701171875,2458.72265625,2349.968994140625,2352.84814453125,2444.9306640625,2425.38037109375,2349.47705078125,2445.127685546875,2424.234375,2522.0,2282.0
128.25,2455.8701171875,2458.72412109375,2349.96337890625,2352.8486328125,2446.25,2425.381103515625,2349.4775390625,2446.447021484375,2424.2353515625,2522.0,2282.0
128.5,2455.86865234375,2458.7294921875,2349.958740234375,2352.846435546875,2444.930908203125,2425.3779296875,2349.47509765625,2445.1279296875,2424.232421875,2522.0,2282.0
128.75,2456.162841796875,2458.8447265625,2348.316162109375,2351.550537109375,2446.921630859375,2423.89306640625,2348.154541015625,2447.24951171875,2422.577880859375,2522.0,2282.0
129.0,2456.16259765625,2458.8525390625,2348.32763671875,2351.550537109375,2445.6015625,2423.895263671875,2348.154541015625,2445.928955078125,2422.579833984375,2522.0,2282.0
129.25,2457.489990234375,2458.83740234375,2348.30078125,2351.547607421875,2445.600341796875,2423.89501953125,2348.1513671875,2445.927978515625,2422.579833984375,2522.0,2282.0
129.5,2456.161376953125,2458.844970703125,2348.331298828125,2351.557373046875,2445.60107421875,2423.89404296875,2348.1611328125,2445.928466796875,2422.578857421875,2522.0,2282.0
129.75,2457.49169921875,2458.852783203125,2348.311767578125,2351.547607421875,2445.600341796875,2423.8916015625,2348.151611328125,2445.927978515625,2422.576416015625,2522.0,2282.0
130.0,2456.16259765625,2458.848876953125,2348.3046875,2351.5478515625,2445.600341796875,2423.8916015625,2348.15185546875,2445.927978515625,2422.576416015625,2522.0,2282.0
130.25,2453.72509765625,2457.919189453125,2281.673095703125,2287.42041015625,2442.028076171875,2406.803466796875,2280.675537109375,2442.771484375,2404.6875,2522.0,2282.0
130.5,2453.72509765625,2459.258056640625,2280.4599609375,2286.188232421875,2442.027099609375,2406.80126953125,2280.678955078125,2442.771240234375,2404.685302734375,2522.0,2282.0
130.75,2455.0517578125,2457.921875,2280.438232421875,2286.183837890625,2442.02294921875,2408.1015625,2280.674072265625,2442.766357421875,2404.68505859375,2522.0,2282.0
131.0,2453.724853515625,2457.926025390625,2280.46044921875,2286.188232421875,2442.023193359375,2406.803466796875,2280.678955078125,2442.766845703125,2404.6875,2522.0,2282.0
131.25,2453.724853515625,2457.920654296875,2280.47216796875,2286.196044921875,2442.022705078125,2406.80126953125,2280.686767578125,2442.766357421875,2404.685302734375,2522.0,2282.0
131.5,2453.861328125,2457.84375,2280.740966796875,2286.5849609375,2442.6806640625,2406.01416015625,2281.04248046875,2444.86181640625,2403.7900390625,2522.0,2282.0
131.75,2453.861083984375,2457.820068359375,2280.728271484375,2286.58056640625,2442.6845703125,2406.010498046875,2281.037841796875,2443.5458984375,2403.78662109375,2522.0,2282.0
132.0,2453.861083984375,2457.825439453125,2280.738037109375,2286.586181640625,2442.6806640625,2406.01416015625,2281.043701171875,2443.54150390625,2403.790283203125,2522.0,2282.0
132.25,2453.861083984375,2457.8447265625,2280.73779296875,2286.575927734375,2442.68115234375,2406.01611328125,2281.033447265625,2443.541748046875,2403.7919921875,2522.0,2282.0
132.5,2453.861083984375,2457.8408203125,2281.9658203125,2287.812255859375,2442.680908203125,2406.012939453125,2282.2666015625,2443.541748046875,2403.7890625,2522.0,2282.0
132.75,2454.0009765625,2457.860595703125,2280.6298828125,2286.20361328125,2442.925048828125,2404.82373046875,2280.54833984375,2443.829833984375,2402.64111328125,2522.0,2282.0
133.0,2453.999267578125,2457.8662109375,2280.615234375,2286.2099609375,2442.9248046875,2404.818115234375,2280.5546875,2443.830078125,2402.635498046875,2522.0,2282.0
133.25,2453.9990234375,2459.1943359375,2280.620361328125,2286.206298828125,2442.92822265625,2404.8173828125,2280.551025390625,2443.833984375,2402.634521484375,2522.0,2282.0
133.5,2453.9990234375,2457.862060546875,2280.622314453125,2286.21435546875,2442.92431640625,2404.8212890625,2280.559326171875,2445.150146484375,2402.638671875,2522.0,2282.0
133.75,2454.0009765625,2457.861328125,2280.67529296875,2286.2646484375,2442.921875,2404.819091796875,2280.613037109375,2443.82666015625,2403.9345703125,2522.0,2282.0
134.0,2454.0986328125,2457.745849609375,2281.89306640625,2287.60107421875,2442.797119140625,2404.314697265625,2282.038818359375,2443.715087890625,2401.9921875,2522.0,2282.0
134.25,2454.098388671875,2457.73583984375,2281.86962890625,2287.599365234375,2442.797607421875,2404.3203125,2282.037353515625,2443.71533203125,2401.997802734375,2522.0,2282.0
134.5,2454.102294921875,2457.7490234375,2281.900634765625,2287.600830078125,2444.117431640625,2404.314697265625,2282.038818359375,2443.71533203125,2401.9921875,2522.0,2282.0
134.75,2454.100341796875,2457.748779296875,2281.890869140625,2287.609375,2442.797607421875,2404.314453125,2282.04736328125,2445.0361328125,2401.991943359375,2522.0,2282.0
135.0,2454.100341796875,2457.74609375,2281.89404296875,2287.60107421875,2442.8017578125,2404.315185546875,2282.038818359375,2443.719482421875,2401.99267578125,2522.0,2282.0
135.25,2454.153564453125,2457.851318359375,2279.88720703125,2285.978271484375,2443.380126953125,2403.470703125,2280.3232421875,2444.36767578125,2401.06591796875,2522.0,2282.0
135.5,2454.153564453125,2457.860595703125,2279.9013671875,2285.97412109375,2443.38037109375,2403.470947265625,2280.31884765625,2444.367919921875,2401.06591796875,2522.0,2282.0
135.75,2454.155517578125,2457.854736328125,2279.873046875,2285.97412109375,2443.3798828125,2403.470947265625,2280.31884765625,2444.367431640625,2402.36376953125,2522.0,2282.0
136.0,2455.47998046875,2457.845458984375,2279.892333984375,2285.976806640625,2443.3740234375,2404.76953125,2280.321533203125,2444.361328125,2401.0654296875,2522.0,2282.0
136.25,2454.153564453125,2459.183349609375,2279.890625,2285.977783203125,2443.3837890625,2403.471435546875,2280.322509765625,2444.371826171875,2401.06640625,2522.0,2282.0
136.5,2454.15380859375,2457.855712890625,2279.947021484375,2286.033935546875,2443.377685546875,2403.471923828125,2280.38232421875,2444.36474609375,2402.3642578125,2522.0,2282.0
136.75,2454.2216796875,2457.794189453125,2281.68115234375,2287.64404296875,2443.30322265625,2403.41748046875,2282.032470703125,2444.290283203125,2400.9736328125,2522.0,2282.0
137.0,2454.2216796875,2457.818603515625,2282.9072265625,2288.880126953125,2443.30322265625,2403.417236328125,2282.0322265625,2444.290283203125,2400.9736328125,2522.0,2282.0
137.25,2455.548095703125,2457.802490234375,2281.69921875,2287.656005859375,2443.299560546875,2403.41845703125,2282.04443359375,2444.2861328125,2400.974365234375,2522.0,2282.0
137.5,2454.223388671875,2457.81103515625,2281.765380859375,2287.703369140625,2443.300537109375,2403.418701171875,2282.09521484375,2444.287109375,2402.272216796875,2522.0,2282.0
137.75,2454.2216796875,2457.803466796875,2281.707275390625,2287.656494140625,2443.30712890625,2403.427490234375,2282.044677734375,2444.2939453125,2400.98583984375,2522.0,2282.0
138.0,2454.13720703125,2457.891357421875,2280.314697265625,2286.273681640625,2443.464111328125,2403.64697265625,2280.607666015625,2445.760009765625,2401.3046875,2522.0,2282.0
138.25,2454.13720703125,2459.212890625,2280.32861328125,2286.27001953125,2443.467529296875,2403.646484375,2280.604248046875,2444.443115234375,2401.30419921875,2522.0,2282.0
138.5,2454.138916015625,2457.891357421875,2280.314208984375,2286.277587890625,2443.46044921875,2403.65087890625,2280.61181640625,2444.43505859375,2401.308837890625,2522.0,2282.0
138.75,2455.46337890625,2457.889404296875,2280.355224609375,2286.324951171875,2443.457763671875,2403.64697265625,2280.66259765625,2444.432373046875,2401.304443359375,2522.0,2282.0
139.0,2454.13720703125,2457.89306640625,2280.32177734375,2286.27783203125,2443.468505859375,2403.653076171875,2280.61181640625,2444.443359375,2401.310791015625,2522.0,2282.0
139.25,2453.79296875,2457.87744140625,2281.669677734375,2287.027587890625,2443.078857421875,2406.30810546875,2281.3740234375,2444.0205078125,2402.78759765625,2522.0,2282.0
139.5,2453.791259765625,2457.8857421875,2281.681640625,2287.024169921875,2443.0751953125,2405.009033203125,2281.37060546875,2444.016845703125,2402.788330078125,2522.0,2282.0
139.75,2453.79296875,2457.890380859375,2281.684814453125,2287.03857421875,2443.07958984375,2405.014404296875,2281.384765625,2444.021240234375,2402.793701171875,2522.0,2282.0
140.0,2453.79296875,2457.886962890625,2281.666748046875,2287.025390625,2443.074951171875,2405.008544921875,2281.371826171875,2445.33740234375,2402.787841796875,2522.0,2282.0
140.25,2453.795166015625,2457.88134765625,2281.724853515625,2287.073486328125,2443.071533203125,2405.009521484375,2281.423583984375,2444.012939453125,2404.087158203125,2522.0,2282.0
140.5,2453.794921875,2457.89501953125,2281.678466796875,2287.023193359375,2443.0751953125,2405.017822265625,2281.36962890625,2444.016845703125,2402.79931640625,2522.0,2282.0
140.75,2453.877685546875,2457.799072265625,2283.861572265625,2289.077880859375,2442.454345703125,2404.8193359375,2283.53564453125,2443.38232421875,2402.547607421875,2522.0,2282.0
141.0,2453.877685546875,2457.796630859375,2283.849365234375,2289.08154296875,2442.453369140625,2404.8193359375,2283.5390625,2443.3818359375,2402.54736328125,2522.0,2282.0
141.25,2453.877685546875,2457.799072265625,2283.852294921875,2289.077880859375,2442.4501953125,2404.8193359375,2283.53564453125,2443.378173828125,2402.54736328125,2522.0,2282.0
141.5,2455.203857421875,2457.78857421875,2283.909423828125,2289.135009765625,2442.44384765625,2404.81982421875,2283.59619140625,2443.371826171875,2403.84619140625,2522.0,2282.0
141.75,2453.877685546875,2457.806640625,2283.849365234375,2289.078125,2442.44970703125,2404.8212890625,2284.769775390625,2443.3779296875,2402.54931640625,2522.0,2282.0
142.0,2453.863037109375,2457.839599609375,2281.834228515625,2287.053466796875,2443.94091796875,2405.224853515625,2281.400634765625,2443.525146484375,2403.04248046875,2522.0,2282.0
142.25,2453.861083984375,2457.833984375,2281.829833984375,2287.052978515625,2442.62060546875,2405.224853515625,2281.400146484375,2443.52490234375,2403.04248046875,2522.0,2282.0
142.5,2453.863037109375,2457.83837890625,2281.8212890625,2287.053466796875,2443.940673828125,2405.224365234375,2281.400634765625,2443.525146484375,2403.0419921875,2522.0,2282.0
142.75,2453.861083984375,2457.842041015625,2281.82568359375,2287.0537109375,2442.620849609375,2405.224853515625,2281.400634765625,2443.525146484375,2403.04248046875,2522.0,2282.0
143.0,2453.847412109375,2457.83154296875,2281.915283203125,2287.150634765625,2442.4453125,2405.267822265625,2281.514404296875,2443.312255859375,2403.089599609375,2522.0,2282.0
143.25,2453.8427734375,2457.76318359375,2283.256103515625,2288.48095703125,2442.424072265625,2405.480224609375,2282.859130859375,2443.284912109375,2403.32958984375,2522.0,2282.0
143.5,2453.8447265625,2457.75732421875,2282.015869140625,2287.242431640625,2442.424072265625,2405.48681640625,2281.62353515625,2443.28466796875,2403.338134765625,2522.0,2282.0
143.75,2453.8427734375,2457.765869140625,2282.015380859375,2287.24462890625,2442.424072265625,2405.4775390625,2281.625732421875,2444.605224609375,2403.326904296875,2522.0,2282.0
144.0,2453.843994140625,2457.768310546875,2282.025634765625,2287.249267578125,2442.427490234375,2405.47900390625,2281.63037109375,2443.2890625,2403.328125,2522.0,2282.0
144.25,2453.8427734375,2457.76171875,2282.009521484375,2287.2451171875,2442.424072265625,2405.480224609375,2281.626220703125,2443.284912109375,2403.32958984375,2522.0,2282.0
144.5,2453.8447265625,2457.759765625,2282.009765625,2287.244873046875,2442.421142578125,2405.481201171875,2281.6259765625,2443.281494140625,2403.33056640625,2522.0,2282.0
144.75,2453.738037109375,2457.65185546875,2282.247314453125,2287.368408203125,2442.4794921875,2406.354248046875,2281.771728515625,2443.32080078125,2404.26171875,2522.0,2282.0
145.0,2453.739990234375,2457.669921875,2282.253662109375,2287.366943359375,2442.479736328125,2406.357666015625,2281.77001953125,2443.32080078125,2404.266845703125,2522.0,2282.0
145.25,2453.738037109375,2457.664306640625,2282.270751953125,2287.372314453125,2442.48291015625,2406.348876953125,2281.775634765625,2443.324462890625,2404.25634765625,2522.0,2282.0
145.5,2453.738037109375,2457.66015625,2282.260986328125,2287.369140625,2442.476806640625,2406.35205078125,2281.7724609375,2443.317626953125,2404.259521484375,2522.0,2282.0
145.75,2453.738037109375,2457.66162109375,2282.25634765625,2287.369140625,2442.484375,2406.35205078125,2281.772216796875,2443.32568359375,2404.259521484375,2522.0,2282.0
146.0,2453.925537109375,2457.586669921875,2283.730712890625,2288.83447265625,2442.24755859375,2405.697265625,2283.3525390625,2443.0830078125,2403.52099609375,2522.0,2282.0
146.25,2458.128662109375,2459.3505859375,2393.36572265625,2395.62451171875,2450.5361328125,2435.165283203125,2393.570068359375,2450.83837890625,2434.2353515625,2522.0,2282.0
146.5,2458.126708984375,2459.36865234375,2393.376708984375,2395.657470703125,2450.535888671875,2435.162353515625,2393.603515625,2450.839111328125,2434.231689453125,2522.0,2282.0
146.75,2458.127197265625,2459.362548828125,2394.6669921875,2396.9521484375,2450.535888671875,2435.162353515625,2393.603515625,2450.839111328125,2434.2314453125,2522.0,2282.0
147.0,2458.127197265625,2459.36083984375,2393.364013671875,2395.657470703125,2450.535888671875,2436.478271484375,2393.603759765625,2450.839111328125,2434.231689453125,2522.0,2282.0
147.25,2458.127197265625,2459.37939453125,2393.381103515625,2395.6611328125,2450.537353515625,2435.163818359375,2393.607177734375,2450.840576171875,2434.233154296875,2522.0,2282.0
147.5,2458.127197265625,2460.693603515625,2393.39697265625,2395.656005859375,2450.5361328125,2435.16796875,2393.60205078125,2450.83935546875,2434.238037109375,2522.0,2282.0
147.75,2458.540771484375,2459.441162109375,2392.98681640625,2395.483154296875,2450.758544921875,2433.204345703125,2393.419677734375,2451.093994140625,2432.1533203125,2522.0,2282.0
148.0,2458.5400390625,2459.44140625,2392.966064453125,2395.471923828125,2450.758544921875,2433.203369140625,2393.408447265625,2451.09423828125,2432.152587890625,2522.0,2282.0
148.25,2458.5400390625,2460.76416015625,2392.978759765625,2395.47119140625,2450.75732421875,2433.210205078125,2393.407470703125,2451.0927734375,2432.16015625,2522.0,2282.0
148.5,2458.54052734375,2459.448974609375,2392.981689453125,2395.471923828125,2450.757080078125,2433.20361328125,2393.408203125,2451.092529296875,2432.15283203125,2522.0,2282.0
148.75,2459.869140625,2459.4365234375,2392.9921875,2395.471923828125,2450.755859375,2433.203857421875,2393.408203125,2451.091064453125,2432.15283203125,2522.0,2282.0
149.0,2458.248291015625,2459.440185546875,2391.935546875,2394.5751953125,2450.8125,2434.928955078125,2392.56298828125,2452.447265625,2433.93017578125,2522.0,2282.0
149.25,2458.248291015625,2460.768310546875,2391.932373046875,2394.57275390625,2450.813720703125,2434.933837890625,2392.560546875,2451.123779296875,2433.93603515625,2522.0,2282.0
149.5,2458.248291015625,2459.42529296875,2391.956787109375,2394.5751953125,2450.813232421875,2434.927978515625,2392.56298828125,2451.12353515625,2433.92919921875,2522.0,2282.0
149.75,2458.248291015625,2459.42919921875,2391.947998046875,2394.5751953125,2450.812744140625,2434.92919921875,2392.56298828125,2452.447265625,2433.930419921875,2522.0,2282.0
150.0,2458.248291015625,2459.418701171875,2391.931396484375,2394.57275390625,2450.813232421875,2434.92822265625,2392.560546875,2451.123291015625,2433.9296875,2522.0,2282.0
150.25,2458.393310546875,2459.42236328125,2392.15625,2394.771728515625,2450.498291015625,2434.811279296875,2392.75830078125,2450.74609375,2435.1279296875,2522.0,2282.0
150.5,2458.41943359375,2459.36962890625,2393.71435546875,2395.0244140625,2450.413330078125,2433.572998046875,2393.01025390625,2450.6513671875,2432.53515625,2522.0,2282.0
150.75,2458.4189453125,2459.365478515625,2392.414794921875,2395.03466796875,2450.4150390625,2433.57421875,2393.0205078125,2450.65283203125,2432.536376953125,2522.0,2282.0
151.0,2458.4189453125,2460.711669921875,2392.427734375,2395.02294921875,2450.413818359375,2433.576904296875,2393.0087890625,2450.651611328125,2432.5400390625,2522.0,2282.0
151.25,2458.4189453125,2459.390625,2392.400390625,2395.0244140625,2450.41357421875,2434.887939453125,2393.01025390625,2450.651611328125,2432.534912109375,2522.0,2282.0
151.5,2458.332763671875,2459.34619140625,2392.751708984375,2395.59228515625,2450.96240234375,2433.732666015625,2393.68359375,2451.3427734375,2432.466064453125,2522.0,2282.0
151.75,2459.6611328125,2459.346923828125,2392.720458984375,2395.569580078125,2450.96484375,2433.732421875,2393.659912109375,2451.3447265625,2432.466064453125,2522.0,2282.0
152.0,2458.332763671875,2459.343994140625,2392.72265625,2395.5732421875,2450.96484375,2433.73095703125,2393.663330078125,2451.3447265625,2432.464599609375,2522.0,2282.0
152.25,2458.332763671875,2459.35302734375,2392.732421875,2395.586669921875,2450.963134765625,2433.7314453125,2393.67822265625,2451.34326171875,2432.46484375,2522.0,2282.0
152.5,2458.332763671875,2459.346923828125,2392.728759765625,2395.573486328125,2450.96484375,2433.732666015625,2393.66357421875,2451.3447265625,2432.46630859375,2522.0,2282.0
152.75,2458.332763671875,2459.341552734375,2392.725830078125,2395.5732421875,2450.96484375,2433.731201171875,2393.66357421875,2451.3447265625,2432.46484375,2522.0,2282.0
153.0,2458.331298828125,2459.2333984375,2397.36572265625,2399.388671875,2450.886962890625,2433.5029296875,2397.635498046875,2451.15625,2432.312255859375,2522.0,2282.0
153.25,2458.330810546875,2459.23583984375,2398.67333984375,2400.68359375,2449.564208984375,2433.502197265625,2398.929443359375,2449.833251953125,2432.3115234375,2522.0,2282.0
153.5,2458.330810546875,2459.247314453125,2397.372314453125,2399.388671875,2449.564208984375,2433.501953125,2397.6357421875,2449.83349609375,2432.311279296875,2522.0,2282.0
153.75,2458.331298828125,2459.235107421875,2397.368896484375,2399.388427734375,2450.8876953125,2433.502685546875,2397.635498046875,2451.1572265625,2432.31201171875,2522.0,2282.0
154.0,2458.330810546875,2459.238037109375,2397.37255859375,2399.388671875,2449.566162109375,2433.501953125,2397.6357421875,2449.83544921875,2432.311279296875,2522.0,2282.0
154.25,2458.13623046875,2458.87646484375,2397.933349609375,2399.270751953125,2448.313720703125,2437.10888671875,2397.52392578125,2448.3955078125,2436.219970703125,2522.0,2282.0
154.5,2458.136474609375,2458.873779296875,2397.911376953125,2399.270751953125,2448.31591796875,2437.1083984375,2397.52392578125,2448.398193359375,2436.219482421875,2522.0,2282.0
154.75,2458.136474609375,2458.8720703125,2397.913818359375,2399.270751953125,2448.31591796875,2437.1083984375,2397.52392578125,2448.398193359375,2436.219482421875,2522.0,2282.0
155.0,2458.136474609375,2458.88134765625,2397.93359375,2399.27001953125,2448.313720703125,2437.108642578125,2397.52294921875,2448.395751953125,2436.2197265625,2522.0,2282.0
155.25,2458.13623046875,2458.891357421875,2397.930419921875,2399.27001953125,2448.313720703125,2438.42578125,2397.523193359375,2448.395751953125,2436.219970703125,2522.0,2282.0
155.5,2458.094970703125,2458.896484375,2398.318115234375,2399.5986328125,2448.67822265625,2436.4111328125,2397.877685546875,2448.82470703125,2435.460693359375,2522.0,2282.0
155.75,2458.0849609375,2458.882080078125,2398.844482421875,2400.077392578125,2448.746337890625,2436.385986328125,2398.381591796875,2448.914794921875,2435.435302734375,2522.0,2282.0
156.0,2458.0849609375,2458.881103515625,2398.86279296875,2400.07666015625,2448.74462890625,2437.702880859375,2398.380859375,2448.912841796875,2436.751708984375,2522.0,2282.0
156.25,2458.08544921875,2458.893310546875,2398.86376953125,2400.07666015625,2448.744873046875,2436.38720703125,2398.380859375,2448.9130859375,2435.436279296875,2522.0,2282.0
156.5,2458.0849609375,2458.885498046875,2398.853515625,2400.07666015625,2448.74462890625,2436.38623046875,2398.380859375,2448.912841796875,2435.435546875,2522.0,2282.0
156.75,2458.086181640625,2458.896240234375,2398.878662109375,2400.08203125,2448.746337890625,2436.38818359375,2398.38623046875,2448.91455078125,2435.437255859375,2522.0,2282.0
157.0,2459.1708984375,2458.7470703125,2396.371826171875,2397.23876953125,2449.673095703125,2436.974609375,2395.25,2449.84521484375,2436.287841796875,2522.0,2282.0
157.25,2457.843994140625,2458.7587890625,2396.365478515625,2397.220947265625,2449.677001953125,2436.9736328125,2395.23095703125,2449.84912109375,2436.287109375,2522.0,2282.0
157.5,2457.8427734375,2458.75439453125,2396.367431640625,2397.22021484375,2449.6767578125,2436.97314453125,2395.230224609375,2449.849365234375,2436.28662109375,2522.0,2282.0
157.75,2457.8427734375,2458.759521484375,2396.364501953125,2397.219970703125,2449.6767578125,2436.97314453125,2395.230224609375,2449.849365234375,2436.28662109375,2522.0,2282.0
158.0,2457.796142578125,2458.983154296875,2394.174072265625,2395.035888671875,2451.613525390625,2435.55859375,2392.8017578125,2452.068115234375,2434.744384765625,2522.0,2282.0
158.25,2457.795166015625,2458.9697265625,2394.1845703125,2395.04296875,2451.61572265625,2435.55859375,2392.808837890625,2452.070068359375,2434.744384765625,2522.0,2282.0
158.5,2457.795166015625,2458.978515625,2394.1865234375,2395.053955078125,2451.61279296875,2435.558349609375,2392.8212890625,2452.067138671875,2434.743896484375,2522.0,2282.0
158.75,2457.795166015625,2460.304443359375,2394.1787109375,2395.0341796875,2451.61376953125,2435.56201171875,2392.800048828125,2452.068115234375,2434.74853515625,2522.0,2282.0
159.0,2459.123291015625,2458.98974609375,2394.196044921875,2395.053955078125,2451.613525390625,2435.559814453125,2392.8212890625,2452.06787109375,2434.745361328125,2522.0,2282.0
159.25,2457.795166015625,2458.99853515625,2394.177001953125,2395.035400390625,2451.615234375,2435.55859375,2392.80126953125,2452.06982421875,2434.744384765625,2522.0,2282.0
159.5,2457.828125,2458.899169921875,2394.125,2395.326904296875,2451.221923828125,2436.162353515625,2393.30615234375,2451.592041015625,2435.263671875,2522.0,2282.0
159.75,2457.828125,2458.909423828125,2394.106201171875,2395.326171875,2451.221923828125,2436.162353515625,2393.305419921875,2451.592041015625,2435.263671875,2522.0,2282.0
160.0,2457.828125,2458.906494140625,2394.1201171875,2395.338623046875,2451.2236328125,2436.162353515625,2393.31787109375,2451.59375,2435.263671875,2522.0,2282.0
160.25,2459.15625,2458.897705078125,2394.1162109375,2395.345947265625,2451.220947265625,2436.163330078125,2393.326416015625,2451.59130859375,2435.2646484375,2522.0,2282.0
160.5,2457.828125,2458.912841796875,2394.1025390625,2395.326904296875,2451.221923828125,2436.16259765625,2393.305908203125,2451.591796875,2435.263916015625,2522.0,2282.0
160.75,2458.67529296875,2458.8642578125,2397.06640625,2397.8330078125,2450.5791015625,2437.5029296875,2396.052734375,2450.96240234375,2436.43359375,2522.0,2282.0
161.0,2457.34716796875,2458.86669921875,2397.05810546875,2397.816650390625,2450.580810546875,2437.502685546875,2396.03515625,2450.96435546875,2436.43359375,2522.0,2282.0
161.25,2457.34716796875,2458.86181640625,2397.041015625,2397.81591796875,2450.580810546875,2438.81982421875,2396.03466796875,2450.96435546875,2437.750244140625,2522.0,2282.0
161.5,2457.347412109375,2458.855712890625,2397.052001953125,2397.821533203125,2450.58056640625,2437.502685546875,2396.040283203125,2450.9638671875,2436.43359375,2522.0,2282.0
161.75,2457.349365234375,2458.868896484375,2397.0458984375,2397.81591796875,2450.5810546875,2437.50341796875,2396.03466796875,2450.964599609375,2436.434326171875,2522.0,2282.0
162.0,2457.265380859375,2458.868896484375,2397.148193359375,2398.0986328125,2449.157470703125,2437.683349609375,2396.4375,2449.31494140625,2436.626220703125,2522.0,2282.0
162.25,2457.244384765625,2458.873291015625,2397.018310546875,2398.16259765625,2448.912353515625,2439.966796875,2396.628662109375,2449.02001953125,2438.995849609375,2522.0,2282.0
162.5,2457.244384765625,2458.87939453125,2397.01611328125,2398.16259765625,2448.912353515625,2439.966796875,2396.628662109375,2449.02001953125,2438.995849609375,2522.0,2282.0
162.75,2457.244384765625,2458.8759765625,2397.02734375,2398.16259765625,2448.912353515625,2441.285400390625,2396.628662109375,2449.02001953125,2438.995849609375,2522.0,2282.0
163.0,2457.244384765625,2458.876708984375,2397.02197265625,2398.16259765625,2448.912353515625,2439.966796875,2396.628662109375,2449.019775390625,2438.995849609375,2522.0,2282.0
163.25,2457.244384765625,2458.87646484375,2397.024658203125,2398.162841796875,2448.912353515625,2439.966796875,2396.62890625,2449.019775390625,2438.995849609375,2522.0,2282.0
163.5,2456.865478515625,2458.7177734375,2370.028564453125,2372.92041015625,2450.0390625,2431.133544921875,2370.466552734375,2450.4873046875,2429.66259765625,2522.0,2282.0
163.75,2456.864501953125,2458.719482421875,2370.02197265625,2372.911376953125,2448.71533203125,2431.130126953125,2370.457763671875,2449.163330078125,2429.6591796875,2522.0,2282.0
164.0,2456.865234375,2458.724609375,2370.01708984375,2372.911865234375,2450.03857421875,2431.13037109375,2370.4580078125,2450.48681640625,2429.659423828125,2522.0,2282.0
164.25,2456.864501953125,2460.056884765625,2370.02294921875,2372.911376953125,2448.71533203125,2432.44384765625,2370.457763671875,2449.163330078125,2430.97216796875,2522.0,2282.0
164.5,2456.86572265625,2458.711181640625,2370.031005859375,2372.912353515625,2448.71533203125,2431.130126953125,2370.458740234375,2449.163330078125,2429.6591796875,2522.0,2282.0
164.75,2456.864501953125,2458.720458984375,2371.309814453125,2374.2041015625,2448.7216796875,2431.130859375,2371.7490234375,2449.169921875,2429.659912109375,2522.0,2282.0
165.0,2457.506591796875,2458.808837890625,2344.044189453125,2348.033203125,2451.962890625,2426.244140625,2344.374267578125,2451.49267578125,2424.720947265625,2522.0,2282.0
165.25,2457.506591796875,2458.800048828125,2344.057373046875,2348.033203125,2450.638671875,2426.244140625,2344.374267578125,2451.49267578125,2424.720947265625,2522.0,2282.0
165.5,2456.17919921875,2458.803466796875,2344.05615234375,2348.034423828125,2450.63818359375,2426.244384765625,2344.37548828125,2451.4921875,2424.720947265625,2522.0,2282.0
165.75,2456.17919921875,2458.821533203125,2344.0556640625,2348.033935546875,2450.63671875,2426.2451171875,2344.375,2451.490234375,2426.031982421875,2522.0,2282.0
166.0,2456.17919921875,2458.7998046875,2344.036376953125,2348.033447265625,2450.642578125,2426.2451171875,2344.37451171875,2451.49658203125,2424.721923828125,2522.0,2282.0
166.25,2455.9931640625,2458.903076171875,2343.95751953125,2347.4951171875,2450.23876953125,2428.3583984375,2343.865966796875,2451.077880859375,2426.975830078125,2522.0,2282.0
166.5,2455.991943359375,2460.23486328125,2343.965576171875,2347.495849609375,2450.235595703125,2428.358154296875,2343.866455078125,2451.074462890625,2426.975341796875,2522.0,2282.0
166.75,2455.991943359375,2458.8876953125,2343.983642578125,2347.49609375,2450.238525390625,2428.3583984375,2343.866943359375,2451.077392578125,2426.975830078125,2522.0,2282.0
167.0,2455.991943359375,2458.91748046875,2345.259765625,2347.5029296875,2450.23876953125,2428.3583984375,2345.14013671875,2451.07763671875,2426.975830078125,2522.0,2282.0
167.25,2455.99169921875,2458.905029296875,2343.983154296875,2347.502197265625,2450.240234375,2428.35791015625,2343.872802734375,2451.079345703125,2426.975341796875,2522.0,2282.0
167.5,2455.991943359375,2458.908447265625,2343.992919921875,2347.505615234375,2450.24169921875,2428.364013671875,2343.876220703125,2451.08056640625,2426.982666015625,2522.0,2282.0
167.75,2456.298828125,2458.76123046875,2349.821533203125,2354.155517578125,2449.60546875,2426.1337890625,2351.0966796875,2450.36181640625,2424.32568359375,2522.0,2282.0
168.0,2456.298583984375,2458.7587890625,2349.788330078125,2354.12744140625,2449.611328125,2426.14208984375,2351.06640625,2450.36767578125,2424.33544921875,2522.0,2282.0
168.25,2456.298828125,2458.75390625,2349.80224609375,2354.1279296875,2449.611083984375,2427.4443359375,2351.066650390625,2450.36767578125,2424.3251953125,2522.0,2282.0
168.5,2456.298583984375,2458.761962890625,2349.803466796875,2354.127685546875,2449.611083984375,2426.139892578125,2351.066650390625,2450.36767578125,2424.333251953125,2522.0,2282.0
168.75,2456.81103515625,2458.60888671875,2348.3046875,2353.5810546875,2448.658447265625,2425.275634765625,2350.68212890625,2449.24560546875,2423.330078125,2522.0,2282.0
169.0,2456.81103515625,2458.630859375,2348.26806640625,2353.553466796875,2448.6611328125,2425.275146484375,2350.652587890625,2449.24853515625,2423.32958984375,2522.0,2282.0
169.25,2456.811279296875,2458.609375,2348.2724609375,2353.5546875,2448.6611328125,2425.27490234375,2350.654052734375,2449.24853515625,2423.32958984375,2522.0,2282.0
169.5,2456.8125,2458.627685546875,2348.272216796875,2353.556396484375,2448.6611328125,2425.275634765625,2351.926025390625,2449.24853515625,2423.330322265625,2522.0,2282.0
169.75,2456.81201171875,2458.619140625,2348.268310546875,2353.554443359375,2448.664306640625,2425.27783203125,2350.65380859375,2449.251708984375,2423.33251953125,2522.0,2282.0
170.0,2456.548583984375,2458.542236328125,2348.68115234375,2353.548095703125,2448.51025390625,2426.800537109375,2350.559326171875,2449.024658203125,2425.354248046875,2522.0,2282.0
170.25,2456.449462890625,2458.5341796875,2348.912841796875,2353.341552734375,2448.462646484375,2426.86669921875,2350.27197265625,2448.9111328125,2425.421142578125,2522.0,2282.0
170.5,2456.450439453125,2458.525634765625,2348.89697265625,2353.34130859375,2448.462646484375,2426.86962890625,2350.271728515625,2448.9111328125,2425.424072265625,2522.0,2282.0
170.75,2457.77783203125,2458.536376953125,2348.906982421875,2353.341552734375,2448.462646484375,2426.86669921875,2350.27197265625,2448.9111328125,2425.421142578125,2522.0,2282.0
171.0,2456.449462890625,2458.523193359375,2350.17529296875,2354.620361328125,2448.46240234375,2426.869873046875,2351.549072265625,2448.910888671875,2425.42431640625,2522.0,2282.0
171.25,2456.449462890625,2458.537841796875,2348.916015625,2353.35009765625,2448.464599609375,2426.870361328125,2351.550537109375,2448.912841796875,2425.4248046875,2522.0,2282.0
171.5,2456.45068359375,2458.533447265625,2348.903076171875,2353.352294921875,2448.46044921875,2426.8671875,2350.28271484375,2448.90869140625,2425.421630859375,2522.0,2282.0
171.75,2456.449462890625,2458.527099609375,2348.898681640625,2353.341796875,2448.462646484375,2426.86669921875,2350.272216796875,2448.9111328125,2425.421142578125,2522.0,2282.0
172.0,2456.449462890625,2458.531005859375,2348.90966796875,2353.343017578125,2448.462646484375,2426.86669921875,2350.2734375,2448.9111328125,2425.421142578125,2522.0,2282.0
172.25,2456.509765625,2460.421630859375,2345.45849609375,2350.61767578125,2450.21630859375,2425.427490234375,2347.293212890625,2450.90478515625,2423.923828125,2522.0,2282.0
172.5,2456.510009765625,2459.07421875,2345.4599609375,2350.626220703125,2450.218994140625,2425.435791015625,2347.3017578125,2450.907470703125,2423.933349609375,2522.0,2282.0
172.75,2456.509765625,2459.082763671875,2345.470703125,2350.618408203125,2451.540283203125,2425.427490234375,2347.294189453125,2450.90478515625,2423.923583984375,2522.0,2282.0
173.0,2457.83740234375,2459.087158203125,2345.45458984375,2350.61865234375,2450.21630859375,2425.427490234375,2347.294189453125,2450.90478515625,2423.923828125,2522.0,2282.0
173.25,2456.509765625,2459.088623046875,2345.464111328125,2350.6240234375,2451.54052734375,2425.427490234375,2347.2998046875,2450.90478515625,2423.923828125,2522.0,2282.0
173.5,2456.509765625,2459.08740234375,2346.72216796875,2351.896728515625,2450.218994140625,2425.43017578125,2348.57080078125,2450.907470703125,2423.92626953125,2522.0,2282.0
173.75,2456.509765625,2459.077392578125,2345.45068359375,2350.62060546875,2450.218017578125,2425.427978515625,2348.56494140625,2450.90673828125,2423.924072265625,2522.0,2282.0
174.0,2456.509765625,2459.07666015625,2345.48583984375,2350.65673828125,2450.212158203125,2425.428466796875,2347.334716796875,2450.900390625,2423.92431640625,2522.0,2282.0
174.25,2456.61083984375,2458.97607421875,2347.09765625,2352.625732421875,2450.192626953125,2425.249267578125,2349.459716796875,2450.9169921875,2424.981201171875,2522.0,2282.0
174.5,2456.61083984375,2458.97119140625,2347.103515625,2352.62353515625,2450.19287109375,2425.255126953125,2349.457275390625,2450.917236328125,2423.678955078125,2522.0,2282.0
174.75,2456.61083984375,2458.972412109375,2347.103271484375,2352.622314453125,2450.192626953125,2425.251953125,2349.456298828125,2450.9169921875,2423.67431640625,2522.0,2282.0
175.0,2456.612060546875,2458.958251953125,2347.120361328125,2352.634033203125,2450.1953125,2425.249267578125,2349.468017578125,2450.919921875,2423.671630859375,2522.0,2282.0
175.25,2456.61083984375,2458.9697265625,2347.10693359375,2352.624267578125,2450.192626953125,2425.249267578125,2349.458251953125,2450.917236328125,2423.671630859375,2522.0,2282.0
175.5,2456.61083984375,2458.968994140625,2347.091552734375,2352.62939453125,2450.192138671875,2425.252685546875,2349.46337890625,2452.2412109375,2423.67529296875,2522.0,2282.0
175.75,2456.61083984375,2458.962158203125,2347.115478515625,2352.630126953125,2450.1923828125,2425.250732421875,2349.464111328125,2450.9169921875,2423.673095703125,2522.0,2282.0
176.0,2456.61083984375,2458.979736328125,2347.092041015625,2352.624267578125,2450.194091796875,2425.2490234375,2349.458251953125,2450.9189453125,2423.67138671875,2522.0,2282.0
176.25,2456.786376953125,2459.131591796875,2347.867431640625,2353.018798828125,2450.593017578125,2422.92236328125,2349.7138671875,2451.441162109375,2421.3154296875,2522.0,2282.0
176.5,2456.785400390625,2459.1357421875,2347.839111328125,2352.99072265625,2450.595458984375,2422.921875,2349.68359375,2451.443603515625,2422.62353515625,2522.0,2282.0
176.75,2456.785400390625,2460.469970703125,2347.84814453125,2352.98974609375,2450.595947265625,2424.23095703125,2349.6826171875,2451.44384765625,2421.31494140625,2522.0,2282.0
177.0,2456.785400390625,2459.14404296875,2347.833740234375,2352.988525390625,2450.595703125,2422.927734375,2349.681396484375,2451.44384765625,2421.322265625,2522.0,2282.0
177.25,2456.7841796875,2459.133056640625,2347.8515625,2352.999755859375,2450.59765625,2422.922119140625,2349.692626953125,2451.44580078125,2421.315185546875,2522.0,2282.0
177.5,2456.785400390625,2459.138916015625,2347.85205078125,2352.990478515625,2450.595458984375,2422.921630859375,2349.683349609375,2451.443603515625,2421.31494140625,2522.0,2282.0
177.75,2456.785400390625,2459.126220703125,2347.848388671875,2352.99609375,2451.919677734375,2422.923828125,2349.689208984375,2452.768310546875,2421.31689453125,2522.0,2282.0
178.0,2456.785400390625,2459.13427734375,2349.1171875,2354.2646484375,2450.59521484375,2422.922607421875,2350.955810546875,2452.76806640625,2421.31591796875,2522.0,2282.0
178.25,2456.724609375,2459.6171875,2342.214599609375,2347.0029296875,2453.1611328125,2421.4794921875,2343.13037109375,2454.321533203125,2420.0380859375,2522.0,2282.0
178.5,2456.724365234375,2459.622802734375,2342.263427734375,2347.041015625,2453.162841796875,2421.47998046875,2343.170654296875,2454.322998046875,2420.03857421875,2522.0,2282.0
178.75,2456.724365234375,2459.62939453125,2342.212158203125,2347.001953125,2453.161376953125,2421.4765625,2343.12939453125,2454.32177734375,2421.3427734375,2522.0,2282.0
179.0,2456.724365234375,2460.951904296875,2342.209228515625,2346.998779296875,2453.163818359375,2421.482421875,2343.126220703125,2454.32421875,2420.042236328125,2522.0,2282.0
179.25,2456.724609375,2459.62451171875,2342.223876953125,2346.997802734375,2453.16455078125,2421.48583984375,2343.125,2454.324951171875,2420.045654296875,2522.0,2282.0
179.5,2458.053466796875,2459.6181640625,2342.222900390625,2346.999755859375,2453.16162109375,2421.476806640625,2343.127197265625,2454.322021484375,2420.035400390625,2522.0,2282.0
179.75,2456.724609375,2459.6103515625,2342.213134765625,2346.999755859375,2453.16162109375,2421.476806640625,2343.127197265625,2454.322021484375,2420.035400390625,2522.0,2282.0
180.0,2456.724365234375,2459.607666015625,2342.21923828125,2346.999755859375,2454.487060546875,2421.4765625,2343.127197265625,2455.648193359375,2420.03515625,2522.0,2282.0
180.25,2456.931884765625,2459.706787109375,2338.2099609375,2343.453369140625,2456.639892578125,2419.5107421875,2339.189697265625,2456.59228515625,2418.1845703125,2522.0,2282.0
180.5,2456.9326171875,2459.7392578125,2336.9404296875,2342.185791015625,2455.31103515625,2419.509033203125,2337.92431640625,2456.58984375,2418.182861328125,2522.0,2282.0
180.75,2456.931884765625,2459.711181640625,2336.952880859375,2342.217529296875,2455.3134765625,2419.51171875,2337.958740234375,2456.592529296875,2418.18505859375,2522.0,2282.0
181.0,2456.931884765625,2459.718017578125,2336.92333984375,2342.1826171875,2455.315185546875,2420.816650390625,2337.92138671875,2456.59423828125,2418.182861328125,2522.0,2282.0
181.25,2456.931884765625,2459.720947265625,2336.929443359375,2342.190185546875,2455.3154296875,2419.509033203125,2337.928955078125,2456.5947265625,2418.1826171875,2522.0,2282.0
181.5,2456.931884765625,2459.7119140625,2336.924560546875,2342.181396484375,2455.3134765625,2419.50927734375,2337.920166015625,2456.592529296875,2418.18310546875,2522.0,2282.0
181.75,2458.260986328125,2459.709716796875,2336.920166015625,2342.182373046875,2455.3134765625,2419.50927734375,2337.921142578125,2456.592529296875,2418.182861328125,2522.0,2282.0
182.0,2458.259521484375,2459.716064453125,2336.9228515625,2342.182373046875,2455.3134765625,2419.509033203125,2337.921142578125,2456.592529296875,2418.182861328125,2522.0,2282.0
182.25,2457.271728515625,2459.50927734375,2343.19482421875,2348.57373046875,2452.01611328125,2421.10205078125,2344.941650390625,2452.9345703125,2419.5224609375,2522.0,2282.0
182.5,2457.271728515625,2459.510986328125,2344.4599609375,2349.845703125,2452.015869140625,2421.10400390625,2346.2119140625,2452.934326171875,2419.5244140625,2522.0,2282.0
182.75,2457.271728515625,2459.500732421875,2343.177978515625,2348.57080078125,2452.011962890625,2421.10205078125,2344.93896484375,2452.93017578125,2419.522216796875,2522.0,2282.0
183.0,2457.271728515625,2459.516357421875,2343.22216796875,2348.599609375,2452.012939453125,2421.10205078125,2344.9697265625,2452.93115234375,2419.522216796875,2522.0,2282.0
183.25,2457.271728515625,2459.501953125,2343.1904296875,2348.57080078125,2452.01611328125,2421.10205078125,2344.93896484375,2452.934326171875,2419.5224609375,2522.0,2282.0
183.5,2457.271728515625,2459.491943359375,2343.194091796875,2348.568603515625,2452.018310546875,2422.410400390625,2344.9365234375,2452.9365234375,2419.5224609375,2522.0,2282.0
183.75,2457.271728515625,2459.512939453125,2343.1982421875,2348.5751953125,2452.018798828125,2421.1083984375,2344.943115234375,2452.936767578125,2419.530029296875,2522.0,2282.0
184.0,2457.271728515625,2459.499755859375,2343.198974609375,2348.568603515625,2452.01611328125,2421.102783203125,2344.936767578125,2452.934326171875,2419.52294921875,2522.0,2282.0
184.25,2458.31689453125,2458.996826171875,2354.240234375,2358.05615234375,2448.007080078125,2423.2216796875,2354.9453125,2448.5615234375,2421.61328125,2522.0,2282.0
184.5,2456.9892578125,2459.002197265625,2354.242431640625,2358.052490234375,2448.004150390625,2423.221923828125,2354.94140625,2449.882080078125,2421.613525390625,2522.0,2282.0
184.75,2456.9892578125,2459.00439453125,2354.261962890625,2358.0849609375,2448.005859375,2423.22314453125,2354.97607421875,2448.560546875,2421.614501953125,2522.0,2282.0
185.0,2456.9892578125,2459.00341796875,2354.256591796875,2358.077392578125,2448.00732421875,2423.223388671875,2354.968505859375,2448.56201171875,2421.61474609375,2522.0,2282.0
185.25,2456.990478515625,2459.006103515625,2354.22998046875,2358.05029296875,2448.00439453125,2423.22119140625,2354.939453125,2448.55908203125,2421.61279296875,2522.0,2282.0
185.5,2456.9892578125,2459.0,2354.22705078125,2358.05029296875,2448.00439453125,2423.220947265625,2354.939208984375,2448.55908203125,2421.612548828125,2522.0,2282.0
185.75,2456.989013671875,2460.33154296875,2354.249267578125,2358.05029296875,2448.00439453125,2423.22119140625,2354.939208984375,2448.55908203125,2421.612548828125,2522.0,2282.0
186.0,2456.9892578125,2459.0126953125,2354.226318359375,2358.05029296875,2448.00439453125,2424.530517578125,2354.939208984375,2448.55908203125,2421.612548828125,2522.0,2282.0
186.25,2445.5869140625,2453.639404296875,2010.822998046875,2024.854736328125,2426.099609375,2334.5390625,2010.546142578125,2428.42919921875,2329.355712890625,2522.0,2282.0
186.5,2445.591064453125,2453.623046875,2010.8017578125,2024.8409423828125,2426.0888671875,2334.525634765625,2010.5323486328125,2428.41845703125,2329.342041015625,2522.0,2282.0
186.75,2446.90869140625,2453.63232421875,2010.811279296875,2025.9598388671875,2426.087890625,2334.52685546875,2010.5572509765625,2428.41748046875,2329.34326171875,2522.0,2282.0
187.0,2445.59130859375,2453.629638671875,2010.81787109375,2024.845703125,2427.400390625,2334.551513671875,2011.623291015625,2428.41845703125,2329.37255859375,2522.0,2282.0
187.25,2445.587158203125,2453.62548828125,2010.8162841796875,2024.8416748046875,2426.08837890625,2335.790283203125,2010.533203125,2428.417236328125,2329.34521484375,2522.0,2282.0
187.5,2445.5869140625,2454.9560546875,2010.8017578125,2024.8441162109375,2426.08349609375,2334.525634765625,2010.53564453125,2428.411865234375,2329.342041015625,2522.0,2282.0
187.75,2445.5869140625,2454.9501953125,2010.8341064453125,2024.8624267578125,2426.075927734375,2334.5263671875,2010.5546875,2428.40478515625,2329.341552734375,2522.0,2282.0
188.0,2445.587158203125,2453.629638671875,2010.8489990234375,2024.8831787109375,2426.0966796875,2334.5263671875,2010.5748291015625,2428.426025390625,2329.342529296875,2522.0,2282.0
188.25,2445.67578125,2453.763427734375,2004.1884765625,2018.8277587890625,2427.351806640625,2335.322021484375,2004.081298828125,2429.6279296875,2330.55517578125,2522.0,2282.0
188.5,2445.67578125,2453.766845703125,2004.188720703125,2018.8270263671875,2427.34375,2335.326171875,2004.0806884765625,2429.618408203125,2330.559326171875,2522.0,2282.0
188.75,2446.997314453125,2453.778564453125,2005.2806396484375,2019.9322509765625,2427.341796875,2335.3388671875,2004.0947265625,2429.61572265625,2330.57666015625,2522.0,2282.0
189.0,2446.997314453125,2453.76806640625,2005.3126220703125,2018.8453369140625,2427.34326171875,2335.34814453125,2004.098876953125,2429.6171875,2330.5859375,2522.0,2282.0
189.25,2445.679931640625,2453.765869140625,2004.201416015625,2018.8387451171875,2427.342529296875,2335.318603515625,2004.0926513671875,2429.616943359375,2330.552001953125,2522.0,2282.0
189.5,2445.67578125,2453.767578125,2004.2147216796875,2018.8551025390625,2427.333984375,2335.33203125,2004.10888671875,2429.607421875,2330.565185546875,2522.0,2282.0
189.75,2445.67578125,2453.7705078125,2004.17724609375,2018.82763671875,2427.343505859375,2335.3232421875,2004.0814208984375,2429.617919921875,2330.556396484375,2522.0,2282.0
190.0,2445.67578125,2453.772705078125,2004.1973876953125,2018.838134765625,2427.35205078125,2335.318115234375,2004.09228515625,2429.62646484375,2330.55126953125,2522.0,2282.0
190.25,2445.7197265625,2453.325439453125,2003.6119384765625,2017.813720703125,2426.412841796875,2337.260009765625,2003.04052734375,2428.51318359375,2332.7568359375,2522.0,2282.0
190.5,2445.719970703125,2453.328125,2003.5899658203125,2017.8106689453125,2426.4130859375,2337.254638671875,2003.037353515625,2428.513427734375,2332.75146484375,2522.0,2282.0
190.75,2445.7197265625,2453.330078125,2003.5987548828125,2017.810302734375,2426.4130859375,2337.254150390625,2003.0369873046875,2428.513427734375,2334.01171875,2522.0,2282.0
191.0,2445.719970703125,2453.315673828125,2003.5833740234375,2017.8048095703125,2426.4140625,2337.275146484375,2003.0311279296875,2428.51416015625,2332.776611328125,2522.0,2282.0
191.25,2445.7197265625,2453.321044921875,2003.602294921875,2018.9161376953125,2426.4140625,2337.275146484375,2003.0338134765625,2428.51416015625,2332.7763671875,2522.0,2282.0
191.5,2445.724365234375,2453.329345703125,2003.6192626953125,2017.8336181640625,2426.41259765625,2337.268798828125,2004.1429443359375,2428.512939453125,2332.765869140625,2522.0,2282.0
191.75,2445.719970703125,2453.33056640625,2003.59423828125,2017.8179931640625,2426.405029296875,2337.271240234375,2003.0447998046875,2429.816650390625,2332.76806640625,2522.0,2282.0
192.0,2445.719970703125,2454.649658203125,2003.634033203125,2017.8499755859375,2426.403564453125,2337.25732421875,2003.0767822265625,2429.815185546875,2332.753662109375,2522.0,2282.0
192.25,2445.880859375,2453.634521484375,1987.1754150390625,2003.1903076171875,2430.719970703125,2335.484619140625,1987.601806640625,2433.294189453125,2330.8251953125,2522.0,2282.0
192.5,2445.880859375,2453.647705078125,1987.2041015625,2003.2198486328125,2430.7109375,2335.48583984375,1987.631103515625,2433.2841796875,2332.0859375,2522.0,2282.0
192.75,2445.880859375,2453.645263671875,1987.1949462890625,2003.203125,2430.719482421875,2335.491943359375,1987.6156005859375,2433.29345703125,2330.831298828125,2522.0,2282.0
193.0,2445.880859375,2453.634521484375,1987.156982421875,2003.17724609375,2430.720458984375,2335.506103515625,1987.58837890625,2433.294189453125,2330.85107421875,2522.0,2282.0
193.25,2445.884765625,2453.6484375,1987.14404296875,2003.1754150390625,2430.720947265625,2336.747314453125,1987.586669921875,2433.294677734375,2330.825927734375,2522.0,2282.0
193.5,2445.88525390625,2453.649169921875,1987.141357421875,2003.1728515625,2430.720947265625,2335.496337890625,1987.5841064453125,2433.295166015625,2330.8369140625,2522.0,2282.0
193.75,2445.88525390625,2453.64794921875,1987.1756591796875,2003.21240234375,2432.045654296875,2335.4833984375,1987.6236572265625,2433.306640625,2330.823974609375,2522.0,2282.0
194.0,2445.880859375,2453.64697265625,1987.166748046875,2003.181884765625,2430.720703125,2335.4833984375,1987.593505859375,2433.294921875,2330.823974609375,2522.0,2282.0
194.25,2445.494384765625,2454.591552734375,1990.2642822265625,2005.0186767578125,2432.15869140625,2336.102294921875,1989.2945556640625,2436.209716796875,2331.60888671875,2522.0,2282.0
194.5,2445.494140625,2453.261962890625,1990.31103515625,2005.0400390625,2432.1572265625,2336.09765625,1989.31591796875,2434.892578125,2331.604248046875,2522.0,2282.0
194.75,2445.494384765625,2453.261474609375,1990.284912109375,2005.020751953125,2432.157958984375,2336.093017578125,1989.297607421875,2434.89306640625,2331.598388671875,2522.0,2282.0
195.0,2445.494140625,2453.255859375,1990.2796630859375,2005.0196533203125,2432.169677734375,2336.101806640625,1989.296630859375,2434.90478515625,2331.6083984375,2522.0,2282.0
195.25,2445.494384765625,2453.280517578125,1990.2572021484375,2004.9910888671875,2432.160400390625,2336.093505859375,1989.2662353515625,2434.895751953125,2331.60009765625,2522.0,2282.0
195.5,2445.498046875,2453.2724609375,1990.2535400390625,2004.9925537109375,2432.159912109375,2337.357177734375,1989.2681884765625,2434.894775390625,2331.6015625,2522.0,2282.0
195.75,2445.492919921875,2453.26904296875,1990.2469482421875,2004.990966796875,2432.16015625,2336.093017578125,1989.2666015625,2434.8955078125,2331.599853515625,2522.0,2282.0
196.0,2445.494384765625,2453.259765625,1990.26708984375,2004.9984130859375,2432.159912109375,2336.09423828125,1989.2742919921875,2434.89501953125,2331.60107421875,2522.0,2282.0
196.25,2445.080322265625,2453.29736328125,1994.661865234375,2008.6968994140625,2431.03662109375,2337.859130859375,1993.1654052734375,2433.6611328125,2333.52783203125,2522.0,2282.0
196.5,2445.080078125,2453.30126953125,1994.798095703125,2008.809814453125,2431.024658203125,2337.86328125,1993.2877197265625,2433.648681640625,2333.53125,2522.0,2282.0
196.75,2445.080322265625,2453.290771484375,1994.652099609375,2008.674072265625,2431.044677734375,2337.86181640625,1993.1422119140625,2433.670654296875,2333.5302734375,2522.0,2282.0
197.0,2445.080078125,2453.295654296875,1994.641357421875,2008.667236328125,2431.03955078125,2337.857421875,1993.1353759765625,2433.66455078125,2333.5263671875,2522.0,2282.0
197.25,2445.080322265625,2453.296630859375,1994.6658935546875,2008.6661376953125,2431.0390625,2337.85693359375,1993.13427734375,2433.663818359375,2333.52587890625,2522.0,2282.0
197.5,2445.084228515625,2453.29345703125,1994.6419677734375,2008.6600341796875,2431.0390625,2337.877685546875,1993.1279296875,2433.663330078125,2333.551025390625,2522.0,2282.0
197.75,2446.4013671875,2453.29150390625,1994.6497802734375,2008.6654052734375,2431.039306640625,2337.857177734375,1993.133544921875,2433.6640625,2333.52587890625,2522.0,2282.0
198.0,2444.78076171875,2453.3017578125,2001.8524169921875,2015.5006103515625,2429.702880859375,2337.90234375,2000.3858642578125,2430.823486328125,2333.01025390625,2522.0,2282.0
198.25,2444.630615234375,2453.284423828125,2010.4814453125,2023.57275390625,2427.345703125,2338.021240234375,2009.0660400390625,2429.766357421875,2333.109375,2522.0,2282.0
198.5,2444.630615234375,2453.294677734375,2010.4981689453125,2023.584228515625,2427.354736328125,2338.021240234375,2009.078369140625,2429.775390625,2333.1083984375,2522.0,2282.0
198.75,2444.630615234375,2453.287353515625,2010.5018310546875,2023.606689453125,2427.36279296875,2338.019287109375,2009.0999755859375,2429.78466796875,2333.107177734375,2522.0,2282.0
199.0,2444.630615234375,2453.293212890625,2010.4735107421875,2023.56982421875,2427.3583984375,2338.025634765625,2009.0633544921875,2429.779296875,2333.11376953125,2522.0,2282.0
199.25,2444.630859375,2453.28955078125,2010.47607421875,2023.5657958984375,2427.358642578125,2338.02783203125,2009.05908203125,2429.779541015625,2333.115966796875,2522.0,2282.0
199.5,2444.630615234375,2453.287841796875,2010.4775390625,2023.5631103515625,2427.347412109375,2338.02001953125,2009.056396484375,2429.768310546875,2333.108154296875,2522.0,2282.0
199.75,2444.635009765625,2453.290771484375,2010.4715576171875,2023.5628662109375,2427.34716796875,2338.019775390625,2009.05615234375,2429.76806640625,2334.368896484375,2522.0,2282.0
200.0,2444.630615234375,2453.298828125,2008.235107421875,2020.3662109375,2427.34619140625,2337.998046875,2006.7730712890625,2429.766845703125,2333.084716796875,2522.0,2282.0
200.25,2444.899658203125,2453.614990234375,2005.8992919921875,2018.2200927734375,2430.97509765625,2338.285400390625,2003.2803955078125,2432.323974609375,2332.211669921875,2522.0,2282.0
200.5,2444.895263671875,2453.61181640625,2004.8309326171875,2018.206298828125,2429.670166015625,2337.030517578125,2003.2666015625,2433.646240234375,2332.219482421875,2522.0,2282.0
200.75,2444.8955078125,2453.5986328125,2004.8726806640625,2018.2607421875,2429.665283203125,2337.015869140625,2003.3209228515625,2432.326171875,2332.204833984375,2522.0,2282.0
201.0,2444.8955078125,2453.603759765625,2004.827880859375,2018.2191162109375,2429.6572265625,2337.012451171875,2003.2802734375,2432.3193359375,2332.2001953125,2522.0,2282.0
201.25,2444.895263671875,2453.595947265625,2004.7923583984375,2018.2008056640625,2429.662841796875,2337.013427734375,2003.2611083984375,2432.324462890625,2332.202392578125,2522.0,2282.0
201.5,2444.8955078125,2453.60546875,2004.7998046875,2018.1956787109375,2429.6748046875,2337.021240234375,2003.255859375,2432.336669921875,2332.210205078125,2522.0,2282.0
201.75,2444.895263671875,2453.612060546875,2004.786865234375,2018.194580078125,2429.66357421875,2337.01318359375,2003.254638671875,2432.325439453125,2333.462646484375,2522.0,2282.0
202.0,2444.89111328125,2453.648681640625,2136.533935546875,2146.18603515625,2429.663330078125,2336.221923828125,2135.2568359375,2432.3251953125,2331.439208984375,2522.0,2282.0
202.25,2454.69775390625,2458.556884765625,2294.656494140625,2299.6201171875,2449.190185546875,2410.05224609375,2293.93017578125,2450.429443359375,2408.3447265625,2522.0,2282.0
202.5,2454.69921875,2458.560546875,2294.660400390625,2299.604248046875,2449.1904296875,2410.051513671875,2293.914306640625,2450.4296875,2408.343994140625,2522.0,2282.0
202.75,2454.69921875,2458.5556640625,2294.63720703125,2299.60009765625,2449.18701171875,2410.05126953125,2293.91015625,2451.750244140625,2408.34375,2522.0,2282.0
203.0,2454.69775390625,2458.551025390625,2294.6318359375,2299.60009765625,2449.18896484375,2410.05078125,2293.909912109375,2450.428466796875,2408.34326171875,2522.0,2282.0
203.25,2454.69775390625,2459.87548828125,2295.88134765625,2300.842529296875,2449.18701171875,2410.053466796875,2293.909912109375,2450.42626953125,2408.345947265625,2522.0,2282.0
203.5,2454.69775390625,2459.89013671875,2294.6328125,2299.60009765625,2449.18701171875,2410.053466796875,2293.91015625,2450.42626953125,2408.345947265625,2522.0,2282.0
203.75,2454.69775390625,2458.558837890625,2294.69287109375,2299.65625,2449.184326171875,2410.052490234375,2293.9697265625,2450.423095703125,2409.646240234375,2522.0,2282.0
204.0,2454.67138671875,2458.6220703125,2292.59423828125,2297.883544921875,2449.927490234375,2410.6904296875,2292.1181640625,2451.23876953125,2408.97412109375,2522.0,2282.0
204.25,2455.9912109375,2458.6318359375,2289.802978515625,2295.5107421875,2450.190185546875,2410.695556640625,2289.6416015625,2451.528076171875,2408.979736328125,2522.0,2282.0
204.5,2454.664794921875,2458.63623046875,2289.7529296875,2295.476318359375,2450.198486328125,2410.6953125,2289.603759765625,2451.53662109375,2408.97998046875,2522.0,2282.0
204.75,2454.666015625,2458.629638671875,2289.7431640625,2295.472412109375,2450.195068359375,2410.698486328125,2289.599853515625,2451.533203125,2408.983154296875,2522.0,2282.0
205.0,2454.664794921875,2458.619140625,2289.74755859375,2295.46728515625,2450.1953125,2410.6953125,2289.594482421875,2452.858154296875,2408.97998046875,2522.0,2282.0
205.25,2454.66455078125,2458.6259765625,2289.752685546875,2295.463623046875,2450.1953125,2410.695556640625,2289.591064453125,2451.533447265625,2408.97998046875,2522.0,2282.0
205.5,2454.664794921875,2458.627197265625,2289.75146484375,2295.463623046875,2450.197265625,2410.695068359375,2289.5908203125,2451.53564453125,2408.979736328125,2522.0,2282.0
205.75,2454.66455078125,2459.955810546875,2289.75146484375,2295.4638671875,2450.199951171875,2410.698486328125,2289.591064453125,2451.5380859375,2410.284912109375,2522.0,2282.0
206.0,2454.835693359375,2458.47314453125,2292.43408203125,2297.655517578125,2448.91796875,2410.60205078125,2291.8564453125,2450.096435546875,2409.023681640625,2522.0,2282.0
206.25,2454.833984375,2458.482177734375,2292.44970703125,2297.671875,2448.908935546875,2410.6044921875,2291.873046875,2450.086181640625,2409.02587890625,2522.0,2282.0
206.5,2454.833984375,2458.464599609375,2292.451904296875,2297.670166015625,2448.91455078125,2410.597412109375,2291.87109375,2450.09228515625,2409.017578125,2522.0,2282.0
206.75,2454.833984375,2458.47265625,2292.469482421875,2297.670166015625,2448.917724609375,2410.59716796875,2291.87109375,2450.09521484375,2409.017578125,2522.0,2282.0
207.0,2454.83251953125,2458.4541015625,2292.471435546875,2297.682861328125,2450.237548828125,2410.60009765625,2291.884033203125,2450.091796875,2409.0205078125,2522.0,2282.0
207.25,2454.833984375,2458.470458984375,2292.472412109375,2297.673828125,2448.91455078125,2410.598388671875,2291.875,2451.416015625,2409.0185546875,2522.0,2282.0
207.5,2454.833984375,2458.46337890625,2292.44287109375,2297.67041015625,2448.91455078125,2410.5966796875,2291.871337890625,2450.09228515625,2409.01708984375,2522.0,2282.0
207.75,2454.833984375,2458.458740234375,2292.47509765625,2297.67041015625,2448.916748046875,2410.5966796875,2291.87158203125,2450.0947265625,2409.01708984375,2522.0,2282.0
208.0,2454.861572265625,2459.793701171875,2292.82275390625,2298.0888671875,2448.59375,2410.597900390625,2293.55712890625,2449.73388671875,2410.320068359375,2522.0,2282.0
208.25,2454.88720703125,2458.560546875,2293.354736328125,2298.677978515625,2448.400390625,2409.853515625,2292.94384765625,2449.529541015625,2408.18408203125,2522.0,2282.0
208.5,2454.88720703125,2458.58544921875,2293.4052734375,2298.7236328125,2448.39794921875,2409.86083984375,2292.992919921875,2449.52734375,2408.1923828125,2522.0,2282.0
208.75,2456.2138671875,2458.583251953125,2293.334228515625,2298.666259765625,2448.40380859375,2409.858642578125,2292.93212890625,2449.533203125,2408.189208984375,2522.0,2282.0
209.0,2454.88720703125,2458.568359375,2293.3486328125,2298.674560546875,2448.40625,2409.853271484375,2292.9404296875,2449.535888671875,2408.18359375,2522.0,2282.0
209.25,2454.88720703125,2458.57275390625,2293.349853515625,2298.67138671875,2448.4072265625,2409.853515625,2292.9375,2449.536865234375,2408.183837890625,2522.0,2282.0
209.5,2454.88720703125,2458.575439453125,2293.325927734375,2298.66748046875,2448.40380859375,2409.853271484375,2292.93359375,2450.857177734375,2408.18359375,2522.0,2282.0
209.75,2454.88720703125,2458.576171875,2293.33837890625,2298.6669921875,2448.40380859375,2409.853271484375,2292.93310546875,2449.533447265625,2408.18359375,2522.0,2282.0
210.0,2454.94970703125,2460.1953125,2292.065673828125,2297.769287109375,2449.2763671875,2408.5556640625,2291.99609375,2450.487548828125,2406.679443359375,2522.0,2282.0
210.25,2455.01220703125,2458.8603515625,2290.431884765625,2296.614990234375,2449.554443359375,2408.447021484375,2292.009033203125,2450.816162109375,2406.56982421875,2522.0,2282.0
210.5,2455.013916015625,2458.8671875,2290.4423828125,2296.624755859375,2449.5458984375,2408.4521484375,2290.780517578125,2450.80712890625,2406.576416015625,2522.0,2282.0
210.75,2456.340576171875,2458.87744140625,2290.443359375,2296.617919921875,2449.543212890625,2408.448974609375,2290.77392578125,2450.8046875,2406.5712890625,2522.0,2282.0
211.0,2455.011962890625,2458.86865234375,2290.4296875,2296.615234375,2449.54931640625,2408.443603515625,2290.771240234375,2450.81103515625,2406.56640625,2522.0,2282.0
211.25,2455.011962890625,2458.861572265625,2290.4482421875,2296.63427734375,2449.552490234375,2408.446533203125,2290.790283203125,2450.814453125,2406.5693359375,2522.0,2282.0
211.5,2455.0107421875,2458.8701171875,2290.441650390625,2296.618896484375,2449.549072265625,2408.445068359375,2290.774658203125,2450.810791015625,2406.567626953125,2522.0,2282.0
211.75,2455.011962890625,2458.87060546875,2290.4287109375,2296.6181640625,2449.54931640625,2408.443603515625,2290.774169921875,2452.135498046875,2406.56640625,2522.0,2282.0
212.0,2454.902099609375,2458.429931640625,2295.5927734375,2301.67578125,2447.98486328125,2409.399169921875,2296.340087890625,2449.12939453125,2407.2900390625,2522.0,2282.0
212.25,2454.902099609375,2459.758544921875,2297.02978515625,2303.10498046875,2447.9638671875,2409.49267578125,2296.5341796875,2449.1064453125,2407.3828125,2522.0,2282.0
212.5,2454.902099609375,2458.426025390625,2295.79541015625,2301.86083984375,2447.968505859375,2409.49365234375,2296.533935546875,2449.111083984375,2408.684814453125,2522.0,2282.0
212.75,2454.90380859375,2458.43115234375,2295.85107421875,2301.916259765625,2447.958251953125,2410.793701171875,2296.59228515625,2449.100341796875,2407.38134765625,2522.0,2282.0
213.0,2454.902099609375,2458.427978515625,2295.792236328125,2301.861328125,2447.95947265625,2409.4990234375,2296.5341796875,2449.101806640625,2407.390625,2522.0,2282.0
213.25,2454.902099609375,2458.418701171875,2295.794677734375,2301.860107421875,2447.9638671875,2409.49072265625,2296.533203125,2449.1064453125,2407.380859375,2522.0,2282.0
213.5,2454.902099609375,2458.419189453125,2295.80517578125,2301.876953125,2447.966552734375,2409.49072265625,2296.550048828125,2449.109130859375,2407.380859375,2522.0,2282.0
213.75,2454.902099609375,2458.4140625,2295.80810546875,2301.87744140625,2449.290283203125,2409.490478515625,2296.550537109375,2449.110107421875,2407.380615234375,2522.0,2282.0
214.0,2454.979736328125,2458.37841796875,2296.659912109375,2302.602294921875,2447.743896484375,2409.120361328125,2297.30908203125,2448.880615234375,2407.004150390625,2522.0,2282.0
214.25,2455.021484375,2458.38134765625,2296.693603515625,2302.62890625,2447.677978515625,2409.100341796875,2297.3369140625,2448.814453125,2406.9833984375,2522.0,2282.0
214.5,2455.021484375,2459.718505859375,2297.940673828125,2303.873291015625,2447.68017578125,2409.10302734375,2297.337158203125,2448.816162109375,2406.986083984375,2522.0,2282.0
214.75,2455.021484375,2458.3798828125,2297.93212890625,2303.873291015625,2447.68017578125,2409.10400390625,2298.57861328125,2448.816162109375,2408.287841796875,2522.0,2282.0
215.0,2455.021484375,2458.3779296875,2296.69580078125,2302.628662109375,2447.6728515625,2410.40380859375,2297.336669921875,2448.808349609375,2406.98486328125,2522.0,2282.0
215.25,2455.023193359375,2458.375,2296.743408203125,2302.67236328125,2447.67138671875,2409.109375,2297.383544921875,2448.806884765625,2406.993896484375,2522.0,2282.0
215.5,2455.021484375,2458.376220703125,2296.7099609375,2302.634765625,2447.67578125,2409.10595703125,2297.343017578125,2448.8115234375,2406.989013671875,2522.0,2282.0
215.75,2455.021484375,2458.3876953125,2296.695068359375,2302.632080078125,2447.675537109375,2409.10107421875,2297.340087890625,2448.811279296875,2406.984130859375,2522.0,2282.0
216.0,2454.799072265625,2458.325927734375,2299.5146484375,2304.712890625,2447.5791015625,2409.9375,2299.498291015625,2448.78076171875,2407.814453125,2522.0,2282.0
216.25,2454.797119140625,2458.31494140625,2299.59033203125,2304.790283203125,2447.572998046875,2410.011962890625,2299.578857421875,2448.77392578125,2407.8896484375,2522.0,2282.0
216.5,2454.79736328125,2458.323974609375,2299.581787109375,2304.789306640625,2447.572998046875,2410.01220703125,2299.577880859375,2448.77392578125,2407.889892578125,2522.0,2282.0
216.75,2454.797119140625,2459.66259765625,2300.8212890625,2306.035400390625,2447.577392578125,2410.014404296875,2299.578369140625,2448.7783203125,2407.89208984375,2522.0,2282.0
217.0,2454.797119140625,2458.320068359375,2300.810302734375,2304.78955078125,2447.5732421875,2410.01220703125,2300.82080078125,2448.774169921875,2407.889892578125,2522.0,2282.0
217.25,2454.799072265625,2458.3232421875,2299.628173828125,2304.84326171875,2447.5673828125,2410.013427734375,2299.635009765625,2448.76806640625,2407.890625,2522.0,2282.0
217.5,2456.123779296875,2458.327880859375,2299.592041015625,2304.789794921875,2447.572998046875,2410.020751953125,2299.578125,2448.773681640625,2407.89990234375,2522.0,2282.0
217.75,2454.797119140625,2458.318359375,2299.596435546875,2304.796142578125,2447.572509765625,2410.015625,2299.58447265625,2448.773681640625,2407.89306640625,2522.0,2282.0
218.0,2454.9384765625,2458.578125,2298.4091796875,2303.860107421875,2446.907470703125,2409.677490234375,2298.556884765625,2447.949951171875,2407.72998046875,2522.0,2282.0
218.25,2454.938720703125,2458.58203125,2298.377197265625,2303.820556640625,2448.231689453125,2409.646728515625,2298.515380859375,2447.951416015625,2407.69921875,2522.0,2282.0
218.5,2454.938720703125,2458.57421875,2298.37109375,2303.8173828125,2446.906494140625,2409.646728515625,2298.51220703125,2449.271484375,2407.698974609375,2522.0,2282.0
218.75,2454.938720703125,2458.576904296875,2298.37939453125,2303.8173828125,2446.906494140625,2409.646240234375,2298.51220703125,2447.94873046875,2407.69873046875,2522.0,2282.0
219.0,2454.938720703125,2458.571044921875,2299.612548828125,2303.817626953125,2446.9111328125,2409.64990234375,2299.754638671875,2447.953369140625,2407.7021484375,2522.0,2282.0
219.25,2454.938720703125,2459.900146484375,2298.3583984375,2303.817626953125,2446.9111328125,2409.64892578125,2299.754638671875,2447.953369140625,2407.701416015625,2522.0,2282.0
219.5,2454.9404296875,2458.57958984375,2298.431884765625,2303.862060546875,2446.90185546875,2410.94970703125,2298.56005859375,2447.943603515625,2407.69970703125,2522.0,2282.0
219.75,2454.938720703125,2458.569580078125,2298.364013671875,2303.81494140625,2446.90673828125,2409.65478515625,2298.509765625,2447.94873046875,2407.708984375,2522.0,2282.0
220.0,2454.9404296875,2458.679931640625,2298.834716796875,2303.903564453125,2446.94677734375,2409.40234375,2298.45556640625,2448.000732421875,2407.5419921875,2522.0,2282.0
220.25,2454.9404296875,2458.677978515625,2298.826416015625,2303.910400390625,2446.946533203125,2409.40234375,2298.46240234375,2448.00048828125,2407.5419921875,2522.0,2282.0
220.5,2454.93896484375,2458.6904296875,2298.83349609375,2303.91259765625,2448.272216796875,2409.401123046875,2298.46435546875,2448.00390625,2407.540771484375,2522.0,2282.0
220.75,2454.9404296875,2458.68359375,2298.830810546875,2303.8994140625,2446.947021484375,2409.401123046875,2298.451416015625,2449.32373046875,2407.54052734375,2522.0,2282.0
221.0,2454.9404296875,2458.676513671875,2298.83154296875,2303.8994140625,2446.94970703125,2409.400634765625,2298.451416015625,2448.00390625,2407.540283203125,2522.0,2282.0
221.25,2454.9404296875,2460.0068359375,2300.078125,2305.14453125,2446.947021484375,2409.4033203125,2299.693603515625,2448.0009765625,2407.54296875,2522.0,2282.0
221.5,2454.940673828125,2458.678466796875,2298.83935546875,2303.8994140625,2446.9443359375,2409.40234375,2298.451416015625,2447.997802734375,2407.54150390625,2522.0,2282.0
221.75,2454.9404296875,2458.667724609375,2298.837158203125,2303.899169921875,2446.944091796875,2409.401123046875,2298.451171875,2447.997802734375,2408.841552734375,2522.0,2282.0
222.0,2456.281982421875,2458.543701171875,2298.983154296875,2304.1748046875,2446.7060546875,2409.60009765625,2298.8046875,2447.72314453125,2407.703857421875,2522.0,2282.0
222.25,2454.955322265625,2458.5390625,2298.99365234375,2304.19384765625,2446.7041015625,2409.616455078125,2298.82421875,2447.720947265625,2407.71875,2522.0,2282.0
222.5,2454.955322265625,2458.5361328125,2299.01025390625,2304.1904296875,2446.707275390625,2409.608154296875,2298.821044921875,2447.724365234375,2407.71044921875,2522.0,2282.0
222.75,2454.955322265625,2458.551025390625,2298.987060546875,2304.18994140625,2448.029541015625,2409.609130859375,2298.8203125,2447.724365234375,2407.71142578125,2522.0,2282.0
223.0,2454.955322265625,2458.529052734375,2298.98974609375,2304.187255859375,2446.704345703125,2409.607666015625,2298.8173828125,2447.721435546875,2407.7099609375,2522.0,2282.0
223.25,2454.955322265625,2458.53173828125,2298.99169921875,2304.18701171875,2446.70703125,2409.607666015625,2298.817138671875,2447.724609375,2407.709716796875,2522.0,2282.0
223.5,2454.955322265625,2459.8583984375,2300.23046875,2305.432373046875,2446.708984375,2409.6103515625,2300.059814453125,2447.72607421875,2407.712646484375,2522.0,2282.0
223.75,2454.955322265625,2458.532470703125,2300.238525390625,2304.187255859375,2446.708984375,2409.611328125,2300.059814453125,2447.72607421875,2407.713623046875,2522.0,2282.0
224.0,2454.88720703125,2458.462890625,2302.115234375,2306.55029296875,2446.034423828125,2410.091796875,2301.268310546875,2446.977294921875,2409.607421875,2522.0,2282.0
224.25,2456.212158203125,2458.46142578125,2302.1162109375,2306.58203125,2446.031982421875,2411.456298828125,2301.30029296875,2446.9736328125,2408.3681640625,2522.0,2282.0
224.5,2454.885498046875,2458.46435546875,2302.136962890625,2306.5859375,2446.031982421875,2410.162353515625,2301.30419921875,2446.973388671875,2408.376708984375,2522.0,2282.0
224.75,2454.885498046875,2458.46240234375,2302.116455078125,2306.57861328125,2446.031982421875,2410.155517578125,2301.297119140625,2446.9736328125,2408.36962890625,2522.0,2282.0
225.0,2454.886962890625,2458.4716796875,2302.1328125,2306.588623046875,2446.035888671875,2410.154052734375,2301.30712890625,2448.2998046875,2408.3681640625,2522.0,2282.0
225.25,2454.885498046875,2458.453369140625,2302.123779296875,2306.575439453125,2446.031982421875,2410.154052734375,2301.2939453125,2446.973876953125,2408.3681640625,2522.0,2282.0
225.5,2454.885498046875,2458.46435546875,2302.131591796875,2306.57568359375,2446.034912109375,2410.1533203125,2301.294189453125,2446.97705078125,2408.36767578125,2522.0,2282.0
225.75,2454.885498046875,2459.7998046875,2303.35888671875,2306.575439453125,2446.0322265625,2410.15625,2302.537353515625,2446.973876953125,2408.370361328125,2522.0,2282.0
226.0,2454.76416015625,2458.395263671875,2302.3359375,2306.662841796875,2446.152587890625,2409.969970703125,2301.378173828125,2447.124267578125,2409.478759765625,2522.0,2282.0
226.25,2454.76416015625,2458.40234375,2302.333740234375,2306.66357421875,2446.152099609375,2409.97021484375,2301.37939453125,2447.1240234375,2409.47900390625,2522.0,2282.0
226.5,2456.090576171875,2458.40625,2302.29736328125,2306.61767578125,2446.15771484375,2409.981201171875,2301.329833984375,2447.129638671875,2408.1904296875,2522.0,2282.0
226.75,2454.76416015625,2458.397216796875,2302.28369140625,2306.617919921875,2446.15771484375,2409.981201171875,2301.330078125,2447.129638671875,2408.1904296875,2522.0,2282.0
227.0,2454.76416015625,2458.405517578125,2302.29345703125,2306.6142578125,2446.157470703125,2409.971923828125,2301.32666015625,2447.12939453125,2408.1796875,2522.0,2282.0
227.25,2454.765625,2458.401123046875,2302.294921875,2306.62451171875,2446.16162109375,2409.970458984375,2301.3369140625,2447.133544921875,2408.17822265625,2522.0,2282.0
227.5,2454.76416015625,2458.403076171875,2302.282958984375,2306.611328125,2446.160400390625,2409.969970703125,2301.32373046875,2447.1328125,2408.177734375,2522.0,2282.0
227.75,2454.76416015625,2458.40966796875,2303.53173828125,2307.857666015625,2446.160400390625,2409.9697265625,2301.323486328125,2447.133056640625,2408.177490234375,2522.0,2282.0
228.0,2454.84521484375,2459.437744140625,2302.3662109375,2306.5810546875,2446.332275390625,2410.904052734375,2302.546630859375,2447.34521484375,2409.15673828125,2522.0,2282.0
228.25,2454.84521484375,2458.100830078125,2302.36474609375,2306.584228515625,2446.328369140625,2410.971923828125,2301.305908203125,2447.34130859375,2409.22607421875,2522.0,2282.0
228.5,2454.84521484375,2458.098388671875,2302.37353515625,2306.58740234375,2446.322998046875,2410.9716796875,2301.309326171875,2447.3359375,2410.52734375,2522.0,2282.0
228.75,2454.846923828125,2458.1005859375,2302.35986328125,2306.583251953125,2446.328369140625,2410.971923828125,2301.30517578125,2447.341552734375,2409.225830078125,2522.0,2282.0
229.0,2454.84521484375,2458.0947265625,2302.364501953125,2306.591552734375,2446.328369140625,2410.98046875,2301.3134765625,2447.341552734375,2409.234375,2522.0,2282.0
229.25,2454.84521484375,2458.098876953125,2302.38427734375,2306.59423828125,2446.328369140625,2410.973388671875,2301.316162109375,2447.34130859375,2409.2275390625,2522.0,2282.0
229.5,2454.84521484375,2458.08349609375,2302.375244140625,2306.5869140625,2446.331787109375,2410.97216796875,2301.308837890625,2448.66748046875,2409.22607421875,2522.0,2282.0
229.75,2454.84521484375,2458.10107421875,2302.375732421875,2306.584716796875,2446.32861328125,2410.971435546875,2301.306640625,2447.341796875,2409.2255859375,2522.0,2282.0
230.0,2458.650390625,2459.98486328125,2398.27294921875,2399.9921875,2453.54541015625,2435.942138671875,2397.6796875,2454.041015625,2435.356201171875,2522.0,2282.0
230.25,2458.65185546875,2459.9931640625,2399.614990234375,2401.2998046875,2453.47412109375,2436.20166015625,2399.041748046875,2453.961669921875,2435.611328125,2522.0,2282.0
230.5,2458.65185546875,2459.99755859375,2399.60400390625,2401.301025390625,2453.47412109375,2436.20166015625,2399.043212890625,2453.961669921875,2435.611083984375,2522.0,2282.0
230.75,2459.981201171875,2459.9921875,2399.6650390625,2401.32275390625,2453.4716796875,2436.201904296875,2399.066162109375,2453.959228515625,2435.611572265625,2522.0,2282.0
231.0,2459.98046875,2459.992919921875,2399.638427734375,2401.302001953125,2454.79931640625,2436.202880859375,2399.044189453125,2453.961181640625,2435.6123046875,2522.0,2282.0
231.25,2458.65185546875,2459.98681640625,2399.630615234375,2401.303955078125,2453.47412109375,2436.201416015625,2399.046142578125,2453.961669921875,2435.611083984375,2522.0,2282.0
231.5,2458.65185546875,2459.99755859375,2399.648681640625,2401.30224609375,2453.47412109375,2436.201416015625,2399.04443359375,2453.961669921875,2435.611083984375,2522.0,2282.0
231.75,2458.65185546875,2459.9873046875,2399.628662109375,2401.302490234375,2453.47412109375,2436.201416015625,2399.044677734375,2453.961669921875,2435.611083984375,2522.0,2282.0
232.0,2458.63525390625,2460.0458984375,2400.647705078125,2403.150146484375,2452.91015625,2438.07373046875,2401.239013671875,2453.33935546875,2437.163818359375,2522.0,2282.0
232.25,2458.63525390625,2460.029052734375,2400.67529296875,2403.174072265625,2452.907958984375,2436.797607421875,2401.26416015625,2453.33740234375,2435.888916015625,2522.0,2282.0
232.5,2458.63525390625,2460.02294921875,2400.66357421875,2403.173828125,2452.907958984375,2436.79443359375,2401.263916015625,2453.337158203125,2435.885009765625,2522.0,2282.0
232.75,2458.63525390625,2460.017333984375,2400.67529296875,2403.17529296875,2452.907958984375,2436.7939453125,2401.26513671875,2453.337158203125,2435.884521484375,2522.0,2282.0
233.0,2459.964599609375,2460.042724609375,2400.679443359375,2403.17529296875,2454.234130859375,2436.794921875,2401.265380859375,2453.337646484375,2435.885498046875,2522.0,2282.0
233.25,2458.63525390625,2460.031982421875,2400.6650390625,2403.191650390625,2452.90625,2436.795654296875,2401.28271484375,2453.33544921875,2435.885986328125,2522.0,2282.0
233.5,2458.63525390625,2460.0322265625,2400.670166015625,2403.17822265625,2452.907958984375,2436.7939453125,2401.26806640625,2453.337158203125,2435.884521484375,2522.0,2282.0
233.75,2458.63525390625,2460.017333984375,2400.662109375,2403.17626953125,2452.90869140625,2436.7939453125,2401.26611328125,2453.33837890625,2435.884521484375,2522.0,2282.0
234.0,2458.56787109375,2460.076171875,2401.5146484375,2403.665771484375,2451.908935546875,2437.42578125,2401.758056640625,2452.19091796875,2436.665283203125,2522.0,2282.0
234.25,2458.5673828125,2460.071044921875,2401.5390625,2403.677490234375,2451.908935546875,2438.8037109375,2401.77001953125,2452.190673828125,2436.726318359375,2522.0,2282.0
234.5,2458.5673828125,2460.073974609375,2401.51416015625,2403.671630859375,2451.90771484375,2437.486572265625,2401.763916015625,2452.189453125,2436.726318359375,2522.0,2282.0
234.75,2458.5673828125,2460.064208984375,2401.515380859375,2403.671875,2451.907470703125,2437.48681640625,2401.7646484375,2452.18896484375,2436.7265625,2522.0,2282.0
235.0,2458.566650390625,2460.0732421875,2401.525634765625,2403.672119140625,2451.907470703125,2437.4873046875,2401.7646484375,2452.189208984375,2436.72705078125,2522.0,2282.0
235.25,2458.5673828125,2460.078369140625,2401.51416015625,2403.672119140625,2451.9072265625,2437.4873046875,2401.7646484375,2452.18896484375,2436.727294921875,2522.0,2282.0
235.5,2459.89599609375,2460.07275390625,2401.509521484375,2403.6728515625,2453.23046875,2437.486328125,2401.765380859375,2453.511962890625,2436.72607421875,2522.0,2282.0
235.75,2458.5673828125,2460.063232421875,2401.52490234375,2403.675048828125,2451.907470703125,2437.486328125,2401.767578125,2452.189208984375,2436.72607421875,2522.0,2282.0
236.0,2458.534423828125,2459.895751953125,2400.658203125,2402.9501953125,2452.23291015625,2438.19775390625,2401.0576171875,2452.53076171875,2437.394775390625,2522.0,2282.0
236.25,2458.49658203125,2459.89404296875,2399.36669921875,2401.893798828125,2452.46435546875,2438.2421875,2400.015625,2452.777099609375,2437.439697265625,2522.0,2282.0
236.5,2458.49658203125,2459.8828125,2399.3818359375,2401.898681640625,2452.46484375,2439.5595703125,2400.0205078125,2452.777587890625,2437.439453125,2522.0,2282.0
236.75,2458.495849609375,2459.896240234375,2399.374267578125,2401.892822265625,2452.46337890625,2438.2451171875,2400.0146484375,2452.77587890625,2437.443603515625,2522.0,2282.0
237.0,2458.495849609375,2459.896728515625,2399.362548828125,2401.89306640625,2452.463134765625,2438.2421875,2400.014892578125,2452.77587890625,2437.439697265625,2522.0,2282.0
237.25,2458.495849609375,2459.892578125,2400.66748046875,2403.19091796875,2452.463134765625,2438.24267578125,2401.31201171875,2452.77587890625,2437.440185546875,2522.0,2282.0
237.5,2458.495849609375,2459.894775390625,2399.37109375,2401.89306640625,2452.463134765625,2438.24267578125,2400.014892578125,2452.77587890625,2437.440185546875,2522.0,2282.0
237.75,2459.824462890625,2459.898193359375,2399.388671875,2401.893798828125,2453.786376953125,2438.241943359375,2400.015625,2454.09912109375,2437.439453125,2522.0,2282.0
238.0,2458.3583984375,2459.861328125,2402.643798828125,2404.4580078125,2451.485107421875,2438.7333984375,2402.60791015625,2451.711669921875,2438.030517578125,2522.0,2282.0
238.25,2458.3583984375,2459.859130859375,2402.6767578125,2404.487548828125,2451.480712890625,2438.786376953125,2402.638916015625,2451.706787109375,2438.08349609375,2522.0,2282.0
238.5,2458.35888671875,2459.869384765625,2402.674072265625,2404.487060546875,2451.480712890625,2440.104248046875,2402.63818359375,2451.706787109375,2439.401123046875,2522.0,2282.0
238.75,2458.358154296875,2459.867919921875,2402.67578125,2404.486572265625,2451.482421875,2438.78662109375,2402.6376953125,2451.708251953125,2438.083740234375,2522.0,2282.0
239.0,2458.3583984375,2461.200927734375,2402.669921875,2404.48583984375,2451.480712890625,2438.786865234375,2402.63720703125,2451.70654296875,2438.083984375,2522.0,2282.0
239.25,2458.358154296875,2461.18798828125,2402.671142578125,2404.487060546875,2451.480712890625,2438.78662109375,2402.63818359375,2451.706787109375,2438.083740234375,2522.0,2282.0
239.5,2458.3583984375,2459.862548828125,2403.9833984375,2404.487060546875,2451.480712890625,2438.787109375,2402.638427734375,2451.706787109375,2438.08447265625,2522.0,2282.0
239.75,2459.6875,2459.8681640625,2402.65673828125,2404.48779296875,2452.803466796875,2438.78662109375,2402.638916015625,2451.70458984375,2438.08349609375,2522.0,2282.0
240.0,2458.444580078125,2459.8994140625,2401.592529296875,2403.640625,2451.881591796875,2437.85986328125,2401.77001953125,2452.16357421875,2437.06298828125,2522.0,2282.0
240.25,2458.444580078125,2459.8974609375,2401.60302734375,2403.64013671875,2451.8828125,2437.8603515625,2401.76953125,2452.1650390625,2437.0634765625,2522.0,2282.0
240.5,2458.444580078125,2459.890869140625,2401.602294921875,2403.6376953125,2451.881591796875,2437.859619140625,2401.76708984375,2452.16357421875,2437.062744140625,2522.0,2282.0
240.75,2458.445068359375,2459.89306640625,2401.60498046875,2403.642333984375,2451.883056640625,2437.859375,2401.77197265625,2452.1650390625,2438.379638671875,2522.0,2282.0
241.0,2458.444580078125,2459.906494140625,2401.595703125,2403.642578125,2451.88330078125,2437.859375,2401.77197265625,2452.165283203125,2437.0625,2522.0,2282.0
241.25,2458.444580078125,2459.89697265625,2401.5986328125,2403.635498046875,2451.8818359375,2437.8642578125,2401.764892578125,2452.163818359375,2437.068115234375,2522.0,2282.0
241.5,2458.444580078125,2461.21484375,2402.893798828125,2404.935791015625,2451.881591796875,2437.859375,2403.064208984375,2452.16357421875,2437.062744140625,2522.0,2282.0
241.75,2458.444580078125,2459.893310546875,2400.299560546875,2403.63671875,2451.881591796875,2437.860107421875,2403.064208984375,2452.16357421875,2437.063232421875,2522.0,2282.0
242.0,2458.27099609375,2459.72314453125,2404.826416015625,2406.53955078125,2452.20654296875,2439.66943359375,2404.892578125,2452.408935546875,2438.8701171875,2522.0,2282.0
242.25,2458.270263671875,2459.724853515625,2404.8427734375,2406.543701171875,2450.879638671875,2439.66943359375,2404.896728515625,2451.081787109375,2438.870361328125,2522.0,2282.0
242.5,2458.268310546875,2459.72216796875,2404.828857421875,2406.540283203125,2450.879638671875,2439.66943359375,2404.893310546875,2451.081787109375,2438.8701171875,2522.0,2282.0
242.75,2458.270263671875,2459.72216796875,2404.82666015625,2406.546142578125,2450.881103515625,2440.988037109375,2404.899169921875,2451.0830078125,2438.870361328125,2522.0,2282.0
243.0,2458.270263671875,2459.725830078125,2404.849609375,2406.545654296875,2450.881591796875,2439.674072265625,2404.898681640625,2451.083740234375,2438.87548828125,2522.0,2282.0
243.25,2458.270263671875,2459.72900390625,2404.843017578125,2406.53955078125,2450.8798828125,2439.674072265625,2404.892578125,2451.081787109375,2438.875244140625,2522.0,2282.0
243.5,2458.270263671875,2461.047607421875,2406.13330078125,2407.84033203125,2450.879638671875,2439.669677734375,2406.192626953125,2451.081787109375,2438.870361328125,2522.0,2282.0
243.75,2458.37646484375,2459.9423828125,2403.72802734375,2405.53125,2451.476806640625,2438.375244140625,2403.808349609375,2451.75244140625,2437.57421875,2522.0,2282.0
244.0,2458.37646484375,2459.947998046875,2403.71484375,2405.528076171875,2451.478515625,2438.3740234375,2403.804931640625,2451.754150390625,2437.5732421875,2522.0,2282.0
244.25,2458.37646484375,2459.942626953125,2403.71875,2405.531005859375,2451.4794921875,2438.375244140625,2403.80810546875,2451.75537109375,2437.57421875,2522.0,2282.0
244.5,2458.37646484375,2459.934814453125,2403.71337890625,2405.52783203125,2451.478515625,2438.3740234375,2403.804931640625,2451.754150390625,2437.5732421875,2522.0,2282.0
244.75,2458.37646484375,2459.928955078125,2403.704833984375,2405.527099609375,2451.478515625,2438.3740234375,2403.80419921875,2451.754150390625,2437.5732421875,2522.0,2282.0
245.0,2458.37646484375,2459.94970703125,2403.715576171875,2405.527099609375,2451.479736328125,2439.691650390625,2403.80419921875,2451.755615234375,2437.5732421875,2522.0,2282.0
245.25,2458.37646484375,2459.94580078125,2403.72509765625,2405.52685546875,2451.478515625,2438.377197265625,2403.803955078125,2451.75439453125,2437.576904296875,2522.0,2282.0
245.5,2458.37646484375,2461.26513671875,2404.98193359375,2406.8271484375,2451.478515625,2438.374267578125,2405.103271484375,2451.754150390625,2437.573486328125,2522.0,2282.0
245.75,2458.411376953125,2459.979736328125,2402.36767578125,2404.65283203125,2451.693603515625,2438.05078125,2402.888671875,2451.969970703125,2437.17431640625,2522.0,2282.0
246.0,2458.412353515625,2459.97412109375,2402.368408203125,2404.652587890625,2451.695068359375,2438.052734375,2402.888671875,2451.9716796875,2437.17626953125,2522.0,2282.0
246.25,2458.411376953125,2459.96728515625,2402.37548828125,2404.6533203125,2453.01953125,2438.05126953125,2402.889404296875,2453.296142578125,2437.175048828125,2522.0,2282.0
246.5,2458.411376953125,2459.973876953125,2402.381591796875,2404.65673828125,2451.6943359375,2438.05224609375,2402.892822265625,2451.970947265625,2437.176025390625,2522.0,2282.0
246.75,2458.411376953125,2459.978759765625,2402.36865234375,2404.653076171875,2451.694580078125,2438.05126953125,2402.88916015625,2451.97119140625,2437.175048828125,2522.0,2282.0
247.0,2458.41162109375,2459.96728515625,2402.35400390625,2404.652587890625,2451.694580078125,2438.05126953125,2402.888671875,2451.97119140625,2438.491943359375,2522.0,2282.0
247.25,2458.411376953125,2459.970947265625,2402.372314453125,2404.652587890625,2451.69580078125,2438.05126953125,2402.888671875,2451.972412109375,2437.175048828125,2522.0,2282.0
247.5,2458.411376953125,2459.961669921875,2402.358642578125,2404.6513671875,2451.69482421875,2438.055908203125,2402.887451171875,2451.971435546875,2437.180419921875,2522.0,2282.0
247.75,2458.242431640625,2460.131103515625,2400.598388671875,2402.654052734375,2453.081298828125,2437.512939453125,2400.66259765625,2453.5771484375,2436.634033203125,2522.0,2282.0
248.0,2458.24267578125,2460.12451171875,2400.606201171875,2402.654296875,2453.0810546875,2437.51318359375,2401.960205078125,2453.576904296875,2436.634521484375,2522.0,2282.0
248.25,2458.243408203125,2460.13037109375,2400.6171875,2402.654296875,2453.082275390625,2437.514404296875,2400.6630859375,2453.578369140625,2436.6357421875,2522.0,2282.0
248.5,2458.242431640625,2460.12353515625,2400.60791015625,2402.655029296875,2453.080810546875,2437.51318359375,2400.663818359375,2453.576904296875,2436.63427734375,2522.0,2282.0
248.75,2458.242431640625,2460.137939453125,2400.607666015625,2402.657958984375,2453.080810546875,2437.514404296875,2400.66650390625,2453.57666015625,2436.6357421875,2522.0,2282.0
249.0,2458.242431640625,2460.131103515625,2400.6103515625,2402.655029296875,2453.080810546875,2437.513427734375,2400.66357421875,2453.576904296875,2436.634765625,2522.0,2282.0
249.25,2458.242431640625,2460.129638671875,2400.608154296875,2402.655029296875,2453.080810546875,2437.51318359375,2400.66357421875,2453.576904296875,2437.951416015625,2522.0,2282.0
249.5,2458.242431640625,2460.1416015625,2400.590087890625,2402.654052734375,2453.08251953125,2437.51318359375,2400.66259765625,2453.57861328125,2436.634521484375,2522.0,2282.0
249.75,2458.295654296875,2460.23876953125,2400.491943359375,2402.420654296875,2452.740478515625,2437.046875,2400.3671875,2453.1748046875,2436.254638671875,2522.0,2282.0
250.0,2458.295654296875,2460.25244140625,2400.495849609375,2402.422119140625,2452.740478515625,2437.041748046875,2400.368408203125,2453.1748046875,2436.248779296875,2522.0,2282.0
250.25,2458.295654296875,2460.2421875,2401.802490234375,2403.72021484375,2452.740478515625,2437.04150390625,2401.66552734375,2453.175048828125,2436.24853515625,2522.0,2282.0
250.5,2459.6240234375,2460.25048828125,2400.518798828125,2402.443115234375,2454.0654296875,2437.04296875,2400.390625,2454.5,2436.249755859375,2522.0,2282.0
250.75,2458.295654296875,2460.237548828125,2400.49951171875,2402.4228515625,2452.740478515625,2437.04150390625,2400.369140625,2453.1748046875,2436.24853515625,2522.0,2282.0
251.0,2458.295654296875,2460.248779296875,2400.50537109375,2402.425537109375,2452.740234375,2437.042724609375,2400.3720703125,2453.1748046875,2436.249755859375,2522.0,2282.0
251.25,2458.295654296875,2460.241455078125,2400.5,2402.4228515625,2452.740478515625,2437.0419921875,2400.369140625,2453.1748046875,2436.2490234375,2522.0,2282.0
251.5,2458.2958984375,2460.248046875,2400.48876953125,2402.422119140625,2452.74169921875,2437.04150390625,2400.368408203125,2453.17626953125,2437.565185546875,2522.0,2282.0
251.75,2458.03515625,2460.04345703125,2401.747314453125,2403.323974609375,2451.3515625,2439.015380859375,2401.395263671875,2451.53369140625,2438.45458984375,2522.0,2282.0
252.0,2458.03515625,2460.0400390625,2401.747314453125,2403.3232421875,2451.351318359375,2439.014892578125,2401.39453125,2451.53369140625,2438.4541015625,2522.0,2282.0
252.25,2458.03515625,2460.02880859375,2401.749267578125,2403.324462890625,2451.3515625,2439.0146484375,2401.3955078125,2451.53369140625,2438.453857421875,2522.0,2282.0
252.5,2459.364501953125,2460.049072265625,2401.758056640625,2403.340576171875,2451.35107421875,2439.015869140625,2401.4130859375,2451.533447265625,2438.454833984375,2522.0,2282.0
252.75,2459.363525390625,2460.04296875,2401.75390625,2403.3251953125,2452.67626953125,2439.015625,2401.396240234375,2451.53369140625,2438.454833984375,2522.0,2282.0
253.0,2458.03515625,2460.0341796875,2401.7373046875,2403.327880859375,2451.351318359375,2439.0146484375,2401.39892578125,2451.53369140625,2438.453857421875,2522.0,2282.0
253.25,2458.03515625,2460.0302734375,2401.7490234375,2403.3251953125,2451.35302734375,2439.014404296875,2401.396484375,2451.535400390625,2438.45361328125,2522.0,2282.0
253.5,2458.03515625,2460.037841796875,2401.7568359375,2403.325439453125,2451.3515625,2439.0146484375,2401.396484375,2451.533935546875,2438.453857421875,2522.0,2282.0
253.75,2458.37548828125,2459.831298828125,2405.132080078125,2406.8173828125,2450.764404296875,2437.754150390625,2405.10009765625,2450.900146484375,2438.275146484375,2522.0,2282.0
254.0,2458.374755859375,2459.822509765625,2405.130126953125,2406.822265625,2450.764892578125,2437.75439453125,2405.104736328125,2450.900390625,2436.958251953125,2522.0,2282.0
254.25,2458.374755859375,2459.829833984375,2406.422607421875,2408.1162109375,2450.763427734375,2437.75927734375,2406.397705078125,2450.899169921875,2436.9638671875,2522.0,2282.0
254.5,2458.374755859375,2461.155517578125,2405.134033203125,2406.81640625,2450.76318359375,2437.756103515625,2405.098876953125,2450.89892578125,2436.960205078125,2522.0,2282.0
254.75,2458.374267578125,2459.83203125,2405.15478515625,2406.835205078125,2450.76123046875,2437.7548828125,2405.118896484375,2450.896728515625,2436.958740234375,2522.0,2282.0
255.0,2459.703369140625,2459.822509765625,2405.12548828125,2406.8203125,2452.087646484375,2437.754150390625,2405.102783203125,2452.223388671875,2436.958251953125,2522.0,2282.0
255.25,2458.374755859375,2459.838134765625,2405.112060546875,2406.8212890625,2450.76318359375,2437.75537109375,2405.103759765625,2450.898681640625,2436.959228515625,2522.0,2282.0
255.5,2458.374755859375,2459.823974609375,2405.130126953125,2406.81787109375,2450.764892578125,2437.754150390625,2405.100341796875,2450.90087890625,2436.958251953125,2522.0,2282.0
255.75,2458.45556640625,2459.531005859375,2406.426025390625,2408.24365234375,2449.924072265625,2438.01708984375,2406.75048828125,2449.98779296875,2437.074951171875,2522.0,2282.0
256.0,2458.45556640625,2459.524169921875,2406.442138671875,2408.243408203125,2449.925537109375,2438.017333984375,2406.75,2449.9892578125,2437.074951171875,2522.0,2282.0
256.25,2458.455810546875,2459.53125,2406.430419921875,2408.24365234375,2449.924072265625,2439.334716796875,2406.750244140625,2449.98779296875,2437.074951171875,2522.0,2282.0
256.5,2458.45556640625,2460.85302734375,2407.73876953125,2409.543701171875,2449.924072265625,2438.01904296875,2408.049560546875,2449.98779296875,2437.07666015625,2522.0,2282.0
256.75,2458.455810546875,2459.5341796875,2406.42041015625,2408.243408203125,2449.923095703125,2438.018310546875,2406.75,2449.98681640625,2437.075927734375,2522.0,2282.0
257.0,2459.7841796875,2459.5283203125,2406.41748046875,2408.243408203125,2449.924072265625,2438.018310546875,2406.750244140625,2449.98779296875,2437.075927734375,2522.0,2282.0
257.25,2458.45556640625,2459.524169921875,2406.443603515625,2408.2470703125,2449.923828125,2438.017333984375,2406.753662109375,2449.987548828125,2437.074951171875,2522.0,2282.0
257.5,2458.45556640625,2459.518310546875,2406.43603515625,2408.244140625,2449.926025390625,2438.017333984375,2406.750732421875,2449.989990234375,2437.074951171875,2522.0,2282.0
257.75,2461.3916015625,2461.112060546875,2479.293212890625,2479.099609375,2457.0888671875,2457.463623046875,2479.728759765625,2456.98974609375,2457.3720703125,2522.0,2282.0
258.0,2461.39501953125,2461.119140625,2479.313720703125,2479.1044921875,2457.089599609375,2457.46337890625,2479.734130859375,2456.99072265625,2457.37158203125,2522.0,2282.0
258.25,2461.393310546875,2461.116943359375,2479.311279296875,2479.1044921875,2457.089599609375,2457.4638671875,2479.734130859375,2456.99072265625,2457.372314453125,2522.0,2282.0
258.5,2461.393310546875,2461.119140625,2479.306884765625,2479.10400390625,2458.41748046875,2457.4638671875,2479.733642578125,2458.318603515625,2457.372314453125,2522.0,2282.0
258.75,2461.393310546875,2462.4501953125,2479.315185546875,2479.103759765625,2458.41748046875,2457.4638671875,2479.733154296875,2458.318603515625,2457.372314453125,2522.0,2282.0
259.0,2462.723388671875,2461.1171875,2479.308349609375,2479.1044921875,2457.089599609375,2457.464111328125,2479.734130859375,2456.99072265625,2457.372314453125,2522.0,2282.0
259.25,2462.72216796875,2461.114013671875,2479.309326171875,2479.1044921875,2457.089599609375,2457.4638671875,2479.734130859375,2456.99072265625,2457.372314453125,2522.0,2282.0
259.5,2461.393310546875,2461.119873046875,2480.652587890625,2480.444091796875,2457.08984375,2458.7919921875,2481.07421875,2456.99072265625,2458.7001953125,2522.0,2282.0
259.75,2461.3603515625,2461.185791015625,2478.29052734375,2478.205810546875,2456.527099609375,2458.11376953125,2478.83740234375,2456.317626953125,2458.133056640625,2522.0,2282.0
260.0,2461.3603515625,2461.1923828125,2478.3115234375,2478.204833984375,2456.52685546875,2458.112548828125,2478.83642578125,2456.3173828125,2458.1318359375,2522.0,2282.0
260.25,2461.360107421875,2461.1767578125,2478.306396484375,2478.210205078125,2456.526123046875,2458.113525390625,2478.842041015625,2456.31640625,2458.132568359375,2522.0,2282.0
260.5,2461.3603515625,2461.185546875,2478.312255859375,2478.210205078125,2456.526611328125,2458.114013671875,2478.842041015625,2456.317138671875,2458.13330078125,2522.0,2282.0
260.75,2461.3603515625,2461.1689453125,2478.291259765625,2478.2099609375,2456.526611328125,2458.114013671875,2478.841796875,2456.317138671875,2458.133056640625,2522.0,2282.0
261.0,2461.3603515625,2462.494140625,2478.308349609375,2478.2099609375,2457.854248046875,2458.114013671875,2478.841796875,2457.64453125,2458.133056640625,2522.0,2282.0
261.25,2461.3603515625,2461.193603515625,2478.305908203125,2478.209228515625,2456.526611328125,2458.114013671875,2478.841064453125,2456.317138671875,2458.133056640625,2522.0,2282.0
261.5,2462.6904296875,2461.187744140625,2478.30419921875,2478.210205078125,2456.52685546875,2458.114013671875,2478.842041015625,2456.3173828125,2458.133056640625,2522.0,2282.0
261.75,2461.208740234375,2461.31494140625,2475.030029296875,2475.18896484375,2458.499755859375,2458.46142578125,2475.521484375,2458.501708984375,2457.140869140625,2522.0,2282.0
262.0,2461.208251953125,2461.30126953125,2475.066650390625,2475.18798828125,2458.49951171875,2457.1328125,2475.5205078125,2458.501220703125,2457.14013671875,2522.0,2282.0
262.25,2461.208251953125,2461.30859375,2475.05029296875,2475.189208984375,2458.5,2457.133544921875,2475.521484375,2458.501953125,2457.140869140625,2522.0,2282.0
262.5,2461.208251953125,2461.30224609375,2475.053955078125,2475.189208984375,2458.5,2457.13330078125,2475.521728515625,2458.501708984375,2457.140380859375,2522.0,2282.0
262.75,2461.208251953125,2461.294677734375,2475.051025390625,2475.189208984375,2458.499755859375,2457.13330078125,2475.521484375,2458.50146484375,2457.140625,2522.0,2282.0
263.0,2461.208251953125,2461.303466796875,2475.057373046875,2475.189208984375,2458.499755859375,2457.133544921875,2475.521728515625,2458.501708984375,2457.140869140625,2522.0,2282.0
263.25,2461.206787109375,2462.625732421875,2475.046875,2475.18798828125,2458.5,2457.13330078125,2475.520263671875,2458.501708984375,2457.140625,2522.0,2282.0
263.5,2462.538330078125,2461.30712890625,2475.048095703125,2475.1884765625,2458.5,2457.13330078125,2475.520751953125,2458.501708984375,2457.140380859375,2522.0,2282.0
263.75,2462.50341796875,2461.262939453125,2477.18798828125,2477.10595703125,2458.1611328125,2456.60205078125,2477.55078125,2458.207763671875,2456.432373046875,2522.0,2282.0
264.0,2461.17431640625,2461.27685546875,2478.5380859375,2478.4443359375,2458.1611328125,2457.929443359375,2478.889404296875,2458.207763671875,2457.759765625,2522.0,2282.0
264.25,2461.17333984375,2461.261474609375,2477.194091796875,2477.104736328125,2458.160888671875,2456.60205078125,2477.549560546875,2458.20751953125,2456.432373046875,2522.0,2282.0
264.5,2461.173828125,2461.272216796875,2477.19140625,2477.10107421875,2458.1611328125,2456.601318359375,2477.5458984375,2458.207763671875,2456.431884765625,2522.0,2282.0
264.75,2461.17333984375,2461.29638671875,2477.20654296875,2477.105712890625,2458.16064453125,2456.601806640625,2477.550537109375,2458.207275390625,2456.43212890625,2522.0,2282.0
265.0,2461.173583984375,2461.281494140625,2477.18212890625,2477.105712890625,2458.161376953125,2456.60205078125,2477.550537109375,2458.207763671875,2456.432373046875,2522.0,2282.0
265.25,2461.17333984375,2461.263671875,2477.20654296875,2477.105712890625,2458.1611328125,2456.60205078125,2477.550537109375,2458.207763671875,2456.432373046875,2522.0,2282.0
265.5,2461.175537109375,2462.599365234375,2477.177978515625,2477.10498046875,2458.161376953125,2456.60205078125,2477.5498046875,2458.207763671875,2456.432373046875,2522.0,2282.0
265.75,2461.34375,2462.55615234375,2477.694091796875,2477.8408203125,2457.693359375,2457.97705078125,2478.43896484375,2457.674072265625,2457.816650390625,2522.0,2282.0
266.0,2462.674072265625,2461.21923828125,2477.69384765625,2477.841796875,2457.693359375,2457.97705078125,2478.43994140625,2457.674072265625,2457.81689453125,2522.0,2282.0
266.25,2461.34375,2461.230224609375,2479.037353515625,2479.180908203125,2457.693359375,2459.305419921875,2479.779296875,2457.674072265625,2459.14501953125,2522.0,2282.0
266.5,2461.343994140625,2461.2265625,2477.69677734375,2477.84130859375,2457.693359375,2457.97705078125,2478.439453125,2457.674072265625,2457.816650390625,2522.0,2282.0
266.75,2461.34375,2461.227783203125,2477.6982421875,2477.84130859375,2457.693359375,2457.97607421875,2478.439453125,2457.674072265625,2457.81591796875,2522.0,2282.0
267.0,2461.34375,2461.22509765625,2477.68115234375,2477.841796875,2457.693359375,2457.97705078125,2478.43994140625,2457.673828125,2457.816650390625,2522.0,2282.0
267.25,2461.342041015625,2461.224365234375,2477.7119140625,2477.841796875,2457.693359375,2457.97705078125,2478.43994140625,2457.673828125,2457.81689453125,2522.0,2282.0
267.5,2461.34375,2461.215087890625,2477.70458984375,2477.84130859375,2459.021484375,2457.97705078125,2478.439453125,2459.001953125,2457.816650390625,2522.0,2282.0
267.75,2461.431640625,2461.361572265625,2477.783935546875,2477.8017578125,2459.691162109375,2456.24658203125,2478.27099609375,2459.76220703125,2456.065185546875,2522.0,2282.0
268.0,2461.43359375,2461.36572265625,2477.79052734375,2477.802490234375,2458.362548828125,2456.24658203125,2478.271728515625,2458.433837890625,2456.0654296875,2522.0,2282.0
268.25,2462.76171875,2461.361572265625,2477.78271484375,2477.802001953125,2458.36279296875,2456.24658203125,2478.271240234375,2458.433837890625,2456.065185546875,2522.0,2282.0
268.5,2461.431640625,2461.37744140625,2477.796875,2477.802001953125,2458.362548828125,2457.573974609375,2478.271240234375,2458.433837890625,2457.392578125,2522.0,2282.0
268.75,2461.431640625,2461.369140625,2479.1201171875,2479.14111328125,2458.362548828125,2457.573974609375,2479.610595703125,2458.43359375,2457.392578125,2522.0,2282.0
269.0,2461.431640625,2461.381591796875,2477.779296875,2477.801025390625,2458.362548828125,2456.24658203125,2478.27001953125,2458.43359375,2456.065185546875,2522.0,2282.0
269.25,2461.431396484375,2461.372802734375,2477.772705078125,2477.802001953125,2458.3623046875,2456.24609375,2478.271240234375,2458.433349609375,2456.06494140625,2522.0,2282.0
269.5,2461.431640625,2461.366943359375,2477.7822265625,2477.802001953125,2458.362548828125,2456.24658203125,2478.271240234375,2458.433837890625,2456.065185546875,2522.0,2282.0
269.75,2461.1708984375,2461.263427734375,2478.513427734375,2478.54052734375,2457.0927734375,2458.923095703125,2479.215087890625,2456.962890625,2458.91259765625,2522.0,2282.0
270.0,2461.17333984375,2462.608642578125,2478.513427734375,2478.5400390625,2457.093017578125,2458.9228515625,2479.214599609375,2456.963134765625,2458.912353515625,2522.0,2282.0
270.25,2461.174560546875,2462.586181640625,2478.499267578125,2478.5400390625,2457.0927734375,2458.922607421875,2479.214599609375,2456.962890625,2458.912109375,2522.0,2282.0
270.5,2462.50341796875,2461.272216796875,2478.509521484375,2478.541015625,2457.0927734375,2458.923095703125,2479.215576171875,2456.962890625,2458.91259765625,2522.0,2282.0
270.75,2461.17333984375,2461.2802734375,2479.845458984375,2479.88037109375,2457.0927734375,2460.251708984375,2480.55517578125,2456.963134765625,2460.2412109375,2522.0,2282.0
271.0,2461.17333984375,2461.273193359375,2478.506103515625,2478.540771484375,2457.093017578125,2458.923095703125,2479.21533203125,2456.963134765625,2458.91259765625,2522.0,2282.0
271.25,2461.173583984375,2461.279541015625,2478.498779296875,2478.53564453125,2457.09326171875,2458.922607421875,2479.209716796875,2456.96337890625,2458.912109375,2522.0,2282.0
271.5,2461.17333984375,2461.279541015625,2478.5029296875,2478.541015625,2457.0927734375,2458.923095703125,2479.21533203125,2456.963134765625,2458.91259765625,2522.0,2282.0
271.75,2461.2578125,2461.189208984375,2476.381103515625,2476.761474609375,2457.21728515625,2458.606689453125,2477.357666015625,2457.007080078125,2458.662109375,2522.0,2282.0
272.0,2461.2578125,2461.204833984375,2476.3974609375,2476.76123046875,2457.21728515625,2458.606689453125,2477.357666015625,2457.007080078125,2458.662109375,2522.0,2282.0
272.25,2461.2578125,2462.5263671875,2476.38671875,2476.760498046875,2457.21728515625,2458.606689453125,2477.35693359375,2457.007080078125,2458.662109375,2522.0,2282.0
272.5,2461.2578125,2462.517333984375,2476.3896484375,2476.760498046875,2457.21728515625,2458.6064453125,2477.35693359375,2457.007080078125,2458.661865234375,2522.0,2282.0
272.75,2462.587890625,2461.20361328125,2476.393798828125,2476.761474609375,2457.217529296875,2458.606689453125,2477.357666015625,2457.00732421875,2458.662109375,2522.0,2282.0
273.0,2461.2578125,2461.192138671875,2477.730224609375,2478.099609375,2457.21728515625,2458.606689453125,2478.6962890625,2457.007080078125,2459.99072265625,2522.0,2282.0
273.25,2461.259765625,2461.199951171875,2476.393798828125,2476.761474609375,2457.217041015625,2458.605712890625,2477.357666015625,2457.007080078125,2458.6611328125,2522.0,2282.0
273.5,2461.2578125,2461.182373046875,2476.3876953125,2476.76123046875,2457.216796875,2458.6064453125,2477.357421875,2457.006591796875,2458.661865234375,2522.0,2282.0
273.75,2461.20654296875,2461.085205078125,2475.65673828125,2475.590576171875,2456.863525390625,2459.750244140625,2476.064208984375,2456.55908203125,2460.080810546875,2522.0,2282.0
274.0,2461.206787109375,2461.100341796875,2475.662841796875,2475.590576171875,2456.863525390625,2459.750732421875,2476.064453125,2456.55908203125,2460.081298828125,2522.0,2282.0
274.25,2461.205322265625,2461.074462890625,2475.67041015625,2475.590576171875,2456.863525390625,2459.750732421875,2476.064453125,2456.55908203125,2460.081298828125,2522.0,2282.0
274.5,2461.206787109375,2462.422607421875,2475.674072265625,2475.59033203125,2458.191162109375,2459.750732421875,2476.06396484375,2457.88671875,2460.081298828125,2522.0,2282.0
274.75,2461.204833984375,2462.414306640625,2475.668212890625,2475.59033203125,2458.191162109375,2459.75048828125,2476.06396484375,2457.88671875,2460.0810546875,2522.0,2282.0
275.0,2462.53466796875,2461.08349609375,2476.996337890625,2476.928466796875,2456.863525390625,2459.750732421875,2477.402587890625,2456.55908203125,2460.081298828125,2522.0,2282.0
275.25,2461.204833984375,2461.083251953125,2475.68505859375,2475.590576171875,2456.863525390625,2459.750732421875,2476.064453125,2456.55908203125,2460.0810546875,2522.0,2282.0
275.5,2461.206298828125,2461.095703125,2475.675537109375,2475.58984375,2456.863037109375,2459.748779296875,2476.063720703125,2456.558837890625,2460.0791015625,2522.0,2282.0
275.75,2461.226318359375,2461.1552734375,2474.888427734375,2474.469970703125,2457.570556640625,2459.135009765625,2474.760986328125,2457.4111328125,2459.4990234375,2522.0,2282.0
276.0,2461.222900390625,2461.16748046875,2474.897216796875,2474.47314453125,2457.570068359375,2459.13671875,2474.764404296875,2457.41064453125,2459.501220703125,2522.0,2282.0
276.25,2461.222900390625,2461.155517578125,2474.891357421875,2474.47314453125,2457.5703125,2459.13623046875,2474.76416015625,2457.410888671875,2459.50048828125,2522.0,2282.0
276.5,2461.222900390625,2461.154296875,2474.89990234375,2474.47314453125,2457.5703125,2459.13623046875,2474.76416015625,2457.410888671875,2459.50048828125,2522.0,2282.0
276.75,2461.222900390625,2462.490234375,2474.89892578125,2474.47265625,2457.5703125,2459.135986328125,2474.763671875,2457.410888671875,2459.500244140625,2522.0,2282.0
277.0,2462.552978515625,2461.160400390625,2474.904052734375,2474.47265625,2457.5703125,2459.135986328125,2474.763671875,2457.410888671875,2459.50048828125,2522.0,2282.0
277.25,2462.552978515625,2461.169189453125,2474.899658203125,2474.47314453125,2457.5703125,2459.13623046875,2474.76416015625,2457.41064453125,2459.50048828125,2522.0,2282.0
277.5,2461.222900390625,2461.15966796875,2476.22900390625,2475.810302734375,2457.5703125,2459.13623046875,2476.1015625,2457.410888671875,2459.50048828125,2522.0,2282.0
277.75,2461.239501953125,2461.113037109375,2471.997314453125,2471.899169921875,2458.145263671875,2460.368896484375,2472.13232421875,2457.996826171875,2460.85498046875,2522.0,2282.0
278.0,2461.239501953125,2461.12109375,2471.984619140625,2471.899658203125,2458.144775390625,2460.370849609375,2472.1328125,2457.996337890625,2460.857177734375,2522.0,2282.0
278.25,2461.239501953125,2461.128173828125,2471.991943359375,2471.899658203125,2458.145263671875,2460.371337890625,2472.1328125,2457.996826171875,2460.857666015625,2522.0,2282.0
278.5,2461.239501953125,2461.112060546875,2471.9775390625,2471.89990234375,2458.145263671875,2460.371337890625,2472.1328125,2457.996826171875,2460.857666015625,2522.0,2282.0
278.75,2461.2412109375,2461.111328125,2471.9970703125,2471.899658203125,2458.145263671875,2460.371337890625,2472.1328125,2457.996826171875,2460.857666015625,2522.0,2282.0
279.0,2461.239501953125,2462.44970703125,2471.985595703125,2471.8994140625,2458.145263671875,2460.371337890625,2472.132568359375,2457.996826171875,2460.857666015625,2522.0,2282.0
279.25,2461.239501953125,2462.4580078125,2471.973876953125,2471.8994140625,2458.145263671875,2460.371337890625,2472.132568359375,2457.996826171875,2460.857666015625,2522.0,2282.0
279.5,2462.569580078125,2461.13623046875,2471.980224609375,2471.899169921875,2458.145263671875,2461.700927734375,2472.13232421875,2457.996826171875,2462.1875,2522.0,2282.0
279.75,2461.34375,2461.225341796875,2474.951904296875,2474.876708984375,2457.507568359375,2458.8203125,2476.643310546875,2457.380615234375,2460.362060546875,2522.0,2282.0
280.0,2461.345458984375,2461.215576171875,2474.95556640625,2474.872314453125,2457.5078125,2458.8193359375,2475.301025390625,2457.380859375,2459.0322265625,2522.0,2282.0
280.25,2461.34375,2461.213134765625,2474.963623046875,2474.873046875,2457.508056640625,2458.818603515625,2475.3017578125,2457.381103515625,2459.03125,2522.0,2282.0
280.5,2461.343994140625,2461.235107421875,2474.966796875,2474.876708984375,2457.507568359375,2458.8203125,2475.3056640625,2457.380615234375,2459.033203125,2522.0,2282.0
280.75,2461.34326171875,2461.213623046875,2474.96435546875,2474.876708984375,2457.507568359375,2458.8203125,2475.3056640625,2457.380615234375,2459.033203125,2522.0,2282.0
281.0,2461.347412109375,2461.22021484375,2474.96630859375,2474.876708984375,2457.5078125,2458.8203125,2475.3056640625,2457.380615234375,2459.033203125,2522.0,2282.0
281.25,2461.34521484375,2461.21240234375,2474.9580078125,2474.876220703125,2457.507568359375,2458.8203125,2475.30517578125,2457.380615234375,2459.033203125,2522.0,2282.0
281.5,2461.34375,2461.238525390625,2474.972900390625,2474.876220703125,2457.5078125,2458.820068359375,2475.30517578125,2457.380615234375,2459.032958984375,2522.0,2282.0
281.75,2458.75341796875,2459.8720703125,2401.217529296875,2403.23828125,2452.89794921875,2436.349609375,2401.243896484375,2453.276611328125,2435.613037109375,2522.0,2282.0
282.0,2458.752685546875,2459.890869140625,2401.216796875,2403.240234375,2452.90380859375,2436.346435546875,2401.24560546875,2453.283447265625,2435.609375,2522.0,2282.0
282.25,2458.752685546875,2459.882080078125,2401.209228515625,2403.240478515625,2452.90380859375,2436.34765625,2401.245849609375,2453.283447265625,2435.610595703125,2522.0,2282.0
282.5,2458.752685546875,2459.869873046875,2401.199951171875,2403.239013671875,2452.904052734375,2436.346435546875,2401.244140625,2453.283447265625,2435.609375,2522.0,2282.0
282.75,2458.75341796875,2459.881591796875,2401.216064453125,2403.2421875,2452.905029296875,2436.3466796875,2401.24755859375,2453.28466796875,2436.925537109375,2522.0,2282.0
283.0,2458.752685546875,2459.875244140625,2401.211181640625,2403.237548828125,2452.904052734375,2437.6630859375,2401.24267578125,2453.283447265625,2436.925537109375,2522.0,2282.0
283.25,2458.752685546875,2459.877197265625,2401.204833984375,2403.23681640625,2452.904296875,2436.351806640625,2401.241943359375,2453.28369140625,2435.615234375,2522.0,2282.0
283.5,2458.752685546875,2461.201171875,2401.22509765625,2403.237548828125,2452.90380859375,2436.3466796875,2401.24267578125,2453.283447265625,2435.609619140625,2522.0,2282.0
283.75,2458.85546875,2459.864501953125,2401.42626953125,2403.5693359375,2452.5615234375,2436.10205078125,2401.66552734375,2452.960693359375,2435.197998046875,2522.0,2282.0
284.0,2458.85546875,2459.863037109375,2401.445068359375,2403.589599609375,2453.884521484375,2436.10302734375,2401.68701171875,2452.95849609375,2435.19873046875,2522.0,2282.0
284.25,2458.85546875,2459.869384765625,2401.4228515625,2403.56982421875,2452.5615234375,2436.102294921875,2401.666015625,2452.960693359375,2435.197998046875,2522.0,2282.0
284.5,2458.85546875,2459.85107421875,2401.425048828125,2403.573486328125,2452.562255859375,2436.10302734375,2401.66943359375,2452.961669921875,2435.198974609375,2522.0,2282.0
284.75,2458.85546875,2459.861572265625,2401.421875,2403.5703125,2452.561279296875,2436.1025390625,2401.66650390625,2452.960693359375,2435.198486328125,2522.0,2282.0
285.0,2458.85595703125,2459.8759765625,2401.4130859375,2403.569091796875,2452.5625,2436.102294921875,2401.665283203125,2452.9619140625,2435.197998046875,2522.0,2282.0
285.25,2458.85546875,2459.85400390625,2401.43798828125,2403.57421875,2452.56298828125,2437.418701171875,2401.67041015625,2452.962158203125,2435.197998046875,2522.0,2282.0
285.5,2458.85546875,2459.865966796875,2401.42431640625,2403.56787109375,2452.5615234375,2436.105712890625,2401.6640625,2452.960693359375,2435.2021484375,2522.0,2282.0
285.75,2458.56201171875,2459.727294921875,2402.709716796875,2404.51318359375,2452.816650390625,2437.1494140625,2401.213623046875,2453.2265625,2436.406494140625,2522.0,2282.0
286.0,2458.56201171875,2459.74462890625,2401.415283203125,2403.21826171875,2452.81640625,2437.1474609375,2401.21728515625,2453.226318359375,2436.404541015625,2522.0,2282.0
286.25,2458.5625,2459.743896484375,2401.4345703125,2403.23486328125,2452.816162109375,2437.1484375,2401.235107421875,2453.225830078125,2436.405517578125,2522.0,2282.0
286.5,2458.56201171875,2459.744873046875,2401.413330078125,2403.217529296875,2452.81640625,2437.147216796875,2401.216552734375,2453.226318359375,2436.404541015625,2522.0,2282.0
286.75,2458.56201171875,2459.728271484375,2401.4169921875,2403.217529296875,2452.8173828125,2437.147216796875,2401.216552734375,2453.227294921875,2436.404541015625,2522.0,2282.0
287.0,2458.56201171875,2459.7431640625,2401.399658203125,2403.2158203125,2452.816650390625,2437.147705078125,2401.21484375,2453.226318359375,2436.405029296875,2522.0,2282.0
287.25,2458.562744140625,2459.745361328125,2401.416748046875,2403.2197265625,2452.81787109375,2437.147216796875,2401.218994140625,2453.227783203125,2437.72119140625,2522.0,2282.0
287.5,2458.56201171875,2459.739990234375,2401.41064453125,2403.214111328125,2452.81689453125,2437.147216796875,2401.213134765625,2453.2265625,2436.404541015625,2522.0,2282.0
287.75,2458.494140625,2459.778564453125,2403.636962890625,2405.674072265625,2452.024169921875,2437.643310546875,2402.55078125,2452.31201171875,2436.89111328125,2522.0,2282.0
288.0,2458.494140625,2459.782958984375,2402.33349609375,2404.3759765625,2452.024169921875,2437.638671875,2402.552001953125,2452.312255859375,2436.8857421875,2522.0,2282.0
288.25,2458.49462890625,2459.7734375,2402.331787109375,2404.376953125,2452.022216796875,2437.639404296875,2402.552978515625,2452.31005859375,2436.886474609375,2522.0,2282.0
288.5,2459.82275390625,2459.779296875,2402.3271484375,2404.376708984375,2453.349365234375,2437.638671875,2402.552734375,2453.637451171875,2436.8857421875,2522.0,2282.0
288.75,2458.494140625,2459.78076171875,2402.337646484375,2404.37890625,2452.024169921875,2437.638671875,2402.554931640625,2452.31201171875,2436.8857421875,2522.0,2282.0
289.0,2458.494140625,2459.767578125,2402.342041015625,2404.37744140625,2452.025390625,2437.638916015625,2402.553466796875,2452.3134765625,2436.885986328125,2522.0,2282.0
289.25,2458.494140625,2459.77734375,2402.334716796875,2404.3759765625,2452.0244140625,2437.638671875,2402.552001953125,2452.312255859375,2436.8857421875,2522.0,2282.0
289.5,2458.494140625,2459.780517578125,2402.343017578125,2404.38134765625,2452.025634765625,2438.9560546875,2402.557373046875,2452.313720703125,2436.8857421875,2522.0,2282.0
289.75,2454.5693359375,2458.04443359375,2305.789794921875,2310.51318359375,2444.466796875,2412.4873046875,2305.623779296875,2445.180419921875,2410.697509765625,2522.0,2282.0
290.0,2454.5693359375,2459.3740234375,2304.6083984375,2309.31494140625,2444.44970703125,2412.4873046875,2304.429931640625,2445.1611328125,2410.69873046875,2522.0,2282.0
290.25,2454.5693359375,2458.050537109375,2304.59228515625,2309.31494140625,2444.44970703125,2412.484375,2304.429931640625,2445.1611328125,2410.69580078125,2522.0,2282.0
290.5,2454.5693359375,2458.043212890625,2304.548828125,2309.26416015625,2444.455078125,2413.786865234375,2304.376220703125,2445.166748046875,2410.69482421875,2522.0,2282.0
290.75,2455.895751953125,2458.056640625,2304.55517578125,2309.271240234375,2444.455078125,2412.494140625,2304.3828125,2445.166748046875,2410.707275390625,2522.0,2282.0
291.0,2454.5693359375,2458.036376953125,2304.564208984375,2309.2734375,2444.454833984375,2412.494140625,2304.38525390625,2445.166259765625,2410.707275390625,2522.0,2282.0
291.25,2454.5693359375,2458.058837890625,2304.55859375,2309.267578125,2444.454833984375,2412.4833984375,2304.37939453125,2445.166748046875,2410.695068359375,2522.0,2282.0
291.5,2454.5693359375,2458.043212890625,2304.5703125,2309.27783203125,2445.779052734375,2412.4833984375,2304.389892578125,2445.169921875,2410.695068359375,2522.0,2282.0
291.75,2454.4697265625,2458.17236328125,2304.6142578125,2309.09619140625,2445.574951171875,2412.824951171875,2304.19091796875,2446.26806640625,2411.130859375,2522.0,2282.0
292.0,2454.468017578125,2458.164794921875,2304.603271484375,2309.083740234375,2444.25390625,2412.826416015625,2305.42333984375,2444.947265625,2411.132080078125,2522.0,2282.0
292.25,2454.468017578125,2459.48876953125,2304.609375,2309.083740234375,2444.252685546875,2412.828857421875,2304.17822265625,2444.9453125,2411.134521484375,2522.0,2282.0
292.5,2454.46826171875,2458.16162109375,2304.598876953125,2309.083740234375,2444.250732421875,2412.824951171875,2304.17822265625,2444.943603515625,2411.130859375,2522.0,2282.0
292.75,2454.468017578125,2458.159423828125,2304.598876953125,2309.083740234375,2444.250732421875,2412.82470703125,2304.17822265625,2444.943603515625,2412.43359375,2522.0,2282.0
293.0,2455.79443359375,2458.170166015625,2304.626220703125,2309.09033203125,2444.250732421875,2412.83544921875,2304.1845703125,2444.943359375,2411.142822265625,2522.0,2282.0
293.25,2454.468017578125,2458.150390625,2304.621337890625,2309.0927734375,2444.25048828125,2412.830810546875,2304.187255859375,2444.943115234375,2411.13671875,2522.0,2282.0
293.5,2454.46826171875,2458.160888671875,2304.618408203125,2309.086669921875,2444.250732421875,2412.826171875,2304.181396484375,2444.943603515625,2411.132080078125,2522.0,2282.0
293.75,2454.674072265625,2458.139404296875,2306.427490234375,2311.12548828125,2444.684326171875,2412.10791015625,2306.39208984375,2443.921630859375,2410.349365234375,2522.0,2282.0
294.0,2454.674072265625,2458.1435546875,2307.664794921875,2311.126220703125,2443.3681640625,2412.108154296875,2307.63916015625,2443.926025390625,2410.349609375,2522.0,2282.0
294.25,2454.674072265625,2458.156494140625,2306.44189453125,2311.12548828125,2443.367919921875,2412.107421875,2306.39208984375,2443.92626953125,2410.348876953125,2522.0,2282.0
294.5,2454.674072265625,2459.4794921875,2306.4287109375,2311.12890625,2443.364013671875,2412.111083984375,2306.3955078125,2443.921875,2410.352294921875,2522.0,2282.0
294.75,2454.674072265625,2458.14599609375,2306.423583984375,2311.125732421875,2443.3642578125,2412.10791015625,2306.392333984375,2443.922119140625,2411.65185546875,2522.0,2282.0
295.0,2454.674072265625,2458.1435546875,2306.4384765625,2311.13330078125,2443.36376953125,2413.41455078125,2306.399658203125,2443.921630859375,2410.3525390625,2522.0,2282.0
295.25,2456.00048828125,2458.152099609375,2306.4228515625,2311.128173828125,2443.364013671875,2412.108154296875,2306.39453125,2443.921875,2410.349609375,2522.0,2282.0
295.5,2454.674072265625,2458.14453125,2306.4248046875,2311.127685546875,2443.364013671875,2412.1083984375,2306.394287109375,2443.921875,2410.349853515625,2522.0,2282.0
295.75,2454.727294921875,2458.2490234375,2306.907470703125,2311.724609375,2444.61376953125,2411.986328125,2307.048095703125,2443.870361328125,2410.095947265625,2522.0,2282.0
296.0,2454.72900390625,2458.255126953125,2306.892578125,2311.724853515625,2443.296630859375,2411.986083984375,2307.048095703125,2445.1943359375,2410.095703125,2522.0,2282.0
296.25,2454.727294921875,2458.25390625,2308.150390625,2312.98779296875,2443.29736328125,2411.986328125,2308.30859375,2443.874267578125,2410.095947265625,2522.0,2282.0
296.5,2454.727294921875,2459.57080078125,2306.947021484375,2311.77490234375,2443.29541015625,2411.990234375,2307.10107421875,2443.8720703125,2410.099609375,2522.0,2282.0
296.75,2454.727294921875,2458.2587890625,2306.894287109375,2311.72802734375,2443.288330078125,2411.986083984375,2307.051513671875,2443.864990234375,2410.095458984375,2522.0,2282.0
297.0,2454.7275390625,2458.24951171875,2306.90087890625,2311.7255859375,2443.29345703125,2411.986083984375,2307.048828125,2443.870361328125,2410.095703125,2522.0,2282.0
297.25,2454.7275390625,2458.244873046875,2306.90234375,2311.73291015625,2443.293212890625,2411.986083984375,2307.05615234375,2443.8701171875,2411.39794921875,2522.0,2282.0
297.5,2454.727294921875,2458.25244140625,2306.909912109375,2311.73583984375,2443.29345703125,2411.995361328125,2307.058837890625,2443.870361328125,2410.106689453125,2522.0,2282.0
297.75,2455.37060546875,2458.71826171875,2325.783203125,2330.23974609375,2446.197998046875,2417.95947265625,2326.07666015625,2446.82177734375,2416.287841796875,2522.0,2282.0
298.0,2455.370849609375,2458.72509765625,2325.78271484375,2330.240478515625,2446.197509765625,2417.958251953125,2326.077392578125,2448.1435546875,2416.28662109375,2522.0,2282.0
298.25,2455.3720703125,2458.732421875,2327.05029296875,2330.240478515625,2446.197509765625,2417.958251953125,2327.33447265625,2446.8212890625,2416.28662109375,2522.0,2282.0
298.5,2455.370849609375,2458.723388671875,2325.823974609375,2330.291259765625,2446.201904296875,2417.96142578125,2326.130859375,2446.825927734375,2416.28955078125,2522.0,2282.0
298.75,2455.370849609375,2458.724853515625,2325.812744140625,2330.283447265625,2446.194580078125,2417.961669921875,2326.123046875,2446.818115234375,2416.289794921875,2522.0,2282.0
299.0,2455.370849609375,2460.058349609375,2325.794189453125,2330.244384765625,2446.197265625,2417.95947265625,2326.08154296875,2446.821044921875,2416.287841796875,2522.0,2282.0
299.25,2455.372314453125,2458.71826171875,2325.786865234375,2330.240478515625,2446.197509765625,2417.958251953125,2326.07763671875,2446.8212890625,2416.28662109375,2522.0,2282.0
299.5,2455.372314453125,2458.730224609375,2325.7685546875,2330.239501953125,2446.19775390625,2417.962158203125,2326.07666015625,2446.8212890625,2416.29052734375,2522.0,2282.0
299.75,2455.541748046875,2458.6689453125,2325.226806640625,2329.9228515625,2446.276123046875,2418.00048828125,2325.7646484375,2446.9423828125,2416.26123046875,2522.0,2282.0
300.0,2455.541748046875,2458.665771484375,2325.22314453125,2329.9228515625,2446.276123046875,2418.000244140625,2325.7646484375,2446.942626953125,2416.2607421875,2522.0,2282.0
300.25,2455.541748046875,2458.677734375,2325.24072265625,2329.9228515625,2446.276123046875,2418.000244140625,2325.7646484375,2448.264892578125,2416.2607421875,2522.0,2282.0
300.5,2455.541748046875,2458.678466796875,2326.470703125,2329.92333984375,2446.28271484375,2418.001953125,2327.02197265625,2446.949462890625,2416.262451171875,2522.0,2282.0
300.75,2455.541748046875,2458.6591796875,2325.238037109375,2329.9228515625,2446.2763671875,2418.000244140625,2325.7646484375,2446.94287109375,2416.2607421875,2522.0,2282.0
301.0,2455.541748046875,2458.663330078125,2325.284423828125,2329.980224609375,2446.275634765625,2418.003662109375,2325.824462890625,2446.94189453125,2416.263916015625,2522.0,2282.0
301.25,2455.541748046875,2458.6611328125,2325.242919921875,2329.928466796875,2446.27587890625,2418.001220703125,2325.7705078125,2446.942138671875,2417.5673828125,2522.0,2282.0
301.5,2455.541748046875,2458.670654296875,2325.222900390625,2329.92138671875,2446.276123046875,2418.000244140625,2325.76318359375,2446.942626953125,2416.2607421875,2522.0,2282.0
301.75,2455.627685546875,2458.591552734375,2326.64697265625,2330.9755859375,2446.078369140625,2417.180419921875,2326.80810546875,2446.732177734375,2415.5029296875,2522.0,2282.0
302.0,2455.626220703125,2458.5908203125,2326.649658203125,2330.97705078125,2446.077880859375,2417.174072265625,2326.8095703125,2446.73193359375,2415.4951171875,2522.0,2282.0
302.25,2455.626220703125,2458.590576171875,2326.65869140625,2330.97802734375,2446.077880859375,2417.173828125,2326.810546875,2446.73193359375,2415.494873046875,2522.0,2282.0
302.5,2455.626220703125,2458.60400390625,2327.922607421875,2332.23779296875,2446.077880859375,2417.173828125,2326.810546875,2448.053955078125,2415.494873046875,2522.0,2282.0
302.75,2455.627685546875,2458.596435546875,2327.912109375,2332.23779296875,2446.07763671875,2417.173828125,2328.068115234375,2446.73193359375,2415.494873046875,2522.0,2282.0
303.0,2455.626220703125,2458.593505859375,2326.664306640625,2330.978271484375,2446.07958984375,2417.177490234375,2326.810791015625,2446.7333984375,2415.498291015625,2522.0,2282.0
303.25,2455.626220703125,2459.917724609375,2326.712158203125,2331.02099609375,2446.07666015625,2417.174072265625,2326.856201171875,2446.73046875,2415.494873046875,2522.0,2282.0
303.5,2455.626220703125,2459.918701171875,2326.663330078125,2330.982177734375,2446.07763671875,2417.175048828125,2326.814697265625,2446.731689453125,2415.49609375,2522.0,2282.0
303.75,2455.659423828125,2458.521240234375,2326.332763671875,2330.780517578125,2446.071533203125,2416.97265625,2326.618408203125,2446.73193359375,2416.5673828125,2522.0,2282.0
304.0,2455.66064453125,2458.51806640625,2326.345458984375,2330.778076171875,2446.07177734375,2416.9794921875,2326.61572265625,2446.732177734375,2415.270751953125,2522.0,2282.0
304.25,2455.659423828125,2458.52001953125,2326.338623046875,2330.779296875,2446.071533203125,2416.976806640625,2326.6171875,2446.73193359375,2415.266357421875,2522.0,2282.0
304.5,2455.659423828125,2458.514892578125,2326.3369140625,2330.7802734375,2446.071533203125,2416.97265625,2326.6181640625,2446.732177734375,2415.26220703125,2522.0,2282.0
304.75,2455.659423828125,2458.514892578125,2326.336669921875,2330.780517578125,2446.071533203125,2416.972412109375,2326.6181640625,2448.05419921875,2415.26220703125,2522.0,2282.0
305.0,2455.66064453125,2458.527099609375,2326.350830078125,2330.78076171875,2446.071533203125,2416.97412109375,2326.61865234375,2446.73193359375,2415.263671875,2522.0,2282.0
305.25,2455.659423828125,2458.515380859375,2326.32763671875,2330.78076171875,2446.0732421875,2416.973876953125,2326.618408203125,2446.733642578125,2415.263427734375,2522.0,2282.0
305.5,2455.659423828125,2459.84326171875,2326.401123046875,2330.831787109375,2446.0693359375,2416.972900390625,2326.672119140625,2446.729736328125,2415.261962890625,2522.0,2282.0
305.75,2455.727294921875,2458.478515625,2328.468994140625,2333.045166015625,2445.5146484375,2416.737548828125,2329.05224609375,2446.151123046875,2416.156494140625,2522.0,2282.0
306.0,2455.7275390625,2458.4775390625,2328.469482421875,2333.028076171875,2445.51123046875,2418.04345703125,2329.03466796875,2446.14794921875,2414.851318359375,2522.0,2282.0
306.25,2455.728759765625,2458.472900390625,2328.461181640625,2333.028076171875,2445.511474609375,2416.7373046875,2329.03466796875,2446.14794921875,2414.851318359375,2522.0,2282.0
306.5,2455.727294921875,2458.4677734375,2328.45947265625,2333.02783203125,2445.51123046875,2416.737548828125,2329.03466796875,2446.14794921875,2414.8515625,2522.0,2282.0
306.75,2455.7275390625,2458.470947265625,2328.475830078125,2333.029052734375,2445.511474609375,2416.7373046875,2329.03564453125,2446.14794921875,2414.851318359375,2522.0,2282.0
307.0,2455.728759765625,2458.492431640625,2328.466552734375,2333.029052734375,2445.51123046875,2416.7373046875,2329.03564453125,2446.14794921875,2414.851318359375,2522.0,2282.0
307.25,2455.728759765625,2458.466552734375,2329.7216796875,2334.289794921875,2445.51123046875,2416.7373046875,2329.035888671875,2446.147705078125,2414.851318359375,2522.0,2282.0
307.5,2455.727294921875,2458.4755859375,2328.47412109375,2333.03564453125,2445.514404296875,2416.742919921875,2329.04248046875,2446.151123046875,2414.85693359375,2522.0,2282.0
307.75,2455.712646484375,2459.947998046875,2326.748046875,2331.435791015625,2446.168212890625,2416.783935546875,2327.326904296875,2446.841552734375,2414.97265625,2522.0,2282.0
308.0,2455.712646484375,2459.954345703125,2326.7275390625,2331.40087890625,2446.173583984375,2416.78466796875,2327.28955078125,2446.84716796875,2414.9736328125,2522.0,2282.0
308.25,2455.712646484375,2458.6259765625,2326.705322265625,2331.38427734375,2446.17041015625,2416.783447265625,2327.272705078125,2446.843994140625,2416.27783203125,2522.0,2282.0
308.5,2455.714111328125,2458.626220703125,2326.68701171875,2331.381103515625,2446.1708984375,2416.79443359375,2327.26953125,2446.844482421875,2414.985107421875,2522.0,2282.0
308.75,2455.712646484375,2458.62548828125,2326.687744140625,2331.384033203125,2446.17041015625,2416.78369140625,2327.2724609375,2446.843994140625,2414.972900390625,2522.0,2282.0
309.0,2455.677734375,2458.586669921875,2327.025390625,2331.5810546875,2446.233154296875,2416.442626953125,2328.6953125,2446.913330078125,2414.636962890625,2522.0,2282.0
309.25,2455.677734375,2458.597900390625,2327.03466796875,2331.595703125,2446.236328125,2416.441162109375,2327.4521484375,2446.91650390625,2415.940185546875,2522.0,2282.0
309.5,2455.677734375,2458.5869140625,2327.00439453125,2331.580322265625,2446.233154296875,2417.746826171875,2327.4365234375,2446.913330078125,2414.63525390625,2522.0,2282.0
309.75,2455.67919921875,2458.58349609375,2327.016845703125,2331.580322265625,2446.2333984375,2416.44091796875,2327.436279296875,2446.91357421875,2414.63525390625,2522.0,2282.0
310.0,2455.677734375,2458.594482421875,2327.009765625,2331.580078125,2446.233154296875,2416.441162109375,2327.4365234375,2446.913330078125,2414.635498046875,2522.0,2282.0
310.25,2455.677734375,2458.58154296875,2327.015625,2331.5810546875,2446.233154296875,2416.44091796875,2327.4375,2446.913330078125,2414.63525390625,2522.0,2282.0
310.5,2455.67919921875,2458.590576171875,2328.2724609375,2332.841064453125,2446.233154296875,2416.44091796875,2327.4375,2446.913330078125,2414.63525390625,2522.0,2282.0
310.75,2455.627685546875,2458.58544921875,2329.81982421875,2332.749755859375,2445.869384765625,2416.656005859375,2329.947021484375,2446.548095703125,2414.888427734375,2522.0,2282.0
311.0,2455.626220703125,2458.6025390625,2328.552490234375,2332.756591796875,2445.870849609375,2416.661865234375,2328.6953125,2446.54931640625,2414.89404296875,2522.0,2282.0
311.25,2455.626220703125,2459.922119140625,2328.606689453125,2332.79443359375,2445.867919921875,2416.656982421875,2328.73583984375,2446.546630859375,2414.88916015625,2522.0,2282.0
311.5,2455.626220703125,2458.5966796875,2328.577880859375,2332.7646484375,2445.87255859375,2416.65576171875,2328.703369140625,2446.55126953125,2414.88818359375,2522.0,2282.0
311.75,2455.626220703125,2458.60498046875,2328.558837890625,2332.74951171875,2445.869140625,2417.961669921875,2328.6884765625,2446.548095703125,2414.887939453125,2522.0,2282.0
312.0,2455.626220703125,2458.60888671875,2328.537109375,2332.748779296875,2445.86962890625,2417.96142578125,2328.6875,2446.54833984375,2414.887939453125,2522.0,2282.0
312.25,2455.626220703125,2458.590576171875,2328.546875,2332.746826171875,2445.869140625,2416.65625,2328.685546875,2446.5478515625,2414.888916015625,2522.0,2282.0
312.5,2455.626220703125,2458.590576171875,2328.56396484375,2332.749755859375,2447.19091796875,2416.655517578125,2328.6884765625,2447.8701171875,2414.887939453125,2522.0,2282.0
312.75,2455.59326171875,2458.67431640625,2328.2392578125,2332.443603515625,2445.768310546875,2416.62548828125,2328.349853515625,2447.738525390625,2414.9013671875,2522.0,2282.0
313.0,2455.594482421875,2458.678955078125,2328.2490234375,2332.44384765625,2445.7685546875,2416.625,2328.349853515625,2446.416748046875,2414.901123046875,2522.0,2282.0
313.25,2455.59326171875,2458.674072265625,2328.253662109375,2332.450439453125,2445.77001953125,2416.631591796875,2328.356689453125,2446.417724609375,2414.907470703125,2522.0,2282.0
313.5,2455.59326171875,2458.6796875,2328.2490234375,2332.4560546875,2445.770751953125,2416.630615234375,2328.3623046875,2446.4189453125,2414.906494140625,2522.0,2282.0
313.75,2455.593017578125,2460.0146484375,2328.26220703125,2332.45849609375,2445.771728515625,2416.62646484375,2328.364501953125,2446.419921875,2414.902587890625,2522.0,2282.0
314.0,2455.59326171875,2458.66943359375,2328.2646484375,2332.443603515625,2445.7685546875,2417.931396484375,2328.349853515625,2446.416748046875,2414.9013671875,2522.0,2282.0
314.25,2455.5947265625,2458.66845703125,2328.238037109375,2332.441162109375,2445.768798828125,2416.63232421875,2328.347412109375,2446.416748046875,2414.909912109375,2522.0,2282.0
314.5,2455.59326171875,2458.66943359375,2328.23681640625,2332.44091796875,2445.768310546875,2416.626220703125,2328.346923828125,2446.416259765625,2414.902099609375,2522.0,2282.0
314.75,2455.57470703125,2458.59375,2328.013671875,2332.09814453125,2445.650390625,2417.027099609375,2327.971435546875,2446.267578125,2415.34716796875,2522.0,2282.0
315.0,2455.57470703125,2458.609619140625,2328.0087890625,2332.09814453125,2445.650390625,2417.026611328125,2327.971435546875,2447.589599609375,2415.346923828125,2522.0,2282.0
315.25,2455.576171875,2458.59228515625,2328.023681640625,2332.098388671875,2445.650390625,2417.0263671875,2327.9716796875,2446.267822265625,2415.346435546875,2522.0,2282.0
315.5,2455.574951171875,2458.597412109375,2328.0419921875,2332.113525390625,2445.654052734375,2417.028564453125,2327.987060546875,2446.271728515625,2415.3486328125,2522.0,2282.0
315.75,2455.57470703125,2458.59033203125,2328.019287109375,2332.110595703125,2445.652587890625,2417.031982421875,2327.984130859375,2446.27001953125,2415.351806640625,2522.0,2282.0
316.0,2455.57470703125,2458.59814453125,2328.031982421875,2332.11279296875,2445.653564453125,2417.02685546875,2327.986328125,2446.27099609375,2416.652099609375,2522.0,2282.0
316.25,2455.57470703125,2458.5869140625,2328.024169921875,2332.09814453125,2445.650146484375,2418.3330078125,2327.971435546875,2446.267578125,2415.346923828125,2522.0,2282.0
316.5,2455.576171875,2458.611328125,2328.016845703125,2332.09716796875,2445.650634765625,2417.03369140625,2327.970458984375,2446.267822265625,2415.355224609375,2522.0,2282.0
316.75,2455.5380859375,2458.45166015625,2329.260986328125,2333.073486328125,2445.522705078125,2417.676513671875,2329.00244140625,2446.1142578125,2416.049072265625,2522.0,2282.0
317.0,2455.5380859375,2458.445068359375,2329.239013671875,2333.076171875,2445.522705078125,2417.665771484375,2329.005126953125,2446.1142578125,2416.036865234375,2522.0,2282.0
317.25,2455.5380859375,2458.453125,2330.48388671875,2333.076171875,2445.522705078125,2417.665771484375,2330.263671875,2447.436279296875,2416.036865234375,2522.0,2282.0
317.5,2455.53955078125,2458.462158203125,2329.24853515625,2333.075927734375,2445.522705078125,2417.667236328125,2329.005126953125,2446.1142578125,2416.038330078125,2522.0,2282.0
317.75,2455.5380859375,2458.447265625,2329.28125,2333.125244140625,2445.521728515625,2417.66796875,2329.056884765625,2446.113037109375,2416.038818359375,2522.0,2282.0
318.0,2455.5380859375,2459.770263671875,2329.241455078125,2333.091552734375,2445.52587890625,2417.6669921875,2329.0205078125,2446.11767578125,2416.0380859375,2522.0,2282.0
318.25,2455.5380859375,2459.773681640625,2329.2509765625,2333.0908203125,2445.526123046875,2417.666748046875,2329.019775390625,2446.11767578125,2416.037841796875,2522.0,2282.0
318.5,2455.5380859375,2458.447509765625,2329.247802734375,2333.076171875,2445.522705078125,2418.97216796875,2329.005126953125,2446.1142578125,2416.036865234375,2522.0,2282.0
318.75,2455.486328125,2458.341552734375,2329.20556640625,2333.171142578125,2445.468017578125,2418.06005859375,2329.203125,2446.04736328125,2416.383544921875,2522.0,2282.0
319.0,2455.48486328125,2458.3359375,2329.2060546875,2333.169677734375,2445.4677734375,2418.06005859375,2329.201904296875,2446.046875,2416.3837890625,2522.0,2282.0
319.25,2455.48486328125,2458.34619140625,2329.2119140625,2333.171875,2446.7890625,2418.053466796875,2329.204345703125,2446.046875,2416.37548828125,2522.0,2282.0
319.5,2455.48486328125,2458.350341796875,2329.2060546875,2334.432861328125,2445.467529296875,2418.05322265625,2329.204345703125,2446.046875,2416.37548828125,2522.0,2282.0
319.75,2455.48583984375,2458.356689453125,2329.226318359375,2333.172119140625,2445.470458984375,2418.054443359375,2329.20458984375,2446.05029296875,2416.376708984375,2522.0,2282.0
320.0,2455.48486328125,2458.351806640625,2329.216064453125,2333.181884765625,2445.466552734375,2418.058349609375,2329.21435546875,2446.045654296875,2416.38037109375,2522.0,2282.0
320.25,2455.48486328125,2458.347900390625,2329.2216796875,2333.184326171875,2445.469970703125,2418.055908203125,2329.216796875,2446.04931640625,2416.377685546875,2522.0,2282.0
320.5,2455.48486328125,2458.352294921875,2329.216064453125,2333.17529296875,2445.467529296875,2418.05322265625,2329.20751953125,2446.046875,2416.37548828125,2522.0,2282.0
320.75,2455.6572265625,2458.292236328125,2329.184326171875,2333.0126953125,2446.141357421875,2418.131591796875,2328.91357421875,2446.81982421875,2416.400146484375,2522.0,2282.0
321.0,2456.982666015625,2458.298095703125,2329.171630859375,2333.01123046875,2446.141845703125,2416.825439453125,2328.912109375,2446.8203125,2415.094970703125,2522.0,2282.0
321.25,2456.98291015625,2458.301513671875,2329.177978515625,2333.010498046875,2446.141845703125,2416.83251953125,2328.9111328125,2446.8203125,2415.103515625,2522.0,2282.0
321.5,2455.65576171875,2458.291259765625,2329.17822265625,2333.0126953125,2447.463134765625,2416.825439453125,2328.91357421875,2446.820068359375,2415.094970703125,2522.0,2282.0
321.75,2455.65576171875,2458.300048828125,2329.177734375,2333.0126953125,2447.463134765625,2416.825439453125,2328.91357421875,2448.142333984375,2415.094970703125,2522.0,2282.0
322.0,2455.6572265625,2458.275390625,2329.17822265625,2333.012939453125,2446.14404296875,2416.824951171875,2328.91357421875,2446.8232421875,2415.094482421875,2522.0,2282.0
322.25,2455.65576171875,2458.288818359375,2329.174072265625,2333.019775390625,2446.142578125,2416.82666015625,2328.920654296875,2446.821044921875,2415.09619140625,2522.0,2282.0
322.5,2455.65576171875,2459.626953125,2329.188232421875,2333.025146484375,2446.143798828125,2416.826904296875,2328.92626953125,2446.822265625,2415.096435546875,2522.0,2282.0
322.75,2455.67724609375,2458.4697265625,2328.9384765625,2332.767822265625,2445.87548828125,2417.09130859375,2328.65185546875,2446.498046875,2416.798095703125,2522.0,2282.0
323.0,2455.67724609375,2458.482666015625,2328.921142578125,2332.767578125,2445.87548828125,2418.3974609375,2328.65185546875,2446.498046875,2415.492919921875,2522.0,2282.0
323.25,2457.0029296875,2458.490478515625,2328.9296875,2332.765380859375,2445.875732421875,2417.09814453125,2328.6494140625,2446.497802734375,2415.5009765625,2522.0,2282.0
323.5,2455.676025390625,2458.47802734375,2328.953369140625,2332.767578125,2445.87548828125,2417.091552734375,2328.651611328125,2446.497802734375,2415.4931640625,2522.0,2282.0
323.75,2455.676025390625,2458.478515625,2328.92724609375,2332.767578125,2445.875732421875,2417.09130859375,2328.65185546875,2447.820068359375,2415.492919921875,2522.0,2282.0
324.0,2455.67724609375,2458.47998046875,2330.192138671875,2332.767578125,2445.87548828125,2417.091064453125,2329.91015625,2446.497802734375,2415.49267578125,2522.0,2282.0
324.25,2455.676025390625,2458.476806640625,2328.9384765625,2332.767822265625,2445.876220703125,2417.091064453125,2328.652099609375,2446.498779296875,2415.492431640625,2522.0,2282.0
324.5,2455.676025390625,2458.472900390625,2328.94091796875,2332.784423828125,2445.87451171875,2417.091552734375,2328.668701171875,2446.49658203125,2415.492919921875,2522.0,2282.0
324.75,2458.91064453125,2461.421142578125,2413.857421875,2415.313720703125,2452.822265625,2439.858642578125,2413.751708984375,2453.088623046875,2439.27734375,2522.0,2282.0
325.0,2458.910400390625,2461.413818359375,2413.8564453125,2415.313720703125,2452.821044921875,2439.859619140625,2413.751708984375,2453.08740234375,2439.2783203125,2522.0,2282.0
325.25,2458.910888671875,2460.079345703125,2413.83984375,2415.30029296875,2452.82275390625,2439.859375,2413.7373046875,2453.089111328125,2439.278076171875,2522.0,2282.0
325.5,2458.910400390625,2460.088134765625,2413.839111328125,2415.297607421875,2452.82275390625,2439.859375,2413.734619140625,2453.089111328125,2439.278076171875,2522.0,2282.0
325.75,2458.910400390625,2460.0751953125,2413.8466796875,2415.2978515625,2452.82275390625,2439.859130859375,2413.73486328125,2453.089111328125,2439.278076171875,2522.0,2282.0
326.0,2458.910400390625,2460.06982421875,2413.84619140625,2415.297607421875,2452.82275390625,2439.859375,2413.734619140625,2453.08935546875,2439.278076171875,2522.0,2282.0
326.25,2458.910888671875,2460.0732421875,2413.849853515625,2415.297607421875,2452.82275390625,2441.177734375,2413.734619140625,2453.089111328125,2440.59619140625,2522.0,2282.0
326.5,2458.910400390625,2460.085693359375,2413.840576171875,2415.297119140625,2452.82275390625,2439.859375,2413.734130859375,2453.089111328125,2439.278076171875,2522.0,2282.0
326.75,2458.85888671875,2460.080322265625,2415.421142578125,2416.763916015625,2452.100830078125,2440.842041015625,2415.2080078125,2452.225830078125,2440.379638671875,2522.0,2282.0
327.0,2458.85888671875,2461.417236328125,2414.10888671875,2415.455078125,2452.098876953125,2440.84033203125,2413.900146484375,2452.223876953125,2440.377197265625,2522.0,2282.0
327.25,2458.85888671875,2460.10302734375,2414.138916015625,2415.470947265625,2452.097900390625,2440.840576171875,2413.916748046875,2452.222900390625,2440.37744140625,2522.0,2282.0
327.5,2458.85888671875,2460.086181640625,2414.1005859375,2415.455322265625,2452.10107421875,2440.83984375,2413.900146484375,2452.226318359375,2440.376953125,2522.0,2282.0
327.75,2458.85888671875,2460.08349609375,2414.10107421875,2415.455078125,2452.099609375,2440.83984375,2413.900146484375,2452.224853515625,2440.376953125,2522.0,2282.0
328.0,2458.85888671875,2460.09375,2414.1064453125,2415.455078125,2452.099609375,2440.83984375,2413.900146484375,2452.224853515625,2440.376708984375,2522.0,2282.0
328.25,2458.85888671875,2460.1064453125,2414.100830078125,2415.455078125,2452.099853515625,2440.83984375,2413.900146484375,2452.224853515625,2440.376953125,2522.0,2282.0
328.5,2458.859619140625,2460.10205078125,2414.11181640625,2415.455078125,2452.099609375,2440.83984375,2413.900146484375,2452.224853515625,2440.376953125,2522.0,2282.0
328.75,2459.13232421875,2460.0302734375,2414.52783203125,2415.84619140625,2452.444580078125,2440.462890625,2414.30126953125,2452.656494140625,2439.8623046875,2522.0,2282.0
329.0,2459.13232421875,2460.03125,2415.8251953125,2417.155517578125,2452.446044921875,2439.1494140625,2415.609619140625,2452.65771484375,2438.549560546875,2522.0,2282.0
329.25,2459.13232421875,2461.35888671875,2414.5146484375,2415.844970703125,2452.443603515625,2439.1455078125,2414.300048828125,2452.6552734375,2438.545166015625,2522.0,2282.0
329.5,2459.13232421875,2460.017822265625,2414.537109375,2415.862060546875,2452.44287109375,2439.1455078125,2414.31787109375,2452.654541015625,2438.545166015625,2522.0,2282.0
329.75,2459.1328125,2460.033935546875,2414.526611328125,2415.848876953125,2453.771240234375,2439.14599609375,2414.303955078125,2453.983154296875,2438.545654296875,2522.0,2282.0
330.0,2459.13232421875,2460.029541015625,2414.530517578125,2415.84619140625,2452.444580078125,2439.144775390625,2414.30126953125,2452.656494140625,2438.544677734375,2522.0,2282.0
330.25,2459.13232421875,2460.0341796875,2414.510986328125,2415.84619140625,2452.445556640625,2439.144775390625,2414.30126953125,2452.65771484375,2438.54443359375,2522.0,2282.0
330.5,2459.13232421875,2460.026123046875,2414.519287109375,2415.84619140625,2452.444580078125,2439.144775390625,2414.30126953125,2452.656494140625,2438.544677734375,2522.0,2282.0
330.75,2459.063232421875,2459.964111328125,2414.7001953125,2416.2763671875,2451.93505859375,2440.29541015625,2414.869384765625,2452.0615234375,2441.003662109375,2522.0,2282.0
331.0,2459.062744140625,2459.957763671875,2414.70703125,2416.2763671875,2451.93505859375,2441.6142578125,2414.869384765625,2452.0615234375,2441.003662109375,2522.0,2282.0
331.25,2459.062744140625,2459.95263671875,2415.998779296875,2417.5859375,2451.9365234375,2440.29541015625,2416.177978515625,2452.06298828125,2439.685302734375,2522.0,2282.0
331.5,2459.062744140625,2461.27392578125,2414.7099609375,2416.27587890625,2451.934326171875,2440.2958984375,2414.868896484375,2452.060546875,2439.685546875,2522.0,2282.0
331.75,2459.062744140625,2459.9560546875,2414.730224609375,2416.29150390625,2451.933349609375,2440.296142578125,2414.885498046875,2452.059814453125,2439.685791015625,2522.0,2282.0
332.0,2459.063232421875,2459.951171875,2414.703125,2416.279296875,2453.260009765625,2440.29736328125,2414.872314453125,2452.0615234375,2439.68701171875,2522.0,2282.0
332.25,2459.062744140625,2459.9638671875,2414.72119140625,2416.277099609375,2451.93505859375,2440.2958984375,2414.8701171875,2452.0615234375,2439.685546875,2522.0,2282.0
332.5,2459.062744140625,2459.950927734375,2414.69873046875,2416.2763671875,2451.93505859375,2440.295166015625,2414.869384765625,2452.0615234375,2439.684814453125,2522.0,2282.0
332.75,2458.8388671875,2459.89697265625,2412.48974609375,2413.83447265625,2452.54345703125,2441.319580078125,2412.20947265625,2452.711181640625,2440.862548828125,2522.0,2282.0
333.0,2458.839599609375,2459.90380859375,2412.47900390625,2413.83447265625,2452.54345703125,2441.319580078125,2412.20947265625,2452.7109375,2440.862548828125,2522.0,2282.0
333.25,2458.8388671875,2459.88671875,2412.478271484375,2413.83447265625,2452.54443359375,2441.319580078125,2412.209228515625,2452.712158203125,2440.862548828125,2522.0,2282.0
333.5,2458.8388671875,2459.911376953125,2412.486572265625,2413.834716796875,2452.544677734375,2441.31982421875,2413.512939453125,2452.712158203125,2440.862548828125,2522.0,2282.0
333.75,2458.8388671875,2461.238037109375,2412.488037109375,2413.83447265625,2452.543212890625,2441.31982421875,2412.20947265625,2452.7109375,2440.862548828125,2522.0,2282.0
334.0,2458.8388671875,2461.2275390625,2412.501953125,2413.850830078125,2452.542724609375,2441.320556640625,2412.2265625,2452.71044921875,2440.86328125,2522.0,2282.0
334.25,2458.83935546875,2459.91064453125,2412.48193359375,2413.837646484375,2453.86865234375,2441.320556640625,2412.212646484375,2452.7109375,2440.863525390625,2522.0,2282.0
334.5,2458.8388671875,2459.8935546875,2412.4892578125,2413.835205078125,2452.54345703125,2441.31982421875,2412.210205078125,2452.7109375,2440.86279296875,2522.0,2282.0
334.75,2458.670166015625,2460.076904296875,2411.40576171875,2412.640625,2452.53515625,2441.9677734375,2410.9775390625,2452.70263671875,2441.547607421875,2522.0,2282.0
335.0,2458.670166015625,2460.068603515625,2411.400390625,2412.6396484375,2452.53369140625,2441.967529296875,2410.9765625,2452.701171875,2441.547607421875,2522.0,2282.0
335.25,2458.670654296875,2460.06298828125,2411.411376953125,2412.6396484375,2452.53369140625,2441.967529296875,2410.9765625,2452.701171875,2442.866943359375,2522.0,2282.0
335.5,2458.669921875,2460.0537109375,2411.41357421875,2412.63916015625,2452.534912109375,2441.9697265625,2410.976318359375,2452.702392578125,2441.55029296875,2522.0,2282.0
335.75,2458.669677734375,2460.0556640625,2412.703125,2413.947265625,2452.53515625,2441.9677734375,2412.283447265625,2452.702392578125,2441.5478515625,2522.0,2282.0
336.0,2458.669921875,2460.062255859375,2411.404541015625,2412.6396484375,2452.532958984375,2441.967529296875,2410.9765625,2452.7001953125,2441.547607421875,2522.0,2282.0
336.25,2458.670654296875,2461.39208984375,2411.423583984375,2412.656005859375,2452.533203125,2441.968505859375,2410.993896484375,2452.700439453125,2441.54833984375,2522.0,2282.0
336.5,2458.670654296875,2460.0712890625,2411.40673828125,2412.642822265625,2452.53369140625,2441.96875,2410.979736328125,2452.700927734375,2441.548583984375,2522.0,2282.0
336.75,2458.6865234375,2460.031982421875,2412.868896484375,2414.104248046875,2452.90234375,2441.47265625,2412.534912109375,2453.162109375,2440.923583984375,2522.0,2282.0
337.0,2458.6865234375,2460.016357421875,2412.858642578125,2414.101318359375,2452.9033203125,2441.47265625,2412.53173828125,2453.163330078125,2440.923583984375,2522.0,2282.0
337.25,2458.6865234375,2460.038818359375,2412.859619140625,2414.1005859375,2452.90234375,2441.472412109375,2412.531005859375,2453.162109375,2440.92333984375,2522.0,2282.0
337.5,2458.687255859375,2460.03125,2412.87255859375,2414.1005859375,2452.90234375,2442.7919921875,2412.531005859375,2453.162109375,2442.242431640625,2522.0,2282.0
337.75,2458.6865234375,2460.020751953125,2412.86962890625,2414.1005859375,2452.903564453125,2441.47265625,2412.531005859375,2453.163330078125,2440.92333984375,2522.0,2282.0
338.0,2458.6865234375,2460.017822265625,2412.851318359375,2414.1044921875,2452.90380859375,2441.474853515625,2412.53515625,2453.16357421875,2440.92626953125,2522.0,2282.0
338.25,2458.686767578125,2460.017578125,2412.856201171875,2414.1005859375,2452.90234375,2441.47265625,2412.531005859375,2453.162353515625,2440.923583984375,2522.0,2282.0
338.5,2458.6865234375,2460.018798828125,2412.868408203125,2414.10107421875,2452.90185546875,2441.47314453125,2412.531494140625,2453.16162109375,2440.924072265625,2522.0,2282.0
338.75,2458.703125,2459.998046875,2416.578125,2417.803955078125,2452.2119140625,2439.672119140625,2416.49560546875,2452.437744140625,2438.9013671875,2522.0,2282.0
339.0,2458.703125,2459.995849609375,2416.5869140625,2417.801025390625,2452.210693359375,2439.67041015625,2416.49267578125,2452.4365234375,2438.899658203125,2522.0,2282.0
339.25,2458.703125,2459.9814453125,2416.564697265625,2417.80029296875,2452.210693359375,2439.67041015625,2416.49169921875,2452.436767578125,2438.899658203125,2522.0,2282.0
339.5,2458.703125,2459.980224609375,2416.568603515625,2417.80029296875,2452.210693359375,2439.670654296875,2416.49169921875,2452.4365234375,2438.899658203125,2522.0,2282.0
339.75,2458.7021484375,2459.987060546875,2416.581787109375,2417.80029296875,2452.210693359375,2439.67041015625,2416.491943359375,2452.4365234375,2438.899658203125,2522.0,2282.0
340.0,2458.703125,2459.98681640625,2416.5791015625,2417.80029296875,2452.210693359375,2440.989013671875,2416.49169921875,2452.4365234375,2440.2177734375,2522.0,2282.0
340.25,2458.703125,2460.0009765625,2417.887939453125,2419.111328125,2452.212158203125,2439.670654296875,2417.80224609375,2452.43798828125,2438.899658203125,2522.0,2282.0
340.5,2458.703125,2461.32666015625,2416.580810546875,2417.81396484375,2452.2099609375,2439.671142578125,2416.506591796875,2452.435546875,2438.900146484375,2522.0,2282.0
340.75,2458.758056640625,2461.517333984375,2414.1806640625,2415.764892578125,2452.61767578125,2439.390869140625,2414.268798828125,2452.843017578125,2438.691650390625,2522.0,2282.0
341.0,2460.086669921875,2460.209716796875,2414.18310546875,2415.755126953125,2452.620361328125,2439.391845703125,2414.2578125,2452.845458984375,2438.692626953125,2522.0,2282.0
341.25,2458.758056640625,2460.202880859375,2414.166259765625,2415.7529296875,2452.618896484375,2439.390869140625,2414.255859375,2452.843994140625,2438.69189453125,2522.0,2282.0
341.5,2458.758056640625,2460.1962890625,2414.182373046875,2415.751953125,2452.618896484375,2439.390380859375,2414.2548828125,2452.843994140625,2438.69140625,2522.0,2282.0
341.75,2458.758056640625,2460.197998046875,2414.178466796875,2415.751953125,2452.618896484375,2439.390625,2414.2548828125,2452.843994140625,2438.69140625,2522.0,2282.0
342.0,2458.758544921875,2460.1982421875,2414.187255859375,2415.751953125,2452.618896484375,2439.390625,2414.2548828125,2452.843994140625,2440.00927734375,2522.0,2282.0
342.25,2458.758056640625,2460.209716796875,2414.187255859375,2415.751953125,2452.618896484375,2439.390625,2414.2548828125,2452.843994140625,2438.69140625,2522.0,2282.0
342.5,2458.758056640625,2460.217529296875,2415.47119140625,2417.06103515625,2452.6201171875,2439.390625,2415.56298828125,2452.845458984375,2438.69140625,2522.0,2282.0
342.75,2458.976318359375,2459.930908203125,2416.6279296875,2418.43896484375,2450.98388671875,2440.33642578125,2417.241943359375,2450.989990234375,2439.567626953125,2522.0,2282.0
343.0,2458.9765625,2459.9365234375,2416.636474609375,2418.438720703125,2450.983154296875,2440.333740234375,2417.24169921875,2450.989501953125,2439.564208984375,2522.0,2282.0
343.25,2458.976806640625,2459.9267578125,2416.633056640625,2418.439208984375,2450.9833984375,2440.332275390625,2417.2421875,2450.989501953125,2439.56298828125,2522.0,2282.0
343.5,2458.9765625,2459.941162109375,2416.622802734375,2418.4365234375,2450.9833984375,2440.332275390625,2417.239501953125,2450.98974609375,2439.562744140625,2522.0,2282.0
343.75,2458.976318359375,2459.919677734375,2416.623779296875,2418.435791015625,2450.985107421875,2440.33203125,2417.23876953125,2450.99169921875,2439.5625,2522.0,2282.0
344.0,2458.9765625,2459.931884765625,2416.62109375,2418.435791015625,2450.9833984375,2440.33203125,2417.23876953125,2450.98974609375,2439.562744140625,2522.0,2282.0
344.25,2458.97705078125,2459.92822265625,2416.63720703125,2418.435791015625,2450.9833984375,2440.33203125,2417.23876953125,2450.98974609375,2439.562744140625,2522.0,2282.0
344.5,2458.9765625,2459.931884765625,2416.6181640625,2418.435791015625,2450.9833984375,2441.65087890625,2417.23876953125,2450.98974609375,2440.880859375,2522.0,2282.0
344.75,2459.0791015625,2459.92236328125,2418.9931640625,2421.0224609375,2450.74365234375,2439.686767578125,2419.966796875,2450.78173828125,2438.763671875,2522.0,2282.0
345.0,2459.0791015625,2461.232177734375,2417.69970703125,2419.732177734375,2450.743896484375,2439.687255859375,2418.677734375,2450.781982421875,2438.76416015625,2522.0,2282.0
345.25,2459.0791015625,2459.912841796875,2417.677001953125,2419.71923828125,2450.74169921875,2439.688232421875,2418.664306640625,2450.780029296875,2438.76513671875,2522.0,2282.0
345.5,2459.07958984375,2459.931396484375,2417.6650390625,2419.71630859375,2452.067626953125,2439.68701171875,2418.6611328125,2450.78173828125,2438.763916015625,2522.0,2282.0
345.75,2459.0791015625,2459.908935546875,2417.683837890625,2419.715576171875,2450.743408203125,2439.686767578125,2418.660400390625,2450.78173828125,2438.763671875,2522.0,2282.0
346.0,2459.079345703125,2459.9130859375,2417.672607421875,2419.715576171875,2450.7451171875,2439.686279296875,2418.660400390625,2450.78369140625,2438.76318359375,2522.0,2282.0
346.25,2459.0791015625,2459.9189453125,2417.6748046875,2419.71533203125,2450.743408203125,2439.686767578125,2418.660400390625,2450.78173828125,2438.763671875,2522.0,2282.0
346.5,2459.079833984375,2459.934326171875,2417.68212890625,2419.71533203125,2450.743408203125,2439.686767578125,2418.660400390625,2450.78173828125,2438.763427734375,2522.0,2282.0
346.75,2459.130615234375,2459.921875,2416.625244140625,2418.06298828125,2450.5576171875,2439.865478515625,2416.78173828125,2450.513427734375,2440.586669921875,2522.0,2282.0
347.0,2459.130615234375,2459.906494140625,2416.62841796875,2418.06640625,2450.55859375,2439.8681640625,2416.78515625,2450.514404296875,2439.271728515625,2522.0,2282.0
347.25,2459.130615234375,2461.24951171875,2416.625,2418.066162109375,2450.55810546875,2439.8662109375,2416.784912109375,2450.513671875,2439.26904296875,2522.0,2282.0
347.5,2459.130859375,2459.9140625,2416.625,2418.06591796875,2450.558837890625,2439.8671875,2416.78466796875,2450.5146484375,2439.270263671875,2522.0,2282.0
347.75,2459.130615234375,2459.918212890625,2416.624755859375,2418.066650390625,2450.558837890625,2439.867431640625,2416.785400390625,2450.5146484375,2439.2705078125,2522.0,2282.0
348.0,2459.130615234375,2459.91943359375,2416.61962890625,2418.063720703125,2450.5576171875,2439.865478515625,2416.782470703125,2450.513427734375,2439.2685546875,2522.0,2282.0
348.25,2459.130615234375,2459.90966796875,2416.6162109375,2418.06298828125,2450.559326171875,2439.865234375,2416.78173828125,2450.515380859375,2439.268310546875,2522.0,2282.0
348.5,2459.130615234375,2459.90771484375,2416.62109375,2418.06298828125,2450.5576171875,2439.865478515625,2416.78173828125,2450.513427734375,2439.2685546875,2522.0,2282.0
348.75,2459.166015625,2459.941162109375,2416.53564453125,2418.09375,2450.993408203125,2439.170166015625,2416.822265625,2451.035888671875,2438.436279296875,2522.0,2282.0
349.0,2459.165283203125,2459.95068359375,2416.537353515625,2418.09375,2450.993408203125,2440.488037109375,2416.822265625,2451.035888671875,2439.75390625,2522.0,2282.0
349.25,2459.165283203125,2459.955078125,2416.540283203125,2418.097412109375,2450.994384765625,2439.170166015625,2416.825927734375,2451.036865234375,2438.436279296875,2522.0,2282.0
349.5,2459.165283203125,2459.947998046875,2416.536376953125,2418.092529296875,2450.99267578125,2439.1748046875,2416.821044921875,2451.03515625,2438.44140625,2522.0,2282.0
349.75,2459.165283203125,2461.291015625,2416.538818359375,2418.0966796875,2450.9931640625,2439.17041015625,2416.8251953125,2451.035888671875,2438.4365234375,2522.0,2282.0
350.0,2459.165771484375,2459.950439453125,2416.536865234375,2418.097412109375,2452.319091796875,2439.17138671875,2416.825927734375,2451.037353515625,2438.4375,2522.0,2282.0
350.25,2459.165283203125,2459.95361328125,2416.5244140625,2418.09375,2450.993408203125,2439.170166015625,2416.822265625,2451.035888671875,2438.436279296875,2522.0,2282.0
350.5,2459.165283203125,2459.942626953125,2416.5341796875,2418.09375,2450.994873046875,2439.169921875,2416.822265625,2451.037841796875,2438.43603515625,2522.0,2282.0
350.75,2459.060791015625,2459.851806640625,2415.937744140625,2417.256103515625,2450.81298828125,2440.445556640625,2415.931396484375,2450.798828125,2439.87939453125,2522.0,2282.0
351.0,2459.0615234375,2459.85107421875,2415.927001953125,2417.256103515625,2450.812744140625,2440.44580078125,2415.931396484375,2450.798583984375,2439.879638671875,2522.0,2282.0
351.25,2459.060791015625,2459.84228515625,2415.90576171875,2417.256103515625,2450.812744140625,2441.7646484375,2415.931396484375,2450.798583984375,2439.8798828125,2522.0,2282.0
351.5,2459.060791015625,2459.8427734375,2417.236572265625,2418.56201171875,2450.81396484375,2440.4482421875,2417.236572265625,2450.7998046875,2439.8828125,2522.0,2282.0
351.75,2459.060791015625,2461.18505859375,2415.930419921875,2417.255126953125,2450.81201171875,2440.4462890625,2415.930419921875,2450.7978515625,2439.88037109375,2522.0,2282.0
352.0,2459.061279296875,2459.843994140625,2415.931396484375,2417.256591796875,2450.812744140625,2440.4462890625,2415.931884765625,2450.798583984375,2439.88037109375,2522.0,2282.0
352.25,2459.061279296875,2459.8505859375,2415.9189453125,2417.2568359375,2452.13720703125,2440.44580078125,2415.93212890625,2450.798583984375,2439.8798828125,2522.0,2282.0
352.5,2459.060791015625,2459.8486328125,2415.917236328125,2417.2568359375,2450.812744140625,2440.44580078125,2415.93212890625,2450.798583984375,2439.879638671875,2522.0,2282.0
352.75,2461.598388671875,2461.09130859375,2482.371826171875,2482.286865234375,2456.448486328125,2460.255859375,2483.138916015625,2456.20361328125,2460.3173828125,2522.0,2282.0
353.0,2461.598388671875,2461.0908203125,2482.37451171875,2482.280029296875,2456.44873046875,2458.926025390625,2483.1318359375,2456.203857421875,2458.9873046875,2522.0,2282.0
353.25,2461.598388671875,2461.095947265625,2482.361572265625,2482.28662109375,2456.447509765625,2458.9267578125,2483.138916015625,2456.20263671875,2458.98828125,2522.0,2282.0
353.5,2461.598388671875,2461.084716796875,2482.37890625,2482.286376953125,2456.448486328125,2458.927490234375,2483.138671875,2456.20361328125,2458.989013671875,2522.0,2282.0
353.75,2461.598388671875,2461.104248046875,2482.36181640625,2482.2861328125,2456.4482421875,2458.927490234375,2483.138427734375,2456.203369140625,2458.989013671875,2522.0,2282.0
354.0,2461.598388671875,2462.425537109375,2482.357421875,2482.28564453125,2457.77587890625,2458.92724609375,2483.137939453125,2457.53076171875,2458.988525390625,2522.0,2282.0
354.25,2461.5986328125,2461.083740234375,2482.38232421875,2482.28662109375,2456.448486328125,2458.927490234375,2483.138916015625,2456.20361328125,2458.98876953125,2522.0,2282.0
354.5,2461.598388671875,2461.098388671875,2482.371337890625,2482.286376953125,2456.4482421875,2458.927490234375,2483.138671875,2456.203369140625,2458.989013671875,2522.0,2282.0
354.75,2461.64990234375,2461.09912109375,2480.32470703125,2481.91357421875,2456.814453125,2458.583251953125,2481.340087890625,2456.59326171875,2458.63037109375,2522.0,2282.0
355.0,2461.649658203125,2461.090576171875,2480.315185546875,2480.572509765625,2456.81396484375,2458.582275390625,2481.339111328125,2456.593017578125,2458.629150390625,2522.0,2282.0
355.25,2461.64990234375,2461.09326171875,2480.314697265625,2480.572265625,2456.814697265625,2458.58251953125,2481.339111328125,2456.59375,2458.629638671875,2522.0,2282.0
355.5,2461.649658203125,2461.084228515625,2480.332763671875,2480.5732421875,2456.814453125,2458.583251953125,2481.340087890625,2456.59326171875,2458.63037109375,2522.0,2282.0
355.75,2461.64990234375,2461.091552734375,2480.322998046875,2480.5732421875,2456.814453125,2458.583251953125,2481.340087890625,2456.593505859375,2458.63037109375,2522.0,2282.0
356.0,2461.649658203125,2461.0810546875,2480.3271484375,2480.572509765625,2456.814208984375,2458.5830078125,2481.33935546875,2456.59326171875,2458.630126953125,2522.0,2282.0
356.25,2461.64990234375,2461.094970703125,2480.320068359375,2480.572265625,2456.814453125,2458.5830078125,2481.339111328125,2457.9208984375,2458.630126953125,2522.0,2282.0
356.5,2461.6494140625,2461.0888671875,2480.330078125,2480.5732421875,2456.814453125,2458.583251953125,2481.33984375,2456.593505859375,2458.63037109375,2522.0,2282.0
356.75,2462.963623046875,2461.133056640625,2479.65869140625,2479.90673828125,2457.265380859375,2458.736572265625,2481.9423828125,2457.043212890625,2458.856201171875,2522.0,2282.0
357.0,2461.63330078125,2461.1357421875,2479.673583984375,2479.90673828125,2457.265380859375,2458.736328125,2480.601806640625,2457.04345703125,2458.85595703125,2522.0,2282.0
357.25,2461.63330078125,2461.1416015625,2479.6552734375,2479.902099609375,2457.265380859375,2458.735107421875,2480.5966796875,2457.043212890625,2458.854736328125,2522.0,2282.0
357.5,2461.633544921875,2461.13671875,2479.664306640625,2479.906494140625,2457.2646484375,2458.736083984375,2480.601806640625,2457.04248046875,2458.855712890625,2522.0,2282.0
357.75,2461.63330078125,2461.12451171875,2479.662353515625,2479.906494140625,2457.2646484375,2458.736083984375,2480.601806640625,2457.04248046875,2458.855712890625,2522.0,2282.0
358.0,2461.63330078125,2461.126708984375,2479.6455078125,2479.90673828125,2457.265380859375,2458.736572265625,2480.601806640625,2457.043212890625,2458.856201171875,2522.0,2282.0
358.25,2461.63330078125,2461.130615234375,2479.64599609375,2479.906005859375,2457.26513671875,2458.736328125,2480.60107421875,2457.04296875,2458.85595703125,2522.0,2282.0
358.5,2461.633544921875,2461.12548828125,2479.665283203125,2479.906494140625,2457.26513671875,2458.736572265625,2480.601806640625,2457.04296875,2458.856201171875,2522.0,2282.0
358.75,2461.54541015625,2460.990234375,2481.882080078125,2481.689697265625,2456.59716796875,2459.012451171875,2482.481201171875,2456.36376953125,2459.0849609375,2522.0,2282.0
359.0,2461.54541015625,2460.98193359375,2481.890625,2483.030517578125,2456.59716796875,2459.012451171875,2483.822509765625,2456.364013671875,2459.0849609375,2522.0,2282.0
359.25,2461.54541015625,2460.982666015625,2481.8798828125,2481.689453125,2456.597412109375,2459.012451171875,2482.48095703125,2456.3642578125,2459.084716796875,2522.0,2282.0
359.5,2461.54541015625,2460.998046875,2481.872802734375,2481.683349609375,2456.597412109375,2459.012451171875,2482.474365234375,2456.3642578125,2459.0849609375,2522.0,2282.0
359.75,2461.54541015625,2460.98486328125,2481.89013671875,2481.688720703125,2456.5966796875,2459.0107421875,2482.48046875,2456.363525390625,2459.0830078125,2522.0,2282.0
360.0,2461.54541015625,2460.972900390625,2481.898193359375,2481.689697265625,2456.59716796875,2459.011962890625,2482.481201171875,2456.36376953125,2459.08447265625,2522.0,2282.0
360.25,2461.54541015625,2460.990234375,2481.8984375,2481.689208984375,2456.59716796875,2459.012451171875,2482.480712890625,2456.36376953125,2459.0849609375,2522.0,2282.0
360.5,2461.54541015625,2460.98046875,2481.89697265625,2481.688232421875,2456.59716796875,2459.01220703125,2482.479736328125,2456.364013671875,2459.08447265625,2522.0,2282.0
360.75,2461.408935546875,2462.397216796875,2480.34033203125,2480.25830078125,2457.765380859375,2458.509033203125,2480.9091796875,2457.68359375,2458.5478515625,2522.0,2282.0
361.0,2461.41162109375,2461.090087890625,2480.342041015625,2480.25927734375,2457.764892578125,2458.509033203125,2480.91015625,2457.68310546875,2458.5478515625,2522.0,2282.0
361.25,2461.409912109375,2461.07373046875,2480.34716796875,2480.259033203125,2457.76513671875,2458.509033203125,2480.91015625,2457.68359375,2458.5478515625,2522.0,2282.0
361.5,2461.410888671875,2461.078857421875,2481.6806640625,2480.25927734375,2457.765380859375,2458.5087890625,2480.910400390625,2457.68359375,2458.5478515625,2522.0,2282.0
361.75,2461.410400390625,2461.077880859375,2480.33740234375,2480.254150390625,2457.765380859375,2458.507568359375,2480.90478515625,2457.683837890625,2458.54638671875,2522.0,2282.0
362.0,2461.407958984375,2461.073486328125,2480.346923828125,2480.259033203125,2457.7646484375,2458.508544921875,2480.91015625,2457.68310546875,2458.54736328125,2522.0,2282.0
362.25,2461.40966796875,2461.0634765625,2480.338623046875,2480.25927734375,2457.76513671875,2458.508544921875,2480.91015625,2457.68359375,2458.54736328125,2522.0,2282.0
362.5,2461.41357421875,2461.06787109375,2480.3408203125,2480.25927734375,2457.76513671875,2458.5087890625,2480.91015625,2457.68359375,2458.5478515625,2522.0,2282.0
362.75,2461.649658203125,2461.079833984375,2481.32568359375,2481.2236328125,2456.863525390625,2457.8564453125,2481.928466796875,2456.691162109375,2457.877685546875,2522.0,2282.0
363.0,2461.650146484375,2462.42529296875,2481.34375,2481.223388671875,2456.863525390625,2457.85595703125,2481.928466796875,2456.691162109375,2457.877197265625,2522.0,2282.0
363.25,2461.6494140625,2461.094482421875,2481.3154296875,2481.2236328125,2456.8642578125,2457.85595703125,2481.928466796875,2456.691650390625,2457.877197265625,2522.0,2282.0
363.5,2461.64990234375,2461.097900390625,2482.659912109375,2482.564453125,2456.8642578125,2457.85595703125,2483.269775390625,2456.69189453125,2457.876953125,2522.0,2282.0
363.75,2461.651611328125,2461.08203125,2482.65673828125,2482.564208984375,2456.8642578125,2459.18408203125,2483.26953125,2456.69189453125,2459.205322265625,2522.0,2282.0
364.0,2461.64990234375,2461.099365234375,2481.320068359375,2481.2236328125,2456.8642578125,2457.85498046875,2481.928466796875,2456.69189453125,2457.8759765625,2522.0,2282.0
364.25,2461.649658203125,2461.085693359375,2481.324462890625,2481.22265625,2456.86328125,2457.85546875,2481.927490234375,2456.69091796875,2457.876708984375,2522.0,2282.0
364.5,2461.64990234375,2461.08056640625,2481.318359375,2481.2236328125,2456.863525390625,2457.85546875,2481.928466796875,2456.691162109375,2457.876708984375,2522.0,2282.0
364.75,2461.32568359375,2461.13818359375,2481.868896484375,2481.338134765625,2456.449951171875,2459.55224609375,2482.072265625,2456.1904296875,2459.783935546875,2522.0,2282.0
365.0,2461.3291015625,2461.156005859375,2481.861083984375,2481.337646484375,2456.449951171875,2459.552001953125,2482.07177734375,2456.1904296875,2459.783935546875,2522.0,2282.0
365.25,2461.326904296875,2461.147216796875,2481.867431640625,2481.33837890625,2457.77734375,2459.55224609375,2482.072509765625,2457.517822265625,2459.783935546875,2522.0,2282.0
365.5,2461.325439453125,2461.150146484375,2483.226318359375,2482.6796875,2456.44970703125,2459.55224609375,2483.4140625,2456.1904296875,2459.7841796875,2522.0,2282.0
365.75,2461.32568359375,2461.154541015625,2481.8876953125,2481.338623046875,2456.4501953125,2460.88134765625,2482.07275390625,2456.19091796875,2459.7841796875,2522.0,2282.0
366.0,2461.32568359375,2461.162841796875,2481.87060546875,2481.338623046875,2456.4501953125,2460.88134765625,2482.07275390625,2456.19091796875,2461.11328125,2522.0,2282.0
366.25,2461.325439453125,2461.155517578125,2481.8779296875,2481.3388671875,2456.449462890625,2459.55224609375,2482.072998046875,2456.190185546875,2459.7841796875,2522.0,2282.0
366.5,2461.32568359375,2461.160400390625,2481.861083984375,2481.338623046875,2456.44921875,2459.5517578125,2482.07275390625,2456.18994140625,2459.78369140625,2522.0,2282.0
366.75,2461.2578125,2461.2880859375,2478.303466796875,2478.124267578125,2457.878173828125,2459.637939453125,2478.616455078125,2457.738525390625,2459.951171875,2522.0,2282.0
367.0,2461.260498046875,2461.315185546875,2478.3154296875,2478.12451171875,2457.878173828125,2459.637939453125,2478.61669921875,2457.738525390625,2459.951171875,2522.0,2282.0
367.25,2461.26025390625,2461.30615234375,2478.325439453125,2478.12353515625,2457.878173828125,2459.6376953125,2478.61572265625,2457.738525390625,2459.95068359375,2522.0,2282.0
367.5,2461.260009765625,2462.641357421875,2478.311279296875,2478.124267578125,2459.206298828125,2459.637939453125,2478.616455078125,2459.066650390625,2459.951171875,2522.0,2282.0
367.75,2461.259521484375,2461.312255859375,2478.317138671875,2478.124267578125,2459.206298828125,2459.637939453125,2478.616455078125,2459.066650390625,2459.951171875,2522.0,2282.0
368.0,2461.25634765625,2461.314697265625,2478.31689453125,2479.46337890625,2457.8779296875,2459.637939453125,2479.955810546875,2457.73828125,2459.951171875,2522.0,2282.0
368.25,2461.259521484375,2461.296875,2478.315673828125,2478.124267578125,2457.87841796875,2459.637939453125,2478.616455078125,2457.73876953125,2459.951171875,2522.0,2282.0
368.5,2461.26220703125,2461.300537109375,2478.3017578125,2478.124267578125,2457.878173828125,2459.6376953125,2478.616455078125,2457.738525390625,2459.950927734375,2522.0,2282.0
368.75,2461.481201171875,2461.24658203125,2480.476806640625,2480.2685546875,2457.42431640625,2458.0908203125,2480.914794921875,2457.29931640625,2458.197265625,2522.0,2282.0
369.0,2461.48095703125,2461.248779296875,2480.4736328125,2480.26806640625,2457.424072265625,2458.091552734375,2480.914306640625,2457.29931640625,2458.198486328125,2522.0,2282.0
369.25,2461.4794921875,2461.2607421875,2480.472412109375,2480.268310546875,2457.424072265625,2458.092041015625,2480.91455078125,2457.29931640625,2458.19873046875,2522.0,2282.0
369.5,2461.481201171875,2461.255126953125,2480.47314453125,2480.267333984375,2457.424072265625,2458.092041015625,2480.91357421875,2457.29931640625,2458.19873046875,2522.0,2282.0
369.75,2461.481201171875,2462.572998046875,2480.46826171875,2480.267822265625,2457.42431640625,2458.091796875,2480.9140625,2457.29931640625,2458.19873046875,2522.0,2282.0
370.0,2461.48046875,2461.247314453125,2480.46826171875,2480.26806640625,2457.424072265625,2458.092041015625,2480.914306640625,2457.29931640625,2458.19873046875,2522.0,2282.0
370.25,2461.482666015625,2461.247802734375,2481.8212890625,2481.608642578125,2457.424072265625,2458.092041015625,2482.255126953125,2457.29931640625,2458.19873046875,2522.0,2282.0
370.5,2461.481689453125,2461.259033203125,2480.4755859375,2480.26806640625,2457.42431640625,2459.42041015625,2480.914306640625,2457.299560546875,2459.527099609375,2522.0,2282.0
370.75,2461.481201171875,2461.259765625,2479.5498046875,2479.456787109375,2457.751220703125,2458.348876953125,2480.091552734375,2457.650390625,2458.480224609375,2522.0,2282.0
371.0,2461.47998046875,2461.24853515625,2479.552978515625,2479.463134765625,2457.751220703125,2458.348876953125,2480.09814453125,2457.650390625,2458.480224609375,2522.0,2282.0
371.25,2461.48095703125,2461.239013671875,2479.551513671875,2479.46337890625,2457.751220703125,2458.34912109375,2480.098388671875,2457.650390625,2458.48046875,2522.0,2282.0
371.5,2461.481201171875,2461.23974609375,2479.575439453125,2479.46240234375,2457.751220703125,2458.34912109375,2480.097412109375,2457.650390625,2458.48046875,2522.0,2282.0
371.75,2461.481201171875,2461.260986328125,2479.542724609375,2479.463134765625,2459.079345703125,2458.34912109375,2480.09814453125,2458.978515625,2458.48046875,2522.0,2282.0
372.0,2461.481201171875,2461.254638671875,2479.544677734375,2479.46337890625,2457.751220703125,2458.34912109375,2480.098388671875,2457.650390625,2458.48046875,2522.0,2282.0
372.25,2462.809814453125,2461.250732421875,2479.552001953125,2479.46337890625,2457.7509765625,2458.34912109375,2480.098388671875,2457.650146484375,2458.48046875,2522.0,2282.0
372.5,2461.481201171875,2461.257080078125,2479.558349609375,2479.46337890625,2457.751220703125,2459.677490234375,2480.098388671875,2457.650390625,2458.48046875,2522.0,2282.0
372.75,2461.3935546875,2461.099365234375,2478.533203125,2478.11181640625,2457.21484375,2460.1162109375,2478.630126953125,2456.989501953125,2460.528564453125,2522.0,2282.0
373.0,2461.393310546875,2461.103271484375,2478.5458984375,2478.116943359375,2457.2138671875,2460.115966796875,2478.6357421875,2456.988525390625,2460.528076171875,2522.0,2282.0
373.25,2461.393310546875,2461.12158203125,2478.54296875,2478.116455078125,2457.214599609375,2460.114990234375,2478.63525390625,2456.989013671875,2460.52734375,2522.0,2282.0
373.5,2461.393310546875,2461.100341796875,2478.53955078125,2478.116455078125,2457.215087890625,2460.115478515625,2478.63525390625,2456.98974609375,2460.52783203125,2522.0,2282.0
373.75,2461.390869140625,2461.108642578125,2478.5419921875,2478.115966796875,2457.21533203125,2460.115234375,2478.634521484375,2456.98974609375,2460.527587890625,2522.0,2282.0
374.0,2461.391845703125,2462.44580078125,2478.530029296875,2478.115966796875,2457.21533203125,2460.115234375,2478.634521484375,2458.317626953125,2460.527587890625,2522.0,2282.0
374.25,2461.393310546875,2462.442138671875,2478.540283203125,2478.115966796875,2458.54296875,2460.115234375,2478.634765625,2458.317626953125,2460.527587890625,2522.0,2282.0
374.5,2462.723388671875,2461.111328125,2478.53759765625,2478.116455078125,2457.215087890625,2461.445068359375,2478.635009765625,2456.98974609375,2460.52783203125,2522.0,2282.0
374.75,2461.376953125,2461.14501953125,2477.316650390625,2476.648681640625,2457.713134765625,2459.9697265625,2476.998046875,2457.534912109375,2460.465087890625,2522.0,2282.0
375.0,2461.376953125,2461.1474609375,2477.294677734375,2476.64306640625,2457.713134765625,2459.9697265625,2476.9921875,2457.534912109375,2460.46484375,2522.0,2282.0
375.25,2461.376953125,2461.140869140625,2477.301513671875,2476.6484375,2457.71240234375,2459.96923828125,2476.997802734375,2457.5341796875,2460.464599609375,2522.0,2282.0
375.5,2461.380615234375,2461.15380859375,2477.309814453125,2476.648681640625,2457.713134765625,2459.96923828125,2476.998046875,2457.534912109375,2460.464599609375,2522.0,2282.0
375.75,2461.376708984375,2461.13916015625,2477.302978515625,2476.648681640625,2457.713134765625,2459.9697265625,2476.998046875,2457.534912109375,2460.465087890625,2522.0,2282.0
376.0,2461.376953125,2461.147705078125,2477.30712890625,2476.648193359375,2457.713134765625,2459.9697265625,2476.99755859375,2457.534912109375,2460.465087890625,2522.0,2282.0
376.25,2461.375,2461.148681640625,2477.29248046875,2476.647705078125,2457.713134765625,2459.9697265625,2476.9970703125,2457.534912109375,2460.46484375,2522.0,2282.0
376.5,2461.3779296875,2461.161865234375,2477.29736328125,2476.648193359375,2457.713134765625,2459.9697265625,2476.997314453125,2457.534912109375,2460.465087890625,2522.0,2282.0
376.75,2460.151123046875,2459.9375,2409.938720703125,2411.644287109375,2454.810791015625,2441.27783203125,2409.97265625,2455.11962890625,2440.740234375,2522.0,2282.0
377.0,2458.822265625,2459.935791015625,2409.94189453125,2411.6455078125,2453.485595703125,2441.278076171875,2409.973876953125,2453.794189453125,2440.740234375,2522.0,2282.0
377.25,2458.822265625,2459.943359375,2409.950927734375,2411.642578125,2453.486328125,2441.27734375,2409.97119140625,2453.795166015625,2440.739501953125,2522.0,2282.0
377.5,2458.822265625,2459.9423828125,2409.935302734375,2411.6416015625,2453.485595703125,2441.277099609375,2409.97021484375,2453.79443359375,2442.058349609375,2522.0,2282.0
377.75,2458.822998046875,2459.935302734375,2409.937255859375,2411.6416015625,2453.485595703125,2441.277099609375,2409.97021484375,2453.79443359375,2440.7392578125,2522.0,2282.0
378.0,2458.822265625,2459.94287109375,2409.948486328125,2411.64599609375,2453.487060546875,2441.277099609375,2409.974365234375,2453.7958984375,2440.7392578125,2522.0,2282.0
378.25,2458.822265625,2459.940185546875,2409.935302734375,2411.641357421875,2453.485595703125,2441.2783203125,2409.969970703125,2453.794189453125,2440.740478515625,2522.0,2282.0
378.5,2458.822265625,2461.272216796875,2409.93798828125,2411.641845703125,2453.485595703125,2441.277587890625,2409.97021484375,2453.794189453125,2440.739990234375,2522.0,2282.0
378.75,2458.77099609375,2459.951171875,2412.3857421875,2413.7421875,2453.285888671875,2440.52197265625,2412.114990234375,2453.637939453125,2439.87841796875,2522.0,2282.0
379.0,2460.099853515625,2459.94189453125,2412.381103515625,2413.72900390625,2454.6123046875,2440.521728515625,2412.10107421875,2454.964599609375,2439.878173828125,2522.0,2282.0
379.25,2458.77099609375,2459.95263671875,2412.379150390625,2413.726806640625,2453.28662109375,2440.52099609375,2412.0986328125,2453.638916015625,2439.87744140625,2522.0,2282.0
379.5,2458.77099609375,2459.9521484375,2412.364990234375,2413.725830078125,2453.286865234375,2440.520751953125,2412.09765625,2453.638916015625,2439.87744140625,2522.0,2282.0
379.75,2458.77099609375,2459.946533203125,2412.364013671875,2413.725830078125,2453.286865234375,2440.520751953125,2412.09765625,2453.638916015625,2439.87744140625,2522.0,2282.0
380.0,2458.77099609375,2459.943603515625,2412.37109375,2413.725830078125,2453.286865234375,2440.520751953125,2412.09765625,2453.638916015625,2441.19580078125,2522.0,2282.0
380.25,2458.77099609375,2459.957275390625,2412.39013671875,2413.7255859375,2453.286865234375,2440.520751953125,2412.09716796875,2453.638916015625,2439.87744140625,2522.0,2282.0
380.5,2458.77099609375,2459.953125,2412.371337890625,2413.72509765625,2453.28662109375,2440.52099609375,2412.096923828125,2453.638916015625,2439.877685546875,2522.0,2282.0
380.75,2458.857177734375,2459.986572265625,2414.261474609375,2415.6103515625,2452.63330078125,2440.909912109375,2414.1103515625,2452.887451171875,2440.31787109375,2522.0,2282.0
381.0,2458.857177734375,2459.9677734375,2414.269287109375,2415.62548828125,2452.633056640625,2440.910888671875,2414.12646484375,2452.88720703125,2440.318603515625,2522.0,2282.0
381.25,2458.85791015625,2459.975830078125,2414.262939453125,2415.614013671875,2452.63525390625,2440.911865234375,2414.114013671875,2452.889404296875,2440.319580078125,2522.0,2282.0
381.5,2458.857177734375,2459.970947265625,2414.26171875,2415.611328125,2452.634033203125,2440.909912109375,2414.111328125,2452.888427734375,2440.317626953125,2522.0,2282.0
381.75,2458.857177734375,2459.972900390625,2414.259521484375,2415.6103515625,2452.635009765625,2440.90966796875,2414.1103515625,2452.889404296875,2440.317626953125,2522.0,2282.0
382.0,2458.857177734375,2459.976318359375,2414.27001953125,2415.6103515625,2452.634033203125,2440.909912109375,2414.1103515625,2452.88818359375,2440.31787109375,2522.0,2282.0
382.25,2458.857666015625,2459.971923828125,2414.24609375,2415.6103515625,2452.634033203125,2440.909912109375,2414.110107421875,2452.88818359375,2441.636474609375,2522.0,2282.0
382.5,2458.857177734375,2459.962646484375,2414.25537109375,2415.60986328125,2452.63525390625,2440.912353515625,2414.10986328125,2452.889404296875,2440.32080078125,2522.0,2282.0
382.75,2458.789306640625,2460.02392578125,2414.219482421875,2415.221923828125,2452.385986328125,2440.656982421875,2413.59716796875,2452.59033203125,2440.162109375,2522.0,2282.0
383.0,2458.789306640625,2460.017333984375,2414.237548828125,2415.221923828125,2452.3837890625,2440.656982421875,2413.59716796875,2452.58837890625,2440.162109375,2522.0,2282.0
383.25,2458.789306640625,2460.023681640625,2414.224365234375,2415.224853515625,2452.3857421875,2440.657470703125,2413.600341796875,2452.59033203125,2440.162353515625,2522.0,2282.0
383.5,2460.1181640625,2460.013671875,2414.216064453125,2415.22265625,2453.7099609375,2440.65673828125,2413.59814453125,2453.91455078125,2440.161865234375,2522.0,2282.0
383.75,2460.1181640625,2460.012451171875,2414.22705078125,2415.22265625,2453.7099609375,2440.6572265625,2413.59814453125,2453.91455078125,2440.162109375,2522.0,2282.0
384.0,2458.789306640625,2460.01025390625,2414.22802734375,2415.221923828125,2452.3857421875,2440.65673828125,2413.59716796875,2452.590576171875,2440.16162109375,2522.0,2282.0
384.25,2458.789306640625,2460.0185546875,2414.237060546875,2415.2216796875,2452.384765625,2440.65673828125,2413.59716796875,2452.589111328125,2440.161865234375,2522.0,2282.0
384.5,2458.789794921875,2460.01416015625,2414.218994140625,2415.2216796875,2452.384521484375,2441.9755859375,2413.59716796875,2452.589111328125,2441.48046875,2522.0,2282.0
384.75,2455.589599609375,2458.444091796875,2330.30224609375,2334.00927734375,2445.176025390625,2417.578125,2329.925048828125,2445.719482421875,2415.935791015625,2522.0,2282.0
385.0,2455.589599609375,2458.45068359375,2330.28564453125,2334.0087890625,2445.171630859375,2417.578369140625,2329.925048828125,2445.71435546875,2415.935791015625,2522.0,2282.0
385.25,2455.589599609375,2459.770751953125,2330.299560546875,2334.01123046875,2445.17529296875,2417.57666015625,2329.927490234375,2445.718017578125,2415.934326171875,2522.0,2282.0
385.5,2455.589599609375,2458.44775390625,2330.278076171875,2333.99658203125,2445.172119140625,2418.882080078125,2329.912841796875,2445.714599609375,2415.933349609375,2522.0,2282.0
385.75,2455.589599609375,2458.445556640625,2330.281005859375,2333.99560546875,2445.172119140625,2418.882080078125,2329.91162109375,2445.71484375,2415.933349609375,2522.0,2282.0
386.0,2455.58935546875,2458.450927734375,2330.271484375,2333.994140625,2445.17236328125,2417.580078125,2329.91015625,2445.71484375,2415.937744140625,2522.0,2282.0
386.25,2455.589599609375,2458.453369140625,2330.2802734375,2333.99658203125,2445.172119140625,2417.575927734375,2329.91259765625,2445.71484375,2415.93359375,2522.0,2282.0
386.5,2455.58935546875,2458.443603515625,2331.542724609375,2335.2578125,2445.172119140625,2417.57568359375,2331.171630859375,2447.036376953125,2415.933349609375,2522.0,2282.0
386.75,2455.386962890625,2458.571044921875,2327.1513671875,2330.73583984375,2445.951416015625,2417.565673828125,2326.41015625,2446.52490234375,2416.14208984375,2522.0,2282.0
387.0,2455.38623046875,2458.576904296875,2327.149169921875,2330.744873046875,2445.95361328125,2417.56884765625,2326.419189453125,2446.52734375,2416.145263671875,2522.0,2282.0
387.25,2455.385498046875,2459.902587890625,2327.150390625,2330.75048828125,2445.95458984375,2417.567138671875,2326.4248046875,2446.528076171875,2416.1435546875,2522.0,2282.0
387.5,2455.385498046875,2458.5810546875,2327.153564453125,2330.73583984375,2445.951416015625,2417.566162109375,2326.41015625,2446.52490234375,2416.142578125,2522.0,2282.0
387.75,2455.386962890625,2458.5859375,2327.137939453125,2330.735595703125,2445.951416015625,2418.87255859375,2326.409912109375,2446.52490234375,2416.142333984375,2522.0,2282.0
388.0,2456.71240234375,2458.57861328125,2327.14306640625,2330.7333984375,2445.95166015625,2417.570556640625,2326.40771484375,2446.52490234375,2416.14697265625,2522.0,2282.0
388.25,2455.385498046875,2458.57080078125,2327.145263671875,2330.735595703125,2445.951416015625,2417.566162109375,2326.409912109375,2446.52490234375,2416.142333984375,2522.0,2282.0
388.5,2455.385498046875,2458.55712890625,2327.129638671875,2330.735595703125,2445.951416015625,2417.566162109375,2326.409912109375,2446.52490234375,2416.142578125,2522.0,2282.0
388.75,2455.400390625,2458.4287109375,2329.5400390625,2332.361572265625,2445.810791015625,2419.18701171875,2328.3740234375,2444.865966796875,2417.679443359375,2522.0,2282.0
389.0,2455.400146484375,2458.428466796875,2328.285888671875,2332.3701171875,2444.49072265625,2419.18994140625,2328.382568359375,2444.866455078125,2417.68212890625,2522.0,2282.0
389.25,2455.400390625,2458.422607421875,2328.2861328125,2332.371826171875,2444.489501953125,2419.187255859375,2328.38427734375,2444.86572265625,2417.679443359375,2522.0,2282.0
389.5,2455.400146484375,2458.42431640625,2328.3037109375,2332.37646484375,2444.4921875,2419.187255859375,2328.38916015625,2444.868408203125,2417.6796875,2522.0,2282.0
389.75,2455.400146484375,2458.41943359375,2328.2802734375,2332.3623046875,2444.492919921875,2419.187255859375,2328.374755859375,2444.869140625,2418.986083984375,2522.0,2282.0
390.0,2455.401611328125,2458.417236328125,2328.2646484375,2332.359375,2444.489990234375,2419.193603515625,2328.371826171875,2444.865966796875,2417.6875,2522.0,2282.0
390.25,2456.72705078125,2458.431640625,2328.267578125,2332.359619140625,2444.48974609375,2419.19091796875,2328.3720703125,2444.86572265625,2417.683349609375,2522.0,2282.0
390.5,2455.400146484375,2458.4267578125,2328.28173828125,2332.361572265625,2444.489501953125,2419.18701171875,2328.3740234375,2444.86572265625,2417.679443359375,2522.0,2282.0
390.75,2455.486572265625,2458.451904296875,2329.51806640625,2334.739990234375,2445.846435546875,2418.0634765625,2329.4931640625,2444.93896484375,2416.516357421875,2522.0,2282.0
391.0,2455.488037109375,2458.45361328125,2330.77734375,2333.478759765625,2444.525390625,2418.0634765625,2329.4931640625,2446.260009765625,2416.516357421875,2522.0,2282.0
391.25,2455.488037109375,2458.451904296875,2329.515625,2333.478759765625,2444.523193359375,2418.06640625,2329.4931640625,2444.936279296875,2416.518798828125,2522.0,2282.0
391.5,2455.486572265625,2458.46240234375,2329.538330078125,2333.489013671875,2444.525390625,2418.068359375,2329.503173828125,2444.938720703125,2416.520751953125,2522.0,2282.0
391.75,2455.486572265625,2458.4619140625,2329.518798828125,2333.48193359375,2444.528076171875,2418.064697265625,2329.496337890625,2444.94140625,2416.517578125,2522.0,2282.0
392.0,2455.486572265625,2458.454345703125,2329.51953125,2333.47900390625,2444.525390625,2418.0634765625,2329.4931640625,2444.938720703125,2417.822265625,2522.0,2282.0
392.25,2455.486572265625,2458.462890625,2329.516357421875,2333.47900390625,2444.525390625,2419.370361328125,2329.4931640625,2444.938720703125,2416.516357421875,2522.0,2282.0
392.5,2456.8134765625,2458.464599609375,2329.509033203125,2333.4765625,2444.525634765625,2418.0703125,2329.49072265625,2444.938720703125,2416.5244140625,2522.0,2282.0
392.75,2456.00830078125,2458.858154296875,2338.693359375,2342.652099609375,2446.9072265625,2421.445068359375,2338.89990234375,2447.4365234375,2419.989501953125,2522.0,2282.0
393.0,2456.00830078125,2458.857421875,2339.947265625,2343.91845703125,2448.2294921875,2421.444580078125,2340.164306640625,2448.759033203125,2419.9892578125,2522.0,2282.0
393.25,2456.009521484375,2458.85791015625,2338.69775390625,2342.65869140625,2446.90478515625,2421.44921875,2338.906494140625,2447.433837890625,2419.99365234375,2522.0,2282.0
393.5,2456.008544921875,2458.855224609375,2338.732666015625,2342.695068359375,2446.905517578125,2421.44775390625,2338.945068359375,2447.43505859375,2419.9921875,2522.0,2282.0
393.75,2456.00830078125,2458.86083984375,2338.68310546875,2342.65283203125,2446.9072265625,2421.444580078125,2338.900634765625,2447.436279296875,2419.9892578125,2522.0,2282.0
394.0,2456.00830078125,2460.18701171875,2338.6962890625,2342.65234375,2446.9072265625,2421.444580078125,2338.900146484375,2447.4365234375,2421.296875,2522.0,2282.0
394.25,2456.00830078125,2458.8623046875,2338.713623046875,2342.6630859375,2446.90966796875,2422.753173828125,2338.910888671875,2447.43896484375,2419.9892578125,2522.0,2282.0
394.5,2456.009765625,2458.866943359375,2338.697998046875,2342.65087890625,2446.9072265625,2421.4482421875,2338.898681640625,2447.4365234375,2419.99267578125,2522.0,2282.0
394.75,2457.403564453125,2458.825927734375,2339.36962890625,2343.320068359375,2447.111572265625,2420.9140625,2339.57373046875,2447.720947265625,2419.3515625,2522.0,2282.0
395.0,2456.076416015625,2458.81787109375,2339.34130859375,2343.32080078125,2447.11181640625,2420.913818359375,2339.57470703125,2447.720947265625,2419.3515625,2522.0,2282.0
395.25,2456.07763671875,2458.82177734375,2339.357666015625,2344.587158203125,2447.111572265625,2420.913818359375,2339.57470703125,2449.043701171875,2419.3515625,2522.0,2282.0
395.5,2456.07763671875,2458.8193359375,2339.37548828125,2343.326904296875,2447.111328125,2420.917724609375,2339.58056640625,2447.720703125,2419.355224609375,2522.0,2282.0
395.75,2456.076416015625,2458.81884765625,2339.405029296875,2343.363037109375,2447.107666015625,2420.91455078125,2339.619140625,2447.716796875,2419.35205078125,2522.0,2282.0
396.0,2456.076416015625,2458.824951171875,2339.369140625,2343.3232421875,2447.111572265625,2420.913818359375,2339.576904296875,2447.720947265625,2419.3515625,2522.0,2282.0
396.25,2456.076416015625,2458.8134765625,2339.371337890625,2343.32080078125,2447.11181640625,2420.913818359375,2339.57470703125,2447.72119140625,2419.3515625,2522.0,2282.0
396.5,2456.076416015625,2458.818115234375,2339.35888671875,2343.320556640625,2447.11474609375,2420.913818359375,2339.57421875,2447.72412109375,2419.3515625,2522.0,2282.0
396.75,2456.144287109375,2458.78173828125,2339.958740234375,2343.7841796875,2446.875244140625,2420.70458984375,2340.0390625,2447.44775390625,2419.17919921875,2522.0,2282.0
397.0,2457.4716796875,2458.78857421875,2339.9443359375,2343.7841796875,2446.8720703125,2420.708251953125,2340.039306640625,2447.444580078125,2419.182861328125,2522.0,2282.0
397.25,2456.144287109375,2458.787109375,2339.940185546875,2343.78515625,2446.8720703125,2420.70458984375,2340.0400390625,2447.444580078125,2419.17919921875,2522.0,2282.0
397.5,2456.14453125,2458.78076171875,2339.955078125,2343.791015625,2446.872314453125,2420.70458984375,2341.310791015625,2448.767333984375,2419.178955078125,2522.0,2282.0
397.75,2456.144287109375,2458.7783203125,2339.94482421875,2343.791748046875,2446.871826171875,2420.706787109375,2340.046875,2447.4443359375,2419.181396484375,2522.0,2282.0
398.0,2456.14453125,2458.78125,2340.00244140625,2343.82763671875,2446.8681640625,2420.70849609375,2340.0849609375,2447.4404296875,2419.1826171875,2522.0,2282.0
398.25,2456.144287109375,2458.780029296875,2339.957275390625,2343.786865234375,2446.8720703125,2420.70458984375,2340.0419921875,2447.4443359375,2419.178955078125,2522.0,2282.0
398.5,2456.14453125,2458.768310546875,2339.95068359375,2343.78515625,2446.8720703125,2420.70458984375,2340.040283203125,2447.444580078125,2419.17919921875,2522.0,2282.0
398.75,2456.247314453125,2458.779296875,2341.128173828125,2345.08251953125,2446.89697265625,2420.236083984375,2341.41552734375,2447.506591796875,2419.90478515625,2522.0,2282.0
399.0,2456.24853515625,2458.76123046875,2341.13232421875,2345.082275390625,2446.897216796875,2420.236083984375,2341.415283203125,2447.5068359375,2418.597900390625,2522.0,2282.0
399.25,2457.57470703125,2458.76416015625,2341.14306640625,2345.081787109375,2446.89697265625,2420.236328125,2341.414794921875,2447.50634765625,2418.59814453125,2522.0,2282.0
399.5,2456.247314453125,2458.761474609375,2341.129638671875,2345.082763671875,2446.89697265625,2420.236328125,2341.415771484375,2447.506591796875,2418.59814453125,2522.0,2282.0
399.75,2456.247314453125,2458.756103515625,2342.4111328125,2346.35009765625,2448.21923828125,2420.236328125,2341.415771484375,2447.506591796875,2418.597900390625,2522.0,2282.0
400.0,2456.24853515625,2458.768310546875,2341.138916015625,2345.08935546875,2446.896728515625,2420.23779296875,2341.42236328125,2447.50634765625,2418.599365234375,2522.0,2282.0
400.25,2456.247314453125,2458.77001953125,2341.171630859375,2345.124755859375,2446.892822265625,2420.236328125,2341.4599609375,2447.502197265625,2418.59765625,2522.0,2282.0
400.5,2456.247314453125,2458.7529296875,2341.1201171875,2345.0849609375,2446.896728515625,2420.236328125,2341.41796875,2447.50634765625,2418.59765625,2522.0,2282.0
400.75,2456.4365234375,2458.78271484375,2340.080810546875,2344.628173828125,2447.130615234375,2419.235107421875,2340.9619140625,2447.78515625,2417.414306640625,2522.0,2282.0
401.0,2456.4365234375,2458.7900390625,2340.088623046875,2344.63720703125,2447.133056640625,2419.235107421875,2340.970703125,2447.78759765625,2417.414306640625,2522.0,2282.0
401.25,2456.4365234375,2458.791748046875,2340.086669921875,2344.63671875,2447.133056640625,2419.235107421875,2340.970458984375,2447.78759765625,2417.414306640625,2522.0,2282.0
401.5,2457.763916015625,2458.7880859375,2340.070556640625,2344.626953125,2447.130615234375,2419.2353515625,2340.960693359375,2447.78515625,2417.414306640625,2522.0,2282.0
401.75,2456.4365234375,2458.796142578125,2340.072998046875,2344.6279296875,2447.130615234375,2419.235107421875,2340.96142578125,2447.78515625,2417.414306640625,2522.0,2282.0
402.0,2456.4365234375,2458.802734375,2341.3427734375,2345.900390625,2448.452880859375,2419.235107421875,2340.967041015625,2449.10791015625,2417.414306640625,2522.0,2282.0
402.25,2456.4365234375,2458.789306640625,2341.34765625,2345.901123046875,2447.13037109375,2419.2373046875,2342.232666015625,2447.784912109375,2417.41650390625,2522.0,2282.0
402.5,2456.436279296875,2458.79541015625,2340.087158203125,2344.630615234375,2447.13232421875,2419.2373046875,2340.96435546875,2447.786376953125,2417.41650390625,2522.0,2282.0
402.75,2456.385009765625,2458.7939453125,2339.27880859375,2343.82568359375,2447.416259765625,2419.267578125,2340.114501953125,2448.064697265625,2417.51513671875,2522.0,2282.0
403.0,2456.385009765625,2458.80078125,2339.279052734375,2343.82373046875,2447.41650390625,2419.267578125,2340.112060546875,2448.06494140625,2417.515380859375,2522.0,2282.0
403.25,2456.385009765625,2458.791259765625,2339.2744140625,2343.8232421875,2447.41650390625,2420.574951171875,2340.11181640625,2448.06494140625,2418.82177734375,2522.0,2282.0
403.5,2456.38623046875,2458.79931640625,2339.264404296875,2343.822509765625,2447.4169921875,2419.267578125,2340.11083984375,2448.065185546875,2417.515380859375,2522.0,2282.0
403.75,2457.71240234375,2458.790283203125,2339.283935546875,2343.822509765625,2447.41650390625,2419.271240234375,2340.111083984375,2448.064697265625,2417.51904296875,2522.0,2282.0
404.0,2456.385009765625,2458.776611328125,2339.287841796875,2343.823486328125,2447.41650390625,2419.267578125,2340.11181640625,2448.06494140625,2417.515380859375,2522.0,2282.0
404.25,2456.385009765625,2458.791748046875,2339.272705078125,2343.823486328125,2447.41650390625,2419.267333984375,2340.112060546875,2448.06494140625,2417.51513671875,2522.0,2282.0
404.5,2456.38623046875,2458.796875,2339.270751953125,2343.829833984375,2447.416259765625,2419.269287109375,2341.3828125,2448.064697265625,2417.51708984375,2522.0,2282.0
404.75,2456.21240234375,2458.73828125,2340.28955078125,2344.596435546875,2447.1162109375,2419.64697265625,2340.942138671875,2447.739501953125,2417.9453125,2522.0,2282.0
405.0,2456.21240234375,2458.740478515625,2340.25439453125,2344.5556640625,2447.1142578125,2419.6435546875,2340.89892578125,2447.7373046875,2417.942138671875,2522.0,2282.0
405.25,2456.21240234375,2458.739501953125,2340.243896484375,2344.553466796875,2447.114501953125,2419.6435546875,2340.896728515625,2447.737548828125,2417.94189453125,2522.0,2282.0
405.5,2456.21240234375,2458.7392578125,2340.237060546875,2344.55322265625,2447.11669921875,2420.951171875,2340.896484375,2447.73974609375,2417.942138671875,2522.0,2282.0
405.75,2456.213623046875,2458.732666015625,2340.23974609375,2344.552978515625,2447.11474609375,2419.650390625,2340.89599609375,2447.737548828125,2417.9501953125,2522.0,2282.0
406.0,2457.539794921875,2458.73486328125,2340.244140625,2344.552490234375,2447.114501953125,2419.6474609375,2340.895751953125,2447.7373046875,2417.94580078125,2522.0,2282.0
406.25,2456.21240234375,2458.732666015625,2340.23291015625,2344.553466796875,2447.114501953125,2419.6435546875,2340.896728515625,2447.737548828125,2417.942138671875,2522.0,2282.0
406.5,2456.21240234375,2458.731689453125,2341.493896484375,2345.8203125,2448.436767578125,2419.6435546875,2340.896728515625,2449.06005859375,2417.942138671875,2522.0,2282.0
406.75,2456.21240234375,2458.735107421875,2342.4912109375,2346.190673828125,2446.8896484375,2419.5341796875,2342.51416015625,2447.48681640625,2417.95654296875,2522.0,2282.0
407.0,2456.21240234375,2458.74365234375,2342.518310546875,2346.21630859375,2446.89013671875,2419.53466796875,2342.542236328125,2447.4873046875,2417.956787109375,2522.0,2282.0
407.25,2456.21240234375,2458.73681640625,2342.48095703125,2346.18212890625,2446.89013671875,2419.531982421875,2342.505615234375,2447.4873046875,2417.95458984375,2522.0,2282.0
407.5,2456.21240234375,2458.738525390625,2342.48193359375,2346.181640625,2446.889892578125,2419.531982421875,2342.50537109375,2447.487060546875,2417.95458984375,2522.0,2282.0
407.75,2456.21240234375,2458.74462890625,2342.483154296875,2346.181640625,2446.892333984375,2420.839599609375,2342.50537109375,2447.489501953125,2417.95458984375,2522.0,2282.0
408.0,2456.21240234375,2458.729736328125,2342.488525390625,2346.181396484375,2446.892822265625,2420.839599609375,2342.5048828125,2447.489990234375,2417.95458984375,2522.0,2282.0
408.25,2456.21240234375,2458.72998046875,2342.4892578125,2346.1796875,2446.89013671875,2419.538330078125,2342.503173828125,2447.4873046875,2417.962158203125,2522.0,2282.0
408.5,2456.21240234375,2458.736083984375,2342.485107421875,2346.181640625,2446.889892578125,2419.531982421875,2342.50537109375,2447.487060546875,2417.954345703125,2522.0,2282.0
408.75,2456.2822265625,2458.81591796875,2345.024658203125,2348.5849609375,2446.1259765625,2419.2568359375,2344.96435546875,2447.990478515625,2417.62255859375,2522.0,2282.0
409.0,2456.283447265625,2458.811767578125,2343.72900390625,2347.313232421875,2446.124267578125,2419.254638671875,2343.694580078125,2446.666259765625,2417.620361328125,2522.0,2282.0
409.25,2456.283447265625,2458.804931640625,2343.734130859375,2347.32080078125,2446.12646484375,2419.257568359375,2343.7021484375,2446.6689453125,2417.623046875,2522.0,2282.0
409.5,2456.2822265625,2458.806396484375,2343.73388671875,2347.31103515625,2446.126220703125,2419.254638671875,2343.6923828125,2446.668701171875,2417.620361328125,2522.0,2282.0
409.75,2456.281982421875,2458.7919921875,2343.734375,2347.310546875,2446.126220703125,2419.254638671875,2343.69189453125,2446.66845703125,2417.620361328125,2522.0,2282.0
410.0,2456.2822265625,2458.805419921875,2343.735107421875,2347.310546875,2446.128662109375,2419.254638671875,2343.69189453125,2446.6708984375,2417.620361328125,2522.0,2282.0
410.25,2456.283447265625,2458.795654296875,2343.743896484375,2347.321044921875,2446.129150390625,2419.254638671875,2343.702392578125,2446.671630859375,2417.6201171875,2522.0,2282.0
410.5,2457.609619140625,2458.8017578125,2343.740234375,2347.30859375,2446.12646484375,2419.260986328125,2343.68994140625,2446.668701171875,2417.628173828125,2522.0,2282.0
410.75,2456.160888671875,2458.74072265625,2342.871826171875,2346.341796875,2446.0126953125,2420.319091796875,2342.6728515625,2446.5048828125,2418.82373046875,2522.0,2282.0
411.0,2456.160888671875,2458.74072265625,2342.888671875,2346.348388671875,2447.334228515625,2420.3212890625,2342.679443359375,2447.82666015625,2418.825927734375,2522.0,2282.0
411.25,2456.160888671875,2458.760986328125,2342.880126953125,2346.347900390625,2446.012451171875,2420.3212890625,2342.678955078125,2447.82666015625,2418.825927734375,2522.0,2282.0
411.5,2456.160888671875,2458.736572265625,2342.900146484375,2346.37646484375,2446.01220703125,2420.318603515625,2342.709716796875,2446.504638671875,2418.822998046875,2522.0,2282.0
411.75,2456.160888671875,2458.737548828125,2342.869140625,2346.342041015625,2446.012939453125,2420.319091796875,2342.673095703125,2446.5048828125,2418.82373046875,2522.0,2282.0
412.0,2456.160888671875,2458.75048828125,2342.8828125,2346.341796875,2446.012939453125,2420.31884765625,2342.6728515625,2446.5048828125,2418.823486328125,2522.0,2282.0
412.25,2456.160888671875,2458.735107421875,2342.884033203125,2346.341796875,2446.0126953125,2420.31884765625,2342.6728515625,2446.5048828125,2420.130615234375,2522.0,2282.0
412.5,2456.162109375,2458.743408203125,2342.888916015625,2346.3515625,2446.01611328125,2420.3251953125,2342.6826171875,2446.508056640625,2418.8310546875,2522.0,2282.0
412.75,2457.41845703125,2458.675537109375,2341.775634765625,2345.2392578125,2446.400634765625,2420.555908203125,2341.529541015625,2446.929443359375,2419.060791015625,2522.0,2282.0
413.0,2456.091064453125,2458.67138671875,2341.771484375,2345.241455078125,2446.400634765625,2420.555419921875,2341.531982421875,2446.929931640625,2419.060302734375,2522.0,2282.0
413.25,2456.091064453125,2458.678466796875,2343.043701171875,2346.509033203125,2446.400634765625,2420.55517578125,2342.79736328125,2448.251953125,2419.060302734375,2522.0,2282.0
413.5,2456.092529296875,2458.672119140625,2341.78662109375,2345.248291015625,2446.398681640625,2420.5576171875,2341.538818359375,2446.927490234375,2419.062255859375,2522.0,2282.0
413.75,2456.092529296875,2458.66943359375,2341.796142578125,2345.25830078125,2446.404296875,2420.558837890625,2341.548583984375,2446.933349609375,2419.063720703125,2522.0,2282.0
414.0,2456.091064453125,2458.6748046875,2341.781005859375,2345.241943359375,2446.400634765625,2420.55517578125,2341.532470703125,2446.9296875,2419.060302734375,2522.0,2282.0
414.25,2456.091064453125,2458.66455078125,2341.77685546875,2345.24169921875,2446.400634765625,2420.55517578125,2341.531982421875,2446.9296875,2419.060302734375,2522.0,2282.0
414.5,2456.09130859375,2458.6787109375,2341.7783203125,2345.241455078125,2446.403076171875,2421.86328125,2341.531982421875,2446.932373046875,2419.060302734375,2522.0,2282.0
414.75,2455.969970703125,2458.604736328125,2341.369873046875,2344.845458984375,2446.523193359375,2421.40576171875,2341.118408203125,2447.03271484375,2420.005859375,2522.0,2282.0
415.0,2457.297119140625,2458.610107421875,2341.369140625,2344.84521484375,2446.52001953125,2421.406005859375,2341.1181640625,2447.029541015625,2420.006103515625,2522.0,2282.0
415.25,2455.969970703125,2458.61279296875,2341.379638671875,2344.845947265625,2446.52001953125,2421.406005859375,2341.118896484375,2447.029541015625,2420.006103515625,2522.0,2282.0
415.5,2455.969970703125,2458.602294921875,2341.39599609375,2344.85205078125,2446.52001953125,2421.40576171875,2341.125244140625,2448.351806640625,2420.005859375,2522.0,2282.0
415.75,2455.969970703125,2458.600341796875,2341.383544921875,2344.852783203125,2446.519775390625,2421.408203125,2341.125732421875,2447.029296875,2420.00830078125,2522.0,2282.0
416.0,2455.969970703125,2458.6123046875,2341.388427734375,2344.847900390625,2446.516845703125,2421.40576171875,2341.120849609375,2447.026123046875,2420.005615234375,2522.0,2282.0
416.25,2455.969970703125,2458.604248046875,2341.365478515625,2344.84619140625,2446.52001953125,2421.40576171875,2341.119384765625,2447.029541015625,2420.005859375,2522.0,2282.0
416.5,2455.969970703125,2458.6181640625,2341.38427734375,2344.845947265625,2446.52001953125,2421.40576171875,2341.118896484375,2447.029541015625,2420.005859375,2522.0,2282.0
416.75,2456.21044921875,2458.621337890625,2339.23828125,2342.8310546875,2447.33154296875,2420.757080078125,2338.958740234375,2447.927978515625,2420.676025390625,2522.0,2282.0
417.0,2456.211669921875,2458.623779296875,2339.236572265625,2342.8193359375,2447.329833984375,2420.7666015625,2338.94677734375,2447.926025390625,2419.37939453125,2522.0,2282.0
417.25,2457.537841796875,2458.620849609375,2339.22802734375,2342.819580078125,2447.329345703125,2420.75732421875,2338.947021484375,2447.925537109375,2419.368896484375,2522.0,2282.0
417.5,2456.21044921875,2458.63134765625,2339.23681640625,2344.086669921875,2448.65185546875,2420.757080078125,2338.947998046875,2447.925537109375,2419.36865234375,2522.0,2282.0
417.75,2456.21044921875,2458.62548828125,2339.2412109375,2342.826416015625,2447.328857421875,2420.7568359375,2338.9541015625,2447.925048828125,2419.368408203125,2522.0,2282.0
418.0,2456.211181640625,2458.631103515625,2339.24169921875,2342.825927734375,2447.33056640625,2420.760009765625,2338.95361328125,2447.92724609375,2419.371337890625,2522.0,2282.0
418.25,2456.210693359375,2458.630126953125,2339.220703125,2342.825439453125,2447.327392578125,2420.757568359375,2338.953125,2447.924072265625,2419.368896484375,2522.0,2282.0
418.5,2456.21044921875,2458.62890625,2339.218994140625,2342.8203125,2447.329345703125,2420.757080078125,2338.947998046875,2447.925537109375,2419.36865234375,2522.0,2282.0
418.75,2456.261962890625,2459.951171875,2339.765869140625,2343.584716796875,2447.27001953125,2420.21875,2339.76904296875,2447.848876953125,2420.042724609375,2522.0,2282.0
419.0,2456.261962890625,2458.62451171875,2339.76171875,2343.58447265625,2447.26806640625,2420.224853515625,2339.7685546875,2447.8466796875,2418.743408203125,2522.0,2282.0
419.25,2456.26318359375,2458.62255859375,2339.7568359375,2343.582763671875,2447.267822265625,2420.224853515625,2339.76708984375,2447.8466796875,2418.743408203125,2522.0,2282.0
419.5,2456.261962890625,2458.6220703125,2339.765380859375,2343.584716796875,2447.267578125,2420.218994140625,2339.76904296875,2447.846435546875,2418.736083984375,2522.0,2282.0
419.75,2456.261962890625,2458.61865234375,2339.772705078125,2343.584716796875,2448.590087890625,2420.21875,2339.76904296875,2449.169189453125,2418.73583984375,2522.0,2282.0
420.0,2456.260498046875,2458.607666015625,2339.778564453125,2343.5908203125,2447.267578125,2420.218505859375,2339.77490234375,2449.169189453125,2418.73583984375,2522.0,2282.0
420.25,2456.263427734375,2458.6103515625,2339.759521484375,2343.595703125,2447.26708984375,2420.220458984375,2339.780029296875,2447.845703125,2418.737548828125,2522.0,2282.0
420.5,2456.261962890625,2458.615966796875,2339.76611328125,2343.587158203125,2447.267578125,2420.22119140625,2339.771484375,2447.846435546875,2418.738037109375,2522.0,2282.0
420.75,2459.1689453125,2460.17724609375,2418.98583984375,2420.45263671875,2453.193359375,2441.8076171875,2419.095947265625,2453.397705078125,2441.279541015625,2522.0,2282.0
421.0,2459.1689453125,2461.49951171875,2418.994140625,2420.464599609375,2453.193115234375,2441.8076171875,2419.10888671875,2453.397705078125,2441.279541015625,2522.0,2282.0
421.25,2459.1689453125,2460.168701171875,2418.9765625,2420.44921875,2453.194091796875,2441.808349609375,2419.0927734375,2453.398681640625,2441.2802734375,2522.0,2282.0
421.5,2460.497802734375,2460.18359375,2419.000732421875,2420.44921875,2454.5185546875,2441.807373046875,2419.092529296875,2454.72314453125,2441.279296875,2522.0,2282.0
421.75,2459.1689453125,2460.178955078125,2418.97265625,2420.4482421875,2453.19287109375,2441.80712890625,2419.091552734375,2453.3974609375,2441.279296875,2522.0,2282.0
422.0,2459.1689453125,2460.169921875,2418.9931640625,2420.4482421875,2453.19287109375,2441.80712890625,2419.091552734375,2453.3974609375,2441.279052734375,2522.0,2282.0
422.25,2459.1689453125,2460.18310546875,2419.005126953125,2420.4482421875,2453.19287109375,2441.807373046875,2419.091552734375,2453.3974609375,2441.279296875,2522.0,2282.0
422.5,2459.1689453125,2460.16357421875,2418.998046875,2420.447998046875,2453.19287109375,2441.807373046875,2419.091552734375,2453.3974609375,2441.279296875,2522.0,2282.0
422.75,2459.46044921875,2460.1884765625,2419.432373046875,2422.6572265625,2453.221923828125,2440.947998046875,2420.0888671875,2453.416015625,2440.25927734375,2522.0,2282.0
423.0,2459.46044921875,2460.201904296875,2419.439208984375,2421.352294921875,2453.222900390625,2440.949462890625,2420.092529296875,2453.416748046875,2440.2607421875,2522.0,2282.0
423.25,2459.46044921875,2461.511962890625,2419.4423828125,2421.365966796875,2453.22021484375,2440.9482421875,2420.10693359375,2453.4140625,2440.259521484375,2522.0,2282.0
423.5,2459.46044921875,2460.19189453125,2419.432373046875,2421.3505859375,2453.22021484375,2440.94873046875,2420.090576171875,2453.4140625,2440.259765625,2522.0,2282.0
423.75,2459.4609375,2460.17919921875,2419.42626953125,2421.34912109375,2454.547607421875,2440.947998046875,2420.08935546875,2453.416015625,2440.25927734375,2522.0,2282.0
424.0,2459.46044921875,2460.180419921875,2419.427001953125,2421.34912109375,2453.221923828125,2440.947998046875,2420.08935546875,2453.415771484375,2440.25927734375,2522.0,2282.0
424.25,2459.46044921875,2460.184814453125,2419.447265625,2421.34912109375,2453.221923828125,2440.947998046875,2420.08935546875,2453.416015625,2440.25927734375,2522.0,2282.0
424.5,2459.46044921875,2460.184814453125,2419.42138671875,2421.34912109375,2453.221923828125,2440.947998046875,2420.08935546875,2453.416015625,2440.25927734375,2522.0,2282.0
424.75,2459.493408203125,2460.11328125,2419.98828125,2421.784912109375,2452.756103515625,2442.501708984375,2420.557373046875,2452.906982421875,2441.84423828125,2522.0,2282.0
425.0,2459.49365234375,2460.114501953125,2419.982666015625,2421.784423828125,2452.75634765625,2441.1865234375,2420.556640625,2452.9072265625,2440.530029296875,2522.0,2282.0
425.25,2459.49365234375,2460.103759765625,2419.98779296875,2421.78466796875,2452.757080078125,2441.1826171875,2420.556884765625,2452.907958984375,2440.525634765625,2522.0,2282.0
425.5,2459.493408203125,2461.44775390625,2420.004150390625,2421.801513671875,2452.75439453125,2441.182861328125,2420.57470703125,2452.9052734375,2440.52587890625,2522.0,2282.0
425.75,2459.493408203125,2460.111083984375,2419.995361328125,2421.788330078125,2452.755615234375,2441.18408203125,2420.560791015625,2452.906494140625,2440.527099609375,2522.0,2282.0
426.0,2460.822509765625,2460.113037109375,2420.000732421875,2421.785400390625,2452.756103515625,2441.1826171875,2420.557861328125,2452.906982421875,2440.525634765625,2522.0,2282.0
426.25,2459.493408203125,2460.114990234375,2419.9873046875,2421.784912109375,2452.75732421875,2441.182373046875,2420.557373046875,2452.908203125,2440.525390625,2522.0,2282.0
426.5,2459.493408203125,2460.117431640625,2419.981689453125,2421.784912109375,2452.756103515625,2441.182373046875,2420.557373046875,2452.906982421875,2440.525390625,2522.0,2282.0
426.75,2459.422119140625,2459.939208984375,2420.380859375,2421.954345703125,2453.22314453125,2441.455322265625,2420.708984375,2453.4287109375,2440.81689453125,2522.0,2282.0
427.0,2459.422119140625,2459.922119140625,2420.389892578125,2421.954345703125,2453.22314453125,2441.455322265625,2420.708984375,2453.4287109375,2440.81689453125,2522.0,2282.0
427.25,2459.422119140625,2459.93603515625,2420.3896484375,2421.953857421875,2453.22314453125,2441.455322265625,2420.70849609375,2453.4287109375,2440.81689453125,2522.0,2282.0
427.5,2459.422119140625,2459.92919921875,2420.38671875,2421.957275390625,2453.224365234375,2441.45556640625,2422.020263671875,2453.4296875,2440.817138671875,2522.0,2282.0
427.75,2459.422119140625,2459.9365234375,2420.38720703125,2421.9599609375,2453.22216796875,2441.456787109375,2420.714599609375,2453.427490234375,2440.818359375,2522.0,2282.0
428.0,2459.422119140625,2459.92578125,2420.394287109375,2421.957763671875,2454.548828125,2441.456787109375,2420.71240234375,2454.75439453125,2440.818359375,2522.0,2282.0
428.25,2459.42236328125,2459.927490234375,2420.397216796875,2421.954833984375,2454.548828125,2441.455322265625,2420.70947265625,2454.75439453125,2440.817138671875,2522.0,2282.0
428.5,2459.422119140625,2459.936767578125,2420.392333984375,2421.954345703125,2453.22412109375,2441.455078125,2420.708984375,2453.4296875,2440.816650390625,2522.0,2282.0
428.75,2459.420166015625,2459.8134765625,2421.35693359375,2422.923095703125,2452.775146484375,2441.85009765625,2421.783203125,2452.975341796875,2441.132568359375,2522.0,2282.0
429.0,2459.420166015625,2459.81103515625,2421.351806640625,2422.923095703125,2452.775146484375,2441.849853515625,2421.783447265625,2452.975341796875,2441.132568359375,2522.0,2282.0
429.25,2459.4208984375,2459.821533203125,2421.332763671875,2422.923095703125,2452.775146484375,2443.16943359375,2421.783203125,2452.97509765625,2442.451904296875,2522.0,2282.0
429.5,2459.420166015625,2459.81005859375,2421.331298828125,2422.922607421875,2452.775390625,2441.85400390625,2421.78271484375,2452.975341796875,2441.13720703125,2522.0,2282.0
429.75,2459.420166015625,2459.81494140625,2421.335205078125,2422.922607421875,2452.775390625,2441.85400390625,2421.78271484375,2452.975341796875,2441.13720703125,2522.0,2282.0
430.0,2459.420166015625,2459.8115234375,2421.35400390625,2422.92578125,2452.775390625,2441.851806640625,2421.785888671875,2452.975341796875,2441.134521484375,2522.0,2282.0
430.25,2459.420166015625,2459.820068359375,2421.361083984375,2422.926513671875,2454.1005859375,2441.85009765625,2421.78662109375,2454.30078125,2441.1328125,2522.0,2282.0
430.5,2460.749267578125,2459.82080078125,2421.341796875,2422.92333984375,2452.775146484375,2441.85009765625,2421.783447265625,2452.975341796875,2441.132568359375,2522.0,2282.0
430.75,2459.302978515625,2459.985107421875,2421.559814453125,2423.2587890625,2452.892333984375,2441.452880859375,2422.191650390625,2453.1669921875,2440.58740234375,2522.0,2282.0
431.0,2459.302978515625,2459.981201171875,2421.554443359375,2423.2587890625,2452.892333984375,2441.453125,2422.191650390625,2453.1669921875,2440.587646484375,2522.0,2282.0
431.25,2459.302978515625,2459.97802734375,2421.565673828125,2423.2587890625,2452.892333984375,2441.453125,2422.191650390625,2453.1669921875,2440.587646484375,2522.0,2282.0
431.5,2459.302978515625,2459.989990234375,2421.5478515625,2423.2587890625,2452.892333984375,2441.453125,2422.191650390625,2453.1669921875,2440.587646484375,2522.0,2282.0
431.75,2459.302978515625,2459.97802734375,2421.555419921875,2423.25830078125,2452.892333984375,2441.453125,2422.19091796875,2453.167236328125,2440.587646484375,2522.0,2282.0
432.0,2459.302978515625,2459.98779296875,2422.862548828125,2424.5673828125,2452.893310546875,2441.45703125,2423.49951171875,2453.16796875,2440.59228515625,2522.0,2282.0
432.25,2459.302978515625,2461.292724609375,2421.5703125,2423.26171875,2452.892333984375,2441.45361328125,2422.1943359375,2453.1669921875,2440.588134765625,2522.0,2282.0
432.5,2459.30322265625,2459.968505859375,2421.5712890625,2423.271484375,2454.216796875,2441.453125,2422.204833984375,2454.49169921875,2440.587646484375,2522.0,2282.0
432.75,2459.268310546875,2459.941162109375,2422.223876953125,2423.913818359375,2453.3115234375,2442.147216796875,2422.92333984375,2453.402587890625,2441.39453125,2522.0,2282.0
433.0,2459.26806640625,2459.941650390625,2422.21875,2423.9140625,2451.98779296875,2442.14697265625,2422.92333984375,2452.078857421875,2441.39453125,2522.0,2282.0
433.25,2459.26806640625,2459.94482421875,2422.216796875,2423.913818359375,2451.986572265625,2442.147216796875,2422.92333984375,2452.077392578125,2441.394775390625,2522.0,2282.0
433.5,2459.26806640625,2459.93994140625,2422.23388671875,2423.913818359375,2451.986572265625,2442.147216796875,2422.92333984375,2452.077392578125,2441.39453125,2522.0,2282.0
433.75,2459.2685546875,2459.944580078125,2422.2255859375,2423.913818359375,2451.986572265625,2442.147216796875,2422.92333984375,2452.077392578125,2442.7138671875,2522.0,2282.0
434.0,2459.26806640625,2459.94873046875,2422.229736328125,2423.913330078125,2451.986572265625,2442.147216796875,2422.9228515625,2452.07763671875,2441.39453125,2522.0,2282.0
434.25,2459.26953125,2459.95361328125,2422.22802734375,2423.912841796875,2451.987548828125,2442.151123046875,2422.922119140625,2452.078369140625,2441.399169921875,2522.0,2282.0
434.5,2459.26806640625,2459.9462890625,2422.228271484375,2423.917236328125,2451.98583984375,2442.148681640625,2422.9267578125,2452.07666015625,2441.396240234375,2522.0,2282.0
434.75,2459.235107421875,2460.025634765625,2422.788330078125,2424.604248046875,2452.42822265625,2441.631103515625,2423.6298828125,2452.5751953125,2440.747802734375,2522.0,2282.0
435.0,2460.56396484375,2460.0087890625,2422.797119140625,2424.603759765625,2452.428466796875,2441.63037109375,2423.62939453125,2452.57568359375,2440.7470703125,2522.0,2282.0
435.25,2459.235107421875,2460.0234375,2422.798095703125,2424.603759765625,2452.4296875,2441.630126953125,2423.62939453125,2452.5771484375,2440.7470703125,2522.0,2282.0
435.5,2459.23486328125,2460.031982421875,2422.783447265625,2424.603515625,2452.4287109375,2441.63037109375,2423.629150390625,2452.57568359375,2440.747314453125,2522.0,2282.0
435.75,2459.235107421875,2460.026123046875,2422.79345703125,2424.603515625,2452.4287109375,2441.63037109375,2423.629150390625,2452.57568359375,2440.7470703125,2522.0,2282.0
436.0,2459.235107421875,2460.026123046875,2422.783447265625,2424.603515625,2452.428466796875,2441.63037109375,2423.629150390625,2452.57568359375,2442.066162109375,2522.0,2282.0
436.25,2459.235107421875,2460.0283203125,2422.801025390625,2424.603271484375,2452.4287109375,2441.633544921875,2423.62890625,2452.575927734375,2440.7509765625,2522.0,2282.0
436.5,2459.235107421875,2460.03076171875,2422.80224609375,2424.6025390625,2452.428955078125,2441.634521484375,2423.628173828125,2452.575927734375,2440.751953125,2522.0,2282.0
436.75,2459.38916015625,2461.335205078125,2423.296875,2424.161865234375,2452.967529296875,2440.927490234375,2422.97314453125,2453.26513671875,2440.196533203125,2522.0,2282.0
437.0,2459.38916015625,2460.016357421875,2423.2841796875,2424.158203125,2452.96630859375,2440.927490234375,2422.969482421875,2453.26416015625,2440.196533203125,2522.0,2282.0
437.25,2459.38916015625,2460.020263671875,2423.293212890625,2424.157470703125,2452.966552734375,2440.92724609375,2422.96875,2453.26416015625,2440.1962890625,2522.0,2282.0
437.5,2459.38916015625,2459.999267578125,2423.288818359375,2424.157470703125,2452.967041015625,2440.92724609375,2422.96875,2453.264892578125,2440.1962890625,2522.0,2282.0
437.75,2459.38916015625,2460.02294921875,2423.28076171875,2424.157470703125,2452.966552734375,2440.92724609375,2422.96875,2453.26416015625,2440.1962890625,2522.0,2282.0
438.0,2459.38916015625,2460.0048828125,2423.29736328125,2424.157470703125,2452.966552734375,2440.92724609375,2422.96875,2453.26416015625,2440.1962890625,2522.0,2282.0
438.25,2459.3896484375,2460.018798828125,2423.297119140625,2424.157470703125,2452.966552734375,2442.246337890625,2422.96875,2453.26416015625,2441.514892578125,2522.0,2282.0
438.5,2459.38916015625,2460.008544921875,2424.60595703125,2425.466796875,2452.9677734375,2440.92724609375,2424.27734375,2453.265380859375,2440.1962890625,2522.0,2282.0
438.75,2459.423828125,2460.035400390625,2420.89111328125,2421.149169921875,2454.491943359375,2441.052734375,2419.78955078125,2454.917236328125,2440.30126953125,2522.0,2282.0
439.0,2459.423828125,2460.046875,2419.59619140625,2421.166259765625,2454.48974609375,2441.054443359375,2419.8076171875,2454.915283203125,2440.302734375,2522.0,2282.0
439.25,2459.423828125,2460.046875,2419.58544921875,2421.16650390625,2455.8154296875,2441.052734375,2419.807861328125,2456.2412109375,2440.30126953125,2522.0,2282.0
439.5,2459.423828125,2460.03759765625,2419.587890625,2421.14892578125,2454.490966796875,2441.052490234375,2419.78955078125,2454.91650390625,2440.30126953125,2522.0,2282.0
439.75,2459.423828125,2460.044189453125,2419.58154296875,2421.14892578125,2454.49072265625,2441.052490234375,2419.78955078125,2454.916259765625,2440.30126953125,2522.0,2282.0
440.0,2459.423828125,2460.032958984375,2419.568603515625,2421.14892578125,2454.49072265625,2441.052490234375,2419.78955078125,2454.916259765625,2440.30126953125,2522.0,2282.0
440.25,2459.423828125,2460.039306640625,2419.57861328125,2421.14892578125,2454.49072265625,2441.052490234375,2419.78955078125,2454.916259765625,2441.619873046875,2522.0,2282.0
440.5,2459.423828125,2460.039794921875,2419.56591796875,2421.148681640625,2454.49072265625,2441.055419921875,2419.7890625,2454.916259765625,2440.304443359375,2522.0,2282.0
440.75,2459.34130859375,2460.250244140625,2419.246337890625,2420.4736328125,2454.61083984375,2440.553466796875,2418.883056640625,2454.94775390625,2440.158447265625,2522.0,2282.0
441.0,2459.34130859375,2461.5615234375,2419.2578125,2420.474609375,2454.608154296875,2440.55419921875,2418.8837890625,2454.945068359375,2440.158935546875,2522.0,2282.0
441.25,2459.34130859375,2460.236572265625,2419.249755859375,2420.472412109375,2454.60986328125,2440.55419921875,2418.881591796875,2454.94677734375,2440.1591796875,2522.0,2282.0
441.5,2459.34130859375,2460.232177734375,2419.26953125,2420.4716796875,2454.60986328125,2440.55322265625,2418.880859375,2454.947021484375,2440.158203125,2522.0,2282.0
441.75,2459.34130859375,2460.234375,2419.266357421875,2420.4716796875,2454.6103515625,2440.55322265625,2418.880859375,2454.947509765625,2440.158203125,2522.0,2282.0
442.0,2459.34130859375,2460.23046875,2419.26123046875,2420.4716796875,2454.60986328125,2440.55322265625,2418.880859375,2454.947021484375,2440.158203125,2522.0,2282.0
442.25,2459.34130859375,2460.234130859375,2419.247314453125,2420.4716796875,2454.60986328125,2440.55322265625,2418.880859375,2454.947021484375,2440.158203125,2522.0,2282.0
442.5,2459.34130859375,2460.22998046875,2419.248779296875,2420.4716796875,2454.60986328125,2440.55322265625,2418.880859375,2454.947021484375,2440.158203125,2522.0,2282.0
442.75,2459.029541015625,2460.028564453125,2420.356201171875,2421.23974609375,2451.992431640625,2444.25537109375,2419.95361328125,2451.92529296875,2444.089111328125,2522.0,2282.0
443.0,2459.029541015625,2461.373046875,2420.370849609375,2421.252685546875,2451.9912109375,2444.25439453125,2419.9677734375,2451.924072265625,2444.087890625,2522.0,2282.0
443.25,2459.029541015625,2461.365478515625,2420.366943359375,2421.24365234375,2451.9921875,2444.255615234375,2419.957763671875,2451.925048828125,2444.089111328125,2522.0,2282.0
443.5,2459.030029296875,2460.041259765625,2420.363525390625,2421.240478515625,2451.992431640625,2444.254150390625,2419.95458984375,2451.92529296875,2444.087646484375,2522.0,2282.0
443.75,2459.029541015625,2460.026123046875,2420.357421875,2421.240234375,2451.992431640625,2444.25390625,2419.954345703125,2451.92529296875,2444.08740234375,2522.0,2282.0
444.0,2459.029541015625,2460.03759765625,2420.345947265625,2421.240234375,2451.992431640625,2444.25390625,2419.954345703125,2451.92529296875,2444.08740234375,2522.0,2282.0
444.25,2459.029541015625,2460.03515625,2420.35205078125,2421.240234375,2451.994140625,2444.253662109375,2419.954345703125,2451.92724609375,2444.087158203125,2522.0,2282.0
444.5,2459.030029296875,2460.032958984375,2420.35302734375,2421.240234375,2451.992431640625,2444.25390625,2419.954345703125,2451.92529296875,2444.08740234375,2522.0,2282.0
444.75,2459.201904296875,2460.082763671875,2422.832275390625,2423.812744140625,2451.929443359375,2443.71826171875,2422.596435546875,2451.901123046875,2443.328125,2522.0,2282.0
445.0,2459.201904296875,2460.0966796875,2421.500244140625,2422.5029296875,2451.929443359375,2442.3984375,2421.287353515625,2451.901123046875,2442.008544921875,2522.0,2282.0
445.25,2459.201904296875,2460.09521484375,2421.532958984375,2422.51904296875,2451.929931640625,2442.40234375,2421.30419921875,2451.901611328125,2442.012939453125,2522.0,2282.0
445.5,2459.202392578125,2460.091552734375,2421.52734375,2422.506591796875,2451.930419921875,2442.39892578125,2421.291015625,2451.902099609375,2442.00927734375,2522.0,2282.0
445.75,2459.201904296875,2460.10888671875,2421.52587890625,2422.50390625,2453.25439453125,2442.399169921875,2421.288330078125,2453.22607421875,2442.00927734375,2522.0,2282.0
446.0,2460.531005859375,2460.090576171875,2421.526611328125,2422.50341796875,2453.254638671875,2442.398193359375,2421.287841796875,2453.22607421875,2442.008544921875,2522.0,2282.0
446.25,2459.201904296875,2460.095703125,2421.507080078125,2422.503662109375,2451.929443359375,2442.398193359375,2421.287841796875,2451.901123046875,2442.00830078125,2522.0,2282.0
446.5,2459.201904296875,2460.1044921875,2421.532470703125,2422.50341796875,2451.929443359375,2442.398193359375,2421.287841796875,2451.901123046875,2442.008544921875,2522.0,2282.0
446.75,2459.14697265625,2459.876708984375,2422.682373046875,2423.6845703125,2450.717041015625,2444.209228515625,2422.62841796875,2450.510498046875,2443.940185546875,2522.0,2282.0
447.0,2459.14697265625,2459.877197265625,2422.68798828125,2423.68408203125,2450.717041015625,2444.209228515625,2422.628173828125,2450.510498046875,2443.940185546875,2522.0,2282.0
447.25,2459.14697265625,2459.8828125,2422.6845703125,2423.695068359375,2450.716552734375,2444.21240234375,2422.6396484375,2450.510009765625,2443.943603515625,2522.0,2282.0
447.5,2459.14697265625,2459.88427734375,2422.702392578125,2423.68798828125,2450.717529296875,2444.210693359375,2422.632080078125,2450.510986328125,2443.94189453125,2522.0,2282.0
447.75,2459.14697265625,2459.8779296875,2422.71240234375,2423.68798828125,2450.717041015625,2444.209228515625,2422.6318359375,2450.510498046875,2443.940185546875,2522.0,2282.0
448.0,2460.47607421875,2459.8818359375,2422.689697265625,2423.6845703125,2450.717041015625,2444.208984375,2422.62841796875,2451.834716796875,2443.940185546875,2522.0,2282.0
448.25,2459.14697265625,2459.868896484375,2422.69189453125,2423.6845703125,2450.717041015625,2444.209228515625,2422.62841796875,2450.510498046875,2443.940185546875,2522.0,2282.0
448.5,2459.14697265625,2459.869140625,2422.68603515625,2423.6845703125,2450.717041015625,2444.209228515625,2422.62841796875,2450.510498046875,2443.940185546875,2522.0,2282.0
448.75,2461.327880859375,2461.37451171875,2482.18701171875,2481.17822265625,2457.1669921875,2460.3720703125,2481.746337890625,2456.917236328125,2460.834716796875,2522.0,2282.0
449.0,2461.3291015625,2461.381103515625,2482.178955078125,2481.178955078125,2457.16748046875,2460.37451171875,2481.7470703125,2456.917724609375,2460.83740234375,2522.0,2282.0
449.25,2461.328369140625,2461.381591796875,2482.168701171875,2481.1787109375,2457.167724609375,2460.373779296875,2481.746826171875,2456.91796875,2460.836669921875,2522.0,2282.0
449.5,2461.3291015625,2461.3740234375,2482.1767578125,2481.178955078125,2457.167724609375,2460.373779296875,2481.7470703125,2456.91796875,2460.836669921875,2522.0,2282.0
449.75,2461.3291015625,2461.372314453125,2482.1630859375,2481.17724609375,2457.16796875,2460.373291015625,2481.745361328125,2458.245849609375,2460.836181640625,2522.0,2282.0
450.0,2461.328857421875,2461.37255859375,2482.181396484375,2481.1787109375,2457.16796875,2460.37353515625,2481.746826171875,2456.918212890625,2460.83642578125,2522.0,2282.0
450.25,2462.6591796875,2461.357666015625,2483.5185546875,2482.51953125,2457.167724609375,2460.373779296875,2483.087890625,2456.91796875,2460.836669921875,2522.0,2282.0
450.5,2461.3291015625,2461.376220703125,2482.16796875,2481.1787109375,2457.168212890625,2461.703369140625,2481.746826171875,2456.91845703125,2462.16650390625,2522.0,2282.0
450.75,2461.1015625,2460.990966796875,2473.0087890625,2471.98388671875,2454.052978515625,2455.879638671875,2472.31591796875,2453.6435546875,2456.21337890625,2522.0,2282.0
451.0,2461.100341796875,2460.97509765625,2473.00537109375,2471.98828125,2454.052978515625,2455.879638671875,2472.320556640625,2453.6435546875,2456.21337890625,2522.0,2282.0
451.25,2461.100341796875,2460.9853515625,2473.00830078125,2471.98828125,2454.052490234375,2455.87890625,2472.320556640625,2453.64306640625,2456.212646484375,2522.0,2282.0
451.5,2461.100341796875,2460.98583984375,2473.019287109375,2471.98828125,2454.052490234375,2455.879638671875,2472.320556640625,2453.64306640625,2456.21337890625,2522.0,2282.0
451.75,2461.100341796875,2460.99169921875,2473.008056640625,2471.98828125,2454.052490234375,2455.879638671875,2472.320556640625,2453.64306640625,2456.21337890625,2522.0,2282.0
452.0,2461.100341796875,2460.992919921875,2473.02490234375,2471.989013671875,2454.052490234375,2455.879638671875,2472.3212890625,2453.64306640625,2456.21337890625,2522.0,2282.0
452.25,2461.100341796875,2460.982666015625,2473.016845703125,2471.98828125,2455.378662109375,2455.8798828125,2472.320556640625,2454.968994140625,2456.213623046875,2522.0,2282.0
452.5,2461.100341796875,2460.981201171875,2473.0009765625,2471.987548828125,2454.053466796875,2455.879150390625,2472.31982421875,2453.64404296875,2456.213134765625,2522.0,2282.0
452.75,2460.9794921875,2460.9228515625,2471.295166015625,2470.394775390625,2455.1298828125,2455.81103515625,2470.62646484375,2454.916259765625,2456.00732421875,2522.0,2282.0
453.0,2460.9794921875,2460.927734375,2471.31201171875,2470.395751953125,2455.1298828125,2457.13818359375,2470.62744140625,2454.916259765625,2457.33447265625,2522.0,2282.0
453.25,2460.9794921875,2460.9287109375,2471.29541015625,2470.39208984375,2455.130126953125,2455.81103515625,2470.62353515625,2454.91650390625,2456.007080078125,2522.0,2282.0
453.5,2460.9775390625,2460.92236328125,2471.302978515625,2470.3955078125,2455.12939453125,2455.810791015625,2470.627197265625,2454.916015625,2456.0068359375,2522.0,2282.0
453.75,2460.9775390625,2460.911865234375,2471.30615234375,2470.3955078125,2455.1298828125,2455.81103515625,2470.626953125,2454.916259765625,2456.007080078125,2522.0,2282.0
454.0,2460.9794921875,2460.93359375,2471.2939453125,2470.3955078125,2455.1298828125,2455.81103515625,2470.626953125,2454.916259765625,2456.007080078125,2522.0,2282.0
454.25,2460.97998046875,2460.90087890625,2471.30224609375,2470.3955078125,2455.1298828125,2455.81103515625,2470.627197265625,2454.916259765625,2456.007080078125,2522.0,2282.0
454.5,2460.97900390625,2460.902099609375,2471.319091796875,2470.39599609375,2455.1298828125,2455.811279296875,2470.62744140625,2454.916259765625,2456.00732421875,2522.0,2282.0
454.75,2462.309326171875,2461.03369140625,2469.4033203125,2469.4228515625,2455.928955078125,2455.401611328125,2469.701904296875,2455.846435546875,2455.24609375,2522.0,2282.0
455.0,2460.981201171875,2461.018798828125,2469.40087890625,2469.422607421875,2455.928955078125,2455.401611328125,2469.70166015625,2455.846435546875,2455.246337890625,2522.0,2282.0
455.25,2460.982421875,2461.025390625,2470.732666015625,2470.756591796875,2455.92919921875,2455.401611328125,2471.035888671875,2455.8466796875,2455.24609375,2522.0,2282.0
455.5,2460.981201171875,2461.0302734375,2469.401123046875,2469.421875,2455.92919921875,2455.4013671875,2469.701171875,2455.8466796875,2455.24609375,2522.0,2282.0
455.75,2460.981201171875,2461.02392578125,2469.399169921875,2469.420166015625,2455.929443359375,2455.4013671875,2469.69921875,2455.846923828125,2455.24609375,2522.0,2282.0
456.0,2460.981201171875,2461.014892578125,2469.419921875,2469.422119140625,2455.928955078125,2455.401611328125,2469.701171875,2455.846435546875,2455.24609375,2522.0,2282.0
456.25,2460.981201171875,2461.03125,2469.39013671875,2469.421875,2455.92919921875,2455.401611328125,2469.701171875,2455.8466796875,2455.24609375,2522.0,2282.0
456.5,2460.983154296875,2462.372802734375,2469.398681640625,2469.422119140625,2457.25634765625,2455.401611328125,2469.701171875,2457.173828125,2455.24609375,2522.0,2282.0
456.75,2461.20458984375,2462.4228515625,2464.874755859375,2466.135498046875,2457.971435546875,2454.578369140625,2466.442138671875,2457.920654296875,2454.2685546875,2522.0,2282.0
457.0,2461.204833984375,2461.0927734375,2464.85498046875,2466.134521484375,2456.64404296875,2454.578369140625,2466.44140625,2456.59326171875,2454.2685546875,2522.0,2282.0
457.25,2461.204833984375,2461.087646484375,2464.860595703125,2466.134765625,2456.64404296875,2455.904541015625,2466.44140625,2456.59326171875,2454.26806640625,2522.0,2282.0
457.5,2461.204833984375,2461.08984375,2464.87353515625,2466.135498046875,2456.643798828125,2454.578369140625,2466.442138671875,2456.593017578125,2454.2685546875,2522.0,2282.0
457.75,2461.204833984375,2461.093505859375,2464.87255859375,2466.135498046875,2456.643798828125,2454.578369140625,2466.442138671875,2456.593017578125,2454.2685546875,2522.0,2282.0
458.0,2461.204833984375,2461.084228515625,2464.87060546875,2466.13623046875,2456.6435546875,2454.578369140625,2466.442626953125,2456.593017578125,2454.2685546875,2522.0,2282.0
458.25,2461.204833984375,2461.09619140625,2464.856689453125,2466.135498046875,2456.643798828125,2454.578369140625,2466.442138671875,2456.593017578125,2454.2685546875,2522.0,2282.0
458.5,2461.204833984375,2461.09423828125,2464.866455078125,2466.135498046875,2456.643798828125,2454.578369140625,2466.442138671875,2456.593017578125,2454.2685546875,2522.0,2282.0
458.75,2460.9677734375,2461.303466796875,2464.280517578125,2465.32666015625,2457.928955078125,2455.26318359375,2465.50830078125,2458.040771484375,2455.08154296875,2522.0,2282.0
459.0,2460.969970703125,2461.29833984375,2464.27294921875,2465.32666015625,2459.257080078125,2455.26318359375,2465.50830078125,2459.369140625,2455.08154296875,2522.0,2282.0
459.25,2460.96826171875,2461.291259765625,2464.263916015625,2465.325927734375,2457.928466796875,2455.26318359375,2465.507568359375,2458.040283203125,2455.08154296875,2522.0,2282.0
459.5,2460.96826171875,2461.288818359375,2464.284423828125,2465.325439453125,2457.9287109375,2455.26318359375,2465.507080078125,2458.040771484375,2455.08154296875,2522.0,2282.0
459.75,2460.96826171875,2461.281982421875,2464.280517578125,2465.326416015625,2457.9287109375,2455.26318359375,2465.508056640625,2458.04052734375,2455.08154296875,2522.0,2282.0
460.0,2460.96826171875,2461.287109375,2464.27392578125,2465.326416015625,2457.9287109375,2455.26318359375,2465.50830078125,2458.040771484375,2455.08154296875,2522.0,2282.0
460.25,2460.96826171875,2461.29052734375,2464.28857421875,2465.3271484375,2457.9287109375,2455.262939453125,2465.5087890625,2458.04052734375,2455.08154296875,2522.0,2282.0
460.5,2460.96826171875,2461.28271484375,2464.288818359375,2465.32666015625,2457.9287109375,2455.262939453125,2465.50830078125,2458.04052734375,2455.08154296875,2522.0,2282.0
460.75,2460.524658203125,2461.406005859375,2466.152587890625,2466.52490234375,2456.1025390625,2458.091796875,2466.840576171875,2456.01220703125,2458.153564453125,2522.0,2282.0
461.0,2460.52294921875,2461.39697265625,2466.153076171875,2466.524658203125,2456.1025390625,2458.091796875,2466.840576171875,2456.01220703125,2458.153564453125,2522.0,2282.0
461.25,2460.524169921875,2461.40380859375,2466.13525390625,2466.524658203125,2456.102783203125,2458.091552734375,2466.840576171875,2456.012451171875,2458.1533203125,2522.0,2282.0
461.5,2461.85595703125,2461.39306640625,2466.143310546875,2466.52392578125,2456.102783203125,2458.091552734375,2466.83984375,2456.0126953125,2458.153564453125,2522.0,2282.0
461.75,2460.524658203125,2461.413818359375,2466.12841796875,2466.523681640625,2456.102783203125,2459.41943359375,2466.83935546875,2456.0126953125,2459.4814453125,2522.0,2282.0
462.0,2460.524658203125,2461.38671875,2467.482666015625,2467.858154296875,2456.102783203125,2458.09130859375,2468.174072265625,2456.0126953125,2458.1533203125,2522.0,2282.0
462.25,2460.524658203125,2461.39306640625,2466.141357421875,2466.5244140625,2456.1025390625,2458.09130859375,2466.840087890625,2456.01220703125,2458.153076171875,2522.0,2282.0
462.5,2460.5244140625,2461.40234375,2466.125732421875,2466.5244140625,2456.102783203125,2458.09130859375,2466.840087890625,2456.012451171875,2458.153076171875,2522.0,2282.0
462.75,2460.4638671875,2461.774658203125,2468.0361328125,2468.18017578125,2456.582763671875,2455.600341796875,2468.39697265625,2456.57763671875,2455.635986328125,2522.0,2282.0
463.0,2460.4619140625,2461.778564453125,2468.05078125,2468.18017578125,2456.582763671875,2455.600341796875,2468.397216796875,2456.577392578125,2455.6357421875,2522.0,2282.0
463.25,2460.46337890625,2461.77685546875,2468.042724609375,2468.18017578125,2456.582763671875,2455.600341796875,2468.397216796875,2456.577392578125,2455.635986328125,2522.0,2282.0
463.5,2460.46240234375,2463.113525390625,2468.041748046875,2468.18017578125,2457.910400390625,2455.600341796875,2468.39697265625,2457.905029296875,2455.6357421875,2522.0,2282.0
463.75,2461.78955078125,2461.78662109375,2468.04736328125,2468.1796875,2456.582763671875,2455.60009765625,2468.396728515625,2456.577392578125,2455.6357421875,2522.0,2282.0
464.0,2460.4619140625,2461.762939453125,2468.0458984375,2468.180419921875,2456.582763671875,2455.600341796875,2468.397216796875,2456.577392578125,2455.6357421875,2522.0,2282.0
464.25,2460.4619140625,2461.772216796875,2469.376953125,2469.51416015625,2456.582763671875,2455.600341796875,2469.73095703125,2456.577392578125,2455.635986328125,2522.0,2282.0
464.5,2460.462890625,2461.77685546875,2468.05126953125,2468.178955078125,2456.5830078125,2455.599365234375,2468.395751953125,2456.57763671875,2455.634765625,2522.0,2282.0
464.75,2460.480712890625,2461.753662109375,2467.4443359375,2467.360595703125,2456.75,2456.248291015625,2467.559814453125,2456.79931640625,2456.30224609375,2522.0,2282.0
465.0,2460.479736328125,2461.737548828125,2467.44921875,2467.360595703125,2456.75,2456.248291015625,2467.56005859375,2456.79931640625,2456.30224609375,2522.0,2282.0
465.25,2460.476318359375,2461.740478515625,2467.43408203125,2467.360595703125,2456.75,2456.248291015625,2467.56005859375,2456.799072265625,2456.30224609375,2522.0,2282.0
465.5,2460.481689453125,2461.738525390625,2467.430908203125,2467.360595703125,2456.75,2456.248291015625,2467.56005859375,2456.799072265625,2456.30224609375,2522.0,2282.0
465.75,2460.482177734375,2463.076904296875,2467.431640625,2467.36083984375,2456.75,2456.248291015625,2467.56005859375,2458.126708984375,2456.30224609375,2522.0,2282.0
466.0,2460.478759765625,2461.7373046875,2467.44580078125,2467.3603515625,2456.74951171875,2456.248291015625,2467.5595703125,2456.798828125,2456.30224609375,2522.0,2282.0
466.25,2460.476806640625,2461.732177734375,2467.43896484375,2467.3603515625,2456.74951171875,2457.57568359375,2467.5595703125,2456.798583984375,2457.629638671875,2522.0,2282.0
466.5,2460.4775390625,2461.73681640625,2467.456298828125,2467.36083984375,2456.75,2456.248291015625,2467.560302734375,2456.799072265625,2456.30224609375,2522.0,2282.0
466.75,2460.5283203125,2461.511474609375,2463.158203125,2463.4208984375,2456.281494140625,2458.300048828125,2463.521484375,2456.114990234375,2458.654052734375,2522.0,2282.0
467.0,2460.5263671875,2461.497802734375,2463.16064453125,2463.421630859375,2456.281494140625,2458.30029296875,2463.522216796875,2456.11474609375,2458.654052734375,2522.0,2282.0
467.25,2460.529052734375,2461.517578125,2463.150146484375,2463.42138671875,2456.281494140625,2458.30029296875,2463.522216796875,2456.11474609375,2458.654052734375,2522.0,2282.0
467.5,2460.5283203125,2461.495361328125,2463.146484375,2463.421630859375,2456.281494140625,2458.30029296875,2463.522216796875,2456.11474609375,2458.654052734375,2522.0,2282.0
467.75,2460.5244140625,2461.498779296875,2463.163330078125,2463.421630859375,2456.281494140625,2458.30029296875,2463.522216796875,2456.11474609375,2458.654052734375,2522.0,2282.0
468.0,2460.523193359375,2461.508056640625,2463.17626953125,2463.421630859375,2457.60888671875,2458.30029296875,2463.522216796875,2457.442138671875,2458.654052734375,2522.0,2282.0
468.25,2461.8564453125,2461.500732421875,2463.164306640625,2463.421875,2456.281494140625,2458.30029296875,2463.5224609375,2456.11474609375,2458.654052734375,2522.0,2282.0
468.5,2460.5263671875,2461.516357421875,2463.162109375,2463.42138671875,2456.28173828125,2458.300048828125,2463.52197265625,2456.114990234375,2459.982666015625,2522.0,2282.0
468.75,2460.1669921875,2461.531005859375,2462.30078125,2462.460693359375,2455.976806640625,2459.662841796875,2462.586669921875,2455.7978515625,2460.041748046875,2522.0,2282.0
469.0,2460.165771484375,2461.53662109375,2462.28857421875,2462.45947265625,2455.976318359375,2459.66259765625,2462.58544921875,2455.797607421875,2460.04150390625,2522.0,2282.0
469.25,2460.170166015625,2461.552001953125,2462.29150390625,2462.460693359375,2455.976806640625,2459.66259765625,2462.586669921875,2455.7978515625,2460.04150390625,2522.0,2282.0
469.5,2460.1669921875,2461.53173828125,2462.298095703125,2462.460693359375,2455.976806640625,2459.662841796875,2462.586669921875,2455.7978515625,2460.041748046875,2522.0,2282.0
469.75,2460.1669921875,2461.540771484375,2462.302978515625,2462.460693359375,2455.976806640625,2459.662841796875,2462.586669921875,2455.7978515625,2460.041748046875,2522.0,2282.0
470.0,2460.167724609375,2461.537353515625,2462.2822265625,2462.460693359375,2455.9765625,2459.662841796875,2462.586669921875,2455.7978515625,2460.041748046875,2522.0,2282.0
470.25,2460.1689453125,2462.860595703125,2462.31640625,2462.460693359375,2457.303955078125,2459.662841796875,2462.586669921875,2457.125,2460.041748046875,2522.0,2282.0
470.5,2461.4970703125,2461.53076171875,2462.298828125,2462.46142578125,2455.9765625,2459.662841796875,2462.587646484375,2455.7978515625,2460.041748046875,2522.0,2282.0
470.75,2460.3388671875,2461.496337890625,2460.203857421875,2460.133544921875,2456.89111328125,2459.477783203125,2460.0869140625,2456.869873046875,2459.8291015625,2522.0,2282.0
471.0,2460.335693359375,2461.4931640625,2461.53662109375,2461.4619140625,2456.89111328125,2459.47705078125,2461.4150390625,2456.869873046875,2459.828369140625,2522.0,2282.0
471.25,2460.3388671875,2461.4775390625,2461.5244140625,2461.4619140625,2456.89111328125,2459.474609375,2461.415283203125,2456.869873046875,2459.82568359375,2522.0,2282.0
471.5,2460.337646484375,2461.4892578125,2460.205810546875,2460.13232421875,2456.89111328125,2459.477294921875,2460.08544921875,2456.869873046875,2459.828857421875,2522.0,2282.0
471.75,2460.335693359375,2461.482421875,2460.2041015625,2460.132568359375,2456.89111328125,2459.477294921875,2460.0859375,2456.869873046875,2459.82861328125,2522.0,2282.0
472.0,2460.337646484375,2461.47900390625,2460.21337890625,2460.132568359375,2456.89111328125,2459.477294921875,2460.0859375,2456.869873046875,2459.82861328125,2522.0,2282.0
472.25,2460.3388671875,2461.492431640625,2460.19580078125,2460.132568359375,2458.21875,2459.477294921875,2460.0859375,2456.869873046875,2459.828857421875,2522.0,2282.0
472.5,2460.33740234375,2462.8115234375,2460.199951171875,2460.132568359375,2458.21875,2459.477294921875,2460.0859375,2458.197509765625,2459.828857421875,2522.0,2282.0
472.75,2456.1181640625,2459.19091796875,2347.58251953125,2350.605712890625,2447.556396484375,2426.935546875,2347.12548828125,2448.1259765625,2425.72509765625,2522.0,2282.0
473.0,2456.11669921875,2459.177978515625,2347.577880859375,2350.60595703125,2448.875732421875,2426.93505859375,2347.125732421875,2448.12255859375,2425.724365234375,2522.0,2282.0
473.25,2456.11669921875,2459.198974609375,2347.589599609375,2350.60595703125,2448.875732421875,2426.936279296875,2347.125732421875,2449.4453125,2425.7255859375,2522.0,2282.0
473.5,2456.11669921875,2459.1826171875,2347.609130859375,2350.61279296875,2447.555419921875,2426.93896484375,2347.132568359375,2448.124755859375,2425.728271484375,2522.0,2282.0
473.75,2456.11767578125,2459.19140625,2347.613037109375,2350.64306640625,2447.55322265625,2426.93603515625,2347.1650390625,2448.122802734375,2425.725341796875,2522.0,2282.0
474.0,2456.11669921875,2459.189697265625,2347.57666015625,2350.605712890625,2447.552978515625,2426.93505859375,2347.12548828125,2448.12255859375,2427.03515625,2522.0,2282.0
474.25,2456.11669921875,2459.190673828125,2347.58154296875,2350.606201171875,2447.55322265625,2426.93505859375,2347.1259765625,2448.12255859375,2427.03515625,2522.0,2282.0
474.5,2456.11669921875,2460.51708984375,2347.57958984375,2350.605224609375,2447.553466796875,2428.24658203125,2347.124755859375,2448.12255859375,2425.724365234375,2522.0,2282.0
474.75,2455.890625,2459.022216796875,2348.412841796875,2350.941650390625,2446.073486328125,2428.552734375,2347.4326171875,2446.308349609375,2427.830078125,2522.0,2282.0
475.0,2457.2177734375,2459.014892578125,2348.41455078125,2350.93212890625,2446.070556640625,2428.548828125,2347.423095703125,2446.3056640625,2427.8251953125,2522.0,2282.0
475.25,2457.2177734375,2459.010498046875,2348.39697265625,2350.931884765625,2446.07080078125,2428.548828125,2347.4228515625,2446.3056640625,2427.824951171875,2522.0,2282.0
475.5,2455.890625,2459.0107421875,2348.405517578125,2350.93798828125,2447.394775390625,2428.5498046875,2347.42919921875,2447.6298828125,2427.826171875,2522.0,2282.0
475.75,2455.890625,2459.0341796875,2348.409912109375,2350.93212890625,2446.07080078125,2428.548583984375,2347.423095703125,2446.305908203125,2427.824951171875,2522.0,2282.0
476.0,2455.890625,2459.017333984375,2348.391357421875,2350.93603515625,2446.073486328125,2428.549072265625,2347.42724609375,2446.308837890625,2427.8251953125,2522.0,2282.0
476.25,2455.890625,2459.019775390625,2348.402099609375,2350.93212890625,2446.07080078125,2428.548583984375,2347.423095703125,2446.3056640625,2427.824951171875,2522.0,2282.0
476.5,2455.890625,2459.020751953125,2348.41943359375,2350.931640625,2446.070556640625,2428.548583984375,2347.4228515625,2446.3056640625,2429.136962890625,2522.0,2282.0
476.75,2456.011962890625,2460.40966796875,2346.688232421875,2349.955810546875,2446.615966796875,2427.537841796875,2346.47216796875,2446.95751953125,2426.583251953125,2522.0,2282.0
477.0,2456.013427734375,2459.08251953125,2346.701171875,2349.95458984375,2446.618408203125,2427.538330078125,2346.470703125,2446.959716796875,2426.583740234375,2522.0,2282.0
477.25,2456.013427734375,2459.07861328125,2346.717529296875,2349.966796875,2446.618896484375,2427.5380859375,2346.483154296875,2446.96044921875,2426.58349609375,2522.0,2282.0
477.5,2456.011962890625,2459.08984375,2346.696533203125,2349.95654296875,2446.615966796875,2427.537841796875,2346.472900390625,2446.95751953125,2426.583251953125,2522.0,2282.0
477.75,2456.011962890625,2459.081298828125,2347.98779296875,2351.232666015625,2447.9404296875,2427.5390625,2347.7470703125,2446.9599609375,2426.58447265625,2522.0,2282.0
478.0,2456.011962890625,2459.080810546875,2346.71728515625,2349.96533203125,2447.9404296875,2427.542236328125,2346.481689453125,2448.2822265625,2426.587646484375,2522.0,2282.0
478.25,2456.011962890625,2459.083740234375,2346.7119140625,2349.956787109375,2446.615966796875,2427.537353515625,2346.47314453125,2446.95751953125,2426.582763671875,2522.0,2282.0
478.5,2456.011962890625,2459.084228515625,2346.70458984375,2349.956787109375,2446.615966796875,2427.537353515625,2346.472900390625,2446.95751953125,2426.582763671875,2522.0,2282.0
478.75,2456.048583984375,2459.230224609375,2345.4375,2348.819580078125,2446.813232421875,2426.982421875,2345.2001953125,2447.100341796875,2427.468017578125,2522.0,2282.0
479.0,2456.048583984375,2460.560546875,2345.44384765625,2348.81884765625,2446.8134765625,2426.982421875,2345.199462890625,2447.100341796875,2426.156982421875,2522.0,2282.0
479.25,2456.048583984375,2459.234130859375,2345.4501953125,2348.8291015625,2446.816162109375,2426.9853515625,2345.209716796875,2447.103271484375,2426.159912109375,2522.0,2282.0
479.5,2457.375732421875,2459.232421875,2345.43798828125,2348.81982421875,2446.8134765625,2426.982666015625,2345.20068359375,2447.100341796875,2426.1572265625,2522.0,2282.0
479.75,2456.048583984375,2459.220947265625,2346.724853515625,2348.825439453125,2446.8134765625,2426.982421875,2346.4736328125,2447.100341796875,2426.156982421875,2522.0,2282.0
480.0,2456.048583984375,2459.228271484375,2346.703125,2350.0888671875,2446.8134765625,2426.982421875,2346.467529296875,2447.1005859375,2426.156982421875,2522.0,2282.0
480.25,2456.048583984375,2459.2265625,2345.4892578125,2348.858642578125,2448.13671875,2426.985595703125,2345.24169921875,2447.101318359375,2426.159912109375,2522.0,2282.0
480.5,2456.048583984375,2459.223876953125,2345.447509765625,2348.821533203125,2446.813232421875,2426.982421875,2345.202392578125,2447.100341796875,2426.15673828125,2522.0,2282.0
480.75,2450.5185546875,2456.571044921875,2185.627197265625,2194.093017578125,2436.6630859375,2384.17041015625,2184.1748046875,2437.833251953125,2381.45751953125,2522.0,2282.0
481.0,2450.518798828125,2457.904296875,2184.43701171875,2192.908935546875,2436.663818359375,2384.159912109375,2184.17578125,2437.83447265625,2381.444091796875,2522.0,2282.0
481.25,2450.518798828125,2456.57080078125,2184.530029296875,2192.994384765625,2437.970703125,2384.153076171875,2184.2666015625,2437.82421875,2381.436767578125,2522.0,2282.0
481.5,2450.518798828125,2456.56787109375,2184.45654296875,2192.912353515625,2436.662841796875,2384.15087890625,2184.179443359375,2439.15087890625,2381.434814453125,2522.0,2282.0
481.75,2450.521728515625,2456.56884765625,2184.463623046875,2192.927734375,2436.6689453125,2384.150390625,2184.194580078125,2437.839599609375,2381.434326171875,2522.0,2282.0
482.0,2450.521728515625,2456.564697265625,2184.435302734375,2192.906982421875,2436.670166015625,2384.150146484375,2184.173828125,2437.8408203125,2381.434326171875,2522.0,2282.0
482.25,2451.8427734375,2456.569091796875,2184.44189453125,2192.90478515625,2436.663818359375,2384.150634765625,2184.171630859375,2437.83447265625,2381.434814453125,2522.0,2282.0
482.5,2450.521484375,2456.582275390625,2184.435302734375,2192.904541015625,2436.66357421875,2384.150634765625,2184.17138671875,2437.833984375,2382.7216796875,2522.0,2282.0
482.75,2450.681396484375,2456.88623046875,2180.319091796875,2188.517578125,2439.45361328125,2380.74072265625,2179.187255859375,2440.932861328125,2378.13720703125,2522.0,2282.0
483.0,2450.678955078125,2456.888916015625,2180.3193359375,2188.517578125,2439.453369140625,2380.758544921875,2179.187255859375,2440.932373046875,2378.157470703125,2522.0,2282.0
483.25,2450.678955078125,2456.9072265625,2180.312744140625,2188.51171875,2439.460205078125,2380.75537109375,2179.181884765625,2440.939453125,2378.151611328125,2522.0,2282.0
483.5,2450.678955078125,2456.89599609375,2180.41162109375,2188.599609375,2439.443603515625,2380.74365234375,2179.275390625,2440.922607421875,2378.139404296875,2522.0,2282.0
483.75,2450.678955078125,2456.89599609375,2180.3388671875,2188.536376953125,2439.459228515625,2380.7412109375,2179.206787109375,2440.9384765625,2378.13671875,2522.0,2282.0
484.0,2450.678955078125,2456.893310546875,2180.302978515625,2188.50830078125,2439.459716796875,2380.74072265625,2179.178466796875,2442.258056640625,2378.13720703125,2522.0,2282.0
484.25,2450.681884765625,2456.8916015625,2180.309326171875,2188.506591796875,2439.45361328125,2380.740478515625,2179.1767578125,2440.932861328125,2378.13671875,2522.0,2282.0
484.5,2450.678955078125,2456.90380859375,2180.307373046875,2188.506103515625,2439.453857421875,2380.739990234375,2179.176025390625,2440.93310546875,2378.13623046875,2522.0,2282.0
484.75,2450.4189453125,2456.80859375,2183.059814453125,2191.132568359375,2439.084716796875,2381.357421875,2181.930908203125,2440.590576171875,2378.632568359375,2522.0,2282.0
485.0,2450.42138671875,2456.800537109375,2183.035400390625,2191.11962890625,2439.08544921875,2381.357421875,2181.918212890625,2440.59130859375,2378.632568359375,2522.0,2282.0
485.25,2450.4189453125,2456.809814453125,2183.060302734375,2191.1328125,2439.085693359375,2381.37060546875,2181.93115234375,2440.59130859375,2378.6484375,2522.0,2282.0
485.5,2450.4189453125,2456.79736328125,2183.056396484375,2191.118896484375,2439.093505859375,2381.37109375,2181.91748046875,2440.599365234375,2378.646240234375,2522.0,2282.0
485.75,2450.4189453125,2456.800048828125,2183.084716796875,2191.135986328125,2439.0849609375,2381.358642578125,2181.9345703125,2440.5908203125,2378.633544921875,2522.0,2282.0
486.0,2450.4189453125,2456.803466796875,2183.053466796875,2191.12890625,2439.08984375,2381.35791015625,2181.927978515625,2440.595703125,2378.633056640625,2522.0,2282.0
486.25,2450.419189453125,2456.792236328125,2183.06396484375,2191.127685546875,2439.090087890625,2381.357666015625,2181.926513671875,2441.914794921875,2378.6328125,2522.0,2282.0
486.5,2451.7431640625,2456.799560546875,2183.051513671875,2191.120361328125,2439.090576171875,2381.357177734375,2181.918701171875,2440.59716796875,2378.63232421875,2522.0,2282.0
486.75,2460.8935546875,2460.897216796875,2465.040771484375,2465.04541015625,2456.459716796875,2454.94775390625,2465.04541015625,2456.459716796875,2454.94775390625,2522.0,2282.0
487.0,2460.8935546875,2460.895263671875,2463.706787109375,2463.7138671875,2456.57275390625,2453.611328125,2463.7138671875,2456.57275390625,2453.611328125,2522.0,2282.0
487.25,2460.8935546875,2460.8916015625,2463.72216796875,2463.7138671875,2456.572998046875,2453.611328125,2463.7138671875,2456.572998046875,2453.611328125,2522.0,2282.0
487.5,2460.8935546875,2460.879638671875,2463.71142578125,2463.7138671875,2456.572998046875,2453.611328125,2463.7138671875,2456.572998046875,2453.611328125,2522.0,2282.0
487.75,2460.8935546875,2460.8916015625,2463.72216796875,2463.7138671875,2456.57275390625,2453.611328125,2463.7138671875,2456.57275390625,2453.611328125,2522.0,2282.0
488.0,2460.8935546875,2460.896728515625,2463.70556640625,2463.7138671875,2456.57275390625,2453.611328125,2463.7138671875,2456.57275390625,2453.611328125,2522.0,2282.0
488.25,2460.8935546875,2460.89501953125,2463.716552734375,2463.7138671875,2456.572998046875,2453.611328125,2463.7138671875,2456.572998046875,2453.611328125,2522.0,2282.0
488.5,2460.8935546875,2460.9033203125,2463.717529296875,2463.7138671875,2456.572998046875,2453.611328125,2463.7138671875,2456.572998046875,2453.611328125,2522.0,2282.0
488.75,2460.8935546875,2460.884521484375,2465.043701171875,2465.045166015625,2456.572998046875,2454.937255859375,2465.045166015625,2456.572998046875,2454.937255859375,2522.0,2282.0
489.0,2460.8935546875,2462.22021484375,2463.726806640625,2463.7138671875,2457.900390625,2453.611328125,2463.7138671875,2457.900390625,2453.611328125,2522.0,2282.0
489.25,2460.8935546875,2462.221435546875,2463.70849609375,2463.7138671875,2456.572998046875,2453.611328125,2463.7138671875,2456.572998046875,2453.611328125,2522.0,2282.0
489.5,2460.8935546875,2460.8837890625,2463.719970703125,2463.7138671875,2457.900390625,2453.611328125,2463.7138671875,2457.900390625,2453.611328125,2522.0,2282.0
489.75,2462.223388671875,2460.903076171875,2463.716552734375,2463.7138671875,2456.572998046875,2453.611328125,2463.7138671875,2456.572998046875,2453.611328125,2522.0,2282.0
490.0,2460.8935546875,2460.89990234375,2463.705810546875,2463.7138671875,2456.572998046875,2454.937255859375,2463.7138671875,2456.572998046875,2454.937255859375,2522.0,2282.0
490.25,2460.8935546875,2460.889404296875,2465.03271484375,2465.045166015625,2456.572998046875,2454.937255859375,2465.045166015625,2456.572998046875,2454.937255859375,2522.0,2282.0
490.5,2460.8935546875,2460.899169921875,2463.71435546875,2463.7138671875,2456.572998046875,2453.611328125,2463.7138671875,2456.572998046875,2453.611328125,2522.0,2282.0
490.75,2460.8935546875,2460.891845703125,2463.721923828125,2463.7138671875,2456.572998046875,2453.611328125,2463.7138671875,2456.572998046875,2453.611328125,2522.0,2282.0
491.0,2460.8935546875,2460.887451171875,2463.729736328125,2463.7138671875,2456.57275390625,2453.611328125,2463.7138671875,2456.57275390625,2453.611328125,2522.0,2282.0
491.25,2460.8935546875,2460.897216796875,2463.70361328125,2463.7138671875,2456.572998046875,2453.611328125,2463.7138671875,2456.572998046875,2453.611328125,2522.0,2282.0
491.5,2460.895263671875,2460.8935546875,2463.714111328125,2463.7138671875,2456.572998046875,2453.611328125,2463.7138671875,2456.572998046875,2453.611328125,2522.0,2282.0
491.75,2460.8935546875,2460.894287109375,2463.715576171875,2463.7138671875,2457.900390625,2453.611328125,2463.7138671875,2457.900390625,2453.611328125,2522.0,2282.0
492.0,2460.8935546875,2460.89794921875,2463.7138671875,2463.7138671875,2456.572998046875,2453.611328125,2463.7138671875,2456.572998046875,2453.611328125,2522.0,2282.0
492.25,2460.8935546875,2460.89111328125,2463.7099609375,2463.7138671875,2456.57275390625,2453.611328125,2463.7138671875,2456.57275390625,2453.611328125,2522.0,2282.0
492.5,2460.8935546875,2460.885986328125,2465.04345703125,2465.045166015625,2456.572998046875,2454.937255859375,2465.045166015625,2456.572998046875,2454.937255859375,2522.0,2282.0
492.75,2460.8935546875,2460.89013671875,2463.71240234375,2463.7138671875,2456.57275390625,2453.611328125,2463.7138671875,2456.57275390625,2453.611328125,2522.0,2282.0
493.0,2460.8935546875,2460.8916015625,2463.712158203125,2463.7138671875,2456.572998046875,2453.611328125,2463.7138671875,2456.572998046875,2453.611328125,2522.0,2282.0
493.25,2460.893310546875,2460.890869140625,2463.7255859375,2463.7138671875,2456.57275390625,2453.611328125,2463.7138671875,2456.57275390625,2453.611328125,2522.0,2282.0
493.5,2460.8935546875,2460.8955078125,2463.716064453125,2463.7138671875,2456.572998046875,2453.611328125,2463.7138671875,2456.572998046875,2453.611328125,2522.0,2282.0
493.75,2460.8935546875,2460.88916015625,2463.702392578125,2463.7138671875,2456.572998046875,2453.611328125,2463.7138671875,2456.572998046875,2453.611328125,2522.0,2282.0
494.0,2460.8935546875,2460.8955078125,2463.713134765625,2463.7138671875,2456.572998046875,2453.611328125,2463.7138671875,2456.572998046875,2453.611328125,2522.0,2282.0
494.25,2462.223388671875,2460.891845703125,2463.71142578125,2463.7138671875,2456.572998046875,2453.611328125,2463.7138671875,2456.572998046875,2453.611328125,2522.0,2282.0
494.5,2460.8935546875,2460.89794921875,2463.709716796875,2463.7138671875,2456.572998046875,2453.611328125,2463.7138671875,2456.572998046875,2453.611328125,2522.0,2282.0
494.75,2460.8935546875,2460.8828125,2465.0458984375,2465.045166015625,2456.57275390625,2454.937255859375,2465.045166015625,2456.57275390625,2454.937255859375,2522.0,2282.0
495.0,2460.8935546875,2460.90673828125,2463.711669921875,2463.7138671875,2456.572998046875,2453.611328125,2463.7138671875,2456.572998046875,2453.611328125,2522.0,2282.0
495.25,2460.8935546875,2460.874755859375,2463.709716796875,2463.7138671875,2456.572998046875,2453.611328125,2463.7138671875,2456.572998046875,2453.611328125,2522.0,2282.0
495.5,2460.8935546875,2460.90185546875,2463.7080078125,2463.7138671875,2456.572998046875,2453.611328125,2463.7138671875,2456.572998046875,2453.611328125,2522.0,2282.0
495.75,2460.8935546875,2460.899658203125,2463.69921875,2463.7138671875,2456.57275390625,2453.611328125,2463.7138671875,2456.57275390625,2453.611328125,2522.0,2282.0
496.0,2460.8935546875,2460.888427734375,2463.71044921875,2463.7138671875,2456.572998046875,2453.611328125,2463.7138671875,2456.572998046875,2453.611328125,2522.0,2282.0
496.25,2460.8935546875,2460.881103515625,2463.7275390625,2463.7138671875,2457.900390625,2453.611328125,2463.7138671875,2457.900390625,2453.611328125,2522.0,2282.0
496.5,2460.8935546875,2460.8876953125,2463.714599609375,2463.7138671875,2456.572998046875,2453.611328125,2463.7138671875,2456.572998046875,2453.611328125,2522.0,2282.0
496.75,2460.8935546875,2460.8857421875,2463.71337890625,2463.7138671875,2456.572998046875,2453.611328125,2463.7138671875,2456.572998046875,2453.611328125,2522.0,2282.0
497.0,2460.8935546875,2460.89599609375,2465.028076171875,2465.045166015625,2456.572998046875,2453.611328125,2465.045166015625,2456.572998046875,2453.611328125,2522.0,2282.0
497.25,2460.8935546875,2460.900390625,2463.693115234375,2463.7138671875,2456.572998046875,2453.611328125,2463.7138671875,2456.572998046875,2453.611328125,2522.0,2282.0
497.5,2460.8935546875,2460.88330078125,2463.71533203125,2463.7138671875,2456.572998046875,2453.611328125,2463.7138671875,2456.572998046875,2453.611328125,2522.0,2282.0
497.75,2460.8935546875,2460.89697265625,2463.71044921875,2463.7138671875,2456.572998046875,2453.611328125,2463.7138671875,2456.572998046875,2453.611328125,2522.0,2282.0
498.0,2460.8935546875,2460.89501953125,2463.685302734375,2463.7138671875,2456.572998046875,2453.611328125,2463.7138671875,2456.572998046875,2453.611328125,2522.0,2282.0
498.25,2460.8935546875,2462.2197265625,2463.715087890625,2463.7138671875,2456.572998046875,2453.611328125,2463.7138671875,2456.572998046875,2453.611328125,2522.0,2282.0
498.5,2460.8935546875,2460.8984375,2463.72998046875,2463.7138671875,2457.900390625,2453.611328125,2463.7138671875,2457.900390625,2453.611328125,2522.0,2282.0
498.75,2462.223388671875,2460.902099609375,2463.71435546875,2463.7138671875,2456.572998046875,2453.611328125,2463.7138671875,2456.572998046875,2453.611328125,2522.0,2282.0
499.0,2460.8935546875,2460.887451171875,2463.712890625,2463.7138671875,2456.572998046875,2453.611328125,2463.7138671875,2456.572998046875,2453.611328125,2522.0,2282.0
499.25,2460.8935546875,2460.882080078125,2465.040771484375,2465.045166015625,2456.572998046875,2454.937255859375,2465.045166015625,2456.572998046875,2454.937255859375,2522.0,2282.0
499.5,2460.8935546875,2460.907470703125,2463.70556640625,2463.7138671875,2456.57275390625,2453.611328125,2463.7138671875,2456.57275390625,2453.611328125,2522.0,2282.0
499.75,2460.8935546875,2460.890625,2463.7216796875,2463.7138671875,2456.572998046875,2453.611328125,2463.7138671875,2456.572998046875,2453.611328125,2522.0,2282.0
500.0,2460.8935546875,2460.893310546875,2463.703857421875,2463.7138671875,2456.57275390625,2453.611328125,2463.7138671875,2456.57275390625,2453.611328125,2522.0,2282.0
500.25,2460.8935546875,2460.900390625,2463.715087890625,2463.7138671875,2456.572998046875,2453.611328125,2463.7138671875,2456.572998046875,2453.611328125,2522.0,2282.0
500.5,2460.8935546875,2460.887451171875,2463.71142578125,2463.7138671875,2456.572998046875,2453.611328125,2463.7138671875,2456.572998046875,2453.611328125,2522.0,2282.0
500.75,2462.223388671875,2460.899169921875,2463.716552734375,2463.7138671875,2456.572998046875,2453.611328125,2463.7138671875,2456.572998046875,2453.611328125,2522.0,2282.0
501.0,2462.223388671875,2460.885986328125,2463.70703125,2463.7138671875,2456.57275390625,2453.611328125,2463.7138671875,2456.57275390625,2453.611328125,2522.0,2282.0
501.25,2460.8935546875,2460.892333984375,2463.70556640625,2463.7138671875,2456.572998046875,2453.611328125,2463.7138671875,2456.572998046875,2453.611328125,2522.0,2282.0
501.5,2460.8935546875,2460.88525390625,2463.705078125,2465.045166015625,2456.57275390625,2454.937255859375,2465.045166015625,2456.57275390625,2454.937255859375,2522.0,2282.0
501.75,2460.8935546875,2460.888916015625,2463.71240234375,2463.7138671875,2456.572998046875,2453.611328125,2463.7138671875,2456.572998046875,2453.611328125,2522.0,2282.0
502.0,2460.8935546875,2460.87939453125,2463.699462890625,2463.7138671875,2456.57275390625,2453.611328125,2463.7138671875,2456.57275390625,2453.611328125,2522.0,2282.0
502.25,2460.8935546875,2460.89501953125,2463.728515625,2463.7138671875,2456.57275390625,2453.611328125,2463.7138671875,2456.57275390625,2453.611328125,2522.0,2282.0
502.5,2460.8935546875,2460.899169921875,2463.712646484375,2463.7138671875,2456.572998046875,2453.611328125,2463.7138671875,2456.572998046875,2453.611328125,2522.0,2282.0
502.75,2460.8935546875,2460.892822265625,2463.70556640625,2463.7138671875,2456.572998046875,2453.611328125,2463.7138671875,2456.572998046875,2453.611328125,2522.0,2282.0
503.0,2460.8935546875,2460.879150390625,2463.71826171875,2463.7138671875,2457.900390625,2453.611328125,2463.7138671875,2457.900390625,2453.611328125,2522.0,2282.0
503.25,2462.223388671875,2460.896240234375,2463.716552734375,2463.7138671875,2456.572998046875,2453.611328125,2463.7138671875,2456.572998046875,2453.611328125,2522.0,2282.0
503.5,2460.8935546875,2460.892578125,2463.71728515625,2463.7138671875,2456.572998046875,2453.611328125,2463.7138671875,2456.572998046875,2453.611328125,2522.0,2282.0
503.75,2460.8935546875,2460.8984375,2465.05078125,2465.045166015625,2456.572998046875,2454.937255859375,2465.045166015625,2456.572998046875,2454.937255859375,2522.0,2282.0
504.0,2460.8935546875,2460.90283203125,2463.714599609375,2463.7138671875,2456.572998046875,2453.611328125,2463.7138671875,2456.572998046875,2453.611328125,2522.0,2282.0
504.25,2460.8935546875,2460.89794921875,2463.72412109375,2463.7138671875,2456.572998046875,2453.611328125,2463.7138671875,2456.572998046875,2453.611328125,2522.0,2282.0
504.5,2460.8935546875,2460.89794921875,2463.7109375,2463.7138671875,2456.572998046875,2453.611328125,2463.7138671875,2456.572998046875,2453.611328125,2522.0,2282.0
504.75,2460.8935546875,2460.8837890625,2463.716552734375,2463.7138671875,2456.572998046875,2453.611328125,2463.7138671875,2456.572998046875,2453.611328125,2522.0,2282.0
505.0,2460.8935546875,2460.88525390625,2463.70458984375,2463.7138671875,2456.572998046875,2453.611328125,2463.7138671875,2456.572998046875,2453.611328125,2522.0,2282.0
505.25,2460.8935546875,2462.22509765625,2463.709716796875,2463.7138671875,2457.900390625,2453.611328125,2463.7138671875,2457.900390625,2453.611328125,2522.0,2282.0
