Time,Node 611.V3_rms,Node 632.V2_rms,Node 632.V1_rms,Node 632.V3_rms,Node 633.V1_rms,Node 633.V2_rms,Node 633.V3_rms,Node 645.V2_rms,Node 645.V3_rms,UpperBound,LowerBound
0.0,2336.371337890625,2460.8935546875,2460.8935546875,2460.8935546875,2460.5625,2460.52587890625,2460.486572265625,2447.50927734375,2457.5869140625,2522.0,2282.0
0.25,2336.15673828125,2460.8935546875,2460.8935546875,2462.223388671875,2460.56201171875,2460.52490234375,2461.815185546875,2448.814453125,2457.58984375,2522.0,2282.0
0.5,2336.151123046875,2460.8935546875,2460.8935546875,2460.8935546875,2460.56201171875,2460.525390625,2460.485595703125,2447.494873046875,2457.593017578125,2522.0,2282.0
0.75,2336.14990234375,2462.223388671875,2460.8935546875,2460.8935546875,2460.561767578125,2461.85498046875,2460.48583984375,2447.495849609375,2457.59423828125,2522.0,2282.0
1.0,2336.14892578125,2460.8935546875,2460.8935546875,2460.8935546875,2460.561767578125,2460.525390625,2460.48583984375,2447.49658203125,2457.594482421875,2522.0,2282.0
1.25,2336.14892578125,2460.8935546875,2460.8935546875,2460.8935546875,2460.561767578125,2460.525390625,2460.48583984375,2447.496826171875,2457.5947265625,2522.0,2282.0
1.5,2336.148681640625,2460.8935546875,2462.223388671875,2460.8935546875,2461.8916015625,2460.525390625,2460.48583984375,2447.496826171875,2457.594970703125,2522.0,2282.0
1.75,2336.148681640625,2460.8935546875,2460.8935546875,2460.8935546875,2460.561767578125,2460.525390625,2460.48583984375,2447.496826171875,2457.594970703125,2522.0,2282.0
2.0,2336.1484375,2460.8935546875,2460.8935546875,2460.8935546875,2460.561767578125,2460.525390625,2460.48583984375,2447.496826171875,2457.594970703125,2522.0,2282.0
2.25,2336.14892578125,2460.8935546875,2460.8935546875,2460.8935546875,2460.561767578125,2460.525390625,2460.48583984375,2447.496826171875,2457.594970703125,2522.0,2282.0
2.5,2336.148681640625,2460.8935546875,2460.8935546875,2462.223388671875,2460.56201171875,2460.525390625,2461.8154296875,2448.8193359375,2457.594970703125,2522.0,2282.0
2.75,2336.1484375,2460.8935546875,2460.8935546875,2462.223388671875,2460.561767578125,2460.525390625,2461.8154296875,2447.496826171875,2457.594970703125,2522.0,2282.0
3.0,2336.148193359375,2462.223388671875,2460.8935546875,2460.8935546875,2460.561767578125,2461.855224609375,2460.48583984375,2447.496826171875,2457.594970703125,2522.0,2282.0
3.25,2336.1484375,2460.8935546875,2460.8935546875,2460.8935546875,2460.561767578125,2460.525390625,2460.48583984375,2447.496826171875,2457.594970703125,2522.0,2282.0
3.5,2337.4111328125,2460.8935546875,2462.223388671875,2460.8935546875,2460.56201171875,2460.525390625,2460.48583984375,2447.496826171875,2457.594970703125,2522.0,2282.0
3.75,2337.410888671875,2460.8935546875,2462.223388671875,2460.8935546875,2461.8916015625,2460.525390625,2460.48583984375,2447.496826171875,2457.594970703125,2522.0,2282.0
4.0,2336.148681640625,2460.8935546875,2460.8935546875,2460.8935546875,2460.561767578125,2460.525390625,2460.48583984375,2447.49658203125,2457.594970703125,2522.0,2282.0
4.25,2336.14892578125,2460.8935546875,2460.8935546875,2460.8935546875,2460.561767578125,2460.525390625,2460.48583984375,2447.49658203125,2458.923095703125,2522.0,2282.0
4.5,2336.1484375,2460.8935546875,2460.8935546875,2460.8935546875,2460.561767578125,2460.525390625,2460.48583984375,2447.496826171875,2457.594970703125,2522.0,2282.0
4.75,2336.148681640625,2460.8935546875,2460.8935546875,2462.223388671875,2460.561767578125,2460.525390625,2461.8154296875,2448.8193359375,2457.594970703125,2522.0,2282.0
5.0,2336.1484375,2460.8935546875,2460.8935546875,2460.8935546875,2460.561767578125,2460.525390625,2460.48583984375,2447.49658203125,2457.594970703125,2522.0,2282.0
5.25,2336.1484375,2462.223388671875,2460.8935546875,2460.8935546875,2460.561767578125,2461.85498046875,2460.48583984375,2447.496826171875,2457.594970703125,2522.0,2282.0
5.5,2336.1484375,2460.8935546875,2460.8935546875,2460.8935546875,2460.561767578125,2461.85498046875,2460.48583984375,2447.496826171875,2457.594970703125,2522.0,2282.0
5.75,2337.410888671875,2460.8935546875,2462.223388671875,2460.8935546875,2460.561767578125,2460.525390625,2460.48583984375,2447.496826171875,2457.594970703125,2522.0,2282.0
6.0,2337.410888671875,2460.893310546875,2462.223388671875,2460.8935546875,2461.8916015625,2460.525390625,2460.48583984375,2447.49658203125,2457.594970703125,2522.0,2282.0
6.25,2336.1484375,2460.8935546875,2460.8935546875,2460.8935546875,2460.561767578125,2460.525390625,2460.48583984375,2447.496826171875,2457.594970703125,2522.0,2282.0
6.5,2336.148681640625,2460.8935546875,2460.8935546875,2460.8935546875,2460.561767578125,2460.525390625,2460.48583984375,2447.496826171875,2458.9228515625,2522.0,2282.0
6.75,2336.148681640625,2460.8935546875,2460.8935546875,2460.8935546875,2460.561767578125,2460.525390625,2460.48583984375,2447.496826171875,2457.594970703125,2522.0,2282.0
7.0,2336.148193359375,2460.8935546875,2460.8935546875,2462.223388671875,2460.561767578125,2460.525390625,2461.8154296875,2448.8193359375,2457.594970703125,2522.0,2282.0
7.25,2336.14892578125,2460.8935546875,2460.8935546875,2460.8935546875,2460.561767578125,2460.525390625,2460.48583984375,2447.49658203125,2457.594970703125,2522.0,2282.0
7.5,2336.1484375,2462.223388671875,2460.8935546875,2460.8935546875,2460.561767578125,2461.85498046875,2460.48583984375,2447.49658203125,2457.594970703125,2522.0,2282.0
7.75,2336.1484375,2460.8935546875,2460.8935546875,2460.8935546875,2460.561767578125,2460.525390625,2460.48583984375,2447.496826171875,2457.594970703125,2522.0,2282.0
8.0,2337.410888671875,2460.8935546875,2460.8935546875,2460.8935546875,2460.561767578125,2460.525390625,2460.48583984375,2447.49658203125,2457.594970703125,2522.0,2282.0
8.25,2336.148193359375,2460.8935546875,2460.8935546875,2460.8935546875,2460.561767578125,2460.525390625,2460.48583984375,2447.496826171875,2457.5947265625,2522.0,2282.0
8.5,2336.148193359375,2460.8935546875,2460.8935546875,2460.8935546875,2460.561767578125,2460.525390625,2460.48583984375,2447.496826171875,2457.594970703125,2522.0,2282.0
8.75,2336.1484375,2460.8935546875,2460.8935546875,2460.893310546875,2460.561767578125,2460.525390625,2460.485595703125,2447.496826171875,2458.9228515625,2522.0,2282.0
9.0,2336.1484375,2460.8935546875,2460.8935546875,2460.8935546875,2460.561767578125,2460.525390625,2460.48583984375,2447.49658203125,2457.594970703125,2522.0,2282.0
9.25,2336.148193359375,2460.8935546875,2460.8935546875,2460.8935546875,2460.561767578125,2460.525390625,2460.48583984375,2448.819580078125,2457.594970703125,2522.0,2282.0
9.5,2336.1484375,2460.8935546875,2460.8935546875,2460.8935546875,2460.561767578125,2460.525390625,2460.48583984375,2447.496826171875,2457.594970703125,2522.0,2282.0
9.75,2336.1484375,2462.223388671875,2460.8935546875,2460.8935546875,2460.56201171875,2461.855224609375,2460.48583984375,2447.496826171875,2457.594970703125,2522.0,2282.0
10.0,2336.148681640625,2460.8935546875,2460.8935546875,2460.8935546875,2460.561767578125,2460.525390625,2460.48583984375,2447.496826171875,2457.594970703125,2522.0,2282.0
10.25,2336.1484375,2460.8935546875,2462.223388671875,2460.8935546875,2460.56201171875,2460.525390625,2460.48583984375,2447.496826171875,2457.594970703125,2522.0,2282.0
10.5,2336.148681640625,2460.8935546875,2460.8935546875,2460.8935546875,2460.561767578125,2460.525390625,2460.48583984375,2447.496826171875,2457.594970703125,2522.0,2282.0
10.75,2453.611328125,2460.8935546875,2460.8935546875,2460.8935546875,2460.91064453125,2460.875,2460.829345703125,2460.8935546875,2460.8935546875,2522.0,2282.0
11.0,2453.611328125,2460.8935546875,2460.8935546875,2460.8935546875,2460.91064453125,2460.874755859375,2460.829345703125,2460.8935546875,2460.8935546875,2522.0,2282.0
11.25,2453.611328125,2460.8935546875,2460.8935546875,2460.8935546875,2460.91064453125,2460.874755859375,2460.829345703125,2460.8935546875,2460.8935546875,2522.0,2282.0
11.5,2453.611328125,2460.8935546875,2460.8935546875,2460.8935546875,2460.91064453125,2460.874755859375,2460.829345703125,2460.8935546875,2460.8935546875,2522.0,2282.0
11.75,2453.611328125,2460.8935546875,2460.8935546875,2460.8935546875,2460.91064453125,2462.20458984375,2460.829345703125,2460.8935546875,2460.8935546875,2522.0,2282.0
12.0,2453.611328125,2460.8935546875,2460.8935546875,2460.8935546875,2460.91064453125,2460.874755859375,2460.829345703125,2460.8935546875,2460.8935546875,2522.0,2282.0
12.25,2454.937255859375,2460.8935546875,2462.223388671875,2460.8935546875,2462.240478515625,2460.874755859375,2460.829345703125,2460.8935546875,2460.8935546875,2522.0,2282.0
12.5,2453.611328125,2460.8935546875,2460.8935546875,2460.8935546875,2460.91064453125,2460.874755859375,2460.829345703125,2460.8935546875,2460.8935546875,2522.0,2282.0
12.75,2453.611328125,2460.8935546875,2460.8935546875,2460.8935546875,2460.91064453125,2460.874755859375,2460.8291015625,2460.8935546875,2460.8935546875,2522.0,2282.0
13.0,2453.611328125,2460.8935546875,2460.8935546875,2460.8935546875,2460.91064453125,2460.874755859375,2460.829345703125,2460.8935546875,2460.8935546875,2522.0,2282.0
13.25,2453.611328125,2460.8935546875,2460.8935546875,2460.8935546875,2460.91064453125,2460.874755859375,2460.829345703125,2460.8935546875,2460.8935546875,2522.0,2282.0
13.5,2453.611328125,2460.8935546875,2460.8935546875,2460.8935546875,2460.91064453125,2460.874755859375,2460.829345703125,2460.8935546875,2460.8935546875,2522.0,2282.0
13.75,2453.611328125,2460.8935546875,2460.8935546875,2460.8935546875,2460.91064453125,2460.874755859375,2460.8291015625,2460.8935546875,2460.8935546875,2522.0,2282.0
14.0,2453.611328125,2460.8935546875,2460.8935546875,2460.8935546875,2460.91064453125,2462.20458984375,2460.829345703125,2460.8935546875,2460.8935546875,2522.0,2282.0
14.25,2453.611328125,2460.8935546875,2460.8935546875,2460.8935546875,2460.91064453125,2460.874755859375,2460.829345703125,2460.8935546875,2460.8935546875,2522.0,2282.0
14.5,2453.611328125,2460.8935546875,2460.8935546875,2460.8935546875,2460.91064453125,2460.874755859375,2460.829345703125,2460.8935546875,2460.8935546875,2522.0,2282.0
14.75,2453.611328125,2460.8935546875,2460.8935546875,2460.8935546875,2460.91064453125,2460.874755859375,2460.829345703125,2460.8935546875,2460.8935546875,2522.0,2282.0
15.0,2453.611328125,2460.8935546875,2460.8935546875,2460.8935546875,2460.91064453125,2460.874755859375,2460.829345703125,2460.8935546875,2460.8935546875,2522.0,2282.0
15.25,2453.611328125,2460.8935546875,2460.8935546875,2460.8935546875,2460.91064453125,2460.874755859375,2460.829345703125,2460.8935546875,2460.8935546875,2522.0,2282.0
15.5,2453.611328125,2460.8935546875,2460.8935546875,2460.8935546875,2460.91064453125,2460.874755859375,2460.829345703125,2460.8935546875,2460.8935546875,2522.0,2282.0
15.75,2453.611328125,2460.8935546875,2460.8935546875,2460.8935546875,2460.91064453125,2460.874755859375,2460.829345703125,2460.8935546875,2460.8935546875,2522.0,2282.0
16.0,2453.611328125,2460.8935546875,2460.8935546875,2460.8935546875,2460.91064453125,2460.874755859375,2460.8291015625,2460.8935546875,2460.8935546875,2522.0,2282.0
16.25,2453.611328125,2460.8935546875,2460.8935546875,2460.8935546875,2460.91064453125,2462.20458984375,2460.829345703125,2460.8935546875,2460.8935546875,2522.0,2282.0
16.5,2453.611328125,2460.8935546875,2460.8935546875,2460.8935546875,2460.91064453125,2460.874755859375,2460.8291015625,2460.8935546875,2460.8935546875,2522.0,2282.0
16.75,2453.611328125,2460.8935546875,2460.8935546875,2460.8935546875,2460.91064453125,2460.874755859375,2460.829345703125,2460.8935546875,2460.8935546875,2522.0,2282.0
17.0,2454.937255859375,2460.8935546875,2460.8935546875,2460.8935546875,2462.240478515625,2460.874755859375,2460.8291015625,2460.8935546875,2460.8935546875,2522.0,2282.0
17.25,2453.611328125,2460.8935546875,2460.8935546875,2460.8935546875,2460.91064453125,2460.874755859375,2460.829345703125,2460.8935546875,2460.8935546875,2522.0,2282.0
17.5,2453.611328125,2460.8935546875,2460.8935546875,2460.8935546875,2460.91064453125,2460.874755859375,2460.8291015625,2460.8935546875,2460.8935546875,2522.0,2282.0
17.75,2453.611328125,2460.8935546875,2460.8935546875,2460.8935546875,2460.91064453125,2460.874755859375,2460.829345703125,2460.8935546875,2460.8935546875,2522.0,2282.0
18.0,2453.611328125,2460.8935546875,2460.8935546875,2462.223388671875,2460.91064453125,2460.875,2462.158935546875,2460.8935546875,2462.223388671875,2522.0,2282.0
18.25,2453.611328125,2460.8935546875,2460.8935546875,2460.8935546875,2460.91064453125,2460.874755859375,2460.829345703125,2460.8935546875,2460.8935546875,2522.0,2282.0
18.5,2453.611328125,2460.8935546875,2460.8935546875,2460.8935546875,2460.91064453125,2462.204833984375,2460.8291015625,2460.8935546875,2460.8935546875,2522.0,2282.0
18.75,2453.611328125,2460.8935546875,2460.8935546875,2460.8935546875,2460.91064453125,2460.874755859375,2460.829345703125,2460.8935546875,2460.8935546875,2522.0,2282.0
19.0,2453.611328125,2460.8935546875,2460.8935546875,2460.8935546875,2460.91064453125,2460.874755859375,2460.829345703125,2460.8935546875,2460.8935546875,2522.0,2282.0
19.25,2453.611328125,2460.8935546875,2460.8935546875,2460.8935546875,2462.240478515625,2460.874755859375,2460.829345703125,2460.8935546875,2460.8935546875,2522.0,2282.0
19.5,2453.611328125,2460.8935546875,2460.8935546875,2460.8935546875,2460.91064453125,2460.874755859375,2460.829345703125,2460.8935546875,2460.8935546875,2522.0,2282.0
19.75,2453.611328125,2460.8935546875,2460.8935546875,2460.8935546875,2460.91064453125,2460.874755859375,2460.829345703125,2460.8935546875,2460.8935546875,2522.0,2282.0
20.0,2453.611328125,2460.8935546875,2460.8935546875,2460.8935546875,2460.91064453125,2460.874755859375,2460.829345703125,2460.8935546875,2460.8935546875,2522.0,2282.0
20.25,2453.611328125,2460.8935546875,2460.8935546875,2462.223388671875,2460.91064453125,2460.874755859375,2462.1591796875,2460.8935546875,2462.223388671875,2522.0,2282.0
20.5,2453.611328125,2460.8935546875,2460.8935546875,2460.8935546875,2460.91064453125,2460.874755859375,2460.829345703125,2460.8935546875,2460.8935546875,2522.0,2282.0
20.75,2453.611328125,2460.8935546875,2460.8935546875,2460.8935546875,2460.91064453125,2462.20458984375,2460.829345703125,2460.8935546875,2460.8935546875,2522.0,2282.0
21.0,2453.611328125,2460.8935546875,2460.8935546875,2460.8935546875,2460.91064453125,2460.874755859375,2460.829345703125,2460.8935546875,2460.8935546875,2522.0,2282.0
21.25,2453.611328125,2460.8935546875,2460.8935546875,2460.8935546875,2460.91064453125,2460.874755859375,2460.829345703125,2460.8935546875,2460.8935546875,2522.0,2282.0
21.5,2453.611328125,2460.8935546875,2460.8935546875,2460.8935546875,2462.240478515625,2460.874755859375,2460.829345703125,2460.8935546875,2460.8935546875,2522.0,2282.0
21.75,2453.611328125,2460.8935546875,2460.8935546875,2460.8935546875,2460.91064453125,2460.874755859375,2460.829345703125,2460.8935546875,2460.8935546875,2522.0,2282.0
22.0,2453.611328125,2460.8935546875,2460.8935546875,2460.8935546875,2460.91064453125,2460.874755859375,2460.829345703125,2460.8935546875,2460.8935546875,2522.0,2282.0
22.25,2453.611328125,2460.8935546875,2460.8935546875,2460.8935546875,2460.91064453125,2460.874755859375,2460.829345703125,2460.8935546875,2460.8935546875,2522.0,2282.0
22.5,2453.611328125,2460.8935546875,2460.8935546875,2462.223388671875,2460.91064453125,2460.874755859375,2462.158935546875,2460.8935546875,2462.223388671875,2522.0,2282.0
22.75,2453.611328125,2460.8935546875,2460.8935546875,2460.8935546875,2460.91064453125,2460.874755859375,2460.829345703125,2460.8935546875,2460.8935546875,2522.0,2282.0
23.0,2453.611328125,2460.8935546875,2460.8935546875,2460.8935546875,2460.91064453125,2462.20458984375,2460.829345703125,2460.8935546875,2460.8935546875,2522.0,2282.0
23.25,2453.611328125,2460.8935546875,2460.8935546875,2460.8935546875,2460.91064453125,2460.874755859375,2460.829345703125,2460.8935546875,2460.8935546875,2522.0,2282.0
23.5,2454.937255859375,2460.8935546875,2460.8935546875,2460.8935546875,2460.91064453125,2460.874755859375,2460.829345703125,2460.8935546875,2460.8935546875,2522.0,2282.0
23.75,2454.937255859375,2460.8935546875,2460.8935546875,2460.8935546875,2462.240478515625,2460.874755859375,2460.829345703125,2460.8935546875,2460.8935546875,2522.0,2282.0
24.0,2453.611328125,2460.8935546875,2460.8935546875,2460.8935546875,2460.91064453125,2460.874755859375,2460.829345703125,2460.8935546875,2460.8935546875,2522.0,2282.0
24.25,2453.611328125,2460.8935546875,2460.8935546875,2460.8935546875,2460.91064453125,2460.874755859375,2460.8291015625,2460.8935546875,2460.8935546875,2522.0,2282.0
24.5,2453.611328125,2460.8935546875,2460.8935546875,2460.8935546875,2460.91064453125,2460.874755859375,2460.829345703125,2460.8935546875,2460.8935546875,2522.0,2282.0
24.75,2453.611328125,2460.8935546875,2460.8935546875,2460.8935546875,2460.91064453125,2460.874755859375,2460.8291015625,2460.8935546875,2460.8935546875,2522.0,2282.0
25.0,2453.611328125,2462.223388671875,2460.8935546875,2460.8935546875,2460.91064453125,2462.20458984375,2460.829345703125,2462.223388671875,2460.8935546875,2522.0,2282.0
25.25,2453.611328125,2460.8935546875,2460.8935546875,2460.8935546875,2460.91064453125,2460.874755859375,2460.8291015625,2460.8935546875,2460.8935546875,2522.0,2282.0
25.5,2453.611328125,2460.8935546875,2460.8935546875,2460.8935546875,2460.91064453125,2460.874755859375,2460.829345703125,2460.8935546875,2460.8935546875,2522.0,2282.0
25.75,2454.937255859375,2460.8935546875,2462.223388671875,2460.8935546875,2462.240478515625,2460.874755859375,2460.8291015625,2460.8935546875,2460.8935546875,2522.0,2282.0
26.0,2453.611328125,2460.8935546875,2460.8935546875,2460.8935546875,2460.91064453125,2460.874755859375,2460.829345703125,2460.8935546875,2460.8935546875,2522.0,2282.0
26.25,2453.611328125,2460.8935546875,2460.8935546875,2460.8935546875,2460.91064453125,2460.874755859375,2460.8291015625,2460.8935546875,2460.8935546875,2522.0,2282.0
26.5,2453.611328125,2460.8935546875,2460.8935546875,2460.8935546875,2460.91064453125,2460.874755859375,2460.829345703125,2460.8935546875,2460.8935546875,2522.0,2282.0
26.75,2453.611328125,2460.8935546875,2460.8935546875,2462.223388671875,2460.91064453125,2460.875,2462.158935546875,2460.8935546875,2462.223388671875,2522.0,2282.0
27.0,2453.611328125,2460.8935546875,2460.8935546875,2462.223388671875,2460.91064453125,2460.874755859375,2462.158935546875,2460.8935546875,2462.223388671875,2522.0,2282.0
27.25,2453.611328125,2462.223388671875,2460.8935546875,2460.8935546875,2460.91064453125,2462.204833984375,2460.8291015625,2462.223388671875,2460.8935546875,2522.0,2282.0
27.5,2453.611328125,2460.8935546875,2460.8935546875,2460.8935546875,2460.91064453125,2462.20458984375,2460.829345703125,2460.8935546875,2460.8935546875,2522.0,2282.0
27.75,2453.611328125,2460.8935546875,2460.8935546875,2460.8935546875,2460.91064453125,2460.874755859375,2460.8291015625,2460.8935546875,2460.8935546875,2522.0,2282.0
28.0,2454.937255859375,2460.8935546875,2462.223388671875,2460.8935546875,2462.240478515625,2460.874755859375,2460.829345703125,2460.8935546875,2460.8935546875,2522.0,2282.0
28.25,2453.611328125,2460.8935546875,2460.8935546875,2460.8935546875,2460.91064453125,2460.874755859375,2460.829345703125,2460.8935546875,2460.8935546875,2522.0,2282.0
28.5,2453.611328125,2460.8935546875,2460.8935546875,2460.8935546875,2460.91064453125,2460.874755859375,2460.829345703125,2460.8935546875,2460.8935546875,2522.0,2282.0
28.75,2453.611328125,2460.8935546875,2460.8935546875,2460.8935546875,2460.91064453125,2460.874755859375,2460.829345703125,2460.8935546875,2460.8935546875,2522.0,2282.0
29.0,2453.611328125,2460.8935546875,2460.8935546875,2460.8935546875,2460.91064453125,2460.874755859375,2460.829345703125,2460.8935546875,2460.8935546875,2522.0,2282.0
29.25,2453.611328125,2460.8935546875,2460.8935546875,2462.223388671875,2460.91064453125,2460.874755859375,2462.158935546875,2460.8935546875,2462.223388671875,2522.0,2282.0
29.5,2453.611328125,2462.223388671875,2460.8935546875,2460.8935546875,2460.91064453125,2462.20458984375,2460.829345703125,2462.223388671875,2460.8935546875,2522.0,2282.0
29.75,2453.611328125,2460.8935546875,2460.8935546875,2460.8935546875,2460.91064453125,2460.874755859375,2460.829345703125,2460.8935546875,2460.8935546875,2522.0,2282.0
30.0,2453.611328125,2460.8935546875,2460.8935546875,2460.8935546875,2460.91064453125,2460.874755859375,2460.829345703125,2460.8935546875,2460.8935546875,2522.0,2282.0
30.25,2454.937255859375,2460.8935546875,2462.223388671875,2460.8935546875,2462.240478515625,2460.874755859375,2460.829345703125,2460.8935546875,2460.8935546875,2522.0,2282.0
30.5,2453.611328125,2460.8935546875,2460.8935546875,2460.8935546875,2460.91064453125,2460.874755859375,2460.829345703125,2460.8935546875,2460.8935546875,2522.0,2282.0
30.75,2453.611328125,2460.8935546875,2460.8935546875,2460.8935546875,2460.91064453125,2460.874755859375,2460.829345703125,2460.8935546875,2460.8935546875,2522.0,2282.0
31.0,2453.611328125,2460.8935546875,2460.8935546875,2460.8935546875,2460.91064453125,2460.874755859375,2460.829345703125,2460.8935546875,2460.8935546875,2522.0,2282.0
31.25,2453.611328125,2460.8935546875,2460.8935546875,2460.8935546875,2460.91064453125,2460.874755859375,2460.829345703125,2460.8935546875,2460.8935546875,2522.0,2282.0
31.5,2453.611328125,2460.8935546875,2460.8935546875,2462.223388671875,2460.91064453125,2460.874755859375,2462.158935546875,2460.8935546875,2462.223388671875,2522.0,2282.0
31.75,2453.611328125,2462.223388671875,2460.8935546875,2460.8935546875,2460.91064453125,2462.20458984375,2460.829345703125,2462.223388671875,2460.8935546875,2522.0,2282.0
32.0,2453.611328125,2460.8935546875,2460.8935546875,2460.8935546875,2460.91064453125,2460.874755859375,2460.829345703125,2460.8935546875,2460.8935546875,2522.0,2282.0
32.25,2453.611328125,2460.8935546875,2460.8935546875,2460.8935546875,2460.91064453125,2460.874755859375,2460.8291015625,2460.8935546875,2460.8935546875,2522.0,2282.0
32.5,2454.937255859375,2460.8935546875,2462.223388671875,2460.8935546875,2462.240478515625,2460.874755859375,2460.8291015625,2460.8935546875,2460.8935546875,2522.0,2282.0
32.75,2453.611328125,2460.8935546875,2460.8935546875,2460.8935546875,2460.91064453125,2460.874755859375,2460.829345703125,2460.8935546875,2460.8935546875,2522.0,2282.0
33.0,2453.611328125,2460.8935546875,2460.8935546875,2460.8935546875,2460.91064453125,2460.874755859375,2460.8291015625,2460.8935546875,2460.8935546875,2522.0,2282.0
33.25,2453.611328125,2460.8935546875,2460.8935546875,2460.8935546875,2460.91064453125,2460.874755859375,2460.829345703125,2460.8935546875,2460.8935546875,2522.0,2282.0
33.5,2453.611328125,2460.8935546875,2460.8935546875,2460.8935546875,2460.91064453125,2460.874755859375,2460.8291015625,2460.8935546875,2460.8935546875,2522.0,2282.0
33.75,2453.611328125,2460.8935546875,2460.8935546875,2460.8935546875,2460.91064453125,2460.874755859375,2460.829345703125,2460.8935546875,2460.8935546875,2522.0,2282.0
34.0,2453.611328125,2460.8935546875,2460.8935546875,2460.8935546875,2460.91064453125,2460.874755859375,2460.8291015625,2460.8935546875,2460.8935546875,2522.0,2282.0
34.25,2453.611328125,2460.8935546875,2460.8935546875,2460.8935546875,2460.91064453125,2460.874755859375,2460.829345703125,2460.8935546875,2460.8935546875,2522.0,2282.0
34.5,2453.611328125,2460.8935546875,2460.8935546875,2460.8935546875,2460.91064453125,2460.875,2460.8291015625,2460.8935546875,2460.8935546875,2522.0,2282.0
34.75,2453.611328125,2460.8935546875,2460.8935546875,2460.8935546875,2460.91064453125,2460.874755859375,2460.829345703125,2460.8935546875,2460.8935546875,2522.0,2282.0
35.0,2453.611328125,2460.8935546875,2460.8935546875,2460.893310546875,2460.91064453125,2460.875,2460.8291015625,2460.8935546875,2460.893310546875,2522.0,2282.0
35.25,2453.611328125,2460.8935546875,2460.8935546875,2460.8935546875,2460.91064453125,2460.874755859375,2460.829345703125,2460.8935546875,2460.8935546875,2522.0,2282.0
35.5,2453.611328125,2460.8935546875,2460.8935546875,2460.8935546875,2460.91064453125,2460.875,2460.8291015625,2460.8935546875,2460.8935546875,2522.0,2282.0
35.75,2453.611328125,2460.8935546875,2460.8935546875,2462.223388671875,2460.91064453125,2460.874755859375,2460.829345703125,2460.8935546875,2462.223388671875,2522.0,2282.0
36.0,2453.611328125,2460.8935546875,2460.8935546875,2460.8935546875,2460.91064453125,2460.875,2460.829345703125,2460.8935546875,2460.8935546875,2522.0,2282.0
36.25,2453.611328125,2462.223388671875,2460.8935546875,2460.8935546875,2460.91064453125,2462.20458984375,2460.829345703125,2462.223388671875,2460.8935546875,2522.0,2282.0
36.5,2453.611328125,2460.8935546875,2460.8935546875,2460.8935546875,2460.91064453125,2460.874755859375,2460.829345703125,2460.8935546875,2460.8935546875,2522.0,2282.0
36.75,2453.611328125,2460.8935546875,2460.8935546875,2460.8935546875,2460.91064453125,2460.874755859375,2460.829345703125,2460.8935546875,2460.8935546875,2522.0,2282.0
37.0,2453.611328125,2460.8935546875,2460.8935546875,2460.8935546875,2460.91064453125,2460.874755859375,2460.829345703125,2460.8935546875,2460.8935546875,2522.0,2282.0
37.25,2453.611328125,2460.8935546875,2460.8935546875,2460.8935546875,2460.91064453125,2460.874755859375,2460.829345703125,2460.8935546875,2460.8935546875,2522.0,2282.0
37.5,2453.611328125,2460.8935546875,2460.8935546875,2460.8935546875,2460.91064453125,2460.874755859375,2460.829345703125,2460.8935546875,2460.8935546875,2522.0,2282.0
37.75,2453.611328125,2460.8935546875,2460.8935546875,2460.8935546875,2460.91064453125,2460.874755859375,2460.829345703125,2460.8935546875,2460.8935546875,2522.0,2282.0
38.0,2453.611328125,2460.8935546875,2460.8935546875,2462.223388671875,2460.91064453125,2460.874755859375,2460.829345703125,2460.8935546875,2462.223388671875,2522.0,2282.0
38.25,2453.611328125,2462.223388671875,2460.8935546875,2460.8935546875,2460.91064453125,2460.874755859375,2460.829345703125,2462.223388671875,2460.8935546875,2522.0,2282.0
38.5,2453.611328125,2460.8935546875,2460.8935546875,2460.8935546875,2460.91064453125,2460.874755859375,2460.829345703125,2460.8935546875,2460.8935546875,2522.0,2282.0
38.75,2453.611328125,2460.8935546875,2460.8935546875,2460.8935546875,2460.91064453125,2460.874755859375,2460.829345703125,2460.8935546875,2460.8935546875,2522.0,2282.0
39.0,2453.611328125,2460.8935546875,2462.223388671875,2460.8935546875,2462.240478515625,2460.874755859375,2460.829345703125,2460.8935546875,2460.8935546875,2522.0,2282.0
39.25,2453.611328125,2460.8935546875,2460.8935546875,2460.8935546875,2460.91064453125,2460.874755859375,2460.829345703125,2460.8935546875,2460.8935546875,2522.0,2282.0
39.5,2453.611328125,2460.8935546875,2460.8935546875,2460.8935546875,2460.91064453125,2460.874755859375,2460.829345703125,2460.8935546875,2460.8935546875,2522.0,2282.0
39.75,2453.611328125,2460.8935546875,2460.8935546875,2460.8935546875,2460.91064453125,2460.874755859375,2460.829345703125,2460.8935546875,2460.8935546875,2522.0,2282.0
40.0,2453.611328125,2460.8935546875,2460.8935546875,2460.8935546875,2460.91064453125,2460.874755859375,2460.829345703125,2460.8935546875,2460.8935546875,2522.0,2282.0
40.25,2453.611328125,2460.8935546875,2460.8935546875,2460.8935546875,2460.91064453125,2460.874755859375,2462.1591796875,2460.8935546875,2460.8935546875,2522.0,2282.0
40.5,2453.611328125,2460.8935546875,2460.8935546875,2460.8935546875,2460.91064453125,2460.874755859375,2460.829345703125,2460.8935546875,2460.8935546875,2522.0,2282.0
40.75,2453.611328125,2460.8935546875,2460.8935546875,2460.8935546875,2460.91064453125,2460.874755859375,2460.829345703125,2460.8935546875,2460.8935546875,2522.0,2282.0
41.0,2453.611328125,2460.8935546875,2460.8935546875,2460.8935546875,2460.91064453125,2460.874755859375,2460.8291015625,2460.8935546875,2460.8935546875,2522.0,2282.0
41.25,2453.611328125,2460.8935546875,2462.223388671875,2460.8935546875,2462.240478515625,2460.874755859375,2460.829345703125,2460.8935546875,2460.8935546875,2522.0,2282.0
41.5,2453.611328125,2460.8935546875,2460.8935546875,2460.8935546875,2460.91064453125,2460.874755859375,2460.8291015625,2460.8935546875,2460.8935546875,2522.0,2282.0
41.75,2453.611328125,2460.8935546875,2460.8935546875,2460.8935546875,2460.91064453125,2460.874755859375,2460.829345703125,2460.8935546875,2460.8935546875,2522.0,2282.0
42.0,2453.611328125,2460.8935546875,2460.8935546875,2460.8935546875,2460.91064453125,2460.874755859375,2460.829345703125,2460.8935546875,2460.8935546875,2522.0,2282.0
42.25,2453.611328125,2460.8935546875,2460.8935546875,2462.223388671875,2460.91064453125,2460.874755859375,2462.158935546875,2460.8935546875,2462.223388671875,2522.0,2282.0
42.5,2453.611328125,2460.8935546875,2460.8935546875,2460.8935546875,2460.91064453125,2460.874755859375,2462.158935546875,2460.8935546875,2460.8935546875,2522.0,2282.0
42.75,2453.611328125,2462.223388671875,2460.8935546875,2460.8935546875,2460.91064453125,2460.875,2460.8291015625,2462.223388671875,2460.8935546875,2522.0,2282.0
43.0,2453.611328125,2460.8935546875,2460.8935546875,2460.8935546875,2460.91064453125,2460.874755859375,2460.829345703125,2460.8935546875,2460.8935546875,2522.0,2282.0
43.25,2453.611328125,2460.8935546875,2462.223388671875,2460.8935546875,2462.240478515625,2460.874755859375,2460.8291015625,2460.8935546875,2460.8935546875,2522.0,2282.0
43.5,2454.937255859375,2460.8935546875,2462.223388671875,2460.8935546875,2462.240478515625,2460.874755859375,2460.829345703125,2460.8935546875,2460.8935546875,2522.0,2282.0
43.75,2453.611328125,2460.8935546875,2460.8935546875,2460.8935546875,2460.91064453125,2460.875,2460.8291015625,2460.8935546875,2460.8935546875,2522.0,2282.0
44.0,2453.611328125,2460.8935546875,2460.8935546875,2460.8935546875,2460.91064453125,2460.874755859375,2460.829345703125,2460.8935546875,2460.8935546875,2522.0,2282.0
44.25,2453.611328125,2460.8935546875,2460.8935546875,2460.8935546875,2460.91064453125,2460.875,2460.8291015625,2460.8935546875,2460.8935546875,2522.0,2282.0
44.5,2453.611328125,2460.8935546875,2460.8935546875,2460.8935546875,2460.91064453125,2460.874755859375,2460.829345703125,2460.8935546875,2460.8935546875,2522.0,2282.0
44.75,2453.611328125,2460.8935546875,2460.8935546875,2460.8935546875,2460.91064453125,2460.875,2460.8291015625,2460.8935546875,2460.8935546875,2522.0,2282.0
45.0,2453.611328125,2460.8935546875,2460.8935546875,2460.8935546875,2460.91064453125,2462.20458984375,2460.829345703125,2460.8935546875,2460.8935546875,2522.0,2282.0
45.25,2453.611328125,2460.8935546875,2460.8935546875,2460.8935546875,2460.91064453125,2460.874755859375,2460.8291015625,2460.8935546875,2460.8935546875,2522.0,2282.0
45.5,2453.611328125,2460.8935546875,2460.8935546875,2460.8935546875,2460.91064453125,2460.874755859375,2460.829345703125,2460.8935546875,2460.8935546875,2522.0,2282.0
45.75,2453.611328125,2460.8935546875,2460.8935546875,2460.8935546875,2460.91064453125,2460.874755859375,2460.829345703125,2460.8935546875,2460.8935546875,2522.0,2282.0
46.0,2453.611328125,2460.8935546875,2460.8935546875,2460.8935546875,2460.91064453125,2460.874755859375,2460.829345703125,2460.8935546875,2460.8935546875,2522.0,2282.0
46.25,2453.611328125,2460.8935546875,2460.8935546875,2460.8935546875,2460.91064453125,2460.874755859375,2460.829345703125,2460.8935546875,2460.8935546875,2522.0,2282.0
46.5,2453.611328125,2460.8935546875,2460.8935546875,2460.8935546875,2460.91064453125,2460.874755859375,2460.829345703125,2460.8935546875,2460.8935546875,2522.0,2282.0
46.75,2453.611328125,2460.8935546875,2460.8935546875,2462.223388671875,2460.91064453125,2460.874755859375,2462.158935546875,2460.8935546875,2462.223388671875,2522.0,2282.0
47.0,2453.611328125,2460.8935546875,2460.8935546875,2460.8935546875,2460.91064453125,2460.874755859375,2460.829345703125,2460.8935546875,2460.8935546875,2522.0,2282.0
47.25,2453.611328125,2460.8935546875,2460.8935546875,2460.8935546875,2460.91064453125,2460.874755859375,2460.8291015625,2460.8935546875,2460.8935546875,2522.0,2282.0
47.5,2453.611328125,2460.8935546875,2460.8935546875,2460.8935546875,2460.91064453125,2460.874755859375,2460.829345703125,2460.8935546875,2460.8935546875,2522.0,2282.0
47.75,2453.611328125,2460.8935546875,2462.223388671875,2460.8935546875,2462.240478515625,2460.874755859375,2460.829345703125,2460.8935546875,2460.8935546875,2522.0,2282.0
48.0,2453.611328125,2460.8935546875,2460.8935546875,2460.8935546875,2460.91064453125,2460.874755859375,2460.829345703125,2460.8935546875,2460.8935546875,2522.0,2282.0
48.25,2453.611328125,2460.8935546875,2460.8935546875,2460.8935546875,2460.91064453125,2460.874755859375,2460.829345703125,2460.8935546875,2460.8935546875,2522.0,2282.0
48.5,2453.611328125,2460.8935546875,2460.8935546875,2460.8935546875,2460.91064453125,2460.874755859375,2460.829345703125,2460.8935546875,2460.8935546875,2522.0,2282.0
48.75,2453.611328125,2460.8935546875,2460.8935546875,2460.8935546875,2460.91064453125,2460.874755859375,2460.829345703125,2460.8935546875,2460.8935546875,2522.0,2282.0
49.0,2453.611328125,2460.8935546875,2460.8935546875,2462.223388671875,2460.91064453125,2460.874755859375,2462.1591796875,2460.8935546875,2462.223388671875,2522.0,2282.0
49.25,2453.611328125,2462.223388671875,2460.8935546875,2460.8935546875,2460.91064453125,2462.20458984375,2460.829345703125,2462.223388671875,2460.8935546875,2522.0,2282.0
49.5,2453.611328125,2460.8935546875,2460.8935546875,2460.8935546875,2460.91064453125,2462.20458984375,2460.829345703125,2460.8935546875,2460.8935546875,2522.0,2282.0
49.75,2453.611328125,2460.8935546875,2460.8935546875,2460.8935546875,2460.91064453125,2460.874755859375,2460.829345703125,2460.8935546875,2460.8935546875,2522.0,2282.0
50.0,2453.611328125,2460.8935546875,2462.223388671875,2460.8935546875,2462.240478515625,2460.874755859375,2460.8291015625,2460.8935546875,2460.8935546875,2522.0,2282.0
50.25,2453.611328125,2460.8935546875,2460.8935546875,2460.8935546875,2460.91064453125,2460.874755859375,2460.8291015625,2460.8935546875,2460.8935546875,2522.0,2282.0
50.5,2453.611328125,2460.8935546875,2460.8935546875,2460.8935546875,2460.91064453125,2460.874755859375,2460.8291015625,2460.8935546875,2460.8935546875,2522.0,2282.0
50.75,2453.611328125,2460.8935546875,2460.8935546875,2460.8935546875,2460.91064453125,2460.874755859375,2460.829345703125,2460.8935546875,2460.8935546875,2522.0,2282.0
51.0,2453.611328125,2460.8935546875,2460.8935546875,2460.8935546875,2460.91064453125,2460.874755859375,2460.8291015625,2460.8935546875,2460.8935546875,2522.0,2282.0
51.25,2453.611328125,2460.8935546875,2460.8935546875,2460.8935546875,2460.91064453125,2460.874755859375,2460.829345703125,2460.8935546875,2460.8935546875,2522.0,2282.0
51.5,2453.611328125,2460.8935546875,2460.8935546875,2460.8935546875,2460.91064453125,2460.874755859375,2460.8291015625,2460.8935546875,2460.8935546875,2522.0,2282.0
51.75,2453.611328125,2460.8935546875,2460.8935546875,2460.8935546875,2460.91064453125,2462.20458984375,2460.829345703125,2460.8935546875,2460.8935546875,2522.0,2282.0
52.0,2453.611328125,2460.8935546875,2460.8935546875,2460.8935546875,2460.91064453125,2460.874755859375,2460.8291015625,2460.8935546875,2460.8935546875,2522.0,2282.0
52.25,2454.937255859375,2460.8935546875,2460.8935546875,2460.8935546875,2460.91064453125,2460.874755859375,2460.8291015625,2460.8935546875,2460.8935546875,2522.0,2282.0
52.5,2453.611328125,2460.8935546875,2462.223388671875,2460.8935546875,2462.240478515625,2460.875,2460.8291015625,2460.8935546875,2460.8935546875,2522.0,2282.0
52.75,2453.611328125,2460.8935546875,2460.8935546875,2460.8935546875,2460.91064453125,2460.874755859375,2460.829345703125,2460.8935546875,2460.8935546875,2522.0,2282.0
53.0,2453.611328125,2460.8935546875,2460.8935546875,2460.8935546875,2460.91064453125,2460.875,2460.8291015625,2460.8935546875,2460.8935546875,2522.0,2282.0
53.25,2453.611328125,2460.8935546875,2460.8935546875,2462.223388671875,2460.91064453125,2460.874755859375,2460.8291015625,2460.8935546875,2462.223388671875,2522.0,2282.0
53.5,2453.611328125,2460.8935546875,2460.8935546875,2462.223388671875,2460.91064453125,2460.875,2462.158935546875,2460.8935546875,2462.223388671875,2522.0,2282.0
53.75,2453.611328125,2462.223388671875,2460.8935546875,2460.8935546875,2460.91064453125,2462.20458984375,2460.829345703125,2462.223388671875,2460.8935546875,2522.0,2282.0
54.0,2453.611328125,2460.8935546875,2460.8935546875,2460.8935546875,2460.91064453125,2460.874755859375,2460.8291015625,2460.8935546875,2460.8935546875,2522.0,2282.0
54.25,2453.611328125,2460.8935546875,2460.8935546875,2460.8935546875,2460.91064453125,2460.874755859375,2460.829345703125,2460.8935546875,2460.8935546875,2522.0,2282.0
54.5,2453.611328125,2460.8935546875,2462.223388671875,2460.8935546875,2462.240478515625,2460.874755859375,2460.829345703125,2460.8935546875,2460.8935546875,2522.0,2282.0
54.75,2453.611328125,2460.8935546875,2460.8935546875,2460.8935546875,2460.91064453125,2460.874755859375,2460.829345703125,2460.8935546875,2460.8935546875,2522.0,2282.0
55.0,2453.611328125,2460.8935546875,2460.8935546875,2460.8935546875,2460.91064453125,2460.875,2460.829345703125,2460.8935546875,2460.8935546875,2522.0,2282.0
55.25,2453.611328125,2460.8935546875,2460.8935546875,2460.8935546875,2460.91064453125,2460.874755859375,2460.829345703125,2460.8935546875,2460.8935546875,2522.0,2282.0
55.5,2453.611328125,2460.8935546875,2460.8935546875,2460.8935546875,2460.91064453125,2460.874755859375,2460.829345703125,2460.8935546875,2460.8935546875,2522.0,2282.0
55.75,2422.4375,2460.8935546875,2460.8935546875,2460.8935546875,2459.604248046875,2460.33837890625,2460.20703125,2456.77490234375,2459.893310546875,2522.0,2282.0
56.0,2421.1240234375,2462.223388671875,2460.8935546875,2460.8935546875,2459.6044921875,2460.33837890625,2460.20703125,2456.7763671875,2459.89306640625,2522.0,2282.0
56.25,2421.12353515625,2460.8935546875,2460.8935546875,2460.8935546875,2459.604248046875,2461.66796875,2460.20703125,2458.102294921875,2459.893310546875,2522.0,2282.0
56.5,2421.123291015625,2460.8935546875,2460.8935546875,2460.8935546875,2459.6044921875,2460.33837890625,2460.20703125,2456.77490234375,2459.893310546875,2522.0,2282.0
56.75,2421.123291015625,2460.8935546875,2462.223388671875,2460.8935546875,2460.93359375,2460.33837890625,2460.20703125,2456.775390625,2459.8935546875,2522.0,2282.0
57.0,2421.125,2460.8935546875,2460.8935546875,2460.8935546875,2459.6044921875,2460.33837890625,2460.20703125,2456.775390625,2459.8935546875,2522.0,2282.0
57.25,2421.123046875,2460.8935546875,2460.8935546875,2460.8935546875,2459.604248046875,2460.33837890625,2460.20703125,2456.775390625,2459.8935546875,2522.0,2282.0
57.5,2421.123291015625,2460.8935546875,2460.8935546875,2460.8935546875,2459.604248046875,2460.33837890625,2460.20703125,2456.774658203125,2459.893310546875,2522.0,2282.0
57.75,2419.28857421875,2460.8935546875,2460.8935546875,2462.223388671875,2459.689453125,2460.36376953125,2461.4658203125,2457.053955078125,2461.22412109375,2522.0,2282.0
58.0,2419.28857421875,2460.8935546875,2460.8935546875,2462.223388671875,2459.689208984375,2460.36376953125,2461.4658203125,2457.053955078125,2461.22412109375,2522.0,2282.0
58.25,2419.299560546875,2462.223388671875,2460.8935546875,2460.8935546875,2459.689453125,2460.36376953125,2460.13623046875,2457.05517578125,2459.89453125,2522.0,2282.0
58.5,2419.288818359375,2460.8935546875,2460.8935546875,2460.8935546875,2459.689208984375,2460.36376953125,2460.13623046875,2457.0537109375,2459.894775390625,2522.0,2282.0
58.75,2419.28857421875,2460.8935546875,2460.8935546875,2460.8935546875,2459.689453125,2460.36376953125,2460.13623046875,2457.053955078125,2459.894775390625,2522.0,2282.0
59.0,2419.288818359375,2460.8935546875,2462.223388671875,2460.8935546875,2461.0185546875,2460.36376953125,2460.13623046875,2457.0537109375,2459.894775390625,2522.0,2282.0
59.25,2419.291259765625,2460.8935546875,2460.8935546875,2460.8935546875,2459.689453125,2460.36376953125,2460.13623046875,2457.054443359375,2459.89501953125,2522.0,2282.0
59.5,2419.29150390625,2460.8935546875,2460.893310546875,2460.8935546875,2459.689208984375,2460.36376953125,2460.13623046875,2457.053955078125,2459.89501953125,2522.0,2282.0
59.75,2418.98779296875,2460.8935546875,2460.8935546875,2460.8935546875,2459.68359375,2460.3896484375,2460.161865234375,2457.194091796875,2459.814208984375,2522.0,2282.0
60.0,2418.98779296875,2460.8935546875,2460.8935546875,2460.8935546875,2459.68359375,2460.3896484375,2460.161865234375,2457.194091796875,2459.814208984375,2522.0,2282.0
60.25,2418.98779296875,2460.8935546875,2460.8935546875,2462.223388671875,2459.68359375,2460.3896484375,2461.4912109375,2457.1943359375,2459.814208984375,2522.0,2282.0
60.5,2420.30126953125,2462.223388671875,2460.8935546875,2460.8935546875,2459.68359375,2460.3896484375,2460.161865234375,2457.195556640625,2459.814208984375,2522.0,2282.0
60.75,2418.988037109375,2460.8935546875,2460.8935546875,2460.8935546875,2459.68359375,2461.71923828125,2460.161865234375,2458.5234375,2459.814208984375,2522.0,2282.0
61.0,2418.98779296875,2460.8935546875,2460.8935546875,2460.8935546875,2459.68359375,2460.3896484375,2460.161865234375,2457.194091796875,2459.814208984375,2522.0,2282.0
61.25,2418.988037109375,2460.8935546875,2462.223388671875,2460.8935546875,2461.012939453125,2460.3896484375,2460.161865234375,2457.19482421875,2459.814208984375,2522.0,2282.0
61.5,2418.990478515625,2460.8935546875,2460.8935546875,2460.8935546875,2459.68359375,2460.3896484375,2460.161865234375,2457.19482421875,2459.814453125,2522.0,2282.0
61.75,2419.578369140625,2460.8935546875,2460.8935546875,2460.8935546875,2459.69873046875,2460.309326171875,2460.113525390625,2457.248046875,2459.64794921875,2522.0,2282.0
62.0,2419.5791015625,2460.8935546875,2460.8935546875,2460.8935546875,2459.69873046875,2460.309326171875,2460.113525390625,2457.247314453125,2459.647705078125,2522.0,2282.0
62.25,2419.578857421875,2460.8935546875,2460.8935546875,2460.8935546875,2459.69873046875,2460.309326171875,2460.113525390625,2457.247314453125,2459.647705078125,2522.0,2282.0
62.5,2419.578857421875,2460.8935546875,2460.8935546875,2462.223388671875,2459.69873046875,2460.309326171875,2461.44287109375,2457.2470703125,2459.647705078125,2522.0,2282.0
62.75,2420.892578125,2460.8935546875,2460.8935546875,2460.8935546875,2459.69873046875,2460.309326171875,2460.113525390625,2457.247314453125,2459.6474609375,2522.0,2282.0
63.0,2419.57958984375,2460.8935546875,2460.8935546875,2460.8935546875,2459.69873046875,2460.309326171875,2460.113525390625,2457.247314453125,2459.647705078125,2522.0,2282.0
63.25,2419.578857421875,2460.8935546875,2460.8935546875,2460.8935546875,2459.69873046875,2460.309326171875,2460.11328125,2457.247314453125,2459.647705078125,2522.0,2282.0
63.5,2419.185546875,2460.8935546875,2462.223388671875,2460.8935546875,2461.02783203125,2460.309326171875,2460.086669921875,2457.248046875,2459.704345703125,2522.0,2282.0
63.75,2418.42041015625,2460.8935546875,2460.8935546875,2460.8935546875,2459.750732421875,2460.424560546875,2460.038330078125,2457.327392578125,2459.781005859375,2522.0,2282.0
64.0,2418.420654296875,2460.8935546875,2460.8935546875,2460.8935546875,2459.750732421875,2460.424560546875,2460.03857421875,2457.327392578125,2459.781005859375,2522.0,2282.0
64.25,2418.417724609375,2460.8935546875,2460.8935546875,2460.8935546875,2459.750732421875,2460.424560546875,2460.038330078125,2457.32666015625,2459.78076171875,2522.0,2282.0
64.5,2418.417724609375,2460.8935546875,2460.8935546875,2462.223388671875,2459.750732421875,2460.424560546875,2461.367919921875,2457.32666015625,2461.110107421875,2522.0,2282.0
64.75,2418.417724609375,2460.8935546875,2460.8935546875,2462.223388671875,2459.750732421875,2460.424560546875,2461.367919921875,2457.32666015625,2459.78076171875,2522.0,2282.0
65.0,2419.73095703125,2460.8935546875,2460.8935546875,2460.8935546875,2459.750732421875,2460.424560546875,2460.03857421875,2457.32666015625,2459.78076171875,2522.0,2282.0
65.25,2418.41796875,2460.8935546875,2460.8935546875,2460.8935546875,2459.750732421875,2460.424560546875,2460.038330078125,2457.32666015625,2459.78076171875,2522.0,2282.0
65.5,2418.34033203125,2460.8935546875,2460.8935546875,2460.8935546875,2459.750732421875,2460.424560546875,2460.040283203125,2457.32666015625,2459.769287109375,2522.0,2282.0
65.75,2418.22412109375,2460.8935546875,2460.8935546875,2460.8935546875,2459.753662109375,2460.39599609375,2460.041259765625,2457.356201171875,2459.755615234375,2522.0,2282.0
66.0,2418.224853515625,2460.8935546875,2460.8935546875,2460.8935546875,2459.753662109375,2460.39599609375,2460.041259765625,2457.356201171875,2459.755615234375,2522.0,2282.0
66.25,2418.224853515625,2460.8935546875,2460.8935546875,2460.8935546875,2459.753662109375,2460.395751953125,2460.041259765625,2457.356201171875,2459.755615234375,2522.0,2282.0
66.5,2418.221923828125,2460.8935546875,2460.8935546875,2460.8935546875,2459.753662109375,2460.39599609375,2460.041259765625,2457.356201171875,2459.755126953125,2522.0,2282.0
66.75,2418.221923828125,2460.8935546875,2460.8935546875,2460.8935546875,2459.753662109375,2460.395751953125,2460.041259765625,2457.356201171875,2459.755126953125,2522.0,2282.0
67.0,2418.221923828125,2460.8935546875,2460.8935546875,2462.223388671875,2459.753662109375,2460.39599609375,2461.370849609375,2457.356201171875,2459.755126953125,2522.0,2282.0
67.25,2418.227294921875,2462.223388671875,2460.8935546875,2460.8935546875,2459.753662109375,2460.395751953125,2460.041259765625,2457.357421875,2459.755126953125,2522.0,2282.0
67.5,2418.22265625,2462.223388671875,2460.8935546875,2460.8935546875,2459.753662109375,2461.7255859375,2460.041259765625,2458.685302734375,2459.755126953125,2522.0,2282.0
67.75,2418.251220703125,2460.8935546875,2460.8935546875,2460.8935546875,2459.750732421875,2460.424560546875,2460.038330078125,2457.282958984375,2459.73779296875,2522.0,2282.0
68.0,2418.251220703125,2460.8935546875,2462.223388671875,2460.8935546875,2461.079833984375,2460.424560546875,2460.038330078125,2457.28369140625,2459.738037109375,2522.0,2282.0
68.25,2418.254150390625,2460.8935546875,2460.8935546875,2460.8935546875,2459.750732421875,2460.4248046875,2460.038330078125,2457.28369140625,2459.738037109375,2522.0,2282.0
68.5,2418.254150390625,2460.8935546875,2460.8935546875,2460.8935546875,2459.750732421875,2460.4248046875,2460.038330078125,2457.28369140625,2459.738037109375,2522.0,2282.0
68.75,2418.251220703125,2460.8935546875,2460.8935546875,2460.8935546875,2459.750732421875,2460.424560546875,2460.038330078125,2457.282958984375,2459.737548828125,2522.0,2282.0
69.0,2418.251220703125,2460.8935546875,2460.8935546875,2460.8935546875,2459.750732421875,2460.4248046875,2460.038330078125,2457.282958984375,2459.737548828125,2522.0,2282.0
69.25,2419.55810546875,2460.8935546875,2460.8935546875,2460.8935546875,2459.750732421875,2460.424560546875,2460.038330078125,2457.282958984375,2459.73779296875,2522.0,2282.0
69.5,2419.564453125,2460.8935546875,2460.8935546875,2460.8935546875,2459.750732421875,2460.4248046875,2460.038330078125,2457.282958984375,2459.737548828125,2522.0,2282.0
69.75,2418.880615234375,2462.223388671875,2460.8935546875,2460.8935546875,2459.724853515625,2461.76025390625,2460.01220703125,2458.51708984375,2459.69873046875,2522.0,2282.0
70.0,2418.87548828125,2460.8935546875,2460.8935546875,2460.8935546875,2459.724853515625,2460.4306640625,2460.011962890625,2457.18798828125,2459.69873046875,2522.0,2282.0
70.25,2418.877685546875,2460.8935546875,2462.223388671875,2460.8935546875,2461.05419921875,2460.4306640625,2460.01220703125,2457.188720703125,2459.698974609375,2522.0,2282.0
70.5,2418.8779296875,2460.8935546875,2460.8935546875,2460.8935546875,2459.72509765625,2460.4306640625,2460.01220703125,2457.188720703125,2459.698974609375,2522.0,2282.0
70.75,2418.87744140625,2460.8935546875,2460.8935546875,2460.8935546875,2459.724853515625,2460.4306640625,2460.01220703125,2457.188720703125,2459.698974609375,2522.0,2282.0
71.0,2418.87548828125,2460.8935546875,2460.8935546875,2460.8935546875,2459.724853515625,2460.4306640625,2460.01220703125,2457.18798828125,2459.69873046875,2522.0,2282.0
71.25,2418.87548828125,2460.8935546875,2460.8935546875,2460.8935546875,2459.724853515625,2460.4306640625,2460.01220703125,2457.18798828125,2459.69873046875,2522.0,2282.0
71.5,2418.87548828125,2460.8935546875,2460.8935546875,2462.223388671875,2459.724853515625,2460.4306640625,2461.341552734375,2457.18798828125,2459.69873046875,2522.0,2282.0
71.75,2418.6572265625,2462.223388671875,2460.8935546875,2460.8935546875,2459.7568359375,2460.39892578125,2460.011962890625,2457.262451171875,2459.716064453125,2522.0,2282.0
72.0,2418.6572265625,2462.223388671875,2460.8935546875,2460.8935546875,2459.7568359375,2461.728515625,2460.011962890625,2458.589111328125,2459.716064453125,2522.0,2282.0
72.25,2418.652099609375,2460.8935546875,2460.8935546875,2460.8935546875,2459.7568359375,2460.39892578125,2460.011962890625,2457.26123046875,2459.716064453125,2522.0,2282.0
72.5,2418.654052734375,2460.8935546875,2462.223388671875,2460.8935546875,2461.086181640625,2460.39892578125,2460.011962890625,2457.261962890625,2459.716552734375,2522.0,2282.0
72.75,2418.655029296875,2460.8935546875,2460.8935546875,2460.8935546875,2459.7568359375,2460.39892578125,2460.011962890625,2457.261962890625,2459.716552734375,2522.0,2282.0
73.0,2418.654541015625,2460.8935546875,2460.8935546875,2460.8935546875,2459.7568359375,2460.39892578125,2460.011962890625,2457.261962890625,2459.716552734375,2522.0,2282.0
73.25,2418.652099609375,2460.8935546875,2460.8935546875,2460.8935546875,2459.7568359375,2460.39892578125,2460.011962890625,2457.26123046875,2459.71630859375,2522.0,2282.0
73.5,2418.65185546875,2460.8935546875,2460.8935546875,2460.8935546875,2459.7568359375,2460.39892578125,2460.011962890625,2457.26123046875,2459.716064453125,2522.0,2282.0
73.75,2420.645751953125,2460.8935546875,2460.8935546875,2460.8935546875,2459.701904296875,2460.34423828125,2460.052734375,2457.209716796875,2459.72021484375,2522.0,2282.0
74.0,2420.65185546875,2460.8935546875,2460.8935546875,2460.8935546875,2459.701904296875,2460.343994140625,2460.052734375,2457.209716796875,2459.72021484375,2522.0,2282.0
74.25,2419.3388671875,2460.8935546875,2460.8935546875,2460.8935546875,2459.701904296875,2460.34423828125,2460.052734375,2457.209716796875,2459.72021484375,2522.0,2282.0
74.5,2419.33837890625,2460.8935546875,2460.8935546875,2460.8935546875,2459.701904296875,2460.34423828125,2460.052734375,2457.209716796875,2459.72021484375,2522.0,2282.0
74.75,2419.340576171875,2460.8935546875,2462.223388671875,2460.8935546875,2461.031005859375,2460.34423828125,2460.052734375,2457.209716796875,2459.720458984375,2522.0,2282.0
75.0,2419.3408203125,2460.8935546875,2460.8935546875,2460.8935546875,2459.701904296875,2460.34423828125,2460.052734375,2457.209716796875,2459.720458984375,2522.0,2282.0
75.25,2419.33837890625,2460.8935546875,2460.8935546875,2460.8935546875,2459.701904296875,2460.34423828125,2460.052734375,2457.209716796875,2459.72021484375,2522.0,2282.0
75.5,2419.89013671875,2460.8935546875,2460.8935546875,2460.8935546875,2459.701904296875,2460.34423828125,2460.06201171875,2457.209716796875,2459.69677734375,2522.0,2282.0
75.75,2420.959716796875,2460.8935546875,2460.8935546875,2460.8935546875,2459.611572265625,2460.349853515625,2460.0908203125,2457.0927734375,2459.65966796875,2522.0,2282.0
76.0,2420.9599609375,2460.8935546875,2460.8935546875,2462.223388671875,2459.611572265625,2460.349853515625,2461.420166015625,2457.0927734375,2459.65966796875,2522.0,2282.0
76.25,2420.964599609375,2462.223388671875,2460.8935546875,2460.8935546875,2459.611572265625,2460.349853515625,2460.0908203125,2457.09423828125,2459.65966796875,2522.0,2282.0
76.5,2420.959716796875,2460.8935546875,2460.8935546875,2460.8935546875,2459.611572265625,2460.349853515625,2460.0908203125,2457.0927734375,2459.65966796875,2522.0,2282.0
76.75,2420.959716796875,2460.8935546875,2460.8935546875,2460.893310546875,2459.611572265625,2460.349853515625,2460.090576171875,2457.093017578125,2459.659423828125,2522.0,2282.0
77.0,2420.962158203125,2460.8935546875,2462.223388671875,2460.8935546875,2460.940673828125,2460.349853515625,2460.0908203125,2457.0927734375,2459.659912109375,2522.0,2282.0
77.25,2420.960205078125,2460.8935546875,2460.8935546875,2460.8935546875,2459.611572265625,2460.349853515625,2460.090576171875,2457.09375,2459.659912109375,2522.0,2282.0
77.5,2420.775146484375,2460.8935546875,2460.8935546875,2460.8935546875,2459.611572265625,2460.349853515625,2460.1240234375,2457.0927734375,2459.631591796875,2522.0,2282.0
77.75,2420.417724609375,2460.8935546875,2460.8935546875,2460.8935546875,2459.67236328125,2460.219482421875,2460.1826171875,2457.078857421875,2459.591064453125,2522.0,2282.0
78.0,2420.417724609375,2460.8935546875,2460.8935546875,2460.8935546875,2459.67236328125,2460.219482421875,2460.1826171875,2457.078857421875,2459.591064453125,2522.0,2282.0
78.25,2420.41796875,2460.8935546875,2460.8935546875,2460.8935546875,2459.67236328125,2460.2197265625,2460.1826171875,2457.078857421875,2459.591064453125,2522.0,2282.0
78.5,2421.731689453125,2460.8935546875,2460.8935546875,2460.8935546875,2459.67236328125,2460.219482421875,2460.1826171875,2457.078857421875,2459.591064453125,2522.0,2282.0
78.75,2420.4228515625,2460.8935546875,2460.8935546875,2460.8935546875,2459.67236328125,2460.2197265625,2460.1826171875,2457.078857421875,2459.591064453125,2522.0,2282.0
79.0,2420.417724609375,2460.8935546875,2460.8935546875,2460.8935546875,2459.67236328125,2460.219482421875,2460.1826171875,2457.078857421875,2459.591064453125,2522.0,2282.0
79.25,2420.41943359375,2460.8935546875,2460.8935546875,2460.8935546875,2459.67236328125,2460.219482421875,2460.1826171875,2457.07958984375,2459.591064453125,2522.0,2282.0
79.5,2420.420166015625,2460.8935546875,2462.223388671875,2460.8935546875,2461.00146484375,2460.219482421875,2460.1826171875,2457.078857421875,2459.591552734375,2522.0,2282.0
79.75,2419.37255859375,2460.8935546875,2460.8935546875,2460.8935546875,2459.733642578125,2460.216796875,2460.14794921875,2457.174072265625,2459.630126953125,2522.0,2282.0
80.0,2419.37255859375,2460.8935546875,2460.8935546875,2460.8935546875,2459.733642578125,2460.216552734375,2460.14794921875,2457.173828125,2459.630126953125,2522.0,2282.0
80.25,2419.37255859375,2460.8935546875,2460.8935546875,2460.8935546875,2459.733642578125,2460.216552734375,2460.14794921875,2457.173828125,2459.630126953125,2522.0,2282.0
80.5,2419.37255859375,2460.8935546875,2460.8935546875,2462.223388671875,2459.733642578125,2460.216552734375,2461.4775390625,2457.173828125,2459.630126953125,2522.0,2282.0
80.75,2419.383544921875,2462.223388671875,2460.8935546875,2460.8935546875,2459.733642578125,2460.216796875,2460.14794921875,2457.17529296875,2459.630126953125,2522.0,2282.0
81.0,2419.3779296875,2460.8935546875,2460.8935546875,2460.8935546875,2459.733642578125,2460.216796875,2460.14794921875,2457.174072265625,2459.630126953125,2522.0,2282.0
81.25,2419.37255859375,2460.8935546875,2460.8935546875,2460.8935546875,2459.733642578125,2460.216552734375,2460.14794921875,2457.173828125,2459.630126953125,2522.0,2282.0
81.5,2419.375,2460.8935546875,2462.223388671875,2460.8935546875,2461.06298828125,2460.216552734375,2460.14794921875,2457.173828125,2459.630615234375,2522.0,2282.0
81.75,2418.657470703125,2460.8935546875,2460.8935546875,2460.8935546875,2459.666748046875,2460.27685546875,2460.17724609375,2457.37255859375,2459.66162109375,2522.0,2282.0
82.0,2418.655029296875,2460.8935546875,2460.8935546875,2460.8935546875,2459.666748046875,2460.27685546875,2460.17724609375,2457.371826171875,2459.6611328125,2522.0,2282.0
82.25,2418.655029296875,2460.8935546875,2460.8935546875,2460.8935546875,2459.666748046875,2460.27685546875,2460.17724609375,2457.371826171875,2459.6611328125,2522.0,2282.0
82.5,2418.655029296875,2460.8935546875,2460.8935546875,2460.8935546875,2459.666748046875,2460.27685546875,2460.17724609375,2457.371826171875,2459.6611328125,2522.0,2282.0
82.75,2418.655029296875,2460.8935546875,2460.8935546875,2460.8935546875,2459.666748046875,2460.27685546875,2460.17724609375,2457.371826171875,2459.6611328125,2522.0,2282.0
83.0,2419.962158203125,2462.223388671875,2460.8935546875,2460.8935546875,2459.666748046875,2460.27685546875,2460.17724609375,2457.373046875,2459.6611328125,2522.0,2282.0
83.25,2418.660400390625,2462.223388671875,2460.8935546875,2460.8935546875,2459.666748046875,2461.6064453125,2460.17724609375,2458.700927734375,2459.6611328125,2522.0,2282.0
83.5,2418.655029296875,2460.8935546875,2460.8935546875,2460.8935546875,2459.666748046875,2460.27685546875,2460.17724609375,2457.371826171875,2459.6611328125,2522.0,2282.0
83.75,2441.725830078125,2460.8935546875,2462.223388671875,2460.8935546875,2461.84130859375,2460.669921875,2460.56396484375,2459.666748046875,2460.502685546875,2522.0,2282.0
84.0,2441.725830078125,2460.8935546875,2460.8935546875,2460.8935546875,2460.51171875,2460.669921875,2460.56396484375,2459.666748046875,2460.5029296875,2522.0,2282.0
84.25,2443.04541015625,2460.8935546875,2460.8935546875,2460.8935546875,2460.511474609375,2460.669921875,2460.56396484375,2459.666748046875,2460.5029296875,2522.0,2282.0
84.5,2441.7294921875,2460.8935546875,2460.8935546875,2460.8935546875,2460.51171875,2460.670166015625,2460.56396484375,2459.666748046875,2460.502685546875,2522.0,2282.0
84.75,2441.727294921875,2460.8935546875,2460.8935546875,2462.223388671875,2460.511474609375,2460.669921875,2460.56396484375,2459.666748046875,2461.83251953125,2522.0,2282.0
85.0,2441.725830078125,2460.8935546875,2460.8935546875,2460.8935546875,2460.51171875,2460.670166015625,2460.56396484375,2459.667236328125,2460.502685546875,2522.0,2282.0
85.25,2441.725830078125,2460.8935546875,2460.8935546875,2460.8935546875,2460.51171875,2460.669921875,2460.56396484375,2459.666748046875,2460.502685546875,2522.0,2282.0
85.5,2441.725830078125,2462.223388671875,2460.8935546875,2460.8935546875,2460.51171875,2461.999755859375,2460.56396484375,2460.995849609375,2460.502685546875,2522.0,2282.0
85.75,2441.604248046875,2460.8935546875,2460.8935546875,2460.8935546875,2460.457763671875,2460.67919921875,2460.541748046875,2459.57177734375,2460.4638671875,2522.0,2282.0
86.0,2441.604248046875,2460.8935546875,2462.223388671875,2460.8935546875,2461.787353515625,2460.67919921875,2460.541748046875,2459.57177734375,2460.4638671875,2522.0,2282.0
86.25,2441.6044921875,2460.8935546875,2460.8935546875,2460.8935546875,2460.457763671875,2460.67919921875,2460.541748046875,2459.572021484375,2460.4638671875,2522.0,2282.0
86.5,2442.923828125,2460.8935546875,2460.8935546875,2460.8935546875,2460.457763671875,2460.67919921875,2460.541748046875,2459.572021484375,2460.4638671875,2522.0,2282.0
86.75,2441.6044921875,2460.8935546875,2460.8935546875,2460.8935546875,2460.457763671875,2460.67919921875,2460.541748046875,2459.57177734375,2460.4638671875,2522.0,2282.0
87.0,2441.605712890625,2460.8935546875,2460.8935546875,2462.223388671875,2460.457763671875,2460.67919921875,2460.541748046875,2459.57177734375,2461.79345703125,2522.0,2282.0
87.25,2441.60546875,2460.8935546875,2460.8935546875,2460.8935546875,2460.457763671875,2460.67919921875,2460.541748046875,2459.572265625,2460.4638671875,2522.0,2282.0
87.5,2441.3818359375,2460.8935546875,2460.8935546875,2460.8935546875,2460.45751953125,2460.67919921875,2460.541748046875,2459.5205078125,2460.4677734375,2522.0,2282.0
87.75,2441.3779296875,2460.8935546875,2460.8935546875,2460.8935546875,2460.45751953125,2460.67919921875,2460.541748046875,2459.52099609375,2460.4677734375,2522.0,2282.0
88.0,2441.3779296875,2460.8935546875,2460.8935546875,2460.8935546875,2460.45751953125,2460.67919921875,2460.541748046875,2459.5205078125,2460.4677734375,2522.0,2282.0
88.25,2441.3779296875,2460.8935546875,2460.8935546875,2460.8935546875,2460.45751953125,2460.67919921875,2460.541748046875,2459.5205078125,2460.4677734375,2522.0,2282.0
88.5,2441.377685546875,2460.8935546875,2460.8935546875,2460.8935546875,2460.45751953125,2460.67919921875,2460.541748046875,2459.5205078125,2460.4677734375,2522.0,2282.0
88.75,2444.01318359375,2460.8935546875,2460.8935546875,2460.8935546875,2460.3095703125,2460.595458984375,2460.680419921875,2459.3603515625,2460.364501953125,2522.0,2282.0
89.0,2444.013427734375,2460.8935546875,2460.8935546875,2460.8935546875,2460.3095703125,2460.595458984375,2460.6806640625,2459.3603515625,2460.36474609375,2522.0,2282.0
89.25,2444.013427734375,2460.8935546875,2460.8935546875,2460.8935546875,2460.3095703125,2460.595458984375,2460.6806640625,2459.3603515625,2460.364501953125,2522.0,2282.0
89.5,2444.0146484375,2460.8935546875,2460.8935546875,2460.8935546875,2460.3095703125,2460.595458984375,2460.6806640625,2459.3603515625,2460.364501953125,2522.0,2282.0
89.75,2444.01318359375,2460.8935546875,2460.8935546875,2460.8935546875,2460.3095703125,2460.595458984375,2460.6806640625,2459.3603515625,2460.364501953125,2522.0,2282.0
90.0,2444.013671875,2460.8935546875,2460.8935546875,2460.8935546875,2460.3095703125,2460.595458984375,2460.6806640625,2459.36083984375,2460.364501953125,2522.0,2282.0
90.25,2441.707763671875,2460.8935546875,2460.8935546875,2460.8935546875,2460.393310546875,2460.64697265625,2460.636962890625,2459.616943359375,2460.344482421875,2522.0,2282.0
90.5,2441.707763671875,2460.8935546875,2460.8935546875,2460.8935546875,2460.393310546875,2460.64697265625,2460.636962890625,2459.616943359375,2460.344482421875,2522.0,2282.0
90.75,2441.708251953125,2460.8935546875,2460.8935546875,2462.223388671875,2460.3935546875,2460.647216796875,2461.966552734375,2459.616943359375,2461.674072265625,2522.0,2282.0
91.0,2441.707763671875,2460.8935546875,2460.8935546875,2460.8935546875,2460.393310546875,2460.64697265625,2460.636962890625,2459.616943359375,2460.344482421875,2522.0,2282.0
91.25,2441.345458984375,2460.8935546875,2460.8935546875,2460.8935546875,2460.300537109375,2460.713623046875,2460.64013671875,2459.800537109375,2460.306884765625,2522.0,2282.0
91.5,2441.345458984375,2460.8935546875,2460.8935546875,2460.8935546875,2460.30029296875,2460.713623046875,2460.64013671875,2459.800537109375,2460.30712890625,2522.0,2282.0
91.75,2441.345458984375,2460.8935546875,2462.223388671875,2460.8935546875,2461.6298828125,2460.713623046875,2460.64013671875,2459.800537109375,2460.306884765625,2522.0,2282.0
92.0,2441.3466796875,2460.8935546875,2460.8935546875,2462.223388671875,2460.300537109375,2460.713623046875,2461.969970703125,2459.800537109375,2461.636474609375,2522.0,2282.0
92.25,2441.345458984375,2460.8935546875,2460.8935546875,2460.8935546875,2460.300537109375,2460.713623046875,2460.64013671875,2459.801025390625,2460.30712890625,2522.0,2282.0
92.5,2441.345458984375,2460.8935546875,2462.223388671875,2460.8935546875,2461.6298828125,2460.713623046875,2460.64013671875,2459.800537109375,2460.30712890625,2522.0,2282.0
92.75,2440.86865234375,2460.8935546875,2460.8935546875,2460.8935546875,2460.474365234375,2461.93017578125,2460.716552734375,2459.851806640625,2460.302978515625,2522.0,2282.0
93.0,2440.868896484375,2462.223388671875,2460.8935546875,2460.8935546875,2460.474365234375,2460.6005859375,2460.716552734375,2461.18115234375,2460.302978515625,2522.0,2282.0
93.25,2440.870361328125,2460.8935546875,2460.8935546875,2460.8935546875,2460.474365234375,2460.6005859375,2462.04638671875,2459.85205078125,2460.302978515625,2522.0,2282.0
93.5,2440.873291015625,2460.8935546875,2460.8935546875,2460.8935546875,2460.474365234375,2460.6005859375,2460.716552734375,2459.851806640625,2460.302978515625,2522.0,2282.0
93.75,2440.868896484375,2460.8935546875,2460.8935546875,2460.8935546875,2460.474365234375,2460.6005859375,2460.716552734375,2459.85205078125,2460.302978515625,2522.0,2282.0
94.0,2440.7236328125,2460.8935546875,2460.8935546875,2460.8935546875,2460.57958984375,2460.514404296875,2460.63037109375,2460.116455078125,2460.236083984375,2522.0,2282.0
94.25,2440.723876953125,2460.8935546875,2460.8935546875,2460.8935546875,2460.579833984375,2460.514404296875,2460.63037109375,2460.116455078125,2460.236083984375,2522.0,2282.0
94.5,2440.724365234375,2460.8935546875,2460.8935546875,2460.8935546875,2460.57958984375,2460.51416015625,2460.63037109375,2460.116455078125,2460.236083984375,2522.0,2282.0
94.75,2440.7236328125,2460.8935546875,2460.8935546875,2460.8935546875,2460.57958984375,2460.514404296875,2460.63037109375,2460.11669921875,2460.236328125,2522.0,2282.0
95.0,2440.7236328125,2460.8935546875,2460.8935546875,2460.8935546875,2460.579833984375,2460.514404296875,2460.63037109375,2460.11669921875,2460.236328125,2522.0,2282.0
95.25,2442.042724609375,2460.8935546875,2460.8935546875,2460.8935546875,2460.57958984375,2460.514404296875,2460.63037109375,2460.116455078125,2460.236083984375,2522.0,2282.0
95.5,2440.7236328125,2460.8935546875,2460.8935546875,2460.8935546875,2460.57958984375,2460.51416015625,2460.63037109375,2460.1162109375,2460.236083984375,2522.0,2282.0
95.75,2441.03515625,2460.8935546875,2460.8935546875,2460.8935546875,2460.55078125,2460.51708984375,2460.63330078125,2459.881591796875,2460.277587890625,2522.0,2282.0
96.0,2441.034423828125,2460.8935546875,2460.8935546875,2460.8935546875,2460.55078125,2460.51708984375,2460.63330078125,2459.8818359375,2460.27783203125,2522.0,2282.0
96.25,2441.034423828125,2462.223388671875,2460.8935546875,2460.8935546875,2460.55078125,2461.8466796875,2460.63330078125,2461.210693359375,2460.277587890625,2522.0,2282.0
96.5,2441.034912109375,2460.8935546875,2460.8935546875,2460.8935546875,2460.55078125,2460.51708984375,2460.63330078125,2459.881591796875,2460.277587890625,2522.0,2282.0
96.75,2442.353515625,2460.8935546875,2460.8935546875,2460.8935546875,2460.55078125,2460.51708984375,2460.63330078125,2459.881591796875,2460.277587890625,2522.0,2282.0
97.0,2441.034423828125,2460.8935546875,2462.223388671875,2460.8935546875,2461.88037109375,2460.51708984375,2460.63330078125,2459.881591796875,2460.277587890625,2522.0,2282.0
97.25,2440.08544921875,2460.8935546875,2460.8935546875,2460.8935546875,2460.576904296875,2460.54296875,2460.627197265625,2459.94677734375,2460.342041015625,2522.0,2282.0
97.5,2440.08544921875,2460.8935546875,2460.8935546875,2460.8935546875,2460.576904296875,2461.87255859375,2460.627197265625,2459.94677734375,2460.342041015625,2522.0,2282.0
97.75,2440.085693359375,2460.8935546875,2460.8935546875,2460.8935546875,2460.57666015625,2460.54296875,2460.627197265625,2459.947021484375,2460.342041015625,2522.0,2282.0
98.0,2440.08544921875,2460.8935546875,2460.8935546875,2460.8935546875,2460.57666015625,2460.54296875,2460.627197265625,2459.94677734375,2460.342041015625,2522.0,2282.0
98.25,2440.085693359375,2460.8935546875,2460.8935546875,2460.8935546875,2460.57666015625,2460.54296875,2460.627197265625,2459.947021484375,2460.342041015625,2522.0,2282.0
98.5,2440.08544921875,2460.8935546875,2460.8935546875,2460.8935546875,2460.57666015625,2460.54296875,2460.627197265625,2459.94677734375,2460.342041015625,2522.0,2282.0
98.75,2439.998779296875,2460.8935546875,2460.8935546875,2460.8935546875,2460.57373046875,2460.57177734375,2460.624267578125,2459.850341796875,2460.46533203125,2522.0,2282.0
99.0,2439.998779296875,2460.8935546875,2460.8935546875,2460.8935546875,2460.57373046875,2460.57177734375,2460.624267578125,2459.8505859375,2460.46533203125,2522.0,2282.0
99.25,2439.999267578125,2460.8935546875,2460.8935546875,2460.8935546875,2460.57373046875,2460.57177734375,2460.624267578125,2459.850341796875,2460.46533203125,2522.0,2282.0
99.5,2440.003662109375,2460.8935546875,2460.8935546875,2460.8935546875,2460.57373046875,2460.57177734375,2460.624267578125,2459.850341796875,2460.46533203125,2522.0,2282.0
99.75,2439.99951171875,2460.8935546875,2460.8935546875,2460.8935546875,2460.57373046875,2460.57177734375,2461.9541015625,2459.850341796875,2460.46533203125,2522.0,2282.0
100.0,2439.268798828125,2460.8935546875,2460.8935546875,2460.8935546875,2460.6376953125,2460.44482421875,2460.687255859375,2459.93115234375,2460.435791015625,2522.0,2282.0
100.25,2439.26318359375,2460.8935546875,2460.8935546875,2460.8935546875,2460.637939453125,2460.44482421875,2460.687255859375,2459.93115234375,2460.43603515625,2522.0,2282.0
100.5,2439.268798828125,2460.8935546875,2460.8935546875,2460.8935546875,2460.637939453125,2460.44482421875,2460.687255859375,2459.93115234375,2460.435791015625,2522.0,2282.0
100.75,2439.268798828125,2460.8935546875,2460.8935546875,2460.8935546875,2460.637939453125,2460.44482421875,2460.687255859375,2459.93115234375,2460.43603515625,2522.0,2282.0
101.0,2439.26318359375,2460.8935546875,2460.8935546875,2460.8935546875,2460.637939453125,2460.44482421875,2460.687255859375,2459.93115234375,2460.43603515625,2522.0,2282.0
101.25,2437.921875,2460.8935546875,2460.8935546875,2460.8935546875,2460.68701171875,2460.46142578125,2460.735595703125,2460.166015625,2460.394287109375,2522.0,2282.0
101.5,2437.921630859375,2460.8935546875,2460.8935546875,2460.8935546875,2460.68701171875,2460.46142578125,2460.735595703125,2460.166015625,2460.39453125,2522.0,2282.0
101.75,2437.921630859375,2460.8935546875,2460.8935546875,2460.8935546875,2460.68701171875,2461.791015625,2460.7353515625,2460.166015625,2460.394287109375,2522.0,2282.0
102.0,2437.921875,2460.8935546875,2460.8935546875,2462.223388671875,2460.68701171875,2460.46142578125,2462.065185546875,2460.166015625,2461.723876953125,2522.0,2282.0
102.25,2437.922607421875,2462.223388671875,2460.8935546875,2460.8935546875,2460.68701171875,2460.46142578125,2460.735595703125,2461.49560546875,2460.394287109375,2522.0,2282.0
102.5,2437.921875,2460.8935546875,2460.8935546875,2462.223388671875,2460.686767578125,2460.46142578125,2462.065185546875,2460.166015625,2461.723876953125,2522.0,2282.0
102.75,2440.560302734375,2460.8935546875,2460.8935546875,2460.8935546875,2460.43994140625,2460.565185546875,2460.808349609375,2459.733642578125,2460.40478515625,2522.0,2282.0
103.0,2440.5615234375,2460.8935546875,2460.8935546875,2460.8935546875,2460.43994140625,2460.565185546875,2460.808349609375,2459.734130859375,2460.40478515625,2522.0,2282.0
103.25,2440.560546875,2460.8935546875,2460.8935546875,2460.8935546875,2460.43994140625,2460.565185546875,2460.808349609375,2459.733642578125,2460.40478515625,2522.0,2282.0
103.5,2440.560546875,2460.8935546875,2460.8935546875,2460.8935546875,2460.43994140625,2460.565185546875,2460.80859375,2459.733642578125,2460.405029296875,2522.0,2282.0
103.75,2440.560546875,2460.8935546875,2462.223388671875,2460.8935546875,2461.76953125,2460.565185546875,2460.808349609375,2459.733642578125,2460.405029296875,2522.0,2282.0
104.0,2459.661376953125,2460.8935546875,2460.8935546875,2460.8935546875,2460.9697265625,2462.326416015625,2461.17138671875,2461.0439453125,2461.20556640625,2522.0,2282.0
104.25,2459.66064453125,2460.8935546875,2460.8935546875,2460.8935546875,2460.9697265625,2460.996337890625,2461.17138671875,2461.0439453125,2461.205810546875,2522.0,2282.0
104.5,2460.990478515625,2460.8935546875,2460.8935546875,2460.8935546875,2460.9697265625,2460.99658203125,2461.17138671875,2461.0439453125,2461.20556640625,2522.0,2282.0
104.75,2459.66064453125,2460.8935546875,2460.8935546875,2460.8935546875,2460.9697265625,2460.99658203125,2461.17138671875,2461.0439453125,2461.205810546875,2522.0,2282.0
105.0,2459.6611328125,2460.8935546875,2460.8935546875,2460.8935546875,2460.9697265625,2460.99658203125,2461.17138671875,2461.0439453125,2461.205810546875,2522.0,2282.0
105.25,2459.660888671875,2460.8935546875,2460.8935546875,2460.8935546875,2460.9697265625,2460.99658203125,2461.17138671875,2461.0439453125,2461.205810546875,2522.0,2282.0
105.5,2458.724853515625,2460.8935546875,2460.8935546875,2460.8935546875,2460.99853515625,2461.056884765625,2461.104736328125,2461.160400390625,2461.26611328125,2522.0,2282.0
105.75,2460.053466796875,2460.8935546875,2460.8935546875,2460.8935546875,2460.99853515625,2461.056884765625,2461.104736328125,2461.160400390625,2461.26611328125,2522.0,2282.0
106.0,2458.724609375,2460.8935546875,2460.8935546875,2460.8935546875,2460.99853515625,2461.056884765625,2461.104736328125,2461.160400390625,2461.265869140625,2522.0,2282.0
106.25,2458.724853515625,2460.8935546875,2460.8935546875,2460.8935546875,2460.99853515625,2461.056884765625,2461.104736328125,2461.160400390625,2461.268310546875,2522.0,2282.0
106.5,2458.724853515625,2460.8935546875,2460.8935546875,2460.8935546875,2460.99853515625,2461.056884765625,2461.104736328125,2461.160400390625,2461.265869140625,2522.0,2282.0
106.75,2457.250732421875,2460.8935546875,2462.223388671875,2460.8935546875,2462.55517578125,2461.02880859375,2460.885986328125,2461.306396484375,2461.30078125,2522.0,2282.0
107.0,2457.251953125,2460.8935546875,2460.8935546875,2460.8935546875,2461.22509765625,2461.02880859375,2462.216064453125,2461.306396484375,2462.630859375,2522.0,2282.0
107.25,2457.251953125,2460.8935546875,2460.8935546875,2460.8935546875,2461.22509765625,2462.358642578125,2460.88623046875,2461.306396484375,2461.30078125,2522.0,2282.0
107.5,2457.251708984375,2460.8935546875,2460.8935546875,2460.8935546875,2461.22509765625,2461.02880859375,2460.88623046875,2461.306396484375,2461.30078125,2522.0,2282.0
107.75,2457.74365234375,2460.8935546875,2460.8935546875,2460.8935546875,2461.404541015625,2460.922119140625,2460.9052734375,2461.203857421875,2461.308837890625,2522.0,2282.0
108.0,2459.07177734375,2460.8935546875,2460.8935546875,2460.8935546875,2461.404541015625,2460.922119140625,2460.9052734375,2461.203857421875,2461.308837890625,2522.0,2282.0
108.25,2457.74365234375,2460.8935546875,2460.8935546875,2460.8935546875,2461.404541015625,2460.921875,2460.9052734375,2462.533935546875,2461.308837890625,2522.0,2282.0
108.5,2457.743408203125,2460.8935546875,2460.8935546875,2460.8935546875,2461.404541015625,2460.922119140625,2460.9052734375,2461.203857421875,2461.308837890625,2522.0,2282.0
108.75,2457.743408203125,2460.8935546875,2460.8935546875,2460.8935546875,2461.404541015625,2460.922119140625,2460.9052734375,2461.203857421875,2461.306884765625,2522.0,2282.0
109.0,2457.743408203125,2460.8935546875,2460.8935546875,2460.8935546875,2461.404541015625,2460.922119140625,2460.9052734375,2461.203857421875,2461.308837890625,2522.0,2282.0
109.25,2456.865478515625,2460.8935546875,2460.8935546875,2460.8935546875,2461.320556640625,2462.104736328125,2461.043701171875,2461.227294921875,2461.168212890625,2522.0,2282.0
109.5,2456.865478515625,2460.8935546875,2462.223388671875,2460.8935546875,2462.650634765625,2460.77490234375,2461.043701171875,2461.227294921875,2461.168212890625,2522.0,2282.0
109.75,2456.865478515625,2460.8935546875,2462.223388671875,2460.8935546875,2462.650634765625,2460.77490234375,2461.043701171875,2461.227294921875,2461.168212890625,2522.0,2282.0
110.0,2456.865478515625,2460.8935546875,2460.8935546875,2460.8935546875,2461.32080078125,2460.77490234375,2461.043701171875,2461.227294921875,2461.168212890625,2522.0,2282.0
110.25,2456.865234375,2460.8935546875,2460.8935546875,2460.8935546875,2461.320556640625,2460.77490234375,2461.043701171875,2461.227294921875,2461.168212890625,2522.0,2282.0
110.5,2457.761962890625,2460.8935546875,2460.8935546875,2460.8935546875,2461.45458984375,2460.654052734375,2460.986083984375,2461.154296875,2461.15087890625,2522.0,2282.0
110.75,2457.761962890625,2462.223388671875,2460.8935546875,2460.8935546875,2461.45458984375,2461.98388671875,2460.986083984375,2462.484375,2461.15087890625,2522.0,2282.0
111.0,2459.090087890625,2460.8935546875,2460.8935546875,2460.8935546875,2461.45458984375,2460.654052734375,2460.986083984375,2461.154296875,2461.15087890625,2522.0,2282.0
111.25,2457.761962890625,2460.8935546875,2460.8935546875,2460.8935546875,2461.45458984375,2460.654052734375,2460.986083984375,2461.154296875,2461.15087890625,2522.0,2282.0
111.5,2458.84130859375,2460.8935546875,2460.8935546875,2460.8935546875,2461.425537109375,2460.5615234375,2461.083740234375,2461.197509765625,2461.193603515625,2522.0,2282.0
111.75,2458.83984375,2460.8935546875,2462.223388671875,2460.8935546875,2462.755615234375,2460.5615234375,2461.083740234375,2461.19775390625,2461.193603515625,2522.0,2282.0
112.0,2458.84130859375,2462.223388671875,2460.8935546875,2460.8935546875,2461.425537109375,2461.891357421875,2461.083740234375,2461.19775390625,2461.193603515625,2522.0,2282.0
112.25,2460.170166015625,2460.8935546875,2460.8935546875,2460.8935546875,2461.425537109375,2460.5615234375,2461.083740234375,2461.19775390625,2461.193603515625,2522.0,2282.0
112.5,2458.84130859375,2460.8935546875,2460.8935546875,2460.8935546875,2461.425537109375,2460.561767578125,2461.083740234375,2461.19775390625,2461.193603515625,2522.0,2282.0
112.75,2458.52490234375,2460.8935546875,2460.8935546875,2460.8935546875,2461.425537109375,2460.656982421875,2460.989013671875,2461.4462890625,2461.220458984375,2522.0,2282.0
113.0,2459.853271484375,2460.8935546875,2460.8935546875,2460.8935546875,2461.425537109375,2460.656982421875,2460.989013671875,2461.4462890625,2461.220458984375,2522.0,2282.0
113.25,2458.523193359375,2460.8935546875,2462.223388671875,2460.8935546875,2462.755615234375,2460.656982421875,2460.989013671875,2461.4462890625,2461.220458984375,2522.0,2282.0
113.5,2458.52490234375,2462.223388671875,2460.8935546875,2460.8935546875,2461.425537109375,2460.656982421875,2460.989013671875,2462.776611328125,2461.220458984375,2522.0,2282.0
113.75,2458.524658203125,2460.8935546875,2460.8935546875,2460.8935546875,2461.425537109375,2460.656982421875,2460.989013671875,2461.446044921875,2461.221435546875,2522.0,2282.0
114.0,2459.818115234375,2460.8935546875,2460.8935546875,2460.8935546875,2461.387451171875,2462.10791015625,2460.95166015625,2461.219482421875,2461.215087890625,2522.0,2282.0
114.25,2459.81787109375,2460.8935546875,2460.8935546875,2460.8935546875,2461.387451171875,2460.778076171875,2460.95166015625,2461.219482421875,2461.215087890625,2522.0,2282.0
114.5,2459.8173828125,2460.8935546875,2460.8935546875,2460.8935546875,2461.387451171875,2460.778076171875,2460.95166015625,2461.219482421875,2461.215087890625,2522.0,2282.0
114.75,2459.815185546875,2460.8935546875,2462.223388671875,2460.8935546875,2462.717529296875,2460.778076171875,2460.95166015625,2461.219482421875,2461.215087890625,2522.0,2282.0
115.0,2459.817138671875,2460.8935546875,2460.8935546875,2460.8935546875,2461.387451171875,2460.778076171875,2460.95166015625,2461.219482421875,2461.215087890625,2522.0,2282.0
115.25,2459.8173828125,2460.8935546875,2460.8935546875,2460.8935546875,2461.387451171875,2460.778076171875,2460.95166015625,2461.219482421875,2461.215087890625,2522.0,2282.0
115.5,2459.817138671875,2460.8935546875,2460.8935546875,2460.8935546875,2461.387451171875,2460.778076171875,2460.95166015625,2461.219482421875,2461.215087890625,2522.0,2282.0
115.75,2461.15234375,2460.8935546875,2460.8935546875,2460.8935546875,2461.025146484375,2461.020751953125,2460.91064453125,2462.423583984375,2461.36376953125,2522.0,2282.0
116.0,2461.152099609375,2460.8935546875,2460.8935546875,2462.223388671875,2461.025146484375,2461.020751953125,2460.91064453125,2461.09326171875,2461.36376953125,2522.0,2282.0
116.25,2461.152099609375,2460.8935546875,2460.8935546875,2460.8935546875,2461.025146484375,2461.020751953125,2460.91064453125,2461.093505859375,2461.36376953125,2522.0,2282.0
116.5,2461.15234375,2460.8935546875,2460.8935546875,2460.8935546875,2461.025146484375,2461.020751953125,2460.91064453125,2461.09326171875,2461.36376953125,2522.0,2282.0
116.75,2459.91455078125,2460.8935546875,2462.223388671875,2460.8935546875,2462.34326171875,2461.072021484375,2460.9619140625,2461.07763671875,2461.45751953125,2522.0,2282.0
117.0,2459.9150390625,2460.8935546875,2460.8935546875,2460.8935546875,2461.013427734375,2461.072021484375,2460.9619140625,2461.07763671875,2461.45751953125,2522.0,2282.0
117.25,2459.9150390625,2460.8935546875,2460.8935546875,2460.8935546875,2461.013427734375,2461.072021484375,2460.9619140625,2461.07763671875,2461.45751953125,2522.0,2282.0
117.5,2459.91455078125,2460.8935546875,2460.8935546875,2460.8935546875,2461.013427734375,2461.072021484375,2460.9619140625,2461.07763671875,2461.45751953125,2522.0,2282.0
117.75,2459.91259765625,2460.8935546875,2460.8935546875,2460.8935546875,2461.013427734375,2461.072021484375,2460.9619140625,2461.07763671875,2461.45751953125,2522.0,2282.0
118.0,2459.9150390625,2462.223388671875,2460.8935546875,2460.8935546875,2461.013427734375,2461.072021484375,2460.9619140625,2462.40771484375,2461.45751953125,2522.0,2282.0
118.25,2459.416748046875,2460.8935546875,2460.8935546875,2460.8935546875,2461.21923828125,2460.895751953125,2461.069580078125,2461.0263671875,2461.461669921875,2522.0,2282.0
118.5,2459.416748046875,2460.8935546875,2460.8935546875,2460.8935546875,2461.21923828125,2460.8955078125,2461.069580078125,2461.0263671875,2461.461669921875,2522.0,2282.0
118.75,2459.41455078125,2460.8935546875,2460.8935546875,2460.8935546875,2461.21923828125,2460.8955078125,2461.069580078125,2461.0263671875,2461.461669921875,2522.0,2282.0
119.0,2459.416748046875,2460.8935546875,2460.8935546875,2460.8935546875,2461.21923828125,2460.895751953125,2461.069580078125,2462.3564453125,2461.461669921875,2522.0,2282.0
119.25,2459.41650390625,2460.8935546875,2460.8935546875,2460.8935546875,2461.21923828125,2460.895751953125,2461.069580078125,2461.0263671875,2461.46142578125,2522.0,2282.0
119.5,2459.414306640625,2460.8935546875,2460.8935546875,2460.8935546875,2461.21923828125,2460.895751953125,2461.069580078125,2461.0263671875,2461.461669921875,2522.0,2282.0
119.75,2442.530517578125,2460.8935546875,2460.8935546875,2460.8935546875,2460.391845703125,2460.453369140625,2460.85498046875,2459.47705078125,2460.4248046875,2522.0,2282.0
120.0,2442.5302734375,2460.8935546875,2460.8935546875,2460.8935546875,2460.391845703125,2460.453369140625,2460.85498046875,2459.47705078125,2460.4248046875,2522.0,2282.0
120.25,2442.53125,2460.8935546875,2460.8935546875,2460.8935546875,2460.391845703125,2460.453369140625,2460.85498046875,2459.476806640625,2460.4248046875,2522.0,2282.0
120.5,2442.530517578125,2460.8935546875,2460.8935546875,2460.8935546875,2460.391845703125,2460.453369140625,2460.85498046875,2459.47705078125,2460.425048828125,2522.0,2282.0
120.75,2444.6943359375,2460.8935546875,2460.8935546875,2460.8935546875,2460.28955078125,2460.3525390625,2460.8505859375,2459.61865234375,2460.18212890625,2522.0,2282.0
121.0,2444.694580078125,2460.8935546875,2460.8935546875,2460.8935546875,2460.28955078125,2460.3525390625,2460.8505859375,2459.61865234375,2460.18212890625,2522.0,2282.0
121.25,2444.69482421875,2460.8935546875,2460.8935546875,2460.8935546875,2460.289794921875,2460.3525390625,2460.8505859375,2459.61865234375,2460.18212890625,2522.0,2282.0
121.5,2444.6943359375,2460.8935546875,2460.8935546875,2460.8935546875,2460.28955078125,2460.3525390625,2460.8505859375,2459.61865234375,2460.18212890625,2522.0,2282.0
121.75,2444.694580078125,2460.8935546875,2460.8935546875,2460.8935546875,2460.28955078125,2460.352294921875,2460.8505859375,2459.61865234375,2460.18212890625,2522.0,2282.0
122.0,2443.929443359375,2460.8935546875,2460.8935546875,2460.8935546875,2460.3125,2460.406982421875,2460.841796875,2459.530029296875,2460.258544921875,2522.0,2282.0
122.25,2443.928955078125,2460.8935546875,2460.8935546875,2460.8935546875,2460.3125,2460.406982421875,2460.841796875,2459.530029296875,2460.258544921875,2522.0,2282.0
122.5,2443.929443359375,2460.8935546875,2460.8935546875,2460.8935546875,2460.3125,2460.406982421875,2460.841796875,2459.52978515625,2460.258544921875,2522.0,2282.0
122.75,2443.92919921875,2460.8935546875,2460.8935546875,2460.8935546875,2460.3125,2460.406982421875,2460.841796875,2459.530029296875,2460.258544921875,2522.0,2282.0
123.0,2445.249755859375,2460.8935546875,2460.8935546875,2460.8935546875,2460.3125,2460.406982421875,2460.841796875,2459.5302734375,2460.2587890625,2522.0,2282.0
123.25,2443.929931640625,2460.8935546875,2460.8935546875,2462.223388671875,2460.3125,2460.406982421875,2460.841796875,2459.530029296875,2461.588134765625,2522.0,2282.0
123.5,2445.657470703125,2460.8935546875,2462.223388671875,2460.8935546875,2461.298583984375,2460.637939453125,2460.883544921875,2459.56103515625,2460.07080078125,2522.0,2282.0
123.75,2445.657470703125,2460.8935546875,2460.8935546875,2460.8935546875,2459.96923828125,2460.637939453125,2460.883544921875,2459.56103515625,2460.07080078125,2522.0,2282.0
124.0,2446.97900390625,2460.8935546875,2460.8935546875,2460.8935546875,2459.96923828125,2460.637939453125,2460.88330078125,2459.56103515625,2460.071044921875,2522.0,2282.0
124.25,2445.65771484375,2460.8935546875,2460.8935546875,2460.8935546875,2459.96923828125,2460.637939453125,2462.21337890625,2459.56103515625,2460.07080078125,2522.0,2282.0
124.5,2445.65966796875,2460.8935546875,2460.8935546875,2460.8935546875,2459.96923828125,2460.637939453125,2460.883544921875,2459.5615234375,2460.071044921875,2522.0,2282.0
124.75,2423.955810546875,2460.8935546875,2460.8935546875,2460.8935546875,2459.674560546875,2460.18408203125,2460.338623046875,2457.418212890625,2459.2587890625,2522.0,2282.0
125.0,2423.430419921875,2460.8935546875,2460.8935546875,2460.8935546875,2459.38037109375,2460.15087890625,2460.33837890625,2457.184814453125,2459.2578125,2522.0,2282.0
125.25,2423.429443359375,2460.8935546875,2460.8935546875,2460.8935546875,2459.38037109375,2460.151123046875,2460.33837890625,2457.184814453125,2459.2578125,2522.0,2282.0
125.5,2424.7451171875,2460.8935546875,2460.8935546875,2460.8935546875,2459.38037109375,2460.15087890625,2460.338623046875,2457.184814453125,2459.2578125,2522.0,2282.0
125.75,2423.429443359375,2460.8935546875,2460.8935546875,2460.8935546875,2459.38037109375,2460.15087890625,2460.33837890625,2457.184814453125,2459.2578125,2522.0,2282.0
126.0,2422.15234375,2460.8935546875,2460.8935546875,2460.8935546875,2459.543212890625,2460.250732421875,2460.278564453125,2456.902587890625,2459.58154296875,2522.0,2282.0
126.25,2422.14306640625,2460.8935546875,2460.8935546875,2460.8935546875,2459.543212890625,2460.25048828125,2460.278564453125,2456.902587890625,2459.58154296875,2522.0,2282.0
126.5,2422.14697265625,2460.8935546875,2460.8935546875,2460.8935546875,2459.543212890625,2460.250732421875,2460.278564453125,2456.90283203125,2459.58154296875,2522.0,2282.0
126.75,2422.14453125,2460.8935546875,2460.8935546875,2460.8935546875,2459.543212890625,2460.250732421875,2460.278564453125,2456.90283203125,2459.58203125,2522.0,2282.0
127.0,2422.14306640625,2460.8935546875,2460.8935546875,2460.8935546875,2459.543212890625,2460.250732421875,2460.278564453125,2456.90283203125,2459.58154296875,2522.0,2282.0
127.25,2422.145263671875,2460.8935546875,2462.223388671875,2460.8935546875,2460.872314453125,2460.250732421875,2460.278564453125,2456.902587890625,2459.58203125,2522.0,2282.0
127.5,2423.247314453125,2460.8935546875,2462.223388671875,2460.8935546875,2461.00732421875,2460.1298828125,2460.220703125,2456.770263671875,2459.615478515625,2522.0,2282.0
127.75,2423.2470703125,2460.8935546875,2460.8935546875,2462.223388671875,2459.677978515625,2460.129638671875,2460.220703125,2456.770263671875,2460.9443359375,2522.0,2282.0
128.0,2423.24951171875,2460.8935546875,2460.8935546875,2460.8935546875,2459.67822265625,2460.129638671875,2460.220703125,2456.77099609375,2459.615234375,2522.0,2282.0
128.25,2423.250244140625,2460.8935546875,2462.223388671875,2460.8935546875,2461.00732421875,2460.1298828125,2460.220703125,2456.77099609375,2459.614990234375,2522.0,2282.0
128.5,2423.2470703125,2460.8935546875,2460.8935546875,2460.8935546875,2459.67822265625,2460.129638671875,2460.220703125,2456.770263671875,2459.614990234375,2522.0,2282.0
128.75,2421.580322265625,2460.8935546875,2462.223388671875,2460.8935546875,2461.039794921875,2460.161376953125,2460.156982421875,2457.01171875,2459.689208984375,2522.0,2282.0
129.0,2421.58251953125,2460.8935546875,2462.223388671875,2460.8935546875,2461.039794921875,2460.161376953125,2460.1572265625,2457.01171875,2459.689453125,2522.0,2282.0
129.25,2421.58349609375,2460.8935546875,2460.8935546875,2460.8935546875,2459.710693359375,2460.161376953125,2460.156982421875,2457.01171875,2459.689208984375,2522.0,2282.0
129.5,2421.581298828125,2460.8935546875,2460.8935546875,2460.8935546875,2459.710693359375,2460.161376953125,2460.156982421875,2457.010986328125,2459.689208984375,2522.0,2282.0
129.75,2421.578857421875,2460.8935546875,2460.8935546875,2460.8935546875,2459.710693359375,2461.490966796875,2460.156982421875,2458.339599609375,2459.689208984375,2522.0,2282.0
130.0,2421.57861328125,2460.8935546875,2460.8935546875,2460.8935546875,2459.710693359375,2460.161376953125,2460.156982421875,2457.01171875,2459.689208984375,2522.0,2282.0
130.25,2403.261474609375,2460.8935546875,2460.8935546875,2462.223388671875,2458.98095703125,2459.91455078125,2459.851318359375,2454.966796875,2460.47998046875,2522.0,2282.0
130.5,2403.25927734375,2460.8935546875,2460.8935546875,2460.8935546875,2458.98095703125,2459.91455078125,2459.851318359375,2454.966796875,2460.47998046875,2522.0,2282.0
130.75,2403.259033203125,2460.8935546875,2460.8935546875,2460.8935546875,2458.98095703125,2459.91455078125,2459.851318359375,2454.966796875,2459.151123046875,2522.0,2282.0
131.0,2403.261474609375,2460.8935546875,2460.8935546875,2462.223388671875,2458.981201171875,2459.91455078125,2459.851318359375,2454.966552734375,2460.47998046875,2522.0,2282.0
131.25,2403.25927734375,2460.8935546875,2460.8935546875,2460.8935546875,2458.981201171875,2459.91455078125,2459.851318359375,2454.966552734375,2459.151123046875,2522.0,2282.0
131.5,2402.409912109375,2460.8935546875,2460.8935546875,2460.8935546875,2458.944580078125,2459.9775390625,2459.819580078125,2455.129150390625,2459.092041015625,2522.0,2282.0
131.75,2402.40625,2460.8935546875,2460.8935546875,2460.8935546875,2458.944580078125,2459.9775390625,2459.81982421875,2455.12890625,2459.092041015625,2522.0,2282.0
132.0,2402.409912109375,2460.8935546875,2460.8935546875,2460.8935546875,2458.944580078125,2459.9775390625,2459.819580078125,2455.12890625,2459.092041015625,2522.0,2282.0
132.25,2402.413818359375,2460.8935546875,2462.223388671875,2460.8935546875,2460.2734375,2459.9775390625,2459.819580078125,2455.12890625,2459.092041015625,2522.0,2282.0
132.5,2402.408935546875,2460.8935546875,2460.8935546875,2460.8935546875,2458.944580078125,2459.9775390625,2461.14892578125,2455.129150390625,2459.092041015625,2522.0,2282.0
132.75,2400.898193359375,2460.8935546875,2462.223388671875,2460.8935546875,2459.025634765625,2460.090576171875,2459.740234375,2455.255126953125,2459.105712890625,2522.0,2282.0
133.0,2400.890380859375,2460.8935546875,2460.8935546875,2462.223388671875,2459.025634765625,2460.090576171875,2459.740478515625,2455.25390625,2460.4345703125,2522.0,2282.0
133.25,2400.8896484375,2460.8935546875,2460.8935546875,2460.8935546875,2459.025634765625,2460.090576171875,2459.740234375,2455.25390625,2460.4345703125,2522.0,2282.0
133.5,2400.8935546875,2460.8935546875,2460.8935546875,2460.8935546875,2459.025634765625,2460.090576171875,2459.740234375,2455.25390625,2459.105712890625,2522.0,2282.0
133.75,2400.8916015625,2462.223388671875,2460.8935546875,2460.8935546875,2459.025634765625,2461.419921875,2459.740234375,2455.255615234375,2459.10546875,2522.0,2282.0
134.0,2400.388671875,2462.223388671875,2460.8935546875,2460.8935546875,2459.03515625,2460.0361328125,2459.71728515625,2455.392578125,2459.02490234375,2522.0,2282.0
134.25,2400.396484375,2460.8935546875,2460.8935546875,2460.8935546875,2460.364013671875,2460.0361328125,2459.71728515625,2455.39306640625,2459.02490234375,2522.0,2282.0
134.5,2400.388916015625,2460.8935546875,2460.8935546875,2460.8935546875,2459.03515625,2460.0361328125,2459.71728515625,2455.3955078125,2459.025634765625,2522.0,2282.0
134.75,2400.388427734375,2460.8935546875,2460.8935546875,2460.8935546875,2459.03515625,2460.0361328125,2459.717041015625,2455.394287109375,2459.02490234375,2522.0,2282.0
135.0,2401.686279296875,2460.8935546875,2462.223388671875,2460.8935546875,2460.364013671875,2460.0361328125,2459.71728515625,2455.394287109375,2459.025146484375,2522.0,2282.0
135.25,2399.487548828125,2460.8935546875,2460.8935546875,2460.8935546875,2459.055419921875,2460.087646484375,2459.73681640625,2455.408447265625,2459.09375,2522.0,2282.0
135.5,2399.487548828125,2460.8935546875,2460.8935546875,2462.223388671875,2459.055419921875,2460.087646484375,2461.066162109375,2455.408447265625,2459.09375,2522.0,2282.0
135.75,2399.48779296875,2462.223388671875,2460.8935546875,2460.8935546875,2459.055419921875,2461.417236328125,2459.73681640625,2455.41015625,2459.09375,2522.0,2282.0
136.0,2399.487548828125,2460.8935546875,2460.8935546875,2460.8935546875,2459.055419921875,2460.087646484375,2459.73681640625,2455.408447265625,2459.09375,2522.0,2282.0
136.25,2399.48828125,2460.8935546875,2460.8935546875,2460.8935546875,2459.055419921875,2460.087646484375,2459.73681640625,2455.408447265625,2460.422607421875,2522.0,2282.0
136.5,2399.48876953125,2460.8935546875,2460.8935546875,2460.8935546875,2459.055419921875,2461.417236328125,2459.73681640625,2456.7353515625,2459.093505859375,2522.0,2282.0
136.75,2399.431396484375,2460.8935546875,2460.8935546875,2462.223388671875,2459.05859375,2460.05908203125,2459.73974609375,2455.489501953125,2460.39306640625,2522.0,2282.0
137.0,2399.431396484375,2460.8935546875,2460.8935546875,2460.8935546875,2459.058349609375,2460.05908203125,2461.069091796875,2455.489501953125,2459.064208984375,2522.0,2282.0
137.25,2399.432373046875,2460.8935546875,2460.8935546875,2460.8935546875,2459.05859375,2460.05908203125,2459.739990234375,2456.81640625,2459.064208984375,2522.0,2282.0
137.5,2399.4326171875,2460.8935546875,2460.8935546875,2460.8935546875,2459.05859375,2461.388427734375,2459.73974609375,2456.818115234375,2459.064208984375,2522.0,2282.0
137.75,2400.738037109375,2460.8935546875,2460.8935546875,2460.8935546875,2459.058349609375,2460.05908203125,2459.73974609375,2455.489501953125,2459.064208984375,2522.0,2282.0
138.0,2399.661376953125,2460.8935546875,2460.8935546875,2460.8935546875,2459.055419921875,2460.055908203125,2459.7685546875,2455.378662109375,2459.119140625,2522.0,2282.0
138.25,2399.660888671875,2460.8935546875,2460.8935546875,2460.8935546875,2459.055419921875,2460.055908203125,2459.7685546875,2455.378662109375,2460.447998046875,2522.0,2282.0
138.5,2399.665283203125,2460.8935546875,2460.8935546875,2460.8935546875,2459.055419921875,2461.38525390625,2459.7685546875,2456.70751953125,2459.119140625,2522.0,2282.0
138.75,2399.661376953125,2460.8935546875,2460.8935546875,2460.8935546875,2459.055419921875,2460.055908203125,2459.7685546875,2456.70556640625,2459.119140625,2522.0,2282.0
139.0,2399.669677734375,2460.8935546875,2460.8935546875,2460.8935546875,2459.055419921875,2460.055908203125,2459.7685546875,2455.37890625,2459.119140625,2522.0,2282.0
139.25,2401.139404296875,2460.8935546875,2460.8935546875,2460.8935546875,2458.97119140625,2460.06787109375,2459.749267578125,2455.0478515625,2459.12158203125,2522.0,2282.0
139.5,2401.1396484375,2460.8935546875,2460.8935546875,2460.8935546875,2460.300048828125,2460.06787109375,2459.749267578125,2455.046630859375,2459.121826171875,2522.0,2282.0
139.75,2401.147216796875,2460.8935546875,2460.8935546875,2460.8935546875,2458.97119140625,2460.067626953125,2459.749267578125,2455.0478515625,2459.12158203125,2522.0,2282.0
140.0,2401.13916015625,2460.8935546875,2460.8935546875,2460.8935546875,2458.97119140625,2460.067626953125,2459.749267578125,2455.0478515625,2459.12158203125,2522.0,2282.0
140.25,2401.14013671875,2460.8935546875,2460.8935546875,2460.8935546875,2458.97119140625,2461.397216796875,2459.749267578125,2456.37646484375,2459.12158203125,2522.0,2282.0
140.5,2402.4462890625,2460.8935546875,2462.223388671875,2460.8935546875,2458.97119140625,2460.06787109375,2459.749267578125,2455.049072265625,2459.1220703125,2522.0,2282.0
140.75,2402.24462890625,2460.8935546875,2462.223388671875,2460.8935546875,2460.300048828125,2460.099609375,2459.717529296875,2455.15869140625,2459.066650390625,2522.0,2282.0
141.0,2400.947021484375,2460.8935546875,2460.8935546875,2460.8935546875,2458.97119140625,2460.099609375,2459.717529296875,2455.15869140625,2459.066650390625,2522.0,2282.0
141.25,2402.244384765625,2460.8935546875,2462.223388671875,2460.8935546875,2460.300048828125,2460.099609375,2459.717529296875,2455.15869140625,2459.06640625,2522.0,2282.0
141.5,2400.94775390625,2460.8935546875,2460.8935546875,2460.8935546875,2458.97119140625,2460.099609375,2459.717529296875,2456.4853515625,2459.06640625,2522.0,2282.0
141.75,2400.948974609375,2460.8935546875,2460.8935546875,2460.8935546875,2458.97119140625,2460.099609375,2459.717529296875,2455.15869140625,2459.066650390625,2522.0,2282.0
142.0,2401.353271484375,2460.8935546875,2460.8935546875,2460.8935546875,2458.912353515625,2460.07373046875,2459.75537109375,2455.130126953125,2459.092041015625,2522.0,2282.0
142.25,2401.353271484375,2460.8935546875,2462.223388671875,2460.8935546875,2460.2412109375,2460.07373046875,2459.755126953125,2455.12890625,2459.0927734375,2522.0,2282.0
142.5,2401.352783203125,2460.8935546875,2460.8935546875,2460.8935546875,2458.912353515625,2460.07373046875,2459.755126953125,2455.130126953125,2459.092529296875,2522.0,2282.0
142.75,2401.353271484375,2460.8935546875,2460.8935546875,2460.8935546875,2458.912353515625,2460.07373046875,2459.755126953125,2455.12890625,2459.092529296875,2522.0,2282.0
143.0,2401.398681640625,2460.8935546875,2460.8935546875,2460.8935546875,2460.255615234375,2460.015625,2459.76171875,2455.136962890625,2459.0849609375,2522.0,2282.0
143.25,2401.609375,2460.8935546875,2460.8935546875,2462.223388671875,2458.941162109375,2460.0068359375,2461.145751953125,2455.13671875,2459.044921875,2522.0,2282.0
143.5,2402.913818359375,2460.8935546875,2462.223388671875,2460.8935546875,2458.941162109375,2460.0068359375,2459.81640625,2455.137939453125,2459.045654296875,2522.0,2282.0
143.75,2401.60693359375,2460.8935546875,2460.8935546875,2460.8935546875,2458.941162109375,2460.007080078125,2459.81640625,2455.136962890625,2459.044921875,2522.0,2282.0
144.0,2401.608154296875,2460.8935546875,2460.8935546875,2460.8935546875,2458.941162109375,2460.0068359375,2459.81640625,2455.13671875,2459.044921875,2522.0,2282.0
144.25,2401.609375,2460.8935546875,2460.8935546875,2462.223388671875,2458.941162109375,2460.007080078125,2461.1455078125,2455.136962890625,2459.044921875,2522.0,2282.0
144.5,2401.6103515625,2462.223388671875,2460.8935546875,2460.8935546875,2458.941162109375,2460.0068359375,2459.81640625,2455.138671875,2459.044921875,2522.0,2282.0
144.75,2402.611083984375,2460.8935546875,2462.223388671875,2460.8935546875,2460.2119140625,2459.980712890625,2459.853759765625,2455.0712890625,2458.98046875,2522.0,2282.0
145.0,2403.91064453125,2460.8935546875,2462.223388671875,2460.8935546875,2458.883056640625,2459.980712890625,2459.853759765625,2455.072509765625,2458.98095703125,2522.0,2282.0
145.25,2402.603515625,2460.8935546875,2460.8935546875,2460.8935546875,2458.883056640625,2459.980712890625,2459.853759765625,2455.0712890625,2458.980224609375,2522.0,2282.0
145.5,2402.606689453125,2462.223388671875,2460.8935546875,2460.8935546875,2458.883056640625,2459.980712890625,2459.853759765625,2455.0712890625,2458.98046875,2522.0,2282.0
145.75,2402.606689453125,2460.8935546875,2460.8935546875,2460.8935546875,2458.883056640625,2459.98095703125,2459.853759765625,2455.0712890625,2458.980224609375,2522.0,2282.0
146.0,2401.82470703125,2460.8935546875,2460.8935546875,2460.8935546875,2459.011474609375,2459.885498046875,2459.82177734375,2455.28515625,2458.917236328125,2522.0,2282.0
146.25,2433.77880859375,2460.8935546875,2460.8935546875,2460.8935546875,2460.040771484375,2460.45849609375,2460.4189453125,2458.740966796875,2459.97216796875,2522.0,2282.0
146.5,2433.77587890625,2460.8935546875,2460.8935546875,2460.8935546875,2460.040771484375,2460.45849609375,2460.4189453125,2458.740234375,2459.972412109375,2522.0,2282.0
146.75,2433.77587890625,2460.8935546875,2460.8935546875,2460.8935546875,2460.040771484375,2460.45849609375,2460.4189453125,2458.740966796875,2459.97216796875,2522.0,2282.0
147.0,2433.77587890625,2460.8935546875,2460.8935546875,2460.8935546875,2460.041015625,2460.45849609375,2460.4189453125,2458.740966796875,2459.97216796875,2522.0,2282.0
147.25,2433.77734375,2460.8935546875,2460.8935546875,2460.8935546875,2461.370361328125,2460.45849609375,2460.4189453125,2458.740966796875,2459.972412109375,2522.0,2282.0
147.5,2433.7822265625,2460.8935546875,2460.8935546875,2460.8935546875,2460.040771484375,2460.45849609375,2460.4189453125,2458.740966796875,2459.97216796875,2522.0,2282.0
147.75,2431.385009765625,2460.8935546875,2460.8935546875,2460.8935546875,2460.127685546875,2460.41552734375,2460.470947265625,2459.114990234375,2460.012939453125,2522.0,2282.0
148.0,2431.38427734375,2460.8935546875,2460.8935546875,2460.8935546875,2460.127685546875,2460.41552734375,2460.470947265625,2459.114501953125,2460.0126953125,2522.0,2282.0
148.25,2431.391845703125,2460.8935546875,2460.8935546875,2460.8935546875,2460.127685546875,2460.41552734375,2460.470947265625,2459.114501953125,2461.342041015625,2522.0,2282.0
148.5,2431.384521484375,2462.223388671875,2460.8935546875,2460.8935546875,2460.127685546875,2460.41552734375,2460.470947265625,2459.114990234375,2460.0126953125,2522.0,2282.0
148.75,2431.384521484375,2462.223388671875,2460.8935546875,2460.8935546875,2460.127685546875,2461.7451171875,2460.470947265625,2460.44384765625,2460.0126953125,2522.0,2282.0
149.0,2433.48779296875,2460.8935546875,2460.8935546875,2460.8935546875,2460.037841796875,2460.389404296875,2460.54052734375,2458.8359375,2460.01123046875,2522.0,2282.0
149.25,2433.493408203125,2460.8935546875,2460.8935546875,2460.8935546875,2460.037841796875,2460.389404296875,2460.54052734375,2458.8359375,2460.01123046875,2522.0,2282.0
149.5,2433.48681640625,2460.8935546875,2460.8935546875,2460.8935546875,2460.03759765625,2460.389404296875,2460.54052734375,2458.8359375,2460.01123046875,2522.0,2282.0
149.75,2433.488037109375,2460.8935546875,2460.8935546875,2460.8935546875,2460.037841796875,2460.389404296875,2460.54052734375,2458.8359375,2460.01123046875,2522.0,2282.0
150.0,2433.487060546875,2460.8935546875,2460.8935546875,2462.223388671875,2460.037841796875,2460.389404296875,2461.8701171875,2458.8359375,2461.340576171875,2522.0,2282.0
150.25,2433.34619140625,2460.8935546875,2460.8935546875,2460.8935546875,2460.09716796875,2460.324951171875,2460.544677734375,2458.9912109375,2460.005615234375,2522.0,2282.0
150.5,2431.757080078125,2462.223388671875,2460.8935546875,2460.8935546875,2460.15673828125,2460.31689453125,2460.562744140625,2459.02001953125,2459.973876953125,2522.0,2282.0
150.75,2431.75830078125,2460.8935546875,2460.8935546875,2460.8935546875,2460.15673828125,2460.31689453125,2460.562744140625,2459.01953125,2459.9736328125,2522.0,2282.0
151.0,2433.074951171875,2460.8935546875,2460.8935546875,2460.8935546875,2460.15673828125,2460.31689453125,2460.562744140625,2459.01953125,2461.30322265625,2522.0,2282.0
151.25,2431.7568359375,2460.8935546875,2460.8935546875,2460.8935546875,2460.15673828125,2460.31689453125,2460.562744140625,2459.01953125,2459.9736328125,2522.0,2282.0
151.5,2432.2333984375,2460.8935546875,2460.8935546875,2460.8935546875,2460.136962890625,2460.360595703125,2460.4482421875,2458.9462890625,2459.956298828125,2522.0,2282.0
151.75,2432.233154296875,2460.8935546875,2460.8935546875,2460.8935546875,2460.136962890625,2461.690185546875,2460.4482421875,2460.275146484375,2459.956298828125,2522.0,2282.0
152.0,2432.231689453125,2460.8935546875,2460.8935546875,2460.8935546875,2460.136962890625,2460.360595703125,2460.4482421875,2458.946533203125,2459.956298828125,2522.0,2282.0
152.25,2432.232177734375,2460.8935546875,2460.8935546875,2460.8935546875,2460.136962890625,2460.360595703125,2460.448486328125,2458.9462890625,2459.956298828125,2522.0,2282.0
152.5,2432.2333984375,2460.8935546875,2460.8935546875,2460.8935546875,2461.46630859375,2460.360595703125,2460.4482421875,2458.9462890625,2459.95654296875,2522.0,2282.0
152.75,2432.23193359375,2460.8935546875,2460.8935546875,2460.8935546875,2460.136962890625,2460.360595703125,2460.448486328125,2458.9462890625,2459.956298828125,2522.0,2282.0
153.0,2431.67529296875,2462.223388671875,2460.8935546875,2460.8935546875,2460.27099609375,2461.44189453125,2460.516845703125,2460.31298828125,2459.8837890625,2522.0,2282.0
153.25,2431.674560546875,2460.8935546875,2460.8935546875,2460.8935546875,2460.271240234375,2460.1123046875,2460.516845703125,2458.983642578125,2459.8837890625,2522.0,2282.0
153.5,2431.674072265625,2460.8935546875,2460.8935546875,2460.8935546875,2460.27099609375,2460.1123046875,2460.516845703125,2458.98388671875,2459.8837890625,2522.0,2282.0
153.75,2431.675048828125,2462.223388671875,2460.8935546875,2460.8935546875,2460.27099609375,2460.1123046875,2460.516845703125,2458.984130859375,2459.8837890625,2522.0,2282.0
154.0,2431.67431640625,2460.8935546875,2460.8935546875,2460.8935546875,2460.27099609375,2460.1123046875,2460.516845703125,2458.98388671875,2459.8837890625,2522.0,2282.0
154.25,2435.643798828125,2460.8935546875,2460.8935546875,2460.8935546875,2459.978271484375,2459.978759765625,2460.734375,2458.919921875,2459.6572265625,2522.0,2282.0
154.5,2435.6435546875,2460.8935546875,2460.8935546875,2460.8935546875,2459.978271484375,2459.978759765625,2460.734375,2458.919921875,2459.656982421875,2522.0,2282.0
154.75,2435.643310546875,2460.8935546875,2460.8935546875,2460.8935546875,2459.978271484375,2459.978759765625,2460.734619140625,2458.919921875,2459.656982421875,2522.0,2282.0
155.0,2435.643798828125,2460.8935546875,2462.223388671875,2460.8935546875,2461.3076171875,2459.978759765625,2460.734375,2458.919921875,2459.656982421875,2522.0,2282.0
155.25,2435.643798828125,2460.8935546875,2460.8935546875,2460.8935546875,2459.978271484375,2459.978759765625,2460.734619140625,2458.919921875,2459.656982421875,2522.0,2282.0
155.5,2434.75732421875,2460.8935546875,2460.8935546875,2460.8935546875,2459.99365234375,2459.92578125,2460.766357421875,2458.87841796875,2459.660888671875,2522.0,2282.0
155.75,2434.731689453125,2460.8935546875,2460.8935546875,2460.8935546875,2460.009521484375,2459.914794921875,2460.766357421875,2458.868408203125,2459.660888671875,2522.0,2282.0
156.0,2434.73193359375,2460.8935546875,2460.8935546875,2460.8935546875,2460.009521484375,2459.914794921875,2460.76611328125,2458.86865234375,2459.660888671875,2522.0,2282.0
156.25,2434.73291015625,2462.223388671875,2460.8935546875,2460.8935546875,2460.009521484375,2461.244140625,2460.76611328125,2460.19775390625,2459.660888671875,2522.0,2282.0
156.5,2434.73193359375,2460.8935546875,2460.8935546875,2460.8935546875,2460.009521484375,2459.914794921875,2460.766357421875,2458.86865234375,2459.660888671875,2522.0,2282.0
156.75,2434.733642578125,2460.8935546875,2460.8935546875,2460.8935546875,2460.009521484375,2459.914794921875,2460.76611328125,2458.869384765625,2459.6611328125,2522.0,2282.0
157.0,2435.1884765625,2460.8935546875,2460.8935546875,2460.8935546875,2459.956787109375,2461.190673828125,2461.030029296875,2460.00732421875,2459.582763671875,2522.0,2282.0
157.25,2435.187744140625,2460.8935546875,2460.8935546875,2460.8935546875,2459.956787109375,2459.861328125,2461.030029296875,2458.679443359375,2459.583251953125,2522.0,2282.0
157.5,2435.18701171875,2460.8935546875,2460.893310546875,2460.8935546875,2459.95654296875,2459.861328125,2461.030029296875,2458.6787109375,2459.582763671875,2522.0,2282.0
157.75,2435.18701171875,2460.8935546875,2460.8935546875,2460.8935546875,2459.956787109375,2459.861572265625,2461.030029296875,2458.6787109375,2459.582763671875,2522.0,2282.0
158.0,2433.708251953125,2460.8935546875,2460.8935546875,2460.8935546875,2459.8515625,2459.915771484375,2461.14794921875,2458.55322265625,2459.732177734375,2522.0,2282.0
158.25,2433.7080078125,2460.8935546875,2462.223388671875,2460.8935546875,2461.180908203125,2459.915771484375,2461.14794921875,2458.552490234375,2459.731689453125,2522.0,2282.0
158.5,2433.7080078125,2460.8935546875,2460.8935546875,2460.8935546875,2459.8515625,2459.915771484375,2461.14794921875,2458.552490234375,2459.73193359375,2522.0,2282.0
158.75,2435.026611328125,2460.8935546875,2460.8935546875,2460.8935546875,2459.8515625,2459.915771484375,2461.14794921875,2458.552490234375,2461.06103515625,2522.0,2282.0
159.0,2433.709228515625,2460.8935546875,2460.8935546875,2460.8935546875,2459.8515625,2461.2451171875,2461.14794921875,2459.881103515625,2459.73193359375,2522.0,2282.0
159.25,2433.7080078125,2460.8935546875,2462.223388671875,2460.8935546875,2461.180908203125,2459.915771484375,2461.14794921875,2458.552490234375,2459.731689453125,2522.0,2282.0
159.5,2434.50732421875,2460.8935546875,2460.8935546875,2460.8935546875,2459.988525390625,2459.57470703125,2461.282470703125,2458.611572265625,2459.680908203125,2522.0,2282.0
159.75,2434.50732421875,2460.8935546875,2460.8935546875,2460.8935546875,2459.98876953125,2459.57470703125,2461.282470703125,2458.61181640625,2459.6806640625,2522.0,2282.0
160.0,2434.50732421875,2460.8935546875,2460.8935546875,2460.8935546875,2459.988525390625,2459.57470703125,2461.28271484375,2458.61181640625,2459.680908203125,2522.0,2282.0
160.25,2434.50830078125,2460.8935546875,2460.8935546875,2460.8935546875,2459.988525390625,2459.57470703125,2461.28271484375,2458.61181640625,2459.680908203125,2522.0,2282.0
160.5,2434.507568359375,2460.8935546875,2460.8935546875,2460.8935546875,2459.98876953125,2459.57470703125,2461.28271484375,2458.61181640625,2459.680908203125,2522.0,2282.0
160.75,2436.337890625,2460.8935546875,2460.8935546875,2460.8935546875,2460.097412109375,2459.362548828125,2461.294189453125,2458.156982421875,2459.669677734375,2522.0,2282.0
161.0,2436.337646484375,2460.8935546875,2460.8935546875,2460.8935546875,2460.097412109375,2459.362548828125,2461.294189453125,2458.156982421875,2459.669677734375,2522.0,2282.0
161.25,2436.337646484375,2460.8935546875,2460.8935546875,2460.8935546875,2460.097412109375,2459.362548828125,2461.294189453125,2458.156982421875,2459.669677734375,2522.0,2282.0
161.5,2436.337646484375,2460.8935546875,2460.8935546875,2460.8935546875,2460.097412109375,2459.362548828125,2461.294189453125,2458.156982421875,2459.669677734375,2522.0,2282.0
161.75,2436.33837890625,2462.223388671875,2460.8935546875,2460.8935546875,2460.097412109375,2460.691650390625,2461.294189453125,2459.486083984375,2459.669677734375,2522.0,2282.0
162.0,2436.538330078125,2460.8935546875,2460.8935546875,2460.8935546875,2460.139892578125,2459.270263671875,2461.291015625,2458.0751953125,2459.6708984375,2522.0,2282.0
162.25,2439.30859375,2460.8935546875,2460.8935546875,2460.8935546875,2460.1826171875,2459.25634765625,2461.15673828125,2458.05419921875,2459.677734375,2522.0,2282.0
162.5,2439.30859375,2460.8935546875,2460.8935546875,2460.8935546875,2460.1826171875,2459.25634765625,2461.15673828125,2458.05419921875,2459.677734375,2522.0,2282.0
162.75,2439.30859375,2460.8935546875,2460.8935546875,2460.8935546875,2460.1826171875,2459.25634765625,2461.15673828125,2458.05419921875,2459.677734375,2522.0,2282.0
163.0,2439.30859375,2460.8935546875,2460.8935546875,2460.8935546875,2460.182861328125,2459.25634765625,2461.15673828125,2458.05419921875,2459.677734375,2522.0,2282.0
163.25,2439.30859375,2460.8935546875,2460.8935546875,2460.8935546875,2460.1826171875,2459.25634765625,2461.156982421875,2458.05419921875,2459.677734375,2522.0,2282.0
163.5,2429.821533203125,2462.223388671875,2460.8935546875,2460.8935546875,2459.99755859375,2460.75048828125,2460.880615234375,2459.068603515625,2459.586181640625,2522.0,2282.0
163.75,2431.13037109375,2460.8935546875,2460.8935546875,2462.223388671875,2459.99755859375,2459.42138671875,2462.21044921875,2457.739501953125,2459.586181640625,2522.0,2282.0
164.0,2429.81787109375,2462.223388671875,2460.8935546875,2460.8935546875,2459.99755859375,2460.750244140625,2460.880615234375,2459.068603515625,2459.586181640625,2522.0,2282.0
164.25,2429.8173828125,2460.8935546875,2460.8935546875,2460.8935546875,2459.99755859375,2459.42138671875,2460.880615234375,2457.739501953125,2459.586181640625,2522.0,2282.0
164.5,2429.8173828125,2460.8935546875,2460.8935546875,2460.8935546875,2459.99755859375,2459.42138671875,2460.880615234375,2457.740234375,2459.586669921875,2522.0,2282.0
164.75,2429.818115234375,2460.8935546875,2460.8935546875,2460.8935546875,2459.99755859375,2459.42138671875,2460.880615234375,2457.739501953125,2459.586181640625,2522.0,2282.0
165.0,2424.69873046875,2460.8935546875,2460.8935546875,2460.8935546875,2459.839599609375,2459.520263671875,2460.91552734375,2457.04150390625,2459.66357421875,2522.0,2282.0
165.25,2424.69873046875,2460.8935546875,2460.8935546875,2460.8935546875,2459.839599609375,2460.849365234375,2460.91552734375,2458.369140625,2459.66357421875,2522.0,2282.0
165.5,2424.69873046875,2460.8935546875,2460.8935546875,2460.8935546875,2459.839599609375,2459.520263671875,2460.91552734375,2457.04150390625,2459.66357421875,2522.0,2282.0
165.75,2424.699462890625,2460.8935546875,2460.8935546875,2460.8935546875,2459.839599609375,2459.520263671875,2460.91552734375,2457.041259765625,2459.66357421875,2522.0,2282.0
166.0,2424.69970703125,2460.8935546875,2462.223388671875,2460.8935546875,2461.1689453125,2459.520263671875,2460.91552734375,2457.04150390625,2459.66357421875,2522.0,2282.0
166.25,2427.054931640625,2462.223388671875,2460.8935546875,2460.8935546875,2459.484375,2459.581787109375,2460.978271484375,2456.829345703125,2459.7265625,2522.0,2282.0
166.5,2427.0546875,2460.8935546875,2460.8935546875,2460.8935546875,2459.484375,2459.581787109375,2460.97802734375,2456.827880859375,2459.7265625,2522.0,2282.0
166.75,2427.054931640625,2460.8935546875,2460.8935546875,2460.8935546875,2459.484375,2459.581787109375,2460.97802734375,2456.827880859375,2459.7265625,2522.0,2282.0
167.0,2427.054931640625,2460.8935546875,2460.8935546875,2460.8935546875,2459.484375,2459.581787109375,2460.97802734375,2456.827880859375,2459.726806640625,2522.0,2282.0
167.25,2427.054443359375,2460.8935546875,2460.8935546875,2460.8935546875,2459.484375,2459.581787109375,2460.97802734375,2456.827880859375,2459.7265625,2522.0,2282.0
167.5,2428.372314453125,2460.8935546875,2460.8935546875,2462.223388671875,2459.484375,2459.581787109375,2462.30810546875,2456.827880859375,2461.055908203125,2522.0,2282.0
167.75,2424.59716796875,2460.8935546875,2460.8935546875,2460.8935546875,2459.900390625,2459.327880859375,2460.81884765625,2457.173828125,2459.630126953125,2522.0,2282.0
168.0,2424.606201171875,2460.8935546875,2460.8935546875,2460.8935546875,2459.900146484375,2459.327880859375,2460.81884765625,2457.173828125,2459.630126953125,2522.0,2282.0
168.25,2424.5966796875,2460.8935546875,2460.8935546875,2462.223388671875,2459.900390625,2459.327880859375,2462.148681640625,2457.173828125,2460.959228515625,2522.0,2282.0
168.5,2425.91357421875,2460.8935546875,2460.8935546875,2460.8935546875,2459.900146484375,2459.327880859375,2460.81884765625,2457.173828125,2459.630126953125,2522.0,2282.0
168.75,2423.633544921875,2460.8935546875,2460.8935546875,2460.8935546875,2459.87548828125,2459.30078125,2460.82470703125,2457.7255859375,2459.517578125,2522.0,2282.0
169.0,2424.94287109375,2460.8935546875,2460.8935546875,2460.8935546875,2459.87548828125,2459.30078125,2460.82470703125,2457.7255859375,2459.517578125,2522.0,2282.0
169.25,2423.633056640625,2460.8935546875,2460.8935546875,2462.223388671875,2459.87548828125,2459.30078125,2462.154541015625,2457.7255859375,2459.517578125,2522.0,2282.0
169.5,2423.6337890625,2460.8935546875,2460.8935546875,2460.8935546875,2459.87548828125,2459.30078125,2460.82470703125,2457.726318359375,2459.51806640625,2522.0,2282.0
169.75,2423.63671875,2462.223388671875,2460.8935546875,2460.8935546875,2459.87548828125,2459.30078125,2460.82470703125,2457.726318359375,2459.517578125,2522.0,2282.0
170.0,2426.20166015625,2460.8935546875,2460.8935546875,2460.8935546875,2459.837890625,2459.34521484375,2460.939453125,2457.489501953125,2459.47314453125,2522.0,2282.0
170.25,2426.268798828125,2460.8935546875,2460.8935546875,2462.223388671875,2459.79931640625,2459.352294921875,2462.269287109375,2457.403076171875,2459.47314453125,2522.0,2282.0
170.5,2424.96240234375,2462.223388671875,2460.8935546875,2460.8935546875,2459.79931640625,2460.68115234375,2460.939453125,2457.404052734375,2459.472900390625,2522.0,2282.0
170.75,2424.95849609375,2460.8935546875,2460.8935546875,2460.8935546875,2459.79931640625,2460.68115234375,2460.939453125,2458.73193359375,2459.47314453125,2522.0,2282.0
171.0,2424.961669921875,2460.8935546875,2462.223388671875,2460.8935546875,2461.128662109375,2459.352294921875,2460.939453125,2457.403076171875,2459.47314453125,2522.0,2282.0
171.25,2424.962158203125,2460.8935546875,2462.223388671875,2460.8935546875,2461.128662109375,2459.352294921875,2460.939453125,2457.403076171875,2459.47314453125,2522.0,2282.0
171.5,2424.958984375,2460.8935546875,2460.8935546875,2460.8935546875,2459.79931640625,2459.352294921875,2460.939453125,2457.40380859375,2459.473388671875,2522.0,2282.0
171.75,2424.95849609375,2460.8935546875,2460.8935546875,2460.8935546875,2459.79931640625,2459.352294921875,2460.939453125,2457.403076171875,2459.47314453125,2522.0,2282.0
172.0,2424.95849609375,2460.8935546875,2460.8935546875,2460.8935546875,2459.79931640625,2459.352294921875,2460.939453125,2457.403076171875,2459.47314453125,2522.0,2282.0
172.25,2423.718994140625,2460.8935546875,2460.8935546875,2460.8935546875,2459.8828125,2459.7236328125,2460.579833984375,2457.267333984375,2459.831787109375,2522.0,2282.0
172.5,2423.728271484375,2460.8935546875,2460.8935546875,2462.223388671875,2459.883056640625,2459.723876953125,2461.909423828125,2457.267333984375,2459.831787109375,2522.0,2282.0
172.75,2423.718994140625,2460.8935546875,2460.8935546875,2460.8935546875,2459.8828125,2459.7236328125,2460.579833984375,2457.267333984375,2459.831787109375,2522.0,2282.0
173.0,2423.718994140625,2460.8935546875,2460.8935546875,2460.8935546875,2459.883056640625,2461.052978515625,2460.579833984375,2458.59521484375,2459.831787109375,2522.0,2282.0
173.25,2423.718994140625,2460.8935546875,2460.8935546875,2460.8935546875,2459.8828125,2459.7236328125,2460.579833984375,2457.267333984375,2459.831787109375,2522.0,2282.0
173.5,2423.7216796875,2460.8935546875,2462.223388671875,2460.8935546875,2461.212158203125,2459.7236328125,2460.579833984375,2457.267333984375,2459.83203125,2522.0,2282.0
173.75,2423.719482421875,2460.8935546875,2460.8935546875,2460.8935546875,2459.8828125,2459.7236328125,2460.579833984375,2457.267333984375,2459.83203125,2522.0,2282.0
174.0,2423.7197265625,2460.8935546875,2460.8935546875,2460.8935546875,2459.8828125,2459.7236328125,2460.579833984375,2457.267333984375,2459.831787109375,2522.0,2282.0
174.25,2423.6103515625,2460.8935546875,2460.8935546875,2460.8935546875,2459.904052734375,2459.61865234375,2460.505126953125,2457.40771484375,2459.751220703125,2522.0,2282.0
174.5,2424.926025390625,2460.8935546875,2460.8935546875,2462.223388671875,2459.904296875,2459.61865234375,2461.834716796875,2457.40771484375,2461.080322265625,2522.0,2282.0
174.75,2423.614013671875,2460.8935546875,2460.8935546875,2462.223388671875,2459.904052734375,2459.61865234375,2461.834716796875,2457.40771484375,2459.751220703125,2522.0,2282.0
175.0,2423.6103515625,2462.223388671875,2460.8935546875,2460.8935546875,2459.904052734375,2460.94775390625,2460.505126953125,2458.73681640625,2459.751220703125,2522.0,2282.0
175.25,2423.6103515625,2460.8935546875,2460.8935546875,2460.8935546875,2459.904052734375,2459.61865234375,2460.505126953125,2457.40771484375,2459.751220703125,2522.0,2282.0
175.5,2423.614013671875,2460.8935546875,2460.8935546875,2460.8935546875,2459.904052734375,2459.61865234375,2460.505126953125,2457.40771484375,2459.751220703125,2522.0,2282.0
175.75,2423.612060546875,2460.8935546875,2460.8935546875,2460.8935546875,2459.904052734375,2459.61865234375,2460.505126953125,2457.40771484375,2459.751220703125,2522.0,2282.0
176.0,2423.610107421875,2460.8935546875,2460.8935546875,2460.8935546875,2459.904052734375,2459.61865234375,2460.505126953125,2457.40771484375,2459.75146484375,2522.0,2282.0
176.25,2420.8974609375,2460.8935546875,2460.8935546875,2460.8935546875,2460.194580078125,2459.685302734375,2460.379150390625,2457.517333984375,2459.859130859375,2522.0,2282.0
176.5,2420.89697265625,2460.8935546875,2460.8935546875,2460.8935546875,2460.194580078125,2459.685302734375,2460.379150390625,2457.5166015625,2459.858642578125,2522.0,2282.0
176.75,2420.89697265625,2460.8935546875,2460.8935546875,2460.8935546875,2460.194580078125,2459.685302734375,2460.379150390625,2457.516845703125,2459.858642578125,2522.0,2282.0
177.0,2422.21142578125,2460.8935546875,2460.8935546875,2462.223388671875,2460.194580078125,2459.685302734375,2461.708740234375,2457.516845703125,2459.858642578125,2522.0,2282.0
177.25,2420.897216796875,2460.8935546875,2460.8935546875,2460.8935546875,2460.194580078125,2459.685302734375,2460.379150390625,2457.515625,2459.858642578125,2522.0,2282.0
177.5,2420.89697265625,2460.8935546875,2460.8935546875,2460.8935546875,2460.194580078125,2459.685302734375,2460.379150390625,2457.5166015625,2459.858642578125,2522.0,2282.0
177.75,2420.89892578125,2460.8935546875,2460.8935546875,2460.8935546875,2460.194580078125,2459.685302734375,2460.379150390625,2457.5166015625,2459.858642578125,2522.0,2282.0
178.0,2420.89794921875,2460.8935546875,2462.223388671875,2460.8935546875,2461.524169921875,2459.685302734375,2460.379150390625,2457.516845703125,2459.858642578125,2522.0,2282.0
178.25,2419.005859375,2460.8935546875,2460.8935546875,2460.8935546875,2460.13623046875,2459.944580078125,2460.384033203125,2457.2861328125,2460.178466796875,2522.0,2282.0
178.5,2419.006591796875,2460.8935546875,2460.8935546875,2460.8935546875,2460.13623046875,2459.944580078125,2460.384033203125,2457.285888671875,2460.17822265625,2522.0,2282.0
178.75,2419.003173828125,2460.8935546875,2460.8935546875,2460.8935546875,2460.13623046875,2459.944580078125,2460.384033203125,2457.285888671875,2460.17822265625,2522.0,2282.0
179.0,2420.316162109375,2460.8935546875,2460.8935546875,2462.223388671875,2460.13623046875,2459.944580078125,2461.713623046875,2457.285888671875,2461.5078125,2522.0,2282.0
179.25,2419.013671875,2460.8935546875,2460.8935546875,2462.223388671875,2460.13623046875,2459.944580078125,2461.713623046875,2457.2861328125,2460.17822265625,2522.0,2282.0
179.5,2419.00341796875,2462.223388671875,2460.8935546875,2460.8935546875,2460.13623046875,2461.27392578125,2460.384033203125,2458.615234375,2460.17822265625,2522.0,2282.0
179.75,2419.003173828125,2460.8935546875,2460.8935546875,2460.8935546875,2460.13623046875,2459.944580078125,2460.384033203125,2457.285888671875,2460.17822265625,2522.0,2282.0
180.0,2419.003173828125,2460.8935546875,2460.8935546875,2460.8935546875,2460.13623046875,2459.944580078125,2460.384033203125,2457.285888671875,2460.17822265625,2522.0,2282.0
180.25,2416.60498046875,2460.8935546875,2462.223388671875,2460.8935546875,2461.5224609375,2460.193115234375,2460.376708984375,2457.454345703125,2460.234619140625,2522.0,2282.0
180.5,2416.603271484375,2460.8935546875,2460.8935546875,2460.8935546875,2460.19287109375,2460.193115234375,2460.376953125,2457.45458984375,2460.235107421875,2522.0,2282.0
180.75,2416.605712890625,2460.8935546875,2460.8935546875,2460.8935546875,2460.193115234375,2460.193115234375,2460.376708984375,2457.454345703125,2460.234619140625,2522.0,2282.0
181.0,2416.603271484375,2460.8935546875,2460.8935546875,2460.8935546875,2460.19287109375,2460.193115234375,2460.376953125,2457.4541015625,2460.23486328125,2522.0,2282.0
181.25,2416.60302734375,2460.8935546875,2460.8935546875,2460.8935546875,2460.193115234375,2460.193115234375,2460.376708984375,2457.454345703125,2460.234619140625,2522.0,2282.0
181.5,2416.603271484375,2460.8935546875,2460.8935546875,2460.8935546875,2460.19287109375,2460.193115234375,2460.376953125,2457.454345703125,2460.234619140625,2522.0,2282.0
181.75,2416.603271484375,2462.223388671875,2460.8935546875,2460.8935546875,2460.193115234375,2461.5224609375,2460.376708984375,2458.78369140625,2460.234619140625,2522.0,2282.0
182.0,2416.603271484375,2460.8935546875,2460.8935546875,2460.8935546875,2460.19287109375,2461.5224609375,2460.376953125,2458.7822265625,2460.23486328125,2522.0,2282.0
182.25,2418.57861328125,2460.8935546875,2460.8935546875,2460.8935546875,2460.049072265625,2460.114013671875,2460.235107421875,2457.859375,2460.087158203125,2522.0,2282.0
182.5,2418.58056640625,2460.8935546875,2462.223388671875,2460.8935546875,2461.37841796875,2460.114013671875,2460.235107421875,2457.859375,2460.08740234375,2522.0,2282.0
182.75,2418.57861328125,2460.8935546875,2460.8935546875,2460.8935546875,2460.049072265625,2460.114013671875,2460.235107421875,2457.859375,2460.087158203125,2522.0,2282.0
183.0,2418.578857421875,2460.8935546875,2460.8935546875,2460.8935546875,2460.049072265625,2460.114013671875,2460.235107421875,2457.859375,2460.08740234375,2522.0,2282.0
183.25,2418.578857421875,2460.8935546875,2460.8935546875,2460.8935546875,2460.049072265625,2460.114013671875,2460.235107421875,2457.859375,2460.087158203125,2522.0,2282.0
183.5,2418.578857421875,2460.8935546875,2460.8935546875,2460.8935546875,2460.049072265625,2460.114013671875,2460.235107421875,2457.859375,2460.087158203125,2522.0,2282.0
183.75,2419.89208984375,2460.8935546875,2460.8935546875,2462.223388671875,2460.049072265625,2460.114013671875,2461.564697265625,2457.859375,2460.087158203125,2522.0,2282.0
184.0,2418.579345703125,2460.8935546875,2460.8935546875,2460.8935546875,2460.049072265625,2460.114013671875,2460.235107421875,2457.859375,2460.087158203125,2522.0,2282.0
184.25,2420.92041015625,2460.8935546875,2460.8935546875,2460.8935546875,2460.101806640625,2461.08203125,2460.382080078125,2459.087890625,2459.770263671875,2522.0,2282.0
184.5,2420.92041015625,2460.8935546875,2462.223388671875,2460.8935546875,2460.101806640625,2459.752685546875,2460.382080078125,2457.759765625,2459.770263671875,2522.0,2282.0
184.75,2420.921630859375,2460.8935546875,2460.8935546875,2460.8935546875,2460.101806640625,2459.752685546875,2460.382080078125,2457.759765625,2459.770263671875,2522.0,2282.0
185.0,2420.921875,2460.8935546875,2460.8935546875,2460.8935546875,2460.101806640625,2459.752685546875,2460.382080078125,2457.759765625,2459.7705078125,2522.0,2282.0
185.25,2420.919677734375,2460.8935546875,2460.8935546875,2460.8935546875,2460.101806640625,2459.752685546875,2460.382080078125,2457.760498046875,2459.7705078125,2522.0,2282.0
185.5,2420.919677734375,2460.8935546875,2460.8935546875,2460.8935546875,2460.101806640625,2459.752685546875,2460.382080078125,2457.759765625,2459.770263671875,2522.0,2282.0
185.75,2420.919677734375,2460.8935546875,2460.8935546875,2460.8935546875,2460.101806640625,2459.752685546875,2460.382080078125,2457.759765625,2459.770263671875,2522.0,2282.0
186.0,2420.919677734375,2460.8935546875,2460.8935546875,2462.223388671875,2460.101806640625,2459.752685546875,2461.711669921875,2457.759765625,2459.770263671875,2522.0,2282.0
186.25,2324.78515625,2460.8935546875,2460.8935546875,2460.8935546875,2457.166259765625,2458.455810546875,2458.6669921875,2448.56103515625,2456.570068359375,2522.0,2282.0
186.5,2324.771728515625,2460.8935546875,2460.8935546875,2460.8935546875,2457.166259765625,2458.4560546875,2458.6669921875,2448.565185546875,2456.570068359375,2522.0,2282.0
186.75,2324.77294921875,2460.8935546875,2460.8935546875,2460.8935546875,2457.166259765625,2458.455810546875,2458.6669921875,2448.56103515625,2456.571533203125,2522.0,2282.0
187.0,2324.797607421875,2460.8935546875,2460.8935546875,2460.8935546875,2457.166259765625,2458.4560546875,2458.6669921875,2448.563720703125,2456.5712890625,2522.0,2282.0
187.25,2324.77490234375,2460.8935546875,2460.8935546875,2460.8935546875,2457.166259765625,2458.455810546875,2458.6669921875,2448.561279296875,2456.570068359375,2522.0,2282.0
187.5,2326.02783203125,2460.8935546875,2460.8935546875,2460.8935546875,2457.166259765625,2458.4560546875,2458.6669921875,2448.56103515625,2456.570068359375,2522.0,2282.0
187.75,2324.7724609375,2460.8935546875,2460.8935546875,2460.8935546875,2457.16650390625,2458.455810546875,2458.6669921875,2448.56103515625,2456.570068359375,2522.0,2282.0
188.0,2324.7724609375,2460.8935546875,2460.8935546875,2460.8935546875,2457.16650390625,2458.4560546875,2458.6669921875,2448.561279296875,2457.897705078125,2522.0,2282.0
188.25,2325.452880859375,2460.8935546875,2460.8935546875,2462.223388671875,2456.96435546875,2458.600341796875,2460.042724609375,2448.597412109375,2456.66064453125,2522.0,2282.0
188.5,2325.45703125,2462.223388671875,2460.8935546875,2460.8935546875,2456.96435546875,2458.600341796875,2458.714111328125,2448.597412109375,2456.66064453125,2522.0,2282.0
188.75,2325.4697265625,2460.8935546875,2460.8935546875,2460.8935546875,2456.96435546875,2458.600341796875,2458.714111328125,2448.597412109375,2456.660888671875,2522.0,2282.0
189.0,2325.47900390625,2460.8935546875,2462.223388671875,2460.8935546875,2456.96435546875,2458.600341796875,2458.714111328125,2448.597412109375,2456.662109375,2522.0,2282.0
189.25,2326.7060546875,2460.8935546875,2460.8935546875,2460.8935546875,2456.96435546875,2458.600341796875,2458.714111328125,2448.60009765625,2456.662109375,2522.0,2282.0
189.5,2325.46826171875,2460.8935546875,2460.8935546875,2460.8935546875,2456.96435546875,2458.600341796875,2458.714111328125,2448.597412109375,2456.660888671875,2522.0,2282.0
189.75,2325.4541015625,2460.8935546875,2460.8935546875,2460.8935546875,2456.96435546875,2458.600341796875,2458.714111328125,2448.597412109375,2456.66064453125,2522.0,2282.0
190.0,2325.448974609375,2460.8935546875,2460.8935546875,2460.8935546875,2456.96435546875,2458.600341796875,2458.714111328125,2448.597412109375,2457.98828125,2522.0,2282.0
190.25,2327.130126953125,2460.8935546875,2460.8935546875,2462.223388671875,2456.750732421875,2458.48828125,2460.25,2448.799072265625,2456.364990234375,2522.0,2282.0
190.5,2327.124755859375,2462.223388671875,2460.8935546875,2460.8935546875,2456.750732421875,2458.488037109375,2458.921142578125,2448.799072265625,2456.365234375,2522.0,2282.0
190.75,2327.124267578125,2462.223388671875,2460.8935546875,2460.8935546875,2456.750732421875,2458.488037109375,2458.921142578125,2448.799072265625,2456.365234375,2522.0,2282.0
191.0,2327.1455078125,2460.8935546875,2460.8935546875,2460.8935546875,2456.7509765625,2458.488037109375,2458.921142578125,2450.122314453125,2456.364990234375,2522.0,2282.0
191.25,2327.145263671875,2460.8935546875,2462.223388671875,2460.8935546875,2456.750732421875,2458.488037109375,2458.921142578125,2448.799072265625,2456.366455078125,2522.0,2282.0
191.5,2327.144775390625,2460.8935546875,2460.8935546875,2460.8935546875,2456.750732421875,2458.488037109375,2458.921142578125,2448.8017578125,2456.366455078125,2522.0,2282.0
191.75,2327.147216796875,2460.8935546875,2460.8935546875,2460.8935546875,2456.750732421875,2458.488037109375,2458.921142578125,2448.799072265625,2456.364990234375,2522.0,2282.0
192.0,2327.12744140625,2460.8935546875,2460.8935546875,2460.8935546875,2456.750732421875,2458.488037109375,2458.921142578125,2448.799072265625,2456.364990234375,2522.0,2282.0
192.25,2325.645751953125,2460.8935546875,2460.8935546875,2460.8935546875,2456.58251953125,2458.802978515625,2459.04638671875,2448.841796875,2457.899658203125,2522.0,2282.0
192.5,2325.64697265625,2460.8935546875,2460.8935546875,2462.223388671875,2456.58251953125,2458.802978515625,2460.375244140625,2448.841796875,2456.572021484375,2522.0,2282.0
192.75,2325.653076171875,2462.223388671875,2460.8935546875,2460.8935546875,2456.58251953125,2458.802978515625,2459.04638671875,2448.841796875,2456.572021484375,2522.0,2282.0
193.0,2325.667236328125,2462.223388671875,2460.8935546875,2460.8935546875,2456.58251953125,2458.802978515625,2459.04638671875,2448.841796875,2456.572021484375,2522.0,2282.0
193.25,2325.646484375,2460.8935546875,2460.8935546875,2460.8935546875,2456.58251953125,2458.802978515625,2459.04638671875,2448.845703125,2456.57177734375,2522.0,2282.0
193.5,2325.662841796875,2460.8935546875,2462.223388671875,2460.8935546875,2456.58251953125,2458.802978515625,2459.04638671875,2448.844482421875,2456.5732421875,2522.0,2282.0
193.75,2325.64453125,2460.8935546875,2460.8935546875,2460.8935546875,2456.58251953125,2458.802978515625,2459.04638671875,2448.844482421875,2456.5732421875,2522.0,2282.0
194.0,2325.64453125,2460.8935546875,2460.8935546875,2460.8935546875,2456.58251953125,2458.802978515625,2459.04638671875,2448.841796875,2456.572021484375,2522.0,2282.0
194.25,2326.172607421875,2460.8935546875,2460.8935546875,2460.8935546875,2456.56005859375,2458.85107421875,2458.93212890625,2448.599853515625,2456.33349609375,2522.0,2282.0
194.5,2326.16796875,2460.8935546875,2460.8935546875,2460.8935546875,2456.56005859375,2458.850830078125,2458.93212890625,2448.599853515625,2457.6611328125,2522.0,2282.0
194.75,2326.163330078125,2460.8935546875,2460.8935546875,2462.223388671875,2456.56005859375,2458.85107421875,2460.260986328125,2448.599853515625,2456.33349609375,2522.0,2282.0
195.0,2326.17236328125,2460.8935546875,2460.8935546875,2460.8935546875,2456.56005859375,2458.850830078125,2458.93212890625,2448.599853515625,2456.333740234375,2522.0,2282.0
195.25,2326.163818359375,2462.223388671875,2460.8935546875,2460.893310546875,2456.56005859375,2458.85107421875,2458.93212890625,2448.599853515625,2456.33349609375,2522.0,2282.0
195.5,2326.165283203125,2460.8935546875,2460.8935546875,2460.8935546875,2456.56005859375,2458.85107421875,2458.93212890625,2448.603515625,2456.33349609375,2522.0,2282.0
195.75,2327.42041015625,2460.8935546875,2462.223388671875,2460.8935546875,2456.56005859375,2458.85107421875,2458.93212890625,2448.599853515625,2456.3349609375,2522.0,2282.0
196.0,2326.164794921875,2460.8935546875,2460.8935546875,2460.8935546875,2456.56005859375,2458.85107421875,2458.93212890625,2448.599853515625,2456.3349609375,2522.0,2282.0
196.25,2328.183349609375,2460.8935546875,2460.8935546875,2460.8935546875,2456.574951171875,2458.801025390625,2458.85107421875,2448.185791015625,2456.365234375,2522.0,2282.0
196.5,2328.187255859375,2460.8935546875,2460.8935546875,2460.8935546875,2456.574951171875,2458.801025390625,2458.85107421875,2448.185791015625,2456.365234375,2522.0,2282.0
196.75,2328.18603515625,2460.8935546875,2460.8935546875,2460.8935546875,2456.574951171875,2458.80126953125,2458.85107421875,2448.18603515625,2456.365234375,2522.0,2282.0
197.0,2328.181640625,2460.8935546875,2460.8935546875,2460.8935546875,2456.574951171875,2458.801025390625,2458.85107421875,2448.185791015625,2456.365234375,2522.0,2282.0
197.25,2328.18115234375,2462.223388671875,2460.8935546875,2460.8935546875,2456.574951171875,2458.801025390625,2458.85107421875,2448.18603515625,2456.365234375,2522.0,2282.0
197.5,2328.201904296875,2460.8935546875,2460.8935546875,2460.8935546875,2456.574951171875,2458.801025390625,2458.85107421875,2449.512939453125,2456.365234375,2522.0,2282.0
197.75,2328.181396484375,2460.8935546875,2460.8935546875,2460.8935546875,2456.574951171875,2458.801025390625,2458.85107421875,2448.185791015625,2456.365478515625,2522.0,2282.0
198.0,2330.04736328125,2460.8935546875,2460.8935546875,2460.8935546875,2458.123046875,2458.614013671875,2458.51513671875,2447.89453125,2456.375732421875,2522.0,2282.0
198.25,2330.173828125,2460.8935546875,2460.8935546875,2460.8935546875,2457.04296875,2458.560791015625,2458.515380859375,2447.749755859375,2456.37548828125,2522.0,2282.0
198.5,2328.915283203125,2460.8935546875,2460.8935546875,2460.8935546875,2457.04296875,2458.560791015625,2458.515380859375,2447.749755859375,2456.37548828125,2522.0,2282.0
198.75,2328.913330078125,2460.8935546875,2460.8935546875,2460.8935546875,2457.04296875,2458.560791015625,2458.515380859375,2447.749755859375,2456.375244140625,2522.0,2282.0
199.0,2328.919677734375,2460.8935546875,2460.8935546875,2460.8935546875,2457.04296875,2458.560791015625,2458.515380859375,2447.749755859375,2456.37548828125,2522.0,2282.0
199.25,2328.921875,2460.8935546875,2460.8935546875,2460.8935546875,2457.04296875,2458.560791015625,2458.515380859375,2447.749755859375,2456.37548828125,2522.0,2282.0
199.5,2328.9140625,2460.8935546875,2460.8935546875,2460.8935546875,2457.04296875,2459.889404296875,2458.515380859375,2447.749755859375,2456.37548828125,2522.0,2282.0
199.75,2328.913818359375,2460.8935546875,2460.8935546875,2460.8935546875,2457.04296875,2458.560791015625,2458.515380859375,2449.07666015625,2456.375244140625,2522.0,2282.0
200.0,2328.89013671875,2460.8935546875,2460.8935546875,2460.8935546875,2456.898681640625,2458.560791015625,2458.513916015625,2449.072509765625,2456.378662109375,2522.0,2282.0
200.25,2327.591552734375,2460.8935546875,2460.8935546875,2460.8935546875,2458.058837890625,2458.788330078125,2458.5498046875,2447.898681640625,2456.57568359375,2522.0,2282.0
200.5,2327.60498046875,2460.8935546875,2460.8935546875,2460.8935546875,2456.731201171875,2458.788330078125,2458.5498046875,2447.89599609375,2456.574462890625,2522.0,2282.0
200.75,2327.5849609375,2460.8935546875,2460.8935546875,2460.8935546875,2456.7314453125,2458.788330078125,2458.5498046875,2447.89599609375,2456.574462890625,2522.0,2282.0
201.0,2327.581787109375,2460.8935546875,2460.8935546875,2460.8935546875,2456.731201171875,2458.788330078125,2458.5498046875,2447.89599609375,2456.574462890625,2522.0,2282.0
201.25,2327.58251953125,2460.893310546875,2460.8935546875,2460.8935546875,2456.731201171875,2458.788330078125,2458.5498046875,2447.89599609375,2456.574462890625,2522.0,2282.0
201.5,2327.59033203125,2460.8935546875,2460.8935546875,2460.8935546875,2456.731201171875,2458.788330078125,2458.5498046875,2447.89599609375,2456.574462890625,2522.0,2282.0
201.75,2327.58251953125,2462.223388671875,2460.8935546875,2460.8935546875,2456.731201171875,2458.788330078125,2458.5498046875,2447.89599609375,2456.57421875,2522.0,2282.0
202.0,2326.822021484375,2460.8935546875,2460.8935546875,2460.8935546875,2457.829345703125,2460.116943359375,2458.556396484375,2447.891845703125,2456.6044921875,2522.0,2282.0
202.25,2406.37158203125,2460.8935546875,2460.8935546875,2460.8935546875,2459.110107421875,2460.31103515625,2460.149169921875,2455.69091796875,2459.536376953125,2522.0,2282.0
202.5,2406.37060546875,2460.8935546875,2460.8935546875,2460.8935546875,2460.43896484375,2460.31103515625,2460.149169921875,2455.691650390625,2459.536376953125,2522.0,2282.0
202.75,2406.37060546875,2460.8935546875,2460.8935546875,2460.8935546875,2459.110107421875,2460.31103515625,2460.149169921875,2455.691650390625,2459.536865234375,2522.0,2282.0
203.0,2406.3701171875,2460.8935546875,2460.8935546875,2460.8935546875,2459.110107421875,2460.31103515625,2460.149169921875,2455.69091796875,2459.536376953125,2522.0,2282.0
203.25,2406.372802734375,2460.8935546875,2460.8935546875,2460.8935546875,2459.110107421875,2460.31103515625,2460.149169921875,2455.69091796875,2459.536376953125,2522.0,2282.0
203.5,2406.37255859375,2460.8935546875,2460.8935546875,2460.8935546875,2459.110107421875,2460.31103515625,2460.149169921875,2455.69091796875,2460.865478515625,2522.0,2282.0
203.75,2406.37158203125,2460.8935546875,2460.8935546875,2460.8935546875,2459.110107421875,2460.31103515625,2460.149169921875,2455.69091796875,2459.536376953125,2522.0,2282.0
204.0,2407.341552734375,2460.8935546875,2460.8935546875,2460.8935546875,2459.072021484375,2461.6884765625,2460.184326171875,2456.975830078125,2459.58740234375,2522.0,2282.0
204.25,2407.34619140625,2460.8935546875,2460.8935546875,2460.8935546875,2459.02685546875,2460.376953125,2460.184326171875,2456.95849609375,2459.58740234375,2522.0,2282.0
204.5,2407.345947265625,2460.8935546875,2460.8935546875,2460.8935546875,2459.02685546875,2460.376953125,2460.184326171875,2455.631591796875,2459.58740234375,2522.0,2282.0
204.75,2407.348876953125,2460.8935546875,2460.8935546875,2460.8935546875,2460.355712890625,2460.376953125,2460.184326171875,2455.632568359375,2459.58740234375,2522.0,2282.0
205.0,2407.345703125,2460.8935546875,2460.8935546875,2460.8935546875,2459.02685546875,2460.376953125,2460.184326171875,2455.631591796875,2459.58740234375,2522.0,2282.0
205.25,2407.345947265625,2460.8935546875,2460.8935546875,2460.8935546875,2459.02685546875,2460.376953125,2460.184326171875,2455.631591796875,2459.58740234375,2522.0,2282.0
205.5,2407.345458984375,2460.8935546875,2460.8935546875,2460.8935546875,2459.027099609375,2460.376953125,2460.184326171875,2455.631591796875,2459.58740234375,2522.0,2282.0
205.75,2407.348876953125,2460.8935546875,2460.8935546875,2460.8935546875,2459.02685546875,2460.376953125,2460.184326171875,2455.631591796875,2460.91650390625,2522.0,2282.0
206.0,2408.227783203125,2462.223388671875,2460.8935546875,2460.8935546875,2459.00146484375,2461.64892578125,2460.22216796875,2455.85498046875,2459.477294921875,2522.0,2282.0
206.25,2408.230224609375,2462.223388671875,2460.8935546875,2460.8935546875,2459.00146484375,2460.319091796875,2460.22216796875,2455.853271484375,2459.477294921875,2522.0,2282.0
206.5,2406.92236328125,2460.8935546875,2460.8935546875,2460.8935546875,2459.00146484375,2460.3193359375,2460.22216796875,2455.853271484375,2459.477294921875,2522.0,2282.0
206.75,2406.922119140625,2460.8935546875,2460.8935546875,2460.8935546875,2459.00146484375,2460.319091796875,2460.22216796875,2455.853271484375,2459.477294921875,2522.0,2282.0
207.0,2406.925048828125,2460.8935546875,2460.8935546875,2460.8935546875,2460.330322265625,2460.3193359375,2460.22216796875,2455.852294921875,2459.477294921875,2522.0,2282.0
207.25,2406.92333984375,2460.8935546875,2460.8935546875,2460.8935546875,2459.00146484375,2460.319091796875,2460.22216796875,2455.85302734375,2459.477783203125,2522.0,2282.0
207.5,2406.921875,2460.8935546875,2460.8935546875,2460.8935546875,2459.00146484375,2460.3193359375,2460.22216796875,2455.853271484375,2459.477294921875,2522.0,2282.0
207.75,2406.921875,2460.8935546875,2460.8935546875,2460.8935546875,2459.00146484375,2460.3193359375,2460.22216796875,2455.853271484375,2459.477294921875,2522.0,2282.0
208.0,2406.9228515625,2460.8935546875,2460.8935546875,2460.8935546875,2459.05029296875,2460.3056640625,2460.222412109375,2455.85791015625,2460.806884765625,2522.0,2282.0
208.25,2406.11669921875,2460.8935546875,2460.8935546875,2460.8935546875,2459.11083984375,2460.30126953125,2460.267333984375,2455.8671875,2459.5458984375,2522.0,2282.0
208.5,2407.42431640625,2462.223388671875,2460.8935546875,2460.8935546875,2459.11083984375,2460.30126953125,2460.267333984375,2455.8671875,2459.5458984375,2522.0,2282.0
208.75,2406.1240234375,2460.8935546875,2460.8935546875,2460.8935546875,2459.11083984375,2460.30126953125,2460.267333984375,2457.1943359375,2459.5458984375,2522.0,2282.0
209.0,2406.116455078125,2460.8935546875,2460.8935546875,2460.8935546875,2459.11083984375,2460.30126953125,2460.267333984375,2455.8671875,2459.5458984375,2522.0,2282.0
209.25,2406.11669921875,2460.8935546875,2460.8935546875,2460.8935546875,2460.439697265625,2460.30126953125,2460.267333984375,2455.8671875,2459.5458984375,2522.0,2282.0
209.5,2406.116455078125,2460.8935546875,2460.8935546875,2460.8935546875,2459.11083984375,2460.30126953125,2460.267333984375,2455.8671875,2459.5458984375,2522.0,2282.0
209.75,2406.116455078125,2460.8935546875,2460.8935546875,2460.8935546875,2459.11083984375,2460.30126953125,2460.267333984375,2455.8671875,2459.5458984375,2522.0,2282.0
210.0,2404.89892578125,2460.8935546875,2460.8935546875,2460.8935546875,2459.13623046875,2460.39453125,2460.189208984375,2455.868896484375,2459.72998046875,2522.0,2282.0
210.25,2404.788330078125,2460.8935546875,2460.8935546875,2462.223388671875,2459.160400390625,2460.445556640625,2461.5185546875,2455.887451171875,2459.72998046875,2522.0,2282.0
210.5,2406.093017578125,2462.223388671875,2460.8935546875,2460.8935546875,2459.160400390625,2461.775146484375,2460.189208984375,2455.88916015625,2459.72998046875,2522.0,2282.0
210.75,2404.792236328125,2460.8935546875,2460.8935546875,2460.8935546875,2459.160400390625,2461.775146484375,2460.18896484375,2457.216552734375,2459.72998046875,2522.0,2282.0
211.0,2404.784912109375,2460.8935546875,2460.8935546875,2460.8935546875,2459.160400390625,2460.445556640625,2460.18896484375,2455.887451171875,2459.72998046875,2522.0,2282.0
211.25,2404.787841796875,2460.8935546875,2460.8935546875,2460.8935546875,2459.160400390625,2460.445556640625,2460.18896484375,2455.887451171875,2459.72998046875,2522.0,2282.0
211.5,2404.786376953125,2460.8935546875,2460.8935546875,2460.8935546875,2459.160400390625,2460.445556640625,2460.189208984375,2455.88671875,2459.72998046875,2522.0,2282.0
211.75,2404.784912109375,2460.8935546875,2460.8935546875,2460.8935546875,2459.160400390625,2460.445556640625,2460.18896484375,2455.887451171875,2459.72998046875,2522.0,2282.0
212.0,2406.1171875,2460.8935546875,2460.8935546875,2460.8935546875,2459.3251953125,2460.16455078125,2460.033935546875,2455.934326171875,2459.447998046875,2522.0,2282.0
212.25,2406.212646484375,2460.8935546875,2460.8935546875,2460.8935546875,2459.3251953125,2460.16455078125,2460.033935546875,2455.934326171875,2459.44775390625,2522.0,2282.0
212.5,2406.213623046875,2460.8935546875,2460.8935546875,2462.223388671875,2459.3251953125,2460.16455078125,2461.36328125,2455.934326171875,2459.44775390625,2522.0,2282.0
212.75,2406.21142578125,2462.223388671875,2460.8935546875,2460.8935546875,2459.3251953125,2461.494140625,2460.033935546875,2455.93603515625,2459.44775390625,2522.0,2282.0
213.0,2407.519287109375,2460.8935546875,2460.8935546875,2460.8935546875,2459.3251953125,2461.494140625,2460.033935546875,2457.261474609375,2459.44775390625,2522.0,2282.0
213.25,2406.210693359375,2460.8935546875,2460.8935546875,2460.8935546875,2459.3251953125,2460.164794921875,2460.033935546875,2455.934326171875,2459.44775390625,2522.0,2282.0
213.5,2406.210693359375,2460.8935546875,2462.223388671875,2460.8935546875,2460.654296875,2460.16455078125,2460.033935546875,2455.934326171875,2459.44775390625,2522.0,2282.0
213.75,2406.21044921875,2460.8935546875,2460.8935546875,2460.8935546875,2460.654296875,2460.164794921875,2460.033935546875,2455.934326171875,2459.4482421875,2522.0,2282.0
214.0,2405.64892578125,2460.8935546875,2460.8935546875,2460.8935546875,2459.325927734375,2460.203857421875,2459.97021484375,2456.01953125,2459.414306640625,2522.0,2282.0
214.25,2405.628173828125,2460.8935546875,2460.8935546875,2460.8935546875,2459.326171875,2460.22705078125,2459.97021484375,2456.06689453125,2459.414306640625,2522.0,2282.0
214.5,2405.630859375,2460.8935546875,2460.8935546875,2460.8935546875,2459.325927734375,2460.22705078125,2459.97021484375,2456.06689453125,2459.414306640625,2522.0,2282.0
214.75,2405.6318359375,2460.8935546875,2460.8935546875,2462.223388671875,2459.326171875,2460.22705078125,2461.299560546875,2456.06689453125,2459.414306640625,2522.0,2282.0
215.0,2405.629638671875,2460.8935546875,2460.8935546875,2460.8935546875,2459.325927734375,2460.22705078125,2459.97021484375,2456.06689453125,2459.414306640625,2522.0,2282.0
215.25,2406.93701171875,2460.8935546875,2460.8935546875,2460.8935546875,2459.326171875,2461.556640625,2459.97021484375,2457.395751953125,2459.414306640625,2522.0,2282.0
215.5,2405.6357421875,2460.8935546875,2460.8935546875,2460.8935546875,2459.325927734375,2460.22705078125,2459.97021484375,2456.06689453125,2459.414306640625,2522.0,2282.0
215.75,2405.628662109375,2460.8935546875,2462.223388671875,2460.8935546875,2460.655029296875,2460.22705078125,2459.97021484375,2456.06689453125,2459.414306640625,2522.0,2282.0
216.0,2406.63916015625,2460.8935546875,2460.8935546875,2460.8935546875,2459.212646484375,2460.2421875,2459.953857421875,2455.869873046875,2459.3837890625,2522.0,2282.0
216.25,2406.715087890625,2460.8935546875,2460.8935546875,2460.8935546875,2459.212646484375,2460.241943359375,2459.95361328125,2455.86865234375,2459.383056640625,2522.0,2282.0
216.5,2406.71533203125,2460.8935546875,2460.8935546875,2460.8935546875,2459.212646484375,2460.2421875,2459.953857421875,2455.86865234375,2459.38330078125,2522.0,2282.0
216.75,2406.717529296875,2460.8935546875,2460.8935546875,2460.8935546875,2459.212646484375,2460.241943359375,2459.95361328125,2455.86865234375,2459.38330078125,2522.0,2282.0
217.0,2406.715576171875,2460.8935546875,2460.8935546875,2462.223388671875,2459.212646484375,2460.2421875,2461.283203125,2455.86865234375,2459.38330078125,2522.0,2282.0
217.25,2406.716552734375,2462.223388671875,2460.8935546875,2460.8935546875,2459.212646484375,2461.571533203125,2459.95361328125,2455.870361328125,2459.383056640625,2522.0,2282.0
217.5,2408.0244140625,2460.8935546875,2460.8935546875,2460.8935546875,2459.212646484375,2460.2421875,2459.953857421875,2455.86865234375,2459.38330078125,2522.0,2282.0
217.75,2406.71875,2460.8935546875,2460.8935546875,2460.8935546875,2459.212646484375,2460.241943359375,2459.95361328125,2455.86865234375,2459.383056640625,2522.0,2282.0
218.0,2406.1337890625,2460.8935546875,2462.223388671875,2460.8935546875,2460.55810546875,2460.259033203125,2460.03369140625,2455.91845703125,2459.541748046875,2522.0,2282.0
218.25,2406.10205078125,2460.8935546875,2460.8935546875,2460.8935546875,2460.55810546875,2460.2587890625,2460.03369140625,2455.918701171875,2459.542236328125,2522.0,2282.0
218.5,2406.101806640625,2460.8935546875,2460.8935546875,2460.8935546875,2459.229248046875,2460.259033203125,2460.03369140625,2455.918701171875,2459.541748046875,2522.0,2282.0
218.75,2406.1015625,2460.8935546875,2460.8935546875,2460.8935546875,2459.229248046875,2460.2587890625,2460.03369140625,2455.918701171875,2459.5419921875,2522.0,2282.0
219.0,2406.10498046875,2460.8935546875,2460.8935546875,2462.223388671875,2459.229248046875,2460.259033203125,2461.363037109375,2455.918701171875,2460.87109375,2522.0,2282.0
219.25,2406.10400390625,2460.8935546875,2460.8935546875,2460.8935546875,2459.22900390625,2460.259033203125,2460.03369140625,2455.918701171875,2460.870849609375,2522.0,2282.0
219.5,2406.102783203125,2462.223388671875,2460.8935546875,2460.8935546875,2459.229248046875,2461.58837890625,2460.03369140625,2455.92041015625,2459.541748046875,2522.0,2282.0
219.75,2407.410400390625,2460.8935546875,2460.8935546875,2460.8935546875,2459.22900390625,2461.58837890625,2460.03369140625,2457.245849609375,2459.541748046875,2522.0,2282.0
220.0,2405.596923828125,2460.8935546875,2460.8935546875,2460.8935546875,2459.135986328125,2460.293701171875,2460.06884765625,2455.881103515625,2459.61474609375,2522.0,2282.0
220.25,2405.596923828125,2460.8935546875,2460.8935546875,2460.8935546875,2459.135986328125,2460.293701171875,2460.06884765625,2455.88134765625,2459.614501953125,2522.0,2282.0
220.5,2405.595703125,2460.8935546875,2460.8935546875,2460.8935546875,2459.135986328125,2460.293701171875,2460.06884765625,2455.88037109375,2459.614501953125,2522.0,2282.0
220.75,2405.595458984375,2460.8935546875,2460.8935546875,2460.8935546875,2459.135986328125,2460.293701171875,2460.06884765625,2455.881103515625,2459.614501953125,2522.0,2282.0
221.0,2405.59521484375,2460.8935546875,2460.8935546875,2460.8935546875,2459.135986328125,2460.293701171875,2460.06884765625,2455.88134765625,2459.6142578125,2522.0,2282.0
221.25,2405.597900390625,2460.8935546875,2460.8935546875,2460.8935546875,2459.135986328125,2460.293701171875,2460.06884765625,2455.881103515625,2459.614501953125,2522.0,2282.0
221.5,2405.5966796875,2460.8935546875,2460.8935546875,2460.8935546875,2459.135986328125,2460.293701171875,2460.06884765625,2455.88134765625,2459.6142578125,2522.0,2282.0
221.75,2405.595703125,2460.8935546875,2460.8935546875,2460.8935546875,2459.135986328125,2460.293701171875,2460.06884765625,2455.881103515625,2459.614501953125,2522.0,2282.0
222.0,2407.160400390625,2460.8935546875,2460.8935546875,2460.8935546875,2459.138427734375,2460.264892578125,2460.072021484375,2455.9482421875,2459.516357421875,2522.0,2282.0
222.25,2405.87939453125,2460.8935546875,2460.8935546875,2460.8935546875,2459.138427734375,2460.264892578125,2460.072021484375,2455.9482421875,2459.516357421875,2522.0,2282.0
222.5,2405.868896484375,2460.8935546875,2462.223388671875,2460.8935546875,2460.467529296875,2460.264892578125,2460.072021484375,2455.9482421875,2459.516845703125,2522.0,2282.0
222.75,2405.869873046875,2460.8935546875,2460.8935546875,2460.8935546875,2460.46728515625,2460.264892578125,2460.072021484375,2455.9482421875,2459.516357421875,2522.0,2282.0
223.0,2405.868408203125,2460.8935546875,2460.8935546875,2460.8935546875,2459.138427734375,2460.264892578125,2460.072021484375,2455.948486328125,2459.516357421875,2522.0,2282.0
223.25,2405.868408203125,2460.8935546875,2460.8935546875,2460.8935546875,2459.138427734375,2460.264892578125,2460.072021484375,2455.9482421875,2459.516357421875,2522.0,2282.0
223.5,2405.87109375,2460.8935546875,2460.8935546875,2460.8935546875,2459.138427734375,2460.264892578125,2460.072021484375,2455.9482421875,2459.516357421875,2522.0,2282.0
223.75,2405.8720703125,2460.8935546875,2460.8935546875,2462.223388671875,2459.138427734375,2460.264892578125,2461.4013671875,2455.9482421875,2459.516357421875,2522.0,2282.0
224.0,2406.274658203125,2462.223388671875,2460.8935546875,2460.8935546875,2459.1748046875,2461.5654296875,2460.043212890625,2455.906494140625,2459.473388671875,2522.0,2282.0
224.25,2406.337646484375,2460.8935546875,2460.8935546875,2460.8935546875,2459.174560546875,2460.23583984375,2460.043212890625,2455.904541015625,2459.473388671875,2522.0,2282.0
224.5,2406.34814453125,2460.8935546875,2460.8935546875,2460.8935546875,2459.174560546875,2460.23583984375,2460.043212890625,2455.904541015625,2459.473388671875,2522.0,2282.0
224.75,2406.339111328125,2460.8935546875,2462.223388671875,2460.8935546875,2460.503662109375,2460.23583984375,2460.043212890625,2455.904541015625,2459.473388671875,2522.0,2282.0
225.0,2406.337646484375,2460.8935546875,2460.8935546875,2460.8935546875,2459.174560546875,2460.23583984375,2460.043212890625,2455.905517578125,2459.4736328125,2522.0,2282.0
225.25,2406.337646484375,2460.8935546875,2460.8935546875,2460.8935546875,2459.174560546875,2460.23583984375,2460.043212890625,2455.904541015625,2459.473388671875,2522.0,2282.0
225.5,2406.337158203125,2460.8935546875,2460.8935546875,2460.8935546875,2459.174560546875,2460.23583984375,2460.043212890625,2455.904541015625,2459.473388671875,2522.0,2282.0
225.75,2406.33984375,2460.8935546875,2460.8935546875,2460.8935546875,2459.174560546875,2460.23583984375,2460.043212890625,2455.904541015625,2459.473388671875,2522.0,2282.0
226.0,2406.02490234375,2460.8935546875,2460.8935546875,2460.8935546875,2459.147705078125,2460.2099609375,2460.049072265625,2455.8095703125,2459.434326171875,2522.0,2282.0
226.25,2406.025146484375,2460.8935546875,2460.8935546875,2460.8935546875,2459.147705078125,2460.2099609375,2460.04931640625,2455.8095703125,2459.43408203125,2522.0,2282.0
226.5,2407.336181640625,2460.8935546875,2460.8935546875,2460.8935546875,2459.147705078125,2460.2099609375,2460.049072265625,2455.809326171875,2459.434326171875,2522.0,2282.0
226.75,2407.336181640625,2460.8935546875,2460.8935546875,2460.8935546875,2459.147705078125,2460.2099609375,2460.049072265625,2455.8095703125,2459.434326171875,2522.0,2282.0
227.0,2406.026611328125,2460.8935546875,2462.223388671875,2460.8935546875,2460.4765625,2460.2099609375,2460.049072265625,2455.809326171875,2459.434326171875,2522.0,2282.0
227.25,2406.025390625,2460.8935546875,2460.8935546875,2460.8935546875,2459.147705078125,2460.2099609375,2460.049072265625,2455.810302734375,2459.434814453125,2522.0,2282.0
227.5,2406.02490234375,2460.8935546875,2460.8935546875,2460.8935546875,2459.147705078125,2460.2099609375,2460.049072265625,2455.809326171875,2459.434326171875,2522.0,2282.0
227.75,2406.024658203125,2460.8935546875,2460.8935546875,2460.8935546875,2459.147705078125,2460.2099609375,2460.049072265625,2455.8095703125,2459.43408203125,2522.0,2282.0
228.0,2407.145263671875,2460.8935546875,2460.8935546875,2460.8935546875,2459.086181640625,2460.276611328125,2460.020751953125,2455.9951171875,2459.234130859375,2522.0,2282.0
228.25,2407.215087890625,2460.8935546875,2460.8935546875,2462.223388671875,2459.086181640625,2460.276611328125,2461.35009765625,2455.9951171875,2459.23388671875,2522.0,2282.0
228.5,2407.21484375,2460.8935546875,2460.8935546875,2460.8935546875,2459.086181640625,2460.276611328125,2460.020751953125,2455.9951171875,2459.23388671875,2522.0,2282.0
228.75,2407.215087890625,2460.8935546875,2460.8935546875,2460.8935546875,2459.086181640625,2461.606201171875,2460.020751953125,2457.323974609375,2459.23388671875,2522.0,2282.0
229.0,2407.2255859375,2460.8935546875,2460.8935546875,2460.8935546875,2459.086181640625,2460.276611328125,2460.020751953125,2455.9951171875,2459.234130859375,2522.0,2282.0
229.25,2407.216552734375,2460.8935546875,2460.8935546875,2460.8935546875,2459.086181640625,2460.276611328125,2460.020751953125,2455.9951171875,2459.23388671875,2522.0,2282.0
229.5,2407.21533203125,2460.8935546875,2460.8935546875,2460.8935546875,2460.4150390625,2460.276611328125,2460.020751953125,2455.9951171875,2459.234619140625,2522.0,2282.0
229.75,2407.21484375,2460.8935546875,2460.8935546875,2460.8935546875,2459.086181640625,2460.276611328125,2460.020751953125,2455.9951171875,2459.23388671875,2522.0,2282.0
230.0,2435.46630859375,2460.8935546875,2460.8935546875,2460.8935546875,2460.135498046875,2460.6796875,2460.60693359375,2459.029296875,2460.366455078125,2522.0,2282.0
230.25,2434.428955078125,2460.8935546875,2460.8935546875,2460.8935546875,2460.135498046875,2460.6796875,2460.60693359375,2459.0302734375,2460.366943359375,2522.0,2282.0
230.5,2434.4287109375,2460.8935546875,2460.8935546875,2462.223388671875,2460.135498046875,2460.6796875,2461.9365234375,2459.0302734375,2461.696533203125,2522.0,2282.0
230.75,2434.42919921875,2462.223388671875,2460.8935546875,2460.8935546875,2460.135498046875,2462.009521484375,2460.60693359375,2460.35986328125,2460.366943359375,2522.0,2282.0
231.0,2434.43017578125,2460.8935546875,2460.8935546875,2460.8935546875,2460.135498046875,2462.009521484375,2460.60693359375,2460.359130859375,2460.366943359375,2522.0,2282.0
231.25,2434.4287109375,2460.8935546875,2460.8935546875,2460.8935546875,2460.135498046875,2460.6796875,2460.60693359375,2459.0302734375,2460.366943359375,2522.0,2282.0
231.5,2434.4287109375,2460.8935546875,2462.223388671875,2460.8935546875,2461.46484375,2460.6796875,2460.60693359375,2459.0302734375,2460.366943359375,2522.0,2282.0
231.75,2434.4287109375,2460.8935546875,2460.8935546875,2460.8935546875,2461.46484375,2460.6796875,2460.60693359375,2459.0302734375,2460.3671875,2522.0,2282.0
232.0,2435.499755859375,2460.8935546875,2460.8935546875,2460.8935546875,2460.217041015625,2460.599609375,2460.495361328125,2459.000732421875,2460.392578125,2522.0,2282.0
232.25,2436.857177734375,2460.8935546875,2460.8935546875,2460.8935546875,2460.217041015625,2460.599609375,2460.495361328125,2459.000732421875,2460.392578125,2522.0,2282.0
232.5,2435.537841796875,2460.8935546875,2460.8935546875,2460.8935546875,2460.217041015625,2460.599609375,2460.495361328125,2459.000732421875,2460.392578125,2522.0,2282.0
232.75,2435.537353515625,2460.8935546875,2460.8935546875,2462.223388671875,2460.217041015625,2460.599609375,2461.824951171875,2459.000732421875,2461.72216796875,2522.0,2282.0
233.0,2435.538330078125,2462.223388671875,2460.8935546875,2460.8935546875,2460.217041015625,2461.92919921875,2460.495361328125,2460.330322265625,2460.392578125,2522.0,2282.0
233.25,2435.5390625,2460.8935546875,2460.8935546875,2460.8935546875,2460.217041015625,2460.599609375,2460.495361328125,2459.000732421875,2460.392578125,2522.0,2282.0
233.5,2435.537353515625,2460.8935546875,2460.8935546875,2460.8935546875,2460.217041015625,2460.599609375,2460.495361328125,2459.000732421875,2460.392578125,2522.0,2282.0
233.75,2435.537353515625,2460.8935546875,2462.223388671875,2460.8935546875,2461.54638671875,2460.599609375,2460.495361328125,2459.000732421875,2460.392578125,2522.0,2282.0
234.0,2436.099853515625,2460.8935546875,2460.8935546875,2460.8935546875,2460.12109375,2460.631103515625,2460.558837890625,2458.920166015625,2460.422119140625,2522.0,2282.0
234.25,2436.1611328125,2460.8935546875,2460.8935546875,2460.8935546875,2460.12109375,2460.631103515625,2460.558837890625,2458.919677734375,2460.422119140625,2522.0,2282.0
234.5,2437.4775390625,2460.8935546875,2460.8935546875,2460.8935546875,2460.12109375,2460.631103515625,2460.558837890625,2458.919677734375,2460.422119140625,2522.0,2282.0
234.75,2436.161376953125,2460.8935546875,2460.8935546875,2460.8935546875,2460.12109375,2460.630859375,2460.558837890625,2458.919677734375,2460.421875,2522.0,2282.0
235.0,2436.161865234375,2460.8935546875,2460.8935546875,2460.8935546875,2460.12109375,2460.631103515625,2460.558837890625,2458.919677734375,2460.421875,2522.0,2282.0
235.25,2436.161865234375,2460.8935546875,2460.8935546875,2460.8935546875,2460.12109375,2460.631103515625,2460.558837890625,2458.919677734375,2460.421875,2522.0,2282.0
235.5,2436.1611328125,2460.8935546875,2460.8935546875,2460.8935546875,2460.12109375,2461.960693359375,2460.558837890625,2460.24853515625,2460.421875,2522.0,2282.0
235.75,2436.160888671875,2460.8935546875,2460.8935546875,2460.8935546875,2460.12109375,2460.631103515625,2460.558837890625,2458.919677734375,2460.421875,2522.0,2282.0
236.0,2437.12890625,2460.8935546875,2460.8935546875,2460.8935546875,2460.10791015625,2460.6513671875,2460.55908203125,2458.92236328125,2460.306640625,2522.0,2282.0
236.25,2437.173828125,2460.8935546875,2460.8935546875,2460.8935546875,2460.0888671875,2460.662841796875,2460.55908203125,2458.9140625,2460.306640625,2522.0,2282.0
236.5,2437.17333984375,2460.8935546875,2460.8935546875,2460.8935546875,2460.0888671875,2460.662841796875,2460.55908203125,2458.9140625,2460.306640625,2522.0,2282.0
236.75,2438.493896484375,2460.8935546875,2460.8935546875,2460.8935546875,2460.088623046875,2460.662841796875,2460.55908203125,2458.91357421875,2460.306640625,2522.0,2282.0
237.0,2437.173583984375,2460.8935546875,2460.8935546875,2460.8935546875,2460.0888671875,2460.662841796875,2460.55908203125,2458.91357421875,2460.306396484375,2522.0,2282.0
237.25,2437.17431640625,2460.8935546875,2460.8935546875,2460.8935546875,2460.088623046875,2460.662841796875,2460.55908203125,2458.91357421875,2460.306640625,2522.0,2282.0
237.5,2437.174072265625,2460.8935546875,2460.8935546875,2460.893310546875,2460.0888671875,2460.662841796875,2460.558837890625,2458.91357421875,2460.306396484375,2522.0,2282.0
237.75,2437.17333984375,2460.8935546875,2460.8935546875,2460.8935546875,2460.088623046875,2461.992431640625,2460.55908203125,2460.242431640625,2460.306640625,2522.0,2282.0
238.0,2437.58837890625,2460.8935546875,2460.8935546875,2460.8935546875,2460.056640625,2460.59912109375,2460.65380859375,2458.7890625,2460.29296875,2522.0,2282.0
238.25,2437.641357421875,2460.8935546875,2462.223388671875,2460.8935546875,2461.385986328125,2460.59912109375,2460.654052734375,2458.7890625,2460.293212890625,2522.0,2282.0
238.5,2437.6416015625,2460.8935546875,2460.8935546875,2460.8935546875,2460.056640625,2460.59912109375,2460.654052734375,2458.78955078125,2460.293212890625,2522.0,2282.0
238.75,2438.958984375,2460.8935546875,2460.8935546875,2460.8935546875,2460.056640625,2460.59912109375,2460.654052734375,2458.7890625,2460.29296875,2522.0,2282.0
239.0,2437.641845703125,2460.8935546875,2460.8935546875,2460.8935546875,2460.056640625,2460.59912109375,2460.654052734375,2458.7890625,2460.29296875,2522.0,2282.0
239.25,2437.6416015625,2460.8935546875,2460.8935546875,2462.223388671875,2460.056640625,2460.59912109375,2461.983642578125,2458.7890625,2461.62255859375,2522.0,2282.0
239.5,2437.642333984375,2460.8935546875,2460.8935546875,2460.8935546875,2460.056640625,2460.59912109375,2460.654052734375,2458.7890625,2460.29296875,2522.0,2282.0
239.75,2437.6416015625,2462.223388671875,2460.8935546875,2460.8935546875,2460.056640625,2461.9287109375,2460.654052734375,2460.11865234375,2460.29296875,2522.0,2282.0
240.0,2436.594970703125,2460.8935546875,2460.8935546875,2460.8935546875,2460.0595703125,2460.697509765625,2460.530517578125,2458.8623046875,2460.310546875,2522.0,2282.0
240.25,2436.595458984375,2460.8935546875,2460.8935546875,2460.8935546875,2460.0595703125,2460.697509765625,2460.53076171875,2458.8623046875,2460.310546875,2522.0,2282.0
240.5,2436.5947265625,2460.8935546875,2460.8935546875,2460.8935546875,2460.0595703125,2460.697509765625,2460.530517578125,2458.8623046875,2460.310546875,2522.0,2282.0
240.75,2436.594482421875,2460.8935546875,2460.8935546875,2460.8935546875,2460.0595703125,2460.697509765625,2460.53076171875,2458.862548828125,2460.310791015625,2522.0,2282.0
241.0,2436.594482421875,2460.8935546875,2460.8935546875,2460.8935546875,2460.0595703125,2460.697509765625,2460.530517578125,2458.8623046875,2460.310546875,2522.0,2282.0
241.25,2436.60009765625,2460.8935546875,2460.8935546875,2460.8935546875,2460.0595703125,2460.697509765625,2460.53076171875,2458.8623046875,2460.310546875,2522.0,2282.0
241.5,2436.594482421875,2460.8935546875,2460.8935546875,2462.223388671875,2460.0595703125,2460.697509765625,2461.8603515625,2458.8623046875,2461.64013671875,2522.0,2282.0
241.75,2436.59521484375,2460.8935546875,2460.8935546875,2460.8935546875,2460.0595703125,2460.697509765625,2460.53076171875,2458.8623046875,2460.310546875,2522.0,2282.0
242.0,2438.833984375,2462.223388671875,2460.8935546875,2460.8935546875,2460.02001953125,2461.955810546875,2460.45947265625,2460.082763671875,2460.203125,2522.0,2282.0
242.25,2438.833984375,2460.8935546875,2460.8935546875,2460.8935546875,2460.02001953125,2460.626220703125,2460.45947265625,2458.75341796875,2460.203125,2522.0,2282.0
242.5,2438.833984375,2460.8935546875,2462.223388671875,2460.8935546875,2460.02001953125,2460.626220703125,2460.45947265625,2458.75341796875,2460.203125,2522.0,2282.0
242.75,2438.834228515625,2460.8935546875,2460.8935546875,2460.8935546875,2460.02001953125,2460.626220703125,2460.45947265625,2458.753173828125,2460.203125,2522.0,2282.0
243.0,2438.8388671875,2460.8935546875,2460.8935546875,2460.8935546875,2460.02001953125,2460.626220703125,2460.45947265625,2458.75341796875,2460.203125,2522.0,2282.0
243.25,2438.8388671875,2460.8935546875,2460.8935546875,2460.8935546875,2460.02001953125,2460.626220703125,2460.45947265625,2458.753173828125,2460.203125,2522.0,2282.0
243.5,2438.834228515625,2460.8935546875,2460.8935546875,2462.223388671875,2460.02001953125,2460.626220703125,2461.7890625,2458.75341796875,2461.53271484375,2522.0,2282.0
243.75,2437.29248046875,2460.8935546875,2460.8935546875,2460.8935546875,2460.071533203125,2460.64599609375,2460.47900390625,2458.78125,2460.340087890625,2522.0,2282.0
244.0,2437.291259765625,2460.8935546875,2460.8935546875,2460.8935546875,2460.071533203125,2460.64599609375,2460.47900390625,2458.78125,2460.340087890625,2522.0,2282.0
244.25,2437.29248046875,2460.8935546875,2460.8935546875,2460.8935546875,2460.071533203125,2460.64599609375,2460.47900390625,2458.78125,2460.340087890625,2522.0,2282.0
244.5,2437.29150390625,2460.8935546875,2462.223388671875,2460.8935546875,2461.40087890625,2460.64599609375,2460.47900390625,2458.78125,2460.340087890625,2522.0,2282.0
244.75,2437.291259765625,2460.8935546875,2460.8935546875,2460.8935546875,2460.071533203125,2460.64599609375,2460.47900390625,2458.78125,2460.34033203125,2522.0,2282.0
245.0,2437.29150390625,2460.8935546875,2460.8935546875,2460.8935546875,2460.071533203125,2460.64599609375,2460.47900390625,2458.78125,2460.340087890625,2522.0,2282.0
245.25,2438.611572265625,2460.8935546875,2460.8935546875,2460.8935546875,2460.0712890625,2460.64599609375,2460.47900390625,2458.78125,2460.340087890625,2522.0,2282.0
245.5,2437.29150390625,2460.8935546875,2460.8935546875,2460.8935546875,2460.071533203125,2460.64599609375,2460.47900390625,2458.78125,2460.340087890625,2522.0,2282.0
245.75,2437.1015625,2460.8935546875,2460.8935546875,2460.8935546875,2460.094482421875,2460.636962890625,2460.533203125,2458.802978515625,2460.361572265625,2522.0,2282.0
246.0,2437.103515625,2462.223388671875,2460.8935546875,2460.8935546875,2460.0947265625,2460.63720703125,2460.533203125,2458.803955078125,2460.361572265625,2522.0,2282.0
246.25,2437.10205078125,2460.8935546875,2460.8935546875,2460.8935546875,2460.0947265625,2460.636962890625,2460.533203125,2458.802978515625,2460.361572265625,2522.0,2282.0
246.5,2437.103271484375,2460.8935546875,2460.8935546875,2460.8935546875,2460.0947265625,2460.63720703125,2460.533203125,2458.80322265625,2460.361572265625,2522.0,2282.0
246.75,2437.102294921875,2460.8935546875,2462.223388671875,2460.8935546875,2461.424072265625,2460.636962890625,2460.533203125,2458.802978515625,2460.361572265625,2522.0,2282.0
247.0,2437.10205078125,2460.8935546875,2460.8935546875,2460.8935546875,2460.0947265625,2460.63720703125,2460.533203125,2458.80322265625,2460.361572265625,2522.0,2282.0
247.25,2437.10205078125,2460.8935546875,2460.8935546875,2460.8935546875,2460.0947265625,2460.636962890625,2460.533203125,2458.802978515625,2460.361572265625,2522.0,2282.0
247.5,2437.107177734375,2460.8935546875,2460.8935546875,2460.8935546875,2460.0947265625,2460.63720703125,2460.533203125,2458.802978515625,2460.361572265625,2522.0,2282.0
247.75,2436.49560546875,2460.8935546875,2460.8935546875,2460.8935546875,2460.085693359375,2460.596435546875,2460.65087890625,2458.581787109375,2460.471435546875,2522.0,2282.0
248.0,2436.49609375,2460.8935546875,2460.8935546875,2460.8935546875,2460.085693359375,2460.596435546875,2460.65087890625,2458.58203125,2460.471435546875,2522.0,2282.0
248.25,2436.497314453125,2462.223388671875,2460.8935546875,2460.8935546875,2460.085693359375,2460.596435546875,2460.65087890625,2458.582763671875,2460.471435546875,2522.0,2282.0
248.5,2436.495849609375,2460.8935546875,2460.8935546875,2460.8935546875,2460.085693359375,2460.596435546875,2460.65087890625,2458.58203125,2460.471435546875,2522.0,2282.0
248.75,2436.497314453125,2460.8935546875,2460.8935546875,2460.8935546875,2460.085693359375,2460.596435546875,2460.65087890625,2458.581787109375,2460.471435546875,2522.0,2282.0
249.0,2436.496337890625,2460.8935546875,2462.223388671875,2460.8935546875,2461.415283203125,2460.596435546875,2460.65087890625,2458.581787109375,2460.471435546875,2522.0,2282.0
249.25,2436.49609375,2460.8935546875,2460.8935546875,2460.8935546875,2460.085693359375,2460.59619140625,2460.65087890625,2458.581787109375,2460.4716796875,2522.0,2282.0
249.5,2436.49609375,2460.8935546875,2460.8935546875,2460.8935546875,2460.085693359375,2460.59619140625,2460.65087890625,2458.581787109375,2460.471435546875,2522.0,2282.0
249.75,2435.77880859375,2460.8935546875,2460.8935546875,2460.8935546875,2460.140869140625,2460.65087890625,2460.6103515625,2458.595947265625,2460.5400390625,2522.0,2282.0
250.0,2435.77294921875,2460.8935546875,2460.8935546875,2460.8935546875,2460.140869140625,2460.65087890625,2460.6103515625,2458.595703125,2460.5400390625,2522.0,2282.0
250.25,2435.77294921875,2460.8935546875,2460.8935546875,2460.8935546875,2460.140869140625,2460.65087890625,2460.6103515625,2458.595947265625,2460.5400390625,2522.0,2282.0
250.5,2435.77392578125,2460.8935546875,2460.8935546875,2460.8935546875,2460.140869140625,2461.98046875,2460.6103515625,2459.92431640625,2460.539794921875,2522.0,2282.0
250.75,2435.772705078125,2460.8935546875,2460.8935546875,2460.8935546875,2460.140869140625,2460.65087890625,2460.6103515625,2458.595947265625,2460.5400390625,2522.0,2282.0
251.0,2435.77392578125,2460.8935546875,2460.8935546875,2460.8935546875,2460.140869140625,2460.65087890625,2460.6103515625,2458.595703125,2460.5400390625,2522.0,2282.0
251.25,2435.773193359375,2460.8935546875,2462.223388671875,2460.8935546875,2461.47021484375,2460.65087890625,2460.6103515625,2458.595947265625,2460.5400390625,2522.0,2282.0
251.5,2435.772705078125,2460.8935546875,2460.8935546875,2460.8935546875,2460.140869140625,2460.65087890625,2460.6103515625,2458.59619140625,2460.5400390625,2522.0,2282.0
251.75,2437.865966796875,2460.8935546875,2460.8935546875,2460.8935546875,2460.15283203125,2460.471923828125,2460.685302734375,2458.413818359375,2460.4150390625,2522.0,2282.0
252.0,2437.865478515625,2460.8935546875,2460.8935546875,2460.8935546875,2460.15283203125,2460.471923828125,2460.685302734375,2458.413818359375,2460.4150390625,2522.0,2282.0
252.25,2437.865234375,2460.8935546875,2460.8935546875,2462.223388671875,2460.15283203125,2460.471923828125,2462.01513671875,2458.413818359375,2461.74462890625,2522.0,2282.0
252.5,2437.8662109375,2462.223388671875,2460.8935546875,2460.8935546875,2460.15283203125,2461.801513671875,2460.685302734375,2459.7431640625,2460.4150390625,2522.0,2282.0
252.75,2437.8662109375,2460.8935546875,2460.8935546875,2460.8935546875,2460.15283203125,2461.801513671875,2460.685302734375,2459.7421875,2460.4150390625,2522.0,2282.0
253.0,2437.865234375,2460.8935546875,2460.8935546875,2460.8935546875,2460.15283203125,2460.471923828125,2460.685302734375,2458.413818359375,2460.4150390625,2522.0,2282.0
253.25,2437.864990234375,2460.8935546875,2462.223388671875,2460.8935546875,2461.482421875,2460.471923828125,2460.685302734375,2458.413818359375,2460.4150390625,2522.0,2282.0
253.5,2437.865234375,2460.8935546875,2462.223388671875,2460.8935546875,2461.482421875,2460.471923828125,2460.685302734375,2458.413818359375,2460.415283203125,2522.0,2282.0
253.75,2436.420166015625,2460.8935546875,2460.8935546875,2460.8935546875,2460.214111328125,2460.468994140625,2460.650390625,2458.819091796875,2460.267822265625,2522.0,2282.0
254.0,2436.420166015625,2460.8935546875,2460.8935546875,2460.8935546875,2460.214111328125,2460.468994140625,2460.650634765625,2458.818603515625,2460.267578125,2522.0,2282.0
254.25,2436.42578125,2460.8935546875,2460.8935546875,2460.8935546875,2460.214111328125,2460.468994140625,2460.650390625,2458.818603515625,2460.267578125,2522.0,2282.0
254.5,2436.4228515625,2460.8935546875,2460.8935546875,2460.8935546875,2460.214111328125,2460.468994140625,2460.650634765625,2458.818603515625,2460.267578125,2522.0,2282.0
254.75,2436.4208984375,2460.8935546875,2460.8935546875,2460.8935546875,2460.214111328125,2460.468994140625,2460.650390625,2458.818115234375,2460.267578125,2522.0,2282.0
255.0,2436.420166015625,2460.8935546875,2460.8935546875,2460.8935546875,2460.2138671875,2461.798583984375,2460.650634765625,2460.1474609375,2460.267578125,2522.0,2282.0
255.25,2436.421142578125,2460.8935546875,2460.8935546875,2460.8935546875,2460.214111328125,2460.468994140625,2460.650390625,2458.818603515625,2460.267578125,2522.0,2282.0
255.5,2436.420166015625,2460.8935546875,2460.8935546875,2460.8935546875,2460.214111328125,2460.468994140625,2460.650390625,2458.818603515625,2460.267578125,2522.0,2282.0
255.75,2436.810791015625,2460.8935546875,2462.223388671875,2460.8935546875,2461.578857421875,2460.3447265625,2460.716552734375,2459.00390625,2460.06787109375,2522.0,2282.0
256.0,2436.81103515625,2460.8935546875,2460.8935546875,2460.8935546875,2460.249267578125,2460.3447265625,2460.716552734375,2459.00390625,2460.06787109375,2522.0,2282.0
256.25,2436.81103515625,2460.8935546875,2460.8935546875,2460.8935546875,2460.249267578125,2460.3447265625,2460.716552734375,2459.004150390625,2460.067626953125,2522.0,2282.0
256.5,2436.8134765625,2460.8935546875,2460.8935546875,2462.223388671875,2460.249267578125,2460.3447265625,2462.04638671875,2459.00390625,2461.397216796875,2522.0,2282.0
256.75,2436.81201171875,2460.8935546875,2460.8935546875,2460.8935546875,2460.249267578125,2460.3447265625,2460.716552734375,2459.004150390625,2460.067626953125,2522.0,2282.0
257.0,2436.81201171875,2460.8935546875,2460.8935546875,2460.8935546875,2460.249267578125,2460.3447265625,2460.716552734375,2459.00390625,2460.067626953125,2522.0,2282.0
257.25,2436.81103515625,2460.8935546875,2460.8935546875,2460.8935546875,2460.249267578125,2460.3447265625,2460.716552734375,2459.00390625,2460.067626953125,2522.0,2282.0
257.5,2436.810791015625,2460.8935546875,2460.8935546875,2460.8935546875,2460.249267578125,2460.3447265625,2460.716552734375,2459.00390625,2460.067626953125,2522.0,2282.0
257.75,2457.891357421875,2460.8935546875,2462.223388671875,2460.8935546875,2462.39697265625,2460.711669921875,2461.10888671875,2461.302001953125,2461.0234375,2522.0,2282.0
258.0,2457.8916015625,2460.8935546875,2460.8935546875,2460.8935546875,2461.06689453125,2460.711669921875,2461.109130859375,2461.302001953125,2461.0234375,2522.0,2282.0
258.25,2457.89208984375,2460.8935546875,2460.8935546875,2460.8935546875,2461.06689453125,2460.711669921875,2461.109130859375,2461.302001953125,2461.0234375,2522.0,2282.0
258.5,2457.89208984375,2460.8935546875,2460.8935546875,2460.8935546875,2461.06689453125,2460.711669921875,2461.109130859375,2461.302001953125,2461.023681640625,2522.0,2282.0
258.75,2457.89208984375,2460.8935546875,2460.8935546875,2462.223388671875,2461.06689453125,2460.711669921875,2461.10888671875,2461.302001953125,2462.353515625,2522.0,2282.0
259.0,2457.89208984375,2462.223388671875,2460.8935546875,2460.8935546875,2461.06689453125,2460.711669921875,2461.109130859375,2462.632080078125,2461.023681640625,2522.0,2282.0
259.25,2457.89208984375,2462.223388671875,2460.8935546875,2460.8935546875,2461.06689453125,2462.041259765625,2461.109130859375,2462.632080078125,2461.0234375,2522.0,2282.0
259.5,2457.89208984375,2460.8935546875,2460.8935546875,2460.8935546875,2461.06689453125,2460.711669921875,2461.109130859375,2461.302001953125,2461.023681640625,2522.0,2282.0
259.75,2459.9345703125,2460.8935546875,2460.8935546875,2460.8935546875,2461.034423828125,2460.743408203125,2461.10888671875,2461.242919921875,2461.074462890625,2522.0,2282.0
260.0,2458.6044921875,2460.8935546875,2462.223388671875,2460.8935546875,2462.364501953125,2460.74365234375,2461.10888671875,2461.242919921875,2461.074462890625,2522.0,2282.0
260.25,2458.60546875,2460.8935546875,2460.8935546875,2460.8935546875,2461.034423828125,2460.743408203125,2461.10888671875,2461.242919921875,2461.074462890625,2522.0,2282.0
260.5,2458.606201171875,2460.8935546875,2460.8935546875,2460.8935546875,2461.034423828125,2460.74365234375,2461.10888671875,2461.242919921875,2461.074462890625,2522.0,2282.0
260.75,2458.606201171875,2460.8935546875,2460.8935546875,2460.8935546875,2461.034423828125,2460.74365234375,2461.10888671875,2461.242919921875,2461.074462890625,2522.0,2282.0
261.0,2458.606201171875,2460.8935546875,2460.8935546875,2462.223388671875,2461.034423828125,2460.74365234375,2461.10888671875,2461.242919921875,2462.404296875,2522.0,2282.0
261.25,2458.606201171875,2460.8935546875,2460.8935546875,2460.8935546875,2461.034423828125,2460.743408203125,2461.10888671875,2461.242919921875,2461.074462890625,2522.0,2282.0
261.5,2458.60595703125,2462.223388671875,2460.8935546875,2460.8935546875,2461.034423828125,2462.0732421875,2461.108642578125,2462.572998046875,2461.074462890625,2522.0,2282.0
261.75,2457.69091796875,2460.8935546875,2460.8935546875,2460.8935546875,2461.164306640625,2460.74560546875,2461.204833984375,2461.0517578125,2461.15869140625,2522.0,2282.0
262.0,2457.68994140625,2460.8935546875,2460.8935546875,2460.8935546875,2461.164306640625,2460.74560546875,2461.204833984375,2461.0517578125,2461.15869140625,2522.0,2282.0
262.25,2457.69091796875,2460.8935546875,2460.8935546875,2460.8935546875,2461.164306640625,2460.74560546875,2461.204833984375,2461.0517578125,2461.15869140625,2522.0,2282.0
262.5,2457.690673828125,2460.8935546875,2460.8935546875,2460.8935546875,2461.164306640625,2460.74560546875,2461.204833984375,2461.0517578125,2461.15869140625,2522.0,2282.0
262.75,2457.690673828125,2460.8935546875,2460.8935546875,2460.8935546875,2461.164306640625,2460.74560546875,2461.204833984375,2461.0517578125,2461.15869140625,2522.0,2282.0
263.0,2457.69091796875,2460.8935546875,2460.8935546875,2460.8935546875,2461.164306640625,2460.74560546875,2461.204833984375,2461.0517578125,2461.157470703125,2522.0,2282.0
263.25,2457.690673828125,2460.8935546875,2460.8935546875,2462.223388671875,2461.164306640625,2460.74560546875,2461.204833984375,2461.0517578125,2462.48876953125,2522.0,2282.0
263.5,2457.690673828125,2462.223388671875,2460.8935546875,2460.8935546875,2461.164306640625,2460.74560546875,2461.204833984375,2462.3818359375,2461.15869140625,2522.0,2282.0
263.75,2457.155029296875,2462.223388671875,2460.8935546875,2460.8935546875,2461.17626953125,2462.119384765625,2461.058837890625,2462.35986328125,2461.137451171875,2522.0,2282.0
264.0,2457.155029296875,2460.8935546875,2460.8935546875,2460.8935546875,2461.17626953125,2460.78955078125,2461.058837890625,2461.030029296875,2461.13720703125,2522.0,2282.0
264.25,2458.48291015625,2460.8935546875,2460.8935546875,2460.8935546875,2461.17626953125,2460.78955078125,2461.058837890625,2461.030029296875,2461.137451171875,2522.0,2282.0
264.5,2457.154052734375,2460.8935546875,2462.223388671875,2460.8935546875,2462.50634765625,2460.78955078125,2461.058837890625,2461.030029296875,2461.13720703125,2522.0,2282.0
264.75,2457.15478515625,2460.8935546875,2460.8935546875,2460.8935546875,2461.17626953125,2460.78955078125,2461.058837890625,2461.02978515625,2461.13720703125,2522.0,2282.0
265.0,2457.155029296875,2460.8935546875,2460.8935546875,2460.8935546875,2461.17626953125,2460.78955078125,2461.058837890625,2461.030029296875,2461.137451171875,2522.0,2282.0
265.25,2457.155029296875,2460.8935546875,2460.8935546875,2460.8935546875,2461.17626953125,2460.78955078125,2461.058837890625,2461.030029296875,2461.137451171875,2522.0,2282.0
265.5,2457.155029296875,2460.8935546875,2460.8935546875,2462.223388671875,2461.17626953125,2460.78955078125,2461.058837890625,2461.030029296875,2462.46728515625,2522.0,2282.0
265.75,2458.781494140625,2460.8935546875,2460.8935546875,2462.223388671875,2461.037353515625,2460.905517578125,2462.252197265625,2461.21337890625,2462.429931640625,2522.0,2282.0
266.0,2458.781494140625,2462.223388671875,2460.8935546875,2460.8935546875,2461.037353515625,2462.235595703125,2460.92236328125,2462.54345703125,2461.099853515625,2522.0,2282.0
266.25,2458.781494140625,2460.8935546875,2460.8935546875,2460.8935546875,2461.037353515625,2460.905517578125,2460.92236328125,2461.21337890625,2461.099853515625,2522.0,2282.0
266.5,2460.110107421875,2460.8935546875,2460.8935546875,2460.8935546875,2461.037353515625,2460.905517578125,2460.92236328125,2461.21337890625,2461.099853515625,2522.0,2282.0
266.75,2458.780029296875,2460.8935546875,2462.223388671875,2460.8935546875,2462.367431640625,2460.905517578125,2460.92236328125,2461.21337890625,2461.099853515625,2522.0,2282.0
267.0,2458.78125,2460.8935546875,2460.8935546875,2460.8935546875,2461.037353515625,2460.905517578125,2460.92236328125,2461.21337890625,2461.099853515625,2522.0,2282.0
267.25,2458.781494140625,2460.8935546875,2460.8935546875,2460.8935546875,2461.037353515625,2460.905517578125,2460.92236328125,2461.21337890625,2461.099853515625,2522.0,2282.0
267.5,2458.781494140625,2460.8935546875,2460.8935546875,2460.8935546875,2461.037353515625,2460.905517578125,2460.92236328125,2461.21337890625,2461.099853515625,2522.0,2282.0
267.75,2456.678466796875,2460.8935546875,2460.8935546875,2460.8935546875,2461.115234375,2460.91943359375,2460.967529296875,2461.2490234375,2461.189697265625,2522.0,2282.0
268.0,2456.6787109375,2460.8935546875,2460.8935546875,2460.8935546875,2461.115478515625,2460.91943359375,2460.967529296875,2461.2490234375,2461.189697265625,2522.0,2282.0
268.25,2456.678466796875,2462.223388671875,2460.8935546875,2460.8935546875,2461.115234375,2462.249267578125,2460.967529296875,2462.5791015625,2461.189697265625,2522.0,2282.0
268.5,2456.678466796875,2460.8935546875,2460.8935546875,2460.8935546875,2461.115234375,2460.91943359375,2460.967529296875,2461.2490234375,2461.189697265625,2522.0,2282.0
268.75,2456.678466796875,2460.8935546875,2460.8935546875,2460.8935546875,2461.115234375,2460.91943359375,2460.967529296875,2461.2490234375,2461.189697265625,2522.0,2282.0
269.0,2458.006103515625,2460.8935546875,2462.223388671875,2460.8935546875,2462.4453125,2460.91943359375,2460.967529296875,2461.2490234375,2461.189697265625,2522.0,2282.0
269.25,2456.67822265625,2460.8935546875,2460.8935546875,2460.8935546875,2461.115234375,2460.91943359375,2460.967529296875,2461.248779296875,2461.189453125,2522.0,2282.0
269.5,2456.678466796875,2460.8935546875,2460.8935546875,2460.8935546875,2461.115234375,2460.91943359375,2460.967529296875,2461.2490234375,2461.189697265625,2522.0,2282.0
269.75,2459.786865234375,2460.8935546875,2460.8935546875,2460.8935546875,2460.95947265625,2460.8916015625,2460.87744140625,2461.030029296875,2461.137451171875,2522.0,2282.0
270.0,2459.78662109375,2460.8935546875,2460.8935546875,2462.223388671875,2460.95947265625,2460.8916015625,2460.87744140625,2461.030029296875,2462.46728515625,2522.0,2282.0
270.25,2459.786376953125,2460.8935546875,2460.8935546875,2462.223388671875,2460.95947265625,2460.8916015625,2462.20703125,2461.030029296875,2462.46728515625,2522.0,2282.0
270.5,2459.786865234375,2462.223388671875,2460.8935546875,2460.8935546875,2460.95947265625,2462.221435546875,2460.87744140625,2462.35986328125,2461.137451171875,2522.0,2282.0
270.75,2459.78662109375,2460.8935546875,2460.8935546875,2460.8935546875,2460.95947265625,2460.8916015625,2460.877197265625,2461.030029296875,2461.13720703125,2522.0,2282.0
271.0,2461.115966796875,2460.8935546875,2460.8935546875,2460.8935546875,2460.95947265625,2460.8916015625,2460.87744140625,2461.030029296875,2461.137451171875,2522.0,2282.0
271.25,2459.7861328125,2460.8935546875,2462.223388671875,2460.8935546875,2462.28955078125,2460.8916015625,2460.877197265625,2461.030029296875,2461.13720703125,2522.0,2282.0
271.5,2459.78662109375,2460.8935546875,2460.8935546875,2460.8935546875,2460.95947265625,2460.8916015625,2460.87744140625,2461.02978515625,2461.13720703125,2522.0,2282.0
271.75,2459.416015625,2460.8935546875,2460.8935546875,2460.8935546875,2460.970458984375,2460.93408203125,2460.98291015625,2461.140380859375,2461.08251953125,2522.0,2282.0
272.0,2459.416015625,2460.8935546875,2460.8935546875,2460.8935546875,2460.970458984375,2460.93408203125,2460.98291015625,2461.140380859375,2461.08251953125,2522.0,2282.0
272.25,2459.416015625,2460.8935546875,2460.8935546875,2462.223388671875,2460.970458984375,2460.934326171875,2460.98291015625,2461.140380859375,2462.412353515625,2522.0,2282.0
272.5,2459.415771484375,2460.8935546875,2460.8935546875,2462.223388671875,2460.970458984375,2460.93408203125,2462.312744140625,2461.140380859375,2462.412353515625,2522.0,2282.0
272.75,2459.415771484375,2462.223388671875,2460.8935546875,2460.8935546875,2460.970458984375,2462.26416015625,2460.98291015625,2462.470458984375,2461.08251953125,2522.0,2282.0
273.0,2459.416015625,2460.8935546875,2460.8935546875,2460.8935546875,2460.970458984375,2460.93408203125,2460.98291015625,2461.140380859375,2461.08251953125,2522.0,2282.0
273.25,2459.414306640625,2460.8935546875,2460.8935546875,2460.8935546875,2460.970458984375,2460.934326171875,2460.98291015625,2461.140380859375,2461.08251953125,2522.0,2282.0
273.5,2459.41552734375,2460.8935546875,2460.8935546875,2460.8935546875,2460.970458984375,2460.93408203125,2460.98291015625,2461.140380859375,2461.08251953125,2522.0,2282.0
273.75,2460.48828125,2460.8935546875,2460.8935546875,2460.8935546875,2460.900634765625,2460.927978515625,2461.103515625,2461.12646484375,2461.01416015625,2522.0,2282.0
274.0,2460.48876953125,2460.8935546875,2460.8935546875,2460.8935546875,2460.900634765625,2460.927978515625,2461.103515625,2461.12646484375,2461.01416015625,2522.0,2282.0
274.25,2460.48876953125,2460.8935546875,2460.8935546875,2460.8935546875,2460.900634765625,2460.927978515625,2461.103515625,2461.12646484375,2461.01416015625,2522.0,2282.0
274.5,2460.48876953125,2460.8935546875,2460.8935546875,2462.223388671875,2460.900634765625,2460.927978515625,2461.103515625,2461.12646484375,2462.343994140625,2522.0,2282.0
274.75,2460.48876953125,2460.8935546875,2460.8935546875,2462.223388671875,2460.900634765625,2460.927978515625,2462.433349609375,2461.12646484375,2462.343994140625,2522.0,2282.0
275.0,2460.48876953125,2462.223388671875,2460.8935546875,2460.8935546875,2460.900634765625,2462.2578125,2461.103515625,2462.45654296875,2461.01416015625,2522.0,2282.0
275.25,2460.48876953125,2460.8935546875,2460.8935546875,2460.8935546875,2460.900634765625,2460.927978515625,2461.103271484375,2461.12646484375,2461.01416015625,2522.0,2282.0
275.5,2460.486572265625,2460.8935546875,2460.8935546875,2460.8935546875,2460.900634765625,2460.927978515625,2461.103515625,2461.12646484375,2461.01416015625,2522.0,2282.0
275.75,2459.619140625,2460.8935546875,2462.223388671875,2460.8935546875,2462.195556640625,2460.98828125,2461.100341796875,2461.11865234375,2461.05908203125,2522.0,2282.0
276.0,2459.62109375,2460.8935546875,2460.8935546875,2460.8935546875,2460.86572265625,2460.98828125,2461.1005859375,2461.11865234375,2461.06103515625,2522.0,2282.0
276.25,2459.62060546875,2460.8935546875,2460.8935546875,2460.8935546875,2460.86572265625,2460.98828125,2461.100341796875,2461.11865234375,2461.06103515625,2522.0,2282.0
276.5,2459.62060546875,2460.8935546875,2460.8935546875,2460.8935546875,2460.86572265625,2460.98828125,2461.1005859375,2461.11865234375,2461.06103515625,2522.0,2282.0
276.75,2459.620361328125,2460.8935546875,2460.8935546875,2462.223388671875,2460.86572265625,2460.98828125,2461.100341796875,2461.11865234375,2462.390869140625,2522.0,2282.0
277.0,2459.620361328125,2462.223388671875,2460.8935546875,2460.8935546875,2460.86572265625,2460.98828125,2461.1005859375,2462.448486328125,2461.06103515625,2522.0,2282.0
277.25,2459.62060546875,2462.223388671875,2460.8935546875,2460.8935546875,2460.86572265625,2462.318359375,2461.100341796875,2462.448486328125,2461.06103515625,2522.0,2282.0
277.5,2459.62060546875,2460.8935546875,2460.8935546875,2460.8935546875,2460.86572265625,2460.98828125,2461.1005859375,2461.11865234375,2461.06103515625,2522.0,2282.0
277.75,2461.04443359375,2460.8935546875,2460.8935546875,2460.8935546875,2460.746826171875,2461.02880859375,2461.10986328125,2461.148193359375,2461.03564453125,2522.0,2282.0
278.0,2461.046630859375,2460.8935546875,2460.8935546875,2460.8935546875,2460.746826171875,2461.02880859375,2461.10986328125,2461.148193359375,2461.03564453125,2522.0,2282.0
278.25,2461.047119140625,2460.8935546875,2460.8935546875,2460.8935546875,2460.746826171875,2461.02880859375,2461.10986328125,2461.148193359375,2461.035400390625,2522.0,2282.0
278.5,2461.047119140625,2460.8935546875,2460.8935546875,2460.8935546875,2460.746826171875,2461.02880859375,2461.10986328125,2461.148193359375,2461.035400390625,2522.0,2282.0
278.75,2461.047119140625,2460.8935546875,2460.8935546875,2460.8935546875,2460.746826171875,2461.02880859375,2461.10986328125,2461.148193359375,2461.03564453125,2522.0,2282.0
279.0,2461.047119140625,2460.8935546875,2460.8935546875,2462.223388671875,2460.746826171875,2461.02880859375,2461.10986328125,2461.148193359375,2462.365478515625,2522.0,2282.0
279.25,2461.047119140625,2460.8935546875,2460.8935546875,2462.223388671875,2460.746826171875,2461.02880859375,2462.439697265625,2461.148193359375,2462.365478515625,2522.0,2282.0
279.5,2461.047119140625,2462.223388671875,2460.8935546875,2460.8935546875,2460.746826171875,2461.02880859375,2461.10986328125,2462.478271484375,2461.035400390625,2522.0,2282.0
279.75,2459.43505859375,2460.8935546875,2460.8935546875,2460.8935546875,2460.903564453125,2461.0263671875,2460.97998046875,2461.21337890625,2461.099853515625,2522.0,2282.0
280.0,2459.433837890625,2460.8935546875,2460.8935546875,2460.8935546875,2460.903564453125,2461.0263671875,2460.97998046875,2461.21337890625,2461.099853515625,2522.0,2282.0
280.25,2459.43310546875,2460.8935546875,2462.223388671875,2460.8935546875,2462.2333984375,2461.0263671875,2460.97998046875,2461.21337890625,2461.099853515625,2522.0,2282.0
280.5,2459.43505859375,2460.8935546875,2460.8935546875,2460.8935546875,2460.903564453125,2461.0263671875,2460.97998046875,2461.21337890625,2461.099853515625,2522.0,2282.0
280.75,2459.43505859375,2460.8935546875,2460.8935546875,2460.8935546875,2460.903564453125,2461.0263671875,2460.97998046875,2461.21337890625,2461.099853515625,2522.0,2282.0
281.0,2459.43505859375,2460.8935546875,2460.8935546875,2460.8935546875,2460.903564453125,2461.0263671875,2460.97998046875,2461.21337890625,2461.099853515625,2522.0,2282.0
281.25,2459.43505859375,2460.8935546875,2460.8935546875,2460.8935546875,2460.903564453125,2461.0263671875,2460.97998046875,2461.21337890625,2461.099853515625,2522.0,2282.0
281.5,2459.434814453125,2460.8935546875,2460.8935546875,2460.8935546875,2460.903564453125,2461.0263671875,2460.97998046875,2461.21337890625,2461.099853515625,2522.0,2282.0
281.75,2434.77197265625,2462.223388671875,2460.8935546875,2460.8935546875,2460.235595703125,2460.6484375,2460.5439453125,2460.5,2460.28662109375,2522.0,2282.0
282.0,2434.768798828125,2460.8935546875,2460.8935546875,2460.8935546875,2460.235595703125,2460.6484375,2460.5439453125,2459.17041015625,2460.28662109375,2522.0,2282.0
282.25,2434.769775390625,2460.8935546875,2460.8935546875,2460.8935546875,2460.235595703125,2460.6484375,2460.5439453125,2459.17041015625,2460.28662109375,2522.0,2282.0
282.5,2434.768798828125,2460.8935546875,2462.223388671875,2460.8935546875,2461.56494140625,2460.6484375,2460.5439453125,2459.17041015625,2460.28662109375,2522.0,2282.0
282.75,2434.768798828125,2460.8935546875,2460.8935546875,2460.8935546875,2460.235595703125,2460.6484375,2460.5439453125,2459.1708984375,2460.286865234375,2522.0,2282.0
283.0,2434.768798828125,2460.8935546875,2460.8935546875,2460.8935546875,2460.235595703125,2460.6484375,2460.5439453125,2459.17041015625,2460.28662109375,2522.0,2282.0
283.25,2434.77490234375,2460.8935546875,2460.8935546875,2460.8935546875,2460.235595703125,2460.6484375,2460.5439453125,2459.17041015625,2460.28662109375,2522.0,2282.0
283.5,2434.768798828125,2460.8935546875,2460.8935546875,2462.223388671875,2460.235595703125,2460.6484375,2461.87353515625,2459.17041015625,2461.6162109375,2522.0,2282.0
283.75,2434.6513671875,2460.8935546875,2460.8935546875,2460.8935546875,2460.211181640625,2460.62548828125,2460.52099609375,2459.273193359375,2460.278564453125,2522.0,2282.0
284.0,2434.652099609375,2462.223388671875,2460.8935546875,2460.8935546875,2460.211181640625,2460.62548828125,2460.52099609375,2460.60205078125,2460.278564453125,2522.0,2282.0
284.25,2434.6513671875,2460.8935546875,2460.8935546875,2460.8935546875,2460.211181640625,2460.62548828125,2460.52099609375,2459.273193359375,2460.278564453125,2522.0,2282.0
284.5,2434.65234375,2460.8935546875,2460.8935546875,2460.8935546875,2460.211181640625,2460.62548828125,2460.52099609375,2459.273193359375,2460.278564453125,2522.0,2282.0
284.75,2434.65185546875,2460.8935546875,2460.8935546875,2460.8935546875,2460.211181640625,2460.62548828125,2460.52099609375,2459.273193359375,2460.278564453125,2522.0,2282.0
285.0,2434.6513671875,2460.8935546875,2460.8935546875,2460.8935546875,2460.211181640625,2460.62548828125,2460.52099609375,2459.2734375,2460.27880859375,2522.0,2282.0
285.25,2434.6513671875,2460.8935546875,2460.8935546875,2460.8935546875,2460.211181640625,2460.62548828125,2460.52099609375,2459.273193359375,2460.278564453125,2522.0,2282.0
285.5,2435.970458984375,2460.8935546875,2460.8935546875,2460.8935546875,2460.211181640625,2460.62548828125,2460.52099609375,2459.273193359375,2460.278564453125,2522.0,2282.0
285.75,2435.81689453125,2460.8935546875,2460.8935546875,2460.8935546875,2460.178955078125,2460.625244140625,2460.552734375,2459.031982421875,2460.20458984375,2522.0,2282.0
286.0,2435.814208984375,2460.8935546875,2460.8935546875,2460.8935546875,2460.178955078125,2460.625,2460.552734375,2459.031982421875,2460.20458984375,2522.0,2282.0
286.25,2435.8154296875,2462.223388671875,2460.8935546875,2460.8935546875,2460.178955078125,2460.625244140625,2460.552734375,2460.361328125,2460.20458984375,2522.0,2282.0
286.5,2435.814208984375,2460.8935546875,2460.8935546875,2460.8935546875,2460.178955078125,2460.625244140625,2460.552734375,2459.031982421875,2460.20458984375,2522.0,2282.0
286.75,2435.81396484375,2460.8935546875,2460.8935546875,2460.8935546875,2460.178955078125,2460.625244140625,2460.552734375,2459.031982421875,2460.20458984375,2522.0,2282.0
287.0,2435.814697265625,2460.8935546875,2460.8935546875,2460.8935546875,2460.178955078125,2460.625244140625,2460.552734375,2459.031982421875,2460.20458984375,2522.0,2282.0
287.25,2435.814208984375,2460.8935546875,2460.8935546875,2460.8935546875,2460.178955078125,2460.625244140625,2460.552734375,2459.032470703125,2460.204833984375,2522.0,2282.0
287.5,2435.814208984375,2460.8935546875,2460.8935546875,2460.8935546875,2460.178955078125,2460.625244140625,2460.552734375,2459.031982421875,2460.20458984375,2522.0,2282.0
287.75,2436.44091796875,2460.8935546875,2460.8935546875,2460.8935546875,2460.275146484375,2460.561767578125,2460.52099609375,2458.950927734375,2460.234130859375,2522.0,2282.0
288.0,2436.435791015625,2460.8935546875,2460.8935546875,2460.8935546875,2460.27490234375,2460.561767578125,2461.8505859375,2458.950927734375,2460.234130859375,2522.0,2282.0
288.25,2436.4365234375,2460.8935546875,2460.8935546875,2460.8935546875,2460.275146484375,2460.561767578125,2460.52099609375,2458.95166015625,2460.234130859375,2522.0,2282.0
288.5,2436.435791015625,2460.8935546875,2460.8935546875,2460.8935546875,2460.275146484375,2461.891357421875,2460.52099609375,2458.950927734375,2460.234130859375,2522.0,2282.0
288.75,2436.435546875,2460.8935546875,2460.8935546875,2460.893310546875,2460.275146484375,2460.561767578125,2460.52099609375,2458.950927734375,2460.234130859375,2522.0,2282.0
289.0,2436.43603515625,2460.8935546875,2462.223388671875,2460.8935546875,2461.6044921875,2460.561767578125,2460.52099609375,2458.950927734375,2460.234130859375,2522.0,2282.0
289.25,2436.435791015625,2460.8935546875,2460.8935546875,2460.8935546875,2460.275146484375,2460.561767578125,2460.52099609375,2458.950927734375,2460.234375,2522.0,2282.0
289.5,2436.435791015625,2460.8935546875,2460.8935546875,2460.8935546875,2460.275146484375,2460.561767578125,2460.52099609375,2458.950927734375,2460.234130859375,2522.0,2282.0
289.75,2409.247802734375,2460.8935546875,2460.8935546875,2460.8935546875,2459.258544921875,2460.092529296875,2459.99560546875,2455.74560546875,2459.20703125,2522.0,2282.0
290.0,2409.248046875,2460.8935546875,2460.8935546875,2460.8935546875,2459.258544921875,2460.092529296875,2459.99560546875,2455.74560546875,2460.535888671875,2522.0,2282.0
290.25,2409.2451171875,2460.8935546875,2460.8935546875,2462.223388671875,2459.258544921875,2460.092529296875,2461.324951171875,2455.74560546875,2460.535888671875,2522.0,2282.0
290.5,2409.243896484375,2460.8935546875,2460.8935546875,2460.8935546875,2459.258544921875,2460.092529296875,2459.99560546875,2455.745361328125,2459.206787109375,2522.0,2282.0
290.75,2410.556884765625,2460.8935546875,2460.8935546875,2460.8935546875,2459.258544921875,2461.422119140625,2459.99560546875,2457.072509765625,2459.206787109375,2522.0,2282.0
291.0,2410.556884765625,2460.8935546875,2460.8935546875,2460.8935546875,2459.258544921875,2460.092529296875,2459.99560546875,2455.745361328125,2459.20703125,2522.0,2282.0
291.25,2409.244140625,2460.8935546875,2460.8935546875,2460.8935546875,2459.2587890625,2460.092529296875,2459.99560546875,2455.745361328125,2459.20703125,2522.0,2282.0
291.5,2409.244140625,2460.8935546875,2460.8935546875,2460.8935546875,2459.258544921875,2460.092529296875,2459.99560546875,2455.745361328125,2459.20751953125,2522.0,2282.0
291.75,2409.643798828125,2460.8935546875,2460.8935546875,2460.8935546875,2459.317626953125,2460.091796875,2459.9306640625,2455.60595703125,2459.2880859375,2522.0,2282.0
292.0,2409.645263671875,2460.8935546875,2460.8935546875,2460.8935546875,2459.317626953125,2460.091796875,2459.9306640625,2455.60498046875,2459.28759765625,2522.0,2282.0
292.25,2409.64794921875,2460.8935546875,2460.8935546875,2460.8935546875,2459.317626953125,2460.091796875,2459.9306640625,2455.60498046875,2460.616455078125,2522.0,2282.0
292.5,2409.643798828125,2460.8935546875,2460.8935546875,2460.8935546875,2459.317626953125,2460.091796875,2459.9306640625,2455.60498046875,2459.28759765625,2522.0,2282.0
292.75,2409.643798828125,2460.8935546875,2460.8935546875,2460.8935546875,2459.317626953125,2460.091796875,2459.9306640625,2455.60498046875,2459.28759765625,2522.0,2282.0
293.0,2410.95654296875,2460.8935546875,2460.8935546875,2460.8935546875,2459.317626953125,2461.421142578125,2459.9306640625,2456.93212890625,2459.28759765625,2522.0,2282.0
293.25,2409.651611328125,2460.8935546875,2460.8935546875,2460.8935546875,2459.317626953125,2460.091796875,2459.9306640625,2455.60498046875,2459.28759765625,2522.0,2282.0
293.5,2409.645263671875,2460.8935546875,2460.8935546875,2460.8935546875,2459.317626953125,2460.091796875,2459.9306640625,2455.605224609375,2459.28759765625,2522.0,2282.0
293.75,2408.679443359375,2460.8935546875,2460.8935546875,2460.8935546875,2459.472412109375,2459.95849609375,2459.95556640625,2455.81103515625,2459.271484375,2522.0,2282.0
294.0,2408.6796875,2460.8935546875,2460.8935546875,2460.8935546875,2459.472412109375,2459.95849609375,2459.95556640625,2455.81103515625,2459.271484375,2522.0,2282.0
294.25,2408.678955078125,2460.8935546875,2460.8935546875,2460.8935546875,2459.472412109375,2459.95849609375,2459.95556640625,2455.81103515625,2459.271484375,2522.0,2282.0
294.5,2408.6826171875,2460.8935546875,2460.8935546875,2460.8935546875,2459.472412109375,2459.95849609375,2459.95556640625,2455.81103515625,2460.6005859375,2522.0,2282.0
294.75,2408.6796875,2460.8935546875,2460.8935546875,2460.8935546875,2459.472412109375,2459.95849609375,2459.95556640625,2455.81103515625,2459.271484375,2522.0,2282.0
295.0,2408.6826171875,2462.223388671875,2460.8935546875,2460.8935546875,2459.47265625,2461.287841796875,2459.95556640625,2457.13818359375,2459.271484375,2522.0,2282.0
295.25,2408.6796875,2460.8935546875,2460.8935546875,2460.8935546875,2459.472412109375,2461.287841796875,2459.95556640625,2457.13818359375,2459.271484375,2522.0,2282.0
295.5,2408.68017578125,2460.8935546875,2460.8935546875,2460.8935546875,2459.472412109375,2459.95849609375,2459.95556640625,2455.81103515625,2459.271484375,2522.0,2282.0
295.75,2408.686279296875,2460.8935546875,2462.223388671875,2460.8935546875,2460.80908203125,2459.995849609375,2459.866455078125,2455.824951171875,2459.340576171875,2522.0,2282.0
296.0,2408.68603515625,2460.8935546875,2460.8935546875,2460.8935546875,2459.47998046875,2459.99609375,2459.866455078125,2455.826171875,2459.340576171875,2522.0,2282.0
296.25,2408.686279296875,2460.8935546875,2460.8935546875,2460.8935546875,2459.47998046875,2459.99609375,2459.866455078125,2455.824951171875,2459.340087890625,2522.0,2282.0
296.5,2408.690185546875,2460.8935546875,2460.8935546875,2460.8935546875,2459.47998046875,2459.99609375,2459.866455078125,2455.824951171875,2459.340087890625,2522.0,2282.0
296.75,2408.68603515625,2460.8935546875,2460.8935546875,2462.223388671875,2459.47998046875,2459.99609375,2461.19580078125,2455.8251953125,2459.340087890625,2522.0,2282.0
297.0,2408.68603515625,2460.8935546875,2460.8935546875,2460.8935546875,2459.47998046875,2459.99609375,2461.19580078125,2455.8251953125,2459.340087890625,2522.0,2282.0
297.25,2408.68603515625,2462.223388671875,2460.8935546875,2460.8935546875,2459.47998046875,2461.325439453125,2459.866455078125,2457.152099609375,2459.340087890625,2522.0,2282.0
297.5,2409.996826171875,2460.8935546875,2460.8935546875,2460.8935546875,2459.47998046875,2459.99609375,2459.866455078125,2455.8251953125,2459.340087890625,2522.0,2282.0
297.75,2415.350830078125,2460.8935546875,2462.223388671875,2460.8935546875,2460.850341796875,2460.228759765625,2460.002685546875,2456.28515625,2459.62939453125,2522.0,2282.0
298.0,2415.349609375,2460.8935546875,2462.223388671875,2460.8935546875,2460.850341796875,2460.22900390625,2460.00244140625,2456.285400390625,2459.62939453125,2522.0,2282.0
298.25,2415.349609375,2460.8935546875,2460.8935546875,2460.8935546875,2459.521240234375,2460.228759765625,2460.002685546875,2456.2861328125,2459.6298828125,2522.0,2282.0
298.5,2415.352783203125,2460.8935546875,2460.8935546875,2460.8935546875,2459.521240234375,2460.22900390625,2460.00244140625,2456.285400390625,2459.62939453125,2522.0,2282.0
298.75,2415.35302734375,2460.8935546875,2460.8935546875,2460.8935546875,2459.521240234375,2460.228759765625,2460.002685546875,2456.285400390625,2459.62939453125,2522.0,2282.0
299.0,2415.350830078125,2460.8935546875,2460.8935546875,2460.8935546875,2459.521240234375,2460.22900390625,2460.002685546875,2456.28515625,2460.958740234375,2522.0,2282.0
299.25,2415.349609375,2460.8935546875,2460.8935546875,2460.8935546875,2459.521240234375,2460.228759765625,2460.002685546875,2456.286865234375,2459.62939453125,2522.0,2282.0
299.5,2415.35498046875,2462.223388671875,2460.8935546875,2460.8935546875,2459.521240234375,2461.558349609375,2460.002685546875,2457.6142578125,2459.62939453125,2522.0,2282.0
299.75,2415.459716796875,2460.8935546875,2460.8935546875,2460.8935546875,2459.42822265625,2460.232177734375,2460.069580078125,2456.46923828125,2459.592041015625,2522.0,2282.0
300.0,2415.45947265625,2460.8935546875,2460.8935546875,2460.8935546875,2459.42822265625,2460.232177734375,2460.069580078125,2456.46923828125,2459.592041015625,2522.0,2282.0
300.25,2415.45947265625,2460.8935546875,2462.223388671875,2460.8935546875,2460.75732421875,2460.232177734375,2460.069580078125,2456.46923828125,2459.592529296875,2522.0,2282.0
300.5,2415.461181640625,2460.8935546875,2460.8935546875,2460.8935546875,2459.42822265625,2460.232177734375,2460.069580078125,2456.46923828125,2459.59228515625,2522.0,2282.0
300.75,2415.45947265625,2460.8935546875,2460.8935546875,2460.8935546875,2459.42822265625,2460.232177734375,2460.069580078125,2456.46923828125,2459.592041015625,2522.0,2282.0
301.0,2415.462890625,2460.8935546875,2460.8935546875,2460.8935546875,2459.42822265625,2460.232177734375,2460.069580078125,2456.46923828125,2459.592041015625,2522.0,2282.0
301.25,2415.46044921875,2460.8935546875,2460.8935546875,2462.223388671875,2459.42822265625,2460.232177734375,2461.399169921875,2456.46923828125,2459.592041015625,2522.0,2282.0
301.5,2416.7646484375,2460.8935546875,2460.8935546875,2460.8935546875,2459.42822265625,2460.232177734375,2460.069580078125,2456.46923828125,2459.591796875,2522.0,2282.0
301.75,2415.62158203125,2462.223388671875,2460.8935546875,2460.8935546875,2459.55029296875,2461.556396484375,2460.0,2457.908935546875,2459.536865234375,2522.0,2282.0
302.0,2414.310546875,2460.8935546875,2460.8935546875,2460.8935546875,2459.55029296875,2460.226806640625,2460.0,2456.579833984375,2459.536865234375,2522.0,2282.0
302.25,2414.310302734375,2460.8935546875,2460.8935546875,2460.8935546875,2459.55029296875,2460.22705078125,2460.0,2456.580078125,2459.536865234375,2522.0,2282.0
302.5,2414.310302734375,2460.8935546875,2460.8935546875,2460.8935546875,2459.55029296875,2460.226806640625,2460.0,2456.579833984375,2459.537353515625,2522.0,2282.0
302.75,2414.310302734375,2460.8935546875,2460.8935546875,2460.8935546875,2459.550048828125,2460.22705078125,2460.0,2456.580810546875,2459.537353515625,2522.0,2282.0
303.0,2414.313720703125,2460.8935546875,2460.8935546875,2460.8935546875,2459.550048828125,2460.226806640625,2460.0,2456.579833984375,2459.536865234375,2522.0,2282.0
303.25,2414.310546875,2460.8935546875,2460.8935546875,2460.8935546875,2459.55029296875,2460.22705078125,2460.0,2456.579833984375,2459.536865234375,2522.0,2282.0
303.5,2414.3115234375,2460.8935546875,2460.8935546875,2460.8935546875,2459.550048828125,2460.226806640625,2460.0,2456.579833984375,2460.865966796875,2522.0,2282.0
303.75,2414.111328125,2460.8935546875,2460.8935546875,2460.8935546875,2459.550537109375,2460.226806640625,2459.999755859375,2456.63916015625,2459.48583984375,2522.0,2282.0
304.0,2415.4228515625,2462.223388671875,2460.8935546875,2460.8935546875,2459.550537109375,2461.556396484375,2459.999755859375,2457.96826171875,2459.48583984375,2522.0,2282.0
304.25,2414.116943359375,2460.8935546875,2460.8935546875,2460.8935546875,2459.55078125,2460.226806640625,2459.999755859375,2456.63916015625,2459.48583984375,2522.0,2282.0
304.5,2414.111328125,2460.8935546875,2460.8935546875,2460.8935546875,2459.550537109375,2460.226806640625,2459.999755859375,2456.63916015625,2459.48583984375,2522.0,2282.0
304.75,2414.111083984375,2460.8935546875,2462.223388671875,2460.8935546875,2460.8798828125,2460.226806640625,2459.999755859375,2456.63916015625,2459.486328125,2522.0,2282.0
305.0,2414.11279296875,2460.8935546875,2460.8935546875,2460.8935546875,2459.550537109375,2460.226806640625,2459.999755859375,2456.64013671875,2459.486328125,2522.0,2282.0
305.25,2414.112548828125,2460.8935546875,2460.8935546875,2460.8935546875,2459.550537109375,2460.22705078125,2459.999755859375,2456.63916015625,2459.48583984375,2522.0,2282.0
305.5,2414.111328125,2460.8935546875,2460.8935546875,2460.8935546875,2459.550537109375,2460.226806640625,2459.999755859375,2456.63916015625,2459.48583984375,2522.0,2282.0
305.75,2414.004150390625,2460.8935546875,2460.8935546875,2462.223388671875,2459.61474609375,2460.22705078125,2461.26611328125,2456.720458984375,2459.456298828125,2522.0,2282.0
306.0,2414.004150390625,2460.8935546875,2460.8935546875,2460.8935546875,2459.61474609375,2460.22705078125,2459.936767578125,2456.720458984375,2459.456298828125,2522.0,2282.0
306.25,2414.004150390625,2460.8935546875,2460.8935546875,2460.8935546875,2459.61474609375,2460.22705078125,2459.936767578125,2456.7216796875,2459.456298828125,2522.0,2282.0
306.5,2414.00439453125,2460.8935546875,2460.8935546875,2460.8935546875,2459.61474609375,2460.22705078125,2459.936767578125,2456.72021484375,2459.45654296875,2522.0,2282.0
306.75,2414.004150390625,2460.8935546875,2460.8935546875,2460.8935546875,2459.61474609375,2460.22705078125,2459.936767578125,2456.720458984375,2459.456298828125,2522.0,2282.0
307.0,2414.004150390625,2460.8935546875,2460.8935546875,2460.8935546875,2459.61474609375,2460.22705078125,2459.936767578125,2456.72119140625,2459.456787109375,2522.0,2282.0
307.25,2414.004150390625,2460.8935546875,2460.8935546875,2460.8935546875,2459.61474609375,2460.22705078125,2459.936767578125,2456.72119140625,2459.456787109375,2522.0,2282.0
307.5,2414.009521484375,2460.8935546875,2460.8935546875,2460.8935546875,2459.61474609375,2460.22705078125,2459.936767578125,2456.72021484375,2459.456298828125,2522.0,2282.0
307.75,2414.052734375,2460.8935546875,2460.8935546875,2460.8935546875,2459.5771484375,2460.316162109375,2459.930419921875,2456.6533203125,2459.554443359375,2522.0,2282.0
308.0,2414.0537109375,2460.8935546875,2460.8935546875,2460.8935546875,2459.576904296875,2460.316162109375,2459.930419921875,2456.6533203125,2460.883544921875,2522.0,2282.0
308.25,2414.052490234375,2460.8935546875,2460.8935546875,2460.8935546875,2459.5771484375,2460.316162109375,2461.259521484375,2456.6533203125,2459.554443359375,2522.0,2282.0
308.5,2414.06494140625,2462.223388671875,2460.8935546875,2460.8935546875,2459.576904296875,2461.6455078125,2459.930419921875,2457.982177734375,2459.554443359375,2522.0,2282.0
308.75,2414.052734375,2460.8935546875,2460.8935546875,2460.8935546875,2459.5771484375,2460.316162109375,2459.930419921875,2456.6533203125,2459.554443359375,2522.0,2282.0
309.0,2413.645751953125,2460.8935546875,2460.8935546875,2460.8935546875,2459.637939453125,2460.281494140625,2459.927001953125,2456.63134765625,2459.532958984375,2522.0,2282.0
309.25,2413.644287109375,2460.8935546875,2460.8935546875,2462.223388671875,2459.637939453125,2460.281494140625,2461.25634765625,2456.63134765625,2459.532958984375,2522.0,2282.0
309.5,2413.64404296875,2460.8935546875,2460.8935546875,2460.8935546875,2459.637939453125,2460.281494140625,2459.92724609375,2456.63134765625,2459.532958984375,2522.0,2282.0
309.75,2413.64404296875,2462.223388671875,2460.8935546875,2460.8935546875,2459.637939453125,2461.611083984375,2459.927001953125,2457.96044921875,2459.532958984375,2522.0,2282.0
310.0,2413.644287109375,2460.8935546875,2460.8935546875,2460.8935546875,2459.637939453125,2460.281494140625,2459.92724609375,2456.63134765625,2459.532958984375,2522.0,2282.0
310.25,2413.64404296875,2460.8935546875,2460.8935546875,2460.8935546875,2459.637939453125,2460.281494140625,2459.927001953125,2456.63134765625,2459.532958984375,2522.0,2282.0
310.5,2413.64404296875,2460.8935546875,2460.8935546875,2460.8935546875,2459.637939453125,2460.281494140625,2459.92724609375,2456.63232421875,2459.533447265625,2522.0,2282.0
310.75,2413.7890625,2460.8935546875,2460.8935546875,2460.8935546875,2459.615234375,2460.258544921875,2459.904296875,2456.580810546875,2459.537353515625,2522.0,2282.0
311.0,2413.795166015625,2460.8935546875,2460.8935546875,2460.8935546875,2459.615234375,2460.258544921875,2459.904296875,2456.580078125,2459.536865234375,2522.0,2282.0
311.25,2413.790283203125,2460.8935546875,2460.8935546875,2460.8935546875,2459.615234375,2460.258544921875,2459.904541015625,2456.580078125,2459.537109375,2522.0,2282.0
311.5,2413.7890625,2460.8935546875,2460.8935546875,2462.223388671875,2459.615234375,2460.258544921875,2461.233642578125,2456.580078125,2459.536865234375,2522.0,2282.0
311.75,2413.788818359375,2460.8935546875,2460.8935546875,2460.8935546875,2459.615234375,2460.258544921875,2459.904541015625,2456.580078125,2459.536865234375,2522.0,2282.0
312.0,2413.788818359375,2462.223388671875,2460.8935546875,2460.8935546875,2459.615234375,2461.588134765625,2459.904296875,2457.907470703125,2459.536865234375,2522.0,2282.0
312.25,2413.78955078125,2460.8935546875,2460.8935546875,2460.8935546875,2459.615234375,2460.258544921875,2459.904541015625,2456.580078125,2459.536865234375,2522.0,2282.0
312.5,2413.788818359375,2460.8935546875,2462.223388671875,2460.8935546875,2460.9443359375,2460.258544921875,2459.904296875,2456.580078125,2459.536865234375,2522.0,2282.0
312.75,2413.69580078125,2460.8935546875,2462.223388671875,2460.8935546875,2460.94140625,2460.255615234375,2459.93310546875,2456.520751953125,2459.587890625,2522.0,2282.0
313.0,2413.695556640625,2460.8935546875,2460.8935546875,2460.8935546875,2459.6123046875,2460.255615234375,2459.93310546875,2456.521484375,2459.58837890625,2522.0,2282.0
313.25,2413.701904296875,2460.8935546875,2460.8935546875,2460.8935546875,2459.6123046875,2460.255615234375,2459.93310546875,2456.520751953125,2459.587890625,2522.0,2282.0
313.5,2413.700927734375,2460.8935546875,2460.8935546875,2460.8935546875,2459.6123046875,2460.255615234375,2459.93310546875,2456.520751953125,2459.587890625,2522.0,2282.0
313.75,2413.69677734375,2460.8935546875,2460.8935546875,2460.8935546875,2459.6123046875,2460.255615234375,2459.93310546875,2456.520751953125,2460.917236328125,2522.0,2282.0
314.0,2413.69580078125,2460.8935546875,2460.8935546875,2460.8935546875,2459.6123046875,2460.255615234375,2459.93310546875,2456.520751953125,2459.587890625,2522.0,2282.0
314.25,2415.007080078125,2462.223388671875,2460.8935546875,2460.8935546875,2459.6123046875,2461.585205078125,2459.93310546875,2457.849853515625,2459.587890625,2522.0,2282.0
314.5,2413.696533203125,2460.8935546875,2460.8935546875,2460.8935546875,2459.6123046875,2460.255615234375,2459.93310546875,2456.520751953125,2459.587890625,2522.0,2282.0
314.75,2414.158203125,2460.8935546875,2460.8935546875,2460.8935546875,2459.609130859375,2460.220703125,2459.99365234375,2456.528564453125,2459.541015625,2522.0,2282.0
315.0,2414.157958984375,2460.8935546875,2462.223388671875,2460.8935546875,2460.938232421875,2460.220703125,2459.993408203125,2456.528564453125,2459.54150390625,2522.0,2282.0
315.25,2414.15771484375,2460.8935546875,2460.8935546875,2460.8935546875,2459.609130859375,2460.220703125,2459.99365234375,2456.529296875,2459.54150390625,2522.0,2282.0
315.5,2414.15966796875,2460.8935546875,2460.8935546875,2460.8935546875,2459.609130859375,2460.220703125,2459.993408203125,2456.528564453125,2459.541015625,2522.0,2282.0
315.75,2414.163330078125,2460.8935546875,2460.8935546875,2460.8935546875,2459.609130859375,2460.220703125,2459.99365234375,2456.528564453125,2459.541015625,2522.0,2282.0
316.0,2414.158203125,2460.8935546875,2460.8935546875,2462.223388671875,2459.609130859375,2460.220703125,2461.322998046875,2456.528564453125,2459.541015625,2522.0,2282.0
316.25,2414.157958984375,2460.8935546875,2460.8935546875,2460.8935546875,2459.609130859375,2460.220703125,2459.99365234375,2456.528564453125,2459.541015625,2522.0,2282.0
316.5,2415.4697265625,2462.223388671875,2460.8935546875,2460.8935546875,2459.609130859375,2461.550048828125,2459.993408203125,2457.857421875,2459.541015625,2522.0,2282.0
316.75,2414.805419921875,2460.8935546875,2460.8935546875,2460.8935546875,2459.52197265625,2460.197509765625,2460.03466796875,2456.544189453125,2459.447021484375,2522.0,2282.0
317.0,2414.793212890625,2460.8935546875,2462.223388671875,2460.8935546875,2460.85107421875,2460.197509765625,2460.03466796875,2456.5439453125,2459.44677734375,2522.0,2282.0
317.25,2414.793212890625,2460.8935546875,2460.8935546875,2460.8935546875,2459.52197265625,2460.197509765625,2460.03466796875,2456.544189453125,2459.447265625,2522.0,2282.0
317.5,2414.794677734375,2460.8935546875,2460.8935546875,2460.8935546875,2459.52197265625,2460.197509765625,2460.03466796875,2456.544921875,2459.447265625,2522.0,2282.0
317.75,2414.79541015625,2460.8935546875,2460.8935546875,2460.8935546875,2459.52197265625,2460.197509765625,2460.03466796875,2456.544189453125,2459.447021484375,2522.0,2282.0
318.0,2414.79443359375,2460.8935546875,2460.8935546875,2460.8935546875,2459.52197265625,2460.197509765625,2460.03466796875,2456.544189453125,2459.44677734375,2522.0,2282.0
318.25,2414.794189453125,2460.8935546875,2460.8935546875,2460.8935546875,2459.52197265625,2460.197509765625,2460.03466796875,2456.544189453125,2460.77587890625,2522.0,2282.0
318.5,2414.793212890625,2460.8935546875,2460.8935546875,2460.8935546875,2459.52197265625,2460.197509765625,2460.03466796875,2456.5439453125,2459.44677734375,2522.0,2282.0
318.75,2416.621826171875,2462.223388671875,2460.8935546875,2460.8935546875,2459.50439453125,2461.5107421875,2459.95458984375,2457.85888671875,2459.37841796875,2522.0,2282.0
319.0,2416.621826171875,2460.8935546875,2460.8935546875,2460.8935546875,2459.50439453125,2460.18115234375,2459.95458984375,2456.530029296875,2459.37841796875,2522.0,2282.0
319.25,2415.309814453125,2460.8935546875,2460.8935546875,2460.8935546875,2459.50439453125,2460.18115234375,2459.95458984375,2456.530029296875,2459.378173828125,2522.0,2282.0
319.5,2415.3095703125,2460.8935546875,2462.223388671875,2460.8935546875,2460.83349609375,2460.18115234375,2459.95458984375,2456.530029296875,2459.37890625,2522.0,2282.0
319.75,2415.31103515625,2460.8935546875,2460.8935546875,2460.8935546875,2459.50439453125,2460.18115234375,2459.95458984375,2456.531005859375,2459.378662109375,2522.0,2282.0
320.0,2415.31494140625,2460.8935546875,2460.8935546875,2460.8935546875,2459.50439453125,2460.18115234375,2459.95458984375,2456.530029296875,2459.37841796875,2522.0,2282.0
320.25,2415.312255859375,2460.8935546875,2460.8935546875,2460.8935546875,2459.50439453125,2460.18115234375,2459.95458984375,2456.530029296875,2459.378173828125,2522.0,2282.0
320.5,2415.309814453125,2460.8935546875,2460.8935546875,2462.223388671875,2459.50439453125,2460.18115234375,2461.283935546875,2456.530029296875,2459.37841796875,2522.0,2282.0
320.75,2413.76318359375,2460.8935546875,2460.8935546875,2460.8935546875,2459.58251953125,2460.194580078125,2459.99951171875,2456.71533203125,2459.3408203125,2522.0,2282.0
321.0,2415.067626953125,2460.8935546875,2460.8935546875,2460.8935546875,2459.58251953125,2460.194580078125,2459.999755859375,2456.714111328125,2459.3408203125,2522.0,2282.0
321.25,2415.07470703125,2460.8935546875,2460.8935546875,2460.8935546875,2459.58251953125,2461.524169921875,2459.99951171875,2458.041748046875,2459.3408203125,2522.0,2282.0
321.5,2413.76318359375,2460.8935546875,2460.8935546875,2460.8935546875,2459.58251953125,2460.194580078125,2459.99951171875,2456.714111328125,2459.3408203125,2522.0,2282.0
321.75,2413.763427734375,2460.8935546875,2462.223388671875,2460.8935546875,2460.911865234375,2460.194580078125,2459.99951171875,2456.714111328125,2459.3408203125,2522.0,2282.0
322.0,2413.762939453125,2460.8935546875,2460.8935546875,2460.8935546875,2459.58251953125,2460.194580078125,2459.999755859375,2456.715087890625,2459.34130859375,2522.0,2282.0
322.25,2413.7646484375,2460.8935546875,2460.8935546875,2460.8935546875,2459.582763671875,2460.194580078125,2459.999755859375,2456.714111328125,2459.3408203125,2522.0,2282.0
322.5,2413.7646484375,2460.8935546875,2460.8935546875,2460.8935546875,2459.58251953125,2460.194580078125,2459.999755859375,2456.714111328125,2459.3408203125,2522.0,2282.0
322.75,2413.966552734375,2460.8935546875,2460.8935546875,2460.8935546875,2459.524658203125,2460.168701171875,2460.0380859375,2456.6689453125,2459.46044921875,2522.0,2282.0
323.0,2413.966552734375,2462.223388671875,2460.8935546875,2460.8935546875,2459.524658203125,2460.16845703125,2460.0380859375,2456.670166015625,2459.46044921875,2522.0,2282.0
323.25,2415.27783203125,2460.8935546875,2460.8935546875,2460.8935546875,2459.52490234375,2460.16845703125,2460.0380859375,2456.6689453125,2459.46044921875,2522.0,2282.0
323.5,2413.966796875,2460.8935546875,2460.8935546875,2460.8935546875,2459.524658203125,2460.16845703125,2460.0380859375,2456.6689453125,2459.46044921875,2522.0,2282.0
323.75,2413.966552734375,2460.8935546875,2462.223388671875,2460.8935546875,2460.85400390625,2460.16845703125,2460.0380859375,2456.6689453125,2459.46044921875,2522.0,2282.0
324.0,2413.96630859375,2460.8935546875,2460.8935546875,2460.8935546875,2459.524658203125,2460.16845703125,2460.0380859375,2456.669677734375,2459.4609375,2522.0,2282.0
324.25,2413.96630859375,2460.8935546875,2460.8935546875,2460.8935546875,2459.52490234375,2460.16845703125,2460.0380859375,2456.6689453125,2459.4609375,2522.0,2282.0
324.5,2413.967041015625,2460.8935546875,2460.8935546875,2460.8935546875,2459.524658203125,2460.16845703125,2460.0380859375,2456.6689453125,2459.46044921875,2522.0,2282.0
324.75,2438.64453125,2460.8935546875,2460.8935546875,2462.223388671875,2460.436279296875,2460.59521484375,2460.55322265625,2459.249755859375,2461.7490234375,2522.0,2282.0
325.0,2438.645751953125,2460.8935546875,2460.8935546875,2462.223388671875,2460.436279296875,2460.59521484375,2461.883056640625,2459.249755859375,2461.7490234375,2522.0,2282.0
325.25,2438.645263671875,2462.223388671875,2460.8935546875,2460.8935546875,2460.436279296875,2460.59521484375,2460.55322265625,2460.579345703125,2460.41943359375,2522.0,2282.0
325.5,2438.645263671875,2460.8935546875,2460.8935546875,2460.8935546875,2460.436279296875,2460.59521484375,2460.55322265625,2459.249755859375,2460.41943359375,2522.0,2282.0
325.75,2438.645263671875,2460.8935546875,2460.8935546875,2460.8935546875,2460.436279296875,2460.59521484375,2460.55322265625,2459.249755859375,2460.41943359375,2522.0,2282.0
326.0,2438.645263671875,2460.8935546875,2462.223388671875,2460.8935546875,2461.765869140625,2460.59521484375,2460.55322265625,2459.249755859375,2460.41943359375,2522.0,2282.0
326.25,2438.645263671875,2460.8935546875,2460.8935546875,2460.8935546875,2460.436279296875,2460.59521484375,2460.55322265625,2459.25,2460.419677734375,2522.0,2282.0
326.5,2439.963134765625,2460.8935546875,2460.8935546875,2460.8935546875,2460.436279296875,2460.59521484375,2460.55322265625,2459.249755859375,2460.41943359375,2522.0,2282.0
326.75,2441.007080078125,2460.8935546875,2460.8935546875,2460.8935546875,2460.37353515625,2460.627197265625,2460.58544921875,2459.1982421875,2460.42333984375,2522.0,2282.0
327.0,2439.686767578125,2460.8935546875,2460.8935546875,2462.223388671875,2460.37353515625,2460.627197265625,2460.58544921875,2459.198486328125,2461.753173828125,2522.0,2282.0
327.25,2439.687255859375,2460.8935546875,2460.8935546875,2460.8935546875,2460.37353515625,2460.627197265625,2460.58544921875,2459.1982421875,2460.42333984375,2522.0,2282.0
327.5,2439.686279296875,2460.8935546875,2460.8935546875,2460.8935546875,2460.37353515625,2460.627197265625,2460.58544921875,2459.198486328125,2460.42333984375,2522.0,2282.0
327.75,2439.6865234375,2460.8935546875,2460.8935546875,2460.8935546875,2460.37353515625,2460.627197265625,2460.58544921875,2459.1982421875,2460.42333984375,2522.0,2282.0
328.0,2439.686279296875,2460.8935546875,2460.8935546875,2460.8935546875,2460.37353515625,2460.627197265625,2460.58544921875,2459.198486328125,2460.42333984375,2522.0,2282.0
328.25,2439.6865234375,2460.8935546875,2462.223388671875,2460.8935546875,2461.703125,2460.627197265625,2460.58544921875,2459.198486328125,2460.42333984375,2522.0,2282.0
328.5,2439.6865234375,2460.8935546875,2460.8935546875,2460.8935546875,2460.37353515625,2460.627197265625,2460.58544921875,2459.19873046875,2460.423583984375,2522.0,2282.0
328.75,2437.617431640625,2460.8935546875,2460.8935546875,2460.8935546875,2460.40234375,2460.62451171875,2460.58251953125,2459.484619140625,2460.378173828125,2522.0,2282.0
329.0,2437.622802734375,2460.8935546875,2460.8935546875,2460.8935546875,2460.402587890625,2460.62451171875,2460.58251953125,2459.48486328125,2460.3779296875,2522.0,2282.0
329.25,2437.6181640625,2460.8935546875,2460.8935546875,2462.223388671875,2460.40234375,2460.62451171875,2460.58251953125,2459.48486328125,2461.70751953125,2522.0,2282.0
329.5,2437.6181640625,2460.8935546875,2460.8935546875,2460.8935546875,2460.402587890625,2460.62451171875,2460.58251953125,2459.48486328125,2460.3779296875,2522.0,2282.0
329.75,2437.61865234375,2462.223388671875,2460.8935546875,2460.8935546875,2460.402587890625,2460.62451171875,2460.58251953125,2460.814208984375,2460.3779296875,2522.0,2282.0
330.0,2437.617431640625,2460.8935546875,2460.8935546875,2460.8935546875,2460.402587890625,2460.62451171875,2460.58251953125,2459.48486328125,2460.3779296875,2522.0,2282.0
330.25,2437.617431640625,2460.8935546875,2460.8935546875,2460.8935546875,2460.40234375,2460.62451171875,2460.58251953125,2459.48486328125,2460.3779296875,2522.0,2282.0
330.5,2437.617431640625,2460.8935546875,2462.223388671875,2460.8935546875,2461.732177734375,2460.62451171875,2460.58251953125,2459.48486328125,2460.3779296875,2522.0,2282.0
330.75,2439.0849609375,2460.8935546875,2460.8935546875,2460.8935546875,2460.3828125,2460.6044921875,2460.53125,2459.441650390625,2460.335205078125,2522.0,2282.0
331.0,2439.0849609375,2460.8935546875,2460.8935546875,2460.8935546875,2460.3828125,2460.604736328125,2460.53125,2459.441162109375,2460.335205078125,2522.0,2282.0
331.25,2440.403076171875,2460.8935546875,2460.8935546875,2460.8935546875,2460.3828125,2460.6044921875,2460.53125,2459.441162109375,2460.3349609375,2522.0,2282.0
331.5,2439.085205078125,2460.8935546875,2460.8935546875,2462.223388671875,2460.3828125,2460.6044921875,2460.53125,2459.441162109375,2461.66455078125,2522.0,2282.0
331.75,2439.08544921875,2460.8935546875,2460.8935546875,2460.8935546875,2460.3828125,2460.6044921875,2460.53125,2459.441162109375,2460.3349609375,2522.0,2282.0
332.0,2439.086669921875,2462.223388671875,2460.8935546875,2460.8935546875,2460.3828125,2460.6044921875,2460.53125,2460.770751953125,2460.3349609375,2522.0,2282.0
332.25,2439.085205078125,2460.8935546875,2460.8935546875,2460.8935546875,2460.3828125,2460.6044921875,2460.53125,2459.441162109375,2460.3349609375,2522.0,2282.0
332.5,2439.084716796875,2460.8935546875,2460.8935546875,2460.8935546875,2460.3828125,2460.6044921875,2460.53125,2459.441162109375,2460.3349609375,2522.0,2282.0
332.75,2440.228759765625,2460.8935546875,2462.223388671875,2460.8935546875,2461.552001953125,2460.60400390625,2460.68994140625,2459.24365234375,2460.303955078125,2522.0,2282.0
333.0,2440.228759765625,2460.8935546875,2460.8935546875,2460.8935546875,2460.222412109375,2460.60400390625,2460.689697265625,2459.243896484375,2460.30419921875,2522.0,2282.0
333.25,2440.228759765625,2460.8935546875,2460.8935546875,2460.8935546875,2460.222412109375,2460.60400390625,2460.68994140625,2459.24365234375,2460.30419921875,2522.0,2282.0
333.5,2440.22900390625,2460.8935546875,2460.8935546875,2460.8935546875,2460.222412109375,2460.60400390625,2460.689697265625,2459.24365234375,2460.303955078125,2522.0,2282.0
333.75,2440.228759765625,2460.8935546875,2460.8935546875,2462.223388671875,2460.222412109375,2460.60400390625,2460.68994140625,2459.24365234375,2461.633544921875,2522.0,2282.0
334.0,2440.229736328125,2460.8935546875,2460.8935546875,2462.223388671875,2460.222412109375,2460.60400390625,2462.01953125,2459.24365234375,2461.633544921875,2522.0,2282.0
334.25,2440.229736328125,2462.223388671875,2460.8935546875,2460.8935546875,2460.222412109375,2460.60400390625,2460.689697265625,2460.572998046875,2460.303955078125,2522.0,2282.0
334.5,2440.22900390625,2460.8935546875,2460.8935546875,2460.8935546875,2460.222412109375,2460.60400390625,2460.689697265625,2459.243408203125,2460.303955078125,2522.0,2282.0
334.75,2441.06103515625,2460.8935546875,2460.8935546875,2460.8935546875,2460.155029296875,2460.6962890625,2460.687255859375,2459.0224609375,2460.4140625,2522.0,2282.0
335.0,2441.06103515625,2460.8935546875,2460.8935546875,2460.8935546875,2460.155029296875,2460.6962890625,2460.687255859375,2459.0224609375,2460.4140625,2522.0,2282.0
335.25,2441.06103515625,2460.8935546875,2460.8935546875,2460.8935546875,2460.155029296875,2460.6962890625,2460.687255859375,2459.02294921875,2460.4140625,2522.0,2282.0
335.5,2442.38232421875,2460.8935546875,2460.8935546875,2460.8935546875,2460.155029296875,2460.6962890625,2460.687255859375,2459.0224609375,2460.4140625,2522.0,2282.0
335.75,2441.061279296875,2460.8935546875,2460.8935546875,2460.8935546875,2460.155029296875,2460.6962890625,2460.687255859375,2459.0224609375,2460.4140625,2522.0,2282.0
336.0,2441.06103515625,2460.8935546875,2460.893310546875,2460.8935546875,2460.155029296875,2460.6962890625,2460.687255859375,2459.0224609375,2460.4140625,2522.0,2282.0
336.25,2441.061767578125,2460.8935546875,2460.8935546875,2462.223388671875,2460.155029296875,2460.6962890625,2462.016845703125,2459.023193359375,2461.743408203125,2522.0,2282.0
336.5,2441.06201171875,2462.223388671875,2460.8935546875,2460.8935546875,2460.155029296875,2460.6962890625,2460.687255859375,2460.35205078125,2460.4140625,2522.0,2282.0
336.75,2440.50390625,2460.8935546875,2460.8935546875,2460.8935546875,2460.160888671875,2460.70263671875,2460.6298828125,2459.052001953125,2460.388427734375,2522.0,2282.0
337.0,2440.50390625,2460.8935546875,2460.8935546875,2460.8935546875,2460.160888671875,2460.70263671875,2460.6298828125,2459.052001953125,2460.388427734375,2522.0,2282.0
337.25,2440.503662109375,2460.8935546875,2462.223388671875,2460.8935546875,2461.490234375,2460.70263671875,2460.6298828125,2459.052001953125,2460.388427734375,2522.0,2282.0
337.5,2440.503662109375,2460.8935546875,2460.8935546875,2460.8935546875,2460.160888671875,2460.70263671875,2460.6298828125,2459.052490234375,2460.388671875,2522.0,2282.0
337.75,2441.822509765625,2460.8935546875,2460.8935546875,2460.8935546875,2460.160888671875,2460.70263671875,2460.6298828125,2459.05224609375,2460.388427734375,2522.0,2282.0
338.0,2441.824951171875,2460.8935546875,2460.8935546875,2460.8935546875,2460.160888671875,2460.70263671875,2460.6298828125,2459.052001953125,2460.388427734375,2522.0,2282.0
338.25,2440.50390625,2460.8935546875,2460.8935546875,2460.8935546875,2460.160888671875,2460.70263671875,2460.6298828125,2459.05224609375,2460.388427734375,2522.0,2282.0
338.5,2440.50439453125,2460.8935546875,2460.8935546875,2460.8935546875,2460.160888671875,2460.70263671875,2460.6298828125,2459.052001953125,2460.388427734375,2522.0,2282.0
338.75,2438.45458984375,2460.8935546875,2460.8935546875,2460.8935546875,2460.504150390625,2460.567138671875,2460.4931640625,2459.081787109375,2460.363037109375,2522.0,2282.0
339.0,2438.45263671875,2460.8935546875,2460.8935546875,2460.8935546875,2460.504150390625,2460.567138671875,2460.493408203125,2459.081787109375,2460.363037109375,2522.0,2282.0
339.25,2438.45263671875,2460.8935546875,2460.8935546875,2460.8935546875,2460.50439453125,2460.567138671875,2460.4931640625,2459.081787109375,2460.363037109375,2522.0,2282.0
339.5,2438.452880859375,2460.8935546875,2460.8935546875,2460.8935546875,2460.504150390625,2460.567138671875,2460.493408203125,2459.081787109375,2460.363037109375,2522.0,2282.0
339.75,2438.452880859375,2460.8935546875,2460.8935546875,2460.8935546875,2460.50439453125,2460.567138671875,2460.493408203125,2459.081787109375,2460.36328125,2522.0,2282.0
340.0,2438.452880859375,2460.8935546875,2460.8935546875,2460.8935546875,2460.504150390625,2460.567138671875,2460.493408203125,2459.081787109375,2460.363037109375,2522.0,2282.0
340.25,2439.7705078125,2460.8935546875,2460.8935546875,2460.8935546875,2460.50439453125,2460.567138671875,2460.493408203125,2459.081787109375,2460.363037109375,2522.0,2282.0
340.5,2438.453369140625,2460.8935546875,2460.8935546875,2462.223388671875,2460.504150390625,2460.567138671875,2460.493408203125,2459.081787109375,2461.692626953125,2522.0,2282.0
340.75,2438.241455078125,2460.8935546875,2460.8935546875,2462.223388671875,2460.547607421875,2460.609619140625,2461.89697265625,2459.058349609375,2461.83349609375,2522.0,2282.0
341.0,2438.242431640625,2462.223388671875,2460.8935546875,2460.8935546875,2460.547607421875,2460.609619140625,2460.5673828125,2460.38720703125,2460.50390625,2522.0,2282.0
341.25,2438.241455078125,2460.8935546875,2460.8935546875,2460.8935546875,2460.547607421875,2460.609619140625,2460.567138671875,2459.058349609375,2460.50390625,2522.0,2282.0
341.5,2438.240966796875,2460.8935546875,2460.8935546875,2460.8935546875,2460.547607421875,2460.609619140625,2460.567138671875,2459.058349609375,2460.50390625,2522.0,2282.0
341.75,2438.2412109375,2460.8935546875,2460.8935546875,2460.8935546875,2460.547607421875,2460.609619140625,2460.567138671875,2459.05810546875,2460.50390625,2522.0,2282.0
342.0,2438.2412109375,2460.8935546875,2460.8935546875,2460.8935546875,2460.547607421875,2460.609619140625,2460.567138671875,2459.05859375,2460.504150390625,2522.0,2282.0
342.25,2438.2412109375,2460.8935546875,2460.8935546875,2460.8935546875,2460.547607421875,2460.609619140625,2460.567138671875,2459.058349609375,2460.50390625,2522.0,2282.0
342.5,2439.558837890625,2460.8935546875,2460.8935546875,2460.8935546875,2460.547607421875,2460.609619140625,2460.567138671875,2459.05810546875,2460.50390625,2522.0,2282.0
342.75,2439.318115234375,2460.8935546875,2460.8935546875,2460.8935546875,2460.5078125,2460.474609375,2460.559326171875,2459.367919921875,2460.317626953125,2522.0,2282.0
343.0,2439.31494140625,2460.8935546875,2460.8935546875,2460.8935546875,2460.5078125,2460.474609375,2460.559326171875,2459.3681640625,2460.317626953125,2522.0,2282.0
343.25,2439.3134765625,2462.223388671875,2460.8935546875,2460.8935546875,2460.5078125,2460.474609375,2460.559326171875,2460.697509765625,2460.317626953125,2522.0,2282.0
343.5,2439.3134765625,2460.8935546875,2460.8935546875,2460.8935546875,2460.5078125,2460.474609375,2460.559326171875,2459.3681640625,2460.317626953125,2522.0,2282.0
343.75,2439.31298828125,2460.8935546875,2460.8935546875,2460.8935546875,2460.5078125,2460.474609375,2460.559326171875,2459.367919921875,2460.317626953125,2522.0,2282.0
344.0,2439.313232421875,2460.8935546875,2460.8935546875,2460.8935546875,2460.5078125,2460.474609375,2460.559326171875,2459.3681640625,2460.317626953125,2522.0,2282.0
344.25,2439.313232421875,2460.8935546875,2460.8935546875,2460.8935546875,2460.5078125,2460.474609375,2460.559326171875,2459.368408203125,2460.317626953125,2522.0,2282.0
344.5,2439.313232421875,2460.8935546875,2460.8935546875,2460.8935546875,2460.5078125,2460.474609375,2460.559326171875,2459.3681640625,2460.317626953125,2522.0,2282.0
344.75,2440.052490234375,2460.8935546875,2460.8935546875,2460.8935546875,2460.609619140625,2460.480712890625,2460.406982421875,2459.470703125,2460.3095703125,2522.0,2282.0
345.0,2438.735107421875,2460.8935546875,2460.8935546875,2462.223388671875,2460.609619140625,2460.480712890625,2460.406982421875,2459.470703125,2461.63916015625,2522.0,2282.0
345.25,2438.736083984375,2460.8935546875,2460.8935546875,2460.8935546875,2460.609619140625,2460.480712890625,2460.406982421875,2459.470703125,2460.3095703125,2522.0,2282.0
345.5,2438.734619140625,2462.223388671875,2460.8935546875,2460.8935546875,2460.609619140625,2460.480712890625,2460.406982421875,2460.80029296875,2460.3095703125,2522.0,2282.0
345.75,2438.734619140625,2460.8935546875,2460.8935546875,2460.8935546875,2460.609619140625,2460.480712890625,2460.406982421875,2459.470703125,2460.3095703125,2522.0,2282.0
346.0,2438.734130859375,2460.8935546875,2460.8935546875,2460.8935546875,2460.609619140625,2460.48095703125,2460.406982421875,2459.470947265625,2460.3095703125,2522.0,2282.0
346.25,2438.734619140625,2460.8935546875,2460.8935546875,2460.8935546875,2460.609619140625,2460.480712890625,2460.406982421875,2459.470703125,2460.3095703125,2522.0,2282.0
346.5,2438.734375,2460.8935546875,2460.8935546875,2460.8935546875,2460.609619140625,2460.48095703125,2460.406982421875,2459.47119140625,2460.3095703125,2522.0,2282.0
346.75,2438.466064453125,2460.8935546875,2460.8935546875,2460.8935546875,2460.562744140625,2460.465576171875,2460.581787109375,2459.522216796875,2460.3056640625,2522.0,2282.0
347.0,2439.78662109375,2460.8935546875,2460.8935546875,2460.8935546875,2460.562744140625,2460.465576171875,2460.581787109375,2459.522216796875,2460.305419921875,2522.0,2282.0
347.25,2438.466796875,2460.8935546875,2460.8935546875,2462.223388671875,2460.562744140625,2460.465576171875,2460.581787109375,2459.522216796875,2461.635009765625,2522.0,2282.0
347.5,2438.468017578125,2460.8935546875,2460.8935546875,2460.8935546875,2460.56298828125,2460.465576171875,2460.581787109375,2459.5224609375,2460.305419921875,2522.0,2282.0
347.75,2438.46826171875,2460.8935546875,2460.8935546875,2460.8935546875,2460.562744140625,2460.465576171875,2460.581787109375,2459.522216796875,2460.305419921875,2522.0,2282.0
348.0,2438.46630859375,2460.8935546875,2460.8935546875,2460.8935546875,2460.56298828125,2460.465576171875,2460.581787109375,2459.522216796875,2460.305419921875,2522.0,2282.0
348.25,2438.466064453125,2460.8935546875,2460.8935546875,2460.8935546875,2460.56298828125,2460.465576171875,2460.581787109375,2459.522216796875,2460.3056640625,2522.0,2282.0
348.5,2438.46630859375,2460.8935546875,2460.8935546875,2460.8935546875,2460.56298828125,2460.465576171875,2460.581787109375,2459.522216796875,2460.305419921875,2522.0,2282.0
348.75,2437.772705078125,2460.8935546875,2460.8935546875,2460.8935546875,2460.566162109375,2460.436767578125,2460.5849609375,2459.544189453125,2460.3271484375,2522.0,2282.0
349.0,2437.772705078125,2460.8935546875,2460.8935546875,2460.8935546875,2460.566162109375,2460.436767578125,2460.584716796875,2459.5439453125,2460.326904296875,2522.0,2282.0
349.25,2439.090087890625,2460.8935546875,2460.8935546875,2460.8935546875,2460.56591796875,2460.436767578125,2460.5849609375,2459.5439453125,2460.3271484375,2522.0,2282.0
349.5,2437.778076171875,2460.8935546875,2460.8935546875,2460.8935546875,2460.566162109375,2460.436767578125,2460.5849609375,2459.5439453125,2460.326904296875,2522.0,2282.0
349.75,2437.77294921875,2460.8935546875,2460.8935546875,2462.223388671875,2460.566162109375,2460.436767578125,2461.91455078125,2459.5439453125,2461.656494140625,2522.0,2282.0
350.0,2437.77392578125,2462.223388671875,2460.8935546875,2460.8935546875,2460.566162109375,2460.436767578125,2460.5849609375,2460.873291015625,2460.326904296875,2522.0,2282.0
350.25,2437.772705078125,2460.8935546875,2460.8935546875,2460.8935546875,2460.566162109375,2460.436767578125,2460.5849609375,2459.5439453125,2460.3271484375,2522.0,2282.0
350.5,2437.7724609375,2460.8935546875,2460.8935546875,2460.8935546875,2460.566162109375,2460.436767578125,2460.584716796875,2459.5439453125,2460.326904296875,2522.0,2282.0
350.75,2439.1064453125,2460.8935546875,2462.223388671875,2460.8935546875,2461.7734375,2460.506103515625,2460.59130859375,2459.478515625,2460.2626953125,2522.0,2282.0
351.0,2439.106689453125,2460.8935546875,2460.8935546875,2460.8935546875,2460.44384765625,2460.506103515625,2460.59130859375,2459.47900390625,2460.2626953125,2522.0,2282.0
351.25,2439.106689453125,2460.8935546875,2460.8935546875,2460.8935546875,2460.44384765625,2460.506103515625,2460.59130859375,2459.478515625,2460.2626953125,2522.0,2282.0
351.5,2440.42724609375,2460.8935546875,2460.8935546875,2460.8935546875,2460.44384765625,2460.506103515625,2460.59130859375,2459.478515625,2460.2626953125,2522.0,2282.0
351.75,2439.107177734375,2460.8935546875,2460.8935546875,2462.223388671875,2460.44384765625,2460.506103515625,2460.59130859375,2459.478515625,2461.592041015625,2522.0,2282.0
352.0,2439.107421875,2460.8935546875,2460.8935546875,2460.8935546875,2460.44384765625,2460.506103515625,2460.59130859375,2459.47900390625,2460.2626953125,2522.0,2282.0
352.25,2439.106689453125,2462.223388671875,2460.8935546875,2460.8935546875,2460.44384765625,2460.506103515625,2460.59130859375,2460.80810546875,2460.262451171875,2522.0,2282.0
352.5,2439.106689453125,2460.8935546875,2460.8935546875,2460.8935546875,2460.44384765625,2460.506103515625,2460.59130859375,2459.478515625,2460.262451171875,2522.0,2282.0
352.75,2459.48095703125,2460.8935546875,2460.8935546875,2460.8935546875,2461.07861328125,2460.85107421875,2460.8681640625,2461.507080078125,2461.007568359375,2522.0,2282.0
353.0,2459.479736328125,2460.8935546875,2462.223388671875,2460.8935546875,2462.40869140625,2460.85107421875,2460.8681640625,2461.507080078125,2461.007568359375,2522.0,2282.0
353.25,2459.48095703125,2460.8935546875,2460.8935546875,2460.8935546875,2461.07861328125,2460.85107421875,2460.8681640625,2461.507080078125,2461.007568359375,2522.0,2282.0
353.5,2459.4814453125,2460.8935546875,2460.8935546875,2460.8935546875,2461.07861328125,2460.85107421875,2460.8681640625,2461.507080078125,2461.007568359375,2522.0,2282.0
353.75,2459.4814453125,2460.8935546875,2460.8935546875,2460.8935546875,2461.07861328125,2460.85107421875,2460.867919921875,2461.507080078125,2461.007568359375,2522.0,2282.0
354.0,2459.481201171875,2460.8935546875,2460.8935546875,2462.223388671875,2461.07861328125,2460.85107421875,2460.8681640625,2461.507080078125,2462.33740234375,2522.0,2282.0
354.25,2459.4814453125,2460.8935546875,2460.8935546875,2460.8935546875,2461.07861328125,2460.851318359375,2460.8681640625,2461.50732421875,2461.007568359375,2522.0,2282.0
354.5,2459.4814453125,2460.8935546875,2460.8935546875,2460.8935546875,2461.07861328125,2462.180908203125,2460.8681640625,2461.507080078125,2461.007568359375,2522.0,2282.0
354.75,2460.472900390625,2460.8935546875,2460.8935546875,2460.8935546875,2461.13916015625,2460.848388671875,2460.833251953125,2461.55859375,2461.00341796875,2522.0,2282.0
355.0,2459.142578125,2460.8935546875,2462.223388671875,2460.8935546875,2462.46923828125,2460.848388671875,2460.833251953125,2461.558349609375,2461.00341796875,2522.0,2282.0
355.25,2459.143310546875,2460.8935546875,2460.8935546875,2460.8935546875,2461.13916015625,2460.848388671875,2460.833251953125,2461.55859375,2461.00341796875,2522.0,2282.0
355.5,2459.14404296875,2460.8935546875,2460.8935546875,2460.8935546875,2461.13916015625,2460.848388671875,2460.833251953125,2461.558349609375,2461.00341796875,2522.0,2282.0
355.75,2459.14404296875,2460.8935546875,2460.8935546875,2460.8935546875,2461.13916015625,2460.848388671875,2460.833251953125,2461.55859375,2461.00341796875,2522.0,2282.0
356.0,2459.143798828125,2460.8935546875,2460.8935546875,2460.8935546875,2461.139404296875,2460.848388671875,2460.833251953125,2461.558349609375,2461.00341796875,2522.0,2282.0
356.25,2459.143798828125,2460.8935546875,2460.8935546875,2462.223388671875,2461.139404296875,2460.848388671875,2460.833251953125,2461.55859375,2462.33349609375,2522.0,2282.0
356.5,2459.14404296875,2460.8935546875,2460.8935546875,2460.8935546875,2461.139404296875,2460.848388671875,2460.833251953125,2461.55810546875,2461.00341796875,2522.0,2282.0
356.75,2459.297119140625,2462.223388671875,2460.8935546875,2460.8935546875,2461.185302734375,2460.89404296875,2460.87841796875,2462.859130859375,2461.029052734375,2522.0,2282.0
357.0,2460.6259765625,2460.8935546875,2460.8935546875,2460.8935546875,2461.18505859375,2460.89404296875,2460.878662109375,2461.52880859375,2461.029052734375,2522.0,2282.0
357.25,2459.29541015625,2460.8935546875,2460.8935546875,2460.8935546875,2461.185302734375,2460.89404296875,2460.87841796875,2461.529052734375,2461.029052734375,2522.0,2282.0
357.5,2459.296630859375,2460.8935546875,2460.8935546875,2460.8935546875,2461.18505859375,2460.89404296875,2460.878662109375,2461.52880859375,2461.029052734375,2522.0,2282.0
357.75,2459.296630859375,2460.8935546875,2460.8935546875,2460.8935546875,2461.18505859375,2460.89404296875,2460.87841796875,2461.52880859375,2461.02880859375,2522.0,2282.0
358.0,2459.297119140625,2460.8935546875,2460.8935546875,2460.8935546875,2461.18505859375,2460.89404296875,2460.878662109375,2461.52880859375,2461.029052734375,2522.0,2282.0
358.25,2459.297119140625,2460.8935546875,2460.8935546875,2460.8935546875,2461.18505859375,2460.89404296875,2460.87841796875,2461.52880859375,2461.029052734375,2522.0,2282.0
358.5,2459.297119140625,2460.8935546875,2460.8935546875,2460.8935546875,2461.18505859375,2460.89404296875,2462.20849609375,2461.529052734375,2461.029052734375,2522.0,2282.0
358.75,2459.68701171875,2460.8935546875,2460.8935546875,2460.8935546875,2461.162109375,2460.8076171875,2460.9189453125,2461.4931640625,2460.939208984375,2522.0,2282.0
359.0,2459.687255859375,2460.8935546875,2460.8935546875,2460.8935546875,2461.162109375,2462.137451171875,2460.9189453125,2461.4931640625,2460.939208984375,2522.0,2282.0
359.25,2459.68701171875,2460.8935546875,2460.8935546875,2460.8935546875,2461.162353515625,2460.8076171875,2460.9189453125,2461.4931640625,2460.939208984375,2522.0,2282.0
359.5,2461.016357421875,2460.8935546875,2460.8935546875,2460.8935546875,2461.162109375,2460.8076171875,2460.9189453125,2461.4931640625,2460.939208984375,2522.0,2282.0
359.75,2459.68505859375,2460.8935546875,2460.8935546875,2460.8935546875,2461.162109375,2460.8076171875,2460.9189453125,2461.4931640625,2460.939208984375,2522.0,2282.0
360.0,2459.686767578125,2460.8935546875,2460.8935546875,2460.8935546875,2461.162109375,2460.8076171875,2460.9189453125,2461.4931640625,2460.939208984375,2522.0,2282.0
360.25,2459.687255859375,2460.8935546875,2460.8935546875,2460.8935546875,2461.162109375,2460.8076171875,2460.9189453125,2461.4931640625,2460.939208984375,2522.0,2282.0
360.5,2459.686767578125,2460.8935546875,2460.8935546875,2460.8935546875,2461.162109375,2460.8076171875,2460.9189453125,2461.4931640625,2460.939208984375,2522.0,2282.0
360.75,2459.185302734375,2460.8935546875,2460.8935546875,2460.8935546875,2461.09521484375,2460.931396484375,2462.214599609375,2461.33154296875,2460.998046875,2522.0,2282.0
361.0,2459.185302734375,2460.8935546875,2460.8935546875,2460.8935546875,2461.09521484375,2460.931640625,2460.884765625,2461.33154296875,2460.998046875,2522.0,2282.0
361.25,2459.185546875,2460.8935546875,2460.8935546875,2460.8935546875,2461.09521484375,2462.261474609375,2460.884765625,2461.33154296875,2460.998046875,2522.0,2282.0
361.5,2460.51416015625,2460.8935546875,2460.8935546875,2460.8935546875,2461.09521484375,2460.931640625,2460.884765625,2461.33154296875,2460.998046875,2522.0,2282.0
361.75,2459.18359375,2460.8935546875,2460.893310546875,2460.8935546875,2461.09521484375,2460.931640625,2460.884765625,2461.33154296875,2460.998046875,2522.0,2282.0
362.0,2459.18505859375,2460.8935546875,2460.8935546875,2460.8935546875,2461.09521484375,2460.931640625,2460.884765625,2461.33154296875,2460.998046875,2522.0,2282.0
362.25,2459.18505859375,2460.8935546875,2460.8935546875,2460.8935546875,2461.09521484375,2460.931640625,2460.884765625,2461.33154296875,2460.998046875,2522.0,2282.0
362.5,2459.185302734375,2460.8935546875,2460.8935546875,2460.8935546875,2461.09521484375,2460.931640625,2460.884765625,2461.33154296875,2460.998046875,2522.0,2282.0
362.75,2458.22509765625,2460.8935546875,2460.8935546875,2460.8935546875,2461.127197265625,2460.8681640625,2460.916259765625,2461.558349609375,2461.00341796875,2522.0,2282.0
363.0,2458.224853515625,2460.8935546875,2460.8935546875,2462.223388671875,2461.127197265625,2460.8681640625,2460.916259765625,2461.55859375,2462.333251953125,2522.0,2282.0
363.25,2458.224609375,2460.8935546875,2460.8935546875,2460.8935546875,2461.127197265625,2460.867919921875,2460.916259765625,2461.55810546875,2461.00341796875,2522.0,2282.0
363.5,2458.224609375,2460.8935546875,2460.8935546875,2460.8935546875,2461.127197265625,2462.197998046875,2460.916259765625,2461.55859375,2461.00341796875,2522.0,2282.0
363.75,2458.224609375,2460.8935546875,2460.8935546875,2460.8935546875,2461.127197265625,2460.867919921875,2460.916259765625,2461.558349609375,2461.00341796875,2522.0,2282.0
364.0,2458.223388671875,2460.8935546875,2460.8935546875,2460.8935546875,2461.127197265625,2460.8681640625,2460.916259765625,2461.55859375,2461.00341796875,2522.0,2282.0
364.25,2458.22412109375,2460.8935546875,2460.8935546875,2460.8935546875,2461.127197265625,2460.867919921875,2460.916259765625,2461.558349609375,2461.00341796875,2522.0,2282.0
364.5,2458.22412109375,2460.8935546875,2460.8935546875,2460.8935546875,2461.12744140625,2460.8681640625,2460.916259765625,2461.55859375,2461.00341796875,2522.0,2282.0
364.75,2460.28125,2460.8935546875,2460.8935546875,2460.8935546875,2461.252197265625,2460.8017578125,2460.88134765625,2461.22119140625,2461.052978515625,2522.0,2282.0
365.0,2460.281005859375,2460.8935546875,2460.8935546875,2460.8935546875,2461.252197265625,2460.8017578125,2460.88134765625,2461.22119140625,2461.052734375,2522.0,2282.0
365.25,2460.28125,2460.8935546875,2460.8935546875,2462.223388671875,2461.252197265625,2460.8017578125,2460.88134765625,2461.22119140625,2461.052978515625,2522.0,2282.0
365.5,2460.28125,2460.8935546875,2460.8935546875,2460.8935546875,2461.252197265625,2460.8017578125,2460.881103515625,2461.22119140625,2461.052978515625,2522.0,2282.0
365.75,2460.28125,2460.8935546875,2460.8935546875,2460.8935546875,2461.251953125,2460.8017578125,2460.88134765625,2461.22119140625,2461.052978515625,2522.0,2282.0
366.0,2460.28125,2460.8935546875,2460.8935546875,2460.8935546875,2461.252197265625,2460.8017578125,2460.88134765625,2461.22119140625,2461.052978515625,2522.0,2282.0
366.25,2461.61083984375,2460.8935546875,2460.8935546875,2460.8935546875,2461.252197265625,2460.8017578125,2460.88134765625,2461.22119140625,2461.052978515625,2522.0,2282.0
366.5,2460.28076171875,2460.8935546875,2460.8935546875,2460.8935546875,2461.252197265625,2460.8017578125,2460.881103515625,2461.22119140625,2461.052978515625,2522.0,2282.0
366.75,2460.4345703125,2460.8935546875,2460.8935546875,2460.8935546875,2461.063232421875,2460.9951171875,2460.853271484375,2461.102783203125,2461.153564453125,2522.0,2282.0
367.0,2460.4345703125,2460.8935546875,2460.8935546875,2460.8935546875,2461.063232421875,2460.9951171875,2460.853271484375,2461.10302734375,2461.15478515625,2522.0,2282.0
367.25,2460.434326171875,2460.8935546875,2460.8935546875,2460.8935546875,2461.063232421875,2460.9951171875,2460.853271484375,2461.10302734375,2461.15478515625,2522.0,2282.0
367.5,2460.4345703125,2460.8935546875,2460.8935546875,2460.8935546875,2461.063232421875,2460.9951171875,2462.18310546875,2461.10302734375,2462.48486328125,2522.0,2282.0
367.75,2460.4345703125,2460.8935546875,2460.8935546875,2460.8935546875,2461.063232421875,2460.9951171875,2460.853271484375,2461.10302734375,2461.154052734375,2522.0,2282.0
368.0,2460.4345703125,2460.8935546875,2460.8935546875,2460.8935546875,2461.063232421875,2462.324951171875,2460.853271484375,2461.10302734375,2461.15478515625,2522.0,2282.0
368.25,2460.4345703125,2460.8935546875,2460.8935546875,2460.8935546875,2461.063232421875,2460.9951171875,2460.853271484375,2461.10302734375,2461.15478515625,2522.0,2282.0
368.5,2460.434326171875,2460.8935546875,2462.223388671875,2460.8935546875,2462.39306640625,2460.9951171875,2460.853271484375,2461.10302734375,2461.15478515625,2522.0,2282.0
368.75,2458.580078125,2460.8935546875,2460.8935546875,2460.8935546875,2462.422119140625,2460.9921875,2460.850341796875,2461.337646484375,2461.11328125,2522.0,2282.0
369.0,2458.5810546875,2460.8935546875,2460.8935546875,2460.8935546875,2461.09228515625,2460.991943359375,2460.850341796875,2461.337646484375,2461.11328125,2522.0,2282.0
369.25,2458.58154296875,2460.8935546875,2460.8935546875,2460.8935546875,2461.09228515625,2460.9921875,2460.85009765625,2461.337646484375,2461.11328125,2522.0,2282.0
369.5,2458.58154296875,2460.8935546875,2460.8935546875,2460.8935546875,2461.09228515625,2460.991943359375,2460.850341796875,2461.337646484375,2461.11328125,2522.0,2282.0
369.75,2458.581298828125,2460.8935546875,2460.8935546875,2462.223388671875,2461.09228515625,2460.991943359375,2460.85009765625,2461.337646484375,2461.11328125,2522.0,2282.0
370.0,2458.58154296875,2460.8935546875,2460.8935546875,2460.8935546875,2461.09228515625,2460.991943359375,2460.850341796875,2461.337646484375,2461.11328125,2522.0,2282.0
370.25,2458.58154296875,2460.8935546875,2460.8935546875,2460.8935546875,2461.09228515625,2462.322021484375,2460.85009765625,2461.337646484375,2461.11328125,2522.0,2282.0
370.5,2458.58154296875,2460.8935546875,2460.8935546875,2460.8935546875,2461.09228515625,2460.9921875,2460.850341796875,2461.337646484375,2461.11328125,2522.0,2282.0
370.75,2460.292724609375,2460.8935546875,2460.8935546875,2460.8935546875,2461.124267578125,2461.02392578125,2460.786865234375,2461.337646484375,2461.11328125,2522.0,2282.0
371.0,2458.9638671875,2460.8935546875,2460.8935546875,2460.8935546875,2461.124267578125,2461.02392578125,2460.786865234375,2461.337646484375,2461.11328125,2522.0,2282.0
371.25,2458.964111328125,2460.8935546875,2460.8935546875,2460.8935546875,2461.124267578125,2461.02392578125,2460.786865234375,2461.337646484375,2461.11328125,2522.0,2282.0
371.5,2458.964111328125,2460.8935546875,2460.8935546875,2460.8935546875,2461.124267578125,2461.02392578125,2460.786865234375,2461.337646484375,2461.11328125,2522.0,2282.0
371.75,2458.9638671875,2460.8935546875,2460.8935546875,2460.8935546875,2461.124267578125,2461.02392578125,2460.786865234375,2461.337646484375,2461.11328125,2522.0,2282.0
372.0,2458.964111328125,2460.8935546875,2460.8935546875,2460.8935546875,2461.124267578125,2461.02392578125,2460.786865234375,2461.337890625,2461.11328125,2522.0,2282.0
372.25,2458.964111328125,2462.223388671875,2460.8935546875,2460.8935546875,2461.124267578125,2462.35400390625,2460.786865234375,2462.667724609375,2461.11328125,2522.0,2282.0
372.5,2458.964111328125,2460.8935546875,2460.8935546875,2460.8935546875,2461.124267578125,2461.02392578125,2460.786865234375,2461.337646484375,2461.11328125,2522.0,2282.0
372.75,2462.0537109375,2460.8935546875,2460.8935546875,2460.8935546875,2460.9384765625,2460.99755859375,2460.951416015625,2461.302001953125,2461.0234375,2522.0,2282.0
373.0,2460.7236328125,2460.8935546875,2462.223388671875,2460.8935546875,2462.268310546875,2460.99755859375,2460.951416015625,2461.302001953125,2461.0234375,2522.0,2282.0
373.25,2460.722900390625,2460.8935546875,2460.8935546875,2460.8935546875,2460.9384765625,2460.99755859375,2460.951416015625,2461.302001953125,2461.0234375,2522.0,2282.0
373.5,2460.72314453125,2460.8935546875,2460.8935546875,2460.8935546875,2460.9384765625,2460.99755859375,2460.951416015625,2461.302001953125,2461.0234375,2522.0,2282.0
373.75,2460.722900390625,2460.8935546875,2460.8935546875,2460.8935546875,2460.9384765625,2460.99755859375,2460.951416015625,2461.302001953125,2461.0234375,2522.0,2282.0
374.0,2460.72314453125,2460.8935546875,2460.8935546875,2462.223388671875,2460.9384765625,2460.99755859375,2462.28125,2461.302001953125,2462.353515625,2522.0,2282.0
374.25,2460.72314453125,2460.8935546875,2460.8935546875,2460.8935546875,2460.9384765625,2460.99755859375,2462.28125,2461.302001953125,2462.353515625,2522.0,2282.0
374.5,2460.723388671875,2462.223388671875,2460.8935546875,2460.8935546875,2460.9384765625,2462.327392578125,2460.951416015625,2462.632080078125,2461.0234375,2522.0,2282.0
374.75,2461.779052734375,2460.8935546875,2460.8935546875,2460.8935546875,2460.810791015625,2461.029052734375,2461.046630859375,2461.2724609375,2461.049072265625,2522.0,2282.0
375.0,2461.779052734375,2460.8935546875,2460.8935546875,2460.8935546875,2460.810791015625,2461.029052734375,2461.046630859375,2461.2724609375,2461.049072265625,2522.0,2282.0
375.25,2460.448974609375,2460.8935546875,2462.223388671875,2460.8935546875,2462.140625,2461.029052734375,2461.046630859375,2461.2724609375,2461.049072265625,2522.0,2282.0
375.5,2460.448974609375,2460.8935546875,2460.8935546875,2460.8935546875,2460.810791015625,2461.029052734375,2461.046630859375,2461.2724609375,2461.049072265625,2522.0,2282.0
375.75,2460.449462890625,2460.8935546875,2460.8935546875,2460.8935546875,2460.810791015625,2461.029052734375,2461.046630859375,2461.2724609375,2461.049072265625,2522.0,2282.0
376.0,2460.449462890625,2460.8935546875,2460.8935546875,2460.8935546875,2460.810791015625,2461.029052734375,2461.046630859375,2461.2724609375,2461.049072265625,2522.0,2282.0
376.25,2460.44921875,2460.8935546875,2460.8935546875,2460.8935546875,2460.810791015625,2461.029052734375,2461.046630859375,2461.2724609375,2461.049072265625,2522.0,2282.0
376.5,2460.449462890625,2460.8935546875,2460.8935546875,2460.8935546875,2460.810791015625,2461.029052734375,2461.046630859375,2461.2724609375,2461.049072265625,2522.0,2282.0
376.75,2440.4423828125,2462.223388671875,2460.8935546875,2460.8935546875,2460.1884765625,2461.99462890625,2460.687255859375,2460.54296875,2460.32958984375,2522.0,2282.0
377.0,2440.442626953125,2460.8935546875,2460.8935546875,2460.8935546875,2460.1884765625,2460.664794921875,2460.687255859375,2459.2138671875,2460.32958984375,2522.0,2282.0
377.25,2440.441650390625,2460.8935546875,2460.8935546875,2460.8935546875,2460.1884765625,2460.664794921875,2460.687255859375,2459.2138671875,2460.32958984375,2522.0,2282.0
377.5,2440.441650390625,2460.8935546875,2462.223388671875,2460.8935546875,2461.517822265625,2460.664794921875,2460.687255859375,2459.2138671875,2460.329833984375,2522.0,2282.0
377.75,2440.44140625,2460.8935546875,2460.8935546875,2460.8935546875,2460.188232421875,2460.664794921875,2460.687255859375,2459.21435546875,2460.329833984375,2522.0,2282.0
378.0,2441.76025390625,2460.8935546875,2460.8935546875,2460.8935546875,2460.1884765625,2460.664794921875,2460.687255859375,2459.2138671875,2460.32958984375,2522.0,2282.0
378.25,2440.443115234375,2460.8935546875,2460.8935546875,2460.8935546875,2460.188232421875,2460.664794921875,2460.687255859375,2459.2138671875,2460.32958984375,2522.0,2282.0
378.5,2440.442138671875,2460.8935546875,2460.8935546875,2462.223388671875,2460.1884765625,2460.664794921875,2462.01708984375,2459.214111328125,2461.6591796875,2522.0,2282.0
378.75,2439.554443359375,2460.8935546875,2460.8935546875,2460.8935546875,2460.2509765625,2460.69677734375,2461.921630859375,2459.16259765625,2460.33349609375,2522.0,2282.0
379.0,2439.55419921875,2462.223388671875,2460.8935546875,2460.8935546875,2460.2509765625,2462.0263671875,2460.592041015625,2460.491455078125,2460.33349609375,2522.0,2282.0
379.25,2439.553466796875,2460.8935546875,2460.8935546875,2460.8935546875,2460.2509765625,2460.69677734375,2460.592041015625,2459.16259765625,2460.33349609375,2522.0,2282.0
379.5,2439.553466796875,2460.8935546875,2462.223388671875,2460.8935546875,2460.2509765625,2460.69677734375,2460.592041015625,2459.16259765625,2460.33349609375,2522.0,2282.0
379.75,2439.553466796875,2460.8935546875,2462.223388671875,2460.8935546875,2461.58056640625,2460.69677734375,2460.592041015625,2459.16259765625,2460.33349609375,2522.0,2282.0
380.0,2439.553466796875,2460.8935546875,2460.8935546875,2460.8935546875,2460.2509765625,2460.69677734375,2460.592041015625,2459.16259765625,2460.333740234375,2522.0,2282.0
380.25,2439.553466796875,2460.8935546875,2460.8935546875,2460.8935546875,2460.2509765625,2460.69677734375,2460.592041015625,2459.16259765625,2460.33349609375,2522.0,2282.0
380.5,2439.5537109375,2460.8935546875,2460.8935546875,2460.8935546875,2460.2509765625,2460.69677734375,2460.592041015625,2459.16259765625,2460.33349609375,2522.0,2282.0
380.75,2440.005126953125,2460.8935546875,2460.8935546875,2460.8935546875,2460.3212890625,2460.639404296875,2460.534423828125,2459.23583984375,2460.35107421875,2522.0,2282.0
381.0,2440.005859375,2460.8935546875,2460.8935546875,2460.8935546875,2460.3212890625,2460.639404296875,2461.864013671875,2459.23583984375,2460.35107421875,2522.0,2282.0
381.25,2440.0068359375,2460.8935546875,2460.8935546875,2460.8935546875,2460.3212890625,2460.639404296875,2460.534423828125,2459.236328125,2460.35107421875,2522.0,2282.0
381.5,2440.0048828125,2460.8935546875,2460.8935546875,2460.8935546875,2460.3212890625,2460.639404296875,2460.534423828125,2459.23583984375,2460.35107421875,2522.0,2282.0
381.75,2440.0048828125,2460.8935546875,2460.8935546875,2460.8935546875,2460.3212890625,2460.639404296875,2460.534423828125,2459.23583984375,2460.35107421875,2522.0,2282.0
382.0,2440.005126953125,2460.8935546875,2462.223388671875,2460.8935546875,2461.65087890625,2460.639404296875,2460.534423828125,2459.23583984375,2460.35107421875,2522.0,2282.0
382.25,2440.005126953125,2460.8935546875,2460.8935546875,2460.8935546875,2460.3212890625,2460.639404296875,2460.534423828125,2459.236083984375,2460.351318359375,2522.0,2282.0
382.5,2441.326171875,2460.8935546875,2460.8935546875,2460.8935546875,2460.3212890625,2460.639404296875,2460.534423828125,2459.23583984375,2460.35107421875,2522.0,2282.0
382.75,2439.49609375,2460.8935546875,2460.8935546875,2460.8935546875,2460.306396484375,2460.656005859375,2460.64599609375,2459.15478515625,2460.380615234375,2522.0,2282.0
383.0,2439.49609375,2460.8935546875,2460.8935546875,2460.8935546875,2460.306396484375,2460.656005859375,2460.64599609375,2459.15478515625,2460.380615234375,2522.0,2282.0
383.25,2439.49658203125,2460.8935546875,2460.8935546875,2460.8935546875,2460.306396484375,2460.656005859375,2461.975830078125,2459.15478515625,2460.380615234375,2522.0,2282.0
383.5,2439.495849609375,2462.223388671875,2460.8935546875,2460.8935546875,2460.306396484375,2461.985595703125,2460.64599609375,2460.483642578125,2460.380615234375,2522.0,2282.0
383.75,2439.496337890625,2460.8935546875,2460.8935546875,2460.8935546875,2460.306396484375,2461.985595703125,2460.64599609375,2459.15478515625,2460.380615234375,2522.0,2282.0
384.0,2439.495849609375,2460.8935546875,2460.8935546875,2460.8935546875,2460.306396484375,2460.656005859375,2460.64599609375,2459.15478515625,2460.380615234375,2522.0,2282.0
384.25,2439.495849609375,2460.8935546875,2462.223388671875,2460.8935546875,2461.635986328125,2460.656005859375,2460.64599609375,2459.15478515625,2460.380615234375,2522.0,2282.0
384.5,2439.495849609375,2460.8935546875,2460.8935546875,2460.8935546875,2460.306396484375,2460.656005859375,2460.64599609375,2459.155029296875,2460.380615234375,2522.0,2282.0
384.75,2414.64013671875,2460.8935546875,2460.8935546875,2460.8935546875,2459.525634765625,2460.1982421875,2460.0361328125,2456.595458984375,2459.44287109375,2522.0,2282.0
385.0,2414.64013671875,2460.8935546875,2460.8935546875,2460.8935546875,2459.52587890625,2460.1982421875,2460.0361328125,2456.595458984375,2459.44287109375,2522.0,2282.0
385.25,2414.638671875,2460.8935546875,2460.8935546875,2460.8935546875,2459.525634765625,2460.1982421875,2460.0361328125,2456.595703125,2459.44287109375,2522.0,2282.0
385.5,2414.6376953125,2460.8935546875,2460.8935546875,2460.8935546875,2459.525634765625,2460.1982421875,2460.0361328125,2456.595458984375,2459.44287109375,2522.0,2282.0
385.75,2414.637451171875,2460.8935546875,2460.8935546875,2460.8935546875,2459.52587890625,2460.1982421875,2460.0361328125,2456.595458984375,2459.44287109375,2522.0,2282.0
386.0,2414.6435546875,2460.8935546875,2460.8935546875,2460.8935546875,2459.525634765625,2460.1982421875,2460.0361328125,2456.595458984375,2459.44287109375,2522.0,2282.0
386.25,2414.6376953125,2460.8935546875,2460.8935546875,2460.8935546875,2459.525634765625,2460.1982421875,2460.0361328125,2456.595458984375,2459.44287109375,2522.0,2282.0
386.5,2414.6376953125,2460.8935546875,2460.8935546875,2460.8935546875,2459.525634765625,2460.1982421875,2460.0361328125,2456.595458984375,2459.443359375,2522.0,2282.0
386.75,2414.4365234375,2460.8935546875,2460.8935546875,2460.8935546875,2459.53564453125,2460.242919921875,2460.11181640625,2456.353271484375,2459.53173828125,2522.0,2282.0
387.0,2414.439453125,2460.8935546875,2460.8935546875,2460.8935546875,2459.53564453125,2460.242919921875,2460.11181640625,2456.352294921875,2459.531494140625,2522.0,2282.0
387.25,2414.437744140625,2460.8935546875,2460.8935546875,2462.223388671875,2459.53564453125,2460.242919921875,2460.11181640625,2456.352294921875,2460.860595703125,2522.0,2282.0
387.5,2414.436767578125,2460.8935546875,2460.8935546875,2462.223388671875,2459.53564453125,2460.2431640625,2461.441162109375,2456.352294921875,2460.860595703125,2522.0,2282.0
387.75,2414.436767578125,2462.223388671875,2460.8935546875,2460.8935546875,2459.53564453125,2460.2431640625,2460.11181640625,2456.353759765625,2459.53125,2522.0,2282.0
388.0,2414.443115234375,2460.8935546875,2460.8935546875,2460.8935546875,2459.53564453125,2460.242919921875,2460.11181640625,2456.352294921875,2459.531494140625,2522.0,2282.0
388.25,2414.436767578125,2460.8935546875,2460.8935546875,2460.8935546875,2459.53564453125,2460.2431640625,2460.11181640625,2456.352294921875,2459.531494140625,2522.0,2282.0
388.5,2414.436767578125,2460.8935546875,2462.223388671875,2460.8935546875,2459.53564453125,2460.242919921875,2460.11181640625,2456.352294921875,2459.531494140625,2522.0,2282.0
388.75,2416.5732421875,2460.8935546875,2460.8935546875,2460.8935546875,2459.61181640625,2460.064208984375,2460.12353515625,2456.41943359375,2459.433837890625,2522.0,2282.0
389.0,2416.576171875,2460.8935546875,2460.8935546875,2460.8935546875,2459.61181640625,2460.064208984375,2460.12353515625,2456.41943359375,2459.433349609375,2522.0,2282.0
389.25,2416.5732421875,2460.8935546875,2460.8935546875,2460.8935546875,2459.61181640625,2460.064208984375,2460.12353515625,2456.41943359375,2459.433349609375,2522.0,2282.0
389.5,2416.573486328125,2460.8935546875,2460.8935546875,2460.8935546875,2459.61181640625,2460.064208984375,2460.12353515625,2456.41943359375,2459.433349609375,2522.0,2282.0
389.75,2416.5732421875,2460.8935546875,2460.8935546875,2462.223388671875,2459.61181640625,2460.064208984375,2461.453125,2456.41943359375,2460.762451171875,2522.0,2282.0
390.0,2417.8857421875,2462.223388671875,2460.8935546875,2460.8935546875,2459.61181640625,2460.064208984375,2460.12353515625,2456.4208984375,2459.433349609375,2522.0,2282.0
390.25,2416.57861328125,2460.8935546875,2460.8935546875,2460.8935546875,2459.612060546875,2460.064208984375,2460.12353515625,2456.41943359375,2459.433349609375,2522.0,2282.0
390.5,2416.5732421875,2460.8935546875,2460.8935546875,2460.8935546875,2459.61181640625,2460.064208984375,2460.12353515625,2456.41943359375,2459.433349609375,2522.0,2282.0
390.75,2415.1943359375,2460.8935546875,2462.223388671875,2460.8935546875,2459.612060546875,2460.09619140625,2460.092041015625,2456.49267578125,2459.450927734375,2522.0,2282.0
391.0,2415.1943359375,2460.8935546875,2460.8935546875,2460.8935546875,2459.612060546875,2460.09619140625,2460.092041015625,2456.493408203125,2459.451416015625,2522.0,2282.0
391.25,2415.197021484375,2460.8935546875,2460.8935546875,2460.8935546875,2459.612060546875,2460.09619140625,2460.091796875,2456.493408203125,2459.451416015625,2522.0,2282.0
391.5,2415.198974609375,2460.8935546875,2460.8935546875,2460.8935546875,2459.612060546875,2460.09619140625,2460.092041015625,2456.49267578125,2459.450927734375,2522.0,2282.0
391.75,2415.195556640625,2460.8935546875,2460.8935546875,2460.8935546875,2459.612060546875,2460.09619140625,2460.092041015625,2456.49267578125,2459.450927734375,2522.0,2282.0
392.0,2415.1943359375,2460.8935546875,2460.8935546875,2460.8935546875,2459.612060546875,2460.09619140625,2460.092041015625,2456.49267578125,2459.450927734375,2522.0,2282.0
392.25,2415.1943359375,2460.8935546875,2460.8935546875,2460.8935546875,2459.612060546875,2460.09619140625,2460.092041015625,2456.49267578125,2459.45068359375,2522.0,2282.0
392.5,2416.50634765625,2460.8935546875,2460.8935546875,2460.8935546875,2459.612060546875,2460.09619140625,2460.092041015625,2456.49267578125,2459.450927734375,2522.0,2282.0
392.75,2419.0185546875,2460.8935546875,2460.8935546875,2460.8935546875,2459.552978515625,2460.3232421875,2460.128662109375,2456.857421875,2459.701171875,2522.0,2282.0
393.0,2419.018310546875,2460.8935546875,2462.223388671875,2460.8935546875,2459.552978515625,2460.3232421875,2460.128662109375,2456.857421875,2459.701171875,2522.0,2282.0
393.25,2419.02294921875,2460.8935546875,2460.8935546875,2460.8935546875,2459.552978515625,2460.3232421875,2460.128662109375,2456.858154296875,2459.701416015625,2522.0,2282.0
393.5,2419.021484375,2460.8935546875,2460.8935546875,2460.8935546875,2459.552978515625,2460.3232421875,2460.128662109375,2456.857421875,2459.701416015625,2522.0,2282.0
393.75,2419.018310546875,2460.8935546875,2460.8935546875,2460.8935546875,2459.552978515625,2460.3232421875,2460.128662109375,2456.857421875,2459.701171875,2522.0,2282.0
394.0,2419.018310546875,2460.8935546875,2460.8935546875,2460.8935546875,2459.552978515625,2460.3232421875,2460.128662109375,2456.857421875,2461.0302734375,2522.0,2282.0
394.25,2419.018310546875,2460.8935546875,2460.8935546875,2462.223388671875,2459.552978515625,2460.3232421875,2461.458251953125,2456.857421875,2461.0302734375,2522.0,2282.0
394.5,2419.023193359375,2462.223388671875,2460.8935546875,2460.8935546875,2459.552978515625,2460.3232421875,2460.128662109375,2456.85888671875,2459.701171875,2522.0,2282.0
394.75,2418.48681640625,2460.8935546875,2460.8935546875,2460.8935546875,2459.526611328125,2460.361572265625,2460.072021484375,2456.9384765625,2459.671630859375,2522.0,2282.0
395.0,2418.486572265625,2460.8935546875,2460.8935546875,2460.8935546875,2459.526611328125,2460.361572265625,2460.072021484375,2456.9384765625,2459.671630859375,2522.0,2282.0
395.25,2418.486572265625,2460.8935546875,2462.223388671875,2460.8935546875,2459.526611328125,2460.361572265625,2460.072021484375,2456.9384765625,2459.671630859375,2522.0,2282.0
395.5,2418.490478515625,2460.8935546875,2460.8935546875,2460.8935546875,2459.526611328125,2460.361572265625,2460.072021484375,2456.939208984375,2459.671875,2522.0,2282.0
395.75,2418.487548828125,2460.8935546875,2460.8935546875,2460.8935546875,2459.526611328125,2460.361572265625,2460.072021484375,2456.9384765625,2459.671630859375,2522.0,2282.0
396.0,2418.486572265625,2460.8935546875,2460.8935546875,2460.8935546875,2459.526611328125,2460.361572265625,2460.072021484375,2456.9384765625,2459.671630859375,2522.0,2282.0
396.25,2418.486572265625,2460.8935546875,2460.8935546875,2460.8935546875,2459.526611328125,2460.361572265625,2460.072021484375,2456.9384765625,2459.671630859375,2522.0,2282.0
396.5,2418.486572265625,2460.8935546875,2460.8935546875,2460.8935546875,2459.526611328125,2460.361572265625,2460.072021484375,2456.9384765625,2459.67138671875,2522.0,2282.0
396.75,2419.4560546875,2460.8935546875,2460.8935546875,2460.8935546875,2459.5234375,2460.358642578125,2460.10009765625,2457.01953125,2459.64208984375,2522.0,2282.0
397.0,2418.154541015625,2460.8935546875,2460.8935546875,2460.8935546875,2459.523681640625,2460.358642578125,2460.10009765625,2457.019775390625,2459.64208984375,2522.0,2282.0
397.25,2418.149169921875,2460.8935546875,2460.8935546875,2460.8935546875,2459.5234375,2460.358642578125,2460.10009765625,2457.01953125,2459.64208984375,2522.0,2282.0
397.5,2418.149169921875,2460.8935546875,2460.8935546875,2460.8935546875,2460.852783203125,2460.358642578125,2460.10009765625,2457.01953125,2459.64208984375,2522.0,2282.0
397.75,2418.151611328125,2460.8935546875,2460.8935546875,2460.8935546875,2459.523681640625,2460.358642578125,2460.10009765625,2457.01953125,2459.642578125,2522.0,2282.0
398.0,2418.153076171875,2460.8935546875,2460.8935546875,2460.8935546875,2459.523681640625,2460.358642578125,2460.10009765625,2457.01953125,2459.642578125,2522.0,2282.0
398.25,2418.1494140625,2460.8935546875,2460.8935546875,2460.8935546875,2459.523681640625,2460.358642578125,2460.10009765625,2457.01953125,2459.64208984375,2522.0,2282.0
398.5,2418.149169921875,2460.8935546875,2460.8935546875,2460.8935546875,2459.523681640625,2460.358642578125,2460.10009765625,2457.019775390625,2459.64208984375,2522.0,2282.0
398.75,2417.6826171875,2460.8935546875,2460.8935546875,2462.223388671875,2459.5908203125,2460.330078125,2461.368896484375,2457.12255859375,2460.96337890625,2522.0,2282.0
399.0,2417.6826171875,2462.223388671875,2460.8935546875,2460.8935546875,2459.5908203125,2460.330078125,2460.03955078125,2457.123779296875,2459.634033203125,2522.0,2282.0
399.25,2417.682861328125,2460.8935546875,2460.8935546875,2460.8935546875,2459.5908203125,2460.330078125,2460.03955078125,2457.12255859375,2459.634033203125,2522.0,2282.0
399.5,2417.682861328125,2460.8935546875,2460.8935546875,2460.8935546875,2459.5908203125,2460.330078125,2460.03955078125,2457.12255859375,2459.634033203125,2522.0,2282.0
399.75,2417.6826171875,2460.8935546875,2462.223388671875,2460.8935546875,2459.5908203125,2460.330078125,2460.03955078125,2457.12255859375,2459.63427734375,2522.0,2282.0
400.0,2417.684326171875,2460.8935546875,2460.8935546875,2460.8935546875,2459.5908203125,2460.330078125,2460.03955078125,2457.123291015625,2459.634521484375,2522.0,2282.0
400.25,2417.682861328125,2460.8935546875,2460.8935546875,2460.8935546875,2459.5908203125,2460.330078125,2460.03955078125,2457.12255859375,2459.63427734375,2522.0,2282.0
400.5,2417.6826171875,2460.8935546875,2460.8935546875,2460.8935546875,2459.5908203125,2460.330078125,2460.03955078125,2457.12255859375,2459.634033203125,2522.0,2282.0
400.75,2416.75537109375,2460.8935546875,2460.8935546875,2460.8935546875,2459.710205078125,2460.3212890625,2459.99853515625,2457.298583984375,2459.643798828125,2522.0,2282.0
401.0,2416.75537109375,2460.8935546875,2460.8935546875,2460.8935546875,2459.71044921875,2460.3212890625,2459.998291015625,2457.298583984375,2459.6435546875,2522.0,2282.0
401.25,2418.061279296875,2460.8935546875,2460.8935546875,2460.8935546875,2459.710205078125,2460.3212890625,2459.998291015625,2457.298583984375,2459.6435546875,2522.0,2282.0
401.5,2416.75537109375,2460.8935546875,2460.8935546875,2460.8935546875,2459.710205078125,2460.3212890625,2459.998291015625,2457.298583984375,2459.6435546875,2522.0,2282.0
401.75,2416.755126953125,2460.8935546875,2460.8935546875,2460.8935546875,2459.710205078125,2460.3212890625,2459.998291015625,2457.298583984375,2459.643798828125,2522.0,2282.0
402.0,2416.755126953125,2460.8935546875,2460.8935546875,2460.8935546875,2461.03955078125,2460.3212890625,2459.998291015625,2457.298583984375,2459.6435546875,2522.0,2282.0
402.25,2416.75732421875,2460.8935546875,2460.8935546875,2460.8935546875,2459.710205078125,2460.3212890625,2459.998291015625,2457.298583984375,2459.64404296875,2522.0,2282.0
402.5,2416.757568359375,2460.893310546875,2460.8935546875,2460.8935546875,2459.710205078125,2460.3212890625,2459.998291015625,2457.298583984375,2459.64404296875,2522.0,2282.0
402.75,2416.72509765625,2460.8935546875,2460.8935546875,2460.8935546875,2459.70556640625,2460.346923828125,2460.02392578125,2457.2470703125,2459.647705078125,2522.0,2282.0
403.0,2416.72509765625,2460.8935546875,2460.8935546875,2460.8935546875,2459.70556640625,2460.346923828125,2460.02392578125,2457.2470703125,2459.647705078125,2522.0,2282.0
403.25,2416.72509765625,2460.8935546875,2460.8935546875,2462.223388671875,2459.70556640625,2460.346923828125,2461.353271484375,2457.2470703125,2460.976806640625,2522.0,2282.0
403.5,2418.031005859375,2462.223388671875,2460.8935546875,2460.8935546875,2459.705322265625,2460.346923828125,2460.02392578125,2457.248291015625,2459.647705078125,2522.0,2282.0
403.75,2416.730224609375,2460.8935546875,2460.8935546875,2460.8935546875,2459.70556640625,2460.346923828125,2460.02392578125,2457.2470703125,2459.6474609375,2522.0,2282.0
404.0,2416.72509765625,2460.8935546875,2460.893310546875,2460.8935546875,2459.705322265625,2460.346923828125,2460.02392578125,2457.2470703125,2459.647705078125,2522.0,2282.0
404.25,2416.72509765625,2460.8935546875,2462.223388671875,2460.8935546875,2459.70556640625,2460.346923828125,2460.02392578125,2457.2470703125,2459.647705078125,2522.0,2282.0
404.5,2416.726806640625,2460.8935546875,2460.8935546875,2460.8935546875,2459.705322265625,2460.346923828125,2460.02392578125,2457.248046875,2459.64794921875,2522.0,2282.0
404.75,2417.10009765625,2460.8935546875,2460.8935546875,2460.8935546875,2459.710693359375,2460.353271484375,2459.966552734375,2457.100830078125,2459.613037109375,2522.0,2282.0
405.0,2417.0966796875,2460.8935546875,2460.8935546875,2460.8935546875,2459.710693359375,2460.353271484375,2459.966552734375,2457.1005859375,2459.612548828125,2522.0,2282.0
405.25,2417.0966796875,2460.8935546875,2460.8935546875,2460.8935546875,2459.710693359375,2460.353271484375,2459.966552734375,2457.1005859375,2459.612548828125,2522.0,2282.0
405.5,2417.096923828125,2460.8935546875,2460.8935546875,2460.8935546875,2459.710693359375,2460.35302734375,2459.966552734375,2457.1005859375,2459.612548828125,2522.0,2282.0
405.75,2418.40966796875,2462.223388671875,2460.8935546875,2460.8935546875,2459.710693359375,2460.353271484375,2459.966552734375,2457.10205078125,2459.612548828125,2522.0,2282.0
406.0,2417.10205078125,2460.8935546875,2460.8935546875,2460.8935546875,2459.710693359375,2460.353271484375,2459.966552734375,2457.1005859375,2459.612548828125,2522.0,2282.0
406.25,2417.0966796875,2460.8935546875,2460.8935546875,2460.8935546875,2459.710693359375,2460.353271484375,2459.966552734375,2457.100830078125,2459.612548828125,2522.0,2282.0
406.5,2417.0966796875,2460.8935546875,2462.223388671875,2460.8935546875,2459.710693359375,2460.353271484375,2459.966552734375,2457.1005859375,2459.612548828125,2522.0,2282.0
406.75,2416.7236328125,2460.8935546875,2460.8935546875,2460.8935546875,2459.73974609375,2460.350341796875,2459.96337890625,2457.1005859375,2459.613037109375,2522.0,2282.0
407.0,2416.72412109375,2460.8935546875,2460.8935546875,2460.8935546875,2459.73974609375,2460.350341796875,2459.96337890625,2457.1005859375,2459.612548828125,2522.0,2282.0
407.25,2416.7216796875,2460.8935546875,2460.8935546875,2460.8935546875,2459.73974609375,2460.350341796875,2459.96337890625,2457.1005859375,2459.612548828125,2522.0,2282.0
407.5,2416.721435546875,2460.8935546875,2460.8935546875,2460.8935546875,2459.73974609375,2460.350341796875,2459.96337890625,2457.1005859375,2459.612548828125,2522.0,2282.0
407.75,2416.7216796875,2460.8935546875,2460.8935546875,2460.8935546875,2459.73974609375,2460.350341796875,2459.96337890625,2457.1005859375,2459.612548828125,2522.0,2282.0
408.0,2416.7216796875,2460.8935546875,2460.8935546875,2460.8935546875,2459.73974609375,2460.350341796875,2459.96337890625,2457.1005859375,2459.612548828125,2522.0,2282.0
408.25,2418.033935546875,2462.223388671875,2460.8935546875,2460.8935546875,2459.73974609375,2461.6796875,2459.96337890625,2458.428466796875,2459.612548828125,2522.0,2282.0
408.5,2416.7216796875,2460.8935546875,2460.8935546875,2460.8935546875,2459.73974609375,2460.350341796875,2459.96337890625,2457.1005859375,2459.61279296875,2522.0,2282.0
408.75,2416.380859375,2460.8935546875,2462.223388671875,2460.8935546875,2459.707763671875,2460.318603515625,2460.02685546875,2457.144287109375,2459.655517578125,2522.0,2282.0
409.0,2416.378662109375,2460.8935546875,2460.8935546875,2460.8935546875,2459.707763671875,2460.318603515625,2460.02685546875,2457.14501953125,2459.656005859375,2522.0,2282.0
409.25,2416.381591796875,2460.8935546875,2460.8935546875,2460.8935546875,2459.707763671875,2460.318603515625,2460.02685546875,2457.14501953125,2459.656005859375,2522.0,2282.0
409.5,2416.378662109375,2460.8935546875,2460.8935546875,2460.8935546875,2459.707763671875,2460.318603515625,2460.02685546875,2457.144287109375,2459.65576171875,2522.0,2282.0
409.75,2416.378662109375,2460.8935546875,2460.8935546875,2460.8935546875,2459.707763671875,2460.318603515625,2460.02685546875,2457.144287109375,2459.655517578125,2522.0,2282.0
410.0,2416.378662109375,2460.8935546875,2460.8935546875,2462.223388671875,2459.707763671875,2460.318603515625,2461.356201171875,2457.144287109375,2460.98486328125,2522.0,2282.0
410.25,2417.684326171875,2462.223388671875,2460.8935546875,2460.8935546875,2459.707763671875,2460.318603515625,2460.02685546875,2457.1455078125,2459.655517578125,2522.0,2282.0
410.5,2417.69091796875,2460.8935546875,2460.8935546875,2460.8935546875,2459.707763671875,2460.318603515625,2460.02685546875,2457.144287109375,2459.655517578125,2522.0,2282.0
410.75,2417.56787109375,2460.8935546875,2460.8935546875,2460.8935546875,2459.7109375,2460.2255859375,2460.09326171875,2457.049072265625,2459.61669921875,2522.0,2282.0
411.0,2417.56982421875,2460.8935546875,2460.8935546875,2460.8935546875,2461.0400390625,2460.2255859375,2460.09326171875,2457.04931640625,2459.61669921875,2522.0,2282.0
411.25,2417.56982421875,2460.8935546875,2462.223388671875,2460.8935546875,2461.0400390625,2460.2255859375,2460.09326171875,2457.04931640625,2459.616943359375,2522.0,2282.0
411.5,2417.567138671875,2460.8935546875,2460.8935546875,2460.8935546875,2459.7109375,2460.2255859375,2460.09326171875,2457.04931640625,2459.616455078125,2522.0,2282.0
411.75,2417.567626953125,2460.8935546875,2460.8935546875,2460.8935546875,2459.7109375,2460.2255859375,2460.09326171875,2457.04931640625,2459.61669921875,2522.0,2282.0
412.0,2417.5673828125,2460.8935546875,2460.8935546875,2460.8935546875,2459.7109375,2460.2255859375,2460.09326171875,2457.04931640625,2459.616455078125,2522.0,2282.0
412.25,2417.5673828125,2460.8935546875,2460.8935546875,2462.223388671875,2459.7109375,2460.2255859375,2461.422607421875,2457.04931640625,2460.94580078125,2522.0,2282.0
412.5,2418.880126953125,2462.223388671875,2460.8935546875,2460.8935546875,2459.7109375,2460.2255859375,2460.09326171875,2457.050537109375,2459.616455078125,2522.0,2282.0
412.75,2417.867431640625,2460.8935546875,2460.8935546875,2460.8935546875,2459.620361328125,2460.262939453125,2460.100341796875,2457.005615234375,2459.573486328125,2522.0,2282.0
413.0,2417.866943359375,2460.8935546875,2460.8935546875,2460.8935546875,2459.62060546875,2460.262939453125,2460.10009765625,2457.005615234375,2459.573486328125,2522.0,2282.0
413.25,2417.866943359375,2460.8935546875,2462.223388671875,2460.8935546875,2459.620361328125,2460.262939453125,2460.100341796875,2457.005615234375,2459.573486328125,2522.0,2282.0
413.5,2417.869140625,2460.8935546875,2460.8935546875,2460.8935546875,2459.62060546875,2460.26318359375,2460.10009765625,2457.006591796875,2459.573974609375,2522.0,2282.0
413.75,2417.87060546875,2460.8935546875,2460.8935546875,2460.8935546875,2459.62060546875,2460.262939453125,2460.100341796875,2457.00634765625,2459.573974609375,2522.0,2282.0
414.0,2417.866943359375,2460.8935546875,2460.8935546875,2460.8935546875,2459.62060546875,2460.262939453125,2460.100341796875,2457.005615234375,2459.573486328125,2522.0,2282.0
414.25,2417.866943359375,2460.8935546875,2460.8935546875,2460.8935546875,2459.62060546875,2460.262939453125,2460.100341796875,2457.005615234375,2459.573486328125,2522.0,2282.0
414.5,2417.866943359375,2460.8935546875,2460.8935546875,2460.8935546875,2459.62060546875,2460.26318359375,2460.100341796875,2457.005615234375,2459.573486328125,2522.0,2282.0
414.75,2418.78125,2460.8935546875,2460.8935546875,2460.8935546875,2459.55615234375,2460.262939453125,2460.163330078125,2456.910400390625,2459.534423828125,2522.0,2282.0
415.0,2418.781494140625,2460.8935546875,2460.8935546875,2460.8935546875,2459.55615234375,2460.262939453125,2460.163330078125,2456.91064453125,2459.534423828125,2522.0,2282.0
415.25,2418.781494140625,2460.8935546875,2460.8935546875,2460.8935546875,2459.55615234375,2460.262939453125,2460.163330078125,2456.910400390625,2459.53466796875,2522.0,2282.0
415.5,2418.78125,2460.8935546875,2460.8935546875,2460.8935546875,2460.88525390625,2460.262939453125,2460.163330078125,2456.910400390625,2459.534423828125,2522.0,2282.0
415.75,2418.78369140625,2460.8935546875,2460.8935546875,2460.8935546875,2459.55615234375,2460.262939453125,2460.163330078125,2456.910400390625,2459.534912109375,2522.0,2282.0
416.0,2418.78125,2460.8935546875,2460.8935546875,2460.8935546875,2459.55615234375,2460.262939453125,2460.163330078125,2456.910400390625,2459.53466796875,2522.0,2282.0
416.25,2418.78125,2460.8935546875,2460.8935546875,2460.8935546875,2459.55615234375,2460.262939453125,2460.163330078125,2456.910400390625,2459.53466796875,2522.0,2282.0
416.5,2418.78125,2460.8935546875,2460.8935546875,2460.8935546875,2459.55615234375,2460.262939453125,2460.163330078125,2456.910400390625,2459.534423828125,2522.0,2282.0
416.75,2418.008544921875,2460.8935546875,2460.8935546875,2462.223388671875,2459.5498046875,2460.288818359375,2461.518798828125,2457.137939453125,2460.869140625,2522.0,2282.0
417.0,2418.01953125,2462.223388671875,2460.8935546875,2460.8935546875,2459.5498046875,2460.288818359375,2460.189208984375,2457.13916015625,2459.5400390625,2522.0,2282.0
417.25,2418.0087890625,2460.8935546875,2460.8935546875,2460.8935546875,2459.5498046875,2460.288818359375,2460.189208984375,2457.137939453125,2459.5400390625,2522.0,2282.0
417.5,2418.008544921875,2460.8935546875,2460.8935546875,2460.8935546875,2459.5498046875,2460.288818359375,2460.189208984375,2457.137939453125,2459.5400390625,2522.0,2282.0
417.75,2418.008544921875,2460.8935546875,2460.8935546875,2460.8935546875,2460.87890625,2460.288818359375,2460.189208984375,2457.13818359375,2459.5400390625,2522.0,2282.0
418.0,2418.011474609375,2460.8935546875,2460.8935546875,2460.8935546875,2459.5498046875,2460.288818359375,2460.189208984375,2457.137939453125,2459.5400390625,2522.0,2282.0
418.25,2418.009033203125,2460.8935546875,2460.8935546875,2460.8935546875,2459.5498046875,2460.288818359375,2460.189208984375,2457.13818359375,2459.5400390625,2522.0,2282.0
418.5,2418.008544921875,2460.8935546875,2460.8935546875,2460.8935546875,2459.5498046875,2460.288818359375,2460.189208984375,2457.137939453125,2459.5400390625,2522.0,2282.0
418.75,2417.41162109375,2460.8935546875,2460.8935546875,2460.8935546875,2459.616943359375,2460.26025390625,2460.128662109375,2457.189453125,2460.865234375,2522.0,2282.0
419.0,2418.724365234375,2460.8935546875,2460.8935546875,2460.8935546875,2459.616943359375,2460.26025390625,2460.128662109375,2457.189453125,2459.535888671875,2522.0,2282.0
419.25,2418.724365234375,2462.223388671875,2460.8935546875,2460.8935546875,2459.616943359375,2460.26025390625,2460.128662109375,2457.190673828125,2459.5361328125,2522.0,2282.0
419.5,2417.411865234375,2460.8935546875,2460.8935546875,2460.8935546875,2459.616943359375,2460.26025390625,2460.128662109375,2457.189453125,2459.5361328125,2522.0,2282.0
419.75,2417.41162109375,2460.8935546875,2460.8935546875,2460.8935546875,2459.616943359375,2460.26025390625,2460.128662109375,2457.189453125,2459.5361328125,2522.0,2282.0
420.0,2417.41162109375,2460.8935546875,2460.8935546875,2460.8935546875,2460.946044921875,2460.26025390625,2460.128662109375,2457.189453125,2459.5361328125,2522.0,2282.0
420.25,2417.413330078125,2460.8935546875,2460.8935546875,2460.8935546875,2459.616943359375,2460.26025390625,2460.128662109375,2457.1904296875,2459.536376953125,2522.0,2282.0
420.5,2417.4140625,2460.8935546875,2460.8935546875,2460.8935546875,2459.616943359375,2460.26025390625,2460.128662109375,2457.189453125,2459.5361328125,2522.0,2282.0
420.75,2440.905517578125,2460.8935546875,2460.8935546875,2460.8935546875,2460.421630859375,2460.67578125,2460.601806640625,2459.46923828125,2460.471923828125,2522.0,2282.0
421.0,2440.905517578125,2460.8935546875,2460.8935546875,2460.8935546875,2460.421630859375,2460.67578125,2460.601806640625,2459.468994140625,2461.801513671875,2522.0,2282.0
421.25,2440.90625,2460.8935546875,2460.8935546875,2460.8935546875,2460.421630859375,2460.67578125,2460.601806640625,2459.46923828125,2460.471923828125,2522.0,2282.0
421.5,2440.9052734375,2460.8935546875,2460.8935546875,2460.8935546875,2460.421630859375,2462.005615234375,2460.601806640625,2460.798095703125,2460.471923828125,2522.0,2282.0
421.75,2440.9052734375,2460.8935546875,2460.8935546875,2460.8935546875,2460.421630859375,2460.67578125,2460.601806640625,2459.46923828125,2460.471923828125,2522.0,2282.0
422.0,2440.905029296875,2460.8935546875,2460.8935546875,2460.8935546875,2460.421630859375,2460.67578125,2460.601806640625,2459.46923828125,2460.471923828125,2522.0,2282.0
422.25,2440.9052734375,2460.8935546875,2460.8935546875,2460.8935546875,2461.751220703125,2460.67578125,2460.601806640625,2459.46923828125,2460.471923828125,2522.0,2282.0
422.5,2442.224365234375,2460.8935546875,2460.8935546875,2460.8935546875,2460.421630859375,2460.67578125,2460.601806640625,2459.46923828125,2460.471923828125,2522.0,2282.0
422.75,2441.24951171875,2460.8935546875,2460.8935546875,2460.8935546875,2460.489501953125,2460.61572265625,2460.5732421875,2459.74755859375,2460.473388671875,2522.0,2282.0
423.0,2439.93310546875,2460.8935546875,2460.8935546875,2460.8935546875,2460.489501953125,2460.61572265625,2460.5732421875,2459.74755859375,2460.473388671875,2522.0,2282.0
423.25,2439.931396484375,2460.8935546875,2460.8935546875,2460.8935546875,2460.489501953125,2460.61572265625,2460.5732421875,2459.74755859375,2461.802978515625,2522.0,2282.0
423.5,2439.931640625,2460.8935546875,2460.8935546875,2460.8935546875,2460.489501953125,2460.61572265625,2460.5732421875,2459.74755859375,2460.473388671875,2522.0,2282.0
423.75,2439.930908203125,2462.223388671875,2460.8935546875,2460.8935546875,2460.489501953125,2460.61572265625,2460.5732421875,2461.0771484375,2460.473388671875,2522.0,2282.0
424.0,2439.930908203125,2460.8935546875,2460.8935546875,2460.8935546875,2460.489501953125,2460.61572265625,2460.5732421875,2459.74755859375,2460.473388671875,2522.0,2282.0
424.25,2439.930908203125,2460.8935546875,2460.8935546875,2460.8935546875,2460.489501953125,2460.61572265625,2460.5732421875,2459.74755859375,2460.473388671875,2522.0,2282.0
424.5,2439.930908203125,2460.8935546875,2460.8935546875,2460.8935546875,2461.819091796875,2460.61572265625,2460.5732421875,2459.74755859375,2460.473388671875,2522.0,2282.0
424.75,2440.039306640625,2460.8935546875,2460.8935546875,2460.8935546875,2460.399658203125,2460.621337890625,2460.611083984375,2459.806640625,2460.422607421875,2522.0,2282.0
425.0,2440.0439453125,2460.8935546875,2460.8935546875,2460.8935546875,2460.399658203125,2460.621337890625,2460.611083984375,2459.806884765625,2460.42236328125,2522.0,2282.0
425.25,2440.039306640625,2460.8935546875,2460.8935546875,2460.8935546875,2460.399658203125,2460.621337890625,2460.611083984375,2459.806884765625,2460.42236328125,2522.0,2282.0
425.5,2440.03955078125,2460.8935546875,2460.8935546875,2460.8935546875,2460.399658203125,2460.621337890625,2460.611083984375,2459.806640625,2461.751953125,2522.0,2282.0
425.75,2440.040771484375,2460.8935546875,2460.8935546875,2460.8935546875,2460.399658203125,2460.621337890625,2460.611083984375,2459.806640625,2460.42236328125,2522.0,2282.0
426.0,2440.039306640625,2460.8935546875,2460.8935546875,2460.8935546875,2460.399658203125,2461.950927734375,2460.611083984375,2461.135986328125,2460.42236328125,2522.0,2282.0
426.25,2440.0390625,2460.8935546875,2460.8935546875,2460.8935546875,2460.399658203125,2460.621337890625,2460.611083984375,2459.806640625,2460.42236328125,2522.0,2282.0
426.5,2440.0390625,2460.8935546875,2460.8935546875,2460.8935546875,2460.399658203125,2460.621337890625,2460.611083984375,2459.806884765625,2460.42236328125,2522.0,2282.0
426.75,2440.245361328125,2460.8935546875,2460.8935546875,2460.8935546875,2461.60693359375,2460.658935546875,2460.649169921875,2459.800537109375,2460.30712890625,2522.0,2282.0
427.0,2440.245361328125,2460.8935546875,2460.8935546875,2460.8935546875,2460.27734375,2460.658935546875,2460.649169921875,2459.800537109375,2460.30712890625,2522.0,2282.0
427.25,2441.56396484375,2460.8935546875,2460.8935546875,2460.8935546875,2460.277587890625,2460.658935546875,2460.649169921875,2459.800537109375,2460.306884765625,2522.0,2282.0
427.5,2440.24560546875,2460.8935546875,2460.8935546875,2460.8935546875,2460.27734375,2460.658935546875,2460.649169921875,2459.800537109375,2460.30712890625,2522.0,2282.0
427.75,2440.2470703125,2460.8935546875,2460.8935546875,2462.223388671875,2460.27734375,2460.658935546875,2461.978759765625,2459.800537109375,2460.30712890625,2522.0,2282.0
428.0,2440.246826171875,2460.8935546875,2460.8935546875,2460.8935546875,2460.27734375,2460.658935546875,2460.649169921875,2459.800537109375,2460.306884765625,2522.0,2282.0
428.25,2440.24560546875,2462.223388671875,2460.8935546875,2460.8935546875,2460.27734375,2460.658935546875,2460.649169921875,2459.80078125,2460.306884765625,2522.0,2282.0
428.5,2440.2451171875,2460.8935546875,2460.8935546875,2460.8935546875,2460.27734375,2460.658935546875,2460.649169921875,2459.800537109375,2460.30712890625,2522.0,2282.0
428.75,2440.826904296875,2460.8935546875,2460.8935546875,2460.8935546875,2460.22509765625,2460.734375,2460.534912109375,2459.837890625,2460.234619140625,2522.0,2282.0
429.0,2440.82666015625,2460.8935546875,2460.8935546875,2460.8935546875,2461.5546875,2460.734375,2460.53466796875,2459.837890625,2460.234619140625,2522.0,2282.0
429.25,2440.826904296875,2460.8935546875,2460.8935546875,2460.8935546875,2460.22509765625,2460.734375,2460.534912109375,2459.83837890625,2460.23486328125,2522.0,2282.0
429.5,2440.831298828125,2460.8935546875,2460.8935546875,2460.8935546875,2460.22509765625,2460.734375,2460.534912109375,2459.837890625,2460.234619140625,2522.0,2282.0
429.75,2440.831298828125,2460.8935546875,2460.8935546875,2460.8935546875,2460.22509765625,2460.734375,2460.534912109375,2459.837890625,2460.234619140625,2522.0,2282.0
430.0,2440.82861328125,2460.8935546875,2460.8935546875,2462.223388671875,2460.22509765625,2460.734619140625,2461.864501953125,2459.837890625,2460.234619140625,2522.0,2282.0
430.25,2440.826904296875,2460.8935546875,2460.8935546875,2460.8935546875,2460.22509765625,2460.734375,2460.534912109375,2459.837890625,2460.234619140625,2522.0,2282.0
430.5,2440.826904296875,2460.8935546875,2460.8935546875,2460.8935546875,2460.22509765625,2462.064208984375,2460.534912109375,2461.167236328125,2460.234619140625,2522.0,2282.0
430.75,2440.6181640625,2460.8935546875,2460.8935546875,2460.8935546875,2460.35302734375,2460.703125,2460.439697265625,2459.66845703125,2460.340576171875,2522.0,2282.0
431.0,2440.618408203125,2460.8935546875,2460.8935546875,2460.8935546875,2460.35302734375,2460.703125,2460.439697265625,2459.66845703125,2460.34033203125,2522.0,2282.0
431.25,2440.618408203125,2460.8935546875,2462.223388671875,2460.8935546875,2460.35302734375,2460.703125,2460.439697265625,2459.66845703125,2460.340576171875,2522.0,2282.0
431.5,2440.618408203125,2460.8935546875,2460.8935546875,2460.8935546875,2460.353271484375,2460.703125,2460.439697265625,2459.66845703125,2460.34033203125,2522.0,2282.0
431.75,2441.937255859375,2460.8935546875,2460.8935546875,2460.8935546875,2460.35302734375,2460.703125,2460.439697265625,2459.66845703125,2460.340576171875,2522.0,2282.0
432.0,2440.622802734375,2460.8935546875,2460.8935546875,2460.8935546875,2460.353271484375,2460.703125,2460.439697265625,2459.66845703125,2460.340576171875,2522.0,2282.0
432.25,2440.618896484375,2460.8935546875,2460.8935546875,2460.8935546875,2460.35302734375,2460.703125,2460.439697265625,2459.66845703125,2461.670166015625,2522.0,2282.0
432.5,2440.618408203125,2460.8935546875,2460.8935546875,2460.8935546875,2460.353271484375,2460.703125,2460.439697265625,2459.668701171875,2460.340576171875,2522.0,2282.0
432.75,2441.251220703125,2462.223388671875,2460.8935546875,2460.8935546875,2460.385498046875,2460.607666015625,2460.50244140625,2459.64697265625,2460.319091796875,2522.0,2282.0
433.0,2441.2509765625,2460.8935546875,2460.8935546875,2460.8935546875,2460.385498046875,2460.607666015625,2460.50244140625,2459.646728515625,2460.319091796875,2522.0,2282.0
433.25,2441.251220703125,2460.8935546875,2460.8935546875,2460.8935546875,2460.385498046875,2460.607666015625,2460.50244140625,2459.646484375,2460.319091796875,2522.0,2282.0
433.5,2441.251220703125,2460.8935546875,2460.8935546875,2460.8935546875,2461.715087890625,2460.607666015625,2460.50244140625,2459.646484375,2460.319091796875,2522.0,2282.0
433.75,2441.251220703125,2460.8935546875,2460.8935546875,2460.8935546875,2460.385498046875,2460.607666015625,2460.50244140625,2459.64697265625,2460.319091796875,2522.0,2282.0
434.0,2442.570556640625,2460.8935546875,2460.8935546875,2460.8935546875,2460.385498046875,2460.607666015625,2460.50244140625,2459.646484375,2460.319091796875,2522.0,2282.0
434.25,2441.255615234375,2460.8935546875,2460.8935546875,2460.8935546875,2460.385498046875,2460.607666015625,2460.50244140625,2459.646484375,2460.319091796875,2522.0,2282.0
434.5,2441.252685546875,2460.8935546875,2460.8935546875,2462.223388671875,2460.385498046875,2460.607666015625,2461.83203125,2459.646484375,2460.319091796875,2522.0,2282.0
434.75,2440.79931640625,2460.8935546875,2460.8935546875,2460.8935546875,2460.41748046875,2460.5439453125,2460.533935546875,2459.58740234375,2460.369873046875,2522.0,2282.0
435.0,2440.79833984375,2460.8935546875,2460.8935546875,2460.8935546875,2460.41748046875,2461.873779296875,2460.533935546875,2460.91650390625,2460.369873046875,2522.0,2282.0
435.25,2440.79833984375,2460.8935546875,2460.8935546875,2460.8935546875,2460.41748046875,2460.5439453125,2460.533935546875,2459.58740234375,2460.369873046875,2522.0,2282.0
435.5,2440.798583984375,2460.893310546875,2460.8935546875,2460.8935546875,2460.41748046875,2460.5439453125,2460.533935546875,2459.58740234375,2460.369873046875,2522.0,2282.0
435.75,2440.798583984375,2460.8935546875,2460.8935546875,2460.8935546875,2461.7470703125,2460.5439453125,2460.533935546875,2459.58740234375,2460.369873046875,2522.0,2282.0
436.0,2440.798583984375,2460.8935546875,2460.8935546875,2460.8935546875,2460.41748046875,2460.5439453125,2460.533935546875,2459.58740234375,2460.3701171875,2522.0,2282.0
436.25,2442.12060546875,2460.8935546875,2460.8935546875,2460.8935546875,2460.41748046875,2460.5439453125,2460.533935546875,2459.58740234375,2460.369873046875,2522.0,2282.0
436.5,2440.80322265625,2460.8935546875,2460.8935546875,2460.8935546875,2460.41748046875,2460.5439453125,2460.533935546875,2459.58740234375,2460.369873046875,2522.0,2282.0
436.75,2439.64111328125,2460.8935546875,2460.8935546875,2460.8935546875,2460.318603515625,2460.604248046875,2460.594482421875,2459.741455078125,2461.6875,2522.0,2282.0
437.0,2439.640869140625,2460.8935546875,2460.8935546875,2460.8935546875,2460.318603515625,2460.604248046875,2460.594482421875,2459.741455078125,2460.35791015625,2522.0,2282.0
437.25,2439.640625,2460.8935546875,2460.8935546875,2460.8935546875,2460.318603515625,2460.604248046875,2460.5947265625,2459.741455078125,2460.35791015625,2522.0,2282.0
437.5,2439.640625,2460.8935546875,2460.8935546875,2460.8935546875,2460.318603515625,2460.604248046875,2460.5947265625,2459.741455078125,2460.35791015625,2522.0,2282.0
437.75,2439.640625,2460.8935546875,2460.8935546875,2460.8935546875,2460.318603515625,2460.604248046875,2460.594482421875,2459.741455078125,2460.35791015625,2522.0,2282.0
438.0,2439.640625,2460.8935546875,2460.8935546875,2460.8935546875,2461.64794921875,2460.604248046875,2460.5947265625,2459.741455078125,2460.358154296875,2522.0,2282.0
438.25,2439.640625,2460.8935546875,2460.8935546875,2460.8935546875,2460.318603515625,2460.604248046875,2460.594482421875,2459.74169921875,2460.358154296875,2522.0,2282.0
438.5,2440.958984375,2460.8935546875,2460.8935546875,2460.8935546875,2460.318359375,2460.604248046875,2460.5947265625,2459.741455078125,2460.35791015625,2522.0,2282.0
438.75,2440.0283203125,2460.8935546875,2460.8935546875,2460.8935546875,2460.193603515625,2460.702392578125,2460.59814453125,2459.76318359375,2460.37939453125,2522.0,2282.0
439.0,2440.02978515625,2460.8935546875,2460.8935546875,2462.223388671875,2460.193603515625,2460.702392578125,2461.927734375,2459.76318359375,2460.37939453125,2522.0,2282.0
439.25,2440.0283203125,2460.8935546875,2460.8935546875,2460.8935546875,2460.193603515625,2460.70263671875,2460.59814453125,2459.76318359375,2460.37939453125,2522.0,2282.0
439.5,2440.028076171875,2460.8935546875,2460.8935546875,2460.8935546875,2460.193603515625,2460.702392578125,2460.59814453125,2459.76318359375,2460.37939453125,2522.0,2282.0
439.75,2440.028076171875,2460.8935546875,2460.8935546875,2460.8935546875,2460.193603515625,2460.702392578125,2460.59814453125,2459.76318359375,2460.37939453125,2522.0,2282.0
440.0,2440.028076171875,2460.8935546875,2462.223388671875,2460.8935546875,2461.523193359375,2460.702392578125,2460.59814453125,2459.76318359375,2460.37939453125,2522.0,2282.0
440.25,2440.028076171875,2460.8935546875,2460.8935546875,2460.8935546875,2460.193603515625,2460.70263671875,2460.59814453125,2459.76318359375,2460.379638671875,2522.0,2282.0
440.5,2441.349365234375,2460.8935546875,2460.8935546875,2460.8935546875,2460.193603515625,2460.702392578125,2460.59814453125,2459.76318359375,2460.37939453125,2522.0,2282.0
440.75,2439.0859375,2460.8935546875,2460.8935546875,2460.8935546875,2460.396240234375,2460.7138671875,2460.544921875,2459.615478515625,2460.5068359375,2522.0,2282.0
441.0,2439.086669921875,2460.8935546875,2460.8935546875,2462.223388671875,2460.396240234375,2460.7138671875,2461.874755859375,2459.615478515625,2461.83642578125,2522.0,2282.0
441.25,2439.086669921875,2460.8935546875,2460.8935546875,2460.8935546875,2460.396240234375,2460.7138671875,2460.544921875,2459.615478515625,2460.5068359375,2522.0,2282.0
441.5,2439.085693359375,2460.8935546875,2460.8935546875,2460.8935546875,2460.396240234375,2460.7138671875,2460.544921875,2459.615478515625,2460.5068359375,2522.0,2282.0
441.75,2439.085693359375,2460.8935546875,2460.8935546875,2460.8935546875,2460.396240234375,2460.7138671875,2460.544921875,2459.615478515625,2460.5068359375,2522.0,2282.0
442.0,2439.085693359375,2460.8935546875,2462.223388671875,2460.8935546875,2460.396240234375,2460.7138671875,2460.544921875,2459.615234375,2460.5068359375,2522.0,2282.0
442.25,2439.085693359375,2460.8935546875,2462.223388671875,2460.8935546875,2461.725830078125,2460.7138671875,2460.544921875,2459.615234375,2460.5068359375,2522.0,2282.0
442.5,2439.085693359375,2460.8935546875,2460.8935546875,2460.8935546875,2460.396240234375,2460.7138671875,2460.544921875,2459.615234375,2460.507080078125,2522.0,2282.0
442.75,2444.539794921875,2460.8935546875,2460.8935546875,2460.8935546875,2460.3505859375,2460.41357421875,2460.75244140625,2459.382080078125,2460.385986328125,2522.0,2282.0
443.0,2443.218505859375,2460.8935546875,2460.8935546875,2460.8935546875,2460.3505859375,2460.41357421875,2460.752685546875,2459.382080078125,2461.715576171875,2522.0,2282.0
443.25,2443.2197265625,2460.8935546875,2460.8935546875,2462.223388671875,2460.3505859375,2460.41357421875,2462.082275390625,2459.382080078125,2461.715576171875,2522.0,2282.0
443.5,2443.21826171875,2462.223388671875,2460.8935546875,2460.8935546875,2460.3505859375,2460.41357421875,2460.752685546875,2459.382568359375,2460.385986328125,2522.0,2282.0
443.75,2443.218017578125,2460.8935546875,2460.8935546875,2460.8935546875,2460.3505859375,2460.41357421875,2460.75244140625,2459.382080078125,2460.385986328125,2522.0,2282.0
444.0,2443.218017578125,2460.8935546875,2460.8935546875,2460.8935546875,2460.3505859375,2460.41357421875,2460.752685546875,2459.382080078125,2460.385986328125,2522.0,2282.0
444.25,2443.2177734375,2460.8935546875,2460.8935546875,2460.8935546875,2460.3505859375,2460.41357421875,2460.75244140625,2459.382080078125,2460.385986328125,2522.0,2282.0
444.5,2443.218017578125,2460.8935546875,2460.8935546875,2460.8935546875,2460.3505859375,2460.41357421875,2460.75244140625,2459.38232421875,2460.38623046875,2522.0,2282.0
444.75,2441.0537109375,2460.8935546875,2460.8935546875,2460.8935546875,2460.460693359375,2460.33203125,2460.86083984375,2459.5283203125,2460.421142578125,2522.0,2282.0
445.0,2442.372802734375,2460.8935546875,2460.8935546875,2460.8935546875,2460.460693359375,2460.33203125,2460.86083984375,2459.5283203125,2460.4208984375,2522.0,2282.0
445.25,2441.058349609375,2460.8935546875,2460.8935546875,2460.8935546875,2460.460693359375,2460.33203125,2460.86083984375,2459.5283203125,2460.4208984375,2522.0,2282.0
445.5,2441.054443359375,2460.8935546875,2460.8935546875,2460.8935546875,2460.460693359375,2460.33203125,2460.86083984375,2459.52880859375,2460.4208984375,2522.0,2282.0
445.75,2441.054443359375,2462.223388671875,2460.8935546875,2460.8935546875,2460.460693359375,2460.33203125,2460.86083984375,2459.5283203125,2460.4208984375,2522.0,2282.0
446.0,2441.0537109375,2462.223388671875,2460.8935546875,2460.8935546875,2460.460693359375,2461.66162109375,2460.86083984375,2460.857421875,2460.4208984375,2522.0,2282.0
446.25,2441.053466796875,2460.8935546875,2460.8935546875,2460.8935546875,2460.460693359375,2460.33203125,2460.86083984375,2459.5283203125,2460.4208984375,2522.0,2282.0
446.5,2441.0537109375,2460.8935546875,2462.223388671875,2460.8935546875,2460.460693359375,2460.33203125,2460.86083984375,2459.5283203125,2460.4208984375,2522.0,2282.0
446.75,2443.114501953125,2460.8935546875,2460.8935546875,2460.8935546875,2460.411865234375,2460.2509765625,2460.8759765625,2459.5517578125,2460.280029296875,2522.0,2282.0
447.0,2444.4345703125,2460.8935546875,2460.8935546875,2460.8935546875,2460.411865234375,2460.2509765625,2460.8759765625,2459.5517578125,2460.280029296875,2522.0,2282.0
447.25,2443.1181640625,2460.8935546875,2460.8935546875,2460.8935546875,2460.411865234375,2460.2509765625,2460.8759765625,2459.5517578125,2460.280029296875,2522.0,2282.0
447.5,2443.115966796875,2460.8935546875,2460.8935546875,2462.223388671875,2460.411865234375,2460.2509765625,2462.205810546875,2459.5517578125,2460.280029296875,2522.0,2282.0
447.75,2443.114501953125,2460.8935546875,2460.8935546875,2460.8935546875,2460.411865234375,2460.2509765625,2460.8759765625,2459.5517578125,2460.280029296875,2522.0,2282.0
448.0,2443.1142578125,2460.8935546875,2460.8935546875,2460.8935546875,2460.411865234375,2461.58056640625,2460.875732421875,2460.880859375,2460.280029296875,2522.0,2282.0
448.25,2443.1142578125,2460.8935546875,2460.8935546875,2460.8935546875,2460.411865234375,2460.2509765625,2460.8759765625,2459.5517578125,2460.280029296875,2522.0,2282.0
448.5,2443.1142578125,2460.8935546875,2460.8935546875,2460.8935546875,2460.411865234375,2460.2509765625,2460.875732421875,2459.5517578125,2460.280029296875,2522.0,2282.0
448.75,2460.72216796875,2460.8935546875,2462.223388671875,2460.8935546875,2460.918701171875,2460.72314453125,2461.15283203125,2461.146484375,2461.19775390625,2522.0,2282.0
449.0,2460.724853515625,2460.8935546875,2460.8935546875,2460.8935546875,2460.9189453125,2460.723388671875,2461.15283203125,2461.146484375,2461.197509765625,2522.0,2282.0
449.25,2460.72412109375,2460.8935546875,2460.8935546875,2460.8935546875,2460.918701171875,2460.72314453125,2461.15283203125,2461.146484375,2461.19775390625,2522.0,2282.0
449.5,2460.72412109375,2460.8935546875,2460.8935546875,2460.8935546875,2460.9189453125,2460.723388671875,2461.15283203125,2461.146484375,2461.19775390625,2522.0,2282.0
449.75,2460.7236328125,2460.8935546875,2460.8935546875,2460.8935546875,2460.918701171875,2460.72314453125,2461.15283203125,2461.146484375,2461.19775390625,2522.0,2282.0
450.0,2460.723876953125,2460.8935546875,2460.8935546875,2460.8935546875,2460.9189453125,2460.723388671875,2461.15283203125,2461.146484375,2461.19775390625,2522.0,2282.0
450.25,2460.72412109375,2462.223388671875,2460.8935546875,2460.8935546875,2460.918701171875,2460.723388671875,2461.15283203125,2462.4765625,2461.19775390625,2522.0,2282.0
450.5,2460.72412109375,2460.8935546875,2460.8935546875,2460.8935546875,2460.9189453125,2460.723388671875,2461.15283203125,2461.146484375,2461.19775390625,2522.0,2282.0
450.75,2455.489990234375,2460.8935546875,2460.8935546875,2460.8935546875,2461.105712890625,2460.43310546875,2461.052490234375,2461.061279296875,2460.94970703125,2522.0,2282.0
451.0,2455.489990234375,2460.8935546875,2460.8935546875,2460.8935546875,2462.435546875,2460.43310546875,2461.052490234375,2461.061279296875,2460.94970703125,2522.0,2282.0
451.25,2455.48974609375,2460.8935546875,2460.8935546875,2460.8935546875,2461.105712890625,2460.43310546875,2461.052490234375,2461.061279296875,2460.94970703125,2522.0,2282.0
451.5,2455.489990234375,2460.8935546875,2460.8935546875,2460.8935546875,2461.105712890625,2460.43310546875,2461.052490234375,2461.061279296875,2460.94970703125,2522.0,2282.0
451.75,2455.490234375,2460.8935546875,2460.8935546875,2460.8935546875,2461.105712890625,2460.43310546875,2461.052490234375,2461.061279296875,2460.949951171875,2522.0,2282.0
452.0,2455.489990234375,2460.8935546875,2460.8935546875,2460.8935546875,2461.105712890625,2460.43310546875,2461.052490234375,2461.061279296875,2460.94970703125,2522.0,2282.0
452.25,2455.490234375,2460.8935546875,2460.8935546875,2460.8935546875,2461.105712890625,2460.43310546875,2461.052490234375,2461.061279296875,2460.94970703125,2522.0,2282.0
452.5,2455.48974609375,2460.8935546875,2460.8935546875,2460.8935546875,2461.105712890625,2461.7626953125,2461.052490234375,2461.061279296875,2460.94970703125,2522.0,2282.0
452.75,2455.731689453125,2460.8935546875,2460.8935546875,2460.8935546875,2461.0966796875,2460.519287109375,2461.043701171875,2460.966552734375,2460.910888671875,2522.0,2282.0
453.0,2455.731689453125,2460.8935546875,2460.8935546875,2460.8935546875,2461.0966796875,2460.519287109375,2461.043701171875,2460.96630859375,2460.910888671875,2522.0,2282.0
453.25,2457.05859375,2460.8935546875,2460.8935546875,2460.8935546875,2462.426513671875,2460.519287109375,2461.043701171875,2460.966552734375,2460.910888671875,2522.0,2282.0
453.5,2455.7314453125,2460.8935546875,2460.8935546875,2460.8935546875,2461.0966796875,2460.519287109375,2461.043701171875,2460.96630859375,2460.910888671875,2522.0,2282.0
453.75,2455.731689453125,2460.8935546875,2460.8935546875,2460.8935546875,2461.0966796875,2460.519287109375,2461.043701171875,2460.966552734375,2460.910888671875,2522.0,2282.0
454.0,2455.731689453125,2460.8935546875,2460.8935546875,2460.8935546875,2461.0966796875,2460.519287109375,2461.043701171875,2460.96630859375,2460.910888671875,2522.0,2282.0
454.25,2455.731689453125,2460.8935546875,2460.8935546875,2460.8935546875,2461.0966796875,2460.519287109375,2461.043701171875,2460.966552734375,2460.910888671875,2522.0,2282.0
454.5,2455.73193359375,2460.8935546875,2460.8935546875,2460.8935546875,2461.096435546875,2460.519287109375,2461.043701171875,2460.96630859375,2460.910888671875,2522.0,2282.0
454.75,2455.833984375,2462.223388671875,2460.8935546875,2460.8935546875,2461.1025390625,2460.429931640625,2461.0810546875,2462.259033203125,2460.983154296875,2522.0,2282.0
455.0,2455.833984375,2460.8935546875,2460.8935546875,2460.8935546875,2461.1025390625,2460.429931640625,2461.0810546875,2460.928955078125,2460.983154296875,2522.0,2282.0
455.25,2455.833984375,2460.8935546875,2460.8935546875,2460.8935546875,2461.1025390625,2460.429931640625,2461.0810546875,2460.92919921875,2460.983154296875,2522.0,2282.0
455.5,2455.833740234375,2460.8935546875,2460.8935546875,2460.8935546875,2462.4326171875,2460.429931640625,2461.0810546875,2460.92919921875,2460.983154296875,2522.0,2282.0
455.75,2455.833740234375,2460.8935546875,2460.8935546875,2460.8935546875,2461.1025390625,2460.429931640625,2461.0810546875,2460.92919921875,2460.983154296875,2522.0,2282.0
456.0,2455.833984375,2460.8935546875,2460.8935546875,2460.8935546875,2461.1025390625,2460.429931640625,2461.0810546875,2460.928955078125,2460.983154296875,2522.0,2282.0
456.25,2455.833984375,2460.8935546875,2460.8935546875,2460.8935546875,2461.1025390625,2460.429931640625,2461.0810546875,2460.92919921875,2460.983154296875,2522.0,2282.0
456.5,2455.833984375,2460.8935546875,2460.8935546875,2462.223388671875,2461.1025390625,2460.429931640625,2462.4111328125,2460.928955078125,2462.313232421875,2522.0,2282.0
456.75,2455.221435546875,2460.8935546875,2460.8935546875,2462.223388671875,2461.30810546875,2460.380615234375,2461.0625,2461.12646484375,2462.343994140625,2522.0,2282.0
457.0,2455.221435546875,2460.8935546875,2460.8935546875,2460.8935546875,2461.30810546875,2461.7099609375,2461.0625,2461.12646484375,2461.01416015625,2522.0,2282.0
457.25,2455.22119140625,2460.8935546875,2460.8935546875,2460.8935546875,2461.30810546875,2460.380615234375,2461.0625,2461.12646484375,2461.01416015625,2522.0,2282.0
457.5,2456.54833984375,2460.8935546875,2460.8935546875,2460.8935546875,2461.30810546875,2460.380615234375,2461.0625,2461.12646484375,2461.01416015625,2522.0,2282.0
457.75,2455.22119140625,2460.8935546875,2460.8935546875,2460.8935546875,2462.63818359375,2460.380615234375,2461.0625,2461.12646484375,2461.01416015625,2522.0,2282.0
458.0,2455.221435546875,2460.8935546875,2460.8935546875,2460.8935546875,2461.30810546875,2460.380615234375,2461.0625,2461.12646484375,2461.01416015625,2522.0,2282.0
458.25,2455.221435546875,2460.8935546875,2460.8935546875,2460.8935546875,2461.30810546875,2460.380615234375,2461.0625,2461.12646484375,2461.01416015625,2522.0,2282.0
458.5,2455.2216796875,2460.8935546875,2460.8935546875,2460.8935546875,2461.30810546875,2460.380615234375,2461.062744140625,2461.12646484375,2461.01416015625,2522.0,2282.0
458.75,2455.962646484375,2460.8935546875,2460.8935546875,2460.8935546875,2461.03857421875,2460.4931640625,2461.081298828125,2460.82470703125,2461.1533203125,2522.0,2282.0
459.0,2455.962646484375,2460.8935546875,2460.8935546875,2460.8935546875,2461.03857421875,2460.4931640625,2461.081298828125,2460.82470703125,2461.1533203125,2522.0,2282.0
459.25,2455.962646484375,2460.8935546875,2460.8935546875,2460.8935546875,2461.03857421875,2461.82275390625,2461.081298828125,2460.82470703125,2461.1533203125,2522.0,2282.0
459.5,2457.289794921875,2460.8935546875,2460.8935546875,2460.8935546875,2461.03857421875,2460.4931640625,2461.081298828125,2460.82470703125,2461.153564453125,2522.0,2282.0
459.75,2457.289794921875,2460.8935546875,2460.8935546875,2460.8935546875,2461.03857421875,2460.4931640625,2461.081298828125,2460.82470703125,2461.1533203125,2522.0,2282.0
460.0,2455.962646484375,2460.8935546875,2460.8935546875,2460.8935546875,2462.36865234375,2460.4931640625,2461.081298828125,2460.82470703125,2461.1533203125,2522.0,2282.0
460.25,2455.962646484375,2460.8935546875,2460.8935546875,2460.8935546875,2461.03857421875,2460.4931640625,2461.081298828125,2460.82470703125,2461.1533203125,2522.0,2282.0
460.5,2455.962646484375,2460.8935546875,2460.8935546875,2460.8935546875,2461.03857421875,2460.4931640625,2461.081298828125,2460.82470703125,2461.1533203125,2522.0,2282.0
460.75,2459.20849609375,2460.8935546875,2460.8935546875,2460.8935546875,2461.082763671875,2460.44189453125,2460.998291015625,2460.35498046875,2461.236328125,2522.0,2282.0
461.0,2459.20849609375,2460.8935546875,2460.8935546875,2460.8935546875,2461.082763671875,2460.44189453125,2460.998291015625,2460.35498046875,2461.236328125,2522.0,2282.0
461.25,2459.208251953125,2460.8935546875,2460.8935546875,2460.8935546875,2461.082763671875,2460.44189453125,2460.998291015625,2460.35546875,2461.236328125,2522.0,2282.0
461.5,2459.208251953125,2462.223388671875,2460.8935546875,2460.8935546875,2461.082763671875,2460.44189453125,2460.998291015625,2461.68505859375,2461.236328125,2522.0,2282.0
461.75,2459.207763671875,2460.8935546875,2460.8935546875,2460.8935546875,2461.08251953125,2460.44189453125,2460.998291015625,2460.35498046875,2461.236328125,2522.0,2282.0
462.0,2460.537109375,2460.8935546875,2460.8935546875,2460.8935546875,2461.082763671875,2460.44189453125,2460.998291015625,2460.35498046875,2461.236328125,2522.0,2282.0
462.25,2459.2080078125,2460.8935546875,2460.8935546875,2460.8935546875,2462.41259765625,2460.44189453125,2460.998291015625,2460.35498046875,2461.236328125,2522.0,2282.0
462.5,2459.2080078125,2460.8935546875,2460.8935546875,2460.8935546875,2461.082763671875,2460.44189453125,2460.998291015625,2460.35498046875,2461.236328125,2522.0,2282.0
462.75,2456.15771484375,2460.8935546875,2460.8935546875,2460.8935546875,2461.163330078125,2460.777099609375,2460.69921875,2460.161865234375,2461.48291015625,2522.0,2282.0
463.0,2456.15771484375,2460.8935546875,2460.8935546875,2460.8935546875,2461.163330078125,2460.777099609375,2460.69921875,2460.161865234375,2461.48291015625,2522.0,2282.0
463.25,2456.15771484375,2460.8935546875,2460.8935546875,2460.8935546875,2461.163330078125,2460.777099609375,2460.69921875,2460.16259765625,2461.48291015625,2522.0,2282.0
463.5,2456.15771484375,2460.8935546875,2460.8935546875,2460.8935546875,2461.163330078125,2460.777099609375,2460.698974609375,2460.16259765625,2462.81298828125,2522.0,2282.0
463.75,2456.15771484375,2462.223388671875,2460.8935546875,2460.8935546875,2461.163330078125,2460.777099609375,2460.69921875,2461.4912109375,2461.48291015625,2522.0,2282.0
464.0,2456.15771484375,2460.8935546875,2460.8935546875,2460.8935546875,2461.163330078125,2460.777099609375,2460.698974609375,2460.161865234375,2461.48291015625,2522.0,2282.0
464.25,2457.485107421875,2460.8935546875,2460.8935546875,2460.8935546875,2461.163330078125,2460.777099609375,2460.69921875,2460.161865234375,2461.48291015625,2522.0,2282.0
464.5,2456.156494140625,2460.8935546875,2460.8935546875,2460.8935546875,2462.4931640625,2460.777099609375,2460.698974609375,2460.161865234375,2461.48291015625,2522.0,2282.0
464.75,2457.109130859375,2460.8935546875,2460.8935546875,2460.8935546875,2461.22412109375,2460.678955078125,2460.759033203125,2460.19140625,2461.457275390625,2522.0,2282.0
465.0,2457.10888671875,2460.8935546875,2460.8935546875,2460.8935546875,2461.22412109375,2460.678955078125,2460.759033203125,2460.19140625,2461.45751953125,2522.0,2282.0
465.25,2457.109130859375,2460.8935546875,2460.8935546875,2460.8935546875,2461.22412109375,2460.678955078125,2460.759033203125,2460.19140625,2461.45751953125,2522.0,2282.0
465.5,2457.109130859375,2460.8935546875,2460.8935546875,2460.8935546875,2461.22412109375,2460.678955078125,2460.759033203125,2460.19140625,2461.45751953125,2522.0,2282.0
465.75,2457.109130859375,2460.8935546875,2460.8935546875,2460.8935546875,2461.22412109375,2460.678955078125,2460.759033203125,2460.19140625,2462.78759765625,2522.0,2282.0
466.0,2457.109130859375,2460.8935546875,2460.8935546875,2460.8935546875,2461.22412109375,2462.0087890625,2460.759033203125,2460.19140625,2461.45751953125,2522.0,2282.0
466.25,2457.109130859375,2460.8935546875,2460.8935546875,2460.8935546875,2461.22412109375,2460.678955078125,2460.759033203125,2460.19140625,2461.45751953125,2522.0,2282.0
466.5,2458.436767578125,2460.8935546875,2460.8935546875,2460.8935546875,2461.22412109375,2460.678955078125,2460.759033203125,2460.19140625,2461.45751953125,2522.0,2282.0
466.75,2459.16796875,2460.8935546875,2460.8935546875,2460.8935546875,2462.3916015625,2460.484375,2461.135498046875,2460.317626953125,2461.308837890625,2522.0,2282.0
467.0,2459.16796875,2460.8935546875,2460.8935546875,2460.8935546875,2461.0615234375,2460.484375,2461.135498046875,2460.317626953125,2461.308837890625,2522.0,2282.0
467.25,2459.168212890625,2460.8935546875,2460.8935546875,2460.8935546875,2461.0615234375,2460.484375,2461.135498046875,2460.317626953125,2461.308837890625,2522.0,2282.0
467.5,2459.16796875,2460.8935546875,2460.8935546875,2460.8935546875,2461.061767578125,2460.484375,2461.135498046875,2460.317626953125,2461.308837890625,2522.0,2282.0
467.75,2459.168212890625,2460.8935546875,2460.8935546875,2460.8935546875,2461.0615234375,2460.484375,2461.135498046875,2460.317626953125,2461.308837890625,2522.0,2282.0
468.0,2459.168212890625,2460.8935546875,2460.8935546875,2460.8935546875,2461.061767578125,2460.484375,2461.135498046875,2460.318115234375,2461.308837890625,2522.0,2282.0
468.25,2459.16796875,2462.223388671875,2460.8935546875,2460.8935546875,2461.0615234375,2460.484375,2461.135498046875,2461.647705078125,2461.308837890625,2522.0,2282.0
468.5,2459.16796875,2460.8935546875,2460.8935546875,2460.8935546875,2461.0615234375,2460.484375,2461.135498046875,2460.317626953125,2461.308837890625,2522.0,2282.0
468.75,2460.8974609375,2460.8935546875,2462.223388671875,2460.8935546875,2462.211669921875,2460.623046875,2461.0849609375,2459.958251953125,2461.3369140625,2522.0,2282.0
469.0,2460.897216796875,2460.8935546875,2460.8935546875,2460.8935546875,2462.211669921875,2460.623046875,2461.084716796875,2459.958251953125,2461.3369140625,2522.0,2282.0
469.25,2460.897216796875,2460.8935546875,2460.8935546875,2460.8935546875,2460.8818359375,2460.623046875,2461.084716796875,2459.9580078125,2461.3369140625,2522.0,2282.0
469.5,2460.8974609375,2460.8935546875,2460.8935546875,2460.8935546875,2460.8818359375,2460.623046875,2461.084716796875,2459.958251953125,2461.3369140625,2522.0,2282.0
469.75,2460.8974609375,2460.8935546875,2460.8935546875,2460.8935546875,2460.8818359375,2460.623046875,2461.084716796875,2459.958251953125,2461.3369140625,2522.0,2282.0
470.0,2460.8974609375,2460.8935546875,2460.8935546875,2460.8935546875,2460.8818359375,2460.623046875,2461.084716796875,2459.958984375,2461.3369140625,2522.0,2282.0
470.25,2460.8974609375,2460.8935546875,2460.8935546875,2460.8935546875,2460.8818359375,2460.623046875,2461.084716796875,2459.958984375,2461.3369140625,2522.0,2282.0
470.5,2460.8974609375,2462.223388671875,2460.8935546875,2460.8935546875,2460.8818359375,2460.623046875,2461.084716796875,2461.288330078125,2461.3369140625,2522.0,2282.0
470.75,2460.64599609375,2460.8935546875,2460.8935546875,2460.8935546875,2460.744873046875,2460.8046875,2461.10791015625,2460.141845703125,2461.29931640625,2522.0,2282.0
471.0,2460.64501953125,2460.8935546875,2460.8935546875,2460.8935546875,2460.744873046875,2460.8046875,2461.10791015625,2460.141845703125,2461.29931640625,2522.0,2282.0
471.25,2460.64208984375,2460.8935546875,2462.223388671875,2460.8935546875,2460.744873046875,2460.8046875,2461.10791015625,2460.141845703125,2461.29931640625,2522.0,2282.0
471.5,2460.6455078125,2460.8935546875,2460.8935546875,2460.8935546875,2460.744873046875,2460.8046875,2461.10791015625,2460.141845703125,2461.29931640625,2522.0,2282.0
471.75,2460.6455078125,2460.8935546875,2460.8935546875,2460.8935546875,2460.744873046875,2460.8046875,2461.10791015625,2460.141845703125,2461.29931640625,2522.0,2282.0
472.0,2460.6455078125,2460.8935546875,2460.8935546875,2460.8935546875,2460.744873046875,2460.8046875,2461.10791015625,2460.141845703125,2461.29931640625,2522.0,2282.0
472.25,2460.6455078125,2460.8935546875,2460.8935546875,2460.8935546875,2460.744873046875,2460.8046875,2461.10791015625,2460.141845703125,2461.29931640625,2522.0,2282.0
472.5,2460.6455078125,2460.8935546875,2460.8935546875,2460.8935546875,2460.744873046875,2460.8046875,2461.10791015625,2460.141845703125,2461.29931640625,2522.0,2282.0
472.75,2425.24609375,2462.223388671875,2460.8935546875,2460.8935546875,2459.368896484375,2460.19970703125,2460.41845703125,2456.849609375,2459.91064453125,2522.0,2282.0
473.0,2425.24560546875,2460.8935546875,2460.8935546875,2460.8935546875,2459.368896484375,2460.19970703125,2460.41845703125,2456.84814453125,2459.91064453125,2522.0,2282.0
473.25,2425.246826171875,2460.8935546875,2460.8935546875,2460.8935546875,2459.369140625,2460.19970703125,2460.41845703125,2456.84814453125,2459.91064453125,2522.0,2282.0
473.5,2425.24951171875,2460.8935546875,2460.8935546875,2460.8935546875,2460.697998046875,2460.19970703125,2460.41845703125,2456.84814453125,2459.91064453125,2522.0,2282.0
473.75,2425.24658203125,2460.8935546875,2460.8935546875,2460.8935546875,2459.369140625,2460.19970703125,2460.41845703125,2456.848876953125,2459.910888671875,2522.0,2282.0
474.0,2425.24560546875,2460.8935546875,2460.8935546875,2460.8935546875,2459.368896484375,2460.19970703125,2460.41845703125,2456.84814453125,2459.91064453125,2522.0,2282.0
474.25,2425.24560546875,2460.8935546875,2460.8935546875,2460.8935546875,2459.369140625,2460.19970703125,2460.41845703125,2456.84814453125,2459.91064453125,2522.0,2282.0
474.5,2425.24560546875,2460.8935546875,2460.8935546875,2460.8935546875,2459.369140625,2460.19970703125,2460.418701171875,2456.84814453125,2461.239990234375,2522.0,2282.0
474.75,2427.791748046875,2460.8935546875,2460.8935546875,2460.8935546875,2459.135986328125,2460.322265625,2460.542236328125,2456.6875,2459.80712890625,2522.0,2282.0
475.0,2426.4765625,2460.8935546875,2460.8935546875,2460.8935546875,2459.135986328125,2461.65185546875,2460.542236328125,2458.01513671875,2459.80712890625,2522.0,2282.0
475.25,2426.4765625,2460.8935546875,2460.8935546875,2460.8935546875,2459.135986328125,2461.65185546875,2460.542236328125,2456.6875,2459.80712890625,2522.0,2282.0
475.5,2426.4775390625,2460.8935546875,2460.8935546875,2460.8935546875,2459.135986328125,2460.322265625,2460.542236328125,2456.6875,2459.80712890625,2522.0,2282.0
475.75,2426.476318359375,2460.8935546875,2460.8935546875,2460.8935546875,2459.135986328125,2460.322265625,2460.542236328125,2456.6875,2459.80712890625,2522.0,2282.0
476.0,2426.476806640625,2460.8935546875,2460.8935546875,2460.8935546875,2459.135986328125,2460.322265625,2460.542236328125,2456.6875,2459.8076171875,2522.0,2282.0
476.25,2426.476318359375,2460.8935546875,2460.8935546875,2460.8935546875,2459.135986328125,2460.322265625,2460.542236328125,2456.6875,2459.80712890625,2522.0,2282.0
476.5,2426.476318359375,2460.8935546875,2460.8935546875,2460.8935546875,2459.135986328125,2460.322265625,2460.542236328125,2456.6875,2459.80712890625,2522.0,2282.0
476.75,2425.72900390625,2460.8935546875,2460.8935546875,2460.8935546875,2459.5654296875,2460.17822265625,2460.396484375,2456.782470703125,2461.175537109375,2522.0,2282.0
477.0,2425.7294921875,2460.8935546875,2460.8935546875,2460.8935546875,2459.5654296875,2460.17822265625,2460.396484375,2456.7841796875,2459.84619140625,2522.0,2282.0
477.25,2425.729248046875,2462.223388671875,2460.8935546875,2460.8935546875,2459.5654296875,2460.17822265625,2460.396484375,2456.7841796875,2459.84619140625,2522.0,2282.0
477.5,2425.72900390625,2460.8935546875,2460.8935546875,2460.8935546875,2459.5654296875,2460.17822265625,2460.396484375,2456.78271484375,2459.84619140625,2522.0,2282.0
477.75,2425.730224609375,2460.8935546875,2460.8935546875,2460.8935546875,2459.5654296875,2460.17822265625,2460.396484375,2456.782470703125,2459.84619140625,2522.0,2282.0
478.0,2425.7333984375,2460.8935546875,2460.8935546875,2460.8935546875,2460.89453125,2460.17822265625,2460.396484375,2456.78271484375,2459.84619140625,2522.0,2282.0
478.25,2425.728515625,2460.8935546875,2460.8935546875,2460.8935546875,2459.5654296875,2460.17822265625,2460.396484375,2456.782470703125,2459.84619140625,2522.0,2282.0
478.5,2425.728515625,2460.8935546875,2460.8935546875,2460.8935546875,2459.5654296875,2460.17822265625,2460.396484375,2456.78271484375,2459.84619140625,2522.0,2282.0
478.75,2424.98779296875,2460.8935546875,2460.8935546875,2460.8935546875,2459.7353515625,2460.2177734375,2460.371826171875,2456.766845703125,2459.940185546875,2522.0,2282.0
479.0,2424.987548828125,2460.8935546875,2460.8935546875,2460.8935546875,2459.7353515625,2460.218017578125,2460.371826171875,2456.76708984375,2461.26953125,2522.0,2282.0
479.25,2424.99169921875,2460.8935546875,2460.8935546875,2460.8935546875,2459.7353515625,2460.2177734375,2460.371826171875,2456.766845703125,2459.940185546875,2522.0,2282.0
479.5,2424.98779296875,2460.8935546875,2460.8935546875,2460.8935546875,2459.7353515625,2461.54736328125,2460.371826171875,2458.094482421875,2459.940185546875,2522.0,2282.0
479.75,2424.987548828125,2460.8935546875,2460.8935546875,2460.8935546875,2459.7353515625,2460.2177734375,2460.371826171875,2456.766845703125,2459.940185546875,2522.0,2282.0
480.0,2424.987548828125,2460.8935546875,2460.8935546875,2460.8935546875,2459.7353515625,2460.218017578125,2460.371826171875,2456.76708984375,2459.940185546875,2522.0,2282.0
480.25,2424.99072265625,2460.8935546875,2460.8935546875,2460.8935546875,2461.064697265625,2460.218017578125,2460.371826171875,2456.76708984375,2459.940185546875,2522.0,2282.0
480.5,2424.987548828125,2460.8935546875,2460.8935546875,2460.8935546875,2459.7353515625,2460.218017578125,2460.371826171875,2456.76708984375,2459.9404296875,2522.0,2282.0
480.75,2378.670654296875,2460.8935546875,2460.8935546875,2460.8935546875,2458.310546875,2459.5048828125,2459.44677734375,2452.323974609375,2458.35546875,2522.0,2282.0
481.0,2378.663330078125,2460.8935546875,2460.8935546875,2460.8935546875,2458.310791015625,2459.5048828125,2459.44677734375,2452.323974609375,2458.35546875,2522.0,2282.0
481.25,2378.653076171875,2460.8935546875,2460.8935546875,2460.8935546875,2458.310546875,2459.5048828125,2459.44677734375,2452.323974609375,2459.68408203125,2522.0,2282.0
481.5,2378.65087890625,2460.8935546875,2460.8935546875,2460.8935546875,2458.310791015625,2459.5048828125,2459.446533203125,2452.323974609375,2458.35546875,2522.0,2282.0
481.75,2378.650390625,2460.8935546875,2460.8935546875,2460.8935546875,2458.310546875,2460.833984375,2459.44677734375,2452.326904296875,2458.35546875,2522.0,2282.0
482.0,2378.650390625,2460.8935546875,2460.8935546875,2460.8935546875,2458.310791015625,2459.5048828125,2459.44677734375,2453.65234375,2458.35546875,2522.0,2282.0
482.25,2378.65087890625,2460.8935546875,2460.8935546875,2460.8935546875,2458.310791015625,2459.5048828125,2459.44677734375,2452.323974609375,2458.35546875,2522.0,2282.0
482.5,2378.65087890625,2460.8935546875,2460.8935546875,2460.8935546875,2459.63916015625,2459.5048828125,2459.44677734375,2452.32568359375,2458.356201171875,2522.0,2282.0
482.75,2374.4580078125,2460.8935546875,2460.8935546875,2460.8935546875,2458.476318359375,2459.61279296875,2459.521484375,2452.367919921875,2458.5625,2522.0,2282.0
483.0,2374.4755859375,2460.8935546875,2460.8935546875,2460.8935546875,2458.4765625,2459.61279296875,2459.521484375,2452.366455078125,2458.561767578125,2522.0,2282.0
483.25,2374.47607421875,2460.8935546875,2460.8935546875,2460.8935546875,2458.476318359375,2459.61279296875,2459.521484375,2452.3662109375,2458.561767578125,2522.0,2282.0
483.5,2374.4609375,2460.8935546875,2460.8935546875,2460.8935546875,2458.4765625,2459.61279296875,2459.521484375,2452.3662109375,2459.890380859375,2522.0,2282.0
483.75,2374.45849609375,2460.8935546875,2460.8935546875,2460.8935546875,2458.476318359375,2459.61279296875,2459.521484375,2452.3662109375,2458.561767578125,2522.0,2282.0
484.0,2374.4580078125,2462.223388671875,2460.8935546875,2460.8935546875,2458.4765625,2459.61279296875,2459.521484375,2452.3662109375,2458.5615234375,2522.0,2282.0
484.25,2374.457763671875,2460.8935546875,2460.8935546875,2460.8935546875,2458.476318359375,2459.61279296875,2459.521484375,2453.694580078125,2458.561767578125,2522.0,2282.0
484.5,2374.457275390625,2460.8935546875,2460.8935546875,2460.8935546875,2458.4765625,2459.61279296875,2459.521484375,2452.366455078125,2458.561767578125,2522.0,2282.0
484.75,2375.393310546875,2460.8935546875,2460.8935546875,2460.8935546875,2458.372802734375,2459.636962890625,2459.420166015625,2452.145751953125,2458.509765625,2522.0,2282.0
485.0,2375.393310546875,2460.8935546875,2460.8935546875,2460.8935546875,2458.372802734375,2459.636962890625,2459.420166015625,2452.147216796875,2458.509765625,2522.0,2282.0
485.25,2375.406494140625,2460.8935546875,2460.8935546875,2460.8935546875,2458.372802734375,2459.636962890625,2459.420166015625,2452.145751953125,2458.509033203125,2522.0,2282.0
485.5,2375.41015625,2460.8935546875,2460.8935546875,2460.8935546875,2458.372802734375,2459.636962890625,2459.420166015625,2452.145751953125,2458.509033203125,2522.0,2282.0
485.75,2375.394287109375,2460.8935546875,2460.8935546875,2460.8935546875,2458.372802734375,2459.636962890625,2459.420166015625,2452.145751953125,2459.837646484375,2522.0,2282.0
486.0,2375.393798828125,2460.8935546875,2460.8935546875,2460.8935546875,2458.372802734375,2459.636962890625,2459.420166015625,2452.145751953125,2458.509033203125,2522.0,2282.0
486.25,2375.3935546875,2462.223388671875,2460.8935546875,2460.8935546875,2458.372802734375,2459.636962890625,2459.420166015625,2452.145751953125,2458.5087890625,2522.0,2282.0
486.5,2375.39306640625,2460.8935546875,2460.8935546875,2460.8935546875,2458.372802734375,2459.636962890625,2459.419921875,2452.145751953125,2458.5087890625,2522.0,2282.0
486.75,2453.621826171875,2460.8935546875,2460.8935546875,2460.8935546875,2460.91064453125,2460.874755859375,2460.8291015625,2460.8935546875,2460.8935546875,2522.0,2282.0
487.0,2454.937255859375,2460.8935546875,2462.223388671875,2460.8935546875,2460.91064453125,2460.874755859375,2460.829345703125,2460.8935546875,2460.8935546875,2522.0,2282.0
487.25,2453.611328125,2460.8935546875,2460.8935546875,2460.8935546875,2460.91064453125,2460.874755859375,2460.8291015625,2460.8935546875,2460.8935546875,2522.0,2282.0
487.5,2453.611328125,2460.8935546875,2460.8935546875,2460.8935546875,2460.91064453125,2460.874755859375,2460.829345703125,2460.8935546875,2460.8935546875,2522.0,2282.0
487.75,2453.611328125,2460.8935546875,2460.8935546875,2460.8935546875,2460.91064453125,2460.874755859375,2460.8291015625,2460.8935546875,2460.8935546875,2522.0,2282.0
488.0,2453.611328125,2460.8935546875,2460.8935546875,2460.8935546875,2460.91064453125,2460.874755859375,2460.829345703125,2460.8935546875,2460.8935546875,2522.0,2282.0
488.25,2453.611328125,2460.8935546875,2460.8935546875,2460.8935546875,2460.91064453125,2460.875,2460.8291015625,2460.8935546875,2460.8935546875,2522.0,2282.0
488.5,2453.611328125,2460.8935546875,2460.8935546875,2460.8935546875,2460.91064453125,2460.874755859375,2460.8291015625,2460.8935546875,2460.8935546875,2522.0,2282.0
488.75,2453.611328125,2460.8935546875,2460.8935546875,2460.8935546875,2460.91064453125,2460.874755859375,2460.829345703125,2460.8935546875,2460.8935546875,2522.0,2282.0
489.0,2453.611328125,2460.8935546875,2460.8935546875,2462.223388671875,2460.91064453125,2460.874755859375,2462.158935546875,2460.8935546875,2462.223388671875,2522.0,2282.0
489.25,2453.611328125,2460.8935546875,2460.8935546875,2462.223388671875,2460.91064453125,2460.875,2462.158935546875,2460.8935546875,2462.223388671875,2522.0,2282.0
489.5,2453.611328125,2460.8935546875,2460.8935546875,2460.8935546875,2460.91064453125,2460.874755859375,2460.829345703125,2460.8935546875,2460.8935546875,2522.0,2282.0
489.75,2453.611328125,2462.223388671875,2460.8935546875,2460.8935546875,2460.91064453125,2460.874755859375,2460.829345703125,2462.223388671875,2460.8935546875,2522.0,2282.0
490.0,2453.611328125,2460.8935546875,2460.8935546875,2460.8935546875,2460.91064453125,2460.874755859375,2460.829345703125,2460.8935546875,2460.8935546875,2522.0,2282.0
490.25,2453.611328125,2460.8935546875,2460.8935546875,2460.8935546875,2460.91064453125,2460.874755859375,2460.829345703125,2460.8935546875,2460.8935546875,2522.0,2282.0
490.5,2454.937255859375,2460.8935546875,2460.8935546875,2460.8935546875,2462.240478515625,2460.874755859375,2460.829345703125,2460.8935546875,2460.8935546875,2522.0,2282.0
490.75,2453.611328125,2460.8935546875,2460.8935546875,2460.8935546875,2460.91064453125,2460.875,2460.829345703125,2460.8935546875,2460.8935546875,2522.0,2282.0
491.0,2453.611328125,2460.8935546875,2460.8935546875,2460.8935546875,2460.91064453125,2460.874755859375,2460.829345703125,2460.8935546875,2460.8935546875,2522.0,2282.0
491.25,2453.611328125,2460.8935546875,2460.8935546875,2460.8935546875,2460.91064453125,2460.874755859375,2460.829345703125,2460.8935546875,2460.8935546875,2522.0,2282.0
491.5,2453.611328125,2460.8935546875,2460.8935546875,2460.8935546875,2460.91064453125,2460.874755859375,2460.829345703125,2460.8935546875,2460.8935546875,2522.0,2282.0
491.75,2453.611328125,2460.8935546875,2460.8935546875,2460.8935546875,2460.91064453125,2460.874755859375,2460.829345703125,2460.8935546875,2460.8935546875,2522.0,2282.0
492.0,2453.611328125,2460.8935546875,2460.8935546875,2460.8935546875,2460.91064453125,2462.20458984375,2460.829345703125,2460.8935546875,2460.8935546875,2522.0,2282.0
492.25,2453.611328125,2460.8935546875,2460.8935546875,2460.8935546875,2460.91064453125,2460.874755859375,2460.829345703125,2460.8935546875,2460.8935546875,2522.0,2282.0
492.5,2453.611328125,2460.8935546875,2460.8935546875,2460.8935546875,2460.91064453125,2460.874755859375,2460.829345703125,2460.8935546875,2460.8935546875,2522.0,2282.0
492.75,2454.937255859375,2460.8935546875,2462.223388671875,2460.8935546875,2460.91064453125,2460.874755859375,2460.8291015625,2460.8935546875,2460.8935546875,2522.0,2282.0
493.0,2453.611328125,2460.8935546875,2460.8935546875,2460.8935546875,2460.91064453125,2460.874755859375,2460.829345703125,2460.8935546875,2460.8935546875,2522.0,2282.0
493.25,2453.611328125,2460.893310546875,2460.8935546875,2460.8935546875,2460.91064453125,2460.874755859375,2460.829345703125,2460.893310546875,2460.8935546875,2522.0,2282.0
493.5,2453.611328125,2460.8935546875,2460.8935546875,2460.8935546875,2460.91064453125,2460.874755859375,2460.829345703125,2460.8935546875,2460.8935546875,2522.0,2282.0
493.75,2453.611328125,2460.8935546875,2460.8935546875,2460.8935546875,2460.91064453125,2462.20458984375,2460.8291015625,2460.8935546875,2460.8935546875,2522.0,2282.0
494.0,2453.611328125,2460.8935546875,2460.8935546875,2460.8935546875,2460.91064453125,2460.874755859375,2460.829345703125,2460.8935546875,2460.8935546875,2522.0,2282.0
494.25,2453.611328125,2462.223388671875,2460.8935546875,2460.8935546875,2460.91064453125,2460.874755859375,2460.829345703125,2462.223388671875,2460.8935546875,2522.0,2282.0
494.5,2453.611328125,2460.8935546875,2460.8935546875,2460.8935546875,2460.91064453125,2460.874755859375,2460.8291015625,2460.8935546875,2460.8935546875,2522.0,2282.0
494.75,2453.611328125,2460.8935546875,2460.8935546875,2460.8935546875,2460.91064453125,2460.874755859375,2460.8291015625,2460.8935546875,2460.8935546875,2522.0,2282.0
495.0,2454.937255859375,2460.8935546875,2460.8935546875,2460.8935546875,2462.240478515625,2460.874755859375,2460.8291015625,2460.8935546875,2460.8935546875,2522.0,2282.0
495.25,2453.611328125,2460.8935546875,2460.8935546875,2460.8935546875,2460.91064453125,2460.874755859375,2460.829345703125,2460.8935546875,2460.8935546875,2522.0,2282.0
495.5,2453.611328125,2460.8935546875,2460.8935546875,2460.8935546875,2460.91064453125,2460.874755859375,2460.8291015625,2460.8935546875,2460.8935546875,2522.0,2282.0
495.75,2453.611328125,2460.8935546875,2460.8935546875,2460.8935546875,2460.91064453125,2460.874755859375,2460.829345703125,2460.8935546875,2460.8935546875,2522.0,2282.0
496.0,2453.611328125,2460.8935546875,2460.8935546875,2460.8935546875,2460.91064453125,2460.875,2460.8291015625,2460.8935546875,2460.8935546875,2522.0,2282.0
496.25,2453.611328125,2460.8935546875,2460.8935546875,2460.8935546875,2460.91064453125,2460.874755859375,2460.829345703125,2460.8935546875,2460.8935546875,2522.0,2282.0
496.5,2453.611328125,2460.8935546875,2460.8935546875,2460.8935546875,2460.91064453125,2462.204833984375,2460.8291015625,2460.8935546875,2460.8935546875,2522.0,2282.0
496.75,2453.611328125,2460.8935546875,2460.8935546875,2460.8935546875,2460.91064453125,2460.874755859375,2460.829345703125,2460.8935546875,2460.8935546875,2522.0,2282.0
497.0,2454.937255859375,2460.8935546875,2460.8935546875,2460.8935546875,2460.91064453125,2460.875,2460.8291015625,2460.8935546875,2460.8935546875,2522.0,2282.0
497.25,2454.937255859375,2460.8935546875,2462.223388671875,2460.8935546875,2460.91064453125,2460.874755859375,2460.829345703125,2460.8935546875,2460.8935546875,2522.0,2282.0
497.5,2453.611328125,2460.8935546875,2460.8935546875,2460.8935546875,2460.91064453125,2460.875,2460.8291015625,2460.8935546875,2460.8935546875,2522.0,2282.0
497.75,2453.611328125,2460.8935546875,2460.8935546875,2460.8935546875,2460.91064453125,2460.874755859375,2460.829345703125,2460.8935546875,2460.8935546875,2522.0,2282.0
498.0,2453.611328125,2460.8935546875,2460.8935546875,2460.8935546875,2460.91064453125,2460.874755859375,2460.829345703125,2460.8935546875,2460.8935546875,2522.0,2282.0
498.25,2453.611328125,2460.8935546875,2460.8935546875,2460.8935546875,2460.91064453125,2460.874755859375,2460.829345703125,2460.8935546875,2460.8935546875,2522.0,2282.0
498.5,2453.611328125,2460.8935546875,2460.8935546875,2460.8935546875,2460.91064453125,2460.874755859375,2460.829345703125,2460.8935546875,2460.8935546875,2522.0,2282.0
498.75,2453.611328125,2462.223388671875,2460.8935546875,2460.8935546875,2460.91064453125,2460.874755859375,2460.829345703125,2462.223388671875,2460.8935546875,2522.0,2282.0
499.0,2453.611328125,2460.8935546875,2460.8935546875,2460.8935546875,2460.91064453125,2460.874755859375,2460.829345703125,2460.8935546875,2460.8935546875,2522.0,2282.0
499.25,2453.611328125,2460.8935546875,2460.8935546875,2460.8935546875,2460.91064453125,2460.874755859375,2460.829345703125,2460.8935546875,2460.8935546875,2522.0,2282.0
499.5,2454.937255859375,2460.8935546875,2460.8935546875,2460.8935546875,2462.240478515625,2460.874755859375,2460.829345703125,2460.8935546875,2460.8935546875,2522.0,2282.0
499.75,2453.611328125,2460.8935546875,2460.8935546875,2460.8935546875,2460.91064453125,2460.874755859375,2460.829345703125,2460.8935546875,2460.8935546875,2522.0,2282.0
500.0,2453.611328125,2460.8935546875,2460.8935546875,2460.8935546875,2460.91064453125,2460.874755859375,2460.829345703125,2460.8935546875,2460.8935546875,2522.0,2282.0
500.25,2453.611328125,2460.8935546875,2460.8935546875,2460.8935546875,2460.91064453125,2460.874755859375,2460.829345703125,2460.8935546875,2460.8935546875,2522.0,2282.0
500.5,2453.611328125,2460.8935546875,2460.8935546875,2460.8935546875,2460.91064453125,2460.874755859375,2460.829345703125,2460.8935546875,2460.8935546875,2522.0,2282.0
500.75,2453.611328125,2462.223388671875,2460.8935546875,2460.8935546875,2460.91064453125,2462.20458984375,2460.829345703125,2462.223388671875,2460.8935546875,2522.0,2282.0
501.0,2453.611328125,2462.223388671875,2460.8935546875,2460.8935546875,2460.91064453125,2460.874755859375,2460.829345703125,2462.223388671875,2460.8935546875,2522.0,2282.0
501.25,2453.611328125,2460.8935546875,2460.8935546875,2460.8935546875,2460.91064453125,2460.874755859375,2460.829345703125,2460.8935546875,2460.8935546875,2522.0,2282.0
501.5,2453.611328125,2460.8935546875,2460.8935546875,2460.8935546875,2460.91064453125,2460.874755859375,2460.829345703125,2460.8935546875,2460.8935546875,2522.0,2282.0
501.75,2454.937255859375,2460.8935546875,2462.223388671875,2460.8935546875,2460.91064453125,2460.874755859375,2460.829345703125,2460.8935546875,2460.8935546875,2522.0,2282.0
502.0,2453.611328125,2460.8935546875,2460.8935546875,2460.8935546875,2460.91064453125,2460.874755859375,2460.829345703125,2460.8935546875,2460.8935546875,2522.0,2282.0
502.25,2453.611328125,2460.8935546875,2460.8935546875,2460.8935546875,2460.91064453125,2460.874755859375,2460.829345703125,2460.8935546875,2460.8935546875,2522.0,2282.0
502.5,2453.611328125,2460.8935546875,2460.8935546875,2460.8935546875,2460.91064453125,2460.874755859375,2460.8291015625,2460.8935546875,2460.8935546875,2522.0,2282.0
502.75,2453.611328125,2460.8935546875,2460.8935546875,2460.8935546875,2460.91064453125,2460.874755859375,2460.829345703125,2460.8935546875,2460.8935546875,2522.0,2282.0
503.0,2453.611328125,2460.8935546875,2460.8935546875,2460.8935546875,2460.91064453125,2460.874755859375,2460.829345703125,2460.8935546875,2460.8935546875,2522.0,2282.0
503.25,2453.611328125,2462.223388671875,2460.8935546875,2460.8935546875,2460.91064453125,2460.874755859375,2460.8291015625,2462.223388671875,2460.8935546875,2522.0,2282.0
503.5,2453.611328125,2460.8935546875,2460.8935546875,2460.8935546875,2460.91064453125,2460.874755859375,2460.829345703125,2460.8935546875,2460.8935546875,2522.0,2282.0
503.75,2453.611328125,2460.8935546875,2460.8935546875,2460.8935546875,2460.91064453125,2460.874755859375,2460.8291015625,2460.8935546875,2460.8935546875,2522.0,2282.0
504.0,2454.937255859375,2460.8935546875,2460.8935546875,2460.8935546875,2462.240478515625,2460.874755859375,2460.829345703125,2460.8935546875,2460.8935546875,2522.0,2282.0
504.25,2453.611328125,2460.8935546875,2460.8935546875,2460.8935546875,2460.91064453125,2460.875,2460.8291015625,2460.8935546875,2460.8935546875,2522.0,2282.0
504.5,2453.611328125,2460.8935546875,2460.8935546875,2460.8935546875,2460.91064453125,2460.874755859375,2460.829345703125,2460.8935546875,2460.8935546875,2522.0,2282.0
504.75,2453.611328125,2460.8935546875,2460.8935546875,2460.8935546875,2460.91064453125,2460.875,2460.8291015625,2460.8935546875,2460.8935546875,2522.0,2282.0
505.0,2453.611328125,2460.8935546875,2460.8935546875,2460.8935546875,2460.91064453125,2460.874755859375,2460.829345703125,2460.8935546875,2460.8935546875,2522.0,2282.0
505.25,2453.611328125,2460.8935546875,2460.8935546875,2462.223388671875,2460.91064453125,2460.875,2462.158935546875,2460.8935546875,2462.223388671875,2522.0,2282.0
505.5,2453.611328125,2460.8935546875,2460.8935546875,2460.8935546875,2460.91064453125,2462.20458984375,2460.829345703125,2460.8935546875,2460.8935546875,2522.0,2282.0
505.75,2453.611328125,2460.8935546875,2460.8935546875,2460.8935546875,2460.91064453125,2460.874755859375,2460.8291015625,2460.8935546875,2460.8935546875,2522.0,2282.0
506.0,2454.937255859375,2460.8935546875,2462.223388671875,2460.8935546875,2462.240478515625,2460.874755859375,2460.829345703125,2460.8935546875,2460.8935546875,2522.0,2282.0
506.25,2454.937255859375,2460.8935546875,2460.8935546875,2460.8935546875,2460.91064453125,2460.874755859375,2460.829345703125,2460.8935546875,2460.8935546875,2522.0,2282.0
506.5,2453.611328125,2460.8935546875,2460.8935546875,2460.8935546875,2460.91064453125,2460.874755859375,2460.829345703125,2460.8935546875,2460.8935546875,2522.0,2282.0
506.75,2453.611328125,2460.8935546875,2460.8935546875,2460.8935546875,2460.91064453125,2460.874755859375,2460.8291015625,2460.8935546875,2460.8935546875,2522.0,2282.0
507.0,2453.611328125,2460.8935546875,2460.8935546875,2460.8935546875,2460.91064453125,2460.874755859375,2460.829345703125,2460.8935546875,2460.8935546875,2522.0,2282.0
507.25,2453.611328125,2460.8935546875,2460.8935546875,2460.8935546875,2460.91064453125,2460.874755859375,2460.829345703125,2460.8935546875,2460.8935546875,2522.0,2282.0
