Time,Time Varying Load 671.Single phase time-varying loadA.P_measured,Time Varying Load 675.Single phase time-varying loadB.P_measured,Time Varying Load 671.Single phase time-varying loadA1.P_measured,Time Varying Load 671.Single phase time-varying loadA2.P_measured,Time Varying Load 675.Single phase time-varying loadA.P_measured,Time Varying Load 675.Single phase time-varying loadC.P_measured
0.0,212792.03125,126779.828125,220082.1875,207766.484375,115932.0234375,126140.03125
0.25,212494.96875,126664.9609375,219444.84375,207380.625,116155.265625,125730.7578125
0.5,212425.234375,126609.59375,219358.53125,207280.796875,116170.3125,125676.6953125
0.75,212395.859375,126588.390625,219322.015625,207243.09375,116176.546875,125655.828125
1.0,212384.25,126580.234375,219307.90625,207228.6875,116178.8203125,125647.7578125
1.25,212379.984375,126577.1328125,219302.546875,207223.03125,116179.703125,125644.6796875
1.5,212378.34375,126575.953125,219300.46875,207221.0625,116180.1015625,125643.46875
1.75,212377.359375,126575.4375,219299.65625,207220.046875,116179.953125,125643.03125
2.0,212316.046875,126445.65625,218892.0,206982.15625,116148.7890625,125401.328125
2.25,212377.25,126575.1328125,219299.1875,207219.84375,116180.3125,125642.8203125
2.5,212377.171875,126575.125,219299.1875,207219.765625,116180.3125,125642.8046875
2.75,212377.09375,126575.140625,219299.171875,207219.640625,116180.1953125,125642.7734375
3.0,212377.296875,126575.1484375,219299.09375,207219.65625,116180.3203125,125642.7734375
3.25,212377.34375,126575.1953125,219299.125,207219.6875,116180.3828125,125642.7734375
3.5,212377.109375,126575.21875,219299.140625,207219.71875,116180.2890625,125642.7421875
3.75,212377.234375,126575.1484375,219299.171875,207219.609375,116180.265625,125642.734375
4.0,212377.390625,126575.171875,219299.171875,207219.6875,116180.4140625,125642.734375
4.25,212377.171875,126575.0625,219299.125,207219.734375,116180.28125,125642.8203125
4.5,212377.09375,126575.078125,219299.0625,207219.78125,116180.2890625,125642.78125
4.75,212377.203125,126575.125,219299.140625,207219.703125,116180.296875,125642.796875
5.0,212377.359375,126575.1640625,219299.140625,207219.6875,116180.4140625,125642.8046875
5.25,212377.375,126575.21875,219299.15625,207219.6875,116180.421875,125642.75
5.5,212377.25,126575.1015625,219299.125,207219.640625,116180.3359375,125642.7421875
5.75,212377.140625,126575.2265625,219299.15625,207219.765625,116180.5078125,125642.7734375
6.0,212377.15625,126575.203125,219299.1875,207219.703125,116180.2421875,125642.7578125
6.25,212377.34375,126575.2265625,219299.234375,207219.703125,116180.2890625,125642.75
6.5,212316.015625,126445.609375,218891.8125,206981.828125,116148.859375,125401.2109375
6.75,212377.28125,126575.1171875,219299.078125,207219.703125,116180.3515625,125642.7890625
7.0,212377.09375,126575.1484375,219299.140625,207219.71875,116180.25,125642.78125
7.25,212377.171875,126575.0859375,219299.09375,207219.671875,116180.34375,125642.7265625
7.5,212377.21875,126575.15625,219299.171875,207219.640625,116180.3359375,125642.765625
7.75,212377.046875,126575.203125,219299.171875,207219.65625,116180.171875,125642.7578125
8.0,212377.328125,126575.1953125,219299.171875,207219.8125,116180.2421875,125642.8125
8.25,212377.3125,126575.25,219299.1875,207219.640625,116180.265625,125642.7734375
8.5,212377.421875,126575.2421875,219299.1875,207219.625,116180.3828125,125642.7265625
8.75,212377.1875,126575.109375,219299.140625,207219.75,116180.3046875,125642.78125
9.0,212377.03125,126575.0703125,219299.125,207219.671875,116180.28125,125642.7890625
9.25,212377.171875,126575.140625,219299.1875,207219.671875,116180.2578125,125642.765625
9.5,212377.0625,126575.1171875,219299.125,207219.734375,116180.21875,125642.8046875
9.75,212377.15625,126575.09375,219299.09375,207219.6875,116180.265625,125642.78125
10.0,212377.28125,126575.1171875,219299.09375,207219.65625,116180.1953125,125642.7734375
10.25,212377.109375,126575.1171875,219299.140625,207219.671875,116180.2734375,125642.7890625
10.5,212377.296875,126575.203125,219299.140625,207219.71875,116180.328125,125642.7109375
10.75,0.0,0.0,0.0,0.0,0.0,0.0
11.0,0.0,0.0,0.0,0.0,0.0,0.0
11.25,0.0,0.0,0.0,0.0,0.0,0.0
11.5,0.0,0.0,0.0,0.0,0.0,0.0
11.75,0.0,0.0,0.0,0.0,0.0,0.0
12.0,0.0,0.0,0.0,0.0,0.0,0.0
12.25,0.0,0.0,0.0,0.0,0.0,0.0
12.5,0.0,0.0,0.0,0.0,0.0,0.0
12.75,0.0,0.0,0.0,0.0,0.0,0.0
13.0,0.0,0.0,0.0,0.0,0.0,0.0
13.25,0.0,0.0,0.0,0.0,0.0,0.0
13.5,0.0,0.0,0.0,0.0,0.0,0.0
13.75,0.0,0.0,0.0,0.0,0.0,0.0
14.0,0.0,0.0,0.0,0.0,0.0,0.0
14.25,0.0,0.0,0.0,0.0,0.0,0.0
14.5,0.0,0.0,0.0,0.0,0.0,0.0
14.75,0.0,0.0,0.0,0.0,0.0,0.0
15.0,0.0,0.0,0.0,0.0,0.0,0.0
15.25,0.0,0.0,0.0,0.0,0.0,0.0
15.5,0.0,0.0,0.0,0.0,0.0,0.0
15.75,0.0,0.0,0.0,0.0,0.0,0.0
16.0,0.0,0.0,0.0,0.0,0.0,0.0
16.25,0.0,0.0,0.0,0.0,0.0,0.0
16.5,0.0,0.0,0.0,0.0,0.0,0.0
16.75,0.0,0.0,0.0,0.0,0.0,0.0
17.0,0.0,0.0,0.0,0.0,0.0,0.0
17.25,0.0,0.0,0.0,0.0,0.0,0.0
17.5,0.0,0.0,0.0,0.0,0.0,0.0
17.75,0.0,0.0,0.0,0.0,0.0,0.0
18.0,0.0,0.0,0.0,0.0,0.0,0.0
18.25,0.0,0.0,0.0,0.0,0.0,0.0
18.5,0.0,0.0,0.0,0.0,0.0,0.0
18.75,0.0,0.0,0.0,0.0,0.0,0.0
19.0,0.0,0.0,0.0,0.0,0.0,0.0
19.25,0.0,0.0,0.0,0.0,0.0,0.0
19.5,0.0,0.0,0.0,0.0,0.0,0.0
19.75,0.0,0.0,0.0,0.0,0.0,0.0
20.0,0.0,0.0,0.0,0.0,0.0,0.0
20.25,0.0,0.0,0.0,0.0,0.0,0.0
20.5,0.0,0.0,0.0,0.0,0.0,0.0
20.75,0.0,0.0,0.0,0.0,0.0,0.0
21.0,94111.7890625,20453.79296875,84023.859375,94087.5625,114425.2578125,61095.12890625
21.25,94012.3828125,20454.2578125,84012.3515625,94027.8515625,114331.703125,61059.71875
21.5,93973.0,20454.08984375,84012.25,94029.0703125,114334.1953125,61060.5
21.75,94014.6796875,20453.9921875,84011.7421875,94028.0859375,114329.1015625,61059.76953125
22.0,94018.734375,20454.181640625,84012.53125,94028.421875,114275.078125,61059.48046875
22.25,93955.46875,20436.78515625,83910.78125,93903.0859375,114247.65625,60976.5078125
22.5,94016.28125,20454.201171875,83983.5390625,94028.375,114332.03125,61059.53515625
22.75,94017.4453125,20453.91015625,83994.671875,94027.859375,114332.8359375,61059.796875
23.0,85004.2109375,19452.87109375,86015.3671875,81981.0078125,110327.03125,63033.87109375
23.25,85004.28125,19452.501953125,86014.5859375,82010.25,110325.5703125,63062.73828125
23.5,85004.546875,19452.7734375,86014.6328125,82011.0390625,110324.9140625,63062.640625
23.75,85001.140625,19452.771484375,86014.921875,82011.8125,110328.7265625,63062.671875
24.0,84965.375,19452.609375,86014.75,82012.328125,110329.03125,63062.33984375
24.25,85007.1640625,19452.58203125,86014.5234375,82012.796875,110272.609375,63062.28515625
24.5,84945.890625,19436.57421875,85911.3125,81903.5546875,110237.609375,62975.6953125
24.75,85005.703125,19452.728515625,85985.859375,82011.640625,110326.84375,63062.9765625
25.0,72990.0234375,14446.3056640625,73999.4140625,70995.84375,95309.515625,52042.34765625
25.25,72989.4453125,14441.10546875,73998.2109375,70996.1953125,95308.828125,52023.828125
25.5,72989.90625,14446.380859375,73998.6484375,70997.0703125,95309.15625,52046.84375
25.75,72990.421875,14446.2060546875,73998.4765625,70996.28125,95308.8359375,52047.2578125
26.0,72990.5546875,14446.203125,73998.3828125,70996.2578125,95309.0,52047.0625
26.25,72990.40625,14446.2822265625,73998.53125,70996.7109375,95260.0546875,52046.9609375
26.5,72984.828125,14446.3251953125,73998.515625,70996.9765625,95260.3984375,52047.109375
26.75,72987.921875,14446.064453125,73972.7734375,70971.9765625,95304.984375,52048.18359375
27.0,70953.8984375,16448.505859375,66975.7578125,68993.484375,85297.1875,47040.57421875
27.25,70988.9921875,16448.87890625,66989.203125,68992.953125,85296.3359375,47040.7109375
27.5,70987.1484375,16445.564453125,66989.2421875,68994.2890625,85295.21875,47038.83984375
27.75,70986.5,16448.798828125,66989.3671875,68993.8046875,85292.2421875,47041.98046875
28.0,70986.734375,16448.705078125,66989.0390625,68993.828125,85293.015625,47040.8046875
28.25,70987.234375,16448.666015625,66988.90625,68993.9140625,85294.8203125,47040.87109375
28.5,70986.6953125,16448.720703125,66989.0390625,68994.3203125,85251.671875,47040.6640625
28.75,70989.171875,16448.88671875,66989.140625,68982.21875,85290.3984375,47040.89453125
29.0,61929.40625,11432.0244140625,67887.5625,59902.734375,83222.703125,48978.24609375
29.25,61945.09765625,11442.474609375,67990.9765625,59982.12109375,83293.1953125,49043.80859375
29.5,61976.640625,11442.4423828125,67990.0,59981.0703125,83290.0390625,49038.09765625
29.75,61975.9375,11442.123046875,67990.296875,59982.1796875,83292.1796875,49043.87890625
30.0,61975.79296875,11442.765625,67990.5390625,59981.76171875,83291.8359375,49042.71875
30.25,61976.75390625,11442.5439453125,67990.3359375,59981.90625,83293.15625,49043.28515625
30.5,61975.80078125,11442.5390625,67990.3203125,59981.46875,83292.03125,49043.1171875
30.75,61976.3359375,11442.458984375,67990.4140625,59961.80859375,83250.1171875,49043.31640625
31.0,62975.9921875,12443.8984375,66989.4609375,60960.1484375,81285.34375,49043.375
31.25,62926.73046875,12432.3857421875,66887.890625,60902.8515625,81221.5390625,48978.60546875
31.5,62975.44140625,12443.654296875,66988.5546875,60982.8671875,81287.828125,49038.50390625
31.75,62978.0390625,12443.6640625,66988.7109375,60982.43359375,81287.3203125,49038.26953125
32.0,62977.203125,12443.9619140625,66989.1796875,60983.12109375,81289.5234375,49042.5859375
32.25,62977.57421875,12443.9384765625,66989.109375,60983.08984375,81289.28125,49042.55078125
32.5,62976.390625,12443.7265625,66989.0390625,60983.31640625,81287.609375,49043.27734375
32.75,62977.0625,12443.671875,66989.03125,60982.8125,81289.40625,49043.03125
33.0,61976.328125,11442.529296875,64986.4609375,60959.6484375,80247.640625,49043.390625
33.25,61978.4375,11442.7099609375,64963.7734375,60984.7578125,80291.40625,49043.5078125
33.5,61971.140625,11442.4052734375,64974.61328125,60981.07421875,80286.1953125,49042.859375
33.75,61974.15234375,11442.427734375,64985.96875,60982.390625,80285.9765625,49038.28125
34.0,61976.90625,11438.52734375,64986.83203125,60982.50390625,80288.578125,49023.21875
34.25,61975.765625,11442.7490234375,64986.515625,60983.28515625,80288.1171875,49042.5390625
34.5,61975.71875,11442.73828125,64986.53125,60983.125,80287.9375,49042.56640625
34.75,61976.796875,11442.5478515625,64986.34765625,60983.18359375,80289.28125,49043.234375
35.0,62977.328125,12443.783203125,61982.625,62973.98046875,77284.21875,45037.9375
35.25,62975.18359375,12443.849609375,61982.4609375,62987.3515625,77278.8203125,45037.828125
35.5,62975.1640625,12443.896484375,61982.609375,62985.875,77278.4609375,45037.96484375
35.75,62973.65625,12443.83984375,61971.66796875,62986.4609375,77285.6171875,45037.734375
36.0,62948.80859375,12443.7822265625,61983.203125,62986.7890625,77286.046875,45038.515625
36.25,62978.984375,12439.39453125,61982.77734375,62986.0078125,77285.1484375,45019.515625
36.5,62977.09765625,12443.6640625,61982.23046875,62986.01953125,77284.84375,45038.13671875
36.75,62977.1015625,12443.9453125,61982.39453125,62985.28125,77282.375,45037.34765625
37.0,63979.15625,12443.7119140625,62983.5,60982.80078125,76283.5703125,46038.921875
37.25,63978.58984375,12443.6181640625,62983.80859375,60971.9453125,76283.3984375,46039.08203125
37.5,63976.73828125,12443.8037109375,62983.83984375,60980.4765625,76277.90625,46038.90625
37.75,63980.7890625,12443.9091796875,62961.6328125,60983.03515625,76286.0078125,46039.0703125
38.0,63927.48046875,12432.5693359375,62889.390625,60905.77734375,76211.78125,45979.29296875
38.25,63975.63671875,12443.7421875,62984.45703125,60983.86328125,76282.7734375,46039.8125
38.5,63977.0234375,12439.1611328125,62983.28515625,60982.28125,76280.875,46018.4140625
38.75,63978.2890625,12443.64453125,62983.91796875,60982.2109375,76282.7734375,46037.43359375
39.0,64979.921875,13445.1259765625,60981.484375,61984.265625,76283.484375,43034.71484375
39.25,64979.5234375,13444.9736328125,60981.0546875,61984.3046875,76282.1328125,43035.52734375
39.5,64979.7734375,13445.0390625,60981.1796875,61973.04296875,76283.3203125,43035.0546875
39.75,64977.7734375,13444.9736328125,60981.14453125,61981.62109375,76277.609375,43034.83203125
40.0,64977.796875,13445.083984375,60981.3828125,61984.45703125,76277.2421875,43035.23046875
40.25,64976.2265625,13444.9765625,60981.5234375,61984.59765625,76284.140625,43035.65625
40.5,64975.328125,13444.9716796875,60981.70703125,61985.140625,76282.6640625,43036.20703125
40.75,64977.55078125,13444.904296875,60980.87109375,61984.75,76280.6015625,43031.2578125
41.0,72990.0703125,14445.765625,58977.56640625,70996.625,80289.2734375,44033.90234375
41.25,72989.3984375,14446.341796875,58978.640625,70996.2109375,80286.296875,44036.34375
41.5,72990.8828125,14446.19921875,58978.51171875,70996.1875,80288.9140625,44036.64453125
41.75,72989.8515625,14446.248046875,58978.39453125,70996.2578125,80288.0234375,44036.515625
42.0,72989.40625,14446.1748046875,58978.35546875,70996.8984375,80247.515625,44036.6171875
42.25,72991.109375,14446.380859375,58957.45703125,70994.859375,80289.7890625,44036.50390625
42.5,72956.5078125,14446.1025390625,58978.6171875,70997.5546875,80290.28125,44035.91796875
42.75,72989.2734375,14446.111328125,58979.1796875,70997.6015625,80287.953125,44037.171875
43.0,72989.46875,15442.046875,59979.45703125,74000.1015625,83291.0546875,46034.08984375
43.25,72990.3828125,15447.5341796875,59979.94921875,74000.328125,83292.96875,46037.47265625
43.5,72989.28125,15447.5244140625,59979.51953125,74000.671875,83289.40625,46038.5234375
43.75,72989.9296875,15447.373046875,59979.46875,74000.234375,83291.3125,46039.20703125
44.0,72989.7890625,15447.4970703125,59979.61328125,74000.6875,83292.1328125,46039.55859375
44.25,72988.6796875,15447.5712890625,59979.73046875,73986.5078125,83287.8203125,46039.39453125
44.5,72987.46875,15447.4267578125,59958.77734375,73972.4765625,83294.6796875,46039.24609375
44.75,72930.828125,15434.125,59890.046875,73905.7265625,83218.03125,45979.21875
45.0,70986.7109375,15447.4365234375,60980.90234375,71998.1015625,83291.625,47040.87890625
45.25,70989.046875,15447.6220703125,60981.03515625,71997.015625,83293.5625,47040.5
45.5,70987.6953125,15447.513671875,60981.18359375,71998.3203125,83293.21875,47040.82421875
45.75,70988.0234375,15447.5146484375,60981.1640625,71998.0078125,83293.625,47040.86328125
46.0,70987.3203125,15447.3779296875,60980.890625,71997.5390625,83291.609375,47040.48046875
46.25,70987.4140625,15447.4560546875,60980.890625,71998.5078125,83249.9453125,47040.78125
46.5,70986.09375,15447.5869140625,60980.99609375,71984.1328125,83287.578125,47040.7421875
46.75,70983.359375,15447.3837890625,60959.3984375,71973.2734375,83294.6015625,47041.28515625
47.0,69928.4609375,14433.6162109375,64888.35546875,69906.2109375,86220.265625,49978.4453125
47.25,69988.0390625,14446.388671875,64987.22265625,69994.625,86297.1796875,50045.18359375
47.5,69985.6953125,14440.9462890625,64986.24609375,69995.1953125,86295.015625,50039.96875
47.75,69986.390625,14443.48828125,64986.22265625,69994.6484375,86296.765625,50022.0625
48.0,69985.265625,14446.296875,64986.62109375,69994.796875,86293.7109375,50044.8984375
48.25,69986.8359375,14446.1943359375,64986.32421875,69995.2265625,86297.0,50044.81640625
48.5,69985.8828125,14446.2763671875,64986.40234375,69995.0234375,86296.0859375,50044.7265625
48.75,69985.1015625,14446.2294921875,64986.41796875,69981.9765625,86292.0859375,50044.7734375
49.0,63981.19140625,14446.3701171875,63962.28125,58979.80078125,77286.9609375,47040.28515625
49.25,63929.28515625,14433.5009765625,63889.05859375,58906.09375,77212.765625,46978.9453125
49.5,63974.03515625,14446.228515625,63985.8203125,58981.1875,77284.1484375,47041.015625
49.75,63980.3046875,14440.9189453125,63984.609375,58980.64453125,77285.0703125,47021.39453125
50.0,63978.234375,14446.115234375,63985.16015625,58979.6484375,77284.15625,47038.8359375
50.25,63978.46484375,14446.1484375,63985.01953125,58979.828125,77282.609375,47039.984375
50.5,63978.42578125,14446.18359375,63984.92578125,58980.2265625,77282.59375,47040.47265625
50.75,63978.46484375,14446.2587890625,63985.07421875,58969.59765625,77284.640625,47040.4453125
51.0,47960.65625,9440.4296875,42943.56640625,47964.8359375,55255.6953125,33022.56640625
51.25,47958.6171875,9440.009765625,42949.76171875,47965.59375,55253.9609375,33022.23828125
51.5,47959.26953125,9440.0732421875,42957.68359375,47966.41796875,55255.0390625,33023.0390625
51.75,47958.9296875,9436.5869140625,42958.171875,47965.73828125,55254.48046875,33019.5234375
52.0,47958.984375,9436.583984375,42958.3125,47965.828125,55254.60546875,33019.6953125
52.25,47936.71875,9440.2255859375,42958.6484375,47957.56640625,55254.0234375,33023.296875
52.5,47956.390625,9440.0478515625,42957.58203125,47947.2265625,55250.36328125,33021.58203125
52.75,47959.2890625,9440.2568359375,42958.6640625,47965.5390625,55253.9921875,33022.47265625
53.0,36946.81640625,7438.08984375,30945.013671875,38952.87109375,42218.9140625,26013.998046875
53.25,36947.02734375,7437.51513671875,30937.685546875,38953.984375,42240.0625,26014.2109375
53.5,36945.08203125,7437.9365234375,30944.5,38954.41015625,42237.28125,26014.404296875
53.75,36912.98828125,7430.57177734375,30909.8125,38906.69921875,42195.53125,25983.123046875
54.0,36945.98828125,7434.9912109375,30943.90234375,38954.875,42236.9921875,26011.806640625
54.25,36945.2578125,7437.53564453125,30943.427734375,38952.71484375,42238.11328125,26012.302734375
54.5,36943.3671875,7437.81884765625,30943.619140625,38954.84765625,42237.47265625,26013.873046875
54.75,36943.63671875,7437.68359375,30943.59375,38953.890625,42235.58203125,26014.189453125
55.0,30938.603515625,9439.7548828125,11924.1904296875,36951.76171875,26219.37890625,12999.42578125
55.25,30940.09375,9440.0859375,11923.2392578125,36951.0546875,26217.640625,13000.359375
55.5,30938.28515625,9439.7919921875,11923.0537109375,36952.33984375,26217.416015625,13000.0751953125
55.75,30939.24609375,9439.9541015625,11923.2822265625,36951.8671875,26218.69921875,12999.70703125
56.0,30938.6640625,9438.40625,11923.3505859375,36950.51171875,26218.15234375,12995.1552734375
56.25,30938.55078125,9438.16796875,11922.7353515625,36951.421875,26217.427734375,12991.7119140625
56.5,30937.826171875,9439.958984375,11923.3681640625,36953.15625,26215.03125,13000.033203125
56.75,30939.150390625,9439.9912109375,11923.5693359375,36945.578125,26218.06640625,13010.712890625
57.0,4913.3525390625,1431.0875244140625,-9095.9462890625,7917.75634765625,-810.4727172851562,-12.931573867797852
57.25,4913.611328125,1431.453369140625,-9095.2470703125,7919.17431640625,-807.76220703125,-13.836270332336426
57.5,4911.48779296875,1431.555419921875,-9095.083984375,7917.86767578125,-811.1488647460938,-13.417015075683594
57.75,4911.2265625,1431.381103515625,-9095.2236328125,7919.74560546875,-809.33740234375,-12.296172142028809
58.0,4908.63037109375,1430.88330078125,-9095.2080078125,7919.48291015625,-811.0674438476562,-12.37834644317627
58.25,4912.228515625,1431.3665771484375,-9095.583984375,7919.18896484375,-810.1215209960938,-15.320943832397461
58.5,4911.86376953125,1431.3013916015625,-9095.4951171875,7919.791015625,-810.8796997070312,-13.325067520141602
58.75,4913.04150390625,1431.4053955078125,-9095.37109375,7920.08056640625,-810.9606323242188,-12.845507621765137
59.0,-13104.2783203125,-4573.51171875,-30108.71484375,-12095.49609375,-22814.634765625,-14024.80078125
59.25,-13101.1923828125,-4573.47998046875,-30109.013671875,-12096.9453125,-22824.158203125,-14024.814453125
59.5,-13102.341796875,-4573.697265625,-30109.07421875,-12097.3681640625,-22827.666015625,-14024.5771484375
59.75,-13101.6279296875,-4573.546875,-30109.35546875,-12097.6181640625,-22826.1953125,-14024.5546875
60.0,-13101.82421875,-4573.51806640625,-30109.08203125,-12097.3515625,-22826.71484375,-14021.9287109375
60.25,-13087.017578125,-4568.52294921875,-30076.638671875,-12085.404296875,-22801.77734375,-14012.703125
60.5,-13100.6435546875,-4573.31298828125,-30109.10546875,-12097.29296875,-22826.61328125,-14025.84765625
60.75,-13095.533203125,-4573.6630859375,-30109.119140625,-12095.6767578125,-22825.34375,-14024.337890625
61.0,-31116.37890625,-6575.037109375,-40114.390625,-27108.08203125,-37835.15625,-22030.009765625
61.25,-31112.236328125,-6574.9619140625,-40114.12890625,-27105.75390625,-37838.09375,-22030.302734375
61.5,-31115.36328125,-6574.9892578125,-40114.10546875,-27106.2109375,-37838.53515625,-22030.5625
61.75,-31114.080078125,-6574.984375,-40114.046875,-27107.708984375,-37834.3984375,-22030.4453125
62.0,-31113.033203125,-6574.8994140625,-40114.01953125,-27106.69921875,-37833.9140625,-22026.353515625
62.25,-31113.673828125,-6574.38037109375,-40113.66015625,-27107.6484375,-37833.62890625,-22032.76171875
62.5,-31113.53125,-6574.40625,-40113.7421875,-27100.66796875,-37833.12109375,-22028.03125
62.75,-31114.115234375,-6575.01708984375,-40096.625,-27108.451171875,-37835.01171875,-22030.15234375
63.0,-49122.87890625,-8576.263671875,-57119.87890625,-47116.671875,-65841.296875,-30034.95703125
63.25,-49121.40234375,-8576.224609375,-57119.9765625,-47117.8828125,-65805.59375,-30035.208984375
63.5,-49121.0625,-8576.2119140625,-57120.0703125,-47118.21484375,-65805.5234375,-30035.1796875
63.75,-49115.39453125,-8576.248046875,-57119.87890625,-47115.7578125,-65837.4921875,-30035.0546875
64.0,-49120.22265625,-8576.1572265625,-57119.79296875,-47099.90625,-65840.3203125,-30029.78125
64.25,-49122.07421875,-8576.048828125,-57120.26953125,-47115.734375,-65838.703125,-30026.28125
64.5,-49120.90234375,-8575.947265625,-57119.73046875,-47117.140625,-65841.546875,-30036.51953125
64.75,-49060.1796875,-8565.583984375,-57028.59765625,-47075.73828125,-65776.625,-30006.21875
65.0,-65126.8828125,-12578.4697265625,-76125.2265625,-61120.76171875,-83840.3125,-49044.68359375
65.25,-65125.41796875,-12578.1787109375,-76123.484375,-61119.5546875,-83795.9375,-49043.38671875
65.5,-65124.6953125,-12578.3486328125,-76123.578125,-61098.27734375,-83839.1640625,-49043.9296875
65.75,-65126.7890625,-12578.3173828125,-76123.6015625,-61121.60546875,-83844.078125,-49043.6640625
66.0,-65125.671875,-12578.2802734375,-76123.796875,-61121.28515625,-83841.1640625,-49043.44140625
66.25,-65096.6796875,-12578.251953125,-76124.390625,-61120.78125,-83842.40625,-49025.44921875
66.5,-65127.703125,-12576.7255859375,-76123.8671875,-61119.84765625,-83843.09375,-49041.29296875
66.75,-65126.8203125,-12576.71875,-76088.953125,-61120.3125,-83840.34375,-49044.94921875
67.0,-67126.8828125,-12578.61328125,-72118.015625,-63121.6796875,-84842.046875,-47042.33203125
67.25,-67125.8984375,-12578.306640625,-72122.9453125,-63120.484375,-84838.8515625,-47043.72265625
67.5,-67126.8515625,-12578.26171875,-72123.0,-63119.515625,-84841.1328125,-47042.3828125
67.75,-67124.5078125,-12578.224609375,-72123.09375,-63097.37109375,-84837.9765625,-47043.25390625
68.0,-67126.125,-12578.3603515625,-72122.7421875,-63118.91796875,-84842.9921875,-47042.453125
68.25,-67125.640625,-12578.2314453125,-72123.1875,-63121.3125,-84841.25,-47042.921875
68.5,-67118.921875,-12578.1728515625,-72122.921875,-63120.75390625,-84839.609375,-47034.515625
68.75,-67128.09375,-12576.7998046875,-72122.5078125,-63121.7109375,-84842.578125,-47045.26171875
69.0,-71128.71875,-12576.8349609375,-73090.5703125,-67120.296875,-83843.3671875,-52046.03515625
69.25,-71034.1640625,-12561.6845703125,-73035.15625,-67069.3203125,-83763.71875,-51997.5234375
69.5,-71126.703125,-12578.216796875,-73122.9765625,-67120.140625,-83840.8203125,-52043.96484375
69.75,-71126.734375,-12578.2177734375,-73123.28125,-67120.078125,-83841.40625,-52044.36328125
70.0,-71128.015625,-12578.1064453125,-73123.421875,-67098.5078125,-83845.78125,-52045.1640625
70.25,-71126.1640625,-12578.302734375,-73123.0,-67120.2109375,-83839.1015625,-52044.0625
70.5,-71126.0859375,-12578.2822265625,-73123.1640625,-67119.125,-83840.28125,-52034.29296875
70.75,-71120.3203125,-12578.08203125,-73123.984375,-67121.984375,-83841.1328125,-52021.2734375
71.0,-73094.21875,-13576.94140625,-76123.59375,-70121.5234375,-87841.28125,-52045.60546875
71.25,-73125.3671875,-13578.8125,-76118.0859375,-70120.7265625,-87838.9921875,-52046.30859375
71.5,-73032.25,-13560.74609375,-76031.2578125,-70068.625,-87762.1796875,-51997.30859375
71.75,-73126.96875,-13578.6669921875,-76123.4296875,-70120.515625,-87840.4375,-52043.671875
72.0,-73126.3515625,-13578.595703125,-76123.46875,-70108.890625,-87793.5390625,-52044.6875
72.25,-73126.4609375,-13578.5771484375,-76123.6875,-70121.546875,-87838.828125,-52045.0703125
72.5,-73127.90625,-13578.544921875,-76123.640625,-70123.7578125,-87843.4453125,-52045.0234375
72.75,-73126.984375,-13578.65625,-76123.65625,-70121.2265625,-87841.046875,-52044.453125
73.0,-80127.8203125,-14572.8173828125,-77124.390625,-79121.6640625,-91839.765625,-54025.27734375
73.25,-80120.1796875,-14572.78515625,-77122.359375,-79120.5234375,-91839.546875,-54042.1953125
73.5,-80091.40625,-14578.9033203125,-77088.3046875,-79122.765625,-91841.2109375,-54046.79296875
73.75,-80125.5234375,-14578.7861328125,-77122.3671875,-79122.328125,-91839.046875,-54044.24609375
74.0,-80128.1953125,-14579.267578125,-77123.578125,-79096.234375,-91840.8671875,-54045.8203125
74.25,-80127.203125,-14578.99609375,-77123.75,-79099.4296875,-91792.1796875,-54045.44921875
74.5,-80128.984375,-14578.9580078125,-77123.9765625,-79122.2734375,-91844.15625,-54044.88671875
74.75,-80128.15625,-14578.9150390625,-77123.6796875,-79122.7109375,-91843.4296875,-54045.1796875
75.0,-81127.3671875,-16579.6328125,-86124.65625,-75122.1953125,-94840.703125,-65035.515625
75.25,-81127.8046875,-16572.6640625,-86123.15625,-75122.40625,-94839.859375,-65049.7109375
75.5,-81120.109375,-16572.494140625,-86084.453125,-75121.7578125,-94840.4453125,-65048.96484375
75.75,-81129.9375,-16579.552734375,-86123.4375,-75119.609375,-94843.1328125,-65046.80859375
76.0,-81126.984375,-16579.724609375,-86124.8828125,-75121.109375,-94840.3984375,-65048.15234375
76.25,-81127.2890625,-16579.728515625,-86124.171875,-75096.1796875,-94789.3125,-65046.9296875
76.5,-81127.6328125,-16579.76171875,-86124.2890625,-75121.7265625,-94788.5234375,-65046.515625
76.75,-81127.9609375,-16579.580078125,-86124.3125,-75119.4453125,-94842.3984375,-65047.05078125
77.0,-71128.3359375,-19580.138671875,-74123.171875,-61100.98046875,-71843.1171875,-62047.12109375
77.25,-71094.1171875,-19580.228515625,-74122.984375,-61118.69140625,-71840.8828125,-62024.19140625
77.5,-71095.8359375,-19580.2890625,-74124.1015625,-61120.10546875,-71843.9453125,-62026.953125
77.75,-71125.453125,-19579.9296875,-74123.0390625,-61119.859375,-71840.9609375,-62047.9609375
78.0,-71128.1796875,-19578.357421875,-74090.1328125,-61119.59765625,-71842.3359375,-62046.9453125
78.25,-71033.59375,-19552.2421875,-74033.765625,-61070.15625,-71770.6328125,-61992.9609375
78.5,-62118.48828125,-21580.4765625,-60120.48828125,-51116.12890625,-59837.49609375,-51044.703125
78.75,-62097.625,-21580.501953125,-60120.765625,-51117.32421875,-59842.66796875,-51044.08984375
79.0,-62127.57421875,-21580.52734375,-60120.984375,-51101.0078125,-59843.4453125,-51034.63671875
79.25,-62123.2734375,-21580.287109375,-60121.421875,-51102.765625,-59839.37109375,-51028.4921875
79.5,-62125.98828125,-21580.603515625,-60120.578125,-51118.6484375,-59841.94140625,-51042.34765625
79.75,-62125.93359375,-21580.349609375,-60093.46875,-51118.08203125,-59841.5234375,-51043.5234375
80.0,-62125.796875,-21580.306640625,-60093.5546875,-51118.03125,-59842.125,-51043.9921875
80.25,-62126.01171875,-21580.26953125,-60119.84375,-51116.5703125,-59842.6875,-51043.5859375
80.5,-35098.82421875,-14578.6044921875,-30107.8515625,-28106.177734375,-33833.609375,-27032.708984375
80.75,-35117.04296875,-14578.66015625,-30108.556640625,-28107.916015625,-33815.453125,-27033.1015625
81.0,-35117.76953125,-14578.71484375,-30109.142578125,-28109.197265625,-33837.203125,-27033.791015625
81.25,-35116.1171875,-14579.0107421875,-30109.25,-28107.58203125,-33830.85546875,-27033.0078125
81.5,-35116.3984375,-14578.7470703125,-30109.08203125,-28108.521484375,-33833.0703125,-27033.755859375
81.75,-35116.0390625,-14578.8115234375,-30109.10546875,-28107.94140625,-33833.63671875,-27028.365234375
82.0,-35115.48828125,-14572.6748046875,-30108.486328125,-28102.365234375,-33831.70703125,-27035.798828125
82.25,-35073.3515625,-14559.2578125,-30075.62890625,-28081.203125,-33797.1171875,-27005.173828125
82.5,-14105.4541015625,-6574.02587890625,-1087.260498046875,-1086.688232421875,-4812.5537109375,-9018.2412109375
82.75,-14101.908203125,-6574.53857421875,-1088.0750732421875,-1088.315185546875,-4813.8583984375,-9020.96484375
83.0,-14103.1044921875,-6574.806640625,-1088.41064453125,-1087.240234375,-4814.3095703125,-9020.357421875
83.25,-14105.162109375,-6574.9462890625,-1089.4306640625,-1090.774169921875,-4817.9453125,-9021.3359375
83.5,-14102.4560546875,-6574.86669921875,-1087.75634765625,-1089.6751708984375,-4812.24658203125,-9021.44921875
83.75,-14103.6220703125,-6574.84423828125,-1088.5316162109375,-1089.340087890625,-4813.95458984375,-9021.392578125
84.0,-14102.83203125,-6574.85009765625,-1088.381591796875,-1088.061767578125,-4813.09130859375,-9020.50390625
84.25,-14101.3642578125,-6574.7001953125,-1088.3348388671875,-1088.301025390625,-4813.09765625,-9018.869140625
84.5,4910.35400390625,-1571.0950927734375,8921.1611328125,17930.33203125,8197.091796875,3991.357421875
84.75,4911.74267578125,-1571.227783203125,8920.1826171875,17930.24609375,8197.265625,3991.0166015625
85.0,4911.9658203125,-1570.9224853515625,8920.4404296875,17929.951171875,8196.626953125,3986.41162109375
85.25,4912.70361328125,-1571.2022705078125,8920.3095703125,17930.267578125,8198.818359375,3990.310791015625
85.5,4912.6435546875,-1571.2386474609375,8920.794921875,17930.68359375,8194.75,3990.904052734375
85.75,4911.63671875,-1570.9691162109375,8920.7744140625,17927.783203125,8195.2900390625,3990.490478515625
86.0,4914.03955078125,-1571.44287109375,8918.173828125,17922.107421875,8200.8525390625,3990.10107421875
86.25,4911.9375,-1571.050537109375,8920.2412109375,17928.94140625,8197.8154296875,3990.707275390625
86.5,30940.509765625,6436.61474609375,26939.115234375,44962.0703125,30222.125,26014.123046875
86.75,30910.142578125,6430.29345703125,26909.609375,44897.9609375,30191.81640625,25982.615234375
87.0,30938.359375,6435.66357421875,26939.185546875,44960.23828125,30222.525390625,26014.0859375
87.25,30939.130859375,6436.35986328125,26939.40234375,44961.3828125,30221.998046875,26011.29296875
87.5,30937.71484375,6436.58203125,26939.287109375,44962.609375,30219.92578125,26002.052734375
87.75,30937.021484375,6436.712890625,26939.107421875,44962.703125,30223.125,26015.787109375
88.0,30924.4140625,6436.625,26939.18359375,44961.46875,30219.8359375,26013.92578125
88.25,30941.908203125,6436.705078125,26939.583984375,44962.72265625,30226.236328125,26014.259765625
88.5,63978.046875,14446.435546875,59978.99609375,73974.7421875,70268.6640625,56053.04296875
88.75,63981.1015625,14446.0634765625,59979.63671875,74002.1328125,70278.3203125,56052.55859375
89.0,63978.9765625,14446.3623046875,59979.75,74000.578125,70274.71875,56052.19140625
89.25,63974.875,14446.046875,59967.67578125,74000.1796875,70276.2421875,56052.32421875
89.5,63976.46875,14446.2138671875,59979.87890625,74000.921875,70272.671875,56052.6796875
89.75,63978.08984375,14446.083984375,59979.92578125,74000.40625,70274.9609375,56046.8984375
90.0,63978.44140625,14446.3369140625,59980.01953125,73999.8515625,70275.703125,56026.82421875
90.25,63978.06640625,14446.0703125,59979.8046875,74001.1484375,70276.453125,56053.76171875
90.5,105032.296875,25461.494140625,113054.34375,109028.5859375,128349.140625,89097.1328125
90.75,105029.546875,25460.63671875,113052.0390625,109047.0390625,128348.0078125,89099.15625
91.0,105030.015625,25460.7109375,113051.7578125,109048.28125,128348.265625,89098.8203125
91.25,104965.1640625,25440.13671875,112906.078125,108902.96875,128254.9453125,88966.3203125
91.5,105032.4296875,25460.8828125,113051.90625,109048.8125,128351.53125,89099.7265625
91.75,105030.3515625,25460.693359375,113051.8046875,109049.0625,128349.484375,89099.125
92.0,105031.2421875,25460.673828125,113051.90625,109049.171875,128350.015625,89099.4921875
92.25,104980.7734375,25452.119140625,113027.4453125,109049.59375,128351.53125,89099.2109375
92.5,132065.171875,34461.8125,138086.1875,140090.84375,159384.0,109127.921875
92.75,132063.828125,34461.69921875,138041.015625,140089.828125,159383.78125,109117.9375
93.0,132062.8125,34472.42578125,138054.34375,140088.96875,159380.359375,109079.1484375
93.25,132063.71875,34472.52734375,138084.4375,140089.375,159383.328125,109127.359375
93.5,132063.671875,34472.48046875,138084.78125,140089.34375,159383.09375,109127.328125
93.75,132057.984375,34472.46484375,138084.6875,140091.0625,159303.0625,109127.140625
94.0,131997.03125,34472.3671875,138084.984375,140064.34375,159387.96875,109128.828125
94.25,132064.90625,34472.80078125,138085.625,140038.5625,159383.09375,109128.125
94.5,155090.453125,29466.041015625,146095.125,161113.484375,185410.328125,121145.125
94.75,155090.53125,29466.236328125,146094.890625,161114.90625,185407.0,121145.3125
95.0,155090.6875,29456.560546875,146095.140625,161115.203125,185407.546875,121133.7734375
95.25,155014.578125,29466.38671875,146064.421875,161062.78125,185412.4375,121146.6015625
95.5,155012.96875,29466.208984375,146062.09375,161117.40625,185410.46875,121143.40625
95.75,155017.3125,29442.9453125,145892.546875,160899.734375,185311.25,120949.0
96.0,155089.09375,29466.109375,146094.1875,161115.125,185406.515625,121144.625
96.25,155090.578125,29466.11328125,146094.90625,161117.109375,185314.234375,121144.4921875
96.5,151082.8125,29466.36328125,148097.6875,157109.359375,188401.6875,117139.2734375
96.75,151084.703125,29466.30859375,148097.421875,157110.34375,188409.78125,117138.984375
97.0,151084.6875,29466.181640625,148097.453125,157110.296875,188409.796875,117139.9375
97.25,151085.15625,29456.6328125,148097.703125,157110.828125,188409.421875,117128.8515625
97.5,151010.578125,29466.44921875,148066.453125,157110.25,188412.328125,117140.375
97.75,151009.5,29466.283203125,148064.296875,157109.875,188407.1875,117138.1015625
98.0,151014.234375,29442.955078125,147891.796875,156900.484375,188313.484375,116951.7578125
98.25,151085.640625,29466.0234375,148097.65625,157110.71875,188410.390625,117139.515625
98.5,144075.3125,29466.39453125,154104.796875,151101.953125,191404.765625,117139.265625
98.75,144077.3125,29466.05078125,154105.0625,151102.859375,191411.875,117140.015625
99.0,144076.671875,29466.365234375,154105.015625,151103.265625,191412.09375,117139.1640625
99.25,144076.859375,29466.3203125,154105.078125,151103.109375,191411.9375,117128.1015625
99.5,144076.9375,29466.365234375,154105.109375,151103.609375,191412.046875,117128.9921875
99.75,144007.796875,29459.9375,154105.171875,151051.46875,191419.015625,117140.3984375
100.0,144072.40625,29466.19921875,154069.515625,151101.40625,191404.015625,117138.296875
100.25,144075.5,29466.111328125,154104.640625,151104.828125,191409.421875,117139.34375
100.5,149083.40625,26461.970703125,136081.28125,149100.78125,180402.796875,115136.1796875
100.75,149083.734375,26462.234375,136082.1875,149102.90625,180312.203125,115135.90625
101.0,149080.421875,26462.427734375,136082.140625,149099.9375,180395.109375,115136.7265625
101.25,149083.1875,26462.05859375,136082.09375,149100.515625,180402.359375,115136.9296875
101.5,149082.515625,26462.240234375,136082.03125,149100.9375,180402.953125,115137.0078125
101.75,149083.296875,26462.447265625,136039.25,149050.484375,180402.90625,115089.078125
102.0,149076.828125,26462.46875,136039.0,149102.53125,180402.578125,115136.8671875
102.25,149079.28125,26462.248046875,136082.25,149100.9375,180397.15625,115136.6484375
102.5,161019.515625,34472.53125,127069.75,157110.875,173402.046875,113132.21875
102.75,161097.046875,34472.375,127069.8515625,157110.234375,173396.71875,113134.0703125
103.0,161098.109375,34472.359375,127069.8359375,157112.234375,173309.796875,113133.2734375
103.25,161098.0,34472.69921875,127070.2578125,157109.53125,173397.875,113133.875
103.5,161096.671875,34472.60546875,127070.09375,157110.265625,173395.9375,113133.3125
103.75,161097.375,34465.0234375,127070.3984375,157080.6875,173397.640625,113133.96875
104.0,161023.359375,34445.21484375,126901.0390625,156899.25,173297.140625,112954.09375
104.25,161095.40625,34472.265625,127042.2421875,157110.46875,173395.015625,113082.8828125
104.5,152082.15625,32470.083984375,125066.8828125,150101.03125,170395.453125,107123.6953125
104.75,151940.4375,32444.3828125,124902.109375,149901.765625,170300.953125,106958.1015625
105.0,152083.78125,32469.703125,125066.875,150101.015625,170390.8125,107125.375
105.25,152084.34375,32470.1875,125067.40625,150100.53125,170386.140625,107125.3125
105.5,152087.21875,32469.86328125,125067.6875,150101.296875,170392.984375,107125.765625
105.75,152086.046875,32469.953125,125067.484375,150074.578125,170394.078125,107125.0703125
106.0,152088.03125,32459.63671875,125068.1015625,150048.0625,170394.421875,107125.8515625
106.25,152087.71875,32469.802734375,125041.6171875,150101.5625,170394.75,107079.7890625
106.5,161016.46875,28464.888671875,125068.3359375,160114.390625,183408.1875,108126.7734375
106.75,161016.0,28464.759765625,125067.4375,160116.21875,183408.984375,108125.8203125
107.0,161097.015625,28464.900390625,125068.5390625,160113.53125,183404.53125,108127.0234375
107.25,161095.859375,28464.75,125066.953125,160113.984375,183404.625,108126.578125
107.5,161097.0625,28464.8125,125067.4921875,160114.125,183405.828125,108126.890625
107.75,161097.296875,28465.05859375,125067.5234375,160112.84375,183397.546875,108127.234375
108.0,161098.234375,28464.654296875,125067.328125,160112.515625,183406.90625,108127.1953125
108.25,161097.28125,28455.52734375,125067.828125,160113.84375,183404.9375,108127.3828125
108.5,150083.953125,32462.6875,115054.0625,151102.375,162383.125,98068.9140625
108.75,150084.484375,32469.81640625,115053.9765625,151103.53125,162388.21875,98111.9296875
109.0,150085.296875,32469.828125,115054.375,151102.796875,162387.484375,98112.78125
109.25,150084.8125,32469.96484375,115054.21875,151102.875,162385.453125,98112.5234375
109.5,150011.84375,32469.9296875,115054.2734375,151104.0625,162388.96875,98112.59375
109.75,150087.34375,32469.990234375,115053.7265625,151102.1875,162387.734375,98112.6171875
110.0,150086.046875,32469.615234375,115053.71875,151102.328125,162386.984375,98112.7578125
110.25,150084.09375,32469.951171875,115054.59375,151048.890625,162386.09375,98113.0
110.5,126056.59375,27454.033203125,108020.8203125,129073.8046875,149371.15625,83082.9921875
110.75,126056.4140625,27463.5078125,108044.9296875,129075.8671875,149374.3125,83090.6015625
111.0,126057.421875,27463.380859375,108044.453125,129075.1015625,149373.140625,83090.7734375
111.25,126056.90625,27463.51171875,108044.90625,129075.4296875,149372.03125,83091.15625
111.5,126057.2578125,27463.33984375,108044.8828125,129052.265625,149373.03125,83091.4140625
111.75,126057.328125,27463.58984375,108045.03125,129073.0546875,149372.96875,83090.8359375
112.0,126059.640625,27463.224609375,108044.5390625,129072.90625,149375.65625,83091.171875
112.25,125994.203125,27463.375,108045.0546875,129077.1484375,149372.5,83090.921875
112.5,110037.6171875,31468.470703125,94025.09375,111049.640625,122340.625,65059.4453125
112.75,110038.4921875,31458.361328125,94025.5625,111051.6640625,122339.5078125,65036.29296875
113.0,109985.3828125,31468.580078125,94025.859375,111011.09375,122344.09375,65064.296875
113.25,110033.71875,31468.24609375,94025.21875,111050.9375,122338.25,65065.24609375
113.5,110036.5625,31468.279296875,94025.4453125,111053.0859375,122278.4375,65064.87109375
113.75,110038.4609375,31468.30078125,94025.6640625,111050.859375,122343.78125,65065.796875
114.0,110036.828125,31468.51953125,94025.5234375,111051.71875,122341.2265625,65065.05078125
114.25,110038.0390625,31468.501953125,94025.8671875,111051.359375,122342.5078125,65065.62890625
114.5,99023.3203125,26461.837890625,83010.6015625,99034.53125,109325.1796875,62061.40234375
114.75,99023.53125,26453.02734375,83010.515625,98998.3671875,109326.3828125,62055.078125
115.0,99022.4140625,26456.29296875,83010.4375,99034.3828125,109325.703125,62032.7578125
115.25,99023.078125,26461.849609375,83010.46875,99035.6484375,109325.1953125,62060.80859375
115.5,99017.9453125,26461.955078125,83010.578125,99034.9921875,109325.8046875,62060.8125
115.75,99021.609375,26461.75,83010.03125,99035.3671875,109268.796875,62060.4921875
116.0,99022.96875,26462.267578125,83011.1875,99034.578125,109321.15625,62061.40234375
116.25,99023.296875,26462.134765625,83010.8359375,99034.859375,109325.359375,62060.9296875
116.5,94016.6953125,23457.732421875,78988.578125,95029.2578125,109325.9375,59056.6328125
116.75,94016.7890625,23458.015625,79005.796875,95030.3359375,109325.5546875,59051.83203125
117.0,94017.265625,23449.98828125,79005.1484375,94994.078125,109325.8828125,59030.46484375
117.25,94015.9765625,23453.1953125,79004.9609375,95029.4921875,109325.65625,59056.1015625
117.5,94015.4453125,23457.94140625,79005.21875,95030.359375,109322.6796875,59056.91796875
117.75,94011.6640625,23458.044921875,79005.0234375,95029.671875,109325.5234375,59056.48828125
118.0,94014.8046875,23457.787109375,79004.7109375,95030.3515625,109268.78125,59056.765625
118.25,94016.5703125,23458.287109375,79005.6015625,95029.1640625,109321.3828125,59057.1015625
118.5,85008.71875,18451.35546875,72971.9921875,83011.234375,99315.84375,56052.9921875
118.75,85006.0625,18451.40234375,72997.703125,82999.265625,99313.75,56047.640625
119.0,85005.9921875,18444.951171875,72996.6875,83011.125,99313.8984375,56029.69921875
119.25,85006.203125,18447.6640625,72996.96875,83013.578125,99314.9375,56053.22265625
119.5,85004.5703125,18451.390625,72997.1484375,83012.7890625,99310.796875,56051.98828125
119.75,85005.1953125,18451.400390625,72997.0625,83013.078125,99311.6875,56052.9140625
120.0,85005.5546875,18451.466796875,72997.046875,83012.59375,99312.8828125,56052.51171875
120.25,85001.484375,18451.357421875,72997.1328125,83013.328125,99313.625,56052.6640625
120.5,71901.1796875,14433.5791015625,67888.109375,70879.28125,90225.265625,46980.1875
120.75,71985.671875,14446.1259765625,67976.5,70997.6171875,90297.7578125,47040.4140625
121.0,71987.828125,14446.123046875,67990.0234375,70996.265625,90300.4140625,47035.65234375
121.25,71988.8828125,14446.345703125,67990.1953125,70995.9765625,90302.15625,47019.2421875
121.5,71988.3359375,14446.3388671875,67990.2109375,70996.625,90301.7578125,47041.22265625
121.75,71989.21875,14446.3818359375,67990.5234375,70996.328125,90300.046875,47040.33984375
122.0,71988.578125,14446.2841796875,67990.359375,70996.3828125,90300.90625,47040.87109375
122.25,71988.9453125,14446.171875,67990.5703125,70996.75,90301.515625,47040.8359375
122.5,66983.0859375,13444.921875,62983.5,65977.6796875,82249.6875,48041.83984375
122.75,66927.5859375,13432.7314453125,62899.92578125,65906.4609375,82219.2578125,47979.4140625
123.0,66950.96875,13444.90234375,62984.1328125,65990.234375,82291.734375,48041.3671875
123.25,66981.5,13444.83984375,62982.95703125,65988.9140625,82290.6875,48041.65234375
123.5,66981.8359375,13442.837890625,62983.87890625,65989.125,82290.8671875,48040.0859375
123.75,66982.359375,13445.1015625,62984.0078125,65990.0859375,82291.3046875,48042.125
124.0,66981.5703125,13444.9453125,62983.6015625,65989.9609375,82288.921875,48041.82421875
124.25,66982.234375,13444.9794921875,62983.57421875,65989.703125,82290.3515625,48042.20703125
124.5,67983.3671875,13445.0478515625,68992.078125,65990.0,89300.078125,53048.6484375
124.75,67984.1953125,13444.92578125,68992.03125,65978.75,89255.484375,53048.6484375
125.0,67901.2734375,13432.763671875,68887.3828125,65903.578125,89227.1796875,52977.8828125
125.25,67952.9609375,13444.626953125,68977.765625,65989.2578125,89302.796875,53048.453125
125.5,67984.25,13444.8212890625,68991.09375,65990.9140625,89301.703125,53043.609375
125.75,67983.1328125,13442.4921875,68991.96875,65989.53125,89300.4453125,53046.82421875
126.0,67983.5625,13445.1484375,68991.671875,65990.2890625,89300.0625,53049.15234375
126.25,67983.4609375,13444.9208984375,68991.578125,65989.6484375,89301.265625,53048.46484375
126.5,63978.26171875,12443.798828125,65987.71875,62985.13671875,84291.65625,52047.453125
126.75,63978.4375,12443.6806640625,65987.6796875,62974.35546875,84294.0703125,52047.2890625
127.0,63978.6796875,12443.7275390625,65987.7734375,62975.19921875,84251.25,52047.07421875
127.25,63927.13671875,12432.4306640625,65888.203125,62906.921875,84224.2109375,51978.4375
127.5,63948.53515625,12443.7890625,65986.703125,62985.84375,84294.5390625,52046.73046875
127.75,63979.78515625,12443.7421875,65987.84375,62985.91015625,84292.703125,52047.85546875
128.0,63978.0234375,12441.224609375,65987.609375,62985.1015625,84293.640625,52045.41796875
128.25,63978.6484375,12443.7099609375,65987.5,62985.7890625,84293.4921875,52047.359375
128.5,64979.33984375,13444.9775390625,68991.703125,65989.828125,88297.3515625,50044.5546875
128.75,64979.625,13445.0537109375,68991.8125,65989.53125,88298.5078125,50044.66796875
129.0,64979.50390625,13444.931640625,68991.703125,65989.78125,88298.6484375,50044.61328125
129.25,64978.171875,13445.17578125,68992.234375,65964.9296875,88293.8046875,50044.83203125
129.5,64898.52734375,13433.017578125,68887.4921875,65903.8125,88222.8671875,49979.1015625
129.75,64976.27734375,13444.904296875,68992.2109375,65991.15625,88295.171875,50043.78125
130.0,64978.6875,13444.8359375,68991.3203125,65989.3515625,88297.84375,50039.625
130.25,64979.5078125,13442.587890625,68991.3984375,65989.453125,88299.671875,50042.79296875
130.5,68984.671875,13445.13671875,60981.1328125,71998.171875,86296.609375,45038.234375
130.75,68985.8125,13444.8935546875,60980.94140625,71997.8515625,86297.3359375,45037.96875
131.0,68984.859375,13445.029296875,60981.03515625,71998.03125,86295.4453125,45038.19921875
131.25,68985.53125,13444.951171875,60980.87109375,71998.140625,86252.6171875,45037.98828125
131.5,68983.3515625,13445.1103515625,60981.27734375,71972.0859375,86291.0703125,45038.12890625
131.75,68899.6484375,13432.7822265625,60898.84375,71903.1875,86221.046875,44979.65234375
132.0,68981.4296875,13444.857421875,60981.4296875,71995.234375,86292.46875,45037.0703125
132.25,68983.9921875,13444.8935546875,60980.94140625,71996.90625,86294.8984375,45032.7578125
132.5,70987.046875,13442.2177734375,62983.6015625,69994.2734375,83291.9296875,47038.95703125
132.75,70987.640625,13444.966796875,62983.71484375,69995.15625,83292.46875,47040.80859375
133.0,70986.78125,13444.9599609375,62983.49609375,69994.453125,83290.171875,47040.61328125
133.25,70987.390625,13444.9599609375,62983.66796875,69995.0625,83291.5078125,47040.98828125
133.5,70987.6796875,13444.947265625,62983.69140625,69983.1328125,83250.390625,47040.66796875
133.75,70985.9296875,13445.09765625,62984.08203125,69969.0703125,83287.3359375,47040.78515625
134.0,70930.8046875,13432.888671875,62898.57421875,69906.2421875,83219.9921875,46979.50390625
134.25,70954.1328125,13444.93359375,62984.24609375,69995.203125,83293.0234375,47040.0390625
134.5,69986.9375,13445.1923828125,59980.56640625,69994.515625,84292.71875,44031.3125
134.75,69985.3984375,13440.0400390625,59979.4140625,69994.984375,84291.640625,44016.7734375
135.0,69986.2734375,13442.3720703125,59979.6171875,69995.2890625,84294.0625,44037.28515625
135.25,69987.0703125,13444.8916015625,59979.6171875,69995.234375,84294.671875,44036.63671875
135.5,69986.921875,13444.8896484375,59979.734375,69995.046875,84294.2890625,44036.6796875
135.75,69986.9453125,13444.9833984375,59979.67578125,69983.5625,84251.3046875,44036.8828125
136.0,69984.6640625,13445.13671875,59980.125,69968.765625,84288.28125,44036.84375
136.25,69987.3515625,13444.853515625,59958.671875,69996.0703125,84294.96875,44036.8125
136.5,69984.78125,14445.9189453125,58977.03515625,70996.34375,83290.5234375,43035.1015625
136.75,69986.96875,14446.40625,58979.015625,70996.2109375,83291.4453125,43031.47265625
137.0,69986.2265625,14440.87890625,58977.953125,70996.25,83292.0234375,43015.90234375
137.25,69986.265625,14446.361328125,58978.765625,70996.828125,83292.40625,43035.84375
137.5,69985.5703125,14446.1455078125,58978.24609375,70996.4296875,83290.328125,43034.7890625
137.75,69987.0078125,14446.1591796875,58978.4609375,70996.3125,83293.015625,43035.7890625
138.0,69986.921875,14446.095703125,58978.33984375,70984.6171875,83250.3203125,43035.5703125
138.25,69985.28125,14446.3037109375,58978.46484375,70984.3125,83287.9453125,43035.6171875
138.5,73901.3828125,15433.7568359375,57899.29296875,76903.1875,86221.3125,42980.12109375
138.75,73990.40625,15447.38671875,57977.20703125,77005.0859375,86295.4140625,43036.109375
139.0,73992.0625,15447.5126953125,57977.33203125,77004.7265625,86295.75,43035.5546875
139.25,73991.3984375,15444.484375,57977.15234375,77004.6171875,86296.828125,43033.7578125
139.5,73991.265625,15447.177734375,57977.0546875,77005.5546875,86296.515625,43035.9921875
139.75,73992.1640625,15447.3681640625,57976.8125,77004.71875,86294.3984375,43035.40625
140.0,73991.9921875,15447.3642578125,57976.953125,77004.6015625,86297.0234375,43035.63671875
140.25,73991.890625,15447.431640625,57976.9453125,77005.4375,86252.5,43035.3984375
140.5,74991.078125,15447.5615234375,58978.53125,77005.0859375,85289.9296875,46039.68359375
140.75,74900.9375,15433.79296875,58899.16796875,76905.5234375,85220.609375,45979.1875
141.0,74991.859375,15447.181640625,58977.23046875,77004.046875,85294.078125,46039.00390625
141.25,74992.7890625,15441.8935546875,58978.015625,77004.9609375,85294.9921875,46034.2734375
141.5,74992.703125,15444.517578125,58978.20703125,77005.0625,85295.125,46021.0546875
141.75,74992.9609375,15447.5283203125,58978.54296875,77005.3203125,85296.109375,46039.4140625
142.0,74993.3203125,15447.462890625,58978.21875,77005.0234375,85295.921875,46038.98046875
142.25,74992.3984375,15447.5087890625,58978.41015625,77004.703125,85294.25,46039.44921875
142.5,73991.21875,17449.9765625,62983.640625,74000.5859375,84293.5703125,49043.37109375
142.75,73990.1796875,17450.119140625,62983.58203125,74000.7421875,84289.0703125,49043.43359375
143.0,73988.640625,17449.97265625,62983.84765625,73972.4921875,84295.8046875,49043.6484375
143.25,73990.3984375,17449.751953125,62983.6796875,74000.109375,84292.7421875,49043.12109375
143.5,73991.1875,17449.84765625,62982.8515625,74001.3828125,84293.953125,49043.7578125
143.75,73990.96875,17443.779296875,62983.4375,74001.078125,84292.9375,49038.75390625
144.0,73991.4453125,17446.533203125,62983.4921875,74000.5546875,84293.75,49021.01953125
144.25,73992.078125,17449.998046875,62983.54296875,74000.828125,84294.546875,49043.046875
144.5,63978.82421875,13444.849609375,51969.3125,62973.125,71275.8515625,43035.03125
144.75,63978.62109375,13444.9013671875,51969.453125,62961.8984375,71276.0,43035.46875
145.0,63978.23828125,13444.9873046875,51969.55859375,62987.01953125,71276.4375,43035.55078125
145.25,63929.078125,13432.95703125,51911.00390625,62905.42578125,71211.0390625,42980.296875
145.5,63979.203125,13445.041015625,51969.74609375,62985.4375,71276.4296875,43035.23828125
145.75,63946.73828125,13440.0830078125,51969.5625,62985.70703125,71276.6953125,43031.05859375
146.0,63979.98828125,13445.095703125,51970.01953125,62985.76953125,71277.375,43035.64453125
146.25,63983.75390625,13445.3837890625,51967.60546875,62977.15625,71271.6953125,43032.48828125
146.5,50961.4296875,11442.2734375,44960.33203125,48966.765625,59259.234375,39030.390625
146.75,50961.6015625,11442.48046875,44960.83203125,48965.76171875,59229.015625,39029.4453125
147.0,50961.08203125,11442.587890625,44960.73828125,48967.05078125,59255.7890625,39030.21875
147.25,50919.25,11432.095703125,44910.94921875,48905.375,59202.39453125,38980.890625
147.5,50919.12109375,11431.9345703125,44910.8671875,48906.58984375,59203.03125,38981.25
147.75,50962.26171875,11438.26171875,44960.59375,48966.94921875,59259.578125,39026.24609375
148.0,50959.1953125,11440.3212890625,44960.671875,48967.25390625,59260.48828125,39026.67578125
148.25,50917.34765625,10497.08203125,44751.28125,49020.34375,58967.62109375,38982.44140625
148.5,48961.390625,10441.3173828125,32946.5546875,49967.09375,51250.67578125,33022.859375
148.75,48959.51953125,10441.00390625,32945.625,49968.30859375,51249.01953125,33022.2421875
149.0,48958.98828125,10441.2587890625,32946.48046875,49969.87109375,51248.76171875,33021.7578125
149.25,48961.859375,10441.19140625,32946.578125,49968.46875,51252.08984375,33022.359375
149.5,48918.24609375,10431.4619140625,32909.2421875,49906.3515625,51197.96484375,32982.65234375
149.75,48917.98828125,10431.3623046875,32909.3125,49905.86328125,51199.10546875,32981.57421875
150.0,48960.7890625,10437.3837890625,32946.09765625,49968.05078125,51249.98046875,33019.44921875
150.25,49009.234375,10439.1875,32945.421875,49882.80859375,51249.87109375,33007.01171875
150.5,29936.8359375,9440.056640625,20932.935546875,32946.38671875,34227.49609375,24012.859375
150.75,29935.873046875,9440.05859375,20932.59765625,32947.01171875,34227.96484375,24012.255859375
151.0,29924.3984375,9439.947265625,20932.65625,32947.5390625,34228.55859375,24011.865234375
151.25,29936.4375,9440.0380859375,20924.58984375,32946.63671875,34209.27734375,24011.548828125
151.5,29937.5,9439.7978515625,20932.998046875,32947.4765625,34226.80078125,24012.478515625
151.75,29909.576171875,9431.0185546875,20909.82421875,32906.87109375,34192.4921875,23982.697265625
152.0,29937.890625,9436.4658203125,20932.603515625,32941.30078125,34227.6484375,24009.30078125
152.25,29999.283203125,9491.2958984375,20913.1875,32695.111328125,34171.7578125,23972.46875
152.5,16924.36328125,1431.6483154296875,-2089.388916015625,17931.8203125,8198.615234375,16002.25390625
152.75,16923.61328125,1431.5672607421875,-2089.381103515625,17929.66015625,8197.0302734375,16002.8720703125
153.0,16924.05859375,1431.5186767578125,-2089.21240234375,17929.796875,8198.2900390625,16002.0810546875
153.25,16924.17578125,1431.62646484375,-2088.919189453125,17930.068359375,8195.3720703125,16002.41796875
153.5,16924.4140625,1431.4197998046875,-2090.046142578125,17929.138671875,8195.580078125,16002.3525390625
153.75,16926.068359375,1431.0054931640625,-2089.541259765625,17931.580078125,8200.4921875,16002.638671875
154.0,16909.109375,1429.5125732421875,-2087.607177734375,17910.91796875,8191.56201171875,15982.6083984375
154.25,16941.451171875,1427.61669921875,-2121.74560546875,17903.94921875,8178.3701171875,15974.62109375
154.5,8918.0400390625,1431.4964599609375,-13098.26171875,8921.439453125,-9816.1142578125,4987.0927734375
154.75,8916.0888671875,1431.382080078125,-13098.8046875,8920.1796875,-9818.1689453125,4990.43212890625
155.0,8916.1572265625,1431.4930419921875,-13092.646484375,8920.728515625,-9818.1513671875,4991.85546875
155.25,8916.5390625,1431.2098388671875,-13097.8427734375,8919.4453125,-9816.8828125,4991.07275390625
155.5,8914.44921875,1431.5355224609375,-13097.5400390625,8915.5009765625,-9811.60546875,4991.76220703125
155.75,8915.53125,1431.52587890625,-13098.03125,8918.974609375,-9819.8662109375,4991.38427734375
156.0,8916.0498046875,1431.408935546875,-13098.62109375,8919.8896484375,-9817.62890625,4991.17333984375
156.25,8916.427734375,1430.9931640625,-13098.189453125,8920.4169921875,-9817.2529296875,4991.6435546875
156.5,39913.15625,9427.3486328125,-8086.41650390625,36890.19921875,14188.9599609375,10985.330078125
156.75,39948.84375,9439.740234375,-8095.07958984375,36949.7578125,14203.7236328125,10993.44140625
157.0,39949.58203125,9439.943359375,-8094.89501953125,36952.140625,14204.4111328125,10999.4052734375
157.25,39949.265625,9439.978515625,-8094.83984375,36951.56640625,14201.9287109375,10996.603515625
157.5,39949.671875,9439.8623046875,-8093.22998046875,36951.86328125,14205.4619140625,10997.7158203125
157.75,39950.26953125,9439.625,-8093.935546875,36952.10546875,14198.5009765625,10997.30078125
158.0,39933.25,9439.67578125,-8094.859375,36952.21484375,14207.8173828125,10997.1259765625
158.25,39933.3046875,9439.6669921875,-8094.93798828125,36951.5234375,14208.119140625,10997.8017578125
158.5,42952.46484375,7437.4541015625,-9096.1015625,41958.33984375,14204.18359375,12999.4443359375
158.75,42915.90625,7429.06884765625,-9085.6826171875,41889.60546875,14189.48046875,12984.865234375
159.0,42952.625,7437.6943359375,-9095.2548828125,41957.92578125,14203.7109375,12998.4873046875
159.25,42952.76171875,7437.5966796875,-9095.7041015625,41958.31640625,14203.7607421875,12992.12109375
159.5,42952.89453125,7437.7099609375,-9095.5078125,41958.43359375,14202.7294921875,13000.3564453125
159.75,42953.3125,7437.419921875,-9095.4140625,41957.9375,14204.5830078125,12999.5029296875
160.0,42950.8984375,7437.76171875,-9094.673828125,41958.24609375,14198.6650390625,12999.517578125
160.25,42933.078125,7437.4755859375,-9096.068359375,41958.19140625,14202.107421875,12999.4990234375
160.5,46957.74609375,9439.9443359375,-1089.7493896484375,56975.52734375,32224.451171875,12999.1513671875
160.75,46957.90234375,9439.9423828125,-1089.0225830078125,56977.5703125,32224.908203125,13000.1494140625
161.0,46958.0703125,9438.4423828125,-1089.159912109375,56977.2265625,32225.09765625,12999.837890625
161.25,46958.40625,9440.0224609375,-1088.7425537109375,56967.5234375,32225.5234375,13000.5556640625
161.5,46956.90625,9439.91015625,-1088.7581787109375,56974.96875,32222.82421875,12997.91015625
161.75,46958.54296875,9439.91796875,-1088.71142578125,56976.52734375,32224.77734375,13001.2880859375
162.0,46954.921875,9439.9306640625,-1088.93994140625,56976.58203125,32224.69921875,12999.6630859375
162.25,46954.28515625,9564.642578125,-1095.72900390625,56764.4921875,32257.419921875,13000.8271484375
162.5,38949.5625,1431.37646484375,-4091.168701171875,51970.94140625,33227.98828125,12999.921875
162.75,38949.515625,1431.139892578125,-4092.419189453125,51970.4375,33228.4765625,12999.662109375
163.0,38948.3671875,1431.5556640625,-4091.518798828125,51970.13671875,33225.94140625,12999.4130859375
163.25,38948.484375,1431.2625732421875,-4091.116455078125,51961.18359375,33225.890625,12998.724609375
163.5,38947.80859375,1431.6624755859375,-4091.916015625,51969.1171875,33226.1015625,12995.11328125
163.75,38947.6953125,1431.4876708984375,-4091.24072265625,51971.29296875,33225.63671875,13000.2216796875
164.0,38947.1875,1431.63232421875,-4091.22998046875,51972.07421875,33223.06640625,12999.5751953125
164.25,39171.3125,1437.292236328125,-4089.226318359375,52325.09765625,33350.6171875,13030.8935546875
164.5,54967.90625,6436.47705078125,3914.912109375,66990.609375,44239.6796875,26014.11328125
164.75,54965.875,6436.52783203125,3913.90625,66990.78125,44235.296875,26014.453125
165.0,54969.125,6436.56689453125,3915.93115234375,66990.9140625,44242.46875,26014.80078125
165.25,54967.171875,6436.62255859375,3914.927490234375,66989.9375,44239.03125,26013.515625
165.5,54967.375,6435.625,3915.13623046875,66990.5078125,44239.59375,26014.111328125
165.75,54967.41015625,6436.7587890625,3915.574462890625,66990.78125,44239.3359375,26014.501953125
166.0,54964.328125,6436.61962890625,3915.488525390625,66991.171875,44240.47265625,26012.0859375
166.25,55673.4765625,6447.89404296875,3914.550048828125,68136.9609375,44434.7421875,26159.6953125
166.5,77998.1171875,8438.806640625,6917.873046875,91023.1640625,54254.09765625,40031.3515625
166.75,77996.8359375,8438.7099609375,6917.97900390625,91008.109375,54254.14453125,40031.80078125
167.0,77996.6953125,8438.8857421875,6915.66455078125,91022.71875,54225.24609375,40031.28125
167.25,77999.34375,8438.82421875,6918.60595703125,91023.0546875,54256.76171875,40030.31640625
167.5,77997.7890625,8438.857421875,6918.97802734375,91024.6171875,54254.1328125,40031.98828125
167.75,77941.8828125,8429.158203125,6910.232421875,90903.875,54199.99609375,39980.8984375
168.0,77993.1328125,8439.029296875,6918.3994140625,91023.796875,54253.875,40031.01953125
168.25,77995.9375,8438.796875,6917.7626953125,91023.5546875,54251.62890625,40045.24609375
168.5,86006.546875,16448.421875,5916.3662109375,98032.546875,52248.69921875,40015.82421875
168.75,86007.984375,16448.521484375,5917.1494140625,98033.3828125,52252.1875,40031.69140625
169.0,86007.15625,16448.69140625,5916.8388671875,98032.8515625,52249.40234375,40030.1796875
169.25,86005.8671875,16448.615234375,5915.17822265625,97998.5234375,52245.8046875,40031.296875
169.5,86008.1796875,16448.482421875,5917.60205078125,98031.28125,52252.0703125,40030.42578125
169.75,86008.3984375,16448.591796875,5916.4345703125,98030.984375,52250.3984375,40030.3828125
170.0,85947.7109375,16428.453125,5910.62353515625,97902.890625,52198.91796875,39980.47265625
170.25,85966.9921875,16448.48828125,5916.77685546875,98033.234375,52287.68359375,40030.65625
170.5,104028.203125,17446.4921875,45960.984375,110028.1015625,90300.8046875,66065.8828125
170.75,104029.3671875,17449.943359375,45961.05859375,110048.8046875,90300.4609375,66039.1328125
171.0,104031.3828125,17449.947265625,45960.765625,110047.5234375,90303.3203125,66036.1953125
171.25,104029.6171875,17450.056640625,45961.21484375,110049.0078125,90299.7265625,66066.046875
171.5,104030.7578125,17449.97265625,45961.33203125,110049.171875,90302.046875,66065.8984375
171.75,103980.5703125,17450.04296875,45961.13671875,110050.171875,90302.390625,66065.9375
172.0,103965.5,17435.404296875,45893.953125,109901.65625,90220.8203125,65974.4765625
172.25,103967.203125,17435.08984375,45893.18359375,109902.7734375,90220.0,65974.2109375
172.5,132056.40625,18451.55078125,91021.4765625,143064.015625,152374.890625,90100.640625
172.75,132058.171875,18451.623046875,91021.15625,143092.953125,152364.4375,90101.0390625
173.0,132068.375,18445.25390625,90991.1953125,143089.5625,152379.234375,90101.3203125
173.25,132063.859375,18447.892578125,91021.5234375,143092.625,152376.8125,90060.828125
173.5,132064.671875,18451.427734375,91021.359375,143092.875,152376.125,90100.6484375
173.75,132064.5,18451.48828125,91021.3984375,143092.625,152376.78125,90100.671875
174.0,132063.9375,18451.552734375,91021.328125,143093.609375,152377.140625,90100.671875
174.25,132064.78125,18451.513671875,91021.4453125,143092.5625,152376.53125,90101.1640625
174.5,171034.609375,23439.0,105906.7578125,175893.328125,184313.34375,105957.7109375
174.75,171108.859375,23458.208984375,106041.796875,176133.734375,184314.4375,106123.9921875
175.0,171107.546875,23458.232421875,106042.0,176131.515625,184405.6875,106123.8203125
175.25,171107.703125,23458.443359375,106041.796875,176130.59375,184398.15625,106124.0625
175.5,171108.78125,23450.173828125,106041.828125,176130.6875,184407.28125,106124.8203125
175.75,171106.265625,23458.1328125,106019.234375,176131.046875,184405.640625,106076.21875
176.0,171102.359375,23458.2109375,106042.2109375,176132.609375,184407.5625,106124.140625
176.25,171108.765625,23459.6015625,106094.546875,176120.53125,184413.140625,106124.4921875
176.5,181116.484375,29466.3046875,125067.5078125,186142.34375,189412.09375,129153.9609375
176.75,181118.359375,29466.216796875,125067.3203125,186079.59375,189412.578125,129155.8984375
177.0,181117.546875,29466.26171875,125067.953125,186077.640625,189411.546875,129155.8125
177.25,181117.609375,29466.126953125,125067.359375,186142.9375,189314.5,129155.203125
177.5,181114.203125,29466.26953125,125067.59375,186140.8125,189402.375,129155.734375
177.75,181118.6875,29456.453125,125067.484375,186141.203125,189411.640625,129156.5390625
178.0,181112.953125,29465.994140625,125067.1796875,186141.875,189407.359375,129155.546875
178.25,181114.328125,29465.986328125,125067.140625,186141.5,189407.96875,129143.65625
178.5,192127.859375,38477.5859375,141088.53125,187142.78125,202422.046875,144162.53125
178.75,192051.5625,38447.38671875,140863.203125,186898.0,202328.890625,143934.421875
179.0,192051.59375,38447.35546875,140894.828125,186898.1875,202329.1875,143932.359375
179.25,192128.015625,38477.6015625,141087.875,187142.90625,202422.578125,144175.6875
179.5,192127.390625,38477.63671875,141088.265625,187143.546875,202421.609375,144175.640625
179.75,192122.75,38477.6484375,141088.125,187108.484375,202423.265625,144176.1875
180.0,192119.203125,38477.64453125,141087.8125,187142.296875,202407.3125,144175.546875
180.25,191885.796875,38453.25390625,141561.25,188264.359375,202571.3125,144300.546875
180.5,214144.171875,45472.05859375,164116.46875,216170.03125,235443.765625,148180.8125
180.75,214146.1875,45475.1171875,164116.484375,216172.21875,235445.203125,148181.953125
181.0,213961.640625,45449.76171875,163881.03125,215824.171875,235361.625,147868.46875
181.25,214150.5625,45486.25390625,164065.1875,216173.25,235447.609375,148183.28125
181.5,214146.578125,45485.56640625,164116.34375,216171.0625,235445.765625,148179.90625
181.75,214146.984375,45485.9609375,164116.65625,216172.40625,235447.0,148181.890625
182.0,214150.140625,45485.69921875,164116.484375,216175.140625,235329.65625,148180.8125
182.25,214143.484375,45486.14453125,164116.796875,216170.0,235434.953125,148181.78125
182.5,249172.46875,50491.69140625,229114.390625,250203.75,296332.90625,184227.046875
182.75,249173.953125,50491.16796875,229184.6875,250198.59375,296479.78125,184224.453125
183.0,249173.078125,50491.6484375,229185.203125,250200.71875,296479.5625,184224.53125
183.25,249089.328125,50435.671875,228817.75,249835.671875,296397.71875,183880.109375
183.5,249083.5625,50435.84765625,228817.578125,249836.75,296397.5,183880.390625
183.75,249169.25,50491.40625,229183.8125,250197.21875,296472.96875,184225.859375
184.0,249173.203125,50491.34375,229184.921875,250200.703125,296480.59375,184224.5
184.25,284794.4375,53463.52734375,250652.65625,267854.28125,331704.5,196635.5
184.5,288200.90625,57498.6640625,270219.375,285223.9375,338499.1875,214255.78125
184.75,288198.3125,57498.37890625,270219.96875,285226.0625,338499.9375,214257.328125
185.0,288203.3125,57498.3359375,270220.375,285231.1875,338337.21875,214256.59375
185.25,288192.0,57498.97265625,270220.5,285222.875,338481.78125,214257.25
185.5,288105.53125,57451.44140625,269679.9375,284816.25,338423.09375,213867.9375
185.75,288201.1875,57498.55859375,270220.0625,285228.09375,338503.4375,214234.953125
186.0,288199.90625,57481.73046875,270220.34375,285223.71875,338502.25,214165.046875
186.25,288143.53125,57510.4140625,271218.90625,285656.4375,338525.53125,214789.4375
186.5,323217.0625,63485.96875,324156.53125,321247.28125,392516.71875,246185.9375
186.75,323210.34375,63488.1640625,324185.0,321245.15625,392511.09375,246287.75
187.0,323216.4375,63504.1640625,324259.875,321245.28125,392518.71875,246288.15625
187.25,323217.03125,63504.37109375,324259.40625,321247.75,392521.21875,246287.171875
187.5,323223.78125,63503.80078125,324259.21875,321256.46875,392336.28125,246286.234375
187.75,323218.0,63504.59765625,324259.75,321179.0,392520.9375,246288.28125
188.0,323218.0,63504.30078125,324259.4375,321183.28125,392523.09375,246287.328125
188.25,350204.96875,63515.28515625,359718.71875,340327.75,437003.9375,257179.359375
188.5,354234.8125,63504.265625,360280.53125,354149.78125,447543.28125,267308.28125
188.75,354233.25,63504.32421875,360281.40625,354267.34375,447552.59375,267194.28125
189.0,354221.6875,63504.03125,360279.34375,354260.5625,447526.90625,267301.84375
189.25,354230.5625,63488.4609375,360280.84375,354265.0625,447539.0,267306.8125
189.5,354230.78125,63504.45703125,360281.46875,354265.5625,447539.125,267305.71875
189.75,354231.65625,63504.4375,360201.875,354266.4375,447539.71875,267305.40625
190.0,354122.28125,63450.33984375,359545.09375,353858.65625,447269.875,266801.40625
190.25,347064.28125,63549.8359375,373918.03125,354964.0625,464287.28125,269243.25
190.5,348227.09375,63504.13671875,379290.5,357264.90625,468541.90625,271309.5625
190.75,348230.75,63504.5078125,379291.78125,357269.6875,468557.84375,271308.0625
191.0,348225.40625,63504.51171875,379293.03125,357266.71875,468535.125,271196.625
191.25,348227.9375,63504.734375,379291.75,357193.625,468549.34375,271309.53125
191.5,348229.15625,63504.4140625,379292.96875,357155.1875,468549.78125,271310.09375
191.75,348230.6875,63486.3125,379292.6875,357267.8125,468537.84375,271307.78125
192.0,348224.6875,63488.7421875,379291.8125,357263.59375,468539.09375,271307.625
192.25,347975.28125,63412.7578125,378882.53125,359934.375,468598.375,273705.71875
192.5,374232.375,76514.8671875,383294.71875,376154.25,472521.5,290324.5
192.75,374233.4375,76514.7578125,383291.34375,376272.34375,472539.65625,290320.21875
193.0,374242.59375,76514.1484375,383293.96875,376279.84375,472557.34375,290323.6875
193.25,374236.65625,76514.6015625,383294.8125,376276.625,472538.25,290289.09375
193.5,374240.5625,76514.421875,383293.0,376273.90625,472549.34375,290318.09375
193.75,374239.71875,76514.6796875,383293.4375,376275.96875,472549.0625,290319.5625
194.0,374237.625,76514.5078125,383294.40625,376276.3125,472548.9375,290323.125
194.25,392323.71875,87366.296875,377083.875,390546.375,466185.21875,293556.6875
194.5,392235.15625,87521.7734375,377289.15625,395275.53125,465522.375,295328.03125
194.75,392235.15625,87520.875,377289.375,395275.46875,465522.59375,295326.375
195.0,392242.53125,87521.640625,377207.1875,395280.59375,465537.65625,295324.8125
195.25,392252.21875,87520.84375,377288.71875,395286.71875,465559.5,295324.96875
195.5,392245.375,87521.734375,377290.4375,395283.4375,465536.75,295326.53125
195.75,392248.1875,87521.65625,377290.6875,395284.84375,465544.15625,295326.46875
196.0,392247.34375,87521.5546875,377291.25,395285.3125,465544.71875,295292.625
196.25,392339.4375,88495.15625,375307.25,393883.78125,469678.09375,291491.8125
196.5,392255.90625,88521.25,375290.5625,393212.78125,469338.9375,289323.46875
196.75,392102.625,88438.3515625,374600.3125,392702.96875,469457.21875,288777.09375
197.0,392252.125,88521.2890625,375206.09375,393281.03125,469545.125,289322.71875
197.25,392250.28125,88521.3984375,375286.90625,393283.5625,469549.5625,289321.375
197.5,392252.125,88522.0703125,375288.59375,393288.71875,469560.0625,289322.9375
197.75,392245.9375,88522.3515625,375289.53125,393282.90625,469537.78125,289322.9375
198.0,392246.6875,88522.375,375289.59375,393283.9375,469546.125,289322.1875
198.25,392284.84375,88523.6640625,375377.8125,392506.0,469534.84375,288408.84375
198.5,375240.625,88522.3671875,376289.96875,376198.125,470549.6875,274312.78125
198.75,375252.5,88496.65625,376291.28125,376168.3125,470335.40625,274312.71875
199.0,375234.75,88522.921875,376169.3125,376268.90625,470533.875,274311.9375
199.25,375046.1875,88523.03125,376209.03125,376279.40625,470550.65625,274311.59375
199.5,375242.875,88522.015625,376290.375,376278.1875,470555.125,274312.0
199.75,375242.25,88521.953125,376289.625,376280.34375,470557.59375,274311.0
200.0,375239.84375,88522.1171875,376290.25,376274.03125,470545.5,274311.84375
200.25,375390.96875,88512.6875,372564.65625,374111.65625,469471.125,271008.0
200.5,360230.3125,86496.796875,335265.84375,358269.125,439534.125,248290.765625
200.75,360050.46875,86499.1796875,335192.53125,358271.875,439547.4375,248290.53125
201.0,360224.59375,86520.90625,335265.1875,358261.0625,439505.65625,248289.390625
201.25,360235.09375,86520.3671875,335265.28125,358191.75,439539.09375,248292.015625
201.5,360231.59375,86520.7109375,335265.4375,358263.875,439529.9375,248290.078125
201.75,360231.59375,86520.671875,335265.5625,358267.125,439530.1875,248289.9375
202.0,360234.0625,86520.7421875,335266.125,358267.0625,439530.59375,248290.140625
202.25,340059.75,74649.59375,331549.6875,342069.3125,441929.03125,247339.734375
202.5,339221.875,74512.890625,331264.15625,341257.625,440528.0625,246288.5625
202.75,339224.0,74494.0078125,331261.46875,341257.0,440535.5,246286.78125
203.0,339051.03125,74513.171875,331264.5,341262.3125,440547.46875,246288.5625
203.25,339052.8125,74513.390625,331264.75,341192.9375,440551.28125,246288.515625
203.5,339121.75,74445.828125,330672.28125,340751.46875,440268.5625,245829.484375
203.75,339221.625,74513.234375,331262.1875,341252.625,440526.3125,246287.59375
204.0,339224.09375,74512.78125,331263.375,341257.5625,440537.8125,246186.515625
204.25,293664.5625,58479.8984375,280111.53125,304647.8125,390523.21875,206606.234375
204.5,293200.78125,58499.515625,280227.1875,302236.9375,388519.71875,206248.6875
204.75,293201.8125,58499.58984375,280228.3125,302137.28125,388520.625,206250.5625
205.0,293199.65625,58499.40625,280227.71875,302241.0,388329.25,206249.4375
205.25,293042.21875,58500.42578125,280229.0625,302236.6875,388498.96875,206250.265625
205.5,293201.21875,58499.96875,280228.59375,302236.0625,388515.34375,206249.40625
205.75,293201.90625,58499.68359375,280141.21875,302238.375,388517.96875,206229.375
206.0,293200.75,58499.875,280141.46875,302237.71875,388517.3125,206164.796875
206.25,267962.46875,52491.8046875,248538.15625,276325.90625,353180.0,193680.671875
206.5,265183.625,52493.62109375,248201.40625,273218.125,346503.59375,177217.6875
206.75,265048.96875,52493.84375,248202.84375,273220.15625,346508.40625,177218.171875
207.0,265185.96875,52493.83203125,248201.109375,273126.3125,346500.34375,177218.90625
207.25,265185.4375,52493.453125,248202.0625,273124.125,346501.8125,177218.703125
207.5,265184.53125,52493.76171875,248145.203125,273214.75,346504.15625,177218.4375
207.75,265095.1875,52450.953125,247793.859375,272880.84375,346426.65625,176888.21875
208.0,265182.03125,52493.71875,248201.78125,273216.25,346497.65625,177215.078125
208.25,230770.25,46454.5703125,199436.734375,254974.296875,280178.75,169923.15625
208.5,227157.875,46486.83984375,199155.359375,236143.59375,271469.4375,156192.453125
208.75,227159.90625,46487.23828125,199154.140625,236189.109375,271469.53125,156191.21875
209.0,227040.84375,46487.09375,199155.953125,236188.359375,271467.5625,156192.5
209.25,227153.078125,46486.80078125,199155.1875,236188.34375,271461.59375,156192.0
209.5,227158.0,46487.2421875,199156.515625,236188.375,271465.0,156191.96875
209.75,227157.296875,46486.921875,199155.3125,236189.640625,271466.9375,156192.140625
210.0,227076.125,46449.8828125,198850.421875,235889.40625,271379.65625,155858.15625
210.25,208194.5,36511.90234375,184286.328125,225503.59375,261392.046875,151297.203125
210.5,207141.6875,36475.44140625,184081.890625,214169.03125,259461.140625,141170.625
210.75,207142.140625,36475.01953125,184137.8125,214172.96875,259330.6875,141171.671875
211.0,207136.53125,36475.58984375,184139.515625,214169.359375,259447.828125,141173.09375
211.25,207140.359375,36475.1796875,184139.5625,214169.546875,259458.9375,141173.40625
211.5,207139.484375,36475.3515625,184139.625,214169.984375,259459.1875,141172.75
211.75,207135.96875,36475.44140625,184139.828125,214170.1875,259460.140625,141172.84375
212.0,207037.171875,36463.98828125,184140.4375,214172.484375,259464.015625,141158.890625
212.25,173316.15625,27499.546875,175270.5625,183443.8125,242935.75,124482.0625
212.5,172101.890625,27464.0390625,175074.734375,182139.359375,240447.34375,124149.9296875
212.75,172104.015625,27463.587890625,175128.734375,182137.75,240444.078125,124149.703125
213.0,172109.65625,27463.88671875,175130.0625,182140.9375,240328.75,124150.2890625
213.25,172104.359375,27463.890625,175129.71875,182102.265625,240438.125,124149.78125
213.5,172104.703125,27463.974609375,175130.03125,182136.546875,240444.953125,124148.984375
213.75,172107.921875,27463.740234375,175129.375,182136.875,240449.984375,124150.4609375
214.0,172105.1875,27463.798828125,175130.203125,182136.6875,240444.296875,124096.890625
214.25,167081.25,24465.935546875,170235.125,178257.5,238457.015625,121229.4140625
214.5,167027.125,24439.814453125,169837.90625,177897.5,238351.53125,120950.2421875
214.75,167019.359375,24459.974609375,170124.640625,178135.875,238450.609375,121145.8359375
215.0,167019.71875,24459.828125,170124.3125,178135.875,238450.78125,121145.7265625
215.25,167099.046875,24459.919921875,170124.0,178072.78125,238436.71875,121145.828125
215.5,167099.09375,24459.927734375,170124.09375,178070.65625,238436.921875,121145.7578125
215.75,167104.09375,24459.958984375,170123.96875,178133.03125,238448.796875,121134.546875
216.0,167099.640625,24459.859375,170124.140625,178135.328125,238444.453125,121146.40625
216.25,154059.46875,25464.380859375,158164.640625,161205.171875,220291.171875,107178.9296875
216.5,154087.1875,25461.0546875,158074.203125,161115.0625,220431.3125,107126.1328125
216.75,154016.734375,25440.337890625,157885.0625,160870.25,220342.703125,106958.8203125
217.0,154088.40625,25461.072265625,158109.9375,161058.828125,220435.296875,107126.84375
217.25,154084.0,25461.1015625,158109.9375,161112.171875,220422.28125,107125.4765625
217.5,154085.71875,25461.2734375,158110.0,161113.578125,220424.828125,107126.5625
217.75,154012.78125,25461.232421875,158110.125,161116.59375,220436.765625,107126.5234375
218.0,154084.46875,25460.853515625,158109.484375,161114.453125,220430.59375,107116.6484375
218.25,138006.609375,24457.271484375,149229.84375,146517.59375,203800.6875,100171.71875
218.5,138069.046875,24459.70703125,149066.71875,146095.1875,203416.46875,100115.734375
218.75,138071.984375,24459.34765625,149098.28125,146098.21875,203424.546875,100115.6484375
219.0,137999.40625,24439.89453125,148890.640625,145900.328125,203326.8125,99962.4921875
219.25,138071.40625,24459.541015625,149098.8125,146099.140625,203320.28125,100115.890625
219.5,138067.609375,24459.91015625,149098.765625,146096.34375,203412.703125,100115.890625
219.75,138070.5,24459.779296875,149098.9375,146097.046875,203421.75,100116.328125
220.0,138069.53125,24459.63671875,149099.0625,146097.40625,203421.25,100105.8984375
220.25,132070.0625,22458.19140625,157066.3125,142064.390625,207328.71875,107037.171875
220.5,132060.5,22452.76171875,157108.53125,142043.21875,207423.265625,107124.8046875
220.75,132063.484375,22457.2578125,157073.953125,142090.734375,207426.0625,107125.6640625
221.0,132063.390625,22456.859375,157072.859375,142093.640625,207423.765625,107125.9140625
221.25,131992.65625,22438.529296875,156885.578125,141901.109375,207329.28125,106958.015625
221.5,132062.515625,22457.02734375,157108.734375,142092.40625,207424.390625,107126.046875
221.75,132064.59375,22457.076171875,157108.640625,142094.203125,207322.234375,107125.6640625
222.0,132060.484375,22457.267578125,157108.9375,142091.515625,207416.21875,107126.6796875
222.25,138030.140625,24465.09375,145169.28125,146213.609375,191575.546875,110178.3671875
222.5,138071.234375,24459.671875,145093.9375,146096.9375,191412.828125,110083.546875
222.75,138064.0625,24459.595703125,145047.15625,146095.296875,191410.890625,110129.78125
223.0,138068.46875,24459.49609375,145092.765625,146096.375,191412.53125,110128.8828125
223.25,138002.46875,24439.853515625,144893.03125,145899.234375,191319.671875,109956.046875
223.5,138070.3125,24459.7578125,145093.84375,146097.6875,191412.765625,110130.171875
223.75,138069.171875,24459.630859375,145093.640625,146098.65625,191317.21875,110128.9375
224.0,138072.0625,24459.8515625,145093.890625,146096.4375,191413.671875,110129.953125
224.25,131059.078125,22450.19140625,135051.03125,134105.40625,179337.28125,104152.1796875
224.5,131060.7109375,22449.23046875,135081.15625,134080.40625,179399.8125,104076.6796875
224.75,131062.796875,22452.51171875,135037.515625,134082.671875,179403.0625,104121.765625
225.0,131063.2578125,22457.162109375,135050.703125,134082.859375,179404.640625,104119.625
225.25,130999.7890625,22456.94140625,135081.140625,134082.59375,179405.078125,104120.765625
225.5,130930.6328125,22438.3984375,134898.1875,133902.234375,179310.171875,103959.078125
225.75,131063.234375,22457.154296875,135081.515625,134081.359375,179401.9375,104121.296875
226.0,131063.359375,22456.798828125,135080.734375,134083.328125,179311.96875,104121.0
226.25,128099.8203125,17441.208984375,120002.296875,130999.2109375,165439.59375,96076.984375
226.5,128059.3046875,17450.41015625,120060.9921875,131080.375,165390.125,96109.21875
226.75,128060.2890625,17446.978515625,120022.0,131079.28125,165390.609375,96069.5546875
227.0,128058.875,17450.37890625,120035.359375,131077.875,165388.703125,96107.3984375
227.25,128059.140625,17450.26953125,120060.8359375,131077.921875,165390.921875,96108.6875
227.5,128058.4140625,17450.44140625,120061.328125,131076.953125,165385.859375,96109.1640625
227.75,127989.984375,17435.3828125,119904.0390625,130901.7421875,165293.015625,95963.3515625
228.0,127996.9375,17450.2109375,120061.234375,131078.875,165391.171875,96109.5625
228.25,117064.359375,20450.373046875,123068.7421875,119023.4921875,162409.671875,88074.5078125
228.5,117043.5390625,20454.232421875,123064.609375,119061.6484375,162383.296875,88098.1796875
228.75,117045.390625,20454.154296875,123065.078125,119062.625,162386.890625,88090.40625
229.0,117045.40625,20447.390625,123025.578125,119062.9140625,162385.265625,88061.765625
229.25,117045.4921875,20454.326171875,123065.3125,119062.4609375,162385.625,88099.5546875
229.5,117045.5625,20454.16015625,123064.9609375,119063.703125,162388.03125,88098.296875
229.75,117046.1171875,20454.16796875,123065.3671875,119061.90625,162386.765625,88098.21875
230.0,116978.375,20437.1015625,122902.9296875,118902.4140625,162290.59375,87967.03125
230.25,113051.3671875,19450.978515625,119043.1953125,115027.1015625,161393.0625,83076.53125
230.5,113034.15625,19453.166015625,119059.8984375,115058.2578125,161379.328125,83091.3359375
230.75,112986.515625,19453.02734375,119060.0390625,115057.953125,161386.3125,83091.625
231.0,113040.7421875,19453.119140625,119060.8359375,115056.8203125,161383.734375,83082.453125
231.25,113039.84375,19445.970703125,119033.7578125,115056.25,161384.359375,83088.6640625
231.5,113040.6328125,19453.015625,119060.359375,115057.6171875,161384.59375,83091.2578125
231.75,113040.3203125,19452.9375,119059.8046875,115057.3046875,161386.171875,83090.8046875
232.0,113041.1875,19452.8828125,119059.90625,115056.765625,161385.421875,83090.984375
232.25,107964.03125,19432.8671875,110879.1875,109927.125,151222.671875,78999.734375
232.5,108036.03125,19452.884765625,111048.78125,110051.3671875,151299.390625,79084.7734375
232.75,108034.2421875,19452.70703125,111048.8984375,110049.3125,151377.6875,79085.6640625
233.0,108029.296875,19453.08203125,111049.359375,110050.3515625,151374.484375,79085.7421875
233.25,108032.9921875,19452.919921875,111012.5390625,110050.46875,151372.625,79077.765625
233.5,108034.96875,19449.134765625,111049.921875,110049.1875,151375.0,79082.953125
233.75,108034.671875,19453.103515625,111048.953125,110050.046875,151374.28125,79084.296875
234.0,108033.8984375,19452.912109375,111049.3359375,110050.8125,151372.15625,79085.75
234.25,98997.703125,18447.443359375,98990.5625,102978.8359375,137232.890625,68041.234375
234.5,98961.1796875,18435.744140625,98909.0078125,102905.6328125,137199.296875,67974.890625
234.75,99023.0,18451.302734375,99032.5625,103040.375,137361.125,68070.078125
235.0,99022.40625,18451.62890625,99032.734375,103040.546875,137358.59375,68069.34375
235.25,99023.7578125,18451.609375,98999.890625,103040.9921875,137359.8125,68070.0859375
235.5,99017.6796875,18445.0859375,99011.9375,103040.6484375,137358.6875,68062.5703125
235.75,99021.0625,18451.619140625,99032.3046875,103022.5078125,137358.09375,68069.1640625
236.0,99022.421875,18451.767578125,99033.015625,103002.578125,137357.21875,68069.625
236.25,92042.7890625,15450.5908203125,87024.8125,94089.5546875,126391.4375,61030.28515625
236.5,92013.171875,15447.4306640625,87016.0859375,94027.90625,126345.2109375,61059.75
236.75,91951.6875,15434.18359375,86910.953125,93903.203125,126251.078125,60976.640625
237.0,92015.359375,15447.423828125,87016.0859375,94027.9375,126348.1015625,61060.01953125
237.25,92013.640625,15447.6123046875,87016.359375,94028.28125,126346.046875,61059.875
237.5,92014.7109375,15447.5234375,86998.09375,94028.5703125,126346.875,61060.0390625
237.75,92014.1484375,15444.5966796875,87016.453125,94011.9921875,126347.03125,61033.22265625
238.0,92009.6640625,15447.7607421875,87016.6484375,93994.5,126347.484375,61060.45703125
238.25,97015.125,13442.6044921875,84015.015625,100042.140625,126339.8046875,60048.18359375
238.5,97021.4453125,13445.2177734375,84012.7578125,100034.6328125,126346.390625,60058.01953125
238.75,97020.0,13444.90234375,84011.75,100037.1640625,126345.84375,60058.8125
239.0,97018.7734375,13445.1025390625,84012.046875,100036.0625,126340.5625,60058.53125
239.25,97020.765625,13445.26171875,84012.3046875,100036.4296875,126345.796875,60058.9609375
239.5,97020.8828125,13445.28515625,83983.59375,100036.4453125,126346.03125,60059.00390625
239.75,97020.328125,13440.1123046875,84011.0859375,100036.125,126346.8671875,60033.5078125
240.0,97020.046875,13442.48046875,84011.578125,100036.9765625,126346.0703125,60034.43359375
240.25,78987.75,12443.216796875,80982.8515625,80935.21875,110206.078125,54075.29296875
240.5,78996.953125,12443.9365234375,81007.9453125,81010.4765625,110324.921875,54050.8828125
240.75,78993.046875,12443.9130859375,81007.84375,81010.015625,110327.0625,54050.08984375
241.0,78995.6484375,12443.7822265625,81007.5859375,81010.75,110269.03125,54050.33203125
241.25,78940.3203125,12432.779296875,80911.75,80903.578125,110237.296875,53978.30078125
241.5,78997.5546875,12444.0478515625,80980.4296875,80995.828125,110327.25,54050.18359375
241.75,78997.828125,12443.7177734375,80991.609375,80982.8125,110327.5,54044.984375
242.0,78996.6953125,12439.4189453125,81008.734375,81008.125,110325.7578125,54044.140625
242.25,58969.6953125,9426.3701171875,53855.3203125,56837.96484375,74082.609375,45952.6796875
242.5,58971.59375,9440.1318359375,53971.94921875,56977.25,74278.3125,46039.359375
242.75,58972.8046875,9440.0400390625,53971.8203125,56977.89453125,74281.03125,46039.48046875
243.0,58972.09375,9440.158203125,53971.98046875,56957.82421875,74279.3203125,46039.5625
243.25,58971.94140625,9440.197265625,53972.1484375,56976.93359375,74241.9921875,46038.8671875
243.5,58922.28515625,9431.2197265625,53900.421875,56906.3203125,74206.9296875,45979.453125
243.75,58968.3203125,9440.3828125,53972.71484375,56978.0703125,74279.5234375,46039.7421875
244.0,58944.83984375,9436.5869140625,53972.046875,56977.19921875,74281.1953125,46033.7734375
244.25,50935.5390625,11441.1103515625,43910.796875,49982.4140625,63166.8984375,35067.625
244.5,50960.3515625,11442.283203125,43958.7578125,49968.66796875,63264.3203125,35024.8046875
244.75,50961.62890625,11442.3251953125,43959.08203125,49958.890625,63263.69140625,35025.33984375
245.0,50961.640625,11442.46875,43959.3359375,49966.8125,63264.6171875,35024.68359375
245.25,50962.6875,11442.4892578125,43959.31640625,49968.72265625,63234.21484375,35025.01171875
245.5,50961.93359375,11442.6572265625,43943.3203125,49968.265625,63262.4453125,35024.83984375
245.75,50961.9140625,11442.6455078125,43959.93359375,49968.42578125,63264.6796875,35025.34375
246.0,50962.20703125,11442.3486328125,43958.8984375,49968.7421875,63265.32421875,35025.27734375
246.25,41980.73046875,8431.3310546875,27963.6015625,43897.765625,49298.234375,27968.798828125
246.5,41951.83203125,8439.0302734375,27940.30859375,43953.625,49246.98046875,28017.623046875
246.75,41932.48828125,8438.830078125,27940.2734375,43943.62890625,49247.8671875,28016.48046875
247.0,41951.3359375,8438.8115234375,27939.7421875,43962.3359375,49247.12890625,28016.875
247.25,41950.23828125,8438.8369140625,27940.337890625,43958.7109375,49244.984375,28016.26953125
247.5,41951.62890625,8438.80859375,27934.775390625,43961.1171875,49221.77734375,28015.990234375
247.75,41952.87109375,8438.79296875,27940.751953125,43961.18359375,49249.26953125,28017.04296875
248.0,41914.39453125,8430.91015625,27909.7890625,43906.27734375,49196.94140625,27983.1015625
248.25,27989.505859375,6430.43310546875,10835.8291015625,29828.443359375,29327.37890625,12935.771484375
248.5,27935.052734375,6436.416015625,10922.0244140625,29941.59765625,29220.623046875,12998.978515625
248.75,27935.6171875,6436.50537109375,10922.2666015625,29944.24609375,29221.982421875,12999.357421875
249.0,27935.228515625,6436.626953125,10922.2490234375,29943.533203125,29219.3359375,12999.5771484375
249.25,27935.7265625,6436.62890625,10918.2529296875,29943.337890625,29220.978515625,12999.4990234375
249.5,27933.208984375,6436.34326171875,10921.12109375,29942.390625,29216.78125,12999.6142578125
249.75,27938.7734375,6436.5751953125,10922.6201171875,29944.244140625,29225.3125,12999.2353515625
250.0,27934.958984375,6436.56494140625,10922.17578125,29943.109375,29220.01171875,12999.564453125
250.25,10890.923828125,1420.7503662109375,-4152.25732421875,10821.2060546875,10044.9462890625,3937.524169921875
250.5,10916.978515625,1430.9283447265625,-4091.162841796875,10923.9736328125,10199.4697265625,3992.647216796875
250.75,10918.1435546875,1431.572265625,-4091.07763671875,10923.2119140625,10200.9052734375,3990.389404296875
251.0,10917.859375,1431.325439453125,-4091.320556640625,10922.7734375,10200.6025390625,3990.8837890625
251.25,10919.06640625,1431.4410400390625,-4089.30517578125,10922.7861328125,10201.869140625,3990.537841796875
251.5,10918.3388671875,1431.3055419921875,-4091.726806640625,10923.0595703125,10200.7353515625,3990.447509765625
251.75,10918.349609375,1431.4005126953125,-4091.697021484375,10921.8701171875,10196.2431640625,3990.189697265625
252.0,10919.01171875,1431.475341796875,-4091.14990234375,10917.78515625,10202.912109375,3990.799560546875
252.25,9916.669921875,1428.4884033203125,-16163.7529296875,12869.6708984375,-4911.830078125,-2053.6220703125
252.5,9902.640625,1429.363525390625,-16083.5849609375,12909.072265625,-4809.32275390625,-2011.4755859375
252.75,9915.72265625,1430.911865234375,-16100.3173828125,12923.7783203125,-4814.36328125,-2017.6600341796875
253.0,9916.6669921875,1431.138427734375,-16100.8896484375,12923.9638671875,-4813.615234375,-2016.3380126953125
253.25,9918.232421875,1431.5328369140625,-16098.05859375,12925.376953125,-4812.23876953125,-2015.2003173828125
253.5,9917.6416015625,1431.1103515625,-16099.5087890625,12924.6875,-4812.380859375,-2015.833251953125
253.75,9917.583984375,1431.3724365234375,-16100.8857421875,12921.728515625,-4809.5576171875,-2015.3631591796875
254.0,9916.634765625,1431.5377197265625,-16100.4365234375,12919.57421875,-4817.11767578125,-2015.1815185546875
254.25,-7101.53369140625,-3576.8935546875,-23144.9921875,-1102.1121826171875,-17939.37109375,-11994.2353515625
254.5,-7097.95947265625,-3571.36083984375,-23105.146484375,-1089.1009521484375,-17824.0859375,-12018.0537109375
254.75,-7090.05615234375,-3567.34326171875,-23079.2421875,-1088.4508056640625,-17804.50390625,-12013.50390625
255.0,-7093.81005859375,-3573.04541015625,-23105.16796875,-1087.573974609375,-17823.65234375,-12021.3349609375
255.25,-7099.2998046875,-3572.83984375,-23104.97265625,-1088.9403076171875,-17824.630859375,-12023.2900390625
255.5,-7097.64404296875,-3573.130859375,-23106.40625,-1088.084228515625,-17822.541015625,-12023.4736328125
255.75,-7096.74365234375,-3572.662109375,-23104.19921875,-1086.127685546875,-17812.5625,-12022.611328125
256.0,-7096.8154296875,-3572.7578125,-23105.283203125,-1086.520751953125,-17812.724609375,-12023.443359375
256.25,-19101.55859375,-4573.0576171875,-26138.69140625,-14146.23046875,-25893.65625,-15058.4814453125
256.5,-19106.5625,-4573.5908203125,-26106.626953125,-14098.45703125,-25828.375,-15022.736328125
256.75,-19105.939453125,-4573.5107421875,-26107.408203125,-14098.3076171875,-25827.60546875,-15019.2470703125
257.0,-19106.404296875,-4572.8525390625,-26107.005859375,-14099.140625,-25828.201171875,-15026.7099609375
257.25,-19106.1015625,-4573.45849609375,-26106.701171875,-14099.0224609375,-25827.859375,-15026.65234375
257.5,-19097.32421875,-4573.71142578125,-26095.892578125,-14092.9521484375,-25828.78125,-15025.150390625
257.75,-19107.982421875,-4573.8017578125,-26104.763671875,-14098.12890625,-25829.212890625,-15025.3515625
258.0,-18106.177734375,-10577.046875,-26107.236328125,-16101.4619140625,-19824.7109375,-15027.6279296875
258.25,-18106.15234375,-10577.0478515625,-26107.34375,-16100.8994140625,-19824.970703125,-15019.34765625
258.5,-18104.96875,-10572.77734375,-26106.62890625,-16099.25390625,-19824.416015625,-15024.681640625
258.75,-18085.255859375,-10562.6103515625,-26078.533203125,-16083.42578125,-19804.576171875,-15008.1923828125
259.0,-18096.865234375,-10576.939453125,-26106.470703125,-16096.435546875,-19823.84375,-15025.2841796875
259.25,-18108.041015625,-10577.2548828125,-26104.88671875,-16095.326171875,-19828.15625,-15026.3994140625
259.5,-18104.99609375,-10577.1318359375,-26107.244140625,-16098.5888671875,-19823.83984375,-15025.5546875
259.75,-26121.73046875,-9577.353515625,-29101.896484375,-23065.736328125,-24834.029296875,-21017.11328125
260.0,-26109.263671875,-9576.4970703125,-29108.185546875,-23104.154296875,-24824.79296875,-21029.970703125
260.25,-26111.544921875,-9576.7939453125,-29108.775390625,-23105.265625,-24830.009765625,-21025.693359375
260.5,-26110.443359375,-9576.6796875,-29108.4609375,-23104.419921875,-24827.298828125,-21021.126953125
260.75,-26111.1640625,-9572.7607421875,-29108.783203125,-23104.298828125,-24828.94140625,-21027.705078125
261.0,-26110.5234375,-9576.8095703125,-29108.9140625,-23100.22265625,-24827.23828125,-21030.658203125
261.25,-26108.322265625,-9576.63671875,-29096.0859375,-23096.138671875,-24827.955078125,-21029.45703125
261.5,-26098.763671875,-9576.5439453125,-29104.91796875,-23103.8125,-24828.8203125,-21030.173828125
261.75,-34088.63671875,-6575.1484375,-45090.26171875,-29172.9765625,-41755.73046875,-36085.5078125
262.0,-34112.38671875,-6574.9140625,-45116.16796875,-29106.884765625,-41831.95703125,-36038.3671875
262.25,-34116.17578125,-6575.04150390625,-45116.16015625,-29108.408203125,-41838.3046875,-36038.0546875
262.5,-34114.5078125,-6574.98046875,-45116.23828125,-29107.712890625,-41835.7734375,-36031.61328125
262.75,-34115.6953125,-6575.01806640625,-45116.74609375,-29109.28515625,-41836.56640625,-36040.6015625
263.0,-34115.23046875,-6572.35986328125,-45115.58203125,-29097.25,-41837.69921875,-36036.08984375
263.25,-34115.58203125,-6575.158203125,-45096.50390625,-29109.669921875,-41837.15625,-36037.890625
263.5,-34116.64453125,-6574.79443359375,-45111.0703125,-29110.642578125,-41838.8359375,-36038.8671875
263.75,-43099.3046875,-5580.00439453125,-52111.3828125,-37158.72265625,-54782.71875,-35041.078125
264.0,-43116.12890625,-5574.35693359375,-52118.6484375,-37113.5078125,-54842.515625,-35037.66015625
264.25,-43098.2890625,-5574.2529296875,-52118.2734375,-37111.25,-54836.84765625,-35038.09765625
264.5,-43117.93359375,-5574.3154296875,-52118.765625,-37112.22265625,-54838.28125,-35037.96875
264.75,-43119.3359375,-5574.27392578125,-52118.76953125,-37104.33203125,-54839.84765625,-35031.16796875
265.0,-43119.1875,-5574.25146484375,-52119.10546875,-37114.13671875,-54838.78125,-35040.39453125
265.25,-43119.39453125,-5573.68994140625,-52118.78515625,-37111.1953125,-54839.62109375,-35035.41015625
265.5,-43118.46484375,-5574.533203125,-52095.515625,-37110.97265625,-54838.71875,-35036.7734375
265.75,-19134.451171875,433.27911376953125,-39015.18359375,-15988.6865234375,-37932.01171875,-15949.564453125
266.0,-19096.228515625,430.5125732421875,-39108.953125,-16099.14453125,-37832.0,-16026.4375
266.25,-19107.41015625,430.4025573730469,-39113.04296875,-16099.0625,-37813.51171875,-16026.072265625
266.5,-19107.60546875,430.4261169433594,-39113.8046875,-16101.53125,-37838.0859375,-16026.7724609375
266.75,-19105.4921875,430.1468200683594,-39113.88671875,-16099.6728515625,-37831.78125,-16026.3505859375
267.0,-19106.705078125,430.4375,-39113.828125,-16100.884765625,-37834.57421875,-16026.47265625
267.25,-19105.966796875,430.3403625488281,-39113.93359375,-16099.91015625,-37833.87890625,-16026.2763671875
267.5,-19106.5234375,430.2541809082031,-39113.69921875,-16100.5693359375,-37835.25390625,-16023.2626953125
267.75,-26105.521484375,-5581.998046875,-41123.03125,-26140.08203125,-43813.015625,-16030.8740234375
268.0,-26110.0390625,-5574.28125,-41096.53125,-26105.091796875,-43835.6640625,-16027.0009765625
268.25,-26107.060546875,-5574.1416015625,-41113.66015625,-26106.041015625,-43835.07421875,-16026.423828125
268.5,-26106.490234375,-5574.1708984375,-41113.890625,-26106.833984375,-43833.5703125,-16025.939453125
268.75,-26112.146484375,-5574.259765625,-41114.73828125,-26106.7890625,-43813.75390625,-16026.591796875
269.0,-26110.26171875,-5574.12646484375,-41114.19921875,-26106.232421875,-43838.3671875,-16026.7373046875
269.25,-26111.001953125,-5574.15234375,-41114.34765625,-26106.771484375,-43837.82421875,-16026.396484375
269.5,-26110.65625,-5574.333984375,-41114.5390625,-26107.099609375,-43836.48828125,-16026.455078125
269.75,-25108.556640625,-2564.15380859375,-38114.30859375,-24102.73828125,-41829.3359375,-18016.65234375
270.0,-25080.1875,-2569.176025390625,-38070.3515625,-24077.634765625,-41790.66796875,-18012.015625
270.25,-25110.349609375,-2572.2021484375,-38112.99609375,-24107.322265625,-41835.0,-18029.28515625
270.5,-25110.419921875,-2572.213623046875,-38109.9921875,-24105.78515625,-41836.53515625,-18027.751953125
270.75,-25106.15234375,-2572.03466796875,-38112.37890625,-24104.34765625,-41832.796875,-18027.93359375
271.0,-25111.658203125,-2572.068603515625,-38113.3203125,-24106.23046875,-41814.140625,-18027.62890625
271.25,-25109.26953125,-2571.932861328125,-38112.7734375,-24105.736328125,-41837.55078125,-18027.58203125
271.5,-25110.05078125,-2571.962890625,-38113.02734375,-24105.83984375,-41835.76171875,-18027.861328125
271.75,-21124.732421875,-4565.33984375,-17014.7578125,-14017.775390625,-17681.931640625,-7080.48974609375
272.0,-21107.333984375,-4573.4697265625,-17100.865234375,-14099.046875,-17823.240234375,-7017.85107421875
272.25,-21105.712890625,-4572.95751953125,-17100.630859375,-14097.888671875,-17823.46484375,-7017.19482421875
272.5,-21105.736328125,-4573.27197265625,-17100.814453125,-14098.646484375,-17823.275390625,-7020.5078125
272.75,-21109.216796875,-4573.623046875,-17101.15625,-14095.8857421875,-17823.9453125,-7019.216796875
273.0,-21105.505859375,-4573.40869140625,-17093.494140625,-14092.1376953125,-17821.291015625,-7018.9150390625
273.25,-21108.111328125,-4573.6279296875,-17102.048828125,-14100.4970703125,-17814.11328125,-7019.9228515625
273.5,-21106.904296875,-4573.5869140625,-17101.431640625,-14098.671875,-17821.072265625,-7019.93896484375
273.75,7916.5341796875,435.28680419921875,4026.363037109375,11928.2958984375,9419.248046875,15908.6669921875
274.0,7916.7236328125,430.3717956542969,3915.295166015625,11918.3056640625,9202.0966796875,16002.7490234375
274.25,7912.537109375,430.5671691894531,3915.60546875,11921.33203125,9199.5078125,16001.88671875
274.5,7916.33056640625,430.41741943359375,3915.37744140625,11923.501953125,9200.0263671875,15996.671875
274.75,7915.46337890625,430.69403076171875,3916.493408203125,11923.11328125,9200.58203125,15999.794921875
275.0,7915.615234375,430.4745788574219,3915.600830078125,11924.0986328125,9200.3115234375,16002.21875
275.25,7915.07861328125,430.6749267578125,3916.0400390625,11924.3798828125,9198.1865234375,16002.900390625
275.5,7915.1875,430.6010437011719,3914.398681640625,11923.654296875,9199.1533203125,16002.2841796875
275.75,20915.73046875,3433.0673828125,6914.009765625,19986.970703125,15167.8388671875,22025.962890625
276.0,20917.888671875,3433.607421875,6919.33447265625,19931.583984375,15202.76953125,22009.564453125
276.25,20920.787109375,3433.233642578125,6918.31787109375,19928.806640625,15209.5263671875,22009.576171875
276.5,20929.521484375,3433.293212890625,6919.076171875,19926.23828125,15205.373046875,22009.8359375
276.75,20929.111328125,3432.061279296875,6918.27783203125,19933.951171875,15206.462890625,22007.302734375
277.0,20928.314453125,3433.3330078125,6918.13671875,19931.86328125,15205.4814453125,22007.58203125
277.25,20928.353515625,3433.4208984375,6918.26416015625,19931.90625,15204.8291015625,22008.263671875
277.5,20928.16015625,3433.447509765625,6918.58935546875,19932.064453125,15206.2109375,22008.919921875
277.75,27959.08203125,4432.31494140625,25911.388671875,28859.642578125,34236.4609375,31976.87109375
278.0,27923.1015625,4434.5078125,25938.287109375,28942.5859375,34227.9765625,32021.05859375
278.25,27933.7421875,4434.55908203125,25928.234375,28942.224609375,34209.0,32021.189453125
278.5,27933.90625,4434.60595703125,25938.548828125,28940.9296875,34223.3203125,32021.033203125
278.75,27935.263671875,4434.36669921875,25937.8125,28942.685546875,34226.91796875,32021.65234375
279.0,27936.126953125,4433.82470703125,25938.181640625,28933.103515625,34227.88671875,32017.857421875
279.25,27935.3828125,4433.6728515625,25937.73828125,28932.736328125,34227.34375,32008.8671875
279.5,27936.48046875,4434.39697265625,25937.962890625,28940.943359375,34229.359375,32019.3828125
279.75,49923.6484375,11439.58203125,34942.8125,49855.80859375,46174.0,39004.578125
280.0,49958.57421875,11442.328125,34948.12890625,49969.734375,46239.79296875,39028.81640625
280.25,49960.73828125,11442.5498046875,34948.171875,49968.09375,46242.71875,39029.4921875
280.5,49961.80859375,11442.4658203125,34948.56640625,49969.62890625,46221.15625,39029.76953125
280.75,49960.36328125,11442.3154296875,34941.625,49967.45703125,46239.26171875,39029.5859375
281.0,49961.51171875,11442.583984375,34948.99609375,49968.05078125,46242.2265625,39029.84375
281.25,49961.875,11442.3876953125,34948.22265625,49968.578125,46242.9140625,39029.96484375
281.5,49961.3046875,11440.5185546875,34948.57421875,49968.35546875,46243.2421875,39014.50390625
281.75,74051.3125,21442.02734375,69958.1484375,78801.5,86307.7734375,59979.14453125
282.0,73991.46875,21451.16015625,69992.796875,79007.0859375,86296.265625,60033.48046875
282.25,73991.34375,21455.33984375,69993.25,79007.21875,86297.90625,60056.19140625
282.5,73991.8828125,21455.337890625,69992.875,79007.5546875,86297.421875,60057.765625
282.75,73991.28125,21455.283203125,69993.0546875,79007.328125,86296.34375,60057.8984375
283.0,73991.7265625,21455.255859375,69992.9921875,79007.5546875,86253.0390625,60057.734375
283.25,73988.3515625,21455.1796875,69993.0859375,79007.609375,86298.75,60058.1640625
283.5,73956.8828125,21455.48828125,69968.9765625,78978.0234375,86296.515625,60057.66796875
283.75,106080.015625,30464.66015625,98009.4921875,108836.5390625,126318.3046875,75016.171875
284.0,106032.609375,30467.138671875,98031.390625,109049.078125,126347.2109375,75079.703125
284.25,106032.1328125,30467.1015625,98010.390625,109048.5234375,126347.0234375,75079.65625
284.5,106026.9765625,30457.341796875,98031.9453125,109049.4375,126348.4296875,75072.6015625
284.75,106033.890625,30467.306640625,98031.0703125,109011.421875,126347.9921875,75079.875
285.0,106030.609375,30467.498046875,98031.5859375,109047.1796875,126345.109375,75079.0859375
285.25,106032.96875,30467.11328125,98031.3046875,109050.4140625,126348.21875,75079.3828125
285.5,106030.6171875,30467.32421875,98031.234375,109048.375,126340.8828125,75079.65625
285.75,117034.15625,28464.015625,105033.9296875,118095.046875,141381.296875,80093.15625
286.0,117045.875,28464.73828125,105040.78125,118060.5859375,141363.25,80086.3046875
286.25,117040.9140625,28464.619140625,105040.9765625,118060.9375,141364.859375,80087.0078125
286.5,116987.578125,28464.88671875,105006.4296875,118061.9375,141365.265625,80086.5859375
286.75,117046.3984375,28455.04296875,105018.0,118060.3984375,141361.234375,80079.375
287.0,117045.1875,28464.64453125,105040.5078125,118061.65625,141364.71875,80054.234375
287.25,117046.375,28464.7578125,105040.65625,118060.5390625,141364.5,80086.5859375
287.5,117045.75,28464.666015625,105040.6328125,118039.46875,141364.046875,80086.5390625
287.75,114975.609375,26441.13671875,96917.15625,116914.1015625,137260.234375,73997.96875
288.0,115044.9765625,26462.205078125,97029.734375,117059.859375,137361.328125,74078.265625
288.25,115044.1953125,26462.123046875,97029.515625,117060.2734375,137360.15625,74078.5625
288.5,115043.015625,26462.013671875,97029.9140625,117059.8828125,137359.5,74078.6171875
288.75,115037.703125,26462.005859375,97009.359375,117059.453125,137359.390625,74078.359375
289.0,115041.0390625,26453.0390625,97029.765625,117059.4296875,137357.21875,74045.28125
289.25,115044.53125,26462.271484375,97030.5703125,117059.265625,137361.578125,74075.8046875
289.5,115043.84375,26462.16015625,97029.9296875,117060.0546875,137360.734375,74077.8671875
289.75,112055.5546875,26463.177734375,98031.0546875,112091.5,129368.5859375,79072.1484375
290.0,112040.9609375,26461.9296875,98030.890625,112053.9296875,129286.1328125,79085.109375
290.25,112041.0078125,26461.80859375,98031.125,112052.40625,129351.65625,79084.9765625
290.5,112039.8984375,26462.119140625,98031.234375,112053.015625,129350.0234375,79085.453125
290.75,112039.3515625,26461.99609375,98031.375,112052.8046875,129350.328125,79085.4921875
291.0,112039.25,26461.939453125,98010.40625,112052.65625,129349.9140625,79085.328125
291.25,111986.0546875,26456.376953125,98031.75,112054.1015625,129352.6875,79078.4921875
291.5,112037.2890625,26461.673828125,98031.09375,112052.3125,129349.6015625,79082.5859375
291.75,109014.84375,23456.822265625,110035.15625,111015.3515625,142337.375,82070.875
292.0,109035.46875,23458.140625,110047.7109375,111031.9296875,142364.890625,82089.671875
292.25,109034.78125,23458.01953125,110047.640625,111049.84375,142363.625,82089.2578125
292.5,109034.2265625,23458.2734375,110047.453125,111050.546875,142359.46875,82089.125
292.75,109038.1796875,23457.923828125,110047.328125,111050.6640625,142368.3125,82089.875
293.0,109035.234375,23458.099609375,110047.7578125,111051.796875,142365.109375,82089.734375
293.25,109032.9375,23450.193359375,110011.3515625,111051.109375,142361.578125,82089.875
293.5,109033.6328125,23450.21875,110011.375,111051.640625,142362.375,82081.640625
293.75,113045.6875,23459.32421875,109048.25,112049.6015625,140365.828125,87053.0078125
294.0,113039.921875,23458.302734375,109046.2265625,112052.9765625,140359.8125,87097.9140625
294.25,113040.6328125,23458.033203125,109046.5078125,112014.40625,140362.859375,87096.953125
294.5,113039.7109375,23458.197265625,109046.1796875,112051.1484375,140361.5,87096.3203125
294.75,113042.234375,23458.052734375,109046.0625,112053.8671875,140293.09375,87096.0625
295.0,113043.25,23457.9375,109046.09375,112051.9453125,140366.1875,87097.0546875
295.25,113040.921875,23457.9609375,109046.3203125,112052.921875,140362.375,87097.1171875
295.5,113036.2265625,23458.0703125,109046.4609375,112053.328125,140363.734375,87096.828125
295.75,110036.453125,21450.255859375,105021.1328125,109072.4296875,138366.25,80051.3671875
296.0,110038.078125,21455.671875,105041.4453125,109049.1328125,138362.875,80084.8125
296.25,110036.5546875,21455.671875,105040.65625,109028.9453125,138358.53125,80086.7578125
296.5,110035.703125,21455.615234375,105040.859375,109047.3203125,138358.90625,80086.1953125
296.75,110038.2109375,21455.484375,105040.8125,109050.6484375,138361.765625,80086.8515625
297.0,110035.1796875,21455.6015625,105040.921875,109048.3828125,138353.984375,80086.59375
297.25,110038.4296875,21455.296875,105040.8515625,109048.5234375,138361.578125,80086.5390625
297.5,110032.296875,21455.330078125,105040.8671875,109049.1328125,138361.3125,80086.6640625
297.75,102046.8671875,22456.70703125,97017.1953125,102104.078125,124374.4765625,74047.5703125
298.0,102021.75,22452.154296875,97030.1953125,102039.140625,124344.75,74047.0078125
298.25,101978.7265625,22456.82421875,97030.234375,102004.34375,124347.9453125,74075.9375
298.5,102027.8984375,22456.79296875,97030.4296875,102038.4453125,124344.890625,74076.7265625
298.75,102025.65625,22456.615234375,97029.953125,102040.6015625,124342.15625,74077.4765625
299.0,101961.25,22438.177734375,96909.2890625,101902.703125,124249.578125,73972.4453125
299.25,102028.0625,22456.54296875,97029.7578125,102039.15625,124346.2734375,74078.203125
299.5,102026.90625,22456.81640625,97029.875,102039.3125,124343.796875,74077.7109375
299.75,105025.1875,23457.0078125,94999.328125,109032.734375,128342.4140625,68084.7265625
300.0,105030.3671875,23457.974609375,95007.2421875,109048.7578125,128348.453125,68062.546875
300.25,105025.53125,23450.060546875,95026.9609375,109049.3984375,128349.09375,68042.1796875
300.5,105028.046875,23458.15625,95026.7421875,109029.4609375,128344.453125,68069.5078125
300.75,105032.765625,23458.0703125,95027.4921875,109011.4609375,128350.9453125,68069.5703125
301.0,105031.6328125,23458.072265625,95027.0546875,109050.765625,128350.53125,68069.703125
301.25,105031.8671875,23457.994140625,95027.0859375,109050.2265625,128284.5,68069.28125
301.5,105032.296875,23457.91015625,95027.21875,109047.9140625,128350.328125,68069.984375
301.75,101020.75,22456.619140625,93027.171875,106079.828125,123329.390625,63069.1953125
302.0,101025.921875,22456.751953125,93006.234375,106045.140625,123343.2265625,63062.64453125
302.25,101025.8828125,22456.701171875,93025.0,106044.625,123343.25,63055.85546875
302.5,101025.765625,22448.984375,93024.109375,106026.6328125,123344.5625,63037.421875
302.75,100977.3984375,22456.900390625,93024.7109375,106008.9609375,123342.671875,63063.58984375
303.0,101024.5390625,22456.708984375,93023.5625,106046.1953125,123341.9375,63062.27734375
303.25,101025.6328125,22456.568359375,93024.0625,106046.046875,123280.1171875,63062.7734375
303.5,101023.6171875,22456.9140625,93024.5546875,106044.2578125,123336.5625,63062.921875
303.75,90025.625,24460.01171875,85019.2109375,94106.859375,109344.1640625,58064.1796875
304.0,90012.6796875,24459.44140625,84984.6640625,94028.234375,109326.4921875,58055.96484375
304.25,90011.7890625,24459.171875,85012.359375,93995.5078125,109326.0234375,58055.6328125
304.5,90011.6640625,24459.259765625,85013.390625,93996.3984375,109326.2109375,58050.40625
304.75,90012.859375,24454.203125,85013.109375,94026.2890625,109328.328125,58029.42578125
305.0,90012.375,24459.109375,85013.234375,94028.9609375,109326.3984375,58056.28125
305.25,90007.2578125,24459.318359375,85013.5390625,94028.109375,109325.0703125,58055.65234375
305.5,90010.03125,24459.205078125,85012.9765625,94029.0703125,109268.484375,58055.84375
305.75,83981.90625,23460.369140625,78023.0625,87980.28125,99314.8046875,57057.39453125
306.0,84003.4453125,23458.31640625,77977.7109375,88004.0,99312.9921875,57054.14453125
306.25,84004.078125,23458.005859375,77989.484375,87989.53125,99312.8515625,57054.375
306.5,84003.2734375,23458.00390625,78004.40625,88022.0703125,99311.984375,57054.94921875
306.75,84004.1171875,23453.296875,78003.5625,88020.4609375,99313.953125,57030.64453125
307.0,84004.1484375,23453.099609375,78003.6875,88020.1015625,99313.0,57052.62890625
307.25,84004.9765625,23457.865234375,78003.34375,88020.5703125,99314.2421875,57054.44140625
307.5,84004.0546875,23457.82421875,78003.59375,88020.15625,99313.4765625,57054.3046875
307.75,77994.5390625,18454.138671875,72015.5,81037.0234375,96259.15625,54065.65625
308.0,77939.609375,18435.6640625,71911.3984375,80903.78125,96230.2578125,53977.796875
308.25,77997.75,18451.755859375,71971.53125,80995.828125,96309.453125,54050.69140625
308.5,77995.453125,18451.080078125,71980.90625,80981.8359375,96308.5625,54049.6796875
308.75,77997.1953125,18451.353515625,71995.4296875,81012.1328125,96310.046875,54044.890625
309.0,77997.2109375,18447.916015625,71995.359375,81011.0546875,96312.2421875,54047.33984375
309.25,77995.703125,18451.501953125,71995.609375,81009.8125,96307.7734375,54049.52734375
309.5,77996.9140625,18451.193359375,71995.671875,81010.046875,96311.015625,54048.921875
309.75,75982.0078125,16451.689453125,66005.8671875,75029.3984375,91293.5234375,53057.703125
310.0,75994.5703125,16448.740234375,65987.6796875,75002.2734375,91302.7578125,53048.69921875
310.25,75904.765625,16434.7421875,65888.2578125,74891.3828125,91229.6796875,52978.39453125
310.5,75993.5,16448.353515625,65974.0546875,74988.5390625,91303.453125,53048.59375
310.75,75994.015625,16448.900390625,65988.671875,75003.6640625,91302.71875,53049.45703125
311.0,75993.796875,16443.0,65987.40625,75001.7578125,91304.2421875,53046.69921875
311.25,75993.4453125,16448.51171875,65987.640625,75002.03125,91301.96875,53048.92578125
311.5,75994.2265625,16448.87109375,65988.0,75001.7734375,91303.5859375,53048.28515625
311.75,64963.59375,14447.4072265625,60988.03125,64870.34765625,80237.359375,44032.69140625
312.0,64979.67578125,14446.126953125,60980.828125,64988.0703125,80287.734375,44036.578125
312.25,64980.35546875,14446.2119140625,60981.046875,64977.359375,80247.9609375,44036.70703125
312.5,64980.65625,14446.09375,60959.578125,64989.60546875,80289.671875,44036.43359375
312.75,64949.34765625,14446.23046875,60979.9921875,64988.54296875,80289.0546875,44036.14453125
313.0,64977.296875,14446.01171875,60980.65234375,64987.4375,80284.8671875,44031.37890625
313.25,64981.07421875,14441.255859375,60981.43359375,64988.31640625,80288.53125,44018.75390625
313.5,64979.52734375,14443.216796875,60980.5234375,64988.66796875,80288.2890625,44037.25390625
313.75,62974.3671875,13445.265625,58981.140625,61998.796875,77287.1796875,43040.48046875
314.0,62977.6796875,13444.8564453125,58978.34375,61984.1875,77284.984375,43035.23046875
314.25,62977.30078125,13444.8974609375,58978.375,61984.22265625,77284.0546875,43035.15625
314.5,62977.6015625,13444.9755859375,58978.55078125,61960.5703125,77244.9453125,43034.984375
314.75,62928.12109375,13432.7197265625,58900.6640625,61904.984375,77215.0,42979.8828125
315.0,62976.22265625,13444.9013671875,58966.90234375,61982.42578125,77281.8125,43035.0625
315.25,62948.55859375,13444.8271484375,58978.1640625,61984.34765625,77285.5390625,43035.42578125
315.5,62975.0546875,13440.0673828125,58978.05078125,61984.234375,77281.8046875,43015.75
315.75,64983.50390625,14445.98828125,59978.8515625,61984.87890625,75284.1640625,49045.50390625
316.0,64979.7734375,14446.166015625,59979.65234375,61984.81640625,75282.828125,49042.4765625
316.25,64980.328125,14446.087890625,59979.6875,61984.21484375,75282.5703125,49042.84765625
316.5,64979.94140625,14446.2255859375,59979.79296875,61984.265625,75281.4140625,49043.140625
316.75,64980.28125,14446.232421875,59979.71875,61963.640625,75243.359375,49043.33203125
317.0,64977.90625,14446.404296875,59958.80859375,61981.9296875,75275.9296875,49042.953125
317.25,64978.8203125,14446.150390625,59967.98046875,61984.7265625,75279.2578125,49042.82421875
317.5,64949.13671875,14445.98828125,59979.34375,61984.66796875,75282.546875,49043.125
317.75,56973.3359375,12440.6279296875,57982.9453125,56006.2109375,72300.078125,43051.1015625
318.0,56969.28125,12443.6865234375,57977.234375,55976.42578125,72278.0,43034.8671875
318.25,56970.38671875,12443.7265625,57977.2578125,55966.5546875,72278.6015625,43035.5
318.5,56969.64453125,12443.6533203125,57976.9921875,55966.26953125,72277.3046875,43035.24609375
318.75,56969.13671875,12443.69140625,57977.21875,55977.9140625,72240.296875,43035.14453125
319.0,56924.91796875,12432.490234375,57900.83984375,55905.96875,72213.6328125,42979.75
319.25,56922.75390625,12432.3017578125,57899.26953125,55904.80859375,72211.953125,42979.5234375
319.5,56965.76171875,12443.6416015625,57976.98046875,55976.70703125,72277.8125,43035.3984375
319.75,55945.6484375,12443.7080078125,59978.00390625,55977.06640625,73281.7109375,44018.43359375
320.0,55968.17578125,12441.4267578125,59980.35546875,55976.44921875,73280.265625,44037.234375
320.25,55967.875,12443.6953125,59979.76953125,55975.98828125,73277.25,44036.22265625
320.5,55969.44921875,12443.6044921875,59979.765625,55976.30078125,73279.8203125,44036.51171875
320.75,55968.3125,12443.708984375,59979.78515625,55966.93359375,73278.7109375,44036.765625
321.0,55968.30859375,12443.62890625,59979.82421875,55975.375,73241.421875,44036.359375
321.25,55924.3359375,12432.5654296875,59889.78515625,55906.0703125,73214.3515625,43980.03515625
321.5,55923.20703125,12432.3408203125,59898.96484375,55904.7421875,73212.5390625,43979.40625
321.75,56968.875,11444.4794921875,54975.73046875,56999.05078125,68286.5234375,40030.125
322.0,56943.5078125,11438.2939453125,54973.34765625,56977.4765625,68272.5234375,40026.890625
322.25,56967.8984375,11440.1884765625,54972.77734375,56977.1796875,68270.9765625,40029.56640625
322.5,56968.6640625,11442.705078125,54974.0546875,56977.74609375,68269.203125,40032.73828125
322.75,56970.1640625,11442.4521484375,54973.35546875,56967.5859375,68271.890625,40031.89453125
323.0,56969.67578125,11442.384765625,54973.16015625,56955.9609375,68271.6875,40031.08203125
323.25,56969.65625,11442.5419921875,54973.25,56977.33203125,68236.796875,40030.96875
323.5,56970.58984375,11442.384765625,54953.92578125,56978.0,68273.0625,40031.50390625
323.75,55968.40625,12443.455078125,55972.99609375,56977.3359375,69272.625,39029.39453125
324.0,55968.9296875,12443.693359375,55974.15234375,56977.9765625,69274.125,39030.57421875
324.25,55940.625,12443.6748046875,55974.6640625,56977.9609375,69273.703125,39026.51953125
324.5,55969.76171875,12443.365234375,55974.0,56978.203125,69274.453125,39030.7109375
324.75,55967.484375,12443.8154296875,55974.46484375,56977.71875,69270.421875,39031.96875
325.0,55969.0859375,12443.669921875,55974.515625,56977.984375,69274.328125,39029.8359375
325.25,55968.125,12443.6318359375,55974.515625,56956.01953125,69272.96875,39029.90234375
325.5,55968.390625,12443.5751953125,55974.37109375,56976.9609375,69237.6171875,39030.07421875
325.75,52966.31640625,12443.5126953125,51953.203125,54996.19140625,66287.125,36033.4453125
326.0,52920.48828125,12432.357421875,51911.14453125,54905.26171875,66207.3984375,35981.0234375
326.25,52965.3828125,12443.5712890625,51968.953125,54974.3125,66269.8515625,36026.40625
326.5,52940.76171875,12439.216796875,51969.3359375,54974.875,66270.671875,36024.4921875
326.75,52962.87109375,12441.2001953125,51968.8984375,54974.21484375,66267.8359375,36024.46484375
327.0,52965.765625,12443.4873046875,51969.04296875,54974.7734375,66268.453125,36026.16796875
327.25,52965.49609375,12443.64453125,51969.53515625,54965.85546875,66270.7265625,36026.8671875
327.5,52965.74609375,12443.5595703125,51969.4765625,54977.3203125,66236.875,36026.5
327.75,61980.92578125,14445.7490234375,52969.0546875,63923.8828125,72249.9609375,39013.59375
328.0,61978.71875,14446.0693359375,52951.4921875,63984.63671875,72280.75,39030.4765625
328.25,61927.4453125,14433.138671875,52900.23046875,63904.34375,72210.828125,38980.94921875
328.5,61947.24609375,14446.1630859375,52970.3828125,63986.64453125,72278.0234375,39030.03515625
328.75,61947.58984375,14446.1572265625,52970.671875,63987.00390625,72278.2734375,39025.73046875
329.0,61977.14453125,14443.48046875,52970.53125,63986.9140625,72277.921875,39015.00390625
329.25,61975.16015625,14446.240234375,52970.578125,63986.62890625,72274.8203125,39030.8671875
329.5,61976.90625,14446.0439453125,52970.57421875,63986.66796875,72278.46875,39030.4453125
329.75,65976.4453125,14446.1640625,51970.3203125,68985.9609375,72246.1640625,42037.31640625
330.0,65980.0546875,14446.1162109375,51969.06640625,68969.09375,72272.859375,42033.94140625
330.25,65982.2109375,14446.0703125,51950.65234375,68993.203125,72278.6171875,42033.984375
330.5,65928.7578125,14433.1357421875,51900.5859375,68905.4921875,72209.71875,41980.38671875
330.75,65979.03125,14446.162109375,51968.8984375,68993.2109375,72275.21875,42033.625
331.0,65982.4921875,14443.5712890625,51969.140625,68994.1171875,72278.3125,42017.46875
331.25,65980.625,14443.21484375,51968.67578125,68993.5234375,72277.046875,42017.3203125
331.5,65982.046875,14446.2763671875,51969.34375,68993.9609375,72278.3046875,42033.93359375
331.75,71977.234375,14445.912109375,59991.66015625,73010.0625,85316.359375,49052.31640625
332.0,71988.5703125,14446.1298828125,59979.6015625,72999.15625,85294.7421875,49043.5546875
332.25,71987.6953125,14446.2734375,59979.8515625,72986.5859375,85290.765625,49043.62109375
332.5,71954.546875,14446.19140625,59958.48828125,72997.96875,85294.1171875,49043.4140625
332.75,71987.140625,14446.228515625,59969.265625,73000.46875,85293.75,49042.99609375
333.0,71990.6484375,14446.4013671875,59980.671875,72999.5703125,85295.859375,49043.13671875
333.25,71988.7109375,14441.16015625,59979.8515625,72999.1484375,85294.09375,49038.95703125
333.5,71988.4609375,14446.2529296875,59980.015625,72998.8828125,85294.6953125,49020.09375
333.75,72987.8515625,15448.787109375,64989.3984375,74002.359375,87295.3359375,47042.46875
334.0,72989.953125,15447.42578125,64986.2578125,74000.859375,87297.3203125,47040.5625
334.25,72990.0625,15447.4326171875,64986.12109375,74000.8515625,87253.2578125,47040.24609375
334.5,72988.421875,15447.6083984375,64986.3984375,74000.9921875,87292.6015625,47040.86328125
334.75,72931.40625,15433.7373046875,64910.890625,73878.7421875,87221.7421875,46979.765625
335.0,72986.7421875,15447.533203125,64972.98828125,73998.7890625,87294.1640625,47040.08984375
335.25,72989.9765625,15447.6953125,64987.5546875,73998.359375,87296.140625,47040.1640625
335.5,72989.90625,15442.0517578125,64986.4375,74000.8125,87297.390625,47036.44140625
335.75,71989.921875,15445.078125,70991.9140625,70998.9921875,90308.53125,51026.6015625
336.0,71989.078125,15447.53125,70994.28125,70996.359375,90302.125,51045.71875
336.25,71989.25,15447.572265625,70994.1953125,70996.8359375,90302.4609375,51045.7890625
336.5,71988.6328125,15447.552734375,70994.453125,70996.5,90301.2890625,51046.09765625
336.75,71987.484375,15447.6181640625,70994.46875,70995.8828125,90296.9296875,51045.8671875
337.0,71932.4140625,15433.8291015625,70911.5625,70892.3828125,90227.8828125,50979.390625
337.25,71991.3125,15447.4189453125,70969.5078125,70998.15625,90298.5703125,51045.92578125
337.5,71991.0625,15447.2373046875,70995.171875,70996.296875,90303.4765625,51045.57421875
337.75,62994.31640625,16443.09765625,59966.02734375,62971.6953125,78263.953125,41004.78125
338.0,62976.51953125,16445.341796875,59979.37890625,62986.11328125,78285.8828125,41030.94140625
338.25,62976.828125,16448.560546875,59979.5390625,62985.41015625,78284.6640625,41032.93359375
338.5,62976.8515625,16448.552734375,59979.49609375,62985.421875,78284.7109375,41032.953125
338.75,62977.8359375,16448.64453125,59979.61328125,62975.17578125,78246.3359375,41032.7890625
339.0,62975.19140625,16448.90625,59979.98046875,62983.16015625,78280.2578125,41032.7265625
339.25,62926.25390625,16434.5859375,59889.87109375,62903.01171875,78215.71875,40979.90234375
339.5,62948.46875,16448.810546875,59980.328125,62986.33984375,78287.59375,41033.2109375
339.75,54972.8125,13442.5361328125,51965.5234375,53962.00390625,69258.1015625,39030.69140625
340.0,54965.38671875,13442.27734375,51969.00390625,53973.90234375,69271.671875,39026.5625
340.25,54968.609375,13445.1396484375,51970.01953125,53973.56640625,69275.1328125,39030.671875
340.5,54967.79296875,13444.7109375,51969.47265625,53974.77734375,69273.75,39032.09375
340.75,54967.3984375,13444.892578125,51969.66796875,53953.0234375,69272.8125,39030.29296875
341.0,54967.12890625,13444.9404296875,51969.3046875,53973.18359375,69237.6875,39029.55859375
341.25,54967.69140625,13445.0341796875,51969.74609375,53971.9609375,69273.8359375,39030.04296875
341.5,54921.7890625,13432.7734375,51891.875,53905.1953125,69208.0234375,38981.29296875
341.75,51957.29296875,14446.2666015625,44968.61328125,52984.4375,59259.515625,35028.54296875
342.0,51963.546875,14440.853515625,44960.17578125,52971.875,59259.32421875,35020.91796875
342.25,51961.796875,14445.794921875,44959.9296875,52971.828125,59259.29296875,35023.3828125
342.5,51961.61328125,14446.0810546875,44960.734375,52972.6328125,59258.7578125,35025.63671875
342.75,51963.91796875,14446.2958984375,44960.05859375,52963.08203125,59260.9609375,35025.125
343.0,51962.87109375,14446.13671875,44960.5078125,52973.8828125,59259.3515625,35025.0234375
343.25,51964.3359375,14446.078125,44960.20703125,52972.27734375,59231.19921875,35024.92578125
343.5,51963.23828125,14446.01171875,44953.015625,52971.98046875,59258.21875,35025.00390625
343.75,52914.75390625,13433.013671875,41906.5390625,55905.6484375,65208.86328125,30977.86328125
344.0,52965.140625,13444.7548828125,41956.5,55975.80078125,65268.1484375,31020.81640625
344.25,52961.0546875,13444.9833984375,41957.15625,55975.921875,65267.4921875,31017.056640625
344.5,52940.6328125,13442.6142578125,41956.62109375,55976.06640625,65269.36328125,31018.5078125
344.75,52966.20703125,13445.1591796875,41957.27734375,55976.97265625,65269.0234375,31021.14453125
345.0,52965.22265625,13444.6650390625,41956.4296875,55966.81640625,65268.7109375,31020.462890625
345.25,52963.78515625,13444.8759765625,41956.77734375,55954.9296875,65267.61328125,31019.966796875
345.5,52962.546875,13444.90234375,41956.6953125,55974.28515625,65235.98828125,31019.896484375
345.75,42961.9296875,10440.552734375,27951.849609375,46974.5,52226.62890625,21001.77734375
346.0,42914.453125,10431.36328125,27909.38671875,46906.20703125,52199.0078125,20983.96484375
346.25,42952.58984375,10441.2255859375,27940.400390625,46964.546875,52250.10546875,21006.59375
346.5,42953.03125,10437.3984375,27940.470703125,46964.70703125,52250.6953125,21000.822265625
346.75,42952.90234375,10439.2744140625,27939.921875,46957.01171875,52251.07421875,21009.546875
347.0,42932.921875,10441.42578125,27940.169921875,46948.203125,52249.79296875,21007.541015625
347.25,42951.6640625,10441.14453125,27939.630859375,46962.515625,52249.171875,21007.884765625
347.5,42951.359375,10441.046875,27940.19921875,46965.5859375,52222.4921875,21008.896484375
347.75,28926.759765625,3430.61181640625,8900.9189453125,30897.3125,30221.267578125,11996.1083984375
348.0,28936.166015625,3433.374755859375,8920.2333984375,30944.59765625,30221.134765625,11998.66796875
348.25,28909.482421875,3429.922607421875,8910.7763671875,30908.41015625,30191.298828125,11985.7744140625
348.5,28936.384765625,3432.22021484375,8920.095703125,30932.080078125,30221.5390625,11991.9775390625
348.75,28937.42578125,3433.171142578125,8920.3232421875,30945.265625,30223.482421875,11999.4248046875
349.0,28937.009765625,3433.368896484375,8920.3193359375,30945.404296875,30222.025390625,11998.8603515625
349.25,28936.208984375,3433.48681640625,8920.3642578125,30945.419921875,30221.009765625,11998.47265625
349.5,28934.751953125,3433.416259765625,8920.6640625,30944.57421875,30222.83984375,11998.638671875
349.75,29922.25,5436.12744140625,17942.2734375,32946.54296875,28204.037109375,21006.283203125
350.0,29940.67578125,5435.58740234375,17926.689453125,32947.80078125,28223.72265625,21008.126953125
350.25,29937.361328125,5435.5830078125,17929.787109375,32946.703125,28218.775390625,21008.515625
350.5,29910.54296875,5430.12548828125,17909.880859375,32907.64453125,28191.455078125,20983.3828125
350.75,29937.26171875,5433.4619140625,17929.232421875,32935.82421875,28219.185546875,21008.517578125
351.0,29937.318359375,5435.28955078125,17929.0546875,32945.75,28219.419921875,21006.185546875
351.25,29936.96484375,5435.423828125,17929.677734375,32945.13671875,28219.84765625,21005.982421875
351.5,29938.0078125,5435.560546875,17929.248046875,32947.3125,28220.451171875,21007.47265625
351.75,14931.712890625,4433.70458984375,18923.677734375,21937.326171875,24201.568359375,13991.72265625
352.0,14920.11328125,4434.69189453125,18923.59765625,21933.908203125,24212.78125,14000.96484375
352.25,14917.126953125,4434.2861328125,18931.0703125,21934.66015625,24219.146484375,14001.2685546875
352.5,14921.69921875,4434.48974609375,18930.48046875,21930.791015625,24217.23828125,14000.3818359375
352.75,14906.83203125,4429.86376953125,18909.8671875,21902.287109375,24189.931640625,13985.2470703125
353.0,14923.0908203125,4434.53515625,18930.83984375,21936.435546875,24216.60546875,13999.7294921875
353.25,14921.609375,4433.51513671875,18930.4453125,21934.6953125,24215.740234375,14001.40625
353.5,14921.2587890625,4434.23193359375,18930.65234375,21934.640625,24212.755859375,14002.48046875
353.75,14936.5888671875,9439.5302734375,9910.4287109375,17937.283203125,11191.42578125,12998.9140625
354.0,14921.8486328125,9439.8740234375,9917.572265625,17930.41015625,11202.4287109375,12999.9541015625
354.25,14920.888671875,9439.826171875,9918.9990234375,17930.537109375,11198.310546875,12999.3505859375
354.5,14922.919921875,9439.7041015625,9920.982421875,17928.25390625,11205.7265625,12999.953125
354.75,14915.4658203125,9439.849609375,9921.322265625,17924.140625,11201.7744140625,12999.3447265625
355.0,14909.736328125,9430.9091796875,9910.5361328125,17911.841796875,11192.044921875,12984.884765625
355.25,14921.705078125,9436.3095703125,9921.384765625,17930.37890625,11201.0,12998.5107421875
355.5,14922.0888671875,9438.404296875,9920.90625,17929.43359375,11201.5224609375,12997.6865234375
355.75,2903.079833984375,6435.16796875,-103.12809753417969,1874.369873046875,-7815.47998046875,7990.82373046875
356.0,2910.999755859375,6436.44970703125,-87.7012939453125,1914.3770751953125,-7816.27294921875,7994.48046875
356.25,2910.88232421875,6436.2861328125,-88.75917053222656,1914.35400390625,-7810.091796875,7993.75439453125
356.5,2912.902099609375,6436.67236328125,-86.92888641357422,1917.1507568359375,-7811.98876953125,7994.81640625
356.75,2910.552978515625,6436.447265625,-87.84007263183594,1914.403076171875,-7815.9462890625,7994.51953125
357.0,2911.26171875,6436.5068359375,-87.85599517822266,1914.4188232421875,-7815.50537109375,7994.08740234375
357.25,2909.904052734375,6434.1220703125,-87.7717056274414,1914.4652099609375,-7815.48876953125,7993.79296875
357.5,2912.029296875,6435.43994140625,-88.53577423095703,1913.7508544921875,-7814.20849609375,7991.48388671875
357.75,5917.345703125,8439.572265625,3922.251708984375,7935.412109375,3195.5712890625,1991.3868408203125
358.0,5913.044921875,8438.7255859375,3915.780517578125,7919.61083984375,3192.811279296875,1988.8782958984375
358.25,5913.61328125,8438.828125,3914.515380859375,7919.27685546875,3192.8876953125,1988.492431640625
358.5,5915.2802734375,8438.6513671875,3914.76806640625,7918.41259765625,3196.477294921875,1988.7523193359375
358.75,5912.701171875,8438.6630859375,3915.42138671875,7918.83642578125,3192.55712890625,1989.117431640625
359.0,5913.47705078125,8438.6845703125,3915.759765625,7919.69384765625,3194.642333984375,1988.3292236328125
359.25,5911.5078125,8438.6025390625,3915.378173828125,7919.509765625,3194.75634765625,1989.17041015625
359.5,5914.91259765625,8435.5322265625,3915.68310546875,7920.34423828125,3192.611572265625,1988.9095458984375
359.75,11919.54296875,8437.037109375,9914.236328125,13945.3232421875,10197.7451171875,9998.818359375
360.0,11918.453125,8438.5068359375,9921.33203125,13925.8232421875,10198.4970703125,9997.4091796875
360.25,11919.7529296875,8438.6640625,9921.31640625,13925.8505859375,10202.025390625,9996.818359375
360.5,11918.9501953125,8438.748046875,9921.625,13926.5849609375,10201.21484375,9996.4580078125
360.75,11918.1689453125,8438.779296875,9917.595703125,13925.130859375,10197.4013671875,9996.41015625
361.0,11920.9951171875,8438.6923828125,9922.0380859375,13924.345703125,10204.0751953125,9996.5869140625
361.25,11913.734375,8438.548828125,9921.0517578125,13919.568359375,10200.6669921875,9996.111328125
361.5,11918.6796875,8438.650390625,9921.4248046875,13927.7177734375,10200.283203125,9997.0546875
361.75,16923.7109375,9439.5888671875,6919.6142578125,18936.140625,13202.3515625,6991.4736328125
362.0,16924.1953125,9438.0576171875,6917.8876953125,18930.732421875,13203.75,6991.791015625
362.25,16925.125,9440.0615234375,6918.63671875,18931.95703125,13205.240234375,6992.99072265625
362.5,16924.69921875,9439.9248046875,6918.32421875,18931.185546875,13205.0048828125,6992.6494140625
362.75,16924.07421875,9439.93359375,6918.69580078125,18931.767578125,13204.4248046875,6993.82275390625
363.0,16923.146484375,9439.810546875,6916.548828125,18931.578125,13200.3720703125,6993.0068359375
363.25,16916.68359375,9439.92578125,6919.17431640625,18928.3515625,13203.1484375,6994.37939453125
363.5,16916.484375,9439.9375,6918.1240234375,18924.595703125,13203.4541015625,6993.36669921875
363.75,9913.5283203125,5437.33837890625,-4081.175537109375,8925.982421875,-5798.3798828125,6993.27978515625
364.0,9915.8720703125,5433.31494140625,-4091.451171875,8921.1806640625,-5815.02294921875,6992.97412109375
364.25,9918.9775390625,5435.1484375,-4091.9677734375,8920.9267578125,-5812.56298828125,6991.6806640625
364.5,9917.408203125,5435.36669921875,-4090.8125,8921.9794921875,-5814.06591796875,6995.1796875
364.75,9918.435546875,5435.43115234375,-4090.80419921875,8921.060546875,-5812.97021484375,6993.30224609375
365.0,9917.4287109375,5435.466796875,-4089.483642578125,8921.15625,-5813.79736328125,6993.8955078125
365.25,9916.7890625,5435.5810546875,-4090.461181640625,8920.8134765625,-5816.93212890625,6993.8095703125
365.5,9918.2080078125,5435.6181640625,-4090.455810546875,8920.37890625,-5811.31103515625,6993.39892578125
365.75,5913.34033203125,4434.37646484375,-3089.3896484375,4917.2841796875,-4814.76953125,5994.77685546875
366.0,5914.45458984375,4434.4609375,-3090.347412109375,4918.36865234375,-4811.10546875,5992.66162109375
366.25,5915.01123046875,4433.73291015625,-3090.90966796875,4916.93115234375,-4811.66064453125,5990.58935546875
366.5,5915.37158203125,4434.14013671875,-3091.095947265625,4917.056640625,-4811.55712890625,5989.92578125
366.75,5913.546875,4434.3642578125,-3090.5078125,4917.296875,-4812.5517578125,5992.02734375
367.0,5914.490234375,4434.3876953125,-3089.91796875,4917.16455078125,-4812.25927734375,5992.47412109375
367.25,5913.36474609375,4434.1689453125,-3090.93701171875,4917.4462890625,-4812.841796875,5991.8876953125
367.5,5914.08056640625,4434.51318359375,-3089.671875,4916.001953125,-4809.35595703125,5992.87060546875
367.75,908.5347900390625,4433.76513671875,-2089.115478515625,3915.90869140625,-3814.7744140625,3990.85009765625
368.0,910.32275390625,4434.3583984375,-2089.773193359375,3917.5693359375,-3810.3466796875,3990.71875
368.25,907.8946533203125,4429.8779296875,-2087.1767578125,3911.65185546875,-3808.529296875,3986.35546875
368.5,910.5733032226562,4433.5634765625,-2089.027587890625,3916.56298828125,-3810.573974609375,3992.543701171875
368.75,908.3888549804688,4434.23388671875,-2089.644775390625,3916.93505859375,-3813.28369140625,3992.462890625
369.0,909.8536987304688,4434.328125,-2089.340087890625,3916.39892578125,-3811.48046875,3990.74365234375
369.25,908.5985107421875,4434.43505859375,-2088.494873046875,3916.605224609375,-3812.426513671875,3989.97412109375
369.5,909.3263549804688,4434.23876953125,-2090.2919921875,3914.747802734375,-3809.208251953125,3990.529541015625
369.75,11921.837890625,6436.71240234375,1916.1878662109375,13909.5693359375,1192.6395263671875,8988.455078125
370.0,11918.5556640625,6436.61328125,1914.014892578125,13924.0283203125,1190.4664306640625,8995.0380859375
370.25,11911.7666015625,6436.3662109375,1913.70654296875,13925.669921875,1193.764404296875,8995.296875
370.5,11905.5556640625,6430.1865234375,1911.5753173828125,13910.30078125,1189.783935546875,8984.666015625
370.75,11918.7392578125,6435.11962890625,1913.086181640625,13925.9951171875,1191.84521484375,8992.666015625
371.0,11919.34765625,6436.78662109375,1914.25537109375,13926.7587890625,1192.175048828125,8996.1640625
371.25,11919.626953125,6436.373046875,1913.7542724609375,13925.701171875,1193.2353515625,8995.5888671875
371.5,11919.3037109375,6436.60400390625,1914.1673583984375,13925.9716796875,1192.2384033203125,8995.3408203125
371.75,13921.8408203125,3433.58203125,7919.67626953125,18928.595703125,10203.1572265625,13997.9775390625
372.0,13920.3017578125,3433.58349609375,7920.18603515625,18930.19140625,10197.431640625,14000.54296875
372.25,13919.7744140625,3433.48828125,7919.23046875,18922.6484375,10199.232421875,13999.8017578125
372.5,13923.681640625,3433.3369140625,7919.458984375,18933.31640625,10199.0546875,14000.662109375
372.75,13907.2529296875,3430.076416015625,7911.44384765625,18907.505859375,10188.88671875,13982.7177734375
373.0,13921.6669921875,3432.855224609375,7918.87646484375,18932.4140625,10202.29296875,13996.0732421875
373.25,13921.3896484375,3433.543701171875,7919.65869140625,18931.603515625,10200.7626953125,14001.486328125
373.5,13920.9111328125,3433.390380859375,7919.40576171875,18931.041015625,10199.8173828125,14000.5615234375
373.75,24929.689453125,8438.76171875,16927.265625,23945.193359375,20206.55859375,22016.212890625
374.0,24932.138671875,8438.806640625,16928.55078125,23936.671875,20211.228515625,22009.58984375
374.25,24920.392578125,8438.71484375,16927.455078125,23935.63671875,20208.28125,22009.453125
374.5,24923.015625,8438.7880859375,16927.458984375,23936.98828125,20214.513671875,22009.099609375
374.75,24933.845703125,8438.5068359375,16927.724609375,23932.521484375,20211.451171875,22009.416015625
375.0,24908.482421875,8430.62109375,16909.88671875,23898.5234375,20189.642578125,21983.8671875
375.25,24933.328125,8435.685546875,16928.453125,23934.904296875,20211.625,22007.099609375
375.5,24932.33203125,8438.5458984375,16927.990234375,23936.52734375,20211.5546875,22007.7109375
375.75,51970.484375,15446.1484375,44966.04296875,51903.39453125,51234.2265625,34993.97265625
376.0,51962.6640625,15447.212890625,44959.8125,51961.88671875,51248.734375,35025.5
376.25,51964.37890625,15447.423828125,44960.75,51972.2265625,51249.89453125,35025.3515625
376.5,51964.48828125,15447.1826171875,44960.29296875,51972.01171875,51224.68359375,35025.08203125
376.75,51966.08203125,15447.515625,44960.5,51971.87109375,51253.05859375,35024.85546875
377.0,51963.77734375,15447.2783203125,44951.75,51970.2265625,51248.62890625,35025.01171875
377.25,51920.796875,15433.552734375,44909.23046875,51905.859375,51199.4453125,34981.328125
377.5,51963.484375,15447.251953125,44960.10546875,51970.6015625,51248.734375,35024.67578125
377.75,75011.3359375,18452.21484375,74000.9453125,75933.5703125,90289.0625,53033.46484375
378.0,74993.828125,18445.03515625,73999.3828125,76004.484375,90303.2265625,53043.48046875
378.25,74991.9296875,18447.943359375,73997.953125,76003.2578125,90302.0390625,53046.8203125
378.5,74993.3828125,18451.490234375,73998.8125,76004.1640625,90302.328125,53048.8984375
378.75,74992.1796875,18451.16796875,73998.234375,76003.125,90300.90625,53048.6953125
379.0,74992.828125,18451.28515625,73998.3671875,76004.40625,90255.84375,53048.57421875
379.25,74986.4921875,18451.345703125,73998.40625,76002.6171875,90296.8828125,53048.6640625
379.5,74902.53125,18435.720703125,73911.34375,75891.4609375,90225.75,52978.1015625
379.75,87006.0390625,20454.146484375,83987.2421875,85011.796875,99320.9921875,67076.421875
380.0,87009.0703125,20454.1328125,83983.40625,84986.46875,99313.8125,67068.6015625
380.25,87006.59375,20446.990234375,84012.3984375,85013.4375,99311.875,67067.3984375
380.5,87006.6875,20449.8046875,84012.0234375,85016.5078125,99311.9140625,67061.375
380.75,87007.71875,20454.013671875,84011.890625,85015.4921875,99313.109375,67067.6953125
381.0,87008.3828125,20454.015625,84012.2734375,85015.84375,99314.0546875,67068.4921875
381.25,87003.1171875,20453.9921875,84012.140625,85015.96875,99313.734375,67067.90625
381.5,86967.7578125,20454.009765625,84012.0625,85017.359375,99263.09375,67068.1171875
381.75,91958.59375,21436.982421875,90910.4453125,90887.8828125,106237.5703125,70970.015625
382.0,92014.5859375,21455.228515625,91021.71875,91023.9921875,106321.5703125,71073.953125
382.25,92014.6640625,21455.345703125,91021.875,91024.328125,106322.9375,71073.6015625
382.5,92013.890625,21455.375,91004.203125,91007.7265625,106322.1796875,71073.6484375
382.75,92015.3125,21451.009765625,91022.15625,91026.1015625,106321.5,71067.375
383.0,92014.34375,21455.1171875,91021.453125,91023.25,106320.9453125,71043.71875
383.25,92010.7578125,21455.3671875,91021.2421875,91025.4765625,106324.5703125,71074.453125
383.5,91971.0,21455.283203125,91021.671875,91024.8359375,106324.390625,71073.2421875
383.75,106033.421875,26462.5546875,94027.9609375,106061.65625,120271.515625,70073.1171875
384.0,105966.0703125,26440.6796875,93909.78125,105902.1015625,120246.1875,69973.484375
384.25,106032.40625,26461.7734375,94025.734375,106044.8984375,120339.078125,70072.6484375
384.5,106031.6640625,26461.962890625,94025.8671875,106044.6171875,120339.421875,70072.1484375
384.75,106031.8984375,26461.99609375,94007.3984375,106044.6484375,120339.0234375,70072.375
385.0,106032.5390625,26453.134765625,94026.1953125,106045.5625,120340.0546875,70066.421875
385.25,106027.03125,26456.556640625,94025.65625,106025.9765625,120341.40625,70043.234375
385.5,106029.5859375,26462.05078125,94026.0859375,106042.9375,120337.1640625,70072.5703125
385.75,111039.421875,26461.11328125,100036.4453125,114997.78125,133346.671875,72073.9765625
386.0,111040.875,26461.955078125,100033.6953125,115055.953125,133289.5,72074.7421875
386.25,111040.7734375,26462.21484375,100034.3046875,115057.4453125,133358.03125,72075.765625
386.5,111037.875,26462.123046875,100034.140625,115056.90625,133353.1875,72075.2890625
386.75,111039.234375,26461.951171875,100033.984375,115057.359375,133355.46875,72075.5546875
387.0,111033.25,26461.931640625,100012.6875,115057.4375,133355.515625,72075.28125
387.25,110981.8984375,26456.38671875,100034.1953125,115057.8515625,133357.96875,72042.9375
387.5,111039.109375,26461.6875,100032.7265625,115055.7265625,133353.46875,72073.265625
387.75,120047.484375,24459.802734375,107046.625,121078.9375,146378.953125,83090.421875
388.0,120049.421875,24459.29296875,107043.28125,121064.5,146370.15625,83090.9765625
388.25,119981.734375,24439.5625,106907.78125,120879.953125,146276.21875,82969.03125
388.5,120046.453125,24459.458984375,107043.546875,121062.1796875,146361.265625,83090.8125
388.75,120051.6953125,24459.576171875,107043.6015625,121064.28125,146372.046875,83090.7265625
389.0,120048.2734375,24459.56640625,107043.84375,121065.875,146366.78125,83090.609375
389.25,119989.890625,24459.4453125,107043.7890625,121066.25,146371.109375,83091.3828125
389.5,120050.34375,24459.546875,107008.0703125,121064.9765625,146366.390625,83083.0703125
389.75,121050.96875,22456.291015625,107044.3125,120061.15625,144367.296875,85094.3828125
390.0,121050.4765625,22456.927734375,107043.21875,120063.078125,144364.375,85093.7265625
390.25,121050.390625,22456.87890625,107043.296875,120063.8515625,144366.328125,85093.7265625
390.5,121050.8046875,22456.828125,107043.578125,120042.09375,144367.109375,85094.1640625
390.75,121050.2578125,22456.71875,107043.4921875,120063.546875,144292.6875,85093.5546875
391.0,121051.0546875,22456.619140625,107043.734375,120061.4375,144367.015625,85093.59375
391.25,121045.0,22456.63671875,107043.4296875,120063.234375,144366.40625,85094.0234375
391.5,121046.2421875,22456.861328125,107043.9453125,120063.734375,144366.15625,85094.25
391.75,116043.5859375,24454.603515625,107041.1953125,115049.515625,137351.984375,81078.9921875
392.0,116045.53125,24459.626953125,107044.0703125,115057.3359375,137361.703125,81086.2109375
392.25,116045.0546875,24459.462890625,107043.359375,115056.9296875,137360.1875,81087.734375
392.5,116044.859375,24459.580078125,107043.75,115014.90625,137359.015625,81087.953125
392.75,116043.265625,24459.55078125,107043.34375,115055.5078125,137353.984375,81087.4609375
393.0,116047.046875,24459.212890625,107043.21875,115057.5390625,137362.8125,81088.140625
393.25,116044.2265625,24459.365234375,107043.5078125,115057.1484375,137359.53125,81087.765625
393.5,116040.1953125,24459.431640625,107008.046875,115057.4296875,137360.453125,81088.2578125
393.75,106024.5390625,24451.177734375,98032.2421875,107051.875,130352.1640625,72069.96875
394.0,106027.2265625,24454.29296875,98031.5703125,107046.640625,130351.5859375,72043.2578125
394.25,106033.9921875,24459.427734375,98031.171875,107009.75,130352.6796875,72076.0234375
394.5,106032.9140625,24459.416015625,98031.8671875,107047.5859375,130352.3046875,72075.796875
394.75,106033.171875,24459.3515625,98031.46875,107047.8828125,130285.09375,72075.5390625
395.0,106029.703125,24459.349609375,98030.8828125,107045.109375,130344.28125,72075.203125
395.25,106031.90625,24459.208984375,98031.171875,107045.875,130350.359375,72075.5625
395.5,106031.3203125,24459.478515625,98031.2265625,107046.0078125,130350.9296875,72074.8984375
395.75,106030.90625,26461.890625,97011.1328125,110050.8359375,127347.53125,73077.0078125
396.0,106026.90625,26456.326171875,97029.5546875,110030.34375,127349.8515625,73043.7109375
396.25,105981.984375,26462.095703125,97030.1171875,110032.2421875,127351.8515625,73077.1328125
396.5,105978.65625,26462.138671875,97030.3125,110010.8984375,127348.0,73076.90625
396.75,106032.4765625,26462.095703125,97030.0546875,110049.3046875,127348.2265625,73076.234375
397.0,106033.4921875,26461.814453125,97029.84375,110052.765625,127285.265625,73077.015625
397.25,106033.3984375,26462.126953125,97030.015625,110049.9296875,127349.75,73076.7734375
397.5,106032.3359375,26462.125,97029.8125,110050.328125,127347.3046875,73076.9375
397.75,100025.859375,24459.193359375,97029.9765625,106045.6015625,130351.671875,65067.25
398.0,100024.4765625,24459.39453125,97010.7734375,106045.0390625,130351.2109375,65065.42578125
398.25,100019.3828125,24450.923828125,97028.84375,106045.046875,130352.34375,65038.51953125
398.5,99976.7421875,24459.4609375,97030.171875,106024.9921875,130351.78125,65063.42578125
398.75,100024.9609375,24459.453125,97030.625,106046.203125,130352.2265625,65065.94140625
399.0,100024.5,24459.52734375,97030.015625,106043.8046875,130350.15625,65064.890625
399.25,100023.578125,24459.427734375,97029.75,106044.5390625,130346.7109375,65065.39453125
399.5,100026.0,24459.169921875,97029.609375,106044.7265625,130353.125,65065.53515625
399.75,92011.203125,27463.33984375,80984.015625,98036.5078125,107331.0390625,59056.26171875
400.0,92015.3515625,27463.34375,80980.4453125,98033.546875,107323.984375,59056.7109375
400.25,92014.3046875,27463.197265625,81008.5703125,98000.1484375,107323.53125,59051.28515625
400.5,92013.4921875,27454.158203125,81007.890625,98032.5703125,107323.078125,59032.5703125
400.75,92013.890625,27463.30078125,81007.8828125,98034.4609375,107322.3828125,59056.4296875
401.0,92009.3203125,27463.185546875,81008.0,98033.828125,107323.7109375,59057.26953125
401.25,92010.640625,27463.181640625,81007.53125,98032.734375,107316.015625,59056.80078125
401.5,91952.890625,27441.1640625,80910.546875,97903.0703125,107238.6953125,58977.18359375
401.75,82003.171875,24459.05859375,76975.109375,85998.9453125,97309.7734375,54049.98046875
402.0,82000.28125,24459.259765625,76976.046875,85984.9609375,97310.515625,54049.69921875
402.25,82001.8125,24459.263671875,77003.203125,86017.2890625,97311.6015625,54044.53125
402.5,82002.5,24451.04296875,77002.2734375,86018.4296875,97312.828125,54028.00390625
402.75,82002.3828125,24454.15625,77002.578125,86018.0625,97308.8125,54050.66015625
403.0,82001.6015625,24459.341796875,77002.3203125,86017.2578125,97311.3203125,54049.53125
403.25,82002.1015625,24459.25390625,77002.3203125,86018.359375,97261.6640625,54050.265625
403.5,81964.5,24459.044921875,77002.4453125,86017.46875,97313.984375,54049.828125
403.75,0.0,0.0,0.0,0.0,0.0,0.0
404.0,0.0,0.0,0.0,0.0,0.0,0.0
404.25,0.0,0.0,0.0,0.0,0.0,0.0
404.5,0.0,0.0,0.0,0.0,0.0,0.0
404.75,0.0,0.0,0.0,0.0,0.0,0.0
405.0,0.0,0.0,0.0,0.0,0.0,0.0
405.25,0.0,0.0,0.0,0.0,0.0,0.0
405.5,0.0,0.0,0.0,0.0,0.0,0.0
405.75,0.0,0.0,0.0,0.0,0.0,0.0
406.0,0.0,0.0,0.0,0.0,0.0,0.0
406.25,0.0,0.0,0.0,0.0,0.0,0.0
406.5,0.0,0.0,0.0,0.0,0.0,0.0
406.75,0.0,0.0,0.0,0.0,0.0,0.0
407.0,0.0,0.0,0.0,0.0,0.0,0.0
407.25,0.0,0.0,0.0,0.0,0.0,0.0
407.5,0.0,0.0,0.0,0.0,0.0,0.0
407.75,0.0,0.0,0.0,0.0,0.0,0.0
408.0,0.0,0.0,0.0,0.0,0.0,0.0
408.25,0.0,0.0,0.0,0.0,0.0,0.0
408.5,0.0,0.0,0.0,0.0,0.0,0.0
408.75,0.0,0.0,0.0,0.0,0.0,0.0
409.0,0.0,0.0,0.0,0.0,0.0,0.0
409.25,0.0,0.0,0.0,0.0,0.0,0.0
409.5,0.0,0.0,0.0,0.0,0.0,0.0
409.75,0.0,0.0,0.0,0.0,0.0,0.0
410.0,0.0,0.0,0.0,0.0,0.0,0.0
410.25,0.0,0.0,0.0,0.0,0.0,0.0
410.5,0.0,0.0,0.0,0.0,0.0,0.0
410.75,0.0,0.0,0.0,0.0,0.0,0.0
411.0,0.0,0.0,0.0,0.0,0.0,0.0
411.25,0.0,0.0,0.0,0.0,0.0,0.0
411.5,0.0,0.0,0.0,0.0,0.0,0.0
411.75,0.0,0.0,0.0,0.0,0.0,0.0
412.0,0.0,0.0,0.0,0.0,0.0,0.0
412.25,0.0,0.0,0.0,0.0,0.0,0.0
412.5,0.0,0.0,0.0,0.0,0.0,0.0
412.75,0.0,0.0,0.0,0.0,0.0,0.0
413.0,0.0,0.0,0.0,0.0,0.0,0.0
413.25,0.0,0.0,0.0,0.0,0.0,0.0
413.5,0.0,0.0,0.0,0.0,0.0,0.0
413.75,0.0,0.0,0.0,0.0,0.0,0.0
414.0,0.0,0.0,0.0,0.0,0.0,0.0
414.25,0.0,0.0,0.0,0.0,0.0,0.0
414.5,0.0,0.0,0.0,0.0,0.0,0.0
414.75,0.0,0.0,0.0,0.0,0.0,0.0
415.0,0.0,0.0,0.0,0.0,0.0,0.0
415.25,0.0,0.0,0.0,0.0,0.0,0.0
415.5,0.0,0.0,0.0,0.0,0.0,0.0
415.75,0.0,0.0,0.0,0.0,0.0,0.0
416.0,0.0,0.0,0.0,0.0,0.0,0.0
416.25,0.0,0.0,0.0,0.0,0.0,0.0
416.5,0.0,0.0,0.0,0.0,0.0,0.0
416.75,0.0,0.0,0.0,0.0,0.0,0.0
417.0,0.0,0.0,0.0,0.0,0.0,0.0
417.25,0.0,0.0,0.0,0.0,0.0,0.0
417.5,0.0,0.0,0.0,0.0,0.0,0.0
417.75,0.0,0.0,0.0,0.0,0.0,0.0
418.0,0.0,0.0,0.0,0.0,0.0,0.0
418.25,0.0,0.0,0.0,0.0,0.0,0.0
418.5,0.0,0.0,0.0,0.0,0.0,0.0
418.75,0.0,0.0,0.0,0.0,0.0,0.0
419.0,0.0,0.0,0.0,0.0,0.0,0.0
419.25,0.0,0.0,0.0,0.0,0.0,0.0
419.5,0.0,0.0,0.0,0.0,0.0,0.0
419.75,0.0,0.0,0.0,0.0,0.0,0.0
420.0,0.0,0.0,0.0,0.0,0.0,0.0
420.25,0.0,0.0,0.0,0.0,0.0,0.0
420.5,0.0,0.0,0.0,0.0,0.0,0.0
420.75,0.0,0.0,0.0,0.0,0.0,0.0
421.0,0.0,0.0,0.0,0.0,0.0,0.0
421.25,0.0,0.0,0.0,0.0,0.0,0.0
421.5,0.0,0.0,0.0,0.0,0.0,0.0
421.75,0.0,0.0,0.0,0.0,0.0,0.0
422.0,0.0,0.0,0.0,0.0,0.0,0.0
422.25,0.0,0.0,0.0,0.0,0.0,0.0
422.5,0.0,0.0,0.0,0.0,0.0,0.0
422.75,0.0,0.0,0.0,0.0,0.0,0.0
423.0,0.0,0.0,0.0,0.0,0.0,0.0
423.25,0.0,0.0,0.0,0.0,0.0,0.0
423.5,0.0,0.0,0.0,0.0,0.0,0.0
423.75,0.0,0.0,0.0,0.0,0.0,0.0
424.0,0.0,0.0,0.0,0.0,0.0,0.0
424.25,0.0,0.0,0.0,0.0,0.0,0.0
424.5,0.0,0.0,0.0,0.0,0.0,0.0
424.75,0.0,0.0,0.0,0.0,0.0,0.0
425.0,0.0,0.0,0.0,0.0,0.0,0.0
425.25,0.0,0.0,0.0,0.0,0.0,0.0
425.5,0.0,0.0,0.0,0.0,0.0,0.0
425.75,0.0,0.0,0.0,0.0,0.0,0.0
426.0,0.0,0.0,0.0,0.0,0.0,0.0
426.25,0.0,0.0,0.0,0.0,0.0,0.0
426.5,0.0,0.0,0.0,0.0,0.0,0.0
426.75,0.0,0.0,0.0,0.0,0.0,0.0
427.0,0.0,0.0,0.0,0.0,0.0,0.0
427.25,0.0,0.0,0.0,0.0,0.0,0.0
427.5,0.0,0.0,0.0,0.0,0.0,0.0
427.75,0.0,0.0,0.0,0.0,0.0,0.0
428.0,0.0,0.0,0.0,0.0,0.0,0.0
428.25,0.0,0.0,0.0,0.0,0.0,0.0
428.5,0.0,0.0,0.0,0.0,0.0,0.0
428.75,0.0,0.0,0.0,0.0,0.0,0.0
429.0,0.0,0.0,0.0,0.0,0.0,0.0
429.25,0.0,0.0,0.0,0.0,0.0,0.0
429.5,0.0,0.0,0.0,0.0,0.0,0.0
429.75,0.0,0.0,0.0,0.0,0.0,0.0
430.0,0.0,0.0,0.0,0.0,0.0,0.0
430.25,0.0,0.0,0.0,0.0,0.0,0.0
430.5,0.0,0.0,0.0,0.0,0.0,0.0
430.75,0.0,0.0,0.0,0.0,0.0,0.0
431.0,0.0,0.0,0.0,0.0,0.0,0.0
431.25,0.0,0.0,0.0,0.0,0.0,0.0
431.5,0.0,0.0,0.0,0.0,0.0,0.0
431.75,0.0,0.0,0.0,0.0,0.0,0.0
432.0,0.0,0.0,0.0,0.0,0.0,0.0
432.25,0.0,0.0,0.0,0.0,0.0,0.0
432.5,0.0,0.0,0.0,0.0,0.0,0.0
432.75,0.0,0.0,0.0,0.0,0.0,0.0
433.0,0.0,0.0,0.0,0.0,0.0,0.0
433.25,0.0,0.0,0.0,0.0,0.0,0.0
433.5,0.0,0.0,0.0,0.0,0.0,0.0
433.75,0.0,0.0,0.0,0.0,0.0,0.0
434.0,0.0,0.0,0.0,0.0,0.0,0.0
434.25,0.0,0.0,0.0,0.0,0.0,0.0
434.5,0.0,0.0,0.0,0.0,0.0,0.0
434.75,0.0,0.0,0.0,0.0,0.0,0.0
435.0,0.0,0.0,0.0,0.0,0.0,0.0
435.25,0.0,0.0,0.0,0.0,0.0,0.0
435.5,0.0,0.0,0.0,0.0,0.0,0.0
435.75,0.0,0.0,0.0,0.0,0.0,0.0
436.0,0.0,0.0,0.0,0.0,0.0,0.0
436.25,0.0,0.0,0.0,0.0,0.0,0.0
436.5,0.0,0.0,0.0,0.0,0.0,0.0
436.75,0.0,0.0,0.0,0.0,0.0,0.0
437.0,0.0,0.0,0.0,0.0,0.0,0.0
437.25,0.0,0.0,0.0,0.0,0.0,0.0
437.5,0.0,0.0,0.0,0.0,0.0,0.0
437.75,0.0,0.0,0.0,0.0,0.0,0.0
438.0,0.0,0.0,0.0,0.0,0.0,0.0
438.25,0.0,0.0,0.0,0.0,0.0,0.0
438.5,0.0,0.0,0.0,0.0,0.0,0.0
438.75,0.0,0.0,0.0,0.0,0.0,0.0
439.0,0.0,0.0,0.0,0.0,0.0,0.0
439.25,0.0,0.0,0.0,0.0,0.0,0.0
439.5,0.0,0.0,0.0,0.0,0.0,0.0
439.75,0.0,0.0,0.0,0.0,0.0,0.0
440.0,0.0,0.0,0.0,0.0,0.0,0.0
440.25,0.0,0.0,0.0,0.0,0.0,0.0
440.5,0.0,0.0,0.0,0.0,0.0,0.0
440.75,0.0,0.0,0.0,0.0,0.0,0.0
441.0,0.0,0.0,0.0,0.0,0.0,0.0
441.25,0.0,0.0,0.0,0.0,0.0,0.0
441.5,0.0,0.0,0.0,0.0,0.0,0.0
441.75,0.0,0.0,0.0,0.0,0.0,0.0
442.0,0.0,0.0,0.0,0.0,0.0,0.0
442.25,0.0,0.0,0.0,0.0,0.0,0.0
442.5,0.0,0.0,0.0,0.0,0.0,0.0
442.75,0.0,0.0,0.0,0.0,0.0,0.0
443.0,0.0,0.0,0.0,0.0,0.0,0.0
443.25,0.0,0.0,0.0,0.0,0.0,0.0
